5000 0 0 1
3326 1296 18
1296 885 11
885 367 15
367 4095 15
4095 273 18
273 4017 5
4017 4646 17
4646 2750 16
2750 3668 19
3668 783 8
783 833 2
833 4332 11
4332 3806 11
3806 2682 5
2682 4050 10
4050 1317 3
1317 1925 4
1925 562 4
562 692 13
692 3298 2
3298 3938 10
3938 539 16
539 1537 17
1537 3141 12
3141 1149 13
1149 2538 8
2538 1742 20
1742 3805 11
3805 343 5
343 1803 4
1803 3087 19
3087 2967 1
2967 2170 9
2170 4247 8
4247 1409 5
1409 4615 5
4615 2135 17
2135 3503 8
3503 4848 16
4848 2303 19
2303 1854 4
1854 2005 1
2005 3687 16
3687 3970 11
3970 2537 3
2537 2683 15
2683 4433 9
4433 2245 9
2245 596 19
596 29 11
29 2273 5
2273 3308 14
3308 1069 6
1069 3617 4
3617 3336 18
3336 1058 6
1058 1022 9
1022 4054 11
4054 4161 16
4161 587 2
587 1327 11
1327 342 7
342 112 7
112 401 4
401 2266 13
2266 1893 8
1893 778 20
778 2239 5
2239 1798 16
1798 1531 5
1531 4462 20
4462 3648 14
3648 749 5
749 760 7
760 425 14
425 2133 6
2133 1542 9
1542 3872 9
3872 3708 15
3708 4821 8
4821 2998 14
2998 2278 20
2278 2268 17
2268 826 14
826 1624 1
1624 3451 11
3451 4026 11
4026 2563 19
2563 1599 5
1599 219 19
219 3285 4
3285 4602 9
4602 2359 3
2359 2136 14
2136 1111 2
1111 1334 2
1334 1207 17
1207 1390 2
1390 2142 18
2142 1394 1
1394 4815 13
4815 4627 16
4627 2240 10
2240 3338 6
3338 4442 15
4442 1021 1
1021 2686 5
2686 803 10
803 2611 3
2611 100 9
100 884 9
884 2977 13
2977 4536 4
4536 2916 8
2916 236 4
236 261 14
261 12 15
12 4260 20
4260 2326 17
2326 3422 20
3422 4657 19
4657 1689 9
1689 2437 19
2437 1381 10
1381 38 16
38 3292 4
3292 1148 16
1148 664 13
664 4131 6
4131 1943 9
1943 4539 6
4539 3468 1
3468 2164 3
2164 697 9
697 3635 5
3635 79 2
79 614 19
614 412 11
412 3499 2
3499 3638 6
3638 1433 13
1433 1091 3
1091 2137 9
2137 1891 4
1891 3880 9
3880 4521 12
4521 1395 4
1395 1770 11
1770 1937 13
1937 1617 11
1617 3150 4
3150 1729 1
1729 3002 14
3002 4362 10
4362 1497 12
1497 2872 5
2872 1237 2
1237 4601 5
4601 285 10
285 912 15
912 313 6
313 615 15
615 3794 19
3794 4063 9
4063 3473 13
3473 2969 8
2969 1048 18
1048 2991 8
2991 4636 11
4636 2270 11
2270 590 13
590 1414 16
1414 4908 13
4908 3971 19
3971 2930 3
2930 3724 20
3724 2413 3
2413 3506 13
3506 4031 8
4031 740 13
740 1015 6
1015 3500 12
3500 683 15
683 1544 18
1544 1318 1
1318 4812 9
4812 2549 18
2549 4217 1
4217 863 3
863 132 13
132 1856 13
1856 3530 14
3530 3123 11
3123 3670 14
3670 1451 14
1451 3486 15
3486 1524 8
1524 2337 15
2337 2580 6
2580 4940 14
4940 2087 6
2087 272 9
272 3411 13
3411 2952 20
2952 931 17
931 202 15
202 78 8
78 3003 8
3003 700 2
700 2399 17
2399 1170 14
1170 2881 5
2881 2694 7
2694 1232 12
1232 893 14
893 1316 10
1316 3355 11
3355 511 1
511 4328 17
4328 3979 20
3979 1534 17
1534 1068 7
1068 3480 17
3480 3037 7
3037 1585 8
1585 763 8
763 4518 5
4518 4700 3
4700 2671 3
2671 4983 2
4983 3094 5
3094 3714 7
3714 906 2
906 651 2
651 1879 17
1879 327 15
327 55 9
55 3166 1
3166 3780 2
3780 3361 11
3361 842 16
842 848 10
848 415 15
415 4214 14
4214 640 1
640 2956 17
2956 3289 14
3289 2838 15
2838 4901 6
4901 3255 16
3255 824 5
824 2735 15
2735 4714 9
4714 684 17
684 2115 5
2115 1044 11
1044 2217 8
2217 2867 3
2867 1313 3
1313 3990 10
3990 2703 15
2703 3693 15
3693 2903 10
2903 3433 2
3433 3761 18
3761 3484 4
3484 3576 6
3576 2314 5
2314 907 3
907 868 8
868 1418 9
1418 2791 11
2791 1532 13
1532 168 14
168 2254 4
2254 4500 18
4500 2739 10
2739 4147 7
4147 2333 9
2333 114 16
114 960 1
960 1098 6
1098 1838 15
1838 4590 1
4590 148 14
148 1073 5
1073 214 1
214 4291 8
4291 1384 18
1384 1614 13
1614 1839 13
1839 2536 5
2536 1663 6
1663 2856 2
2856 3991 9
3991 867 5
867 1577 10
1577 4352 14
4352 3555 20
3555 2296 14
2296 3458 13
3458 2391 13
2391 4578 6
4578 2951 15
2951 1439 10
1439 1922 20
1922 795 18
795 2917 2
2917 839 20
839 1843 12
1843 4699 18
4699 4078 16
4078 2192 9
2192 1714 1
1714 4745 16
4745 1482 8
1482 3951 8
3951 2414 15
2414 2632 15
2632 2215 19
2215 3174 12
3174 4348 19
4348 2129 7
2129 2025 11
2025 4347 12
4347 585 8
585 464 7
464 2848 17
2848 3678 13
3678 2021 19
2021 3933 17
3933 2341 11
2341 3118 18
3118 4091 8
4091 2394 15
2394 2817 9
2817 1674 6
1674 61 17
61 1321 10
1321 3076 3
3076 2097 15
2097 3685 15
3685 2073 8
2073 13 12
13 146 2
146 4203 7
4203 145 1
145 2751 9
2751 951 18
951 2513 15
2513 323 19
323 1725 7
1725 1358 6
1358 2711 19
2711 4202 20
4202 2794 4
2794 4805 1
4805 1994 8
1994 2797 1
2797 2702 13
2702 3012 17
3012 2806 4
2806 1733 20
1733 872 8
872 4672 11
4672 2577 2
2577 4791 12
4791 4491 19
4491 4593 14
4593 2168 17
2168 2465 13
2465 3712 3
3712 4243 15
4243 870 6
870 4232 13
4232 2267 6
2267 2336 16
2336 718 3
718 338 12
338 1996 16
1996 2429 13
2429 207 9
207 1721 12
1721 1734 19
1734 3029 15
3029 1324 13
1324 4220 18
4220 1600 12
1600 305 9
305 3203 17
3203 723 9
723 2944 14
2944 2879 3
2879 1262 10
1262 4553 10
4553 2545 17
2545 2059 1
2059 2585 5
2585 2899 2
2899 2801 1
2801 4 13
4 836 4
836 2492 12
2492 2864 19
2864 3011 5
3011 359 16
359 1247 16
1247 2716 7
2716 1948 1
1948 4751 13
4751 3634 7
3634 2153 7
2153 829 8
829 1304 9
1304 1581 14
1581 1217 19
1217 453 18
453 2023 15
2023 3428 7
3428 144 7
144 2568 7
2568 4060 9
4060 4897 20
4897 904 12
904 4381 16
4381 3472 20
3472 1344 20
1344 1037 1
1037 1264 15
1264 2736 8
2736 4132 8
4132 2048 19
2048 1458 9
1458 968 2
968 1255 19
1255 387 14
387 3680 17
3680 1938 17
1938 4624 12
4624 3586 5
3586 3149 10
3149 1522 7
1522 2573 15
2573 1590 9
1590 4173 11
4173 1466 6
1466 30 6
30 996 17
996 4279 4
4279 3207 3
3207 2272 18
2272 1855 8
1855 899 4
899 4664 13
4664 4248 17
4248 1679 5
1679 2705 19
2705 1507 20
1507 1558 18
1558 3091 20
3091 3781 16
3781 1801 8
1801 238 13
238 4401 6
4401 3512 2
3512 594 2
594 2410 9
2410 3117 10
3117 3625 3
3625 2504 13
2504 1520 1
1520 4660 14
4660 4210 16
4210 2888 19
2888 4216 14
4216 3317 15
3317 2225 19
2225 3156 3
3156 1769 15
1769 4872 11
4872 1212 8
1212 1521 20
1521 420 1
420 2814 1
2814 3075 1
3075 92 2
92 1565 12
1565 153 12
153 3358 20
3358 1040 12
1040 1775 11
1775 3632 12
3632 2318 18
2318 2945 6
2945 4927 15
4927 3819 18
3819 3653 12
3653 2714 16
2714 4452 10
4452 3520 2
3520 642 1
642 1440 15
1440 2880 9
2880 3483 13
3483 977 17
977 490 9
490 2768 12
2768 3234 3
3234 1088 11
1088 4205 14
4205 2106 2
2106 3944 2
3944 3585 14
3585 3264 15
3264 2203 13
2203 1716 1
1716 4548 6
4548 2476 15
2476 1016 9
1016 1704 18
1704 1112 8
1112 3396 10
3396 1010 14
1010 2323 9
2323 2187 19
2187 4863 5
4863 667 2
667 1675 8
1675 4560 11
4560 1361 20
1361 527 3
527 701 6
701 3578 9
3578 1259 6
1259 4710 8
4710 3782 3
3782 950 8
950 4640 17
4640 2498 8
2498 4888 14
4888 3498 13
3498 4722 18
4722 634 2
634 908 2
908 98 11
98 1530 9
1530 1796 13
1796 522 9
522 2776 16
2776 3243 8
3243 4740 10
4740 2426 4
2426 3592 18
3592 2616 5
2616 4204 6
4204 1926 10
1926 2484 9
2484 2174 14
2174 898 7
898 1223 11
1223 3854 8
3854 446 14
446 3701 2
3701 2946 6
2946 5000 6
5000 3125 9
3125 1293 9
1293 2601 16
2601 44 9
44 963 19
963 3365 19
3365 926 19
926 3767 7
3767 1403 3
1403 3270 13
3270 4179 17
4179 3666 2
3666 2663 15
2663 2741 8
2741 4788 3
4788 129 19
129 4859 14
4859 1150 5
1150 1126 18
1126 2772 5
2772 1648 4
1648 4158 16
4158 2083 12
2083 3479 13
3479 2249 6
2249 205 19
205 4718 17
4718 1242 16
1242 2080 10
2080 257 1
257 2605 12
2605 4679 9
4679 1511 9
1511 1251 14
1251 4853 7
4853 3738 17
3738 405 15
405 4693 15
4693 4823 15
4823 419 10
419 1471 4
1471 3329 17
3329 2555 5
2555 582 13
582 3936 16
3936 3135 15
3135 4312 4
4312 3676 15
3676 4991 5
4991 218 1
218 1012 11
1012 758 8
758 3835 18
3835 3711 6
3711 909 17
909 2857 5
2857 1604 8
1604 4419 8
4419 891 18
891 2211 1
2211 3217 12
3217 751 19
751 859 13
859 4838 18
4838 1410 9
1410 1637 4
1637 2403 16
2403 736 2
736 1437 4
1437 3191 15
3191 2084 15
2084 1159 14
1159 4616 7
4616 2470 14
2470 3549 16
3549 620 14
620 3832 12
3832 135 2
135 4748 9
4748 1119 18
1119 3081 3
3081 4190 11
4190 2355 11
2355 4720 7
4720 2125 5
2125 3223 15
3223 807 9
807 1323 10
1323 3662 12
3662 1064 16
1064 1152 17
1152 1870 11
1870 2178 1
2178 3630 16
3630 901 13
901 4963 2
4963 1538 10
1538 1672 14
1672 3798 5
3798 1085 13
1085 1405 8
1405 184 18
184 965 4
965 2075 7
2075 3452 20
3452 4496 12
4496 2718 5
2718 4023 16
4023 1973 4
1973 3836 4
3836 4037 11
4037 1795 4
1795 4199 6
4199 3772 3
3772 3550 1
3550 1510 17
1510 3437 11
3437 4497 19
4497 157 8
157 4475 4
4475 4493 9
4493 2715 15
2715 998 7
998 1167 18
1167 499 10
499 3425 11
3425 1872 16
1872 3085 3
3085 87 5
87 139 15
139 430 8
430 1967 12
1967 2041 4
2041 400 8
400 3532 7
3532 4923 4
4923 4526 1
4526 3393 5
3393 4843 7
4843 2014 16
2014 1619 10
1619 2832 9
2832 1498 14
1498 731 9
731 3082 4
3082 3172 17
3172 2921 13
2921 4102 19
4102 1199 11
1199 411 7
411 1626 1
1626 3370 13
3370 193 19
193 3053 7
3053 691 14
691 3163 11
3163 4924 14
4924 443 20
443 2471 14
2471 4852 1
4852 857 4
857 4030 7
4030 4913 2
4913 4911 15
4911 4977 13
4977 4365 3
4365 3873 20
3873 735 18
735 4368 11
4368 4784 9
4784 2968 4
2968 538 5
538 1988 19
1988 19 11
19 2542 14
2542 619 6
619 3478 18
3478 492 3
492 3674 16
3674 4186 15
4186 943 3
943 4340 16
4340 4559 20
4559 2659 1
2659 1388 1
1388 3646 16
3646 2280 16
2280 4251 18
4251 427 6
427 2345 1
2345 3182 8
3182 4391 20
4391 2684 20
2684 2904 3
2904 1457 13
1457 819 17
819 860 7
860 1039 12
1039 631 1
631 608 3
608 199 18
199 3643 7
3643 1260 12
1260 1698 1
1698 995 15
995 4918 14
4918 4779 3
4779 4267 19
4267 800 7
800 3488 9
3488 1 3
1 3134 20
3134 126 8
126 3726 11
3726 2152 14
2152 4337 4
4337 4034 12
4034 2546 4
2546 834 6
834 3070 6
3070 1268 15
1268 1978 14
1978 1867 17
1867 2822 5
2822 3570 4
3570 3994 9
3994 3144 1
3144 2955 16
2955 3621 15
3621 4730 8
4730 4906 11
4906 1494 20
1494 4954 17
4954 2067 5
2067 4628 3
4628 1776 10
1776 4298 9
4298 2874 16
2874 949 18
949 4256 12
4256 35 11
35 3809 2
3809 1446 1
1446 4208 14
4208 837 6
837 58 16
58 911 20
911 2065 17
2065 729 8
729 1288 15
1288 2670 1
2670 2331 13
2331 887 17
887 2597 14
2597 4191 3
4191 764 16
764 1110 3
1110 588 4
588 203 3
203 4046 12
4046 1189 4
1189 4184 4
4184 3696 5
3696 3784 14
3784 1094 4
1094 2328 17
2328 3127 19
3127 4430 19
4430 3911 2
3911 2973 11
2973 1134 11
1134 4330 5
4330 3843 1
3843 2191 4
2191 4087 1
4087 4857 11
4857 1568 10
1568 49 8
49 991 8
991 3658 4
3658 2834 2
2834 2836 4
2836 164 7
164 369 11
369 1702 1
1702 3248 9
3248 3886 3
3886 3823 1
3823 2885 6
2885 363 19
363 3671 1
3671 536 6
536 1225 1
1225 644 19
644 3776 15
3776 578 5
578 2156 10
2156 721 15
721 336 10
336 322 9
322 28 9
28 1444 17
1444 1971 10
1971 312 11
312 1525 7
1525 2031 3
2031 2524 2
2524 3031 1
3031 1089 7
1089 1172 9
1172 1777 7
1777 707 12
707 1703 12
1703 2007 2
2007 3213 13
3213 300 7
300 4581 3
4581 2316 2
2316 786 13
786 1717 8
1717 1356 1
1356 4676 19
4676 2658 11
2658 4984 4
4984 638 12
638 222 19
222 1899 14
1899 4380 17
4380 4421 13
4421 107 3
107 3018 10
3018 3633 13
3633 2064 15
2064 4255 6
4255 4932 4
4932 794 12
794 3866 7
3866 1329 10
1329 2182 5
2182 3095 20
3095 3753 17
3753 456 2
456 6 17
6 1866 9
1866 1347 17
1347 633 6
633 4036 7
4036 1026 3
1026 939 14
939 1650 6
1650 920 16
920 971 19
971 2589 17
2589 339 11
339 1646 18
1646 1332 8
1332 1369 4
1369 1351 15
1351 2356 6
2356 897 19
897 693 6
693 1447 14
1447 320 15
320 263 15
263 1460 17
1460 1827 10
1827 4680 15
4680 216 13
216 2377 11
2377 1276 1
1276 4802 18
4802 987 14
987 4712 12
4712 1441 18
1441 40 19
40 3848 15
3848 1710 20
1710 2196 15
2196 2013 6
2013 2785 12
2785 3431 6
3431 2062 11
2062 2507 2
2507 1820 16
1820 1076 9
1076 4067 14
4067 2875 6
2875 84 7
84 1975 14
1975 4854 13
4854 4599 18
4599 4358 14
4358 3115 7
3115 167 3
167 4713 20
4713 1023 4
1023 2241 2
2241 347 1
347 67 10
67 4288 13
4288 2387 13
2387 2281 5
2281 2990 8
2990 2906 1
2906 976 11
976 4896 9
4896 2553 18
2553 3525 1
3525 4129 20
4129 1903 14
1903 290 16
290 2193 19
2193 2810 5
2810 2701 16
2701 2759 14
2759 4498 13
4498 1707 19
1707 2572 9
2572 4916 16
4916 1920 5
1920 2448 7
2448 4690 17
4690 1889 3
1889 4514 14
4514 2091 8
2091 231 2
231 3983 1
3983 3113 9
3113 408 6
408 2534 19
2534 4438 20
4438 3792 9
3792 2827 19
2827 1727 10
1727 534 8
534 4425 13
4425 730 20
730 4960 14
4960 4379 15
4379 1732 13
1732 796 15
796 3310 12
3310 1455 11
1455 1898 6
1898 4944 16
4944 4587 1
4587 4756 11
4756 3224 7
3224 3173 20
3173 175 11
175 120 8
120 4703 13
4703 1941 18
1941 294 8
294 1508 11
1508 706 15
706 1219 20
1219 337 3
337 1449 17
1449 2905 16
2905 1295 12
1295 3923 17
3923 3062 8
3062 1695 1
1695 4195 13
4195 3022 8
3022 4809 2
4809 3200 17
3200 197 12
197 234 5
234 4144 18
4144 93 13
93 4764 19
4764 2291 14
2291 553 14
553 2482 11
2482 4816 2
4816 604 3
604 4884 20
4884 82 16
82 1349 11
1349 1736 6
1736 4335 2
4335 2362 18
2362 3504 17
3504 3569 8
3569 851 9
851 671 7
671 3749 11
3749 2481 4
2481 4459 5
4459 4012 5
4012 3824 14
3824 3148 11
3148 3563 1
3563 2884 15
2884 1634 7
1634 3894 2
3894 2892 2
2892 2004 5
2004 3103 4
3103 204 6
204 1722 20
1722 2300 4
2300 3069 13
3069 993 1
993 2293 2
2293 1054 4
1054 2353 2
2353 2112 16
2112 306 19
306 2030 2
2030 881 12
881 2412 14
2412 2530 16
2530 2550 6
2550 4611 3
4611 1845 12
1845 3313 5
3313 3100 11
3100 624 15
624 3098 16
3098 1933 14
1933 4367 12
4367 4575 10
4575 1413 13
1413 4738 4
4738 2710 7
2710 57 17
57 2569 15
2569 4174 6
4174 50 16
50 665 4
665 1641 20
1641 1408 8
1408 2309 7
2309 3199 5
3199 2289 7
2289 4804 12
4804 131 18
131 2264 6
2264 8 8
8 828 19
828 4351 16
4351 4574 7
4574 2713 9
2713 1741 8
1741 1752 15
1752 1709 17
1709 3169 12
3169 1548 13
1548 2016 13
2016 1817 10
1817 1940 9
1940 165 10
165 2145 11
2145 4598 4
4598 3048 6
3048 1208 1
1208 4487 14
4487 56 6
56 4975 11
4975 3901 16
3901 743 16
743 2098 12
2098 3672 16
3672 169 18
169 854 17
854 924 18
924 2304 17
2304 4333 9
4333 2449 16
2449 4111 13
4111 2383 3
2383 3238 16
3238 715 4
715 407 5
407 1603 1
1603 4148 6
4148 1035 15
1035 247 14
247 677 10
677 3079 1
3079 3540 8
3540 2118 13
2118 70 5
70 1280 8
1280 4311 1
4311 3657 11
3657 2045 17
2045 1213 13
1213 1993 7
1993 1238 13
1238 962 3
962 1782 7
1782 4107 5
4107 1991 15
1991 1160 18
1160 364 18
364 3241 17
3241 877 6
877 4946 16
4946 4632 9
4632 2720 3
2720 10 15
10 230 5
230 4388 20
4388 3051 10
3051 2233 12
2233 3718 10
3718 1886 11
1886 4594 15
4594 882 2
882 3593 11
3593 2398 2
2398 2765 14
2765 1643 15
1643 3469 18
3469 3438 11
3438 2172 17
2172 4537 15
4537 2200 9
2200 4084 11
4084 1924 4
1924 1708 8
1708 660 7
660 3788 18
3788 3874 8
3874 2876 4
2876 669 13
669 2688 14
2688 2889 15
2889 4306 13
4306 479 6
479 2206 15
2206 4987 4
4987 398 13
398 2480 3
2480 1697 6
1697 3211 5
3211 601 8
601 4725 15
4725 2557 13
2557 563 8
563 2539 2
2539 1102 2
1102 3950 19
3950 4893 3
4893 2662 18
2662 3875 8
3875 1314 7
1314 2781 19
2781 2259 10
2259 1298 6
1298 278 4
278 2851 12
2851 2487 17
2487 111 16
111 4313 14
4313 3475 11
3475 532 20
532 2364 2
2364 2676 16
2676 2844 4
2844 4969 4
4969 385 6
385 1325 7
1325 4237 20
4237 3514 9
3514 1842 11
1842 2828 20
2828 967 17
967 798 7
798 2082 5
2082 3291 20
3291 4967 6
4967 639 7
639 2032 20
2032 1056 19
1056 1620 14
1620 3942 4
3942 1109 13
1109 2780 10
2780 2912 4
2912 3110 18
3110 447 4
447 482 7
482 136 4
136 1957 7
1957 1331 20
1331 3817 8
3817 282 14
282 4767 9
4767 523 18
523 2102 6
2102 3140 19
3140 2093 16
2093 4266 19
4266 733 15
733 4116 6
4116 2625 3
2625 4123 14
4123 224 19
224 3675 3
3675 1500 4
1500 668 19
668 892 3
892 2900 12
2900 621 11
621 913 7
913 496 11
496 2194 9
2194 9 13
9 753 3
753 3588 4
3588 3615 3
3615 964 14
964 2656 1
2656 1554 9
1554 2667 15
2667 3972 10
3972 4463 16
4463 4876 10
4876 3014 13
3014 1998 1
1998 4516 16
4516 1738 18
1738 4694 8
4694 3694 9
3694 4915 5
4915 3459 19
3459 3930 13
3930 468 5
468 2543 16
2543 4995 18
4995 3683 16
3683 3071 18
3071 2139 3
2139 3440 13
3440 4570 14
4570 1164 2
1164 1080 4
1080 3474 19
3474 3416 6
3416 2949 8
2949 2771 11
2771 1006 1
1006 1305 8
1305 4504 13
4504 3731 7
3731 1667 15
1667 3395 15
3395 183 17
183 3 19
3 1951 9
1951 4296 11
4296 4650 20
4650 4645 16
4645 2242 10
2242 3929 12
3929 1479 2
1479 3935 6
3935 4955 1
4955 4989 2
4989 4154 15
4154 2493 13
2493 567 2
567 3247 14
3247 4207 6
4207 1146 7
1146 548 1
548 3566 7
3566 2107 15
2107 3892 2
3892 1885 16
1885 481 11
481 3456 10
3456 1915 19
1915 4661 4
4661 4550 6
4550 2188 17
2188 1001 6
1001 726 4
726 3273 9
3273 3485 8
3485 195 18
195 2623 20
2623 1597 1
1597 4350 6
4350 3581 9
3581 4467 14
4467 3481 8
3481 1668 7
1668 4137 1
4137 1187 1
1187 2207 6
2207 3035 8
3035 1144 4
1144 2252 10
2252 873 9
873 11 19
11 151 4
151 4998 6
4998 1355 14
1355 20 17
20 4997 10
4997 2598 12
2598 4097 5
4097 4828 2
4828 1985 1
1985 2202 5
2202 3315 5
3315 1157 5
1157 1793 17
1793 3967 7
3967 2878 11
2878 4480 17
4480 155 10
155 423 10
423 1911 5
1911 4400 1
4400 2251 2
2251 186 3
186 2294 13
2294 1434 7
1434 2368 5
2368 1980 1
1980 3695 8
3695 4334 19
4334 4130 17
4130 3360 16
3360 3268 8
3268 66 17
66 4622 19
4622 3093 8
3093 894 7
894 3691 17
3691 3957 14
3957 3582 11
3582 4322 11
4322 1061 7
1061 2066 3
2066 1677 5
1677 2150 10
2150 557 5
557 3727 17
3727 2997 18
2997 4373 10
4373 2808 4
2808 3656 6
3656 2473 13
2473 1292 12
1292 4426 16
4426 1191 10
1191 4486 5
4486 249 18
249 2370 2
2370 3384 19
3384 2474 9
2474 2821 20
2821 3009 5
3009 3108 13
3108 544 2
544 4150 9
4150 2457 16
2457 636 15
636 923 1
923 289 17
289 2829 13
2829 4366 4
4366 583 1
583 1997 10
1997 2329 6
2329 815 14
815 4402 6
4402 1868 18
1868 4259 4
4259 3746 7
3746 351 3
351 2330 17
2330 4770 18
4770 4441 1
4441 4124 2
4124 2895 12
2895 461 16
461 4160 6
4160 757 12
757 2933 18
2933 3412 2
3412 402 4
402 333 8
333 4685 10
4685 252 15
252 4282 6
4282 2402 13
2402 2325 11
2325 4727 8
4727 1490 16
1490 3333 2
3333 3303 2
3303 1450 7
1450 2943 12
2943 813 9
813 4166 2
4166 1453 15
1453 4083 19
4083 4126 16
4126 1987 14
1987 4835 11
4835 580 12
580 592 20
592 3309 17
3309 2372 11
2372 1290 19
1290 2514 8
2514 4921 18
4921 2726 20
2726 1884 7
1884 2138 3
2138 2564 20
2564 555 14
555 755 17
755 4956 6
4956 2104 4
2104 474 8
474 4825 18
4825 383 14
383 3597 12
3597 3572 5
3572 4798 3
4798 4042 1
4042 2958 17
2958 2034 3
2034 1038 12
1038 4245 15
4245 268 3
268 2649 19
2649 1133 12
1133 246 12
246 2049 2
2049 521 11
521 3494 20
3494 613 8
613 1342 2
1342 3551 8
3551 4290 10
4290 4507 13
4507 413 12
413 189 1
189 2704 18
2704 3941 17
3941 1105 12
1105 371 1
371 1436 4
1436 4125 4
4125 4583 1
4583 645 6
645 2509 17
2509 4596 13
4596 2308 1
2308 1686 4
1686 3334 12
3334 4120 5
4120 2190 9
2190 3939 13
3939 3214 18
3214 2707 13
2707 4287 9
4287 4701 12
4701 4971 4
4971 3284 16
3284 3026 5
3026 3114 14
3114 865 17
865 4055 19
4055 3477 2
3477 1607 5
1607 1130 14
1130 1117 18
1117 2028 20
2028 463 8
463 4785 10
4785 3775 5
3775 2869 9
2869 606 10
606 3283 19
3283 3131 14
3131 125 2
125 2576 10
2576 853 18
853 4851 1
4851 4755 6
4755 1753 15
1753 2253 17
2253 2369 8
2369 1864 13
1864 4862 8
4862 4742 13
4742 2941 6
2941 2907 8
2907 4139 19
4139 2418 18
2418 4737 12
4737 2100 17
2100 5 5
5 845 7
845 3300 16
3300 1445 9
1445 855 4
855 3513 19
3513 3318 19
3318 3737 12
3737 1467 16
1467 25 17
25 1539 7
1539 2454 18
2454 4229 5
4229 4985 2
4985 3606 13
3606 3838 13
3838 4982 11
4982 3982 20
3982 4397 4
4397 2570 7
2570 3523 18
3523 2674 3
2674 3841 11
3841 2883 7
2883 4394 16
4394 4895 9
4895 1740 20
1740 2275 20
2275 2469 8
2469 1127 9
1127 3386 5
3386 118 18
118 605 18
605 2411 15
2411 3426 11
3426 526 8
526 3394 13
3394 2026 20
2026 2051 20
2051 4455 20
4455 4002 20
4002 4436 6
4436 1760 10
1760 2918 1
2918 2936 12
2936 3290 9
3290 1270 13
1270 286 5
286 4889 17
4889 1243 13
1243 2210 13
2210 3130 18
3130 1475 2
1475 1184 17
1184 2229 2
2229 4320 10
4320 970 16
970 3851 11
3851 2708 3
2708 3262 13
3262 4775 18
4775 3924 10
3924 1610 4
1610 2728 2
2728 2712 2
2712 4153 16
4153 4871 2
4871 3176 20
3176 2042 13
2042 172 5
172 507 7
507 1863 13
1863 237 1
237 1406 1
1406 3455 15
3455 1799 13
1799 1402 3
1402 2818 19
2818 4471 18
4471 1595 16
1595 1897 12
1897 1456 8
1456 142 19
142 933 8
933 3840 18
3840 1834 3
1834 1759 4
1759 3996 19
3996 2724 14
2724 2485 6
2485 2523 14
2523 1647 4
1647 4698 20
4698 266 2
266 4069 2
4069 4511 1
4511 3953 2
3953 1825 1
1825 206 18
206 2489 13
2489 2786 9
2786 4413 16
4413 2285 6
2285 4656 3
4656 2898 19
2898 3725 7
3725 3158 3
3158 3055 3
3055 2777 12
2777 4728 13
4728 4582 10
4582 3138 2
3138 2603 12
2603 2231 20
2231 4038 9
4038 304 17
304 4303 3
4303 3705 10
3705 2782 7
2782 4000 19
4000 381 14
381 3382 4
3382 2846 11
2846 2556 4
2556 4520 8
4520 458 12
458 4543 11
4543 298 2
298 4070 19
4070 2428 5
2428 2277 2
2277 1169 7
1169 1180 2
1180 1030 7
1030 2302 6
2302 1761 9
1761 1552 1
1552 610 11
610 1939 19
1939 248 13
248 4226 4
4226 956 8
956 568 12
568 4929 17
4929 1786 2
1786 4899 7
4899 4566 17
4566 2770 13
2770 3137 20
3137 2544 2
2544 4513 14
4513 2447 1
2447 2639 16
2639 2861 7
2861 4885 14
4885 3260 15
3260 4880 8
4880 2590 18
2590 3879 13
3879 1186 2
1186 1181 1
1181 832 3
832 1474 19
1474 4996 20
4996 3177 5
3177 170 8
170 2742 10
2742 1519 19
1519 1291 7
1291 782 15
782 3152 20
3152 1669 12
1669 1422 15
1422 4757 1
4757 3490 15
3490 3636 18
3636 1824 17
1824 361 20
361 661 7
661 2204 6
2204 3922 12
3922 649 11
649 4943 18
4943 441 9
441 159 8
159 3367 2
3367 1947 5
1947 1541 4
1541 4006 11
4006 2621 19
2621 3181 3
3181 2979 6
2979 3235 2
3235 4404 5
4404 2500 1
2500 3403 7
3403 2733 14
2733 1132 13
1132 4953 4
4953 2924 19
2924 4613 16
4613 378 11
378 1758 2
1758 1573 1
1573 4806 18
4806 4839 5
4839 59 16
59 1601 13
1601 3567 14
3567 4093 16
4093 296 17
296 1615 20
1615 2212 13
2212 989 15
989 1812 16
1812 3323 15
3323 1900 2
1900 2235 13
2235 3374 11
3374 3595 5
3595 3505 4
3505 2886 11
2886 944 8
944 1813 15
1813 1927 13
1927 1800 3
1800 2640 19
2640 676 2
676 883 16
883 2978 6
2978 4025 14
4025 2950 13
2950 2124 10
2124 4817 13
4817 3028 11
3028 4420 1
4420 3620 4
3620 3785 18
3785 2594 2
2594 2871 9
2871 2981 17
2981 947 5
947 2677 11
2677 3232 9
3232 2494 10
2494 4136 10
4136 3476 18
3476 840 6
840 4546 2
4546 4651 13
4651 2446 8
2446 424 11
424 4375 17
4375 4810 5
4810 1018 15
1018 1575 20
1575 4165 11
4165 2461 13
2461 4768 4
4768 3864 13
3864 449 16
449 1981 10
1981 4479 18
4479 3876 20
3876 47 20
47 3774 20
3774 4831 8
4831 3197 9
3197 440 5
440 792 11
792 1070 15
1070 4527 19
4527 2532 8
2532 3568 17
3568 4726 19
4726 2747 13
2747 372 11
372 2966 3
2966 936 16
936 1302 3
1302 1319 3
1319 1202 3
1202 1066 1
1066 2571 7
2571 3730 5
3730 3299 2
3299 4346 17
4346 2749 1
2749 4449 3
4449 318 5
318 485 9
485 4349 4
4349 4673 2
4673 2466 14
2466 3233 12
3233 2650 12
2650 4705 9
4705 1116 15
1116 3908 19
3908 1108 7
1108 406 3
406 741 10
741 3545 20
3545 3445 6
3445 3791 19
3791 4670 16
4670 2186 13
2186 1442 6
1442 4868 20
4868 4648 10
4648 3295 20
3295 4446 2
4446 3783 12
3783 1928 5
1928 1397 15
1397 4341 10
4341 4272 13
4272 2243 6
2243 4508 1
4508 4309 14
4309 1263 5
1263 609 11
609 88 10
88 3218 10
3218 3466 13
3466 4551 6
4551 109 19
109 880 13
880 488 13
488 3810 17
3810 4066 6
4066 1930 13
1930 1377 6
1377 4343 14
4343 501 6
501 2230 4
2230 1145 3
1145 3959 10
3959 2970 14
2970 768 18
768 3978 16
3978 4912 5
4912 3342 9
3342 3366 14
3366 2017 19
2017 3146 11
3146 2101 12
2101 4113 6
4113 2637 4
2637 4435 16
4435 2386 16
2386 3639 3
3639 1386 14
1386 2378 5
2378 1745 6
1745 1651 5
1651 3862 14
3862 503 3
503 4994 11
4994 437 5
437 3839 4
3839 4988 20
4988 3282 7
3282 2416 5
2416 2338 15
2338 4019 8
4019 212 13
212 1680 11
1680 494 18
494 2646 2
2646 746 10
746 1535 9
1535 3611 13
3611 4001 15
4001 1376 19
1376 2459 3
2459 2497 10
2497 436 13
436 3421 4
3421 1339 7
1339 4734 12
4734 2932 11
2932 497 14
497 3495 12
3495 3956 14
3956 3276 13
3276 291 17
291 3728 8
3728 1017 3
1017 3369 2
3369 3739 18
3739 2053 6
2053 4278 19
4278 3769 10
3769 502 8
502 2993 13
2993 4052 8
4052 119 12
119 4378 10
4378 1789 15
1789 3231 5
3231 2099 20
2099 1214 18
1214 3252 8
3252 3816 17
3816 4949 14
4949 1279 7
1279 2439 11
2439 1814 6
1814 2891 6
2891 229 5
229 1121 18
1121 1852 4
1852 3040 2
3040 2063 8
2063 2467 11
2467 3205 15
3205 4412 13
4412 685 20
685 1767 18
1767 711 9
711 2618 16
2618 2540 18
2540 1763 5
1763 498 16
498 1241 3
1241 948 17
948 4470 17
4470 4345 5
4345 4968 1
4968 462 3
462 2744 16
2744 1285 13
1285 3527 16
3527 3327 3
3327 4170 7
4170 4317 19
4317 3042 9
3042 1844 3
1844 1528 7
1528 4451 9
4451 3164 7
3164 3577 12
3577 1635 19
1635 4530 19
4530 1496 9
1496 3906 1
3906 2166 8
2166 3101 15
3101 4047 20
4047 264 18
264 105 8
105 4109 3
4109 3518 10
3518 4118 4
4118 4283 8
4283 1299 11
1299 3343 5
3343 3859 5
3859 2441 19
2441 3587 16
3587 3116 9
3116 4222 14
4222 2964 19
2964 3023 20
3023 3068 20
3068 3470 5
3470 2453 12
2453 201 6
201 2518 5
2518 3659 19
3659 1905 15
1905 652 9
652 3966 19
3966 1354 18
1354 94 14
94 990 13
990 974 5
974 3050 5
3050 3610 16
3610 1443 8
1443 1765 12
1765 4284 6
4284 354 12
354 438 10
438 428 15
428 2052 13
2052 355 8
355 2001 7
2001 2805 16
2805 4813 9
4813 1587 7
1587 3221 13
3221 2183 6
2183 3293 4
3293 3985 4
3985 2870 8
2870 2407 3
2407 3642 9
3642 4735 19
4735 228 1
228 3090 5
3090 3511 13
3511 4241 20
4241 422 18
422 3589 7
3589 2458 3
2458 546 14
546 2515 3
2515 2226 16
2226 317 1
317 4900 7
4900 1743 14
1743 1952 19
1952 21 5
21 3771 19
3771 2745 19
2745 2010 16
2010 4297 15
4297 4904 16
4904 2972 3
2972 2996 5
2996 2255 7
2255 4200 8
4200 2919 10
2919 843 19
843 4641 20
4641 776 8
776 2535 6
2535 3827 6
3827 2860 4
2860 3099 4
3099 1559 19
1559 1122 20
1122 4654 8
4654 4814 16
4814 1380 1
1380 4867 6
4867 1196 1
1196 4525 3
4525 3747 1
3747 2456 10
2456 2910 5
2910 1140 13
1140 3222 4
3222 2462 2
2462 4829 19
4829 4544 4
4544 3519 17
3519 1075 8
1075 1969 7
1969 4773 13
4773 4354 12
4354 1644 2
1644 2390 9
2390 4754 9
4754 4531 2
4531 1549 18
1549 2725 13
2725 1218 4
1218 3078 3
3078 812 1
812 2845 16
2845 4752 8
4752 1645 8
1645 695 18
695 3121 15
3121 54 10
54 3665 20
3665 1751 3
1751 2221 9
2221 2490 15
2490 3534 15
3534 3575 19
3575 801 10
801 662 18
662 4472 11
4472 4492 11
4492 4886 13
4886 3962 2
3962 493 20
493 3165 9
3165 3167 17
3167 1204 16
1204 4675 10
4675 484 12
484 3380 18
3380 4018 19
4018 1918 6
1918 4329 1
4329 709 10
709 3736 15
3736 1976 2
1976 618 11
618 1308 13
1308 69 17
69 4677 11
4677 1042 8
1042 985 9
985 250 14
250 4167 1
4167 4864 13
4864 1580 15
1580 1083 19
1083 4495 6
4495 1946 12
1946 1958 2
1958 43 17
43 3778 11
3778 1387 18
1387 3612 9
3612 1379 10
1379 4865 15
4865 3280 13
3280 3717 6
3717 817 5
817 2681 13
2681 3881 8
3881 1656 17
1656 3517 4
3517 3265 7
3265 2054 9
2054 654 2
654 1984 19
1984 3353 8
3353 916 11
916 4589 18
4589 2758 18
2758 2971 5
2971 4939 14
4939 4972 5
4972 302 9
302 2730 7
2730 2804 18
2804 4061 19
4061 508 10
508 309 3
309 4159 14
4159 1330 13
1330 452 8
452 23 4
23 3535 12
3535 4879 6
4879 315 18
315 3811 16
3811 2271 3
2271 3210 15
3210 917 20
917 4064 19
4064 459 8
459 4747 4
4747 52 5
52 1828 20
1828 1945 16
1945 2361 10
2361 1654 5
1654 3758 19
3758 2375 12
2375 1118 4
1118 3161 9
3161 1862 4
1862 395 16
395 2738 13
2738 2472 9
2472 2475 2
2475 4180 8
4180 4607 4
4607 1233 3
1233 2825 10
2825 299 2
299 1936 2
1936 4669 10
4669 217 15
217 4246 12
4246 4776 19
4776 1623 16
1623 3132 4
3132 3187 19
3187 3559 19
3559 3802 14
3802 513 18
513 1512 19
1512 3987 5
3987 2400 10
2400 1560 1
1560 3383 20
3383 1622 5
1622 830 8
830 4183 4
4183 4072 15
4072 1661 5
1661 1715 15
1715 1999 4
1999 332 3
332 2224 6
2224 4355 15
4355 4398 2
4398 1659 6
1659 2185 12
2185 4453 2
4453 4065 12
4065 1515 20
1515 2959 1
2959 2160 12
2160 2987 8
2987 3124 12
3124 1684 13
1684 2935 5
2935 659 9
659 3541 14
3541 4464 19
4464 3171 17
3171 3258 13
3258 442 15
442 4098 18
4098 2522 11
2522 3410 6
3410 256 7
256 1551 15
1551 864 20
864 1857 2
1857 2963 8
2963 3196 6
3196 158 12
158 2389 3
2389 4447 5
4447 2531 9
2531 4965 5
4965 156 11
156 3126 7
3126 1136 6
1136 4431 13
4431 1846 14
1846 2604 14
2604 1419 20
1419 2373 17
2373 1949 12
1949 1008 3
1008 91 16
91 3341 3
3341 4846 13
4846 3961 12
3961 1642 14
1642 242 7
242 4099 19
4099 3162 4
3162 4746 4
4746 2619 7
2619 4474 7
4474 4101 5
4101 3414 17
3414 1222 17
1222 4834 13
4834 2566 11
2566 1557 20
1557 2789 15
2789 4318 8
4318 1256 5
1256 2767 10
2767 1143 19
1143 2140 18
2140 3239 16
3239 2460 11
2460 2189 4
2189 1454 7
1454 533 17
533 293 13
293 4883 10
4883 973 3
973 643 17
643 4315 10
4315 1055 10
1055 42 11
42 2606 12
2606 1230 2
1230 3556 5
3556 4392 3
4392 2050 19
2050 918 16
918 2491 14
2491 847 2
847 4294 3
4294 3920 17
3920 647 18
647 785 14
785 3558 8
3558 1908 14
1908 2495 16
2495 2213 11
2213 4649 9
4649 3324 18
3324 1916 19
1916 4092 8
4092 1286 4
1286 593 5
593 3240 14
3240 978 2
978 3905 3
3905 1019 6
1019 3212 19
3212 3849 9
3849 89 17
89 2784 9
2784 1493 14
1493 1045 6
1045 2723 20
2723 2284 10
2284 1032 11
1032 3008 1
3008 4951 18
4951 3377 9
3377 251 18
251 4847 10
4847 537 10
537 2086 3
2086 1200 5
1200 2528 11
2528 4482 4
4482 2579 15
2579 2897 18
2897 3958 11
3958 2223 3
2223 512 18
512 1780 6
1780 4704 16
4704 1459 18
1459 4762 19
4762 1907 6
1907 1794 2
1794 4314 20
4314 2565 16
2565 1682 8
1682 2837 10
2837 1195 7
1195 2218 11
2218 4970 12
4970 117 12
117 2121 10
2121 966 2
966 4945 3
4945 1176 12
1176 3863 6
3863 3401 7
3401 814 5
814 3179 15
3179 2162 7
2162 1913 15
1913 3878 10
3878 4573 20
4573 4141 20
4141 1880 7
1880 1301 6
1301 3925 1
3925 774 10
774 4840 8
4840 60 20
60 2665 20
2665 2516 1
2516 2559 2
2559 2609 14
2609 3408 7
3408 4088 2
4088 4510 18
4510 2554 6
2554 4377 9
4377 435 2
435 1596 15
1596 123 5
123 2754 10
2754 2731 8
2731 3263 6
3263 4194 19
4194 1059 4
1059 2340 13
2340 4766 3
4766 4579 1
4579 1694 9
1694 1173 9
1173 3400 7
3400 2103 8
2103 2833 13
2833 314 2
314 2508 12
2508 806 1
806 2849 15
2849 2882 19
2882 3888 1
3888 3622 20
3622 4323 4
4323 3887 12
3887 1400 4
1400 1805 8
1805 4936 11
4936 4007 8
4007 2110 16
2110 616 1
616 295 15
295 26 1
26 4114 4
4114 1606 3
1606 2839 16
2839 1744 7
1744 625 19
625 2654 9
2654 4410 4
4410 3690 4
3690 3943 3
3943 2775 6
2775 2909 11
2909 2057 17
2057 2408 18
2408 357 15
357 2486 17
2486 1343 11
1343 2567 6
2567 2696 12
2696 1848 8
1848 4211 14
4211 673 2
673 1137 18
1137 3650 8
3650 981 18
981 1768 15
1768 1312 12
1312 4033 6
4033 3104 18
3104 2455 14
2455 4715 18
4715 4073 6
4073 4647 17
4647 3969 16
3969 2111 17
2111 3955 16
3955 181 13
181 2608 3
2608 380 1
380 874 16
874 1835 5
1835 3406 14
3406 4974 8
4974 1630 9
1630 486 12
486 4563 12
4563 3546 20
3546 3732 18
3732 4121 15
4121 4219 19
4219 1638 7
1638 2288 13
2288 1063 5
1063 227 4
227 4875 8
4875 2902 14
2902 2488 20
2488 3001 20
3001 3984 9
3984 470 14
470 4022 3
4022 2358 18
2358 95 20
95 708 7
708 1287 11
1287 3750 3
3750 3201 8
3201 3215 1
3215 3097 16
3097 4171 14
4171 3919 8
3919 2171 8
2171 2560 13
2560 4395 18
4395 2824 6
2824 3066 13
3066 3963 9
3963 1086 6
1086 2116 9
2116 3216 3
3216 3828 16
3828 738 8
738 4089 6
4089 1201 15
1201 1861 11
1861 2847 8
2847 2081 9
2081 48 10
48 3180 3
3180 1877 13
1877 558 16
558 2995 4
2995 804 9
804 4830 6
4830 4603 6
4603 980 14
980 4068 12
4068 375 20
375 955 11
955 1869 15
1869 154 3
154 3508 15
3508 889 5
889 4008 20
4008 1662 3
1662 1764 4
1764 3940 9
3940 2265 2
2265 2306 18
2306 2076 9
2076 3086 4
3086 3733 3
3733 161 4
161 97 11
97 2587 19
2587 3112 19
3112 1228 3
1228 4533 4
4533 1592 7
1592 1491 5
1491 3796 6
3796 391 12
391 335 12
335 4711 14
4711 2915 9
2915 1550 14
1550 2680 8
2680 4523 8
4523 3799 7
3799 2090 20
2090 328 10
328 1983 7
1983 103 7
103 1461 3
1461 3372 12
3372 1696 10
1696 2424 8
2424 4841 12
4841 352 3
352 2561 9
2561 2438 11
2438 1025 17
1025 319 1
319 2027 13
2027 1687 5
1687 2675 7
2675 2962 9
2962 4604 9
4604 4903 19
4903 1373 13
1373 3537 6
3537 3427 4
3427 2184 10
2184 4618 15
4618 3554 16
3554 3415 9
3415 1322 7
1322 2305 6
2305 2722 12
2722 4739 13
4739 1428 10
1428 2056 5
2056 4361 14
4361 1562 6
1562 4547 14
4547 2975 11
2975 1968 1
1968 2167 8
2167 255 16
255 2357 11
2357 1990 8
1990 130 10
130 4269 18
4269 694 14
694 121 9
121 4020 19
4020 3986 11
3986 699 16
699 4818 12
4818 637 12
637 1476 19
1476 4450 5
4450 1890 2
1890 1895 18
1895 460 13
460 4489 11
4489 1168 12
1168 750 7
750 382 20
382 3376 15
3376 1653 5
1653 516 4
516 1300 5
1300 886 18
886 2502 6
2502 2980 5
2980 1904 18
1904 2445 4
2445 4094 13
4094 2835 12
2835 3814 3
3814 2664 9
2664 4629 2
4629 4617 11
4617 3583 15
3583 3526 20
3526 770 5
770 1611 2
1611 1477 17
1477 2179 16
2179 2740 14
2740 3286 20
3286 2130 18
2130 2423 20
2423 4637 17
4637 226 4
226 350 16
350 4665 10
4665 4135 5
4135 208 12
208 1914 7
1914 1526 15
1526 3686 11
3686 4606 15
4606 3860 9
3860 3417 8
3417 1974 14
1974 1306 2
1306 759 14
759 3759 9
3759 1956 13
1956 1033 8
1033 3092 1
3092 2089 5
2089 3074 7
3074 2009 20
2009 2887 8
2887 2635 16
2635 3392 6
3392 612 20
612 4697 10
4697 326 16
326 2655 13
2655 1307 9
1307 3669 15
3669 4502 4
4502 176 13
176 316 18
316 821 10
821 1804 2
1804 196 12
196 2181 9
2181 2151 14
2151 4257 12
4257 4999 3
4999 1138 6
1138 1417 9
1417 4783 5
4783 1463 2
1463 3754 17
3754 1746 15
1746 529 18
529 3542 20
3542 63 10
63 2622 17
2622 448 13
448 2237 19
2237 549 11
549 1366 11
1366 1028 18
1028 756 2
756 4592 12
4592 4085 19
4085 761 2
761 4947 12
4947 2588 5
2588 4976 4
4976 1678 14
1678 4117 15
4117 122 19
122 1432 17
1432 2141 17
2141 3762 1
3762 3786 1
3786 1412 16
1412 225 7
225 4891 14
4891 2700 17
2700 2236 18
2236 418 7
418 1267 10
1267 223 2
223 36 14
36 3449 17
3449 1368 15
1368 1685 14
1685 1090 20
1090 1832 4
1832 3681 6
3681 3249 5
3249 2047 13
2047 3637 2
3637 2248 7
2248 2312 12
2312 4509 4
4509 2038 17
2038 2911 2
2911 4308 3
4308 3154 13
3154 3442 6
3442 2687 17
2687 4874 2
4874 4316 5
4316 362 17
362 2896 5
2896 2195 10
2195 2660 2
2660 4639 2
4639 712 12
712 3306 2
3306 3927 10
3927 2061 6
2061 972 3
972 4644 19
4644 1612 20
1612 3339 9
3339 1297 20
1297 1430 16
1430 4792 11
4792 2158 12
2158 4919 14
4919 4552 1
4552 3385 1
3385 141 13
141 1151 17
1151 3590 8
3590 3684 18
3684 1713 8
1713 2409 17
2409 2321 10
2321 4081 20
4081 4176 5
4176 3496 1
3496 3198 3
3198 4992 17
4992 2691 14
2691 1129 15
1129 1576 9
1576 952 15
952 1724 5
1724 2591 6
2591 3992 15
3992 45 8
45 7 3
7 3831 17
3831 1429 16
1429 3436 4
3436 3975 8
3975 3561 15
3561 2693 2
2693 4933 10
4933 3129 4
3129 1909 10
1909 1693 2
1693 1676 5
1676 373 17
373 3539 15
3539 1139 10
1139 4225 11
4225 2939 11
2939 4741 1
4741 657 6
657 1487 20
1487 3044 8
3044 927 16
927 3325 15
3325 303 9
303 825 2
825 2257 11
2257 4041 8
4041 3061 3
3061 2440 11
2440 1051 6
1051 1509 4
1509 32 4
32 850 8
850 37 17
37 4128 14
4128 4178 5
4178 4528 10
4528 477 17
477 1239 11
1239 3765 5
3765 4952 5
4952 1154 18
1154 33 19
33 3544 10
3544 4922 4
4922 4372 4
4372 4336 15
4336 4625 14
4625 3533 6
3533 3552 11
3552 3387 9
3387 3679 19
3679 739 4
739 1227 6
1227 3030 19
3030 2320 7
2320 777 11
777 1271 7
1271 2155 14
2155 1294 19
1294 3910 4
3910 879 3
879 3756 1
3756 1128 17
1128 3278 16
3278 1203 19
1203 4187 20
4187 3497 8
3497 954 20
954 1162 7
1162 890 3
890 1902 5
1902 1533 9
1533 2800 16
2800 2651 5
2651 2261 13
2261 3580 5
3580 1505 3
1505 2109 3
2109 2201 15
2201 4505 1
4505 3853 2
3853 686 8
686 2365 9
2365 2717 11
2717 1074 12
1074 1198 1
1198 1426 8
1426 2695 13
2695 4357 1
4357 426 6
426 2629 15
2629 1315 18
1315 2310 8
2310 4529 5
4529 4671 10
4671 2315 11
2315 3208 2
3208 2177 17
2177 1876 16
1876 4556 11
4556 1041 7
1041 4056 5
4056 432 12
432 672 12
672 2132 18
2132 3467 8
3467 444 15
444 556 15
556 1281 8
1281 4716 11
4716 53 12
53 2214 18
2214 541 9
541 115 7
115 4958 15
4958 4795 13
4795 4642 20
4642 3253 5
3253 3914 18
3914 3471 13
3471 466 3
466 941 12
941 4990 4
4990 663 9
663 3463 14
3463 4206 9
4206 2354 17
2354 4057 10
4057 4914 16
4914 4274 8
4274 134 15
134 393 1
393 394 4
394 3599 6
3599 732 19
732 4801 11
4801 2938 20
2938 3981 16
3981 1360 13
1360 3893 4
3893 4920 4
4920 1370 8
1370 467 5
467 4870 17
4870 3128 17
3128 627 20
627 4164 14
4164 4515 13
4515 2395 11
2395 2393 3
2393 4386 16
4386 215 15
215 2961 4
2961 4370 9
4370 781 5
781 2626 11
2626 4524 20
4524 2627 7
2627 4878 13
4878 2999 6
2999 3065 7
3065 4212 5
4212 3770 16
3770 2947 8
2947 2297 18
2297 2406 8
2406 1706 20
1706 514 18
514 1965 19
1965 4826 10
4826 4759 20
4759 518 16
518 4371 2
4371 4501 15
4501 403 15
403 2953 1
2953 2119 1
2119 4930 2
4930 417 17
417 1874 4
1874 3598 19
3598 3063 9
3063 3652 8
3652 4534 19
4534 2840 8
2840 177 14
177 3020 3
3020 310 5
310 1452 5
1452 275 6
275 3624 16
3624 4811 12
4811 716 17
716 4405 5
4405 3236 19
3236 2246 13
2246 2773 12
2773 3307 10
3307 725 4
725 1341 15
1341 4634 1
4634 2029 5
2029 793 18
793 3058 17
3058 2006 5
2006 2334 2
2334 297 2
297 1261 13
1261 4517 12
4517 4043 8
4043 34 19
34 4957 2
4957 3189 1
3189 1992 7
1992 4942 9
4942 1747 5
1747 4051 9
4051 3389 11
3389 3604 1
3604 1754 13
1754 3789 17
3789 3647 7
3647 409 13
409 4691 19
4691 2352 1
2352 4793 17
4793 591 14
591 2055 17
2055 915 5
915 3516 10
3516 713 8
713 235 20
235 3573 3
3573 3964 15
3964 4753 13
4753 292 9
292 1114 10
1114 4155 6
4155 2641 16
2641 3742 17
3742 73 6
73 3133 6
3133 1084 9
1084 1625 2
1625 570 8
570 3804 3
3804 2692 19
2692 4440 5
4440 2584 10
2584 2335 11
2335 3109 2
3109 2503 5
2503 2258 5
2258 3375 11
3375 3977 13
3977 2 18
2 397 16
397 4218 15
4218 1416 5
1416 565 10
565 3119 20
3119 4540 16
4540 1756 14
1756 1589 18
1589 2795 15
2795 579 10
579 1823 2
1823 2147 2
2147 959 14
959 2244 5
2244 2755 19
2755 1234 17
1234 727 3
727 603 8
603 1087 10
1087 3584 16
3584 1923 13
1923 3102 3
3102 2653 10
2653 3926 15
3926 3948 12
3948 358 17
358 3844 10
3844 4182 10
4182 2620 11
2620 213 13
213 1248 13
1248 414 11
414 4696 7
4696 4325 16
4325 3616 14
3616 2974 4
2974 3553 11
3553 1488 13
1488 2444 15
2444 3889 5
3889 4966 2
4966 3429 9
3429 576 15
576 429 3
429 666 7
666 3812 19
3812 2942 5
2942 3296 18
3296 805 5
805 2307 16
2307 1970 2
1970 4682 3
4682 2197 8
2197 1235 3
1235 2760 14
2760 3219 18
3219 2638 8
2638 4428 7
4428 4429 3
4429 3064 1
3064 4769 15
4769 2841 1
2841 506 15
506 1892 18
1892 2422 18
2422 4832 18
4832 1272 3
1272 3143 5
3143 3266 17
3266 4389 12
4389 4765 19
4765 2012 20
2012 4427 12
4427 1104 16
1104 1289 10
1289 3230 17
3230 2548 19
2548 1691 4
1691 2401 18
2401 3032 1
3032 4750 11
4750 3649 20
3649 3721 3
3721 2396 1
2396 1705 4
1705 4706 10
4706 3227 12
3227 96 16
96 3965 9
3965 3766 2
3766 4941 3
4941 3202 13
3202 3242 12
3242 983 17
983 602 11
602 3579 8
3579 2442 9
2442 3856 2
3856 4731 1
4731 682 7
682 2496 5
2496 147 14
147 4004 6
4004 2668 18
2668 2689 4
2689 1649 20
1649 4565 15
4565 2298 6
2298 450 4
450 617 4
617 2374 11
2374 3006 19
3006 689 5
689 2287 15
2287 2793 2
2793 3608 9
3608 2595 15
2595 4729 2
4729 2105 14
2105 2877 15
2877 4264 17
4264 1258 9
1258 2388 6
2388 3744 1
3744 1501 1
1501 1516 1
1516 3443 20
3443 3493 17
3493 101 10
101 1350 11
1350 3931 15
3931 288 8
288 473 18
473 4292 7
4292 900 14
900 766 19
766 4324 20
4324 4062 3
4062 271 14
271 2581 14
2581 1772 14
1772 2519 17
2519 2039 4
2039 2615 11
2615 3192 19
3192 4110 16
4110 2928 3
2928 1188 15
1188 356 8
356 1335 4
1335 4822 13
4822 4717 12
4717 1438 11
1438 4789 20
4789 2205 10
2205 476 5
476 1275 10
1275 1448 2
1448 3352 14
3352 581 5
581 3288 13
3288 4409 4
4409 2813 15
2813 4058 3
4058 1093 19
1093 1123 15
1123 1071 16
1071 2823 8
2823 1572 8
1572 3820 12
3820 1906 10
1906 3024 18
3024 2015 2
2015 4149 4
4149 3896 12
3896 3852 16
3852 4074 8
4074 4448 12
4448 3918 10
3918 632 20
632 2250 8
2250 2163 17
2163 4289 17
4289 4115 11
4115 4198 9
4198 545 8
545 221 2
221 4724 7
4724 211 4
211 4415 5
4415 1739 8
1739 140 12
140 3734 8
3734 1912 20
1912 113 14
113 1826 4
1826 925 19
925 1502 4
1502 1163 16
1163 344 14
344 2762 13
2762 3444 5
3444 4499 6
4499 4478 20
4478 3895 8
3895 465 15
465 1375 11
1375 3673 7
3673 1621 11
1621 1955 19
1955 1046 7
1046 1972 13
1972 720 20
720 3591 15
3591 1934 3
1934 1253 12
1253 457 1
457 2511 15
2511 1013 15
1013 2070 15
2070 2672 4
2672 1960 16
1960 2452 7
2452 945 5
945 4890 19
4890 194 3
194 81 6
81 138 18
138 4213 4
4213 1252 19
1252 4382 11
4382 4356 5
4356 2344 17
2344 1266 8
1266 560 2
560 334 17
334 1790 5
1790 2436 1
2436 4016 12
4016 675 13
675 717 17
717 4403 14
4403 1278 11
1278 4230 7
4230 622 6
622 1469 12
1469 1120 9
1120 3560 10
3560 3818 4
3818 3960 8
3960 2077 2
2077 2260 10
2260 280 17
280 914 2
914 137 7
137 4659 14
4659 2820 4
2820 748 16
748 1468 10
1468 2510 18
2510 2757 3
2757 2787 9
2787 1632 17
1632 3510 17
3510 1571 9
1571 2022 13
2022 2392 20
2392 4119 18
4119 791 10
791 4964 6
4964 4105 9
4105 1896 14
1896 767 18
767 3619 15
3619 4286 20
4286 3046 8
3046 3706 6
3706 3973 2
3973 1382 10
1382 1931 14
1931 2274 19
2274 4638 19
4638 3275 6
3275 3867 2
3867 269 20
269 2146 14
2146 2600 12
2600 2450 18
2450 1067 3
1067 2060 3
2060 4794 20
4794 1153 12
1153 77 3
77 210 9
210 2040 20
2040 4339 8
4339 3153 1
3153 2628 16
2628 41 3
41 281 18
281 3837 13
3837 2024 5
2024 3405 17
3405 1917 1
1917 1103 2
1103 722 14
722 265 11
265 4635 14
4635 3797 7
3797 4168 2
4168 4490 20
4490 439 14
439 772 3
772 3159 12
3159 4674 11
4674 2425 4
2425 4301 11
4301 1858 13
1858 1688 9
1688 128 10
128 4080 17
4080 3623 6
3623 3704 9
3704 4338 20
4338 3010 17
3010 4723 2
4723 975 12
975 4142 15
4142 4027 19
4027 3562 19
3562 1101 20
1101 4782 17
4782 4231 13
4231 1690 6
1690 3748 8
3748 2020 5
2020 2000 8
2000 1781 16
1781 849 7
849 3228 10
3228 1527 13
1527 1003 6
1003 702 13
702 4595 2
4595 1850 4
1850 51 2
51 3021 4
3021 1977 11
1977 4268 14
4268 491 10
491 4103 7
4103 4631 16
4631 1737 11
1737 3254 10
3254 1859 13
1859 510 4
510 1631 7
1631 2219 6
2219 3689 19
3689 997 14
997 787 16
787 934 3
934 4612 4
4612 277 4
277 3088 9
3088 3407 9
3407 1628 16
1628 3571 12
3571 3194 12
3194 279 7
279 2120 5
2120 3446 2
3446 2350 18
2350 4484 10
4484 2208 15
2208 3434 10
3434 2180 10
2180 1385 4
1385 572 4
572 2929 9
2929 4787 13
4787 1979 8
1979 1712 15
1712 2176 1
2176 3745 20
3745 4655 13
4655 3461 11
3461 4185 8
4185 4626 19
4626 3170 18
3170 346 7
346 455 18
455 4086 7
4086 62 4
62 1053 3
1053 85 14
85 2384 16
2384 3855 20
3855 2228 11
2228 4242 10
4242 18 11
18 846 20
846 2984 19
2984 31 1
31 2366 3
2366 4376 10
4376 1888 13
1888 3813 19
3813 1005 2
1005 1586 2
1586 3952 10
3952 4396 4
4396 1107 16
1107 1633 14
1633 4423 20
4423 1711 2
1711 1961 9
1961 4667 2
4667 3536 10
3536 942 19
942 3297 1
3297 245 1
245 267 13
267 1989 9
1989 4029 7
4029 2376 4
2376 3682 10
3682 3320 7
3320 4399 2
4399 4416 2
4416 719 9
719 2037 13
2037 789 20
789 598 8
598 341 10
341 4597 13
4597 1837 17
1837 1311 5
1311 3347 12
3347 655 9
655 4506 13
4506 3245 5
3245 2558 5
2558 3142 2
3142 520 17
520 3601 15
3601 519 17
519 3722 11
3722 1591 5
1591 2617 4
2617 4721 15
4721 1326 14
1326 4163 17
4163 365 17
365 2143 9
2143 2339 3
2339 2327 8
2327 3346 15
3346 1871 10
1871 2803 17
2803 1020 6
1020 3949 7
3949 2920 9
2920 368 7
368 4196 5
4196 1853 8
1853 982 18
982 2003 16
2003 4417 16
4417 3206 15
3206 525 19
525 1847 2
1847 1932 19
1932 1002 12
1002 1618 13
1618 1726 13
1726 14 19
14 2346 9
2346 1081 8
1081 1391 12
1391 1421 15
1421 190 8
190 185 16
185 1401 3
1401 1192 14
1192 1364 14
1364 4302 5
4302 1142 9
1142 1077 1
1077 3777 4
3777 4481 19
4481 1309 1
1309 3413 1
3413 1797 10
1797 1340 10
1340 4437 16
4437 1655 17
1655 780 6
780 705 20
705 4385 19
4385 2792 13
2792 2506 20
2506 340 1
340 3932 6
3932 1060 5
1060 3882 19
3882 4687 12
4687 2127 12
2127 2385 9
2385 1282 8
1282 200 12
200 1503 1
1503 4873 17
4873 1155 7
1155 3760 13
3760 3877 15
3877 3368 16
3368 3928 19
3928 4414 14
4414 1420 17
1420 3188 14
3188 4849 3
4849 1226 16
1226 2526 19
2526 3073 5
3073 3034 3
3034 3899 8
3899 4981 7
4981 961 15
961 3321 6
3321 564 19
564 597 12
597 4777 14
4777 4909 13
4909 2698 16
2698 1273 14
1273 2159 6
2159 3016 20
3016 90 5
90 379 11
379 1563 16
1563 2079 13
2079 2669 7
2669 4227 8
4227 2247 7
2247 80 4
80 311 11
311 2232 20
2232 2645 5
2645 2957 18
2957 1579 19
1579 4503 3
4503 1277 15
1277 1588 4
1588 4468 11
4468 3457 8
3457 1047 8
1047 1210 8
1210 3547 7
3547 1310 15
1310 3524 12
3524 2434 3
2434 1209 20
1209 630 3
630 1303 17
1303 3768 11
3768 4541 20
4541 1728 16
1728 3226 19
3226 728 10
728 2721 11
2721 4393 17
4393 1779 11
1779 4898 12
4898 3522 11
3522 957 18
957 2666 16
2666 1865 13
1865 434 14
434 935 11
935 1367 18
1367 4858 13
4858 198 13
198 4299 9
4299 3858 20
3858 3509 6
3509 1363 9
1363 3160 14
3160 3735 15
3735 844 6
844 771 15
771 3038 9
3038 2046 19
2046 3107 5
3107 3096 2
3096 3060 11
3060 1007 4
1007 4079 11
4079 287 14
287 3993 10
3993 3398 8
3398 910 8
910 2826 16
2826 4152 8
4152 3826 11
3826 4808 17
4808 3641 5
3641 2477 16
2477 1485 7
1485 2085 4
2085 1398 6
1398 2380 3
2380 451 9
451 4856 5
4856 4620 9
4620 1052 2
1052 4304 12
4304 1481 12
1481 4837 2
4837 2809 12
2809 1141 9
1141 1816 1
1816 3274 18
3274 4140 13
4140 3175 10
3175 4662 1
4662 3613 14
3613 2931 13
2931 4666 14
4666 4630 17
4630 1953 10
1953 3538 3
3538 1011 18
1011 2349 7
2349 1215 19
1215 3763 20
3763 3244 12
3244 2983 11
2983 687 13
687 2624 8
2624 690 1
690 232 2
232 370 11
370 1211 9
1211 2643 2
2643 4321 11
4321 180 3
180 3464 11
3464 4959 10
4959 876 19
876 4262 13
4262 4786 19
4786 2901 10
2901 852 13
852 2018 17
2018 4532 14
4532 3287 18
3287 4013 5
4013 903 9
903 1245 18
1245 1478 10
1478 3379 7
3379 3441 9
3441 1036 19
1036 3145 17
3145 187 20
187 4096 5
4096 2807 17
2807 3885 5
3885 1240 3
1240 2113 7
2113 577 15
577 3186 19
3186 2788 5
2788 1806 3
1806 1514 17
1514 984 17
984 4819 20
4819 1683 4
1683 4877 1
4877 3697 10
3697 2948 14
2948 3250 20
3250 2290 15
2290 1815 16
1815 74 13
74 1165 9
1165 1963 8
1963 678 9
678 4244 10
4244 3314 10
3314 1809 12
1809 1822 18
1822 2430 10
2430 2148 17
2148 2154 1
2154 2165 1
2165 64 15
64 681 15
681 2262 6
2262 182 17
182 4619 1
4619 524 14
524 3465 1
3465 4411 5
4411 4686 2
4686 4374 19
4374 2417 15
2417 831 7
831 2520 8
2520 3861 13
3861 431 15
431 1616 9
1616 1320 5
1320 1265 19
1265 2360 10
2360 4100 7
4100 399 6
399 2397 17
2397 4803 10
4803 2319 19
2319 254 10
254 2220 5
2220 1424 3
1424 571 7
571 871 17
871 4076 19
4076 188 15
188 1480 16
1480 1106 10
1106 1161 2
1161 3151 18
3151 421 11
421 4327 11
4327 1353 20
1353 656 13
656 1810 8
1810 3356 15
3356 2719 15
2719 1787 4
1787 3703 15
3703 2501 18
2501 2647 16
2647 3330 14
3330 653 7
653 3246 11
3246 1833 3
1833 4408 20
4408 2913 16
2913 2134 10
2134 15 19
15 3700 20
3700 2850 5
2850 4973 13
4973 969 13
969 404 16
404 1224 15
1224 1082 10
1082 999 7
999 3204 11
3204 2286 13
2286 3482 19
3482 1570 8
1570 3025 5
3025 3257 5
3257 714 4
714 2547 12
2547 1788 13
1788 4962 17
4962 3834 10
3834 4771 7
4771 3800 2
3800 2322 1
2322 253 11
253 1158 6
1158 2631 9
2631 517 2
517 2044 18
2044 4797 12
4797 1802 9
1802 4561 15
4561 4005 18
4005 71 14
71 1608 16
1608 2451 16
2451 1944 10
1944 1701 10
1701 3261 20
3261 504 14
504 3531 2
3531 1097 1
1097 4138 13
4138 389 12
389 1472 4
1472 856 9
856 3507 10
3507 104 17
104 4240 17
4240 345 5
345 3354 13
3354 2175 12
2175 4538 7
4538 1483 7
1483 4869 17
4869 2311 5
2311 1807 9
1807 2128 7
2128 1640 19
1640 4519 1
4519 2283 10
2283 2068 3
2068 1283 1
1283 3897 13
3897 220 3
220 1427 10
1427 3980 11
3980 2256 11
2256 433 19
433 3764 1
3764 4215 1
4215 478 16
478 276 6
276 3390 5
3390 2586 11
2586 922 10
922 841 6
841 2238 2
2238 3699 19
3699 862 9
862 3049 5
3049 1357 19
1357 4799 11
4799 3220 8
3220 3359 6
3359 1100 2
1100 83 19
83 1062 18
1062 4177 17
4177 3934 14
3934 4833 17
4833 4774 20
4774 410 17
410 4134 12
4134 4342 20
4342 2831 18
2831 1185 6
1185 2599 4
2599 4390 12
4390 4465 14
4465 4021 20
4021 2811 19
2811 2299 18
2299 3945 4
3945 65 17
65 4271 9
4271 626 9
626 1529 4
1529 4934 3
4934 108 16
108 4197 12
4197 1333 5
1333 2351 8
2351 3311 7
3311 4032 19
4032 2173 7
2173 509 20
509 3272 15
3272 4172 11
4172 747 16
747 2927 9
2927 2072 6
2072 1784 11
1784 3825 3
3825 3871 19
3871 1113 8
1113 374 7
374 1027 20
1027 243 1
243 3491 1
3491 3448 8
3448 765 5
765 4709 11
4709 3740 1
3740 4024 5
4024 259 20
259 3605 4
3605 3209 10
3209 1762 12
1762 301 11
301 3790 20
3790 1274 14
1274 2960 1
2960 102 14
102 1730 7
1730 2859 14
2859 2435 7
2435 3111 5
3111 4905 14
4905 2592 10
2592 1092 12
1092 76 19
76 4053 6
4053 808 3
808 209 18
209 4850 9
4850 4938 10
4938 4732 1
4732 1031 8
1031 958 7
958 1566 7
1566 1547 19
1547 1873 3
1873 2415 3
2415 1156 4
1156 4145 17
4145 3322 9
3322 3644 7
3644 258 20
258 4221 12
4221 1179 3
1179 349 14
349 1666 10
1666 1499 16
1499 4542 17
4542 1818 3
1818 3350 20
3350 2783 3
2783 2011 5
2011 124 13
124 1536 4
1536 1473 20
1473 4571 5
4571 454 1
454 4568 20
4568 1556 6
1556 4488 9
4488 3332 13
3332 4961 19
4961 784 13
784 2533 10
2533 1555 6
1555 3821 10
3821 1894 16
1894 3419 13
3419 1901 16
1901 641 4
641 1254 19
1254 4275 17
4275 1629 9
1629 2954 4
2954 1489 11
1489 2342 11
2342 2479 11
2479 3033 20
3033 2035 13
2035 3185 10
3185 1718 16
1718 1757 18
1757 2602 5
2602 2607 3
2607 2779 9
2779 4978 5
4978 239 20
239 3803 8
3803 2095 2
2095 4820 1
4820 4156 2
4156 2798 5
2798 3269 16
3269 127 15
127 3344 11
3344 4443 6
4443 3793 18
3793 487 1
487 940 3
940 3773 9
3773 4600 12
4600 1009 19
1009 4567 19
4567 1593 4
1593 1964 7
1964 1484 18
1484 4439 12
4439 4678 8
4678 2552 4
2552 648 8
648 4233 19
4233 1079 3
1079 744 10
744 4258 17
4258 3842 18
3842 3815 7
3815 1830 12
1830 3752 5
3752 4557 3
4557 2940 2
2940 1564 4
1564 1523 10
1523 2865 14
2865 3183 6
3183 1954 18
1954 1513 6
1513 4360 6
4360 4689 13
4689 4979 11
4979 2855 13
2855 1829 12
1829 1819 17
1819 1359 11
1359 946 14
946 360 11
360 4800 6
4800 274 9
274 779 5
779 1328 11
1328 1748 19
1748 1205 18
1205 2379 8
2379 4931 5
4931 4188 2
4188 4948 7
4948 24 14
24 646 10
646 4866 19
4866 3363 11
3363 2761 16
2761 3294 16
3294 4564 11
4564 377 2
377 3439 10
3439 2934 8
2934 2575 1
2575 3795 1
3795 2094 6
2094 2697 2
2697 2033 1
2033 4935 5
4935 3259 3
3259 3998 19
3998 4265 13
4265 2404 20
2404 1269 12
1269 3136 15
3136 3005 5
3005 262 1
262 2002 3
2002 4344 20
4344 495 1
495 3304 17
3304 4270 20
4270 1749 7
1749 3337 13
3337 3596 10
3596 284 13
284 698 6
698 3902 7
3902 2222 8
2222 4695 6
4695 4039 14
4039 469 11
469 4477 20
4477 4235 15
4235 2432 1
2432 1115 18
1115 932 9
932 1919 19
1919 1383 5
1383 1078 17
1078 4681 13
4681 3709 16
3709 4926 7
4926 4980 2
4980 4181 3
4181 179 18
179 1372 15
1372 3609 9
3609 3870 14
3870 366 5
366 1609 15
1609 1425 3
1425 696 16
696 2122 5
2122 4461 2
4461 4387 14
4387 1670 3
1670 3663 17
3663 1849 12
1849 1371 9
1371 2276 10
2276 734 16
734 1921 18
1921 2986 19
2986 4986 1
4986 1881 9
1881 3281 3
3281 2657 15
2657 2854 10
2854 4201 12
4201 1950 10
1950 4585 10
4585 4122 6
4122 2706 19
2706 1125 18
1125 875 10
875 2734 8
2734 1236 13
1236 3850 16
3850 2866 12
2866 895 5
895 240 1
240 3515 2
3515 861 20
861 543 17
543 2914 11
2914 4485 14
4485 2478 2
2478 2746 5
2746 2071 13
2071 2862 10
2862 3054 15
3054 3787 4
3787 1257 12
1257 3883 4
3883 3807 16
3807 2126 12
2126 1627 11
1627 1411 7
1411 1792 1
1792 3529 7
3529 3000 12
3000 149 4
149 4434 5
4434 986 16
986 573 6
573 4090 16
4090 3004 17
3004 4319 14
4319 3190 7
3190 27 9
27 2778 15
2778 1774 9
1774 22 16
22 3600 9
3600 2853 12
2853 4658 19
4658 628 10
628 1773 7
1773 4424 7
4424 353 14
353 2263 6
2263 1174 14
1174 607 18
607 3251 20
3251 1840 14
1840 3715 16
3715 4663 10
4663 4760 4
4760 4295 14
4295 2992 13
2992 4692 5
4692 192 20
192 528 5
528 4668 17
4668 4406 8
4406 1043 12
1043 480 18
480 586 7
586 1193 18
1193 4422 8
4422 1197 15
1197 3045 14
3045 1374 7
1374 3420 5
3420 1246 15
1246 3557 12
3557 547 3
547 3917 6
3917 1465 4
1465 559 20
559 4993 8
4993 4353 1
4353 2117 4
2117 704 18
704 4108 12
4108 1393 8
1393 4458 16
4458 3627 5
3627 3345 19
3345 1221 14
1221 745 10
745 688 15
688 2114 18
2114 710 8
710 3603 10
3603 4045 9
4045 3056 15
3056 3655 8
3655 1183 3
1183 2976 5
2976 2630 16
2630 4082 9
4082 3976 15
3976 2348 15
2348 4483 17
4483 554 6
554 4106 15
4106 489 15
489 3891 18
3891 1636 16
1636 4743 2
4743 3954 3
3954 1131 5
1131 769 14
769 600 19
600 3435 4
3435 4040 2
4040 3833 4
3833 611 15
611 1175 15
1175 4780 20
4780 4845 15
4845 4476 18
4476 390 16
390 1605 8
1605 1178 15
1178 3229 17
3229 4035 8
4035 3912 12
3912 321 9
321 4807 10
4807 818 11
818 3723 13
3723 3660 4
3660 1492 19
1492 2108 15
2108 4261 1
4261 68 2
68 3362 16
3362 1495 6
1495 4576 9
4576 4293 15
4293 4003 17
4003 1613 18
1613 2965 11
2965 1808 15
1808 4192 1
4192 4014 17
4014 4224 19
4224 799 4
799 858 11
858 16 12
16 2019 9
2019 1099 12
1099 3357 1
3357 2729 18
2729 1506 9
1506 4778 7
4778 3059 7
3059 4881 3
4881 3067 5
3067 4384 6
4384 283 4
283 3720 10
3720 4882 9
4882 1177 8
1177 4772 10
4772 790 12
790 1935 15
1935 4193 14
4193 4744 12
4744 921 19
921 1860 5
1860 4189 18
4189 4127 8
4127 3225 13
3225 3574 7
3574 1750 20
1750 4749 3
4749 2868 16
2868 3667 14
3667 3195 2
3195 1664 17
1664 1034 8
1034 888 4
888 3418 12
3418 2169 3
2169 2347 10
2347 2894 20
2894 2890 14
2890 3397 5
3397 1362 7
1362 2633 11
2633 1231 16
1231 3147 3
3147 2796 14
2796 4364 13
4364 2816 11
2816 2873 15
2873 1692 6
1692 2324 7
2324 1836 17
1836 1000 14
1000 2774 19
2774 919 10
919 4175 13
4175 4894 11
4894 2743 10
2743 4719 16
4719 376 11
376 3271 13
3271 17 5
17 3157 11
3157 4254 2
4254 4010 19
4010 4610 4
4610 788 4
788 3089 13
3089 2317 14
2317 1720 19
1720 1883 6
1883 2843 5
2843 4112 9
4112 878 20
878 4652 14
4652 599 11
599 392 10
392 3036 20
3036 1014 6
1014 2468 8
2468 3937 7
3937 1821 3
1821 1486 6
1486 3548 18
3548 3489 5
3489 2593 14
2593 1791 11
1791 4444 7
4444 4104 12
4104 902 18
902 4281 18
4281 4555 1
4555 2802 5
2802 1396 4
1396 2301 4
2301 3865 5
3865 4143 17
4143 3946 20
3946 162 16
162 1831 10
1831 4077 2
4077 762 5
762 1771 3
1771 3409 1
3409 3267 20
3267 2842 16
2842 325 8
325 3335 12
3335 3404 7
3404 4133 11
4133 3184 5
3184 1929 17
1929 3968 1
3968 307 15
307 3868 9
3868 1352 7
1352 4239 12
4239 809 11
809 3890 7
3890 4236 5
4236 3007 15
3007 3013 2
3013 4456 9
4456 3371 7
3371 992 2
992 535 6
535 4545 3
4545 754 9
754 2332 18
2332 1249 14
1249 866 6
866 4331 10
4331 1671 19
1671 4633 2
4633 1665 2
1665 1546 2
1546 3898 11
3898 4572 12
4572 3564 17
3564 110 4
110 3340 14
3340 2699 1
2699 4300 2
4300 2198 16
2198 2922 6
2922 86 20
86 1407 11
1407 72 6
72 816 2
816 4460 17
4460 2405 12
2405 4009 1
4009 2381 19
2381 515 13
515 2690 3
2690 3432 14
3432 2790 15
2790 679 3
679 1464 9
1464 979 1
979 1415 7
1415 1681 8
1681 2989 5
2989 4790 16
4790 3402 15
3402 531 19
531 2852 17
2852 2642 2
2642 1594 11
1594 233 11
233 3381 1
3381 4796 7
4796 2525 11
2525 1229 9
1229 4684 2
4684 3039 17
3039 4146 11
4146 2464 20
2464 1986 9
1986 2925 19
2925 4937 11
4937 4683 4
4683 2421 16
2421 2988 7
2988 4902 16
4902 1166 11
1166 2371 14
2371 4253 8
4253 3492 7
3492 3502 16
3502 4577 10
4577 2644 12
2644 4011 7
4011 2732 2
2732 4454 2
4454 1124 10
1124 3907 12
3907 820 1
820 3631 8
3631 1783 12
1783 3710 1
3710 3019 20
3019 1029 12
1029 1404 7
1404 1216 13
1216 2748 17
2748 542 3
542 1194 5
1194 75 12
75 3388 3
3388 1778 17
1778 724 2
724 2343 8
2343 1995 13
1995 4609 3
4609 1700 10
1700 3651 11
3651 1337 15
1337 1658 5
1658 2636 5
2636 2578 11
2578 4445 7
4445 4494 1
4494 3543 14
3543 994 18
994 1345 2
1345 953 5
953 1336 19
1336 3178 9
3178 4469 1
4469 4554 3
4554 1959 17
1959 191 19
191 3052 9
3052 4276 13
4276 1392 17
1392 4250 2
4250 1470 16
1470 1543 16
1543 802 13
802 178 16
178 4605 17
4605 4151 18
4151 3565 11
3565 3017 4
3017 589 4
589 3707 15
3707 1567 6
1567 2433 10
2433 3256 3
3256 244 20
244 2799 10
2799 1348 16
1348 4473 1
4473 174 7
174 2313 20
2313 1284 1
1284 3521 3
3521 2069 18
2069 152 12
152 3120 6
3120 241 16
241 4209 9
4209 3729 10
3729 2431 9
2431 4558 18
4558 3857 11
3857 1966 15
1966 3155 1
3155 3424 16
3424 3845 6
3845 623 20
623 2679 9
2679 2893 14
2893 3915 16
3915 3628 13
3628 2363 3
2363 4861 17
4861 1982 2
1982 1553 9
1553 1540 1
1540 811 2
811 4781 15
4781 3122 13
3122 3391 15
3391 3594 19
3594 4535 12
4535 4359 19
4359 775 15
775 2819 16
2819 3027 17
3027 483 14
483 988 15
988 929 6
929 4584 18
4584 2985 7
2985 1755 3
1755 1135 5
1135 4234 13
4234 3528 1
3528 3661 11
3661 2863 12
2863 3351 8
3351 4588 8
4588 3645 9
3645 2131 13
2131 822 14
822 3453 17
3453 1731 12
1731 106 14
106 4238 12
4238 4310 12
4310 4228 7
4228 3997 6
3997 1389 7
1389 1598 16
1598 388 16
388 2709 9
2709 2499 18
2499 1004 9
1004 4621 17
4621 4591 7
4591 4549 14
4549 3846 11
3846 3083 10
3083 2157 14
2157 4653 15
4653 3084 2
3084 1583 4
1583 2926 4
2926 551 18
551 658 10
658 1365 11
1365 3757 7
3757 3423 9
3423 3077 3
3077 2574 3
2574 2234 14
2234 2648 6
2648 2610 17
2610 1244 6
1244 1049 3
1049 4887 5
4887 396 1
396 3904 11
3904 3015 3
3015 2123 19
2123 2562 6
2562 835 16
835 308 6
308 2419 9
2419 4252 2
4252 3916 13
3916 3869 11
3869 3454 20
3454 4048 19
4048 3331 10
3331 1545 18
1545 575 12
575 823 6
823 329 19
329 3378 6
3378 2769 16
2769 445 12
445 937 13
937 2216 5
2216 2812 7
2812 3319 13
3319 3168 10
3168 3501 5
3501 4457 11
4457 2727 5
2727 3716 2
3716 650 8
650 1887 9
1887 4049 16
4049 4562 7
4562 3462 13
3462 3618 15
3618 3430 18
3430 4608 14
4608 4407 19
4407 2199 12
2199 566 13
566 4917 18
4917 3741 4
3741 1190 11
1190 2382 7
2382 4643 10
4643 3900 20
3900 472 17
472 1673 12
1673 4733 8
4733 1050 5
1050 838 6
838 4842 9
4842 166 16
166 2541 14
2541 4369 2
4369 505 5
505 3719 3
3719 3909 15
3909 2058 3
2058 3921 10
3921 2521 3
2521 2367 4
2367 1423 2
1423 3316 6
3316 3995 13
3995 1462 5
1462 938 3
938 4280 20
4280 1878 19
1878 416 1
416 4844 2
4844 4925 17
4925 3312 15
3312 4892 13
4892 827 8
827 1096 18
1096 2279 3
2279 3989 11
3989 3779 19
3779 3041 2
3041 1811 18
1811 3057 4
3057 3139 8
3139 500 6
500 3279 3
3279 584 9
584 797 7
797 2483 9
2483 2078 1
2078 1602 5
1602 3602 15
3602 3947 6
3947 2752 12
2752 4223 7
4223 1699 2
1699 3884 17
3884 674 12
674 2923 9
2923 2036 6
2036 2908 2
2908 384 10
384 3399 4
3399 737 15
737 2551 15
2551 2937 10
2937 348 9
348 3447 3
3447 1378 17
1378 4075 4
4075 3913 1
3913 1024 6
1024 3302 5
3302 4169 17
4169 2678 17
2678 629 18
629 3829 10
3829 1220 10
1220 150 14
150 4708 6
4708 4928 8
4928 4285 5
4285 1431 20
1431 1660 14
1660 928 1
928 703 20
703 133 17
133 2830 9
2830 574 6
574 1735 15
1735 2652 19
2652 1841 10
1841 2613 20
2613 3328 10
3328 561 15
561 2753 14
2753 1652 19
1652 2144 1
2144 4761 9
4761 3751 13
3751 2074 13
2074 1723 5
1723 3692 14
3692 4277 5
4277 742 1
742 2582 11
2582 810 7
810 4569 8
4569 2634 7
2634 270 7
270 3047 18
3047 1574 17
1574 1875 11
1875 330 6
330 3974 7
3974 896 3
896 3373 16
3373 3808 15
3808 2463 3
2463 4418 17
4418 2815 8
2815 1766 8
1766 1435 3
1435 1910 19
1910 1147 12
1147 2596 5
2596 475 17
475 1057 7
1057 1504 18
1504 550 13
550 2982 12
2982 3640 18
3640 2420 11
2420 4763 17
4763 3301 18
3301 4950 14
4950 3847 9
3847 4836 7
4836 4512 19
4512 1942 20
1942 635 10
635 4305 3
4305 3072 11
3072 331 13
331 2227 13
2227 3698 5
3698 1095 14
1095 386 20
386 4307 7
4307 1171 4
1171 4015 18
4015 2443 9
2443 143 10
143 670 14
670 2512 16
2512 530 19
530 1639 1
1639 4326 6
4326 4466 13
4466 171 17
171 3688 16
3688 2673 15
2673 4580 13
4580 3105 2
3105 4758 8
4758 3988 19
3988 4059 20
4059 4736 2
4736 869 10
869 3903 16
3903 1578 6
1578 905 3
905 173 17
173 2763 6
2763 1517 19
1517 1582 13
1582 1657 9
1657 569 17
569 3713 10
3713 2269 5
2269 2737 8
2737 3614 17
3614 4383 12
4383 1962 6
1962 1072 4
1072 680 1
680 3460 19
3460 2612 7
2612 3822 1
3822 4263 19
4263 39 1
39 4522 2
4522 3743 15
3743 2517 6
2517 1250 4
1250 2766 10
2766 3702 17
3702 99 4
99 2043 5
2043 3193 1
3193 2209 6
2209 595 10
595 2529 7
2529 1851 6
1851 2994 19
2994 3305 10
3305 1719 4
1719 2092 14
2092 2756 19
2756 3607 1
3607 1338 10
1338 2282 18
2282 3364 12
3364 4702 12
4702 2096 17
2096 4273 1
4273 4910 10
4910 2088 6
2088 4071 14
4071 4028 7
4028 752 19
752 1065 18
1065 3654 16
3654 4824 4
4824 1206 15
1206 2858 9
2858 3106 17
3106 4249 3
4249 3349 5
3349 4827 19
4827 1569 14
1569 2295 20
2295 2427 15
2427 552 3
552 1561 3
1561 3801 4
3801 4363 4
4363 1399 7
1399 540 12
540 4707 7
4707 1518 19
1518 3677 11
3677 1182 6
1182 1882 7
1882 163 9
163 3277 9
3277 471 1
471 2527 17
2527 4162 17
4162 3237 9
3237 4623 16
4623 2614 16
2614 4907 7
4907 2008 16
2008 4860 2
4860 3999 9
3999 160 20
160 2685 6
2685 2161 4
2161 2764 20
2764 3629 14
3629 1584 9
1584 773 4
773 3664 12
3664 1785 16
1785 4855 2
4855 930 12
930 3755 1
3755 3450 17
3450 2583 20
2583 260 12
260 4688 11
4688 324 5
324 3487 17
3487 4432 9
4432 3080 9
3080 4157 8
4157 2661 17
2661 3830 3
3830 3043 1
3043 2505 15
2505 4586 3
4586 2149 14
2149 1346 9
1346 116 3
116 2292 6
2292 4044 19
4044 3348 13
3348 4614 11
4614 3626 18
3626 46 5
46 3326 6
1 2546 10
1 2152 10
2 1756 1
2 4218 2
2 565 4
2 3119 5
3 2242 7
4 359 3
4 2492 2
4 2716 1
5 855 5
5 3513 2
5 1445 4
5 3300 1
5 3737 8
6 633 4
7 4933 6
7 3975 1
7 1429 7
8 1709 4
8 4351 9
8 4574 5
8 1741 3
8 2713 6
9 2667 2
9 964 5
9 2656 1
10 2233 1
10 4388 6
11 4097 10
11 2598 2
11 1355 1
11 20 3
11 4997 3
12 2326 7
12 1381 9
12 1689 2
12 2437 6
13 4203 4
13 145 2
13 323 3
13 951 5
13 2751 9
14 1081 2
15 1224 7
15 4973 3
16 1506 8
16 4778 9
16 3357 4
16 3059 10
17 3089 2
17 4010 7
17 2317 1
18 3813 1
18 2366 6
18 2984 5
19 619 8
20 1985 4
20 4097 10
20 3315 7
20 2202 2
20 4828 9
21 2745 5
21 4297 6
21 2010 1
22 4424 9
22 4658 2
23 2271 10
23 315 2
23 917 7
23 3210 1
23 3811 7
24 2761 5
24 3294 2
24 377 5
25 4985 6
25 4982 8
25 3606 6
25 2454 1
25 4229 9
26 1744 6
26 2654 1
26 2839 10
27 4424 10
27 2263 2
27 1773 4
27 1774 5
27 628 4
28 3031 8
28 2524 8
29 3308 7
29 1022 6
29 1069 3
29 3336 9
30 2272 8
30 4664 1
30 899 3
30 4279 7
31 3952 8
31 3813 2
31 1005 2
31 1888 9
32 37 7
32 477 2
32 4528 1
33 4336 5
33 3552 4
34 3389 5
35 911 8
35 837 7
35 58 7
36 1368 2
36 1685 7
37 1239 7
37 3765 7
37 477 10
37 4952 5
37 4528 1
38 3468 9
38 4539 1
38 1943 3
38 4131 6
38 664 7
39 1250 4
40 2196 6
41 1917 9
41 2024 4
42 4392 3
42 1230 6
42 2491 5
42 3556 9
42 2050 3
43 3280 2
44 4179 5
44 3767 7
44 1403 2
44 3270 9
45 1429 3
45 1676 10
45 3129 6
46 1296 5
46 885 4
47 792 5
48 2995 7
49 2834 8
49 2836 7
49 3658 3
49 1702 10
49 164 8
50 1408 2
50 1641 8
51 491 7
52 2361 3
52 1118 9
53 541 8
54 3534 2
54 2221 7
54 2490 9
55 415 5
55 3780 5
55 3361 9
56 169 9
57 665 10
57 50 3
57 1408 5
57 4174 1
58 729 5
58 2670 1
59 989 9
59 4093 9
59 3567 9
59 2212 2
60 4510 8
60 2516 7
60 2609 5
61 13 8
61 323 3
61 145 3
61 2751 6
62 18 3
62 2228 8
62 3855 5
63 549 9
63 448 4
63 756 1
63 1366 10
63 1028 9
64 2262 6
64 4619 9
64 4411 2
64 182 2
65 4197 5
65 626 10
65 108 4
65 4934 8
65 1333 6
66 894 2
66 3957 6
66 3582 2
66 3691 6
67 976 7
67 2906 1
67 2990 2
67 2387 10
68 1613 3
68 4003 3
68 4293 3
68 1495 9
69 1580 3
69 1042 1
69 4167 1
69 985 2
70 4311 6
70 1993 5
70 1238 2
70 1213 1
71 1701 4
71 1944 6
72 2690 4
72 2381 10
72 515 6
72 4460 2
72 2405 8
73 1625 9
73 3804 10
73 2692 2
73 4440 8
73 570 10
74 3314 1
75 1700 2
76 4732 3
76 808 9
76 209 5
77 2628 8
77 2040 8
77 4339 2
77 2024 8
77 3153 10
78 2881 1
79 412 7
80 2232 10
80 2645 8
80 1579 1
80 4503 10
80 2957 1
81 1252 3
81 4356 3
82 1736 5
83 4774 2
83 410 2
83 4134 4
83 4177 8
84 3115 5
84 167 4
84 4599 10
85 2228 2
86 2381 1
87 2041 3
87 400 5
87 4923 6
87 1967 5
88 4551 6
88 3810 8
88 880 6
89 2723 5
90 2079 9
90 2669 6
90 4227 7
91 1642 1
92 1775 10
93 2482 1
94 974 1
94 3050 6
94 1443 10
94 4284 4
94 1765 8
95 3215 3
95 3097 7
96 3202 7
96 3766 9
96 4941 7
96 983 10
97 1491 6
98 3243 9
98 1796 3
98 2426 2
99 1851 2
100 261 10
100 4536 3
100 12 3
100 2916 1
101 288 8
101 473 1
101 900 4
102 2859 2
103 2424 4
103 2561 3
104 345 2
105 3343 8
106 1598 6
106 388 8
106 4228 3
107 4255 6
107 3633 7
107 2064 10
108 3311 7
108 2351 1
108 2173 7
109 1930 3
109 488 10
109 4343 3
110 1407 7
110 2381 5
110 2198 8
110 4300 4
111 2844 4
111 2364 6
112 1798 4
112 1893 4
112 2239 8
112 1531 7
112 2266 4
113 344 5
113 2762 9
113 1163 1
113 925 1
113 1502 4
114 148 10
114 1098 8
114 1838 2
114 214 8
115 4642 5
115 3253 9
115 466 5
116 1296 1
117 4945 4
117 966 1
118 526 8
118 2026 4
118 3426 2
118 2051 8
119 1214 2
119 3816 5
119 3252 4
119 2099 6
120 294 1
120 1508 7
120 1219 7
120 706 9
121 4818 10
122 3762 6
123 4194 1
124 1556 7
124 454 6
125 1753 7
125 4851 10
125 853 5
125 2253 1
125 4755 5
126 2152 10
126 2546 10
126 834 8
127 4600 1
127 3773 10
127 487 10
127 4443 1
128 3623 10
128 4338 2
128 975 9
129 1126 7
130 4020 2
130 1476 10
130 694 4
130 4450 9
131 1752 9
131 1817 9
131 2016 8
131 3169 10
131 2713 8
132 3486 6
132 3123 3
132 1524 2
132 3530 6
133 1841 6
133 2652 8
134 732 3
134 2938 8
134 4801 4
134 3599 8
134 3981 8
135 3081 8
135 4190 6
135 2355 6
135 1119 6
136 3817 7
136 1331 4
136 4767 4
137 2757 5
137 2510 10
137 2787 2
137 2820 4
137 1468 1
138 4356 6
138 2344 7
138 1252 3
139 400 4
139 1967 7
139 4526 6
140 1826 8
140 925 5
141 3684 2
141 4081 8
141 2409 3
141 2321 10
142 2485 9
143 171 7
144 4381 9
145 2711 8
145 1725 4
146 2794 6
146 2711 3
147 2668 9
147 2689 1
147 1649 6
148 2536 8
149 3190 1
149 573 6
149 3004 7
149 4319 6
149 986 2
150 4285 9
150 703 2
151 4097 1
152 4558 4
152 3729 6
153 2945 6
154 4008 8
154 3940 3
155 2294 10
155 1434 2
156 1136 1
156 1846 10
156 1419 8
156 4431 9
157 4493 7
157 3425 4
157 998 5
157 499 9
158 1419 10
158 1846 10
158 2531 5
159 4006 3
159 2979 1
159 2621 7
159 3181 8
160 2764 1
160 3629 4
160 1584 2
161 1592 4
162 762 9
162 4077 10
162 2842 6
162 3409 1
163 4162 4
163 3237 2
163 2614 9
163 471 5
164 3248 4
164 1702 2
164 363 7
165 56 5
166 3719 8
166 3921 1
167 2281 8
167 4288 8
167 1023 3
168 960 2
168 2739 3
168 2333 8
168 4147 4
169 924 8
169 2383 10
169 2304 4
169 4111 5
170 1422 9
170 1519 9
170 1291 8
170 1669 6
170 3152 10
171 4059 8
171 4758 10
171 4580 1
171 3105 9
172 1863 2
172 1799 5
172 3455 7
172 1406 1
172 237 3
173 1582 9
173 569 7
173 2269 8
173 1517 3
173 1657 10
174 3120 1
174 3857 10
174 2069 10
174 2431 6
174 241 2
175 1941 9
175 706 7
175 1219 3
176 2151 8
177 716 3
177 310 8
177 1452 5
177 3624 8
178 3565 4
178 589 2
178 4151 10
178 1567 10
178 3707 5
179 696 8
179 1609 7
179 366 1
179 1425 6
180 4262 1
180 2901 4
180 852 2
181 4974 6
181 874 6
181 380 6
182 4686 1
183 4989 2
183 1951 8
183 4955 8
183 4650 1
184 2718 5
184 1973 7
184 2075 4
185 1192 9
185 1364 5
186 4334 5
186 1434 6
186 2368 10
187 3186 3
187 2807 2
187 577 10
187 3885 5
187 2113 6
188 3151 8
189 4583 2
189 4125 8
189 3941 9
190 1401 9
190 1192 2
191 1470 10
191 4250 9
191 4276 1
191 802 3
191 1392 1
192 1193 8
192 1043 7
192 480 4
192 586 10
192 4406 7
193 3163 7
194 2344 4
194 1790 9
195 3481 4
195 1597 4
195 4467 3
196 4257 10
196 4783 3
196 2151 9
196 1417 10
197 604 2
198 3509 4
199 4779 6
199 1260 3
200 3928 1
200 3877 2
200 1155 10
201 652 1
201 1354 4
201 94 10
201 3966 6
202 2399 9
203 1189 10
203 2328 7
204 3069 4
204 993 6
205 1242 5
205 4679 6
205 1511 3
205 2605 3
205 257 9
206 3725 5
206 2285 10
206 4656 4
207 1734 7
207 1600 6
207 1324 4
207 4220 9
208 4606 10
208 3417 8
209 1566 4
209 1031 2
209 4732 4
210 3837 1
210 4339 4
210 281 1
210 2024 3
211 113 6
211 1739 8
211 1502 3
211 140 10
211 2762 2
212 2646 5
212 746 8
212 494 10
212 3611 3
212 4001 6
213 4696 6
213 414 10
214 1839 10
214 2536 3
214 1384 4
215 781 3
215 4370 4
216 4802 2
216 1276 2
217 3802 6
217 4776 3
217 3559 1
217 3132 3
217 1623 7
218 758 7
219 1111 9
219 1207 10
220 3980 3
221 140 4
221 3895 2
221 1163 3
221 4499 8
222 3633 9
222 2064 8
223 1368 3
223 3249 6
223 3681 6
223 3449 10
223 1832 10
224 2900 3
224 892 9
224 1500 9
224 668 3
225 3681 3
225 1832 7
225 2700 8
225 3249 10
226 3860 7
226 1974 8
226 1306 8
226 208 5
226 3417 2
227 4022 9
227 470 1
227 2488 3
227 3984 3
228 3511 9
229 4412 2
229 3040 3
230 3718 1
231 2534 5
232 3464 6
232 4262 4
232 2901 6
233 4684 6
234 553 7
234 4816 7
235 3964 3
235 2641 10
236 1689 6
236 2164 8
236 38 6
236 1943 1
236 4657 2
237 4471 5
238 2504 5
239 2095 2
239 127 10
239 3269 2
239 4156 10
240 2746 4
240 4485 3
240 2914 7
240 861 7
240 2478 1
241 3857 2
241 2431 1
242 4474 5
242 3162 6
242 3414 8
242 2619 4
243 4709 1
243 259 8
243 3740 2
244 3521 1
244 4473 7
244 4209 7
245 4399 10
245 3320 8
245 2376 6
245 4029 10
246 1342 5
246 3551 2
246 613 8
246 521 3
247 3540 9
247 3657 2
248 4899 6
249 3384 7
249 3009 9
250 1958 5
250 1083 5
250 4495 3
251 537 9
252 3303 10
252 1490 8
252 3333 6
252 4727 9
253 517 9
253 2631 8
253 4561 3
253 1802 6
253 2044 6
254 1424 5
254 188 7
255 121 3
255 4269 3
256 1846 1
256 1857 2
256 2389 6
257 4679 4
257 3738 9
258 4542 8
259 3209 7
259 3790 5
259 1762 3
259 1274 5
260 324 3
260 2661 3
260 4432 1
260 3080 10
261 2437 7
261 1943 9
261 1689 5
261 4131 4
262 4270 1
262 3304 1
262 3337 4
262 4344 8
262 1749 3
263 4712 5
263 1276 1
263 987 7
264 1299 8
265 3159 7
265 3797 3
265 4490 8
265 4168 8
266 3158 9
266 4656 6
266 2786 5
267 4416 4
267 3682 10
267 3320 10
267 4029 1
268 1133 1
268 4290 3
268 3494 5
268 246 7
268 2049 3
269 2450 7
270 896 10
271 2615 1
271 2519 7
271 3192 8
271 4110 9
272 2694 2
273 783 2
273 833 4
273 4646 6
273 2750 6
274 1205 3
275 3236 9
276 2238 2
276 862 7
276 3699 4
276 841 1
276 2586 3
277 3571 2
277 3407 8
277 279 5
277 3194 4
278 4313 7
279 4484 2
279 2180 8
279 2208 4
280 2510 4
280 1468 10
280 1571 2
280 3510 6
281 722 10
281 1917 6
281 3405 9
281 1103 9
282 733 3
283 790 9
283 1935 2
283 1177 7
284 4039 5
285 4063 2
285 3473 4
285 313 10
285 2969 3
286 3130 2
287 4152 1
287 4808 7
287 3826 4
287 3398 7
288 4324 4
288 900 7
289 583 3
289 4402 8
289 1997 9
289 815 7
289 4366 2
290 2759 8
290 2701 2
291 3369 8
291 3739 5
291 1017 9
292 570 1
293 2050 10
293 3556 1
293 4315 9
294 1449 2
294 337 4
294 2905 1
294 1295 7
294 706 3
295 2654 9
296 1900 1
296 989 7
296 3323 8
297 4043 1
298 1180 4
298 1030 3
299 3987 6
299 3559 6
300 1717 1
300 786 9
300 4676 7
300 1356 7
300 2658 4
301 102 3
301 1274 9
301 2960 8
301 3111 9
302 1330 5
302 508 2
303 1509 4
303 2257 6
304 2846 5
305 2545 9
306 2550 1
306 4611 9
306 2530 1
306 1845 9
307 4239 4
307 809 6
307 3890 9
308 3869 5
308 3916 8
308 3331 8
308 3454 7
308 4252 8
309 1330 1
309 4879 9
309 452 9
309 4064 10
309 2271 7
310 3307 3
310 3624 1
310 4405 1
311 4503 1
312 2524 8
312 1172 3
313 3794 5
313 3473 2
313 2969 4
313 4063 2
314 806 7
315 2271 5
316 4999 2
316 1463 10
317 1952 4
317 21 1
317 2972 4
317 2745 8
318 4705 5
318 3233 5
319 4903 1
319 4604 1
319 1687 2
320 1460 9
320 3848 5
320 216 1
321 4261 10
321 1492 6
321 2108 10
321 3660 6
322 312 10
322 3031 5
322 1703 6
322 1444 7
322 2524 3
323 2794 9
323 2711 3
324 2661 10
325 307 9
325 1929 4
325 3184 3
325 3404 1
325 3968 6
326 4257 6
326 2151 8
326 3669 7
326 4999 1
327 842 5
327 3780 4
328 4604 10
329 445 10
330 4418 5
330 2815 5
330 2463 5
330 3808 1
331 4307 4
331 4015 9
332 2185 8
332 4355 2
332 4398 3
332 4453 1
332 1659 3
333 1490 1
333 4166 7
333 4727 3
334 717 5
335 2090 3
336 1525 8
336 1444 2
336 4581 4
337 3923 4
337 1295 8
337 1695 8
337 2905 7
337 4195 4
338 723 10
338 1324 10
338 1600 4
338 2429 7
339 693 6
339 897 2
340 2385 10
340 3882 1
340 4687 8
340 2127 4
340 1060 5
341 3245 4
341 3347 1
342 1531 1
342 4462 3
342 2239 9
343 3087 9
343 4615 7
343 1409 1
343 4247 10
343 2170 3
344 3895 8
344 465 9
344 3444 3
344 1375 2
344 4478 6
345 4869 9
345 2175 9
346 846 1
346 2384 5
346 2366 9
347 2387 1
348 1024 7
349 2011 2
350 1914 10
351 4441 7
351 4124 4
351 461 8
351 4160 3
352 4604 8
353 1174 9
353 4663 9
353 3251 4
353 607 6
354 2001 7
354 2052 7
354 428 5
354 4813 7
354 2805 9
355 3221 5
355 2805 9
356 2205 6
356 4822 10
356 1438 3
356 4789 7
357 673 3
357 4211 1
357 2696 7
358 414 6
358 3616 4
359 2153 2
359 4751 9
360 779 4
360 1205 8
360 1748 4
360 2379 5
361 3922 6
361 441 5
361 649 1
361 159 10
361 2204 6
362 3927 2
362 2195 4
362 712 7
363 536 4
364 4388 9
364 2720 2
364 4946 8
365 2327 3
365 2339 5
365 1871 2
365 3346 2
365 2803 8
366 4461 6
367 4050 3
367 273 6
367 2682 7
367 3668 6
367 4332 4
368 3206 9
368 1853 5
368 982 4
369 3823 5
369 3671 1
369 536 1
370 3464 5
370 4786 10
370 852 9
370 2643 3
370 2018 8
371 645 3
371 4596 1
371 2308 7
371 2509 1
372 1319 9
372 936 5
372 2571 9
372 1302 6
373 1487 9
373 4225 4
373 2939 10
373 657 9
374 3448 2
374 3209 10
374 765 8
375 3508 10
375 2306 8
375 2076 3
375 1764 5
375 3940 6
376 2317 2
376 17 1
376 4610 2
376 3157 4
376 3089 4
377 2094 9
378 59 7
379 2079 3
379 1579 5
379 311 2
379 4503 7
380 4563 1
380 4974 5
381 4543 4
381 4520 4
381 2846 9
381 458 2
382 2502 9
382 516 7
382 2980 6
382 1653 7
383 2958 5
383 1038 6
383 3572 6
383 4042 7
384 3447 5
384 1378 3
384 1024 9
384 2937 7
385 2828 9
385 1842 8
385 3514 6
385 967 8
386 4580 5
386 3105 1
386 2512 6
386 4059 10
387 4624 5
387 2573 7
387 1938 8
387 3586 5
387 3149 2
388 4621 6
388 4591 2
388 4549 3
389 2175 7
390 321 3
391 2680 10
391 2090 4
391 4604 9
391 2915 2
391 103 2
392 3937 3
392 1014 4
392 1486 5
392 2468 10
393 4801 2
393 3599 8
394 3981 8
394 2938 4
394 4801 8
394 1360 10
394 3893 1
395 4180 3
395 1233 3
395 2475 8
395 2825 6
395 2472 1
396 3331 5
396 2123 9
396 3454 6
396 4252 9
396 2419 3
397 565 2
397 1756 5
397 1416 10
398 2557 9
398 601 6
398 1697 8
399 2319 3
399 1480 7
399 3151 6
399 188 9
399 571 1
400 4526 3
400 2014 5
400 3393 6
400 4843 10
401 1798 2
401 1531 3
401 2239 6
402 3303 10
402 1490 5
402 4685 10
402 3333 1
402 4282 1
403 4930 10
404 999 6
404 3204 9
404 1082 5
404 1570 1
405 2555 3
405 1471 4
406 1442 10
406 3445 3
406 3791 4
407 3079 2
407 3657 6
408 3792 7
408 4438 6
408 2827 10
408 1727 10
408 534 9
409 2352 9
409 4793 6
410 4390 9
410 4342 7
410 2831 5
410 4465 3
410 2599 9
411 443 5
411 2471 8
411 3163 1
411 4924 7
412 1891 7
412 3880 5
412 3638 4
412 1433 6
412 1091 5
413 3941 5
413 4583 8
413 2509 10
414 1488 10
414 2444 3
414 3616 5
415 3289 8
415 640 4
416 1096 4
416 4892 10
416 2279 3
416 827 6
417 4534 6
417 2840 1
417 3652 8
417 3063 8
418 223 5
418 3681 2
418 3249 1
418 1368 9
418 1090 6
419 3329 4
419 2555 8
419 582 9
419 3936 3
420 2945 6
421 1353 8
422 1952 1
422 546 7
422 2458 6
422 317 10
423 2294 3
423 4400 1
423 3695 3
423 2251 2
424 2461 8
424 4810 5
425 2998 9
425 1542 7
425 3872 9
426 2315 3
427 2684 9
427 4391 1
427 2904 10
427 819 3
428 2805 7
428 1587 8
428 2001 8
428 2870 3
428 4813 1
429 3812 5
430 3532 10
430 4526 5
430 4923 8
430 4843 5
430 2041 6
431 399 1
431 2319 9
431 1480 3
431 1320 4
432 444 1
432 2132 8
432 4716 8
432 1281 9
433 1357 10
433 3049 3
433 841 9
434 3160 2
434 198 2
434 1367 5
434 4299 5
435 2340 10
435 3263 3
435 4194 5
435 2731 6
436 4734 8
436 3495 8
436 2932 7
436 1339 7
436 3956 9
437 2338 9
437 212 4
437 4019 7
438 2870 3
438 3293 4
439 3159 4
440 2747 2
441 1541 4
442 2522 7
442 1846 7
442 2604 9
443 4913 6
443 4030 8
443 857 6
443 4977 7
444 4642 7
444 541 10
445 4457 7
445 2216 10
446 5000 2
446 44 6
447 1957 10
447 2093 7
447 3140 10
447 1331 10
447 282 5
448 4085 6
448 756 4
449 792 7
449 3197 3
450 2374 9
450 3006 9
450 2287 4
450 689 6
451 4304 9
451 4837 8
452 315 4
452 3210 8
452 52 9
453 4060 2
453 3428 5
453 904 1
453 1344 1
454 4961 5
454 784 5
454 3332 6
455 846 3
455 2384 5
456 4036 2
456 939 10
456 1650 4
456 633 1
457 2070 7
457 1960 10
457 2672 4
458 2277 10
458 2302 5
458 1180 10
458 2428 9
459 2361 10
459 1654 9
459 3758 5
460 1904 3
460 2502 2
460 516 10
461 1490 3
461 4166 9
461 2402 6
462 4317 8
462 4170 3
462 3042 10
463 3283 7
463 606 4
464 3678 5
464 3118 5
464 2021 7
464 3933 5
465 1046 8
465 1972 3
465 720 2
465 1955 1
466 663 10
466 2354 4
466 4990 6
466 4206 3
466 3463 8
467 4515 5
467 2393 1
467 4164 1
467 2395 7
467 3128 10
468 2139 2
468 3440 6
469 4235 8
469 1115 1
469 2432 4
470 95 4
470 708 3
471 4907 7
471 3237 10
471 4162 9
471 2008 6
472 4842 2
473 900 5
473 4062 6
473 3192 4
474 1342 2
474 521 5
474 4042 2
475 550 8
475 2420 3
475 4763 8
475 2982 5
476 3352 8
476 1448 6
476 4409 8
476 2813 9
476 3288 3
477 3552 5
477 4952 8
477 3544 9
477 33 8
477 1154 3
478 841 1
478 922 2
478 3359 9
478 3220 3
479 398 5
479 4725 10
480 3045 10
480 4422 7
480 1193 7
480 3420 10
481 4550 5
481 4661 2
481 726 2
481 1001 7
482 2102 7
482 523 7
482 4767 8
482 1957 5
482 4123 2
483 1755 7
483 4584 8
483 4234 9
484 1918 7
484 709 10
484 4329 8
485 1116 10
485 4705 8
485 4673 9
485 2650 6
486 4121 10
486 1638 7
486 4219 1
487 4567 4
488 1377 1
488 2230 10
488 4343 9
488 1930 9
489 769 4
489 3954 7
489 1636 5
489 1131 4
490 1088 8
490 2106 1
490 4205 6
490 3234 10
490 3585 1
491 3254 10
491 1631 2
491 4631 10
491 510 1
491 1737 10
492 943 6
492 1388 5
492 4340 3
492 2659 10
492 4186 10
493 4675 5
493 709 6
493 1204 9
493 1918 6
493 3380 4
494 2459 1
494 746 4
494 3611 5
494 4001 8
495 698 8
496 4463 6
496 2667 3
496 3972 4
497 2053 4
497 1017 2
497 4278 9
497 3739 5
497 3369 9
498 4968 2
498 2744 6
499 3393 9
499 1619 3
500 584 9
500 3602 2
500 1602 9
500 2483 3
500 2078 6
501 2970 4
501 1145 4
501 3959 7
502 4378 9
502 2099 5
502 3816 8
503 4001 8
503 2646 8
503 2338 8
504 389 2
504 4138 9
504 2175 5
504 1483 10
504 4538 10
505 1423 1
505 2367 2
505 2521 6
506 1272 5
506 2422 6
506 4832 10
506 3143 10
507 237 5
507 1402 9
507 1406 4
507 3455 8
507 2818 7
508 1654 1
508 315 8
508 3210 5
509 1784 4
509 3825 5
509 747 9
509 2072 7
509 4172 10
510 3689 1
511 1585 2
511 1068 4
512 1907 2
512 4314 8
512 1459 5
513 1622 7
514 403 4
514 4826 2
514 4501 1
515 3432 6
516 2502 4
516 2980 7
516 886 1
516 1904 3
517 1802 4
518 3652 6
518 4534 6
518 4501 6
518 2119 10
518 2840 3
519 4721 4
519 4163 7
519 365 1
520 1326 4
520 1591 5
520 1871 1
521 413 8
521 613 9
521 4290 4
521 1342 3
522 3243 3
522 3592 6
522 4740 2
523 3140 4
523 4266 5
523 2625 6
523 733 2
524 2417 9
524 4686 1
525 1618 9
525 1726 2
525 14 4
525 1081 3
526 4436 3
526 2051 3
526 4002 1
527 3578 3
528 1374 4
529 756 10
530 3688 7
530 4466 7
531 4146 3
531 2525 8
532 3514 9
532 967 1
532 1325 10
533 2050 6
533 847 9
533 3556 10
534 796 8
534 1732 2
534 4379 7
534 730 3
534 3310 10
535 754 6
535 4331 9
536 3776 7
536 2156 9
536 721 10
536 644 1
537 2579 6
537 1200 4
537 2897 4
537 3958 7
537 2528 7
538 1388 1
538 4559 5
539 1742 4
539 1149 4
539 3805 9
540 3277 8
541 3471 8
541 941 2
541 4990 6
541 4914 5
541 2354 1
542 1658 5
542 1337 7
543 4485 6
543 2862 7
543 2746 10
544 2329 2
545 1502 7
545 344 6
545 1955 9
545 1739 7
545 211 8
546 2010 3
546 2972 3
547 704 1
547 2117 6
547 559 4
548 1885 9
549 1028 9
550 3847 1
550 3640 8
550 3301 10
550 2420 4
551 3077 5
551 2574 9
551 3423 2
552 540 6
552 471 9
552 1518 5
553 4816 10
553 604 5
554 489 1
554 4040 1
554 3435 6
554 600 1
555 4042 5
555 3551 8
555 2034 10
556 4642 5
556 2354 1
556 941 9
556 3253 9
557 1292 3
558 980 1
558 804 9
559 1393 8
559 704 9
559 4353 3
559 2117 3
560 4403 6
560 2436 2
560 4016 6
560 1790 5
560 717 6
561 2074 2
561 4761 10
561 1723 5
562 539 3
562 4615 6
562 1742 7
563 1102 6
563 3950 10
563 1314 9
563 3875 2
564 2159 6
564 4777 3
564 3016 9
564 1273 2
564 2698 3
565 579 3
565 2795 1
566 1190 8
567 726 8
567 4550 4
567 4661 9
567 1146 5
568 4566 3
568 2770 9
568 2544 2
568 1786 1
568 3137 1
569 1962 2
570 2335 7
570 2692 4
570 2584 4
571 1106 10
571 1161 8
571 4076 6
571 421 8
572 4655 1
573 2778 5
573 628 5
573 1174 2
573 1774 2
573 353 10
574 2753 2
574 1841 6
574 561 8
574 1723 2
574 2652 7
575 2812 3
575 650 3
575 3319 4
576 1970 8
576 3296 10
576 666 8
576 3812 9
577 2788 3
577 1683 4
577 984 10
577 1514 2
577 1806 10
578 1703 8
578 1777 9
578 786 3
579 959 10
580 4921 8
580 3309 1
580 2726 1
580 2372 8
580 2514 4
581 1093 10
581 2813 2
582 3135 7
583 4402 1
584 3602 7
584 2078 6
585 2021 9
585 3678 7
585 2817 5
586 1197 1
586 1374 3
586 1246 2
586 4422 7
587 4462 5
588 1189 2
588 2328 7
589 1348 5
589 3729 1
590 3506 5
590 3724 3
590 3971 1
590 4908 4
590 2930 9
591 915 8
591 3516 6
591 4753 7
591 3964 4
592 1290 2
593 3212 7
594 4210 9
594 2504 5
594 3117 7
594 4660 5
595 1719 4
595 1851 4
595 2756 7
595 2092 3
596 1069 1
597 90 6
598 3347 2
599 3937 4
600 611 3
600 4040 10
600 3833 5
600 4845 9
600 4780 2
601 1298 1
602 2442 9
602 2496 4
602 682 4
602 147 1
603 3584 4
603 3102 5
603 2653 7
603 3948 9
604 3569 9
605 526 2
605 3394 8
605 3426 2
606 2576 8
606 4755 9
607 1840 7
607 4663 4
607 3715 10
607 2992 3
608 3488 2
608 2152 8
608 800 1
608 4918 7
608 995 3
609 1930 1
609 4551 5
609 2970 7
609 1145 5
609 109 4
610 2770 6
610 4513 10
611 1605 9
611 4780 4
611 3660 3
611 1178 4
612 1307 8
612 1417 10
613 3551 3
613 2509 6
613 4507 4
613 4583 4
614 1770 2
614 4521 9
614 3499 9
614 1433 4
615 2969 2
615 2991 2
615 4636 4
615 4063 7
615 3473 5
616 2839 3
616 3943 3
616 2775 7
616 26 9
617 2595 9
618 250 9
618 3778 7
618 43 9
618 1042 6
618 3280 1
619 4251 5
619 2659 5
620 3223 5
620 2125 2
620 3081 3
620 1119 4
621 496 2
621 3615 4
622 3960 8
622 2260 6
623 1982 10
623 2893 6
623 4861 7
623 2363 1
624 4575 6
624 4367 2
624 1413 1
624 4738 8
625 2909 6
626 108 5
626 3311 2
627 4386 2
627 2393 5
627 215 9
627 781 9
628 2263 6
629 1431 7
629 703 8
629 2613 2
629 4285 5
630 728 9
630 3226 8
630 1728 3
630 2721 4
631 3134 1
631 800 3
631 995 5
631 3488 5
631 4267 3
632 221 5
632 2163 6
632 4115 7
633 971 9
633 939 2
633 920 2
634 98 2
635 3072 5
636 4259 8
636 1868 3
637 1890 9
638 3866 4
639 2912 8
639 1056 5
640 4901 3
641 2342 3
642 3585 4
642 3234 2
643 4392 3
643 42 5
644 3031 1
644 1444 7
644 721 9
644 2316 3
645 4120 9
645 2308 1
645 1686 8
646 3294 4
646 3363 5
646 3439 5
646 2761 10
646 377 10
647 1908 10
647 4649 6
648 1830 7
648 3842 2
648 744 1
649 2621 6
650 3462 8
651 842 9
651 2838 1
652 3610 5
653 1224 7
653 15 1
653 4973 4
653 2134 5
653 3700 3
654 916 9
654 4589 6
654 3353 2
654 2971 9
654 4939 8
655 4163 1
656 1787 3
656 3356 10
656 2647 1
656 3703 10
657 825 8
658 3423 4
658 3077 6
658 2574 6
659 3410 9
659 1846 3
660 3874 4
660 669 8
660 2889 3
660 2876 10
660 4306 6
661 3922 1
661 159 10
661 4943 2
661 441 10
662 3380 8
663 4914 9
663 4057 6
663 4206 8
663 2354 4
664 3635 1
664 697 3
664 4539 1
664 1943 5
665 3199 5
665 1408 4
666 805 5
666 2942 3
666 4682 8
666 2307 3
666 3296 8
667 4710 1
667 701 4
667 3578 6
668 496 3
668 4876 10
668 2656 2
669 1298 7
669 601 9
670 4326 2
670 171 2
671 3148 6
672 53 10
672 3914 8
672 466 6
672 4990 4
672 4914 8
673 1312 10
674 384 5
675 280 8
675 3960 6
675 2260 4
675 1278 9
676 4817 3
676 2978 7
676 3028 7
676 2124 8
676 4025 4
677 1993 4
677 70 6
677 2118 7
677 4311 10
677 1213 5
678 3314 9
679 3402 9
679 4790 6
679 1681 1
679 1415 8
680 2612 9
680 2766 7
680 39 4
680 3743 1
680 3822 3
681 524 2
682 2689 3
682 147 2
683 4217 9
683 132 10
683 863 5
683 4812 6
684 1313 3
684 2217 6
684 1044 8
684 2703 3
685 4968 6
685 2540 3
686 2695 2
687 4321 1
687 690 1
688 3056 5
688 1183 6
688 4045 2
689 2595 3
690 2643 2
690 3287 8
690 4262 2
690 4959 4
691 2471 1
691 857 6
692 3087 3
692 1409 6
692 2967 9
692 3805 2
692 1803 8
693 2196 8
694 4489 3
694 1890 9
694 3986 7
695 3380 7
695 801 8
695 2221 7
695 4472 5
695 3534 10
696 3663 9
696 1849 5
696 1371 5
696 1670 9
696 4461 10
697 412 7
697 3638 2
697 2137 6
698 4039 7
698 2432 2
698 4477 2
699 1890 8
699 4489 9
699 886 9
700 1316 8
701 4710 6
701 1259 10
701 4640 4
702 4631 10
702 4268 2
702 1850 9
702 1631 9
703 3751 2
703 4761 10
703 561 2
703 742 1
704 4458 2
704 745 10
704 3627 7
705 340 5
705 2385 6
705 2127 3
705 1282 2
706 3923 7
706 3022 10
706 1695 4
707 4984 4
707 2316 4
708 3097 6
708 3215 10
708 3201 2
708 3919 10
709 2681 5
709 4495 5
709 3717 8
709 1580 9
709 1387 6
710 3655 2
710 4045 6
710 1183 3
710 2976 1
710 2630 8
711 3042 6
711 948 10
711 4317 7
712 972 6
712 4644 6
712 3927 6
712 3339 7
713 1114 8
713 2335 8
713 4753 8
714 4771 5
714 2322 10
714 1788 4
714 3834 4
715 3657 5
715 2045 6
715 1035 2
715 3079 10
716 3236 3
716 2773 5
716 3307 4
717 1120 9
717 3960 8
717 2510 1
718 2059 10
719 341 7
719 3245 7
719 4597 7
719 4163 5
719 3347 7
720 2452 3
721 322 8
721 1971 6
721 1525 1
721 1703 9
722 4301 7
722 4635 8
722 2425 1
723 2585 10
723 1262 10
724 1658 4
725 4634 8
725 2006 10
726 4350 5
727 3553 10
728 2666 1
728 1779 1
728 4898 3
729 2597 8
729 887 9
729 2331 7
730 796 4
731 4102 4
731 4924 2
731 1199 1
732 1360 6
732 3893 4
732 3981 1
732 4920 6
732 2938 9
733 892 10
733 2667 2
733 496 1
733 1554 10
733 3972 9
734 2854 10
734 2986 3
734 3281 1
735 1988 3
736 2470 6
736 1159 5
736 2084 10
736 3549 4
737 3913 9
738 3180 8
739 3030 3
739 2320 3
739 2155 6
740 2549 5
740 4217 1
740 3670 10
740 1856 8
741 1442 4
741 4868 4
741 3445 2
742 896 4
742 3373 7
742 3047 8
742 1574 2
743 3079 9
744 3815 9
744 3842 10
744 1830 8
744 2940 8
745 2976 5
745 2348 9
746 436 1
746 2497 3
747 1113 1
748 1632 5
748 1571 5
748 2757 8
749 2133 8
750 2445 1
750 1904 9
750 3376 4
750 2835 1
751 2470 8
752 4249 9
752 3106 3
752 2858 7
752 1206 6
752 3654 6
753 2656 8
753 1554 6
754 1671 7
755 4042 10
756 4085 9
757 3412 4
757 333 10
757 4083 6
757 1453 10
758 909 3
758 3711 8
758 891 9
758 4419 1
758 2857 1
759 1033 6
759 3092 4
759 2009 10
759 1956 5
760 2278 5
760 2133 5
760 3872 9
761 1678 10
761 4976 5
762 3968 1
763 906 3
763 3714 1
763 4700 8
763 3094 8
764 1094 3
764 4184 3
765 301 5
765 3790 9
765 3111 1
765 1274 7
766 2519 4
766 1188 10
767 3046 7
768 2101 7
769 4845 6
769 3912 2
769 390 6
769 4040 4
769 818 10
770 3286 9
770 1477 1
770 2423 2
771 1007 9
771 4079 5
771 3107 9
772 128 5
772 4674 4
772 4301 9
772 1688 8
773 930 3
773 4855 5
773 2583 6
773 3450 2
774 2340 6
774 435 4
774 2609 7
775 1755 4
775 4234 8
775 988 4
775 3027 7
776 3827 4
776 1122 3
776 4654 4
776 2860 3
776 1559 1
777 1294 10
777 1128 4
777 879 5
777 3910 2
777 3756 9
778 4462 5
778 1798 2
779 4948 10
780 340 9
780 1503 7
781 4212 8
781 4524 8
781 2627 2
782 4757 2
783 2682 2
784 1894 7
784 641 10
784 3821 5
784 1555 4
785 1916 9
785 3324 4
785 2213 2
786 638 7
786 3866 3
787 3194 10
788 2843 2
788 1720 4
788 4112 2
788 2317 3
789 341 4
789 2339 1
789 2803 7
790 4127 9
790 4744 1
790 4189 8
790 921 7
790 1860 7
791 3973 7
792 372 5
792 2747 8
792 3568 1
793 4043 10
793 2334 5
793 34 4
793 2006 7
794 1329 8
794 456 6
794 633 1
794 3753 5
795 839 4
795 2192 4
796 4587 6
797 4223 3
797 3602 5
797 2752 5
797 1602 3
798 3942 2
798 1056 7
798 447 9
799 16 10
799 2729 6
799 1506 8
799 3059 7
800 4337 5
800 834 2
800 3134 8
801 4675 2
802 244 5
802 589 4
802 2799 4
803 2916 6
804 2265 6
804 889 5
805 2760 8
805 2197 1
805 3219 7
806 3887 4
806 3888 6
807 3630 5
807 1870 1
807 3662 3
807 1064 1
807 1152 9
808 2415 8
808 1566 6
808 958 6
809 3007 8
809 3013 4
809 3371 2
810 330 7
810 2634 5
811 3594 6
811 3122 1
811 775 6
812 2490 2
812 1645 4
812 4886 8
812 2221 6
812 695 4
813 4835 3
813 4126 9
813 580 10
813 1453 2
813 4083 7
814 2162 3
814 3878 1
814 4141 9
815 461 1
815 757 1
816 2405 6
816 2790 1
816 515 4
816 2381 8
817 654 4
817 3517 2
818 1613 8
818 4003 2
818 3362 9
819 2546 3
819 4337 2
820 1216 4
820 3710 9
820 3019 7
821 1138 4
821 4783 4
821 196 9
821 3754 6
821 4257 3
822 2499 7
822 4621 3
823 1887 5
823 3319 2
823 3501 3
823 650 7
824 1044 3
824 2703 8
824 2115 5
824 2903 4
825 4041 3
825 1051 9
826 1207 10
826 1599 8
827 3057 5
827 1811 5
828 1741 7
828 4574 6
829 3472 3
829 1264 4
829 1037 9
829 1581 5
830 4453 2
831 431 6
831 4100 3
832 1291 1
832 2742 9
833 3806 8
833 1317 10
833 2682 1
833 4050 9
834 1268 1
834 2822 7
834 1978 4
834 1867 10
835 823 4
835 4457 6
835 3378 8
836 2153 3
836 3011 2
836 1948 7
837 1094 8
837 2331 3
838 2541 10
839 4078 2
839 1482 2
839 2192 1
839 4745 5
839 1714 10
840 424 6
841 862 1
841 3220 8
842 2956 9
842 3255 4
842 2115 4
842 415 7
843 3099 9
843 2860 10
844 1485 10
844 3038 4
844 2046 4
844 287 8
845 3737 3
845 1467 6
845 3318 1
846 4376 10
846 2366 1
847 3920 4
847 1286 9
847 1908 5
847 4649 10
847 785 10
848 3255 7
848 4901 1
848 4214 5
848 2956 1
849 51 7
849 702 7
849 4103 8
849 4595 1
849 1850 5
850 4528 1
851 2884 5
851 4012 1
851 1634 8
851 2481 7
852 4532 2
853 1864 7
853 1753 1
854 3238 10
854 2304 7
855 3982 4
855 3737 2
856 4240 9
856 104 1
856 4869 1
856 2311 6
856 1483 10
857 4911 1
857 4365 10
858 4881 7
858 2729 2
859 1637 1
859 736 3
859 3191 10
859 2470 5
860 4779 10
860 3643 8
860 1867 9
860 2546 3
860 4034 1
861 4485 8
861 2478 10
862 3359 2
862 1100 6
862 83 9
862 3220 1
862 4799 1
863 3530 10
863 272 9
864 1846 9
864 3196 3
864 1949 1
864 1419 8
865 1607 6
865 1117 10
865 2028 9
865 1130 8
865 463 2
866 4633 10
866 1665 3
866 1546 8
867 2391 7
867 3555 9
867 3458 7
867 2296 9
867 4578 2
868 960 4
868 214 2
869 3614 2
869 2763 3
869 2737 2
870 207 3
870 718 9
870 2059 5
870 1262 8
870 2944 10
871 1106 5
871 3151 7
871 1161 1
871 4327 6
872 2577 7
873 1985 3
873 3967 7
874 4219 10
874 4974 8
874 4563 5
874 486 5
874 3546 7
875 2478 5
876 852 9
876 4532 7
876 2901 3
876 4013 1
876 4786 4
877 3718 10
877 2233 9
878 3937 3
878 2593 5
879 1128 9
879 3497 3
879 4187 4
879 3278 3
879 1203 10
880 768 7
880 4066 2
880 2970 10
880 1145 8
880 3978 5
881 2550 6
881 4611 10
881 2530 7
881 3313 8
882 1643 1
882 2172 7
882 2398 1
882 2765 10
882 3469 9
883 4025 2
883 3028 3
883 4817 9
883 2124 6
883 4420 1
884 2326 1
884 261 6
884 3292 2
884 2137 10
885 273 9
885 4646 5
885 3087 7
885 3298 8
885 2750 1
886 4094 5
886 2445 4
886 1904 9
886 2980 6
886 3814 6
887 764 8
887 1189 9
887 3784 4
887 2328 10
887 1094 4
888 1362 6
888 2347 2
888 2890 10
889 1662 5
890 2651 8
890 1533 5
890 3580 1
891 2470 4
891 3081 6
891 859 9
891 4616 7
891 2403 5
892 1554 2
892 2667 6
892 2656 2
893 3714 9
893 511 9
894 1061 7
895 3054 2
895 2862 7
895 861 2
896 2463 1
896 4418 3
896 3808 8
897 4802 4
898 3854 3
898 2663 9
898 963 2
899 2705 5
899 1679 1
899 1507 1
899 1558 1
900 1438 5
900 581 6
901 184 6
902 2802 8
903 3441 4
903 3145 7
903 187 4
904 3472 9
904 1037 8
904 1344 2
904 4132 2
905 1582 7
905 2737 9
906 3166 7
906 3361 2
906 415 1
906 848 8
906 1879 5
907 2536 1
907 1418 4
908 3243 8
908 4204 3
909 1604 7
909 859 4
909 751 1
909 620 7
910 1485 1
911 2331 6
911 1189 10
911 1094 2
912 3506 9
912 4063 4
913 1998 9
913 9 2
913 753 8
913 3615 2
914 2787 6
914 748 3
915 2641 2
915 3804 6
916 508 6
916 1330 4
916 2758 1
917 2361 10
917 3758 3
918 89 10
918 1916 9
919 376 8
919 4610 3
919 3271 4
920 216 10
920 2785 4
921 4127 8
921 4189 10
921 1750 1
921 4749 5
921 3574 7
922 3049 5
923 3303 9
924 3238 3
924 4333 6
925 344 6
925 1046 9
925 3895 8
925 945 7
925 4478 4
926 4179 9
926 2741 2
926 1403 8
926 3666 7
926 3270 9
927 3544 10
928 2815 7
929 3528 2
930 3043 2
930 260 5
930 4157 1
930 4432 1
931 1170 5
931 2399 9
931 3003 2
931 1232 8
931 2694 8
932 4980 8
932 4681 7
932 3709 9
932 1383 9
932 4926 3
933 2724 3
933 2485 5
933 1834 7
933 1759 1
934 3434 5
934 277 5
934 4484 10
935 3509 6
935 4299 4
936 1066 1
936 2571 10
936 1202 3
936 3299 9
936 1319 8
937 3168 1
938 2279 6
938 3139 9
939 1441 1
939 4712 8
940 1484 5
941 4274 1
941 663 1
941 4206 5
942 3245 8
942 655 2
942 341 3
942 3347 5
943 4559 10
943 2280 6
943 2659 3
943 3646 9
943 4251 9
944 676 9
944 2978 9
944 2640 2
944 1800 3
944 4025 7
945 194 8
946 4948 5
946 4866 6
947 4136 10
948 3527 10
948 4968 1
948 4345 2
949 1110 4
949 1446 3
949 2331 10
949 35 8
949 729 6
950 4722 1
950 98 2
950 634 3
950 908 1
950 3498 2
951 4805 5
951 323 1
951 2711 10
951 2794 10
952 657 5
952 2939 5
952 3539 6
952 1909 1
953 1392 7
953 191 7
953 4469 1
953 4276 8
954 2651 8
954 1902 7
954 4505 9
955 3508 4
955 889 4
955 2265 6
955 1764 4
956 4566 9
956 3137 9
956 4929 4
957 2046 1
957 3735 1
957 287 2
957 771 7
958 4145 2
958 3322 9
959 1087 9
959 2755 3
960 2856 4
960 4590 6
960 1384 8
961 1273 3
961 2232 9
961 4777 3
961 379 8
962 2720 3
962 4388 6
962 1991 4
962 3241 8
963 1150 2
964 1554 10
965 4023 7
966 4573 6
967 4463 10
968 3149 8
969 714 10
970 3924 4
971 1351 9
971 339 7
971 2377 1
971 263 4
971 2196 5
972 3339 3
972 1612 9
972 2158 6
972 1430 5
972 4792 7
973 785 5
974 2001 9
974 354 10
975 4027 2
976 2759 3
976 2553 7
977 2203 10
977 4205 7
977 3234 8
978 3849 6
979 531 3
979 1681 7
979 4146 1
979 4790 6
979 2989 7
980 1869 10
980 3086 9
980 97 9
980 3733 2
981 4073 7
982 1421 1
982 1932 7
982 14 5
983 3579 3
983 2287 10
983 4565 7
983 1649 9
984 3250 10
984 4877 7
984 3697 4
985 3280 5
985 1580 9
985 4495 2
985 1946 4
985 3517 10
986 4090 9
987 1710 4
988 4588 2
988 4234 6
988 2863 4
988 1135 10
988 4584 6
989 3323 3
989 1900 10
989 3595 2
989 2235 7
989 3505 9
990 2052 7
990 438 2
990 354 8
990 4284 2
990 2407 1
991 369 9
992 4633 3
992 1249 10
993 1054 5
993 3313 1
994 802 6
995 1 1
995 3570 9
995 3070 2
996 4664 1
996 4248 4
996 3091 1
996 2272 3
997 4655 9
997 1628 8
997 3434 5
998 139 7
998 1872 3
999 3482 5
999 1570 1
1000 919 5
1000 4894 8
1001 4137 10
1001 3273 9
1001 3485 7
1002 1421 2
1002 1726 8
1002 1081 3
1003 1859 1
1003 1631 8
1003 4631 4
1003 997 6
1004 3846 10
1004 4591 4
1004 3083 3
1004 4549 10
1004 4653 6
1005 4423 9
1005 1711 9
1005 1107 4
1005 1633 4
1005 4396 7
1006 183 3
1006 4504 10
1006 4955 4
1007 3641 5
1008 3162 10
1008 1642 2
1008 3414 8
1008 4474 2
1008 1222 8
1009 4678 7
1010 4863 10
1010 2187 5
1010 4710 10
1010 2498 6
1010 3578 9
1011 4321 6
1011 3244 9
1012 891 10
1012 736 4
1012 2355 2
1013 194 9
1013 2344 3
1013 4890 6
1013 81 3
1014 3548 3
1014 2593 4
1014 3937 6
1014 3489 4
1015 3411 7
1015 4940 8
1015 132 7
1015 2580 8
1016 2498 3
1016 4888 10
1016 4863 5
1017 2993 3
1017 3769 9
1017 4278 6
1017 2099 1
1018 2461 1
1018 449 1
1019 3008 5
1020 1421 1
1020 368 9
1020 2003 2
1020 1932 3
1020 1726 1
1021 2977 3
1022 1893 3
1022 760 2
1022 749 5
1023 4288 2
1023 4129 10
1023 67 1
1023 2553 6
1024 703 8
1024 2652 2
1025 2184 7
1025 2027 3
1025 4604 8
1026 2377 9
1027 2592 8
1027 4709 4
1027 2859 8
1027 1762 10
1028 4947 4
1028 122 2
1029 2578 9
1029 75 1
1029 1194 8
1029 3388 9
1029 1337 7
1030 2447 8
1031 3350 7
1032 3958 2
1032 3377 10
1032 2086 1
1032 2897 2
1032 2579 10
1033 3392 9
1033 2635 9
1033 3074 9
1034 2894 6
1035 677 7
1035 1991 5
1035 1238 2
1036 187 10
1036 1240 6
1036 1683 7
1036 984 5
1036 4819 6
1037 1458 2
1037 1255 5
1037 2736 10
1038 2649 8
1039 4337 1
1039 3488 5
1039 2955 8
1040 3632 4
1040 2318 9
1041 4716 3
1041 663 7
1042 3717 5
1042 916 8
1042 1580 8
1042 508 7
1042 4167 8
1043 745 1
1043 4353 8
1043 1374 4
1043 4108 7
1044 2903 7
1044 2867 8
1044 3990 10
1045 4314 1
1045 3377 5
1046 1253 7
1046 2672 8
1046 194 10
1047 3547 1
1047 630 2
1047 2434 10
1047 3524 4
1048 2413 6
1048 1414 10
1049 3378 1
1049 3904 2
1049 308 5
1049 2419 2
1050 3909 1
1050 4842 6
1050 505 7
1050 166 6
1050 4369 1
1051 3552 4
1051 739 8
1051 4922 5
1051 4372 6
1051 4128 1
1052 4837 7
1053 4376 4
1053 4242 5
1053 4423 1
1053 846 2
1053 1633 1
1054 2530 3
1055 1908 3
1055 3212 6
1055 1230 1
1056 2780 7
1057 3847 8
1057 4950 8
1057 4836 9
1057 550 3
1057 4763 2
1058 4462 1
1058 1624 3
1058 425 2
1058 3708 10
1059 4579 1
1059 1173 3
1059 2103 7
1059 1694 1
1059 4766 1
1060 3928 2
1060 1503 2
1060 3877 10
1060 1155 4
1060 200 9
1061 557 6
1061 2997 10
1061 3727 6
1061 1292 2
1061 4426 10
1062 4342 2
1063 4022 10
1063 3201 3
1064 2075 2
1064 4963 10
1065 1206 4
1066 4449 10
1066 3299 8
1066 4346 8
1067 1103 9
1067 2628 6
1067 77 4
1067 3153 1
1067 4794 2
1068 4700 3
1068 3255 3
1068 3037 1
1069 4026 5
1069 1798 2
1069 4054 6
1069 2278 10
1069 425 8
1070 2966 7
1071 3024 4
1071 3820 3
1071 1572 9
1072 3702 4
1072 2209 8
1073 2391 3
1073 3555 8
1073 4291 7
1073 4578 9
1073 1663 3
1074 3208 9
1074 2629 2
1074 426 6
1075 1644 6
1075 2390 7
1075 4754 3
1075 4531 1
1075 4354 4
1076 2990 1
1076 3525 8
1076 347 5
1077 3413 9
1077 1340 9
1078 366 6
1078 1372 10
1078 1425 2
1079 3815 10
1079 2940 6
1080 1006 1
1080 4989 8
1081 185 6
1081 4302 9
1081 190 2
1081 1364 7
1082 2286 1
1082 2322 1
1083 3612 1
1084 2692 3
1084 2258 2
1084 2335 5
1084 2584 3
1084 4440 6
1085 4023 1
1085 184 2
1085 965 8
1086 3828 7
1086 1861 1
1086 558 6
1087 2653 7
1087 3102 7
1087 3926 9
1087 1923 1
1088 2203 4
1089 300 7
1089 1777 3
1089 3633 1
1090 2047 6
1091 1770 7
1091 3880 9
1091 1937 10
1091 4521 4
1091 1395 6
1092 1156 6
1092 3350 4
1093 3896 5
1093 1071 3
1093 2823 8
1093 1572 4
1094 1134 2
1094 2973 1
1094 3911 3
1095 3105 10
1095 1639 5
1096 3139 7
1096 1811 6
1096 3779 6
1096 3041 3
1097 856 10
1097 1483 5
1097 2175 1
1097 1472 1
1097 104 5
1098 148 7
1098 1439 1
1098 2856 7
1098 4291 6
1098 3555 3
1099 1506 2
1099 4778 8
1100 4833 10
1101 2020 1
1102 2259 7
1103 3623 3
1103 4338 3
1103 4080 9
1103 975 4
1103 4301 3
1104 3230 2
1105 2509 6
1106 2647 3
1107 3536 9
1107 4423 4
1107 1961 7
1107 1711 1
1108 2186 8
1108 4868 9
1109 1554 1
1109 4266 7
1109 3817 4
1109 3972 1
1110 203 1
1110 3127 10
1110 3911 7
1111 4627 9
1111 1207 3
1111 2142 2
1111 1394 3
1112 4560 1
1112 4722 7
1112 4863 7
1112 3782 10
1113 1156 1
1113 2415 4
1113 3790 9
1113 1092 9
1113 301 10
1114 2335 7
1115 1849 4
1115 2122 2
1115 1609 4
1115 2276 2
1116 741 9
1116 4670 5
1116 3445 9
1116 1442 4
1116 4868 4
1117 2369 6
1117 463 3
1117 1864 7
1117 2869 4
1117 3131 5
1118 1233 7
1119 2125 10
1119 4720 10
1120 2510 4
1120 3960 3
1120 1571 9
1120 914 10
1121 2467 7
1121 3040 3
1121 685 8
1122 1196 10
1123 3896 9
1124 1658 2
1124 3651 2
1125 895 2
1125 2734 4
1125 2071 8
1125 240 3
1126 4158 6
1126 2249 6
1127 1760 9
1127 4436 1
1127 4002 6
1127 526 6
1127 3426 8
1128 1203 3
1128 2261 3
1128 2651 9
1128 4505 10
1128 954 4
1129 4178 2
1129 3992 9
1129 4225 5
1129 1909 7
1130 2369 7
1130 853 2
1130 4139 4
1131 2108 6
1131 1613 4
1131 3362 8
1131 4040 2
1131 2965 6
1132 3595 5
1132 2924 2
1133 189 10
1134 4857 10
1134 4087 1
1134 3843 2
1134 2191 9
1134 1568 4
1135 3528 1
1136 1949 8
1136 1419 10
1137 4033 3
1137 3104 4
1137 3969 10
1138 529 2
1138 756 3
1138 4783 7
1138 1746 10
1139 4922 2
1140 4531 2
1140 4544 5
1140 4354 2
1140 3519 8
1140 2462 1
1141 2931 5
1141 3613 9
1141 4662 10
1142 3777 10
1143 1454 9
1144 1157 6
1144 1985 2
1145 2101 5
1145 4113 10
1145 3342 1
1145 2970 4
1145 3978 6
1146 3273 3
1146 195 1
1146 2188 6
1147 3301 7
1147 4763 8
1147 3847 10
1147 3640 3
1148 697 3
1148 614 2
1148 4521 3
1149 3503 4
1150 2605 3
1150 1511 2
1150 1251 2
1151 3684 3
1151 4081 2
1151 2409 2
1151 2321 7
1151 1713 3
1152 2178 2
1152 4023 9
1152 1973 8
1153 3562 10
1153 281 7
1153 41 6
1153 3797 8
1154 4372 5
1154 3030 2
1154 3544 2
1154 3679 10
1154 3533 1
1155 3928 10
1155 3188 8
1155 3877 5
1156 3644 7
1156 258 1
1156 1179 7
1156 1818 3
1156 349 8
1157 2294 10
1157 1911 8
1158 1944 10
1158 4561 10
1158 1802 5
1158 4005 2
1159 135 4
1159 3832 8
1159 1323 3
1159 3549 3
1159 3223 7
1160 2233 7
1160 1886 8
1160 4632 8
1161 421 5
1162 1505 6
1162 2261 3
1162 3853 5
1162 1533 5
1163 4213 6
1163 2436 6
1163 2452 8
1163 4382 7
1163 2344 8
1164 2242 4
1164 195 6
1164 4550 5
1164 2188 10
1164 567 6
1165 4244 6
1166 4577 3
1166 4253 9
1167 3425 10
1167 3532 3
1167 1967 1
1168 1904 3
1168 4617 9
1168 3583 7
1168 2445 10
1168 1653 8
1169 2770 3
1170 3166 8
1170 4328 7
1171 143 8
1171 4326 8
1171 3105 4
1172 2658 1
1173 314 6
1174 2117 10
1174 192 2
1174 745 7
1175 390 1
1175 4845 1
1175 2108 9
1176 4573 6
1176 814 1
1176 3179 1
1176 4141 5
1177 790 4
1177 3195 2
1178 1492 7
1178 818 4
1178 68 8
1178 1495 1
1179 124 2
1180 2302 5
1181 1824 10
1181 3636 9
1181 1669 8
1181 1291 7
1182 4623 2
1182 163 7
1183 4082 8
1183 2348 9
1184 3924 1
1185 3945 1
1185 4390 8
1185 4021 3
1185 2811 5
1185 2299 1
1186 3367 1
1186 170 5
1186 2742 4
1187 2878 4
1187 20 7
1187 2294 1
1187 4097 4
1187 2251 6
1188 1071 7
1188 1572 2
1188 476 7
1189 1134 7
1190 166 4
1190 3719 7
1190 3921 1
1190 472 9
1190 3900 2
1191 2329 6
1191 2457 6
1192 1309 2
1193 1246 5
1194 3651 6
1195 2121 4
1195 3179 10
1195 814 6
1195 4970 8
1195 3863 9
1196 3222 9
1197 1374 3
1197 2117 1
1197 559 2
1198 1315 1
1198 2315 5
1199 4030 1
1199 4365 10
1200 2897 6
1200 2579 4
1200 512 9
1200 4482 4
1201 804 10
1201 3180 9
1201 2995 5
1201 4830 2
1202 4670 4
1203 3853 3
1203 686 5
1204 1580 7
1204 1958 4
1205 377 9
1206 2295 7
1206 1569 5
1206 3106 4
1207 4815 3
1207 4627 10
1207 3338 2
1208 2383 8
1208 3657 7
1208 4333 9
1208 2304 2
1209 1303 4
1209 3160 3
1210 3160 3
1210 1310 4
1211 3464 5
1211 4786 7
1211 2901 5
1212 2714 2
1212 3653 6
1212 1775 6
1212 2945 6
1213 1238 5
1214 4949 2
1214 1279 9
1214 2439 1
1215 876 6
1215 3287 5
1215 232 2
1215 3464 6
1216 1337 3
1216 542 2
1216 1658 3
1217 904 5
1217 1255 5
1217 144 6
1217 2573 4
1217 2048 4
1218 3380 3
1218 4752 9
1218 4675 1
1218 1645 3
1218 3121 2
1219 1695 7
1219 1295 6
1219 234 3
1219 2905 5
1219 3200 5
1220 810 9
1220 896 5
1220 561 4
1221 3603 2
1221 2965 1
1221 3435 3
1221 3891 6
1221 2348 10
1222 1256 1
1222 1557 3
1222 2566 10
1222 2789 5
1223 5000 4
1223 4179 8
1223 3125 5
1223 1126 7
1224 3261 7
1224 2631 5
1224 2286 3
1224 999 4
1224 2547 5
1225 3776 3
1226 1273 6
1226 4981 9
1226 3321 5
1226 3034 3
1226 379 7
1227 3580 9
1227 890 8
1228 1550 6
1228 4903 7
1228 3796 8
1228 4711 8
1229 4937 9
1230 2723 6
1230 1493 1
1230 4392 9
1230 1916 1
1231 2873 6
1231 2796 3
1231 4364 10
1232 4901 6
1232 4983 10
1233 3383 3
1234 1087 9
1234 3429 2
1234 4325 4
1235 4769 8
1235 3064 4
1235 3219 8
1236 2071 7
1236 895 4
1236 2914 1
1236 2746 3
1236 3883 9
1237 2549 1
1237 3506 7
1238 877 3
1238 1991 2
1238 3469 2
1238 882 7
1239 4922 5
1239 3552 3
1239 4336 5
1239 33 9
1240 4819 5
1240 2290 7
1240 1815 8
1240 3697 8
1241 3042 6
1241 3327 10
1242 3738 9
1243 3130 7
1243 2728 8
1243 4320 6
1243 1475 4
1244 2769 3
1244 3168 10
1245 4877 2
1246 2348 7
1247 3472 3
1247 1581 8
1247 4751 9
1247 2153 9
1247 829 4
1248 3889 8
1248 2974 5
1248 4696 10
1249 3564 3
1249 2381 2
1249 1546 1
1249 1671 2
1250 3702 5
1250 1851 4
1250 1719 9
1250 99 10
1250 595 6
1251 3329 5
1251 3135 9
1252 560 7
1253 2436 3
1253 1013 5
1253 1252 7
1254 2342 10
1254 1489 9
1254 2479 9
1255 1938 10
1255 4279 5
1256 4649 3
1256 973 3
1256 785 9
1256 647 3
1256 3239 1
1257 3529 7
1257 1627 9
1257 3807 4
1257 2126 1
1257 1792 6
1258 3744 5
1259 4740 10
1260 3621 5
1260 4034 4
1260 4779 2
1261 4043 2
1261 3789 4
1262 4 10
1262 2899 10
1262 2545 6
1263 3146 8
1263 3342 7
1263 88 2
1263 1377 6
1263 4435 8
1264 1938 8
1264 4279 8
1264 2048 4
1264 1522 8
1264 1458 10
1265 2647 5
1265 871 10
1266 4230 4
1266 675 9
1266 334 4
1266 280 6
1266 622 2
1267 1832 6
1267 2312 6
1268 3144 10
1268 3994 6
1268 2955 1
1268 2822 2
1268 1867 2
1269 3005 9
1269 3902 3
1269 284 10
1269 1749 10
1269 262 10
1270 1184 6
1270 1475 4
1270 2229 6
1271 1203 7
1271 1902 4
1271 1128 9
1271 1162 2
1271 879 6
1272 4765 9
1272 4427 7
1273 3016 4
1273 379 10
1273 2079 9
1273 2232 9
1274 2859 7
1274 2435 7
1275 1906 2
1275 3896 7
1275 581 2
1275 1123 1
1275 3820 7
1276 3848 9
1277 3524 5
1277 1310 5
1277 4393 2
1278 1469 8
1278 2787 4
1278 137 6
1278 4659 1
1278 3560 6
1279 1852 7
1279 229 10
1280 3438 5
1281 4206 4
1282 1579 4
1283 3049 1
1283 841 4
1283 3764 7
1283 3980 5
1284 241 2
1284 4558 5
1285 1528 1
1286 3008 4
1286 1493 2
1286 1032 9
1287 3919 3
1287 3097 10
1287 4171 8
1287 3215 3
1288 3784 2
1288 4330 3
1288 3843 8
1288 4430 2
1289 4750 2
1289 1691 5
1289 3649 8
1290 2726 3
1290 555 3
1290 2138 4
1290 4921 8
1290 1884 5
1291 3152 5
1291 361 9
1291 1669 9
1291 649 8
1291 3922 6
1292 4126 3
1292 583 9
1292 815 6
1292 1453 6
1292 3412 3
1293 2083 9
1293 963 9
1293 2555 5
1294 1203 2
1294 1902 10
1295 3062 8
1296 2682 4
1296 2538 4
1297 2158 10
1297 4919 4
1297 4792 2
1298 3942 2
1299 2441 5
1300 3583 10
1300 4094 10
1301 2516 4
1301 4510 3
1301 4840 1
1301 2665 9
1301 1173 5
1302 1442 4
1303 1728 4
1303 2666 8
1303 3226 2
1303 4393 4
1304 1590 9
1304 2272 4
1304 1466 7
1305 4645 5
1305 3395 10
1305 4154 5
1305 183 1
1305 4296 3
1306 3669 9
1306 3392 10
1306 1463 4
1306 2089 3
1306 4783 6
1307 1138 10
1307 529 9
1307 2151 6
1307 1804 10
1307 2181 6
1308 1984 5
1308 52 10
1308 250 9
1309 340 9
1310 3226 5
1311 4163 5
1311 3346 5
1311 1726 1
1311 2003 3
1311 2339 7
1312 3104 4
1312 2455 10
1312 4647 4
1312 4715 2
1313 3761 8
1314 1109 3
1315 1876 5
1315 4529 9
1315 3208 9
1316 2671 1
1316 3166 8
1316 824 2
1317 692 5
1317 4247 4
1317 1409 5
1318 2694 6
1318 132 8
1319 2749 3
1320 1082 6
1321 145 9
1321 323 9
1322 2722 4
1323 2718 3
1323 4963 10
1324 2879 6
1324 2059 5
1324 2545 10
1325 2828 6
1325 967 3
1325 1842 8
1325 798 10
1326 3949 2
1327 2266 6
1328 4188 7
1328 1205 1
1328 2575 5
1328 2697 9
1328 3439 2
1329 3753 6
1329 3095 9
1330 4879 8
1330 1233 4
1330 2475 4
1330 1945 5
1331 224 6
1331 2625 8
1331 964 9
1332 1351 1
1332 1710 9
1332 4712 7
1333 747 2
1333 4032 1
1333 3272 7
1334 2611 4
1334 2240 10
1334 2977 9
1334 4815 1
1335 4409 2
1335 1448 6
1335 1275 10
1335 4789 10
1336 802 3
1337 994 7
1337 2636 4
1337 2578 2
1337 4445 3
1337 4494 8
1338 2088 2
1338 3364 5
1338 4273 7
1339 2053 9
1340 4687 2
1340 1060 5
1340 2385 9
1341 4043 5
1341 3789 10
1342 2704 10
1342 4120 10
1342 189 2
1343 1137 8
1343 3650 3
1343 3969 9
1343 2696 8
1344 3207 6
1344 2048 2
1344 3149 10
1344 1855 5
1344 2736 4
1345 2313 8
1346 1409 4
1346 1149 4
1346 885 9
1347 3848 3
1347 263 6
1347 40 10
1347 1646 2
1347 939 2
1348 4209 2
1348 174 4
1348 3729 2
1349 4012 1
1349 1634 2
1349 851 10
1349 671 10
1349 3504 10
1350 1071 2
1351 1460 5
1351 2013 8
1352 3564 9
1352 3013 1
1352 1665 5
1352 4633 7
1352 515 3
1353 1082 8
1353 3700 4
1354 2805 8
1355 1793 10
1356 222 7
1356 4380 2
1357 83 7
1357 4134 5
1357 2831 4
1357 4342 8
1358 2702 7
1358 2797 8
1358 1994 2
1358 4805 5
1359 2379 8
1360 1370 3
1360 4515 6
1361 3578 9
1361 950 6
1362 1231 6
1362 2873 4
1362 4364 7
1362 3147 7
1363 3398 3
1363 844 9
1363 287 10
1363 1007 8
1363 4808 2
1364 1282 3
1364 3777 5
1364 4414 6
1365 2648 7
1365 3077 2
1366 3786 2
1366 3762 2
1366 761 2
1367 3509 5
1368 2047 4
1368 2312 4
1369 320 9
1370 627 6
1370 2999 5
1371 1881 10
1371 2854 3
1371 2986 5
1371 1950 4
1372 366 2
1372 1371 2
1372 4387 9
1372 4461 2
1373 2184 1
1373 1322 2
1373 3554 10
1374 3833 2
1375 2070 3
1375 2436 8
1376 436 2
1376 4734 4
1377 2101 2
1378 3328 10
1378 4169 7
1379 3265 9
1379 4589 2
1379 817 5
1379 4939 9
1380 1140 7
1380 3222 2
1380 2456 9
1381 1770 9
1381 4131 6
1381 3292 2
1381 1937 10
1381 664 8
1382 3867 6
1383 3709 10
1384 2536 8
1384 1839 3
1384 2856 5
1384 1663 9
1384 3991 8
1385 3745 4
1386 2646 1
1386 1376 9
1386 2338 1
1386 503 10
1386 1745 1
1387 4879 9
1387 1656 5
1387 3517 1
1387 309 8
1388 3643 3
1388 1867 1
1389 2157 4
1390 3338 10
1390 4627 6
1390 4815 10
1391 340 6
1391 3413 4
1391 2127 1
1392 2431 6
1392 178 7
1392 4151 4
1392 2799 10
1392 3729 9
1393 3833 1
1393 554 3
1394 1021 3
1395 4362 7
1395 1729 2
1395 3150 10
1395 1617 10
1395 1937 3
1396 1771 1
1396 3409 2
1396 325 2
1396 3267 9
1397 4508 7
1397 1263 5
1397 4309 5
1397 2243 9
1398 1052 5
1398 4304 9
1398 4662 8
1399 1182 1
1400 2654 7
1401 1282 5
1402 1897 7
1402 2485 7
1402 142 2
1402 1456 2
1403 4179 8
1403 2663 8
1404 2748 4
1404 4250 1
1404 2578 10
1405 1795 5
1405 965 9
1406 1834 3
1406 3840 4
1406 142 7
1406 3996 1
1407 2381 1
1408 8 10
1409 3503 10
1409 4848 2
1409 2005 2
1410 1159 7
1410 3549 1
1410 2084 7
1410 2355 9
1411 745 7
1412 1090 7
1412 3681 4
1412 3449 9
1413 665 10
1414 2930 5
1414 3724 3
1414 2413 5
1415 4790 8
1415 4146 1
1416 1589 2
1416 2795 2
1416 603 3
1417 1463 9
1417 4592 6
1417 63 4
1417 3754 3
1418 2296 8
1418 4147 8
1418 168 3
1418 1532 5
1419 1222 6
1419 2789 3
1419 1008 9
1419 647 5
1419 1642 4
1420 4849 5
1420 2526 8
1420 1579 7
1420 564 9
1421 3877 1
1421 2698 7
1421 1077 6
1421 1503 6
1422 3367 2
1422 3922 5
1422 4943 4
1422 3636 5
1423 2483 7
1423 938 3
1423 500 6
1423 584 6
1424 253 6
1425 4461 6
1426 4556 10
1426 4357 8
1426 426 1
1426 2177 5
1426 2310 2
1427 2238 7
1427 276 8
1428 1968 4
1428 4547 5
1428 1562 2
1429 2693 2
1429 3129 4
1429 1909 1
1429 4933 4
1430 1151 9
1430 2158 1
1431 133 3
1431 2463 9
1431 896 2
1431 2613 5
1432 2312 2
1432 1832 8
1432 2700 7
1432 1090 10
1433 3150 7
1433 3002 10
1434 3360 1
1434 4334 2
1434 3268 4
1434 4130 5
1435 2596 7
1435 475 5
1436 2190 10
1437 1159 8
1437 4023 10
1438 1275 1
1438 4058 10
1438 2205 1
1439 2632 6
1439 1482 8
1439 4078 1
1439 4745 2
1440 3585 4
1440 1716 10
1440 4548 4
1440 3944 9
1441 2062 4
1441 2785 7
1441 2507 9
1441 1710 1
1441 3431 4
1442 1928 2
1442 1397 9
1442 3295 2
1442 3783 3
1443 438 7
1443 2805 1
1443 3221 4
1444 707 3
1444 1777 4
1445 3737 1
1445 4397 10
1445 4229 3
1446 3696 7
1446 2597 10
1446 1189 2
1446 4330 4
1446 2191 3
1447 1441 5
1447 4712 6
1448 2823 1
1448 3288 2
1449 1295 5
1449 3022 9
1449 4195 3
1449 4809 10
1450 2372 7
1450 2138 6
1450 1290 9
1450 2034 7
1451 2087 8
1451 2580 9
1451 2337 10
1451 272 1
1452 4634 10
1452 2246 5
1453 4835 5
1453 1884 1
1454 1200 8
1454 593 6
1454 3324 1
1454 3849 8
1455 4944 2
1455 4756 9
1456 2523 6
1456 4698 3
1457 4730 9
1457 1867 1
1457 3144 3
1457 631 2
1457 1268 6
1458 387 4
1458 1855 9
1458 1466 10
1458 899 7
1459 4314 4
1460 4802 2
1460 2196 10
1460 987 1
1461 352 10
1461 2561 6
1461 4903 2
1461 2424 9
1462 3989 7
1462 584 4
1462 1699 8
1462 3279 4
1463 1366 9
1463 1028 5
1463 4947 6
1463 4085 2
1464 4684 6
1464 4790 2
1464 2642 7
1464 1415 2
1464 4937 5
1465 769 6
1465 2114 2
1465 1183 6
1465 1393 4
1466 2504 7
1466 4279 6
1466 238 7
1467 2570 6
1467 4985 8
1467 4397 5
1468 1632 7
1468 2757 8
1468 2022 9
1469 1571 6
1469 748 1
1469 280 8
1469 3560 10
1470 3857 6
1471 2555 10
1471 582 9
1471 3936 6
1472 1807 9
1472 1483 3
1472 1640 2
1472 2175 8
1473 3419 1
1473 454 5
1473 2479 5
1473 4275 3
1474 649 9
1475 3924 6
1476 750 2
1476 1300 3
1477 2423 3
1477 4637 6
1478 4819 6
1478 2788 4
1478 577 6
1478 2807 8
1479 4989 1
1479 3247 1
1479 726 2
1480 3482 2
1480 2322 9
1480 714 5
1480 3700 5
1480 15 4
1481 2931 6
1481 3274 2
1481 1816 8
1481 1141 6
1481 1953 5
1482 2215 5
1482 2632 6
1482 4348 2
1483 2311 2
1484 648 9
1484 1564 8
1484 1079 7
1484 3752 10
1484 4557 7
1485 3613 6
1485 1141 6
1485 1953 4
1486 2593 1
1487 4528 3
1487 1509 6
1487 927 5
1488 805 1
1488 4682 8
1488 2942 7
1488 3296 4
1489 3185 6
1490 1453 4
1491 4711 5
1491 3537 6
1491 3415 9
1491 1322 3
1492 3362 5
1492 4261 7
1492 68 9
1492 1495 3
1492 4192 9
1493 2121 3
1493 3863 9
1493 1195 9
1494 949 1
1494 2874 6
1494 1776 9
1495 4003 5
1495 1808 5
1495 1613 8
1496 2441 5
1497 863 1
1497 3473 3
1497 3123 10
1497 1414 5
1497 4601 3
1498 4368 8
1498 857 8
1499 3350 3
1499 2011 8
1499 1818 1
1500 2900 1
1501 4058 4
1501 4324 5
1502 4016 4
1502 717 4
1502 1375 4
1503 1420 2
1503 3760 9
1503 1273 2
1503 1579 5
1503 2698 1
1504 1942 8
1504 3847 8
1504 2420 3
1505 4505 2
1505 2717 6
1505 3853 10
1505 2695 2
1506 283 1
1506 4881 10
1507 3781 9
1507 4401 6
1507 1801 7
1508 4884 3
1508 4195 10
1509 4128 2
1509 4952 5
1509 4372 10
1509 879 2
1509 33 2
1510 139 4
1511 4823 9
1512 1560 3
1512 830 5
1512 4453 3
1513 2855 3
1513 1359 10
1513 1829 4
1514 1815 1
1514 1683 5
1514 4819 2
1514 1809 10
1514 1963 5
1515 659 5
1515 3124 4
1515 2935 8
1515 2987 4
1515 1684 6
1516 900 10
1516 4110 8
1516 1071 10
1516 1275 1
1516 1123 10
1517 2612 9
1517 3713 1
1517 3460 3
1518 3277 10
1518 3237 6
1519 2500 6
1519 4006 8
1519 1669 4
1519 4404 7
1520 2225 9
1520 3156 1
1520 3317 4
1520 4216 9
1520 2888 1
1521 4452 9
1521 3653 3
1521 2714 7
1521 1565 2
1521 92 1
1522 30 2
1522 2272 6
1522 2504 1
1523 360 2
1523 4931 1
1523 4948 10
1524 2580 5
1524 1232 10
1525 1356 9
1525 2658 2
1525 4581 9
1526 4783 1
1527 4626 1
1527 934 9
1527 1631 2
1528 3164 1
1528 3906 2
1528 3577 8
1529 1156 3
1529 3311 2
1530 1926 9
1530 2776 9
1530 4204 9
1530 3243 1
1531 425 6
1531 826 10
1531 760 1
1532 4147 3
1532 3991 5
1532 2129 4
1532 2333 6
1533 2109 5
1533 4505 6
1533 2261 4
1534 2838 10
1535 2459 2
1535 3421 9
1535 4001 1
1536 3821 6
1536 1556 8
1536 3419 2
1536 454 10
1536 3185 3
1537 4848 10
1537 2170 2
1537 3805 7
1537 1409 1
1537 2005 4
1538 965 9
1538 3836 1
1538 184 5
1538 4037 1
1539 4982 4
1539 4229 6
1540 929 10
1540 3594 7
1541 2500 2
1541 4404 1
1541 2979 3
1541 2621 6
1542 3708 3
1542 2278 8
1543 4209 4
1543 3120 7
1543 2069 8
1544 1316 2
1544 3979 5
1544 2703 6
1545 3501 9
1546 2198 4
1546 2405 9
1546 72 2
1546 4460 8
1547 1666 9
1547 1156 6
1547 4145 4
1547 349 7
1548 1940 7
1549 3717 7
1550 4903 7
1550 4604 2
1550 328 9
1551 785 2
1551 3961 2
1552 2770 8
1552 568 6
1552 4226 5
1552 4899 4
1552 4566 1
1553 4359 9
1553 4535 3
1553 3391 6
1553 2131 2
1553 1135 9
1554 3014 2
1555 3419 2
1555 641 9
1555 1894 3
1555 2479 6
1555 1254 5
1556 3419 5
1557 2140 2
1558 2504 8
1558 4660 10
1558 2225 5
1558 2888 3
1558 3156 4
1559 4867 1
1559 1549 9
1560 1715 5
1560 4072 7
1560 1684 9
1560 4065 5
1560 2959 3
1561 4623 1
1561 1399 3
1561 1882 5
1562 2167 1
1562 4020 4
1562 255 8
1563 2669 5
1563 2645 10
1564 4931 4
1564 2033 2
1564 1359 3
1564 4800 3
1564 3795 2
1565 3632 3
1565 2318 7
1565 3819 9
1566 4145 6
1566 3644 5
1566 3821 9
1566 4221 2
1567 244 3
1567 1284 3
1568 1356 4
1568 322 9
1568 312 9
1568 1703 8
1569 1182 5
1570 2322 9
1570 1944 6
1570 4962 4
1570 2631 7
1571 3973 8
1571 4105 6
1572 3024 4
1572 4149 6
1572 3896 9
1572 1906 8
1573 4839 9
1573 3505 8
1574 1910 4
1575 2747 2
1575 3864 4
1575 792 1
1576 3129 1
1576 890 2
1576 1509 5
1576 3030 8
1576 1128 10
1577 2296 10
1577 4578 8
1577 3555 7
1577 2951 8
1577 3458 10
1578 1582 4
1578 595 3
1579 2721 4
1579 3524 4
1580 2054 6
1581 144 7
1582 3614 5
1582 3460 1
1582 4522 1
1582 3822 3
1582 4263 6
1583 3423 9
1583 551 5
1583 2574 4
1584 1785 2
1585 4518 5
1585 2735 1
1585 3693 6
1586 3245 2
1586 3347 8
1586 1961 2
1586 341 6
1586 4423 4
1587 3293 7
1587 3642 6
1587 2407 4
1588 4898 6
1588 3524 4
1588 1865 2
1588 2666 7
1588 3457 2
1589 2147 7
1590 3091 3
1590 4664 5
1590 2225 1
1591 4163 10
1591 4196 5
1591 1020 9
1592 3796 2
1592 4604 4
1593 1205 1
1594 4146 6
1594 4683 3
1594 4796 1
1594 4937 7
1594 2525 6
1595 4069 8
1595 3725 9
1595 4698 2
1595 2523 1
1595 266 5
1596 2731 10
1596 3263 7
1596 4579 7
1596 2754 3
1597 3581 5
1597 4467 10
1598 1004 7
1598 4591 3
1598 2499 1
1599 2136 7
1599 3292 5
1599 2326 3
1600 3203 9
1600 1247 6
1601 1812 6
1601 1615 2
1601 1900 10
1602 4223 10
1603 1280 6
1603 3241 9
1603 2765 9
1603 1213 4
1604 3081 2
1604 4023 3
1604 620 2
1605 1495 7
1605 3229 2
1605 1808 8
1605 2108 1
1606 3690 3
1607 125 2
1608 389 2
1608 3531 6
1608 1472 3
1608 1701 9
1609 4986 9
1609 1670 6
1609 2276 7
1610 4153 6
1610 4871 9
1610 2042 9
1610 3176 1
1611 1746 5
1612 1297 1
1612 4792 7
1612 3496 7
1612 4081 6
1612 3684 3
1613 1808 3
1613 858 10
1613 799 6
1613 4014 1
1614 3555 10
1614 3991 3
1615 1813 1
1615 2640 8
1615 2235 10
1615 2886 1
1615 3505 3
1616 4973 8
1616 2360 7
1616 1480 5
1616 2322 3
1616 871 2
1617 3724 7
1617 1729 7
1617 3002 5
1617 2872 8
1618 1077 8
1618 1155 4
1618 1420 4
1619 4368 9
1619 4559 4
1619 3082 9
1619 3172 4
1620 1554 8
1620 2780 2
1620 4116 5
1620 3972 10
1621 1120 10
1621 1468 1
1621 2510 7
1621 1046 1
1622 2604 1
1622 4183 1
1622 1661 5
1623 2604 10
1623 1661 2
1624 4026 1
1624 1148 2
1625 2584 8
1625 4440 10
1625 2335 10
1625 3109 3
1626 4030 5
1626 3163 1
1626 4913 10
1626 4911 3
1627 1174 7
1628 2929 1
1628 2208 6
1628 4484 1
1629 1757 1
1629 3033 5
1629 3185 10
1630 3097 5
1631 2929 8
1631 4612 2
1631 2180 4
1631 2120 9
1631 787 10
1632 1382 4
1633 3297 6
1633 655 10
1634 2293 9
1634 204 9
1634 3313 5
1635 3587 1
1635 1496 5
1635 4047 6
1635 4222 10
1635 3906 9
1636 3067 7
1636 3660 8
1637 2084 9
1638 1063 7
1638 3984 8
1638 3097 5
1638 2488 7
1638 3201 10
1639 3105 6
1639 4466 9
1639 2763 8
1639 4059 6
1640 1283 4
1640 3220 9
1640 3049 1
1640 220 8
1641 2309 5
1642 2460 7
1643 1924 1
1643 3438 4
1643 2200 6
1644 2725 9
1644 3380 7
1644 817 8
1645 2221 6
1645 1751 9
1645 4492 2
1645 4886 9
1646 320 2
1647 1825 5
1648 2605 7
1648 4718 5
1648 1511 5
1649 617 3
1649 2298 4
1650 4712 7
1650 1827 7
1650 4680 3
1651 1376 2
1652 4277 6
1652 3751 9
1652 1723 6
1652 4761 6
1652 3692 6
1653 3583 8
1654 3161 4
1654 299 10
1654 1936 5
1654 2825 1
1655 3226 10
1655 4687 10
1656 3353 4
1656 315 4
1656 654 9
1657 3702 4
1657 3614 8
1657 2209 6
1657 3743 2
1658 4494 4
1659 3541 7
1659 2959 8
1659 4453 1
1659 2160 8
1659 2935 8
1660 1766 9
1661 2185 5
1662 2265 4
1662 2306 9
1663 4745 1
1663 4578 5
1663 2391 1
1664 3397 9
1664 3418 3
1665 2989 8
1665 1681 6
1665 2690 8
1665 2699 6
1666 1473 3
1667 4650 6
1667 4989 6
1667 1951 5
1667 3 10
1668 4622 8
1668 4334 5
1668 155 1
1669 1541 1
1669 3181 9
1670 2706 8
1670 1371 1
1670 1950 6
1670 1849 5
1671 816 4
1671 2381 5
1672 4496 4
1673 3602 4
1673 3719 5
1673 1878 3
1674 2794 2
1675 4722 8
1675 4888 8
1676 4178 3
1676 1162 9
1677 4160 7
1677 4426 3
1677 3303 6
1677 2726 3
1677 4921 8
1678 2700 5
1678 418 1
1678 3249 3
1678 3762 10
1678 4509 3
1679 2225 6
1679 3512 4
1679 4401 9
1680 4734 6
1680 3276 9
1680 3369 4
1681 2464 4
1681 1229 10
1681 2852 6
1681 2642 6
1681 3402 4
1682 3401 1
1682 2162 9
1682 1301 4
1682 4970 2
1683 3250 5
1683 1815 7
1683 2290 4
1683 2948 10
1684 1419 7
1684 242 3
1684 3961 8
1684 2373 7
1685 2248 6
1685 2038 4
1686 2707 6
1686 4287 1
1686 2190 1
1687 4618 3
1687 3415 5
1688 4723 8
1688 3562 5
1688 4782 8
1688 3010 4
1688 4231 8
1689 1091 5
1690 702 4
1690 4595 10
1690 2000 9
1690 4268 5
1691 4750 10
1691 3032 4
1691 2396 7
1691 3649 1
1691 1705 1
1692 1836 8
1692 4894 10
1692 788 7
1692 17 8
1693 3325 1
1693 4128 8
1694 2103 8
1695 4884 10
1695 553 7
1696 1025 7
1696 4903 10
1696 3537 10
1697 2851 10
1698 2955 7
1699 3447 3
1700 1284 10
1700 802 7
1700 2433 10
1700 244 1
1700 3017 3
1701 1483 4
1701 3354 9
1702 721 9
1702 644 10
1702 363 4
1702 2156 4
1702 3823 6
1703 3633 7
1704 3592 4
1704 1796 4
1704 4888 4
1705 2496 8
1705 4565 5
1706 1965 2
1706 417 5
1707 4916 1
1707 4514 2
1708 4266 9
1708 3950 6
1709 4111 3
1709 4598 3
1709 2383 7
1710 1820 7
1710 2507 1
1711 4667 8
1711 365 6
1711 3297 6
1711 4506 4
1712 4626 10
1712 4655 3
1712 3461 7
1712 4185 2
1712 3745 5
1713 2321 2
1713 3496 7
1714 2129 1
1715 3410 7
1715 332 5
1716 950 7
1716 4740 4
1717 2658 8
1717 2064 7
1717 4676 3
1717 107 9
1718 2602 10
1718 2779 9
1719 2088 9
1720 3937 5
1720 4652 1
1720 599 1
1720 2843 8
1721 1324 3
1721 4751 5
1721 723 1
1721 2716 3
1721 2492 1
1722 4738 8
1722 4611 1
1722 1054 6
1722 3098 7
1723 1766 1
1723 4418 9
1723 3047 2
1724 657 9
1724 3539 8
1724 45 7
1724 4225 9
1724 3561 3
1725 1994 10
1725 2794 10
1725 4672 8
1725 4202 8
1726 4437 8
1726 1579 9
1726 3368 6
1726 3413 9
1727 4425 10
1728 4898 8
1728 3398 10
1728 844 6
1728 957 9
1728 287 9
1729 4063 6
1730 2435 2
1730 4905 4
1731 2709 2
1732 4587 9
1732 120 9
1732 3173 7
1733 2465 2
1733 4593 8
1733 2168 8
1733 4491 1
1734 2879 5
1734 1344 4
1735 561 5
1735 3751 9
1735 1652 3
1735 3692 4
1736 4012 9
1736 204 5
1736 1634 1
1736 2884 5
1737 1859 6
1737 3434 1
1738 3694 10
1739 1502 1
1739 4016 9
1739 1468 5
1739 4659 1
1739 3818 8
1740 2051 5
1741 4598 2
1741 1817 7
1741 56 4
1741 247 4
1742 4615 6
1743 2745 2
1743 2996 4
1743 2255 1
1743 2972 6
1743 2010 3
1744 3943 4
1744 2057 2
1744 2654 4
1744 673 5
1744 1312 4
1745 3728 3
1746 3681 5
1746 2588 9
1746 1368 3
1746 2038 7
1746 2700 4
1747 1754 2
1748 2033 5
1748 3294 7
1748 2697 3
1749 284 6
1749 932 3
1749 2122 10
1749 4695 10
1750 1362 1
1750 3418 6
1750 2868 2
1750 2894 9
1750 3195 7
1751 801 4
1751 3575 7
1752 877 1
1752 4333 4
1752 70 4
1753 4862 6
1753 1864 10
1753 2369 4
1753 2941 6
1753 2907 9
1754 4691 2
1754 4793 8
1754 2055 1
1754 2352 1
1754 713 4
1755 4234 3
1755 2863 8
1755 3528 2
1755 3661 8
1756 3429 3
1756 2755 2
1756 603 4
1756 3553 6
1756 959 9
1757 2607 10
1758 989 6
1758 3505 10
1758 4093 7
1758 4025 7
1759 266 8
1759 2724 1
1759 206 8
1759 2485 7
1759 1825 2
1760 1475 3
1760 1184 8
1760 3130 8
1760 1270 10
1761 4226 3
1761 3137 6
1761 4899 1
1761 2544 1
1761 4929 9
1762 2859 6
1763 4968 3
1764 2306 10
1765 228 4
1765 4735 6
1765 438 6
1766 4950 4
1766 4305 10
1766 1057 10
1766 3640 1
1767 1844 10
1767 3327 3
1767 1241 6
1767 4317 4
1767 4530 8
1768 3104 9
1768 4974 3
1768 3969 9
1768 4647 4
1769 3819 10
1769 92 6
1769 2318 2
1769 420 8
1770 1729 7
1770 1048 3
1770 863 1
1770 4601 5
1771 4239 1
1771 2842 7
1771 1929 10
1772 2615 7
1772 4110 6
1772 3192 2
1773 1183 3
1774 4045 10
1774 3045 10
1775 2318 4
1776 2191 4
1776 3696 7
1776 4191 10
1776 588 10
1776 3127 4
1777 2182 6
1777 1899 8
1777 2064 6
1777 3095 10
1778 1337 1
1779 3993 5
1779 4808 9
1779 910 9
1780 1682 6
1781 702 2
1781 455 6
1782 3241 8
1782 877 10
1782 3718 1
1783 178 10
1783 589 5
1783 1543 5
1784 2435 6
1784 2960 10
1784 4221 3
1784 3644 2
1784 4850 10
1785 4586 4
1785 3043 2
1785 2583 5
1785 3487 5
1785 4688 1
1786 4513 9
1786 2770 6
1787 1224 5
1787 1082 10
1787 653 9
1787 3700 8
1787 2850 8
1788 3800 4
1788 1802 6
1789 3040 9
1789 4949 4
1789 2099 5
1789 4412 5
1790 280 5
1790 2077 5
1790 4016 10
1790 1571 3
1791 2301 3
1792 4434 5
1792 745 3
1792 149 6
1792 528 7
1792 2348 2
1793 4480 8
1793 3695 4
1793 4130 4
1794 4970 1
1794 1880 6
1795 1510 2
1795 157 8
1795 4526 5
1796 3243 3
1797 3522 6
1797 2526 1
1798 4462 2
1798 4815 1
1799 2489 6
1799 4069 1
1800 2124 9
1800 3785 8
1800 883 4
1800 4420 5
1800 676 7
1801 2504 10
1801 4216 9
1802 389 8
1802 3220 6
1802 1608 1
1802 4138 9
1803 4615 10
1803 4247 8
1803 2005 1
1803 3687 6
1804 2038 5
1804 122 7
1804 4308 10
1804 4999 8
1804 4592 2
1805 616 2
1806 678 5
1806 1963 3
1806 2148 9
1807 276 9
1808 2019 5
1808 16 1
1808 3357 5
1808 1099 7
1809 2148 6
1809 4411 4
1809 681 4
1809 4619 1
1809 2154 7
1810 1802 8
1810 4538 3
1810 1944 7
1810 1570 6
1810 3800 4
1811 1699 2
1811 3279 4
1811 3884 3
1811 500 9
1811 3447 5
1812 3595 2
1812 3374 10
1813 883 2
1813 2124 3
1814 2744 9
1815 2165 9
1816 2931 7
1817 2304 2
1817 743 9
1818 2533 7
1818 4275 2
1819 4800 5
1820 4288 5
1821 1791 7
1821 4104 8
1821 3489 6
1821 4444 1
1822 4619 9
1822 64 7
1822 182 8
1823 3584 8
1823 3616 5
1824 2500 8
1824 2733 4
1824 649 2
1824 3367 4
1824 1132 9
1825 4582 1
1825 3055 9
1826 137 9
1826 2260 1
1827 2062 6
1827 4712 8
1827 1820 6
1827 1076 7
1828 2472 3
1828 3758 3
1828 1936 3
1828 4776 1
1828 4246 2
1829 646 5
1829 2697 1
1830 4866 10
1830 24 7
1830 1205 7
1830 3183 10
1831 4633 6
1831 4133 4
1831 515 10
1832 2248 2
1833 714 10
1833 1570 2
1833 2322 5
1833 4973 1
1834 2786 1
1834 2489 4
1834 4656 4
1834 4511 8
1835 3984 2
1835 227 5
1835 3546 3
1835 3001 10
1835 4974 2
1836 1720 10
1836 1883 8
1836 788 9
1836 599 9
1837 1779 4
1837 3142 4
1837 3245 3
1838 2215 5
1839 2215 3
1840 4663 7
1840 4760 8
1840 2992 8
1840 192 5
1840 4692 10
1841 3047 9
1841 2753 9
1842 2912 3
1843 2192 8
1843 4745 5
1844 4530 1
1844 3906 7
1844 3577 9
1844 4451 9
1845 2289 10
1845 624 5
1845 3199 7
1845 50 1
1845 4367 10
1846 4834 10
1846 4315 4
1847 3932 8
1847 1142 2
1847 3368 1
1848 2111 3
1848 2455 10
1848 1312 10
1849 1881 3
1849 240 1
1850 3021 6
1850 4103 7
1851 2088 9
1851 1338 9
1852 2540 7
1852 3205 5
1852 2063 6
1852 2467 8
1853 1391 3
1854 2245 6
1854 2537 7
1854 3970 4
1854 3687 3
1854 4433 5
1855 3091 7
1855 1520 5
1855 4872 10
1855 3653 10
1856 3123 4
1856 2952 2
1856 3670 7
1857 1908 7
1857 2389 4
1858 3228 2
1858 2180 6
1858 4612 6
1858 3689 8
1858 3021 6
1859 3407 9
1859 2180 7
1859 572 9
1859 4787 4
1859 3571 1
1860 3147 10
1860 3667 4
1860 4127 2
1861 48 8
1861 1662 1
1861 2306 3
1861 4830 9
1861 558 7
1862 2789 2
1863 2724 5
1863 3953 4
1864 2907 6
1864 2418 10
1864 4742 1
1865 935 9
1866 693 1
1866 971 9
1867 2955 6
1867 4730 5
1867 3144 7
1867 3621 10
1868 757 4
1868 2325 3
1868 4126 7
1869 3086 3
1869 2076 2
1870 4023 2
1871 957 1
1871 1391 7
1871 368 7
1871 4393 7
1871 2645 2
1872 4784 3
1873 4145 6
1873 3644 8
1873 3185 4
1873 4221 4
1874 3652 4
1874 3063 9
1874 310 2
1874 4534 3
1875 4836 7
1875 3373 3
1875 3974 1
1876 1041 9
1876 2354 8
1876 4057 3
1876 3981 5
1876 663 9
1877 391 7
1877 2915 10
1877 3508 7
1878 3884 9
1879 3289 9
1879 1313 6
1879 3780 2
1879 640 9
1879 824 5
1880 2340 7
1880 774 3
1880 3888 3
1880 4840 1
1880 4194 1
1881 4585 9
1882 4860 10
1882 4162 5
1882 471 3
1882 3237 5
1883 1014 5
1883 4112 6
1883 902 10
1883 2593 6
1884 413 9
1884 4245 2
1885 4661 9
1885 4550 9
1885 3485 9
1885 1985 6
1885 2368 9
1886 3788 5
1887 4608 4
1888 3297 7
1888 1726 4
1889 1727 8
1889 2091 1
1889 2827 7
1889 3792 10
1889 3113 10
1890 3376 1
1891 3486 6
1891 4601 7
1892 3230 9
1893 1207 6
1893 1531 2
1893 614 6
1893 3872 6
1893 697 4
1894 2035 10
1894 3033 6
1894 1757 6
1895 516 9
1895 1904 6
1896 3046 5
1896 3867 10
1896 1931 3
1896 2274 8
1897 2485 1
1897 266 4
1897 4728 1
1898 120 2
1898 175 2
1898 1941 5
1899 4255 7
1900 2640 2
1900 2886 5
1900 1800 10
1901 2342 4
1901 2779 2
1901 4978 1
1902 2629 7
1902 2800 9
1902 2695 2
1903 2701 6
1903 2448 6
1903 4498 9
1904 2664 8
1905 3293 3
1905 3966 2
1905 228 6
1906 4074 5
1906 2015 1
1907 4510 6
1907 1913 10
1907 2833 3
1907 4970 3
1907 2665 8
1908 4092 8
1908 1286 1
1908 3324 1
1908 4649 2
1909 3533 2
1910 4836 4
1911 2251 1
1911 3957 6
1912 4499 3
1913 1059 7
1914 4606 10
1914 1306 3
1915 4097 6
1916 251 3
1916 1286 3
1916 537 8
1916 3377 10
1917 4268 6
1917 722 3
1917 128 6
1917 3194 10
1918 2271 3
1919 1670 2
1919 1950 6
1919 696 4
1919 4387 3
1920 1732 6
1920 408 3
1920 3113 6
1920 730 1
1920 3792 6
1921 2854 9
1921 4585 2
1921 2657 1
1921 4201 10
1921 4986 4
1922 2192 6
1922 1714 7
1922 585 3
1922 1482 8
1922 4745 9
1923 4182 6
1923 2974 10
1924 3014 3
1925 3805 5
1925 1149 9
1925 2005 8
1925 4433 1
1925 692 4
1926 1150 7
1926 4679 3
1926 4158 2
1926 1403 9
1927 2124 10
1927 2677 4
1927 947 8
1927 2950 3
1928 2646 7
1928 2338 9
1928 2230 8
1928 3978 1
1929 1546 4
1929 2405 10
1929 754 5
1929 1229 9
1930 2101 2
1930 2017 9
1930 3366 4
1930 4113 4
1930 4435 7
1931 2600 5
1931 3867 5
1931 2146 10
1931 4638 4
1931 1067 2
1932 1340 5
1932 1310 8
1932 2669 10
1932 705 8
1932 1503 5
1933 2710 1
1933 4738 4
1933 4574 5
1933 50 4
1933 1408 5
1934 3560 1
1934 1632 2
1934 2077 10
1935 3225 8
1936 1557 2
1937 4362 9
1937 132 9
1938 2272 10
1938 1679 8
1939 956 10
1939 2447 8
1939 2544 4
1940 4975 9
1941 4884 6
1941 4012 10
1941 1695 7
1941 4816 9
1942 4758 7
1942 2227 10
1942 3698 1
1943 1433 2
1943 3468 3
1943 3635 10
1944 83 6
1944 4869 7
1944 2311 7
1944 922 8
1944 104 1
1945 1715 4
1945 1512 10
1945 2375 6
1946 3881 5
1946 4939 3
1947 4006 4
1947 2924 4
1948 899 4
1948 1590 1
1948 2225 10
1948 4132 7
1948 4624 1
1949 1055 1
1949 3849 5
1949 1230 8
1950 1125 2
1950 1236 1
1951 726 6
1951 4645 1
1951 3247 6
1951 4650 3
1952 4200 4
1952 2745 8
1952 4904 3
1953 3244 9
1953 4321 1
1953 2643 4
1954 3439 6
1954 4564 2
1955 334 8
1955 2344 5
1955 4659 10
1955 2757 7
1955 3560 7
1956 2655 9
1956 2151 4
1956 529 10
1957 3675 8
1957 4266 2
1957 1500 9
1957 4116 7
1958 3811 1
1959 2431 2
1959 4276 1
1960 1790 2
1960 4890 2
1961 1779 4
1961 2327 10
1961 4399 9
1962 4071 6
1962 3702 5
1963 2165 9
1963 2148 5
1964 360 10
1964 4800 2
1964 3363 5
1965 403 3
1965 2246 2
1965 4811 8
1966 4359 4
1967 857 2
1967 2659 9
1967 2832 3
1968 3986 1
1968 460 7
1968 4489 7
1968 1904 4
1969 4329 2
1969 4492 2
1969 4354 7
1969 3380 1
1970 3219 5
1970 3143 4
1970 2760 10
1970 2422 1
1970 1272 9
1971 1356 3
1971 1777 7
1972 2452 9
1972 1790 9
1973 3393 9
1973 1619 6
1973 3085 7
1973 2832 4
1974 3681 9
1975 4129 4
1975 2990 6
1975 3115 4
1976 4159 3
1976 250 1
1976 2789 10
1976 1654 6
1977 1737 5
1977 1979 3
1978 4208 6
1978 4298 2
1979 2984 1
1980 3360 9
1980 3582 8
1980 66 7
1980 4334 1
1981 4527 1
1981 440 2
1981 2571 2
1981 1066 10
1981 3568 5
1982 4591 5
1982 4621 3
1982 2499 3
1982 3846 2
1983 2722 8
1983 1461 10
1983 4604 3
1984 1118 5
1984 917 3
1984 52 7
1984 3210 10
1985 3695 5
1985 3967 7
1986 1166 4
1987 2564 3
1988 1268 9
1988 4337 8
1988 1388 10
1989 4399 3
1990 2980 1
1990 1904 5
1990 699 2
1990 1895 8
1990 4094 8
1991 1886 9
1992 570 2
1992 3109 7
1992 2352 7
1992 1114 2
1993 669 1
1993 1998 3
1993 1708 1
1994 4672 6
1994 2702 5
1994 4491 5
1994 2806 9
1994 3012 2
1995 4445 4
1995 953 7
1995 1345 10
1995 2313 7
1995 4558 5
1996 1948 3
1996 3317 1
1997 1453 2
1998 468 10
1999 2389 3
2000 1711 4
2000 4595 4
2000 997 7
2000 1979 8
2000 4787 5
2001 3642 7
2001 2407 5
2001 3511 9
2001 4813 2
2001 3985 3
2002 3304 4
2002 734 9
2002 4681 9
2002 4980 6
2002 1115 5
2003 185 4
2003 200 7
2004 3069 7
2004 50 10
2004 2289 5
2004 1408 10
2004 1054 4
2005 596 3
2005 4433 2
2006 34 4
2006 3789 6
2006 2352 8
2007 3095 4
2007 2064 8
2007 300 4
2008 3487 2
2008 773 2
2008 3999 5
2008 2764 10
2008 3755 10
2009 1366 10
2009 1307 7
2010 2972 4
2010 2255 4
2011 2035 3
2011 239 3
2012 2496 2
2012 3649 7
2012 147 3
2013 4067 3
2013 3431 6
2013 2990 5
2014 538 5
2015 3896 9
2015 3918 5
2015 3852 6
2015 4074 9
2016 4333 2
2016 3672 6
2016 3901 10
2016 70 10
2017 2637 3
2017 3639 6
2017 4435 6
2018 4096 6
2018 3186 7
2018 984 2
2019 2729 2
2019 4384 2
2019 4193 8
2020 3855 6
2020 2645 6
2020 2920 2
2021 1674 2
2022 4964 8
2022 3046 7
2022 4105 2
2023 3149 6
2023 1458 10
2024 3623 7
2024 3021 9
2024 3797 10
2025 146 9
2025 2341 9
2025 61 5
2025 323 6
2026 2936 10
2027 2184 7
2028 4785 4
2029 4942 4
2029 3516 4
2029 409 10
2029 3389 9
2029 2641 2
2030 2016 8
2031 2316 3
2031 4421 7
2032 2900 6
2032 3817 2
2032 2912 4
2033 3136 5
2033 2404 7
2034 3941 7
2034 521 5
2034 189 2
2035 127 9
2035 3803 2
2035 2798 3
2035 1757 2
2036 2074 7
2036 737 2
2036 896 3
2036 629 10
2037 1797 10
2037 957 5
2037 2159 4
2037 3245 1
2038 3442 4
2038 2687 5
2038 4308 6
2038 4874 7
2038 4316 3
2039 1438 4
2039 2813 10
2039 3288 8
2040 4635 10
2040 4080 4
2040 4168 4
2041 857 8
2042 2777 4
2043 3305 9
2043 2092 6
2044 3359 7
2045 2662 5
2045 563 6
2046 4152 8
2047 4316 10
2047 4509 1
2048 3632 1
2048 238 7
2049 2190 3
2050 3905 1
2050 3377 9
2050 3240 2
2050 2579 10
2050 512 5
2051 4436 5
2051 1475 10
2051 1184 7
2051 2229 7
2052 228 1
2053 4412 1
2053 685 1
2053 1789 7
2053 3252 5
2054 3353 5
2054 217 2
2054 4061 3
2055 2335 5
2055 570 2
2055 1114 1
2055 3742 1
2056 4269 3
2056 699 9
2057 4033 1
2057 181 8
2057 4073 9
2057 2567 8
2058 2521 9
2058 3947 7
2058 2078 4
2058 3279 2
2058 2752 8
2059 829 9
2059 2716 5
2059 1948 10
2059 2864 6
2060 4723 8
2060 3704 7
2060 4612 10
2060 281 1
2060 1103 5
2061 4792 8
2061 1151 5
2061 2158 8
2061 4176 6
2061 2321 9
2062 4498 2
2063 4317 5
2064 1866 1
2064 1347 6
2064 6 4
2065 887 4
2066 252 8
2067 1134 9
2067 2191 2
2067 4191 2
2067 4087 1
2067 887 1
2068 4833 5
2068 3764 4
2068 4177 4
2069 4234 3
2069 3120 6
2069 3857 6
2069 3424 4
2070 4403 2
2070 137 9
2070 1468 7
2071 3787 9
2071 3807 7
2071 1257 3
2072 3790 7
2073 2513 3
2073 2797 4
2073 872 7
2073 2751 3
2073 2794 9
2074 475 9
2074 2596 6
2075 4368 2
2075 2718 2
2075 4843 2
2076 1322 9
2076 1592 2
2076 391 5
2077 791 4
2077 3510 7
2077 2820 10
2078 561 9
2078 3447 7
2078 384 4
2079 3524 1
2079 1310 8
2079 4503 6
2079 2247 6
2079 1579 3
2080 1251 9
2080 3329 9
2080 4693 5
2080 2605 3
2081 4008 2
2081 1764 2
2081 4068 1
2081 1373 7
2082 4116 6
2082 2667 6
2083 4312 10
2083 405 7
2083 205 1
2083 4823 8
2084 1085 7
2084 2355 8
2084 1870 1
2085 2349 5
2085 3538 4
2086 966 10
2087 3037 1
2088 4827 3
2088 3654 9
2089 529 7
2090 1322 5
2091 3792 1
2092 4910 6
2093 4123 3
2093 2139 10
2094 262 5
2094 2033 3
2094 1383 8
2094 1269 10
2095 3269 3
2095 1009 2
2095 940 6
2095 4567 5
2096 752 3
2096 1882 1
2096 4249 3
2096 4623 5
2097 1358 10
2097 145 4
2098 3657 3
2098 854 5
2099 4530 9
2099 3205 5
2099 229 2
2100 3982 10
2100 25 7
2100 3300 8
2101 1376 9
2101 2637 3
2101 2646 4
2101 2386 3
2101 3639 9
2102 4266 9
2102 4123 7
2102 1998 8
2102 4463 7
2103 2654 9
2103 3622 8
2104 2707 5
2105 1516 10
2105 3443 5
2105 1071 7
2106 2426 4
2106 4640 8
2106 4722 1
2107 20 9
2107 2294 1
2107 1985 4
2107 1597 5
2107 726 5
2108 68 8
2108 4778 9
2108 2729 8
2108 4003 4
2108 1099 10
2109 1074 1
2109 3853 3
2109 686 6
2109 2717 7
2110 3650 7
2110 981 5
2111 3984 10
2111 4121 6
2111 380 4
2111 4563 2
2112 962 3
2112 3238 7
2112 660 9
2113 2148 3
2113 1963 6
2113 681 4
2113 4877 2
2113 4619 7
2114 2630 2
2114 3603 7
2114 2976 1
2115 2703 2
2115 2217 6
2115 3576 7
2115 3761 10
2115 3433 9
2116 2265 4
2116 1201 3
2116 2306 4
2116 804 3
2116 3180 1
2117 1808 6
2117 16 2
2118 3950 1
2118 2398 6
2118 2851 1
2118 4725 5
2119 3624 9
2119 4534 10
2119 1341 7
2119 3598 9
2119 177 8
2120 4484 9
2120 1385 6
2121 4840 10
2121 2554 10
2121 1880 9
2121 3888 3
2121 1913 6
2122 861 10
2122 2854 2
2122 3850 2
2122 4485 10
2122 4201 7
2123 4048 7
2124 3785 4
2124 4420 5
2125 1323 9
2125 1538 4
2125 3798 1
2125 4784 9
2125 2718 7
2126 4422 8
2126 611 2
2126 3056 2
2126 4014 8
2126 4434 4
2127 1310 5
2127 3073 9
2127 2079 10
2127 311 4
2127 4898 5
2128 1185 10
2128 2283 9
2129 3118 7
2130 4783 6
2130 2655 8
2130 122 3
2130 612 5
2130 2047 5
2131 106 4
2132 393 2
2133 3872 10
2133 2326 10
2133 3451 6
2133 219 6
2134 4962 2
2134 3257 4
2134 410 9
2134 3359 10
2135 2537 8
2135 2303 9
2135 3687 2
2135 4848 10
2135 2005 2
2136 2611 10
2136 38 2
2136 884 7
2137 3473 2
2137 2991 4
2137 3166 10
2137 4601 9
2137 4636 5
2138 4120 9
2138 645 10
2139 4570 5
2139 1951 8
2139 183 1
2139 4334 4
2139 1187 5
2140 293 5
2140 4883 9
2140 4314 9
2140 3324 5
2140 4482 3
2141 1090 6
2141 418 4
2141 2236 7
2141 3449 3
2141 4891 3
2142 884 8
2142 38 3
2143 1060 8
2143 1853 8
2143 4808 5
2144 1504 1
2144 1723 3
2144 1435 10
2145 3950 5
2145 2383 9
2145 4333 9
2145 4111 7
2145 3901 5
2146 41 2
2146 281 5
2146 4338 2
2146 1101 6
2146 3228 9
2147 2760 8
2147 3102 10
2147 3926 1
2148 4374 2
2148 4619 2
2148 4686 1
2148 831 8
2149 833 1
2149 4462 10
2149 3938 7
2149 2538 10
2149 1531 5
2150 246 6
2151 3542 4
2151 63 7
2151 3249 3
2152 4730 4
2152 837 4
2152 4034 1
2152 4906 7
2153 1769 10
2153 3472 9
2153 2568 2
2154 64 4
2154 4411 2
2154 2417 6
2155 3981 2
2155 3208 4
2156 322 4
2157 3757 3
2158 4081 7
2159 90 6
2159 1579 10
2160 1493 1
2160 647 5
2160 4746 5
2161 1531 7
2161 2538 6
2162 3887 9
2162 4573 7
2163 3444 6
2163 2762 9
2163 2344 10
2164 2952 9
2165 681 4
2166 4109 7
2166 3116 4
2167 460 1
2167 4269 1
2167 3986 1
2167 1300 4
2167 1168 6
2168 2492 5
2168 2801 9
2169 1362 10
2169 1692 4
2170 3336 3
2170 1893 3
2171 3066 2
2172 3788 1
2173 4709 1
2173 4905 7
2173 1156 8
2173 4961 7
2174 3767 8
2175 3945 4
2175 862 3
2175 2299 6
2175 1100 2
2175 3699 4
2176 4185 2
2176 3461 9
2177 2626 8
2177 2393 5
2177 732 1
2178 2075 2
2178 157 1
2178 731 2
2178 2041 4
2179 612 8
2179 4999 5
2179 4509 8
2180 4655 5
2180 31 3
2181 3762 10
2181 2195 2
2181 223 3
2182 1347 1
2182 1866 8
2182 4498 8
2183 3642 7
2183 228 4
2183 4735 3
2183 2870 1
2184 3415 6
2185 4649 4
2186 3218 6
2187 950 8
2187 1675 10
2188 155 9
2189 2606 9
2189 1055 5
2190 4971 3
2190 4287 7
2190 4701 7
2191 3213 2
2191 4380 4
2191 1899 3
2191 1444 1
2192 2702 1
2192 2394 4
2192 4491 8
2192 1674 10
2192 1358 1
2193 2701 2
2193 4514 3
2193 2572 1
2193 2759 10
2194 2656 10
2195 4639 3
2195 4176 1
2196 4514 1
2196 2875 3
2196 1920 7
2197 4427 4
2197 3230 10
2197 4832 5
2197 2841 6
2197 2422 1
2198 816 8
2198 4460 5
2198 2690 10
2198 72 2
2198 2790 10
2199 1423 8
2199 4844 1
2199 3602 7
2199 4917 1
2200 2543 6
2200 1708 5
2200 4995 3
2200 1924 4
2200 3942 3
2201 426 8
2201 2695 6
2201 2365 5
2201 1198 9
2201 1074 8
2202 4130 8
2203 701 1
2203 2174 8
2204 3403 5
2204 1947 5
2204 4943 3
2204 3235 5
2205 1572 4
2206 2539 3
2206 111 7
2206 2781 3
2207 2251 6
2208 3461 4
2208 4399 5
2209 4827 3
2210 3851 2
2210 3176 4
2211 4784 1
2212 676 10
2213 251 4
2213 4945 9
2213 2579 2
2213 3958 3
2214 4958 2
2214 134 3
2214 941 9
2215 951 5
2215 2394 1
2215 4805 6
2216 3501 2
2216 3168 3
2216 3716 4
2216 3319 5
2216 4457 4
2217 3761 8
2217 907 1
2217 2703 4
2217 3576 10
2217 3484 1
2218 1301 2
2218 1173 4
2218 4377 10
2218 2665 10
2218 3408 8
2219 3088 9
2219 3170 8
2219 1005 1
2219 4655 2
2219 3461 3
2220 4538 1
2220 571 2
2220 2299 5
2220 3356 6
2220 2547 2
2221 4492 9
2221 662 9
2221 484 8
2222 4681 4
2222 696 3
2222 543 1
2223 3878 5
2223 1301 3
2224 785 1
2224 4840 2
2225 3653 8
2225 2714 9
2226 4641 9
2227 3822 3
2228 846 2
2228 31 9
2228 1711 6
2229 1799 4
2229 4153 7
2229 3851 10
2229 3924 4
2229 172 9
2230 3728 4
2230 1745 5
2230 1651 2
2231 2846 9
2231 304 3
2231 4543 8
2231 2277 8
2232 1579 6
2232 1277 6
2233 2876 2
2234 2727 4
2234 2216 3
2235 3785 9
2235 3028 6
2235 4817 5
2235 2978 2
2235 3595 7
2236 3442 9
2236 4874 1
2237 2047 4
2237 1366 4
2237 2911 2
2237 3249 5
2237 1368 2
2238 4390 6
2238 4342 4
2238 1185 9
2238 2599 6
2238 1357 8
2239 1943 3
2239 1207 10
2240 100 6
2241 4916 6
2242 1479 7
2242 567 4
2242 4350 9
2242 195 5
2243 2637 3
2244 3584 7
2245 1022 10
2245 1893 4
2245 826 4
2245 3638 9
2245 4521 1
2246 4942 7
2246 793 1
2247 1367 6
2247 4393 6
2248 2038 7
2248 4316 10
2248 362 2
2249 3329 6
2249 3738 6
2249 1251 3
2249 4718 6
2249 1511 3
2250 3960 4
2250 3895 3
2250 1955 4
2251 3957 9
2251 4334 1
2251 3695 10
2251 1292 3
2252 66 8
2252 3967 10
2252 4097 9
2252 4997 6
2252 3268 9
2253 4737 2
2253 3606 5
2253 3737 1
2254 1098 3
2254 1073 4
2254 2333 10
2255 1559 10
2256 922 8
2256 3220 9
2256 4215 5
2256 3934 8
2257 4528 8
2257 890 6
2257 4187 10
2257 1154 1
2258 1087 2
2259 468 4
2259 282 8
2259 733 6
2260 1468 9
2260 1931 2
2261 2629 7
2262 2319 2
2262 2520 8
2262 431 6
2263 3056 4
2263 2976 8
2263 4106 1
2264 2145 4
2265 1373 5
2265 4841 3
2265 1322 8
2265 4523 3
2265 352 7
2266 664 8
2266 3123 8
2266 1232 5
2266 1414 2
2266 1111 5
2267 836 8
2268 3002 1
2269 4028 10
2269 595 2
2270 1451 3
2270 3530 10
2270 132 9
2271 52 4
2271 1557 7
2271 1828 8
2272 3317 7
2272 1679 9
2272 2410 3
2272 3156 5
2272 4927 1
2273 587 2
2274 3867 4
2274 281 10
2274 722 8
2274 4338 9
2275 2026 6
2276 895 5
2276 1921 3
2276 2706 3
2277 4226 7
2277 2639 7
2277 1030 1
2277 2447 6
2278 912 4
2278 2563 4
2278 1689 7
2279 4223 5
2279 3139 10
2279 3447 8
2279 1811 2
2280 819 6
2281 4916 9
2281 2572 7
2281 4498 9
2281 1707 2
2282 4907 1
2282 4910 10
2283 478 7
2283 841 5
2283 1185 7
2283 2811 1
2283 2238 10
2284 2554 1
2285 3158 10
2285 3055 10
2285 2898 2
2286 2586 1
2286 2599 8
2286 345 3
2286 4561 10
2286 4138 3
2287 4729 3
2288 3201 3
2289 2398 6
2289 1709 7
2289 924 4
2290 2148 1
2290 3151 2
2291 1722 1
2291 4335 10
2292 3087 2
2292 46 5
2292 4646 10
2293 4804 3
2293 4594 7
2294 2066 3
2294 4126 6
2294 3093 6
2294 4130 4
2295 1399 3
2296 585 10
2297 2246 10
2298 2877 6
2298 900 7
2298 4110 3
2298 3006 9
2299 3272 9
2299 1113 10
2299 3825 2
2300 3169 1
2300 2713 8
2300 2200 9
2301 2690 1
2301 3432 4
2301 3404 9
2301 1929 5
2302 568 10
2302 956 9
2302 4226 10
2302 2770 8
2303 614 5
2304 3079 3
2304 715 6
2304 4111 1
2304 407 5
2305 2357 6
2305 1990 5
2306 2722 7
2306 1562 10
2306 1428 6
2306 1476 9
2306 460 5
2307 1892 8
2308 4971 10
2309 2398 8
2310 3893 4
2311 2256 8
2312 1612 10
2313 2431 1
2314 1839 6
2314 2129 10
2314 4500 3
2314 4578 1
2314 168 7
2315 4206 5
2315 3463 4
2315 2132 4
2316 1710 9
2316 2377 5
2316 1866 4
2317 2593 1
2317 2790 4
2317 1486 6
2318 3819 10
2319 2173 8
2319 374 6
2319 389 7
2319 4561 9
2319 1802 5
2320 1128 1
2320 4529 9
2320 4386 8
2320 3278 6
2321 4176 5
2321 3198 1
2322 4138 7
2322 374 2
2322 3220 4
2323 4888 8
2324 679 10
2324 376 4
2324 1883 8
2325 2726 2
2325 645 6
2325 1105 9
2326 1497 4
2327 1779 1
2327 198 1
2328 1899 2
2328 3213 4
2328 4087 10
2328 1356 3
2328 2191 2
2329 3309 3
2329 4596 9
2329 2649 4
2329 3941 5
2330 757 5
2330 1453 10
2330 3333 9
2331 2316 9
2331 4046 9
2331 1866 10
2332 2381 8
2332 1986 1
2332 2790 5
2332 1546 1
2333 2215 1
2333 3458 5
2333 464 2
2333 4745 8
2334 4691 9
2334 2352 9
2334 3109 1
2334 4043 2
2334 3189 2
2335 358 9
2335 4182 9
2335 1756 4
2335 1923 7
2336 30 3
2336 3428 7
2336 338 2
2336 968 5
2337 3411 2
2337 3714 6
2337 893 8
2337 2087 4
2338 3495 10
2339 2380 6
2340 2103 10
2341 61 8
2342 2779 4
2342 4156 4
2342 3344 1
2343 3729 8
2343 3017 1
2343 2799 6
2343 2819 6
2343 2069 2
2344 4403 1
2344 1278 5
2345 4906 6
2345 2822 2
2345 3621 3
2345 1457 9
2345 995 7
2346 3509 4
2346 1364 9
2346 1209 3
2346 2232 3
2346 1367 8
2347 4364 4
2347 3397 4
2348 4040 9
2349 4013 2
2349 1478 1
2350 1005 7
2350 4376 9
2351 2960 10
2351 349 9
2352 1084 2
2352 591 9
2352 959 9
2352 1589 1
2352 235 2
2353 660 6
2353 50 7
2353 3942 5
2353 2172 1
2354 3981 3
2354 4801 7
2354 2938 5
2355 2968 4
2356 1023 3
2356 2785 6
2356 3525 5
2356 730 6
2357 121 7
2357 3376 4
2357 4020 7
2357 2502 3
2357 4269 4
2358 3963 5
2358 2560 6
2358 3750 2
2358 708 2
2359 1689 2
2359 3002 7
2359 3880 2
2360 1666 1
2360 3821 3
2361 1233 8
2361 2475 10
2361 4318 5
2361 513 1
2361 1623 3
2362 4804 4
2363 4310 7
2363 3757 8
2364 798 8
2365 1360 10
2365 4671 9
2365 1876 9
2365 2627 6
2366 1391 6
2366 4858 6
2366 1367 10
2366 1633 5
2367 4075 2
2367 742 9
2368 3360 3
2368 2997 6
2369 2454 7
2369 2570 5
2370 2821 8
2370 3009 1
2370 4150 4
2371 3492 8
2372 3494 2
2372 4825 4
2372 2649 4
2373 4883 4
2373 4294 2
2373 4377 4
2373 1286 4
2373 2223 9
2374 4729 7
2374 2823 1
2374 1572 9
2374 2287 8
2375 1222 7
2375 3161 10
2375 785 9
2375 1008 6
2376 957 10
2376 655 2
2376 4597 5
2376 365 4
2376 2159 3
2377 4960 5
2377 3173 6
2377 4498 9
2378 2932 1
2378 3956 9
2378 119 3
2378 4412 9
2378 4052 3
2379 646 10
2379 4564 4
2379 262 3
2379 2033 6
2380 2809 10
2380 3244 4
2380 2931 2
2380 687 7
2380 2349 9
2381 2464 8
2381 2525 8
2382 3884 1
2382 3947 1
2382 4844 2
2382 4842 2
2383 3875 6
2383 2720 5
2383 1035 9
2384 4687 6
2385 2698 2
2386 1651 6
2387 337 4
2388 3192 8
2389 1908 2
2389 2566 4
2390 1218 4
2390 3078 2
2391 1358 6
2391 1674 7
2391 2951 8
2392 3228 9
2392 722 9
2393 2947 3
2393 3065 2
2393 2626 2
2393 3770 5
2393 2999 8
2394 4672 5
2394 1674 5
2394 145 6
2394 2794 5
2395 4534 3
2395 4957 5
2396 3024 7
2397 2011 4
2398 4306 10
2398 2889 3
2398 1738 6
2398 3683 5
2398 733 10
2399 3761 8
2399 824 1
2399 3979 3
2399 3576 4
2399 906 7
2400 3414 1
2401 3721 8
2401 2015 4
2402 1453 10
2402 3334 4
2403 1498 4
2403 4924 7
2403 87 5
2403 538 4
2403 2125 7
2404 3663 9
2404 1609 2
2404 3902 9
2404 1383 5
2405 1166 8
2405 4684 7
2405 3432 3
2405 4146 6
2405 1229 5
2406 1965 4
2407 4735 9
2408 4219 4
2408 1343 7
2408 95 6
2408 4715 7
2408 2608 8
2409 3533 10
2409 3198 7
2409 4176 10
2409 3496 6
2410 1520 6
2410 3156 9
2411 507 3
2411 2708 3
2411 1863 8
2411 2728 6
2411 4002 3
2412 624 5
2412 1845 3
2412 3313 3
2412 3199 1
2412 1709 1
2413 3500 5
2414 2794 3
2414 2751 5
2414 145 4
2414 1321 10
2415 2011 5
2415 2798 6
2415 2342 9
2415 4275 9
2415 2602 4
2416 3728 10
2417 3491 5
2417 2360 9
2417 922 6
2417 3354 8
2418 3300 5
2419 3454 6
2419 4048 2
2419 3916 7
2419 3869 5
2419 1545 5
2420 4836 6
2421 2644 5
2421 4011 1
2422 2689 3
2422 1691 4
2423 2655 8
2423 612 10
2423 1138 8
2423 1463 4
2424 2722 2
2424 4604 3
2424 3415 5
2425 3368 2
2425 277 1
2426 898 10
2427 4855 5
2427 1882 4
2427 4623 7
2427 4860 4
2427 471 5
2428 1939 6
2428 2770 2
2429 2023 8
2429 4173 6
2429 3203 3
2429 4210 3
2429 2899 6
2430 1106 10
2430 2599 6
2430 4138 10
2431 2819 10
2432 3054 6
2432 734 3
2433 3155 7
2433 3521 1
2434 4079 9
2434 1953 1
2435 4275 1
2435 2415 10
2436 2510 2
2436 4301 9
2436 3867 8
2437 1148 7
2437 3780 5
2437 683 3
2437 3506 1
2438 3537 8
2438 2962 9
2438 2184 3
2438 1373 2
2438 1687 7
2439 1285 2
2440 4922 9
2440 3533 5
2441 3023 5
2441 3470 4
2441 4222 6
2442 2877 8
2443 869 8
2443 1517 3
2443 3614 2
2444 666 9
2445 3814 9
2445 2835 6
2445 3583 5
2446 3568 2
2447 2861 2
2447 2590 5
2447 3260 6
2447 4885 5
2448 534 3
2448 4960 4
2448 4425 7
2448 4756 3
2448 3173 1
2449 3950 10
2449 2662 8
2449 4516 9
2449 1924 5
2450 1527 4
2450 281 2
2450 3368 2
2451 220 7
2451 1472 1
2451 1113 10
2451 4197 8
2452 1278 6
2452 137 1
2452 334 9
2452 4213 4
2452 4659 6
2453 3610 9
2453 3659 1
2454 4397 6
2454 4982 4
2454 3838 5
2455 3546 2
2456 2725 7
2456 709 9
2456 3517 5
2456 1645 6
2456 3881 8
2457 289 7
2457 592 8
2457 813 4
2457 1436 7
2458 2515 7
2458 1218 1
2458 3717 5
2459 4412 4
2459 1214 3
2459 4317 5
2460 1780 7
2460 3179 4
2460 3212 6
2460 2784 1
2460 973 4
2461 3876 2
2461 1319 3
2461 2749 3
2462 4018 2
2462 654 5
2462 3517 4
2462 817 4
2463 3072 1
2463 4307 6
2464 4011 5
2464 4253 4
2465 1948 3
2465 1679 2
2465 2801 4
2465 3091 2
2465 207 10
2466 4670 9
2466 4309 1
2466 2243 10
2467 4530 8
2467 3327 7
2467 3906 7
2467 4317 4
2467 1528 2
2468 3548 10
2468 4133 6
2468 3968 3
2468 1791 3
2468 2198 9
2469 4320 1
2469 1456 9
2469 3262 3
2470 4037 4
2470 4190 3
2471 4337 8
2471 857 4
2471 4784 1
2471 19 9
2471 1388 4
2472 1936 4
2472 1661 9
2472 1622 4
2473 645 10
2474 813 3
2474 2372 6
2474 815 5
2474 1133 6
2475 1233 3
2476 1259 9
2477 1141 5
2477 4666 3
2477 4321 10
2478 4090 2
2478 3529 7
2478 2126 10
2479 4443 4
2479 4678 3
2480 3817 9
2480 2539 2
2480 4969 9
2480 2780 6
2481 1634 2
2481 3824 4
2482 671 7
2483 2613 9
2483 4285 9
2483 1574 10
2483 3884 8
2483 3447 8
2484 4718 7
2484 4823 7
2484 446 4
2484 3767 10
2484 2555 6
2485 266 2
2485 2231 6
2485 2603 2
2486 1137 3
2486 181 7
2487 447 10
2487 496 10
2487 668 6
2487 523 4
2488 4022 10
2488 1287 6
2488 3963 7
2488 4395 4
2489 4413 6
2489 2777 2
2490 2271 1
2490 3380 8
2490 1387 9
2490 484 8
2490 2681 3
2491 4141 8
2491 4573 3
2491 1682 10
2491 1459 2
2492 2272 2
2492 3634 9
2492 1769 4
2493 3695 7
2493 186 6
2493 3268 1
2493 4350 2
2493 2623 5
2494 1202 6
2494 4768 10
2494 424 8
2495 4945 9
2495 1400 2
2496 3288 8
2496 3852 6
2496 3443 1
2496 4729 7
2497 948 2
2497 4949 9
2497 4378 2
2497 229 4
2498 4740 8
2499 2727 2
2499 2648 7
2499 2574 3
2500 2886 10
2500 2924 3
2500 2733 1
2501 3257 10
2501 2850 10
2501 517 3
2501 1483 5
2501 345 3
2502 3814 2
2502 3583 7
2503 2974 10
2503 2653 1
2503 397 3
2504 92 10
2504 1212 7
2505 2005 8
2505 2170 7
2505 1296 5
2506 1226 8
2506 4858 1
2506 3107 8
2507 3173 9
2508 2775 10
2508 295 6
2508 1400 10
2508 3622 9
2509 4971 4
2509 2707 8
2509 3284 1
2509 4287 5
2509 2190 1
2510 4794 5
2511 2070 9
2511 1468 2
2511 4612 9
2511 3562 4
2512 3702 5
2512 4736 3
2512 171 6
2513 2801 1
2513 1948 9
2513 2492 6
2513 207 2
2514 755 8
2514 413 3
2515 4297 7
2515 2745 9
2515 2535 4
2516 4377 7
2516 2554 8
2516 2609 5
2516 4088 1
2517 773 2
2517 2295 8
2518 428 10
2519 1123 7
2520 571 4
2521 1652 5
2521 2036 8
2521 1699 4
2522 42 9
2522 3414 8
2522 2189 5
2522 1256 5
2523 3158 5
2523 4069 2
2523 4656 9
2524 707 5
2524 4380 5
2524 3213 8
2524 4421 1
2524 4712 5
2525 2925 9
2525 2644 9
2525 4454 10
2525 4684 9
2525 4902 6
2526 3034 5
2526 564 4
2526 379 5
2526 1563 2
2527 3487 10
2527 2764 4
2527 3999 7
2527 4907 5
2528 3878 9
2528 1459 4
2528 1173 2
2528 2516 3
2529 163 9
2529 1882 9
2529 1569 1
2529 2088 4
2530 3079 10
2530 2720 5
2530 1817 1
2531 3863 2
2531 2784 6
2532 2749 9
2532 1066 2
2532 1302 3
2532 936 5
2532 3299 6
2533 4156 9
2534 120 4
2534 3310 8
2534 4587 9
2535 1559 9
2536 3458 1
2536 3012 1
2536 13 4
2536 1725 1
2537 760 4
2537 1111 10
2537 3336 4
2537 614 1
2538 826 10
2539 4266 1
2539 3615 2
2539 4645 3
2540 3327 6
2540 3042 6
2540 3164 2
2540 3906 3
2540 1635 6
2541 2582 6
2541 330 7
2541 3995 8
2541 2634 3
2542 4918 1
2542 949 5
2542 3994 6
2542 3182 1
2543 4296 3
2543 4207 7
2543 2139 4
2543 4570 4
2544 170 2
2544 2742 3
2545 3428 1
2545 2714 2
2545 1769 8
2545 836 9
2545 1801 4
2546 3070 3
2546 1899 9
2546 4954 6
2546 2065 5
2546 4730 9
2547 4134 3
2547 4032 9
2548 147 9
2548 3896 8
2548 3288 10
2549 272 9
2549 3094 10
2549 1524 10
2550 2309 8
2550 2145 6
2550 57 10
2550 1238 5
2551 2463 1
2551 1723 3
2551 1378 10
2551 3692 6
2551 2582 2
2552 2865 8
2552 2404 7
2553 3224 2
2553 4587 2
2553 120 8
2553 2193 6
2553 1920 9
2554 2731 10
2555 1012 10
2555 4312 9
2555 4991 10
2555 3135 10
2555 3936 4
2556 2861 8
2556 1786 4
2556 458 1
2556 298 9
2557 3440 3
2557 1164 2
2557 3942 8
2557 2878 6
2557 3875 4
2558 3949 5
2558 190 5
2558 3107 9
2559 2554 9
2559 4088 7
2559 2731 3
2559 3408 5
2560 3963 7
2560 3180 2
2561 2502 6
2561 1562 9
2562 4048 8
2563 4908 10
2564 1038 9
2564 4956 2
2564 413 5
2564 645 8
2564 383 8
2565 966 7
2565 3888 3
2565 1694 4
2565 2775 2
2565 3690 4
2566 3558 2
2566 1200 5
2566 1916 1
2567 1137 7
2568 2714 1
2569 3875 9
2569 4111 7
2569 1035 6
2569 4694 9
2569 3657 10
2570 1740 7
2570 2883 3
2570 4895 4
2571 3233 4
2571 2749 6
2571 318 7
2572 4756 6
2573 2272 3
2573 2814 6
2573 4401 2
2573 3091 8
2573 4927 5
2574 2419 4
2574 3015 2
2574 4457 9
2574 308 8
2574 2769 4
2575 861 8
2576 3838 8
2576 1753 7
2576 4742 6
2576 2051 3
2576 5 8
2577 1324 10
2577 2716 2
2578 1392 1
2578 4605 8
2579 2559 9
2580 2694 5
2580 651 6
2580 3094 3
2580 4983 4
2581 3024 10
2581 4448 6
2582 3047 1
2582 475 8
2582 3640 4
2582 670 5
2583 1893 7
2584 4540 10
2584 3926 9
2584 1970 8
2584 414 10
2585 4173 8
2585 1344 9
2585 2318 1
2585 4664 4
2586 83 5
2586 3825 8
2586 3871 8
2586 3220 5
2587 3427 9
2587 1550 2
2587 3415 5
2587 391 8
2587 1592 5
2588 3684 3
2588 362 4
2588 3249 4
2588 1267 3
2589 1441 2
2589 67 1
2589 1889 9
2589 3113 9
2589 2281 9
2590 361 7
2590 378 7
2590 1519 8
2590 2500 10
2590 1181 7
2591 890 4
2592 4568 7
2592 1489 3
2592 3344 6
2592 4145 1
2592 1156 4
2593 2405 10
2593 4460 2
2594 4136 4
2595 101 10
2595 1572 1
2595 288 6
2596 1942 6
2596 2420 1
2596 4305 8
2596 1057 7
2597 3911 1
2597 3031 6
2597 1568 2
2597 49 8
2598 1793 4
2599 301 10
2599 4172 6
2600 1107 1
2600 4484 5
2600 3813 9
2600 3797 6
2600 1737 1
2601 4718 5
2601 4788 6
2601 205 9
2602 2798 9
2603 2782 1
2604 978 10
2604 2516 4
2605 736 10
2605 582 5
2605 1471 2
2605 3676 7
2606 2665 6
2606 4847 3
2607 1593 9
2607 1079 2
2608 3201 8
2608 4171 10
2608 4875 6
2608 3963 6
2609 2554 8
2610 2216 10
2611 272 3
2611 2930 1
2611 2916 5
2612 3702 7
2612 1882 6
2613 1057 10
2613 896 9
2614 1296 10
2615 3896 10
2615 4822 8
2615 581 2
2616 3365 1
2616 205 4
2616 3135 5
2616 4718 10
2616 2083 6
2617 4196 5
2617 3244 5
2617 340 8
2617 287 8
2618 462 8
2618 3518 9
2618 1763 6
2618 4170 7
2618 948 10
2619 4318 5
2619 3558 8
2619 1908 4
2619 2528 6
2620 429 8
2620 3296 2
2620 2307 8
2620 3219 6
2621 944 5
2621 2500 7
2621 2886 4
2621 4613 9
2621 2979 6
2622 756 5
2622 223 8
2622 1832 8
2622 4081 10
2622 4639 5
2623 4097 5
2624 1240 4
2624 4321 2
2624 3441 5
2625 3675 4
2625 1500 10
2626 4212 7
2626 4878 1
2626 3770 4
2626 2627 10
2627 3065 6
2627 3770 4
2627 4212 9
2627 2297 6
2627 2999 5
2628 510 1
2628 4787 9
2629 4057 4
2630 3833 5
2630 554 1
2630 3660 8
2630 3976 3
2631 4172 10
2632 2465 2
2633 4719 3
2633 2989 10
2634 1574 3
2635 2236 9
2635 448 10
2635 4509 10
2635 1678 10
2636 4359 5
2636 152 9
2636 4151 1
2636 483 2
2637 2378 7
2637 3252 9
2637 1214 7
2637 1279 6
2638 1892 3
2638 3064 10
2639 1181 3
2639 4880 7
2639 1519 9
2640 2950 7
2640 4817 6
2641 429 10
2641 73 1
2641 1234 7
2641 397 1
2642 1216 6
2642 3381 3
2642 2578 2
2642 4151 2
2643 3186 1
2643 3885 6
2644 820 1
2644 2578 5
2644 483 8
2645 180 8
2646 3577 5
2646 1017 8
2646 1241 3
2646 1285 9
2647 2175 3
2647 1483 10
2647 71 2
2647 3204 4
2647 3790 7
2648 4048 4
2648 3869 9
2648 3462 3
2648 3904 9
2649 2707 5
2649 1436 6
2649 413 7
2650 4868 1
2650 880 2
2650 3769 7
2650 1928 3
2651 134 1
2651 3893 2
2651 1041 5
2652 4418 5
2652 3698 7
2653 213 9
2653 4182 3
2654 2909 10
2654 2775 8
2654 3943 4
2654 2408 7
2655 2181 8
2655 1685 3
2655 3306 2
2656 3 8
2656 4207 8
2657 543 7
2657 2862 3
2658 2064 6
2658 1332 10
2658 4498 9
2658 971 5
2658 1460 3
2659 4380 5
2660 972 5
2661 412 10
2661 2170 1
2661 1296 7
2661 4095 7
2661 4848 3
2662 2543 2
2662 468 8
2663 4158 10
2664 2423 4
2665 2754 2
2665 123 8
2666 2046 1
2666 935 2
2666 4808 3
2667 2543 9
2667 3440 8
2667 468 3
2668 101 7
2668 2105 10
2668 900 4
2668 4409 2
2669 2826 4
2669 180 8
2669 3509 1
2669 1363 8
2670 2281 6
2671 3361 2
2671 1879 3
2671 3761 3
2671 651 10
2672 3010 9
2672 1896 8
2672 2274 6
2672 717 8
2673 3988 2
2673 3105 6
2674 4436 3
2675 2357 9
2675 3415 5
2675 3554 6
2675 1990 7
2676 3291 8
2676 1325 5
2676 385 3
2677 3783 2
2677 449 5
2678 331 2
2678 1841 5
2679 3997 4
2679 3077 4
2679 4591 4
2680 328 7
2681 3811 7
2681 2475 5
2682 760 3
2682 2273 1
2682 4615 5
2683 4627 10
2683 4539 9
2684 2328 7
2684 1978 5
2685 1803 8
2685 773 1
2685 4586 2
2685 1334 1
2686 4983 2
2686 202 4
2687 4316 8
2687 2896 10
2687 3306 3
2687 2195 1
2688 4266 7
2688 1080 3
2688 1697 7
2688 3950 1
2688 4313 8
2689 2298 3
2689 4149 6
2689 1188 6
2689 3443 7
2689 4729 2
2690 1392 9
2690 542 4
2690 2578 1
2690 2748 1
2691 954 8
2691 1162 10
2692 4682 7
2692 2298 5
2693 1162 5
2694 1534 1
2694 3094 9
2694 3714 4
2695 732 10
2695 2999 10
2695 3208 10
2695 541 3
2695 4671 7
2696 3732 2
2696 3406 8
2696 1086 1
2696 2560 8
2696 4033 3
2697 3054 6
2697 861 8
2697 2222 5
2697 2276 1
2697 3515 6
2698 180 9
2698 3826 5
2698 1485 6
2698 2645 4
2699 2819 5
2699 2642 7
2699 820 8
2699 4250 3
2700 2061 1
2700 1612 9
2700 3449 7
2700 3306 2
2700 1713 8
2701 408 1
2701 730 8
2701 1732 2
2702 1590 3
2703 2314 6
2704 2308 7
2704 1436 6
2705 3075 1
2705 2945 2
2705 2225 1
2705 1565 10
2706 4224 6
2706 688 1
2706 611 4
2706 240 4
2706 875 3
2707 865 5
2707 3026 9
2707 4971 5
2707 3114 4
2707 4701 1
2708 1610 4
2708 2712 8
2708 3455 10
2709 2216 8
2709 2610 5
2709 4407 5
2709 3869 8
2709 4562 7
2710 1924 8
2710 3238 4
2710 3438 5
2710 4174 4
2711 4491 2
2712 2042 4
2713 1238 1
2713 2016 8
2713 1991 1
2714 950 10
2714 4548 1
2714 3483 1
2715 139 6
2715 4730 10
2715 3643 9
2716 4872 8
2716 829 9
2716 4132 3
2716 4640 8
2717 4642 6
2718 4559 7
2719 2435 2
2720 4725 9
2720 2851 10
2720 3469 10
2721 3613 10
2721 180 8
2722 1168 7
2722 2664 6
2722 1562 6
2723 4579 10
2723 2559 7
2723 314 8
2723 3958 4
2723 2554 3
2724 441 1
2724 4566 6
2725 3353 6
2725 3758 4
2726 4290 8
2726 3572 9
2726 4971 8
2726 2564 8
2727 4049 9
2727 566 5
2728 266 6
2728 4728 7
2728 2523 8
2729 921 4
2729 3067 6
2729 3225 8
2730 513 4
2730 1862 7
2730 1330 3
2730 4159 6
2731 2340 4
2731 2654 2
2731 2057 1
2731 3943 8
2732 2431 3
2732 3710 10
2732 2799 5
2732 1404 9
2732 3027 8
2733 4806 8
2733 2235 10
2734 2126 6
2734 4090 1
2734 528 10
2734 1175 1
2734 1374 6
2735 2903 9
2736 1507 8
2737 2092 2
2737 680 8
2737 3106 3
2737 2043 10
2738 3132 8
2739 1439 10
2740 2181 2
2740 3442 3
2740 2700 10
2741 4859 2
2741 4158 8
2741 4312 6
2742 1541 7
2742 4006 7
2743 17 7
2743 878 1
2744 2441 4
2744 3327 2
2745 2725 1
2745 3222 8
2745 4675 7
2745 4200 4
2745 776 4
2746 4108 9
2747 4449 2
2748 75 6
2748 2069 7
2748 174 5
2749 4508 9
2749 3342 1
2749 3218 6
2750 614 6
2750 692 1
2750 2278 5
2750 4247 5
2751 1801 6
2751 2504 9
2751 153 7
2752 1841 3
2752 348 3
2752 3399 6
2753 1942 8
2753 4836 5
2753 1095 4
2753 3698 10
2753 4418 6
2754 295 4
2754 4323 6
2754 4073 6
2754 2408 8
2755 4832 6
2755 805 6
2755 3230 9
2755 3553 8
2756 3999 4
2756 4827 5
2757 510 5
2757 4484 6
2757 1917 7
2757 281 6
2758 2271 4
2758 4879 7
2758 4939 3
2758 1330 2
2758 3758 4
2759 4514 3
2759 1920 6
2759 1219 9
2760 1705 7
2760 450 4
2761 284 3
2761 3515 10
2761 1425 2
2762 3560 4
2762 2672 3
2762 2436 2
2762 1955 8
2763 3237 7
2763 1582 4
2764 4627 2
2765 3474 1
2765 2623 6
2765 2066 8
2766 1206 1
2767 2223 2
2767 4649 5
2767 2508 1
2767 4088 3
2767 1059 9
2768 4548 10
2768 98 3
2768 3243 6
2768 4158 4
2768 2476 5
2769 4049 4
2769 4844 3
2769 1673 1
2769 2216 5
2769 166 3
2770 2590 10
2770 3235 10
2770 832 6
2771 3731 3
2771 2242 8
2771 1479 3
2771 2623 5
2772 3836 10
2772 157 9
2772 2857 5
2772 2075 7
2772 807 4
2773 1923 6
2773 4691 3
2773 1754 1
2774 2301 7
2774 3036 7
2774 4104 1
2775 1137 3
2775 708 2
2775 1312 4
2775 1848 1
2775 2488 3
2776 1242 7
2776 44 9
2777 4303 7
2777 2231 1
2777 2639 9
2777 2277 10
2778 2992 4
2779 1359 7
2780 4463 2
2780 3 5
2780 1957 7
2781 964 6
2781 195 9
2781 4989 3
2781 1298 8
2781 2912 7
2782 4929 1
2782 2639 8
2783 1757 2
2783 2095 8
2783 744 7
2784 3650 8
2784 4945 1
2784 314 5
2784 4766 2
2785 4129 3
2785 4067 6
2785 3200 9
2785 2091 5
2785 4288 4
2786 2898 2
2786 2500 5
2786 4404 4
2786 3725 9
2787 3010 4
2788 1353 4
2788 2430 2
2788 2175 5
2789 1694 8
2789 918 10
2789 4395 1
2789 3400 7
2790 1681 1
2790 241 9
2790 4011 7
2791 4590 4
2791 1725 3
2791 3118 4
2791 2215 5
2791 4672 7
2792 3016 4
2793 2205 5
2794 2272 5
2794 3472 2
2794 872 3
2794 1734 1
2795 4706 3
2795 2197 4
2796 1681 7
2796 1836 9
2796 376 7
2796 1883 4
2797 1259 2
2798 4439 9
2798 744 4
2799 4584 1
2799 241 5
2799 988 4
2799 4209 1
2800 4515 9
2800 4920 3
2801 1458 9
2801 1769 5
2801 4548 7
2802 2636 6
2802 3007 6
2803 4898 4
2804 315 6
2804 918 7
2805 3642 8
2805 3221 1
2806 1948 8
2806 3625 10
2806 2410 1
2806 1259 6
2806 950 1
2807 3465 5
2808 1436 6
2808 813 9
2809 3538 10
2809 2643 1
2809 4630 6
2809 4140 1
2810 120 7
2810 4960 9
2810 2448 7
2811 1556 1
2811 4568 1
2811 102 8
2811 3790 5
2812 3501 9
2812 566 1
2812 1190 6
2813 632 9
2813 2823 7
2813 1572 3
2814 4548 7
2815 1910 1
2815 550 2
2816 4790 1
2817 238 7
2817 4210 2
2817 2498 3
2818 2285 1
2818 1759 8
2818 142 5
2818 1169 5
2818 4613 4
2819 4584 7
2819 3528 7
2819 929 8
2819 4234 9
2819 1755 8
2820 279 5
2821 1868 1
2821 413 6
2821 4259 6
2821 4083 5
2822 3144 9
2822 3621 2
2822 2955 8
2822 4906 8
2823 4724 7
2823 221 6
2823 4074 3
2823 2344 4
2823 140 3
2824 3086 6
2824 750 5
2824 1476 4
2824 1764 2
2824 3963 10
2825 2491 2
2825 3377 8
2825 4141 3
2825 3324 7
2826 1485 6
2826 2085 1
2826 3826 5
2826 4321 6
2826 3613 1
2827 120 2
2827 1455 5
2828 2543 3
2828 3 7
2829 2649 8
2830 550 4
2831 2299 1
2831 2011 8
2831 3419 9
2831 3803 4
2832 4913 9
2832 19 10
2832 4559 3
2832 2921 9
2832 619 7
2833 2111 2
2833 1476 3
2833 750 7
2834 3031 8
2834 2031 4
2834 3633 1
2835 448 5
2835 36 4
2836 4379 2
2836 2031 2
2836 3248 1
2837 2408 1
2837 4974 8
2837 2516 8
2838 684 8
2839 3201 7
2839 3066 6
2839 3215 2
2840 397 4
2841 3918 1
2842 4239 8
2843 2468 3
2843 4009 1
2843 754 4
2843 515 3
2844 1842 6
2844 2623 4
2844 1056 9
2844 1620 2
2845 1557 1
2846 782 10
2846 4566 4
2846 1601 7
2847 3086 7
2847 4818 7
2847 1461 8
2847 4841 8
2848 2702 9
2848 3653 7
2848 4927 4
2848 3149 8
2848 3156 1
2849 1400 7
2849 2654 8
2849 3888 8
2850 969 7
2851 3615 1
2851 2202 5
2852 1404 8
2852 2433 5
2852 191 1
2852 2371 3
2853 3954 2
2853 3833 9
2853 4458 3
2853 1174 4
2854 1393 1
2855 4270 1
2855 2734 5
2855 4422 9
2855 3515 2
2855 4090 1
2856 3091 7
2856 13 9
2856 2465 6
2857 4913 1
2857 4616 5
2857 3478 6
2858 4827 5
2858 1399 3
2858 1569 9
2858 163 3
2859 2415 2
2859 4275 5
2859 1156 6
2860 4492 7
2860 4829 5
2860 3747 7
2861 989 5
2861 3260 1
2861 3403 1
2862 2778 10
2862 27 5
2862 4663 4
2863 388 5
2864 1217 3
2864 3653 4
2865 3709 1
2865 3056 4
2865 2855 5
2865 3045 5
2866 4658 9
2866 1174 9
2866 2263 1
2866 4692 6
2867 146 2
2867 1073 7
2867 4745 6
2867 2536 7
2867 3458 6
2868 888 8
2869 2936 6
2869 237 8
2870 3511 10
2871 2677 2
2871 2461 2
2871 1745 5
2871 2966 8
2871 3495 9
2872 2399 4
2872 2991 3
2872 4601 10
2872 863 10
2873 2324 8
2873 2644 9
2873 3271 10
2873 2819 1
2874 976 5
2874 1219 5
2874 991 6
2875 231 3
2876 3475 4
2876 1102 6
2876 1479 4
2877 2823 3
2877 1123 10
2877 4324 6
2877 1071 4
2877 1501 8
2878 1997 8
2878 3572 10
2878 2368 1
2878 1292 1
2878 1884 1
2879 2776 2
2880 950 4
2881 2867 10
2881 4518 7
2881 3576 4
2881 3693 4
2881 511 9
2882 3943 4
2882 1805 5
2882 1400 1
2882 4410 7
2882 616 3
2883 172 2
2883 1799 9
2883 4002 5
2884 1554 9
2885 339 8
2885 1899 4
2885 578 1
2885 222 7
2886 4768 4
2887 4316 10
2887 4783 10
2887 3684 9
2887 2321 6
2888 2225 7
2888 1212 1
2889 3474 6
2889 282 2
2890 2774 6
2890 1791 8
2890 2843 9
2890 2371 6
2890 988 8
2891 264 9
2892 2765 10
2892 3241 8
2892 3315 1
2892 2045 4
2893 2131 8
2893 3997 4
2893 2648 1
2894 72 9
2894 17 3
2894 2216 3
2894 4146 10
2894 2843 9
2895 4126 10
2895 4583 4
2895 2726 3
2896 3306 10
2896 954 9
2897 2654 4
2897 4563 9
2897 1459 3
2898 3403 8
2898 2639 2
2898 298 8
2898 2277 2
2899 3396 5
2900 2188 2
2901 1809 8
2901 1240 2
2901 301 4
2902 4489 3
2902 36 3
2902 1201 1
2903 4500 4
2903 4578 8
2904 4267 5
2904 1189 1
2904 1695 4
2905 1349 10
2906 4816 9
2906 1455 6
2906 82 2
2906 290 4
2907 2454 9
2907 5 1
2907 4737 3
2907 845 10
2908 2596 7
2908 4169 10
2908 737 2
2908 1639 3
2908 1766 6
2909 3104 6
2910 3736 2
2910 2681 7
2910 2758 1
2910 3121 1
2911 4505 3
2911 3927 4
2912 1292 1
2912 3360 9
2912 2093 3
2912 4350 2
2912 4296 9
2913 1009 8
2913 4197 10
2913 1484 6
2913 3803 7
2914 1393 6
2915 3415 6
2915 1300 4
2916 2703 6
2916 1148 5
2916 1381 8
2917 2476 8
2917 4 5
2917 1520 8
2917 2225 3
2918 4889 10
2918 3176 10
2918 3924 2
2919 1075 2
2920 3188 9
2920 4417 5
2920 1060 1
2920 3413 5
2920 80 1
2921 538 10
2921 443 4
2921 4034 3
2921 2546 2
2921 857 8
2922 483 9
2922 1029 1
2922 1392 6
2922 929 7
2923 1735 6
2923 1057 6
2923 3614 6
2924 296 7
2924 2235 5
2924 4093 6
2925 1783 1
2925 4209 1
2925 3729 4
2925 483 3
2925 4577 4
2926 2562 2
2927 4678 5
2927 765 6
2928 1335 6
2928 4382 6
2929 4376 5
2929 4185 8
2929 3509 2
2930 2413 3
2930 3166 7
2930 2549 1
2931 1815 3
2931 1240 5
2931 1011 5
2932 3495 4
2932 2993 4
2932 1121 4
2932 3040 10
2933 4921 10
2933 645 10
2933 3494 3
2934 2914 2
2934 3709 8
2934 3833 2
2934 2986 10
2934 2706 5
2935 4294 4
2935 4847 5
2935 242 5
2935 1642 10
2935 4464 4
2936 1456 7
2936 2724 1
2936 2489 4
2936 4656 3
2937 2074 1
2937 1435 6
2937 3047 5
2937 4307 10
2937 3692 5
2938 4920 6
2938 177 1
2938 3893 10
2939 3325 10
2939 2257 8
2939 303 3
2939 3981 1
2940 875 7
2940 734 3
2940 4090 2
2941 3318 10
2941 2051 9
2942 1289 4
2942 288 9
2942 1572 10
2942 450 4
2942 4409 1
2943 4166 8
2943 2049 4
2943 755 6
2943 613 2
2944 3156 10
2945 642 1
2945 977 3
2946 2772 9
2946 3835 7
2946 4788 2
2947 3652 10
2947 3964 1
2947 397 9
2947 2974 6
2948 4686 8
2948 3448 4
2949 4550 5
2949 186 8
2949 481 9
2949 4467 9
2950 2981 2
2950 4508 1
2951 2716 9
2951 3933 2
2952 3433 3
2952 2333 10
2953 2795 7
2953 3189 5
2953 4043 5
2953 3236 10
2954 3439 9
2955 764 8
2955 3127 8
2955 369 5
2956 2025 3
2956 2536 2
2956 1418 1
2956 3693 8
2957 1047 10
2957 2721 5
2957 2165 9
2958 4583 10
2958 2369 6
2959 978 6
2959 2554 9
2959 4474 5
2960 4542 2
2961 3065 9
2961 3058 6
2962 4269 8
2962 2980 7
2963 2531 8
2964 3068 10
2964 4284 9
2964 428 8
2964 3966 2
2964 1354 2
2965 799 10
2965 4778 7
2965 4127 8
2965 2216 6
2965 3225 8
2966 4705 5
2966 2650 5
2966 3545 7
2967 2537 3
2967 132 8
2967 2303 3
2967 2137 6
2968 4186 7
2968 2904 4
2968 588 6
2969 3500 1
2969 2694 6
2969 4901 4
2969 4217 10
2970 3862 10
2970 3040 3
2970 3527 5
2971 4607 4
2972 2390 4
2973 3633 3
2973 3173 7
2973 1351 6
2973 4587 2
2973 707 4
2974 666 4
2974 3024 9
2974 2298 10
2975 4592 4
2975 1138 9
2975 3542 5
2975 516 6
2976 3976 9
2976 1178 4
2976 4749 10
2977 1856 9
2977 236 7
2977 3780 4
2977 2930 8
2977 3411 1
2978 2494 8
2979 1132 4
2979 2594 7
2979 2212 3
2979 2494 6
2980 3681 3
2980 1685 9
2980 770 4
2980 2312 1
2980 3542 2
2981 3876 4
2981 3769 3
2981 424 4
2981 4546 10
2981 609 1
2982 4305 10
2983 2148 3
2983 4411 4
2983 2435 7
2983 1165 6
2983 4786 7
2984 3932 10
2984 564 7
2984 2247 6
2985 4457 2
2985 4049 6
2985 3168 5
2985 2709 6
2986 3281 2
2986 3515 10
2987 1200 4
2987 1419 4
2987 3410 7
2987 1173 6
2988 929 10
2988 1135 6
2989 483 5
2990 4916 2
2990 2200 4
2990 197 8
2990 2293 7
2991 842 7
2991 848 4
2991 2215 2
2991 3500 10
2991 3123 4
2992 2868 7
2993 1214 6
2993 1789 10
2993 4451 3
2993 3231 6
2994 1569 2
2994 1338 9
2995 2438 2
2995 1983 2
2995 3427 5
2995 1687 6
2996 1196 3
2996 4641 5
2997 268 7
2997 3026 5
2997 592 8
2997 813 4
2997 3572 3
2998 590 10
2998 2164 2
2999 793 8
2999 2942 2
3000 611 3
3000 554 5
3000 3976 8
3000 1131 8
3001 2560 4
3001 4171 8
3001 708 9
3001 4395 9
3001 470 6
3002 2025 10
3003 4500 7
3004 4406 8
3004 3954 2
3004 4692 9
3004 3660 2
3005 3709 8
3005 3515 4
3005 192 1
3005 543 1
3006 3608 1
3007 1546 8
3007 72 4
3007 110 2
3007 2525 5
3007 816 7
3008 4847 8
3009 383 6
3009 461 7
3009 757 4
3010 2000 9
3010 4782 2
3011 1948 6
3011 1520 9
3011 2476 5
3011 387 10
3011 968 2
3012 718 5
3012 872 1
3012 1558 6
3012 1223 2
3013 2925 10
3013 2790 8
3013 2642 6
3014 2251 4
3014 2138 3
3015 4917 4
3015 3921 9
3015 4407 5
3016 4304 2
3016 2018 1
3016 4808 5
3016 4374 7
3017 3857 6
3017 775 9
3017 2431 8
3018 4288 1
3018 1023 9
3019 4588 7
3019 4151 9
3019 4469 5
3019 4605 3
3020 4405 9
3020 3742 7
3020 1087 7
3020 3236 8
3021 4376 3
3021 80 10
3021 3170 3
3021 245 8
3022 1634 6
3022 851 3
3022 3200 6
3022 234 6
3022 1736 10
3023 3470 9
3024 1896 10
3024 3896 2
3024 2274 5
3024 4230 1
3024 2260 2
3025 1027 7
3025 3261 9
3025 2311 8
3025 4869 6
3025 4962 7
3026 2777 10
3026 1740 10
3026 1595 1
3026 606 2
3027 4591 8
3028 3769 9
3029 1242 2
3029 2768 3
3029 3243 10
3030 115 1
3030 4274 1
3030 4990 10
3030 2627 9
3031 4984 5
3031 1369 2
3031 1646 1
3031 2064 1
3032 3443 6
3032 2396 5
3032 3721 10
3032 622 10
3032 3024 8
3033 1175 7
3034 3016 9
3034 3226 9
3035 402 8
3035 2878 7
3036 1665 3
3037 2536 1
3038 4321 3
3039 4584 7
3040 3101 9
3041 4950 2
3041 3302 5
3041 2830 8
3041 3640 9
3042 1635 7
3042 2870 8
3043 1854 5
3043 2136 4
3043 562 9
3044 3497 10
3044 1154 5
3044 825 3
3044 115 1
3045 1099 2
3045 4003 9
3046 975 10
3046 1633 5
3046 4638 5
3047 1942 6
3047 635 1
3048 2688 10
3048 4463 9
3049 65 4
3049 1484 2
3049 487 9
3050 3221 10
3051 3469 6
3052 4049 7
3052 929 6
3052 775 5
3053 427 1
3053 443 1
3053 4251 3
3054 16 10
3054 3655 5
3054 769 1
3054 704 6
3055 1030 9
3055 4025 9
3055 883 4
3055 4566 8
3056 4192 7
3056 4778 3
3056 3912 10
3057 1504 8
3057 133 9
3058 1892 4
3059 3195 8
3060 4666 8
3060 1215 9
3060 3274 7
3060 2380 3
3060 301 8
3061 4952 8
3061 32 8
3062 3563 3
3062 4764 7
3062 4804 9
3063 4218 8
3063 2653 8
3063 3553 8
3063 2795 8
3063 2246 7
3064 4115 7
3064 334 2
3064 622 7
3064 2250 7
3065 900 8
3065 403 7
3065 603 1
3065 2947 8
3065 2244 2
3066 1877 1
3066 1168 2
3066 4818 4
3066 3216 5
3066 2167 8
3067 1883 6
3067 3397 9
3067 888 6
3067 2843 4
3068 2001 6
3068 355 2
3069 2765 6
3069 1408 6
3069 532 3
3069 733 10
3070 4756 2
3070 4984 4
3070 3784 4
3070 175 5
3071 3929 9
3071 548 1
3072 4071 3
3072 3460 9
3072 1882 6
3073 1499 4
3074 4509 8
3074 3762 9
3074 2141 2
3074 3496 4
3074 821 1
3075 1775 1
3075 2945 10
3075 3358 7
3076 4927 10
3077 635 3
3078 1379 1
3078 4092 9
3078 4776 2
3078 2604 10
3078 4315 7
3079 496 2
3079 224 9
3079 4311 6
3079 4594 4
3079 2329 4
3080 2341 9
3080 884 3
3081 4337 4
3081 1457 2
3081 2968 1
3081 2075 8
3081 4857 9
3082 4255 7
3083 4048 5
3083 3757 10
3083 4844 9
3084 3015 10
3084 2648 10
3084 3921 6
3084 445 7
3084 4075 6
3085 3643 1
3085 3570 3
3085 2822 1
3086 4533 7
3086 4739 9
3087 906 8
3087 4940 1
3087 4908 3
3087 2751 3
3088 1628 1
3088 3297 4
3088 4484 7
3088 4152 9
3089 3661 10
3089 4011 4
3089 679 3
3089 1415 9
3090 4641 10
3090 4315 3
3091 3632 6
3092 1746 1
3092 2321 2
3092 4085 1
3093 4755 7
3093 1595 2
3093 4259 1
3093 4583 3
3094 415 1
3094 2867 8
3094 55 1
3094 1663 9
3094 4590 7
3095 1866 4
3096 2599 10
3096 1963 7
3096 2901 6
3096 3274 1
3096 3885 3
3097 2171 9
3097 3986 5
3097 3180 9
3098 1991 8
3099 1380 3
3099 2604 1
3099 662 3
3100 4725 10
3100 407 9
3100 4516 1
3100 2765 1
3100 2383 10
3101 201 1
3102 3296 5
3103 4282 4
3103 601 10
3104 1063 10
3104 4219 5
3104 4121 4
3105 2763 6
3105 3614 10
3105 3988 10
3105 3903 8
3105 3106 4
3106 1182 8
3106 163 10
3107 3151 10
3107 4321 1
3108 583 10
3108 3334 5
3108 1864 4
3109 2496 3
3109 579 1
3109 506 1
3109 101 1
3110 4130 5
3110 3412 2
3110 523 4
3110 1597 1
3111 3821 5
3111 3793 1
3111 1666 8
3111 4571 4
3111 4275 7
3112 4617 2
3112 3799 5
3112 4523 7
3112 2962 3
3112 2424 6
3113 796 7
3113 2481 5
3114 3840 4
3114 2941 3
3114 1647 1
3114 4471 2
3115 3972 8
3116 355 1
3116 3642 7
3116 3610 3
3116 1354 9
3117 1530 3
3117 1440 9
3118 2888 3
3118 2705 3
3118 3632 9
3118 3358 3
3119 1705 1
3119 3820 5
3119 1248 8
3119 2307 9
3119 1272 9
3120 4407 5
3120 3351 4
3120 4209 5
3120 4621 2
3121 4141 2
3121 2472 9
3121 2054 1
3121 4183 3
3122 4584 3
3122 1135 9
3122 2819 8
3123 323 7
3123 1068 8
3124 4847 7
3124 4395 1
3124 2213 2
3125 2555 4
3125 1150 9
3125 4857 8
3125 4784 2
3125 44 10
3126 2723 5
3127 1866 8
3127 2836 8
3128 1906 10
3129 2939 2
3129 37 3
3129 4357 2
3129 890 9
3129 686 10
3130 3138 1
3130 1647 4
3131 2936 5
3131 4737 9
3131 2369 10
3131 845 1
3132 1512 7
3132 1661 4
3132 830 3
3133 2974 2
3133 4292 7
3133 2287 5
3133 1501 6
3133 2258 4
3134 949 9
3134 222 4
3134 2328 10
3135 891 9
3135 909 4
3136 284 7
3136 192 3
3136 480 6
3136 4434 7
3136 4045 1
3137 2640 6
3137 3476 10
3137 1519 2
3137 159 10
3137 1132 7
3138 1824 4
3139 3614 10
3139 2227 9
3139 1147 4
3140 423 9
3141 2135 5
3142 780 9
3142 1363 3
3142 1141 5
3142 2960 6
3143 4729 8
3143 4004 8
3143 3721 9
3143 3649 9
3143 1649 2
3144 987 5
3144 1899 4
3145 524 1
3145 2173 3
3145 3111 8
3146 2964 4
3146 2637 3
3146 4994 2
3146 3495 10
3147 2988 10
3147 3052 2
3147 4605 1
3147 2802 10
3148 993 2
3148 2293 5
3149 3243 10
3149 1530 2
3149 3075 4
3149 3091 2
3150 1344 4
3150 3123 9
3150 4636 8
3150 863 1
3150 1674 2
3151 2647 1
3151 3871 5
3151 1483 4
3151 4172 10
3151 410 4
3152 378 10
3153 1485 1
3153 455 3
3153 2376 10
3153 277 8
3154 3927 5
3155 4228 7
3155 3454 2
3155 2499 1
3155 1540 10
3156 4640 4
3156 4205 3
3157 1486 1
3158 4670 10
3158 1930 3
3159 3010 9
3159 4338 4
3160 232 1
3160 4172 4
3161 4180 9
3161 60 8
3161 3963 10
3161 1301 6
3161 3887 9
3162 3179 1
3162 2103 4
3163 1867 2
3163 492 3
3164 2805 10
3164 354 9
3164 990 10
3165 1958 1
3165 2475 7
3166 2751 5
3166 2791 8
3166 868 5
3166 2956 7
3167 4159 4
3168 3618 8
3168 3741 4
3169 2662 4
3169 4725 5
3170 311 8
3170 365 2
3171 295 4
3172 2064 5
3172 4087 5
3173 4594 4
3173 1736 6
3174 4347 4
3174 872 1
3174 2794 3
3174 2577 1
3174 2203 9
3175 3464 10
3175 410 2
3176 782 7
3176 4303 7
3176 4582 3
3177 2981 3
3177 3769 9
3178 244 8
3178 4151 8
3178 929 10
3178 4584 1
3178 4605 8
3179 314 7
3179 3201 6
3179 4022 1
3179 1173 4
3180 36 3
3180 2305 6
3181 1651 3
3181 883 3
3181 3791 5
3182 1695 8
3182 4430 1
3183 4866 10
3183 3655 2
3183 1328 6
3183 3059 5
3183 4681 2
3184 3564 9
3184 4558 6
3184 2371 5
3184 2748 3
3185 3344 4
3186 4799 7
3186 3350 3
3186 3482 9
3186 1499 6
3187 2609 7
3187 3849 8
3187 2554 3
3187 647 4
3187 2516 3
3188 2526 3
3188 3016 5
3188 4096 5
3188 4898 2
3188 3509 9
3189 1501 10
3189 722 7
3189 2012 6
3189 221 10
3190 4749 10
3191 3772 1
3191 2328 7
3192 1448 10
3192 3024 5
3192 3734 3
3192 1469 10
3193 4910 9
3193 930 10
3193 4586 4
3194 2366 9
3194 2208 8
3194 31 1
3194 2159 6
3194 1837 3
3195 3631 3
3195 2989 9
3196 2460 8
3196 1913 1
3197 4868 1
3197 502 5
3197 4508 8
3197 4673 8
3197 2532 4
3198 3129 4
3198 4041 3
3198 3599 6
3199 2726 8
3199 282 6
3200 4884 7
3200 3100 8
3200 1736 3
3200 2884 1
3200 3894 10
3201 1662 5
3201 2090 2
3201 1990 1
3201 4874 9
3201 3828 4
3202 2668 5
3203 1796 5
3203 522 10
3203 490 3
3203 4872 3
3204 2779 2
3204 2351 1
3204 1788 3
3204 2072 10
3205 3470 2
3205 498 2
3205 685 1
3205 3116 6
3205 2744 6
3206 3321 2
3207 153 10
3207 3767 4
3208 2015 5
3209 3322 7
3209 4488 2
3209 1205 1
3209 1499 10
3210 2837 5
3210 785 3
3210 459 9
3210 1659 1
3210 1908 1
3211 1164 9
3211 592 2
3212 2565 6
3213 3018 7
3213 730 2
3213 897 4
3214 237 5
3214 3026 6
3214 4851 4
3215 2824 7
3216 2312 5
3216 2438 1
3216 3180 2
3216 2081 6
3217 203 4
3217 807 6
3217 631 7
3217 430 3
3217 4190 2
3218 4435 10
3218 1651 3
3218 2101 2
3219 2496 10
3219 1266 1
3219 2260 8
3219 334 3
3220 2095 10
3220 124 5
3220 747 6
3220 102 7
3221 2535 8
3221 1122 8
3222 2579 7
3222 3265 9
3222 2361 4
3222 1622 8
3222 1400 7
3223 4087 8
3223 2014 2
3223 998 10
3223 4526 2
3224 3950 2
3225 3007 1
3225 3418 6
3225 1229 2
3225 775 5
3226 4393 10
3226 2983 8
3226 1499 2
3226 4411 2
3227 632 10
3227 766 2
3227 1906 4
3227 1469 6
3228 340 6
3228 3446 7
3228 3928 7
3228 245 2
3228 2018 9
3229 4807 7
3229 4293 6
3229 3418 5
3230 4115 2
3230 3852 4
3230 4638 1
3230 1448 2
3231 2001 2
3231 3470 10
3232 4113 8
3233 4019 7
3234 2555 6
3234 4205 4
3234 4640 1
3234 3578 6
3235 3785 5
3236 1275 7
3236 4409 5
3236 1488 6
3236 1350 7
3237 3668 2
3237 1069 3
3238 4097 2
3239 3919 1
3239 2189 4
3239 95 10
3239 4141 6
3240 2579 5
3240 2897 2
3241 10 5
3241 3593 1
3242 2274 5
3242 2595 4
3242 3734 9
3242 3852 9
3242 1266 10
3243 3592 1
3244 2934 6
3244 2430 3
3245 2003 8
3245 2811 5
3246 3790 3
3247 1885 4
3247 1985 4
3247 3026 9
3248 2013 9
3248 3753 4
3248 794 3
3249 3590 9
3250 1320 5
3250 1666 4
3250 2128 10
3250 2011 8
3251 1664 8
3251 4364 4
3251 4584 4
3251 2868 5
3251 1193 6
3252 201 1
3253 393 3
3253 4990 5
3254 3735 4
3255 684 9
3256 388 2
3256 2893 1
3256 2863 7
3256 3857 10
3257 1802 9
3257 1593 10
3257 3269 3
3257 4869 4
3257 2322 5
3258 3920 4
3258 1454 9
3258 293 4
3258 2731 4
3258 1848 6
3259 3281 3
3259 1670 2
3260 2924 9
3260 1615 10
3260 1474 7
3260 3403 7
3261 3220 8
3262 1799 10
3263 382 10
3264 1251 4
3264 1471 10
3264 3854 3
3264 157 10
3264 2946 10
3265 916 4
3265 1195 5
3266 3288 5
3266 4750 5
3267 3388 5
3267 4902 4
3267 4454 7
3267 2922 3
3267 4236 2
3268 4755 8
3268 3953 4
3268 2941 2
3268 3309 7
3269 3793 9
3269 2761 4
3270 4859 2
3270 129 4
3270 4823 6
3270 4991 7
3270 4312 9
3271 1658 5
3271 4407 9
3272 2798 6
3273 1187 5
3273 20 5
3273 2878 5
3273 4130 1
3273 3967 6
3274 65 7
3274 2798 2
3274 1536 3
3274 1556 9
3274 4567 4
3275 4417 9
3275 2384 9
3275 2698 8
3276 1214 7
3276 2744 3
3276 1814 9
3276 4241 5
3277 2505 3
3278 4505 8
3278 3964 7
3279 3847 6
3279 3602 1
3279 3047 2
3279 4836 6
3280 2491 3
3281 240 2
3282 3906 8
3282 3164 1
3283 3636 5
3283 1541 5
3283 883 8
3283 2936 1
3284 1651 9
3284 266 9
3284 3176 5
3284 2186 4
3284 2733 10
3285 3002 6
3286 2141 6
3286 4606 3
3286 4947 10
3286 362 4
3287 3185 7
3287 4538 8
3288 2452 6
3288 2146 10
3289 1358 6
3289 3458 10
3289 4901 7
3289 2867 10
3290 2447 7
3290 4471 5
3290 1519 4
3290 378 3
3290 4303 9
3291 894 3
3292 2270 1
3292 2164 9
3292 960 10
3292 1801 5
3293 3642 4
3293 228 8
3294 4224 3
3294 3005 8
3294 3609 3
3294 3136 4
3295 3042 9
3295 2970 7
3295 3164 1
3296 2022 9
3296 2436 3
3296 2638 9
3296 2197 2
3296 3813 7
3297 3398 10
3298 539 8
3298 4815 7
3298 415 1
3298 1069 6
3299 2497 8
3300 142 1
3300 4002 3
3300 2275 8
3300 3318 1
3301 4305 7
3301 3847 6
3302 3640 2
3303 4701 3
3303 3334 4
3304 489 7
3304 3833 1
3304 2263 1
3304 1115 3
3305 3629 1
3305 3364 4
3305 2088 4
3305 4910 3
3306 2409 2
3307 4634 5
3307 1275 7
3308 1344 7
3309 606 6
3309 4737 8
3309 3055 6
3309 3838 9
3310 4012 2
3310 4725 8
3310 1449 4
3310 3950 10
3310 4884 3
3311 4568 4
3311 3790 4
3311 4145 10
3311 2173 6
3311 509 9
3312 561 1
3312 4758 4
3312 1962 2
3312 4285 3
3312 1095 10
3313 2889 6
3313 3695 1
3313 548 8
3314 1894 10
3315 1868 7
3316 4950 1
3317 4740 10
3318 2936 10
3318 172 7
3319 4407 2
3319 505 4
3319 3692 8
3319 810 1
3320 1155 10
3320 379 3
3320 3034 3
3320 1340 3
3320 2859 7
3321 3038 6
3322 349 9
3322 2783 2
3322 1254 2
3323 109 10
3323 449 8
3324 2731 5
3324 512 4
3324 2897 4
3324 2516 3
3325 825 10
3326 4131 1
3326 906 10
3327 4317 4
3327 3587 4
3327 2964 3
3328 595 1
3328 1942 8
3328 4326 7
3328 2463 5
3328 3847 3
3329 4526 1
3329 3936 7
3329 4184 6
3329 2041 5
3330 1027 5
3330 3025 3
3330 3644 7
3331 2058 3
3331 1423 6
3332 2035 6
3332 1205 3
3332 1830 9
3333 3138 4
3333 4656 9
3334 1930 4
3334 1397 8
3335 2381 10
3336 3422 1
3336 1729 5
3336 2991 3
3336 3794 6
3337 698 7
3337 1115 2
3337 16 4
3337 3357 4
3337 704 2
3338 3714 4
3338 3255 5
3339 3387 10
3339 3129 5
3339 4176 2
3340 1392 10
3341 3324 7
3341 4474 4
3342 3231 9
3343 2518 5
3343 1905 6
3344 2033 9
3344 1205 8
3344 648 4
3344 2379 8
3345 2468 3
3346 4079 3
3346 3464 8
3346 4777 8
3346 4687 7
3346 1155 5
3347 3949 2
3347 1797 4
3347 2931 9
3347 1730 1
3347 301 7
3348 1689 10
3348 1069 1
3349 930 10
3349 1399 9
3349 773 8
3349 3677 7
3349 1798 4
3350 1043 2
3350 2697 3
3350 1829 5
3350 469 8
3351 4621 3
3352 3275 5
3352 4027 8
3353 2389 1
3353 4879 1
3354 4978 7
3354 3821 7
3354 2586 3
3354 3054 10
3355 1073 7
3356 253 3
3356 2913 10
3356 4090 4
3356 3209 10
3357 2216 6
3358 1259 3
3358 701 7
3359 1757 6
3359 4978 8
3359 3945 1
3360 206 1
3360 568 5
3360 2469 4
3361 951 9
3361 2492 1
3361 2025 4
3361 2498 9
3362 3027 5
3362 4192 5
3362 4384 3
3362 3501 3
3363 4778 10
3363 799 6
3363 2989 4
3363 3195 2
3363 3007 10
3364 552 2
3364 4910 2
3364 3106 8
3364 3487 6
3365 4991 8
3365 3676 2
3365 1604 4
3365 400 1
3366 1241 10
3367 2886 5
3367 3816 3
3367 3956 10
3368 3885 4
3369 4047 10
3369 3587 6
3369 948 8
3369 438 10
3369 2540 6
3370 735 9
3370 644 2
3370 4857 9
3371 531 8
3371 2431 4
3371 4209 4
3371 515 5
3372 1562 2
3372 4637 2
3373 3988 5
3373 550 1
3374 2494 9
3374 2124 9
3374 4768 10
3374 1981 3
3375 805 8
3375 1823 9
3375 1896 8
3375 3119 1
3375 1416 1
3376 2896 2
3376 1430 5
3376 2237 2
3377 774 2
3378 2812 10
3378 4569 7
3378 3041 9
3379 3699 7
3379 1640 10
3379 4138 6
3379 678 6
3380 3717 3
3380 3887 1
3380 4715 4
3380 3987 6
3380 459 7
3381 2748 5
3381 1755 9
3381 1470 4
3382 1145 4
3382 2124 10
3382 4929 9
3382 2970 9
3382 2621 8
3383 3925 7
3383 4410 10
3383 3410 2
3384 2372 10
3384 4825 3
3385 3129 5
3385 1876 9
3386 1474 5
3386 1897 9
3386 2886 6
3387 2953 9
3387 4642 7
3388 3155 8
3388 2578 9
3389 900 6
3389 3616 6
3389 2496 2
3390 1784 8
3390 3934 1
3391 483 5
3391 4591 6
3391 2985 3
3391 3661 8
3391 4584 1
3392 4505 2
3392 4976 3
3392 4874 7
3393 4186 9
3393 263 8
3393 4932 3
3394 1930 7
3394 2277 10
3394 3055 1
3394 2918 5
3395 1157 6
3395 4622 3
3395 1184 6
3395 2786 7
3396 3243 5
3396 2498 2
3396 3135 1
3396 4722 8
3396 3365 6
3397 2431 6
3397 4917 1
3397 3157 10
3397 2985 5
3398 1593 8
3398 861 5
3399 896 2
3399 4326 5
3399 3688 9
3399 595 2
3400 2158 2
3401 1890 8
3401 3104 5
3402 2863 8
3402 3631 4
3402 3710 1
3402 2433 6
3403 3864 4
3403 4346 6
3403 840 6
3404 2748 1
3404 3454 6
3404 2690 4
3404 754 3
3405 722 2
3405 4687 7
3405 520 7
3405 3188 8
3406 2167 8
3406 3508 8
3407 564 10
3408 4510 9
3408 95 3
3408 708 10
3408 2980 6
3408 1848 2
3409 988 5
3409 953 3
3409 4588 4
3410 3240 4
3410 4101 9
3410 2086 4
3410 1256 1
3411 1558 9
3411 3578 3
3412 304 4
3412 3026 1
3412 501 5
3412 2243 4
3413 4152 2
3413 1481 9
3413 3993 10
3413 4468 1
3413 728 7
3414 637 2
3414 2076 4
3414 2565 8
3415 2357 6
3415 3449 10
3415 4020 9
3415 1297 7
3415 1713 6
3416 1290 4
3416 1760 1
3416 4701 7
3417 1804 5
3417 3198 9
3417 4783 9
3417 3681 9
3417 4697 8
3418 1464 2
3418 2748 6
3418 2216 8
3418 1229 10
3419 4778 1
3419 4258 10
3419 377 10
3419 2108 10
3420 390 7
3420 4743 4
3420 3362 6
3421 3068 4
3421 1121 9
3421 3040 9
3421 1279 3
3421 652 7
3422 1617 8
3422 740 4
3422 2272 1
3422 4601 8
3423 4569 9
3423 4860 1
3423 2078 7
3423 166 4
3424 2819 8
3424 2769 2
3424 3319 2
3424 3618 10
3424 483 7
3425 860 1
3426 1519 1
3426 4317 10
3426 2212 8
3426 4994 1
3427 3637 10
3427 1832 4
3427 3249 5
3427 2502 1
3427 549 4
3428 3149 7
3428 3585 10
3428 2272 8
3428 1037 1
3429 1448 4
3430 3900 6
3430 1878 10
3431 1554 6
3431 2990 8
3432 3528 7
3432 2525 4
3432 4562 6
3432 4591 4
3432 994 5
3433 2716 8
3434 780 9
3434 2380 1
3434 3245 6
3434 4687 1
3435 1178 9
3435 3362 5
3435 3229 2
3435 4476 2
3435 1229 3
3436 1533 1
3436 1239 8
3436 1902 6
3436 4528 1
3437 3532 10
3437 139 8
3437 2832 6
3437 4030 6
3437 1 2
3438 2543 2
3438 3247 2
3438 20 10
3438 2912 7
3439 4681 4
3440 2726 3
3440 3485 2
3441 2322 8
3441 2479 3
3441 4244 8
3441 3842 8
3441 2379 2
3442 3306 9
3442 3580 4
3443 1350 7
3443 1335 8
3443 1896 10
3444 717 6
3445 436 9
3445 1017 7
3445 3783 3
3446 3826 4
3447 3072 2
3447 3988 6
3448 2592 6
3449 477 3
3449 3927 2
3450 4131 5
3450 587 6
3450 1891 9
3450 3670 2
3451 1212 8
3451 868 6
3451 4217 6
3452 4712 7
3452 1460 4
3452 1260 3
3452 857 4
3453 3846 8
3453 3916 3
3453 4591 8
3454 2551 10
3455 4511 4
3455 361 5
3455 1181 10
3455 2485 4
3455 2231 6
3456 726 3
3456 4130 1
3456 2251 2
3456 1292 1
3456 2368 1
3457 232 6
3457 2862 4
3458 4857 9
3459 183 5
3459 3941 3
3460 3487 4
3460 4824 7
3460 3277 9
3460 260 10
3461 4086 3
3461 2666 6
3462 3921 9
3462 3640 6
3463 73 10
3463 310 9
3463 2029 5
3463 627 6
3463 4634 8
3464 4931 1
3464 922 3
3465 704 10
3466 1852 9
3466 1376 4
3466 1377 2
3467 310 6
3468 1524 4
3468 1255 9
3468 2203 8
3469 2770 4
3469 3838 7
3469 2978 4
3469 636 1
3470 776 2
3470 1122 6
3470 2001 2
3471 3573 7
3471 2393 7
3471 2692 4
3472 1769 7
3472 1522 3
3473 590 6
3473 1384 7
3473 1801 5
3474 2590 4
3474 2564 10
3474 3725 7
3474 4296 9
3475 3485 10
3475 4097 9
3475 1885 10
3475 224 1
3475 1620 10
3476 3864 10
3477 2621 5
3477 4895 8
3477 2918 8
3477 4404 2
3477 4755 9
3478 427 2
3478 3823 1
3479 3866 7
3479 588 8
3479 3478 10
3479 3144 2
3480 4202 9
3481 4404 10
3481 20 5
3482 4833 2
3482 1818 8
3482 2351 6
3482 4233 1
3483 4475 5
3483 4857 7
3483 3676 2
3483 87 4
3484 960 5
3484 1264 2
3484 2951 6
3484 3091 3
3485 2978 9
3486 323 9
3486 2714 2
3486 2632 6
3486 420 2
3486 2791 7
3487 2394 8
3487 2711 1
3488 1347 7
3488 2553 7
3488 1460 4
3488 4587 1
3488 3753 6
3489 3402 9
3489 3921 10
3489 3039 5
3489 2732 10
3490 4241 8
3491 4003 5
3491 4258 4
3491 1829 10
3492 3027 1
3492 2863 7
3492 4234 7
3492 1755 5
3492 2644 1
3493 3228 1
3493 1107 10
3493 1917 1
3493 3024 1
3493 465 10
3494 3783 5
3494 507 2
3494 2042 7
3494 3769 8
3494 4471 4
3495 2458 1
3495 3642 9
3495 3293 10
3496 4634 4
3496 2109 3
3497 275 10
3498 2555 7
3498 4204 5
3498 2741 9
3499 585 10
3499 387 1
3500 3012 9
3500 146 3
3501 2036 7
3502 4558 8
3502 1194 10
3503 2270 3
3503 4026 10
3503 3002 4
3503 3678 3
3504 4120 7
3504 1985 2
3504 3725 8
3504 2557 3
3505 2966 6
3506 1318 9
3506 415 1
3506 3979 2
3506 2025 1
3506 3530 9
3507 487 6
3507 3787 6
3508 4450 2
3508 103 1
3508 750 5
3508 2424 6
3509 1730 7
3510 3188 6
3511 4879 10
3511 2361 8
3512 4853 1
3512 4788 1
3512 2946 2
3512 1040 2
3513 361 7
3513 3367 3
3513 1456 2
3513 2724 2
3513 4070 9
3514 4566 7
3515 4106 9
3515 1613 8
3515 704 4
3515 68 4
3516 221 7
3516 414 1
3516 2012 6
3516 1071 9
3516 397 1
3517 4171 9
3517 4482 6
3518 201 3
3518 2441 4
3519 4589 7
3519 54 9
3519 1623 2
3520 4186 2
3520 3478 2
3520 3578 3
3520 3191 2
3521 416 6
3521 500 10
3521 3316 1
3521 1050 8
3522 1964 3
3522 2989 9
3522 3096 9
3522 4304 8
3523 2204 8
3523 1181 7
3523 4303 6
3523 3705 1
3524 2697 3
3524 2290 2
3524 984 7
3525 2193 4
3525 534 2
3525 1449 10
3525 3313 3
3526 1412 8
3527 2805 1
3527 1623 5
3527 264 6
3528 3921 10
3529 1723 10
3529 3435 8
3530 4 5
3530 2087 8
3531 4519 9
3531 389 5
3531 4800 6
3531 1079 2
3532 456 6
3532 1650 7
3532 1710 3
3532 2196 4
3533 215 7
3534 2475 5
3534 1828 2
3534 3811 3
3534 309 2
3534 1623 10
3535 3963 2
3535 60 7
3535 1908 7
3535 89 4
3535 3324 4
3536 2143 7
3536 1401 8
3536 1340 8
3536 65 9
3536 124 3
3537 4629 6
3537 3533 9
3537 1611 2
3538 4013 10
3538 349 2
3538 3529 2
3538 2783 9
3538 831 8
3539 3497 7
3539 4625 6
3539 1360 10
3540 2950 1
3541 1063 2
3541 4315 4
3541 512 2
3541 3828 8
3541 4875 9
3542 2687 5
3542 3599 2
3542 4336 4
3542 2660 2
3542 4176 5
3543 2893 4
3543 3027 7
3543 3139 10
3543 2069 9
3543 3847 6
3544 3552 6
3544 4372 5
3544 215 2
3544 781 6
3545 1765 2
3545 94 5
3545 4752 10
3545 1214 10
3546 328 1
3546 4121 4
3546 3066 7
3546 3919 9
3546 2171 7
3547 1125 5
3548 1673 2
3548 2989 3
3548 3528 4
3548 737 1
3549 2013 4
3550 4036 9
3550 3127 7
3550 4690 6
3550 2875 5
3550 729 3
3551 3840 3
3552 565 10
3552 1114 2
3552 4769 9
3552 1289 1
3552 506 6
3553 4706 2
3553 4966 3
3553 4016 7
3553 4769 1
3554 115 2
3555 4984 3
3555 4664 7
3556 2909 1
3557 2790 3
3557 745 8
3558 1880 9
3558 3943 3
3559 3240 3
3559 4474 9
3559 2959 10
3559 2223 5
3559 1684 9
3560 1107 10
3560 4374 3
3560 2146 10
3560 77 1
3561 2015 2
3561 2938 7
3561 3573 4
3562 4079 1
3562 3882 2
3562 1226 5
3562 1797 4
3562 4140 7
3563 4097 5
3563 4388 1
3563 1213 7
3564 2985 9
3565 445 9
3566 155 9
3567 3959 3
3568 3233 7
3568 4752 1
3569 3725 10
3569 4207 8
3569 2876 2
3570 40 9
3570 3823 1
3570 2316 2
3571 1683 2
3571 341 3
3572 2704 2
3572 4737 1
3572 4971 10
3573 2197 9
3573 1114 7
3573 3948 4
3573 959 8
3573 414 2
3574 2521 2
3575 4747 3
3575 3377 1
3575 3265 6
3575 4410 2
3576 4203 6
3576 3634 3
3577 1559 6
3577 3642 1
3577 3518 9
3578 3782 4
3578 4788 5
3578 3666 1
3578 4179 7
3578 3592 2
3579 622 2
3579 3288 6
3579 271 7
3580 3896 4
3580 1572 5
3580 2392 4
3580 3058 6
3580 1041 4
3581 2251 5
3582 3551 9
3582 2523 7
3582 2275 8
3582 1184 7
3583 4502 1
3583 2622 1
3583 2655 10
3584 4682 5
3584 3102 1
3584 3024 2
3585 3549 9
3585 3711 10
3585 1619 4
3586 1223 1
3587 3161 7
3588 4995 3
3588 183 3
3588 1292 3
3588 2878 7
3589 4847 2
3589 2515 7
3590 1162 2
3590 3616 9
3590 3119 3
3591 4890 3
3591 2020 8
3591 311 1
3591 3867 3
3591 2319 5
3592 3452 8
3592 446 9
3592 3643 10
3592 1920 6
3593 3935 4
3593 224 6
3594 2709 1
3594 2863 6
3594 929 5
3594 2521 2
3594 775 5
3595 1442 1
3596 3515 10
3596 745 4
3596 4585 5
3597 4728 7
3598 3192 4
3598 2595 8
3598 2942 5
3599 3931 5
3599 2638 7
3599 689 4
3600 1229 7
3600 3362 4
3601 4163 8
3602 1435 2
3602 2612 1
3602 3047 5
3602 2551 2
3602 471 2
3603 1492 5
3604 4149 10
3605 4695 2
3605 2035 9
3605 24 5
3605 3912 4
3605 1921 5
3606 1181 3
3606 2674 1
3606 4397 5
3606 3705 4
3606 2883 7
3607 2240 8
3607 4462 3
3607 3292 5
3607 3755 6
3607 3080 1
3608 2018 2
3608 3896 3
3608 1067 7
3609 4045 9
3609 4461 8
3610 513 3
3610 1765 8
3611 2467 4
3611 264 6
3611 3816 7
3612 4180 7
3612 123 4
3612 332 1
3612 4607 8
3612 328 4
3613 431 4
3613 4342 8
3613 2035 1
3614 2756 8
3614 4522 3
3614 680 4
3614 324 7
3615 3273 9
3615 1191 6
3615 3315 1
3615 4137 4
3616 1275 4
3617 4147 4
3617 1600 2
3617 2106 8
3618 1435 4
3618 4075 4
3618 838 9
3618 3847 10
3619 2274 5
3619 4416 1
3619 2327 9
3619 2450 7
3619 3275 5
3620 2966 1
3620 1214 7
3620 4278 1
3620 2571 7
3621 1710 3
3621 3062 9
3621 1568 3
3621 4421 1
3622 3690 9
3622 4033 9
3622 2909 6
3623 3932 2
3623 4631 1
3623 4338 3
3623 3010 6
3624 292 2
3624 3813 1
3624 2197 7
3624 4230 9
3624 450 5
3625 2476 9
3625 3478 3
3626 272 4
3626 2952 3
3626 2135 1
3627 2596 4
3627 1755 5
3627 554 8
3627 1935 9
3628 2652 1
3628 1378 10
3628 1190 7
3629 3483 6
3630 4102 1
3630 857 3
3630 3994 4
3630 588 3
3630 633 1
3631 3857 2
3631 2812 4
3632 3081 4
3632 1471 3
3632 446 2
3632 891 4
3633 1076 6
3633 4816 8
3633 796 2
3634 2476 2
3635 87 6
3635 2991 8
3635 3473 2
3635 1497 9
3636 676 6
3636 2101 10
3636 3589 7
3636 4378 3
3636 1651 8
3637 2795 2
3637 3189 2
3638 5000 10
3638 1344 9
3639 3421 9
3640 4162 4
3640 1942 2
3640 163 6
3640 471 5
3640 4950 10
3641 1052 1
3641 1106 3
3641 2415 6
3641 3885 4
3641 1766 1
3642 2050 5
3643 3313 3
3643 4514 1
3643 4438 10
3643 82 8
3644 4567 7
3644 1489 3
3644 1629 6
3644 68 2
3644 1666 7
3645 4591 6
3646 897 8
3647 3948 8
3647 73 9
3647 4115 3
3647 2638 5
3647 2307 3
3648 4927 7
3648 590 3
3648 3500 10
3648 3166 8
3649 2396 4
3650 2171 1
3651 106 10
3651 775 10
3651 3915 9
3651 4584 10
3651 3453 10
3652 1005 3
3652 689 4
3652 310 1
3653 4559 5
3654 2538 4
3655 2873 4
3656 883 9
3656 4685 2
3657 1924 1
3657 4480 10
3657 1102 6
3658 4570 4
3658 4884 3
3659 299 7
3660 75 1
3660 1808 9
3660 1135 6
3661 822 3
3661 166 2
3661 3168 9
3662 731 8
3662 263 4
3663 1808 10
3663 4937 8
3663 16 9
3663 4192 6
3663 3047 6
3664 4279 1
3664 4539 2
3665 3517 5
3665 459 9
3665 1459 4
3665 3887 8
3666 2249 1
3666 1126 9
3667 788 6
3667 4473 8
3667 4902 6
3667 2464 8
3668 3486 7
3668 3002 10
3669 3189 3
3669 2248 10
3669 3119 3
3669 3339 9
3669 3198 7
3670 4 8
3670 2492 3
3670 78 10
3670 4243 7
3670 2084 3
3671 216 9
3672 3474 2
3672 606 8
3673 3682 2
3674 2684 10
3675 2202 4
3675 1738 9
3676 87 8
3677 219 5
3677 3002 3
3678 1801 4
3678 4205 2
3679 2938 5
3679 2298 3
3679 4990 3
3679 215 8
3680 1716 7
3680 3630 6
3680 490 4
3681 1572 10
3681 4920 8
3682 3752 10
3683 4971 6
3684 4769 8
3684 3119 8
3685 2555 8
3685 2249 1
3685 4220 7
3686 756 1
3686 686 2
3686 426 5
3687 1111 6
3687 12 1
3687 3012 2
3687 3473 1
3688 905 8
3688 4848 7
3688 173 1
3689 1082 10
3689 705 9
3689 1353 1
3690 4073 10
3690 130 9
3690 4022 10
3690 1835 2
3690 1990 10
3691 2637 8
3691 1061 2
3691 2229 6
3691 1030 6
3691 1241 1
3692 2582 4
3693 1769 10
3693 2465 2
3693 1674 7
3694 3929 9
3694 2777 1
3694 4701 10
3694 4296 4
3695 676 5
3695 3864 3
3695 2372 10
3695 5 8
3696 2905 8
3696 730 4
3696 3069 4
3696 1094 8
3697 2417 8
3697 4732 1
3697 262 9
3697 4567 6
3697 2761 10
3698 1578 10
3698 219 9
3698 2240 6
3699 2761 2
3700 3834 1
3700 1730 4
3700 4488 9
3700 243 9
3701 1085 5
3701 1460 3
3702 833 9
3703 108 6
3704 65 8
3705 956 2
3705 2650 5
3706 4687 5
3706 3320 2
3706 934 5
3706 455 8
3707 3857 7
3707 3430 6
3707 471 4
3708 2399 7
3709 696 3
3709 2986 5
3709 4387 8
3709 4980 3
3710 2937 4
3711 2659 7
3711 2785 2
3711 1988 10
3712 3075 4
3712 4381 5
3713 12 9
3713 2977 4
3713 773 5
3713 3349 9
3714 13 4
3714 3125 5
3715 586 6
3715 1362 5
3715 2992 9
3715 1043 2
3716 4855 8
3717 4874 3
3718 3360 3
3718 3235 4
3718 4694 7
3718 1479 8
3719 2612 5
3720 17 6
3720 1190 4
3720 2843 2
3721 4659 3
3721 4484 6
3721 2344 5
3722 2746 8
3723 2525 6
3723 388 10
3724 2768 10
3725 4546 8
3726 1276 10
3726 1369 7
3726 3248 6
3726 3018 8
3726 1449 10
3727 1169 6
3727 1456 7
3728 3906 8
3728 2516 4
3728 3221 4
3729 3319 4
3730 3905 3
3730 3470 10
3731 3323 6
3732 4020 7
3732 4841 2
3733 579 1
3733 2896 2
3734 831 6
3735 3448 5
3735 1788 4
3735 2826 2
3735 2831 8
3735 3644 6
3736 1654 7
3736 2237 10
3736 315 9
3736 916 8
3736 1958 5
3737 2544 2
3738 3217 3
3738 1568 4
3738 2211 3
3738 807 1
3739 3221 9
3739 2805 1
3739 3040 9
3739 1301 9
3739 3577 2
3740 3281 4
3740 3842 1
3740 2859 2
3740 818 4
3741 2596 4
3741 3486 7
3741 3047 5
3742 2823 9
3742 3584 1
3743 2794 4
3743 3011 2
3743 3277 4
3744 4027 4
3744 4409 8
3745 4808 3
3745 4086 1
3746 3639 7
3747 2162 10
3747 2076 3
3747 4509 7
3748 80 7
3748 3297 8
3749 1325 8
3749 2325 3
3749 4174 1
3749 2539 5
3750 2305 2
3750 255 6
3750 4618 5
3750 3427 2
3751 3755 5
3752 3388 5
3752 1425 5
3753 1023 4
3754 603 1
3755 4927 4
3756 2297 5
3756 432 3
3757 3487 9
3757 2582 8
3757 2074 5
3757 896 10
3758 738 2
3758 4033 6
3758 1848 3
3758 380 10
3759 473 10
3759 4639 10
3759 4697 3
3759 3533 3
3760 3073 4
3760 597 6
3760 4567 4
3761 4023 5
3761 2048 10
3761 2945 4
3762 3867 8
3762 4706 7
3762 506 9
3762 3189 5
3762 1501 8
3763 1788 3
3763 1125 8
3763 2624 2
3764 3388 4
3764 4465 2
3764 1027 6
3765 4382 9
3765 450 9
3766 431 2
3766 571 7
3767 1152 3
3768 2778 10
3768 4390 9
3768 4108 9
3769 201 9
3769 3747 7
3769 355 5
3769 3518 5
3769 1285 4
3770 767 10
3770 4568 2
3771 23 9
3771 2111 8
3771 1990 2
3771 4088 10
3772 3113 10
3772 4463 10
3772 4036 1
3773 2865 9
3773 3056 5
3774 1645 6
3774 768 9
3774 4345 9
3774 3231 1
3774 3545 7
3775 1864 10
3775 1759 7
3775 1279 9
3776 1276 5
3776 4944 2
3776 2281 6
3777 74 10
3777 935 1
3777 1964 8
3777 1779 3
3778 966 1
3778 1168 10
3779 4536 9
3779 2764 2
3779 2614 5
3779 4860 6
3779 4285 1
3780 3255 7
3780 144 7
3781 908 8
3781 5000 4
3781 3653 9
3781 2659 1
3781 634 3
3782 1260 5
3782 4640 2
3782 4679 4
3782 3223 10
3782 2448 10
3783 2390 1
3783 1285 9
3783 251 9
3783 3068 5
3783 2101 2
3784 3683 5
3784 3148 10
3784 3173 7
3785 3293 4
3785 3218 5
3785 609 7
3785 2677 4
3786 3852 3
3787 1627 6
3787 3723 7
3787 3660 3
3787 2114 5
3788 1597 5
3788 3572 9
3788 2139 1
3789 280 9
3789 2208 4
3789 1071 10
3790 2479 3
3790 2342 1
3790 3793 7
3790 1629 10
3790 2533 5
3791 4092 3
3791 2637 4
3792 553 7
3792 1898 5
3793 646 1
3793 3833 1
3794 2270 6
3794 4216 8
3794 2391 3
3795 388 5
3795 3136 1
3795 3281 6
3795 1099 7
3796 1239 7
3796 1687 8
3796 1168 9
3797 772 4
3797 1781 8
3798 3431 10
3799 1611 5
3799 1968 5
3800 2451 2
3801 2170 7
3801 219 4
3801 540 8
3801 3277 4
3801 1399 9
3802 1286 2
3803 4600 9
3803 192 8
3803 4443 10
3803 4422 7
3804 3895 9
3804 3623 8
3804 2974 8
3805 3724 7
3806 977 6
3806 826 10
3806 2215 10
3806 562 3
3807 586 4
3807 4778 9
3808 1725 4
3808 2756 2
3808 4580 5
3808 550 1
3808 1399 1
3809 3224 6
3809 1447 7
3809 645 7
3809 3100 9
3810 3276 7
3811 3162 10
3811 4945 1
3811 1233 10
3811 4183 7
3812 4428 10
3812 4115 9
3812 2205 9
3812 581 3
3812 900 6
3813 262 7
3813 4662 3
3813 3949 10
3814 1914 7
3814 3927 3
3814 4509 1
3814 3948 1
3814 2181 5
3815 2126 5
3816 3132 7
3816 2870 3
3816 2518 4
3816 3042 6
3817 423 3
3817 4767 10
3818 3398 3
3819 1016 1
3819 1012 3
3819 4030 5
3820 1468 4
3821 1757 9
3821 4188 2
3821 360 7
3822 2170 7
3823 1650 6
3823 553 8
3824 1413 10
3824 2765 4
3824 3367 6
3824 3197 2
3824 4946 6
3825 24 10
3825 2348 1
3825 4800 9
3826 4686 9
3826 399 8
3826 2788 10
3827 1828 8
3827 3180 3
3827 2305 5
3828 1028 6
3828 516 3
3829 1223 2
3829 2711 1
3829 4491 10
3829 4815 5
3829 2702 1
3830 2106 7
3830 3234 7
3830 236 9
3831 4638 9
3831 1876 3
3832 2904 6
3832 1347 4
3832 4906 5
3832 427 6
3832 1268 8
3833 2925 7
3833 811 4
3833 3912 9
3834 3491 8
3834 1499 3
3834 3934 3
3834 1757 10
3834 2927 1
3835 2832 8
3835 2300 2
3835 1776 5
3836 3082 1
3836 3313 3
3836 2542 2
3836 1866 4
3836 139 8
3837 4597 1
3837 4631 5
3837 2721 8
3837 2901 1
3837 3405 8
3838 4895 10
3838 3982 4
3838 1947 1
3839 4283 9
3839 652 5
3839 2559 10
3840 159 5
3840 2212 7
3840 2777 8
3841 2124 5
3841 2594 8
3841 1930 10
3842 2914 1
3842 4456 6
3842 3045 4
3842 1881 7
3843 120 4
3844 1711 4
3844 2787 1
3845 3904 1
3845 145 5
3845 3719 2
3845 1578 6
3845 1504 5
3846 3741 9
3847 1390 1
3847 635 2
3847 4758 10
3847 3072 6
3847 4602 8
3848 3894 2
3849 3955 7
3849 1913 7
3850 2578 6
3850 1131 4
3850 4011 2
3851 3235 7
3851 2621 4
3852 2762 3
3852 2436 7
3852 2250 2
3852 717 7
3853 235 1
3854 3549 4
3854 3085 3
3854 2328 5
3854 1872 1
3854 87 6
3855 1363 2
3855 4039 9
3855 1141 10
3856 2672 10
3856 1737 4
3856 1448 10
3857 930 4
3857 938 10
3857 561 7
3857 166 3
3857 629 6
3858 2035 1
3858 4836 10
3858 2862 8
3859 3116 7
3859 1907 7
3859 4492 3
3860 4081 2
3860 1906 10
3860 1756 4
3860 2352 1
3860 1267 7
3861 1100 3
3861 1113 5
3861 3825 5
3862 1196 9
3862 1592 1
3862 2805 8
3862 4170 1
3862 1549 8
3863 95 10
3863 227 1
3863 2909 10
3863 4874 8
3863 314 2
3864 1116 6
3864 1017 9
3864 4052 8
3864 3575 6
3865 483 5
3865 2748 7
3865 3388 6
3866 3525 9
3866 604 7
3867 3522 8
3867 4399 6
3867 2002 6
3868 3564 4
3869 1399 2
3869 584 1
3869 1545 10
3870 1506 3
3870 3698 9
3870 240 2
3871 3605 7
3872 1091 6
3872 2716 6
3872 1581 1
3872 1497 2
3872 1532 3
3873 3621 1
3873 1347 4
3873 786 9
3873 1388 7
3874 1740 6
3875 4116 8
3875 2188 5
3875 1500 10
3875 4160 3
3876 801 5
3876 4654 1
3877 2526 4
3877 1806 6
3877 2592 7
3878 2559 3
3878 1173 8
3878 2980 10
3878 123 9
3878 2408 6
3879 1789 8
3879 502 8
3880 3012 7
3880 1938 9
3880 1152 8
3880 1534 6
3881 4951 1
3882 895 7
3882 4686 7
3883 4760 2
3884 1851 2
3884 1584 5
3884 387 2
3884 2908 1
3885 3033 5
3885 4931 1
3885 3698 10
3885 4172 10
3886 4067 6
3886 4498 7
3886 1708 5
3887 770 7
3887 2167 3
3887 391 10
3887 36 2
3887 4874 10
3888 612 10
3888 4783 9
3888 1312 2
3888 981 4
3889 344 9
3889 4687 4
3889 975 6
3890 4456 6
3890 3921 6
3890 4494 6
3890 2937 5
3891 68 8
3892 1342 1
3893 2755 1
3893 565 6
3893 1572 5
3893 4074 9
3894 1238 4
3894 3291 8
3895 81 8
3895 767 3
3895 3209 5
3895 1737 1
3895 4808 9
3896 3613 9
3896 4086 2
3896 1818 5
3897 3155 1
3898 1337 7
3898 4250 1
3898 3716 4
3898 988 3
3899 984 1
3899 1730 5
3900 1716 10
3901 1500 8
3901 1291 9
3901 3747 9
3902 4418 5
3902 895 9
3902 2324 3
3902 4293 2
3902 932 3
3903 1522 9
3903 3029 5
3903 2209 9
3903 2427 4
3903 4026 1
3904 98 6
3904 1725 1
3904 4169 2
3904 1602 6
3905 314 10
3905 1176 6
3905 1804 6
3906 776 6
3906 2554 5
3906 4308 7
3906 2964 8
3906 1233 8
3907 2227 4
3908 291 5
3908 3116 1
3909 1639 3
3909 4202 7
3909 5000 5
3909 4580 4
3909 3884 9
3910 2920 2
3910 4942 6
3910 414 6
3910 4914 3
3910 900 7
3911 1568 2
3911 3982 4
3911 4537 3
3911 3200 8
3911 4084 2
3912 1567 3
3912 3631 7
3912 4744 5
3912 1700 4
3912 1124 1
3913 4836 4
3913 3692 1
3913 4860 8
3913 3702 5
3914 2244 10
3914 262 5
3915 1598 9
3915 2916 9
3915 3498 8
3916 3454 6
3916 2529 8
3916 2711 10
3916 2036 4
3917 2894 7
3917 2982 1
3917 3628 6
3917 1495 6
3918 3536 9
3918 3297 2
3918 4268 2
3919 3669 8
3919 316 2
3919 3508 2
3920 3622 10
3921 2814 6
3921 4307 8
3922 3342 5
3922 1397 6
3922 3232 8
3922 1202 2
3922 3042 5
3923 3718 2
3924 2590 10
3924 3769 6
3925 4629 8
3925 36 6
3925 3406 4
3925 673 10
3925 316 7
3926 62 1
3927 3429 4
3927 3918 1
3927 1992 9
3927 4696 1
3927 4429 7
3928 3735 7
3928 180 6
3928 2826 9
3928 2435 10
3928 4468 10
3929 4971 10
3930 3953 8
3930 1951 8
3930 4402 5
3930 1305 9
3930 2124 10
3931 113 8
3931 4100 4
3931 2250 2
3931 3188 6
3932 2479 9
3932 2697 4
3933 943 6
3934 65 5
3934 2831 10
3934 4342 9
3934 239 4
3934 102 10
3935 3300 8
3935 4097 4
3935 3026 9
3935 894 8
3935 4622 6
3936 2125 10
3936 492 7
3936 82 2
3936 4380 7
3937 542 3
3938 1532 2
3939 2846 8
3939 2212 10
3939 1181 7
3939 304 9
3939 4871 8
3940 2179 3
3941 1406 3
3941 507 5
3942 3268 9
3942 3769 5
3942 3941 7
3943 2691 5
3943 637 6
3944 3315 10
3944 203 3
3944 3866 8
3944 2904 5
3945 734 7
3945 1613 8
3945 2173 5
3945 2927 3
3946 3618 10
3946 4591 8
3947 2227 5
3947 133 2
3947 3472 10
3947 3913 5
3947 2682 7
3948 2496 10
3948 3288 3
3948 344 6
3949 1077 4
3949 3398 5
3950 4350 5
3950 4971 7
3950 3474 1
3950 567 3
3951 758 2
3951 2751 5
3951 3428 5
3951 1358 5
3952 922 8
3952 4145 1
3952 2385 10
3952 771 7
3953 1116 10
3953 94 5
3953 3769 3
3953 3705 3
3954 838 10
3954 4466 8
3954 3424 6
3954 1362 4
3955 470 8
3956 2052 2
3956 3587 9
3957 2556 4
3957 3386 9
3958 3888 4
3958 3622 8
3958 4020 8
3959 1913 4
3959 2001 1
3960 3337 7
3960 281 10
3960 728 8
3960 3509 10
3961 4834 6
3961 1459 3
3961 4945 5
3961 4919 1
3961 2508 4
3962 1307 2
3962 2057 5
3962 484 3
3963 3429 9
3964 4765 4
3964 473 10
3964 3429 4
3965 1802 10
3965 288 7
3965 1944 8
3965 646 1
3965 3330 10
3966 1380 6
3966 4088 7
3966 1907 8
3966 1559 1
3967 4303 4
3967 4775 10
3967 3158 1
3967 2325 2
3968 3381 3
3968 4407 2
3968 4209 2
3968 2144 1
3968 241 3
3969 1904 7
3969 3066 8
3969 4903 8
3969 4041 6
3969 3750 3
3970 114 10
3970 2239 4
3971 634 7
3972 4694 2
3972 1434 7
3972 645 9
3972 3026 6
3972 1987 8
3973 1078 1
3973 1556 9
3974 2763 5
3974 1674 10
3974 4751 1
3974 2856 5
3974 3498 7
3975 4062 1
3975 3580 8
3975 16 7
3976 799 10
3977 1469 6
3977 1826 8
3977 1972 5
3978 4813 5
3979 2791 10
3980 1730 2
3981 1448 3
3982 1834 1
3982 2936 2
3982 2979 4
3982 1184 9
3983 2590 4
3983 337 8
3984 603 1
3984 1890 8
3984 2660 6
3984 4509 8
3984 221 10
3985 21 6
3985 4592 5
3986 1476 10
3986 1713 5
3986 1611 1
3986 1756 9
3987 3958 1
3988 4623 3
3988 3002 10
3988 3349 6
3988 2504 4
3988 1851 7
3989 2135 9
3989 1358 4
3989 4827 7
3989 4521 5
3990 207 7
3990 2536 7
3991 634 7
3991 4872 8
3992 1487 7
3992 767 1
3992 3067 3
3992 2244 3
3993 2435 6
3993 4692 10
3994 107 4
3994 2875 1
3994 1172 1
3994 408 8
3995 869 4
3995 3399 2
3996 2489 5
3996 298 1
3996 1814 2
3997 937 10
3998 1495 9
3998 4683 7
3998 1935 3
3998 4040 4
3999 3483 7
3999 2196 9
3999 3693 9
3999 1085 3
4000 88 7
4000 229 7
4000 123 8
4000 1661 6
4000 3222 2
4001 54 7
4001 4085 7
4001 830 6
4001 201 6
4002 3922 8
4003 1887 10
4003 1594 1
4003 2521 7
4004 4198 6
4004 1120 5
4004 3820 9
4004 3896 7
4004 2813 9
4005 4476 5
4005 4156 3
4006 391 3
4006 3739 6
4006 3511 6
4007 36 1
4007 1287 7
4007 4617 3
4007 3690 6
4007 4818 6
4008 3429 8
4008 2835 8
4008 3733 10
4008 2664 9
4008 1990 6
4009 3083 3
4009 4011 3
4009 3402 4
4010 737 7
4010 3083 2
4010 1392 3
4011 2753 2
4011 1345 4
4011 2227 9
4011 2499 8
4012 440 3
4012 2851 6
4012 50 8
4012 3138 1
4012 1550 6
4013 2360 5
4013 4374 10
4013 1822 5
4013 2989 1
4014 4254 10
4014 3147 7
4014 1699 7
4014 4772 6
4015 1854 3
4016 31 3
4017 2341 4
4018 2837 3
4018 3162 1
4018 2218 9
4019 2860 6
4019 251 9
4019 1580 9
4020 3814 5
4020 176 2
4020 1469 4
4020 3927 4
4020 2334 4
4021 243 10
4021 3945 4
4021 4948 4
4022 4081 4
4023 3566 6
4023 3683 3
4023 4906 5
4024 2069 5
4024 4577 8
4024 1718 4
4025 3187 8
4025 1218 8
4025 1559 10
4025 3221 5
4026 4590 1
4026 1558 4
4026 4815 7
4027 1579 8
4027 434 9
4027 301 2
4027 4538 10
4027 3538 7
4028 2084 4
4028 1451 1
4028 4590 1
4028 552 7
4029 4014 1
4029 1871 2
4029 2079 7
4029 780 4
4030 3873 5
4030 4730 1
4031 4526 5
4031 1457 7
4031 3714 8
4031 387 8
4031 2718 2
4032 4600 1
4032 2036 5
4033 2660 4
4033 3732 6
4033 4523 1
4034 3615 1
4034 4084 1
4035 3381 2
4035 17 3
4035 2652 5
4036 1920 7
4037 4924 1
4037 1827 1
4037 3983 2
4037 3085 6
4038 4412 5
4038 3265 3
4038 4543 8
4038 3367 6
4038 3577 9
4039 4293 4
4039 4780 6
4040 4162 5
4040 2769 1
4040 3043 9
4040 3628 9
4041 2354 10
4041 3278 3
4041 2928 3
4041 3020 9
4042 3235 2
4042 507 4
4043 4264 5
4043 1289 6
4043 271 7
4043 4440 7
4044 1870 9
4044 2025 9
4044 2005 5
4044 3781 3
4045 233 3
4045 110 5
4045 3528 7
4045 3489 6
4045 348 1
4046 1134 1
4046 1710 9
4047 123 5
4047 3878 8
4047 1196 1
4048 2596 10
4048 561 6
4049 838 3
4049 3617 2
4049 3430 5
4049 3632 4
4050 4 5
4050 2437 6
4050 272 1
4050 4901 5
4050 4745 10
4051 2692 3
4051 4659 5
4052 4072 8
4052 3023 6
4052 513 6
4052 3811 7
4053 2094 1
4053 4850 6
4054 3118 5
4055 840 3
4055 832 9
4055 1760 1
4056 3896 10
4057 2638 3
4057 4920 8
4057 4096 2
4057 4515 8
4058 4027 7
4058 4168 3
4058 138 4
4058 1469 10
4058 748 7
4059 3643 6
4059 4623 10
4059 1507 2
4060 1938 1
4061 4064 3
4061 328 6
4061 1756 5
4061 2915 10
4062 265 8
4062 3288 9
4062 480 1
4063 2083 8
4064 3958 2
4064 4945 9
4064 4392 8
4065 1256 1
4065 2654 8
4065 1596 4
4066 1301 2
4066 4052 5
4067 1736 2
4067 1550 2
4067 3022 6
4067 1920 9
4067 1146 5
4068 418 2
4069 1512 10
4070 4410 7
4070 1758 8
4070 3177 4
4070 2979 7
4071 19 4
4071 3653 5
4072 1419 2
4072 4447 8
4072 2665 2
4072 1286 2
4072 1045 4
4073 2807 6
4073 3679 6
4073 3192 10
4074 1815 7
4074 1103 9
4074 4254 7
4075 863 4
4075 4580 9
4075 272 10
4075 4015 9
4075 3349 1
4076 1193 7
4077 1771 3
4078 963 3
4078 859 8
4078 3207 4
4079 4140 9
4079 1730 10
4079 4305 1
4080 2788 6
4080 3740 1
4080 3821 8
4080 554 9
4081 570 1
4082 4433 5
4082 3052 4
4082 4035 5
4082 4562 4
4083 3455 5
4083 4025 5
4083 266 5
4084 4420 7
4084 2878 3
4084 468 10
4084 4956 3
4084 2933 6
4085 1579 7
4085 959 3
4086 1579 3
4086 3882 9
4087 2293 9
4088 215 8
4088 2909 9
4088 1638 1
4089 2915 7
4089 375 10
4090 1193 9
4091 4791 3
4091 807 2
4091 996 4
4092 1162 9
4092 2237 9
4092 2334 8
4092 2833 10
4092 77 8
4093 251 2
4093 4670 6
4093 3421 8
4094 3444 3
4094 1163 5
4095 3648 8
4096 3204 1
4096 611 4
4096 182 2
4097 461 1
4097 3470 9
4097 3582 1
4097 4072 1
4098 4792 4
4099 3679 3
4100 4732 1
4100 3507 7
4100 4005 6
4101 1307 4
4102 4913 5
4102 2589 2
4102 131 10
4102 3848 2
4102 2904 5
4103 3088 5
4103 2322 4
4103 1185 6
4103 4021 9
4104 1986 2
4104 4209 1
4104 2144 5
4104 4250 9
4104 1194 7
4105 2033 2
4105 3752 4
4106 1716 10
4106 742 7
4107 3514 10
4107 2770 4
4107 3241 2
4107 2543 2
4107 4537 7
4108 760 9
4108 1935 7
4109 770 1
4109 3201 1
4109 2758 4
4109 2441 6
4110 4484 7
4111 1549 1
4112 775 6
4112 4253 4
4112 4407 4
4112 3915 4
4112 4577 7
4113 2121 5
4113 2518 9
4113 512 2
4113 2010 7
4114 1090 4
4115 4374 8
4115 221 7
4116 4480 6
4117 2012 10
4117 1755 5
4117 414 2
4118 513 4
4118 1086 3
4119 771 10
4119 4422 1
4119 2327 6
4119 1556 6
4119 4484 4
4120 1117 1
4120 3495 1
4121 3554 6
4121 516 1
4122 4261 4
4123 3675 2
4124 2514 4
4124 845 8
4124 4953 6
4124 3026 10
4124 2485 9
4125 3318 9
4126 676 6
4126 2447 7
4126 1753 6
4126 3214 3
4127 838 2
4128 4878 1
4128 3852 7
4128 177 5
4128 4958 10
4128 4642 8
4129 4350 6
4129 224 5
4130 2090 1
4130 3639 10
4130 3816 2
4131 3150 3
4132 4514 3
4133 1766 7
4133 1247 5
4133 2699 9
4133 3702 10
4133 4048 8
4134 4344 7
4134 2592 2
4135 1804 9
4135 1370 4
4135 3931 6
4136 3906 9
4136 315 2
4136 3400 6
4136 2456 4
4137 103 2
4137 4509 1
4137 1793 1
4137 2807 9
4137 2428 3
4138 1807 10
4138 2761 3
4138 1950 8
4138 2351 3
4139 1127 2
4139 2204 5
4139 2770 3
4139 4222 9
4140 180 8
4141 874 5
4141 2354 3
4142 1809 5
4143 1755 4
4143 703 2
4143 55 1
4144 733 2
4144 2362 2
4145 1115 8
4145 480 7
4146 2431 3
4146 3424 9
4146 1244 1
4146 2815 9
4147 4570 9
4147 3076 7
4147 2864 1
4147 214 7
4147 4391 9
4148 1651 7
4148 2544 6
4148 3540 5
4148 2640 4
4148 398 1
4149 3021 1
4150 3303 4
4150 3158 6
4150 989 3
4151 2711 3
4151 4473 2
4151 1716 3
4151 3698 3
4152 495 7
4152 2256 6
4152 3515 9
4153 1285 7
4153 3138 7
4153 1422 2
4153 3490 4
4153 2338 5
4154 609 3
4154 3342 3
4154 1436 1
4154 264 10
4155 2510 7
4155 1289 5
4155 2520 6
4155 922 9
4156 127 4
4157 4259 10
4157 901 10
4158 3671 5
4158 2013 3
4159 3124 7
4160 4436 5
4160 3137 7
4161 870 2
4161 38 3
4161 2864 3
4162 4279 1
4162 3255 5
4162 1157 5
4163 1052 2
4163 1161 8
4163 14 9
4164 3058 2
4164 1906 2
4165 3197 3
4165 2373 9
4165 1116 4
4165 1512 10
4165 2516 8
4166 383 2
4166 1947 6
4167 4064 4
4168 180 7
4168 3538 7
4168 3932 7
4169 2772 8
4169 4623 1
4169 1558 8
4169 2191 8
4170 2167 9
4170 4829 10
4170 2407 6
4171 2691 9
4172 2960 3
4173 4210 5
4173 2772 7
4173 1926 7
4173 2888 5
4174 1597 7
4174 1208 8
4175 2433 3
4175 4653 9
4176 399 4
4177 4049 6
4177 509 10
4177 2908 3
4177 1254 1
4178 147 5
4178 1488 10
4178 3893 10
4178 73 8
4178 1123 10
4179 1650 2
4180 1895 4
4180 117 1
4181 4108 7
4182 2798 6
4183 3124 6
4183 3961 9
4183 3796 5
4183 2767 8
4183 2086 6
4184 2233 6
4184 1620 3
4184 3572 9
4184 449 8
4184 3566 8
4185 2339 9
4185 3368 8
4185 4423 4
4186 608 5
4186 4288 10
4187 1747 2
4187 1571 5
4187 2396 1
4188 515 5
4188 3147 5
4189 1882 7
4189 5000 7
4189 4907 8
4189 3846 10
4190 2780 2
4191 580 6
4192 3203 7
4192 4590 1
4192 283 9
4192 2799 1
4192 2582 4
4193 4784 2
4193 1012 7
4193 4127 3
4194 2261 1
4194 3887 7
4194 3969 2
4194 399 3
4194 1469 7
4195 159 4
4196 2342 8
4196 2706 6
4197 4326 2
4198 1192 8
4198 3439 5
4198 4016 8
4198 3254 4
4199 897 10
4199 3438 8
4199 300 8
4199 3957 4
4199 2316 7
4200 315 5
4200 4829 8
4200 4747 6
4200 1322 9
4200 1230 1
4201 4784 3
4201 2778 7
4201 2732 8
4201 1345 7
4201 386 5
4202 3823 10
4202 1264 8
4203 1358 9
4203 1775 8
4203 578 1
4204 1703 9
4204 3485 8
4204 707 3
4204 796 8
4204 1708 6
4205 3950 10
4205 4730 7
4205 2900 6
4206 1135 3
4206 2035 9
4207 1453 1
4207 3221 3
4207 4093 9
4208 1351 5
4209 3027 3
4209 3829 9
4210 3234 4
4211 558 10
4211 2312 6
4211 2352 3
4211 4639 1
4212 2334 4
4213 1749 4
4213 2122 4
4213 210 8
4214 2476 4
4215 2379 1
4216 2106 5
4216 2564 10
4217 4348 10
4218 4403 9
4218 565 3
4218 1141 1
4218 3673 8
4218 476 4
4219 3560 3
4219 4618 3
4220 2857 3
4221 1629 1
4221 1830 3
4221 4866 1
4222 3097 2
4222 918 8
4222 95 8
4223 3670 1
4223 2952 6
4223 2889 1
4223 3687 2
4223 4855 6
4224 2074 9
4225 4750 7
4225 303 1
4225 959 7
4225 1579 9
4225 4016 10
4226 4508 3
4227 861 1
4227 2960 5
4227 3547 10
4228 1699 3
4228 3757 4
4228 3319 2
4228 2756 6
4228 2926 3
4229 4006 1
4229 3636 1
4229 2017 3
4229 2846 2
4229 1814 5
4230 745 10
4231 2479 6
4231 1699 9
4232 1703 8
4232 5000 5
4232 1734 8
4233 4011 3
4234 4491 1
4234 4950 5
4234 2058 8
4234 595 1
4235 1246 5
4235 2198 1
4235 68 4
4235 1658 6
4236 3430 7
4236 4300 9
4236 3279 5
4236 4157 2
4237 964 3
4238 84 4
4238 4466 4
4238 4277 2
4238 3243 7
4238 4624 6
4239 4280 6
4239 3492 1
4239 2131 6
4240 2854 10
4240 841 5
4240 2644 6
4240 3740 10
4241 1045 3
4241 3690 8
4241 3575 4
4241 2745 9
4241 181 3
4242 1755 8
4242 3419 8
4243 4710 7
4243 155 10
4243 1466 7
4244 799 3
4244 182 4
4244 1749 5
4244 2479 10
4244 2397 5
4245 3987 8
4245 1905 8
4245 4510 1
4246 1063 9
4246 181 3
4246 4410 10
4246 966 3
4247 3592 5
4247 1581 1
4247 4906 5
4248 400 8
4248 2832 10
4248 4067 6
4248 164 10
4249 863 5
4249 184 5
4249 3670 8
4249 2153 4
4250 2326 1
4250 822 4
4250 802 4
4250 3746 4
4251 4330 4
4251 2973 10
4251 1457 9
4251 1884 1
4252 3081 3
4253 4162 8
4253 1567 5
4253 2763 1
4254 4633 5
4254 1855 10
4254 4436 1
4254 1348 5
4255 1146 7
4255 3221 10
4256 3514 1
4257 3306 6
4258 2575 7
4258 760 2
4258 1057 8
4258 628 3
4259 2964 3
4259 1496 4
4260 4908 4
4260 1451 5
4260 3118 10
4260 3149 9
4260 2059 6
4261 2317 5
4261 1546 9
4262 2018 1
4262 4374 9
4262 1353 5
4262 3054 7
4263 595 6
4264 2232 7
4264 465 3
4264 1078 7
4264 271 3
4264 4086 7
4265 4209 2
4265 3091 2
4265 4234 3
4265 3884 9
4265 2630 8
4266 1436 8
4267 534 8
4268 1005 10
4268 2989 4
4268 2079 5
4268 2607 1
4268 1613 10
4269 2692 7
4269 1300 5
4269 4706 9
4269 1248 8
4269 1914 9
4270 4569 1
4270 4383 3
4270 2240 9
4270 4127 9
4270 4009 6
4271 4221 3
4271 3439 4
4271 4542 6
4271 4024 4
4272 422 8
4272 2744 5
4272 4343 5
4272 501 2
4272 2891 6
4273 3237 9
4273 3653 2
4274 1375 6
4274 389 9
4274 2510 2
4275 3489 3
4276 4751 3
4277 4736 2
4277 1891 10
4277 2164 7
4277 1578 6
4278 1684 5
4278 2423 7
4279 1558 8
4279 731 5
4279 2590 4
4280 1942 10
4280 2270 4
4280 587 10
4280 3105 9
4281 3890 9
4281 3661 6
4281 2642 4
4281 3105 2
4281 2732 7
4282 1380 8
4283 3240 3
4283 1589 1
4283 3429 7
4283 4525 6
4283 2604 5
4284 2721 9
4284 1895 2
4284 776 6
4284 4141 7
4285 1882 2
4285 2505 4
4285 3012 3
4285 3607 2
4286 4568 7
4286 4567 7
4286 4836 4
4286 2108 5
4287 4698 3
4288 3310 1
4289 4416 1
4289 4356 2
4290 3939 2
4290 2544 1
4290 2869 2
4290 1824 2
4290 1669 2
4291 98 4
4291 4888 1
4291 3525 4
4291 2211 9
4292 2385 7
4292 1829 6
4292 3538 7
4293 2106 2
4294 4783 1
4294 4715 4
4294 4847 10
4294 4308 9
4295 2812 2
4295 2301 6
4295 515 5
4295 4836 6
4295 2593 2
4296 1885 8
4296 2188 1
4297 2111 8
4297 4472 7
4297 647 8
4298 2190 10
4298 668 6
4298 837 10
4298 93 8
4298 2786 8
4299 1887 7
4299 1757 9
4299 4512 10
4299 4590 5
4300 1220 7
4301 1363 1
4301 188 4
4301 3274 1
4301 3142 10
4302 4692 8
4303 2397 8
4304 2033 9
4304 1009 4
4304 2074 8
4304 3281 3
4304 2599 10
4305 1770 9
4305 4267 1
4305 2138 1
4306 2424 6
4306 2194 4
4306 3475 7
4306 2099 4
4307 1497 9
4307 420 6
4307 4173 4
4308 3536 10
4309 3659 7
4309 462 10
4309 4410 5
4309 4776 1
4309 3728 7
4310 4059 9
4310 1723 8
4310 2923 1
4310 3592 4
4310 4491 1
4311 402 7
4311 883 3
4312 87 10
4312 736 8
4313 2138 8
4313 3996 1
4313 3908 6
4313 2907 5
4314 2584 3
4315 4914 6
4315 2692 4
4316 3605 9
4317 4395 2
4318 3558 9
4318 2554 1
4318 4739 10
4318 4377 4
4318 140 9
4319 3251 1
4319 17 5
4319 16 6
4319 2405 7
4319 2729 6
4320 2886 8
4321 2940 6
4321 3039 1
4321 4127 5
4321 374 8
4321 861 7
4322 1868 7
4323 1120 1
4323 1892 10
4324 1850 4
4324 1485 3
4325 4235 1
4325 4832 3
4325 1953 10
4325 3194 5
4325 2757 2
4326 2196 4
4327 2965 7
4327 1124 10
4328 4664 5
4328 82 9
4328 4380 5
4329 3294 2
4329 966 10
4330 2264 6
4330 4587 4
4330 2886 6
4331 4234 1
4331 2922 7
4332 1111 1
4332 3586 3
4332 2500 2
4333 2933 8
4334 2726 9
4334 2745 1
4334 2825 4
4334 201 7
4335 2514 8
4335 206 3
4335 3476 9
4335 247 9
4336 571 6
4336 1350 5
4336 4074 6
4337 1941 9
4337 2010 3
4337 1376 4
4337 660 8
4337 4471 2
4338 1385 9
4338 895 2
4339 1385 8
4340 3313 1
4341 843 5
4342 1178 7
4342 2095 7
4342 2317 9
4342 2142 9
4343 2288 2
4343 3816 3
4343 2637 1
4343 4563 6
4344 3653 6
4344 366 10
4345 3216 1
4345 4589 7
4345 2744 5
4345 2622 4
4346 4019 9
4346 1928 9
4346 88 9
4347 4730 7
4347 621 9
4347 1637 9
4347 4640 6
4348 4036 2
4349 2099 3
4350 4314 2
4350 3138 1
4350 3068 4
4350 2453 3
4350 755 9
4351 2424 4
4351 496 9
4352 1001 3
4353 2008 9
4353 4580 4
4354 60 10
4355 2665 6
4355 2789 4
4355 3863 3
4355 77 2
4356 3735 7
4356 2862 3
4356 4437 9
4356 262 4
4357 3918 4
4358 2378 5
4358 3042 7
4358 1541 5
4358 1117 7
4359 670 9
4359 1851 4
4359 331 7
4360 554 4
4360 3345 1
4360 4383 6
4360 3225 8
4360 3627 4
4361 4691 5
4362 1870 2
4362 4720 10
4362 313 8
4362 4784 9
4362 1323 9
4363 3118 6
4363 1207 1
4363 4023 3
4363 2685 7
4363 3473 10
4364 938 4
4364 384 2
4364 1095 5
4365 4297 6
4365 2200 5
4366 1559 2
4366 3318 3
4367 3657 7
4367 3079 10
4367 2045 4
4368 2572 5
4368 1941 6
4368 3062 3
4368 4954 10
4369 3884 1
4369 2483 3
4369 4015 5
4369 872 8
4370 2244 9
4370 1448 9
4371 2197 4
4371 3288 1
4372 3601 3
4373 2275 6
4373 944 6
4373 4126 4
4374 4305 3
4374 3033 9
4374 4326 9
4374 2582 3
4375 2554 10
4375 2461 7
4375 3023 10
4376 4619 4
4376 2216 2
4376 1964 1
4376 4393 10
4376 2788 5
4377 3097 7
4377 1158 2
4377 4696 10
4377 969 10
4377 2696 1
4378 1635 9
4378 4509 10
4378 1765 7
4378 770 3
4378 918 6
4379 4537 1
4379 2565 3
4379 1290 7
4380 1455 10
4380 1434 8
4381 59 5
4381 3586 1
4381 3950 10
4381 1521 8
4382 2593 10
4382 2757 9
4383 651 5
4383 2994 5
4383 4907 2
4384 1637 2
4385 1822 9
4385 24 6
4385 3735 10
4385 132 6
4385 2798 9
4386 1747 3
4386 2147 4
4386 1917 9
4387 4186 2
4387 4028 5
4388 2640 4
4388 3788 5
4388 1001 10
4388 4130 3
4389 2548 1
4389 3560 2
4390 3027 6
4390 3842 6
4390 3825 3
4390 4224 1
4390 4542 10
4391 266 5
4391 729 3
4391 2062 4
4392 418 5
4392 3153 2
4392 942 2
4393 2108 4
4393 1629 9
4394 2489 9
4394 2523 1
4394 3785 5
4394 3367 8
4394 2603 7
4395 1163 5
4396 4096 1
4396 3877 9
4396 4439 4
4396 1818 9
4397 2407 7
4397 2777 7
4397 3879 4
4398 1272 5
4398 382 4
4398 1832 4
4398 663 4
4398 517 7
4399 734 5
4399 1311 1
4399 1020 10
4400 4880 2
4400 4847 3
4400 3906 6
4400 4755 3
4401 3310 1
4401 4391 10
4402 580 9
4402 2472 2
4402 886 6
4402 2933 9
4403 4279 7
4403 1781 3
4403 2175 9
4403 3792 8
4404 2472 9
4404 2665 9
4405 4301 9
4405 2638 5
4405 128 1
4406 1497 1
4406 1012 4
4406 778 5
4407 1126 8
4407 1399 9
4407 1181 2
4408 4743 7
4408 4258 4
4408 4021 7
4408 259 9
4408 487 6
4409 1277 3
4409 1737 9
4409 1184 9
4409 3464 6
4409 3344 4
4410 3973 8
4410 1382 4
4410 3539 8
4410 1579 10
4411 4537 6
4411 1048 4
4411 1802 6
4411 2940 4
4411 1770 10
4412 2445 6
4412 2897 4
4412 3966 7
4412 2441 3
4412 1767 9
4413 3810 2
4413 2805 4
4414 4013 1
4415 4655 5
4415 1253 4
4415 3509 9
4415 3767 6
4416 1079 7
4416 4483 1
4416 368 4
4416 3147 7
4417 3768 8
4417 1011 2
4417 1340 4
4418 3488 6
4418 1617 6
4419 1703 10
4419 2125 9
4420 424 1
4420 1222 2
4420 3132 2
4420 3221 6
4420 2516 2
4421 1695 4
4421 3313 2
4422 166 5
4422 1664 5
4422 3872 10
4422 483 1
4423 360 9
4423 240 1
4423 3346 9
4424 4558 8
4425 4956 4
4426 2302 3
4426 2457 4
4426 3636 5
4426 2891 9
4427 849 1
4427 4289 6
4427 4822 1
4427 390 10
4427 2165 10
4428 4950 8
4428 2033 2
4428 3673 10
4428 4414 5
4428 553 2
4429 2798 6
4429 3354 5
4429 3206 9
4429 1762 2
4430 1238 10
4431 2833 4
4431 390 6
4432 44 9
4432 2437 1
4432 4805 6
4432 2137 7
4432 2860 6
4433 272 3
4433 2903 4
4434 168 1
4434 2211 8
4435 1168 9
4435 1286 1
4435 3966 2
4436 1169 9
4436 4303 7
4436 513 3
4437 2256 8
4437 377 4
4437 842 7
4437 360 4
4438 798 10
4439 4049 8
4439 2799 7
4440 655 4
4440 2595 6
4440 51 7
4441 4194 7
4441 2621 9
4441 2494 3
4442 3313 2
4442 2504 7
4442 578 10
4443 2916 8
4443 3716 7
4444 1403 8
4444 4928 7
4445 3015 1
4445 163 10
4445 587 6
4445 1584 8
4446 966 7
4446 2185 7
4446 4241 6
4447 2081 10
4448 3934 5
4449 2932 7
4449 2518 1
4449 3966 3
4450 3754 9
4450 2130 2
4450 3129 5
4450 2938 5
4450 3385 2
4451 2441 10
4451 251 4
4451 512 1
4451 1880 9
4451 981 2
4452 1975 2
4452 3911 10
4452 3923 10
4453 1902 8
4453 1961 9
4453 3733 1
4454 3586 7
4454 4359 4
4454 3499 4
4454 3447 2
4455 2439 6
4455 2213 5
4456 3729 8
4456 2521 5
4456 3430 7
4456 3607 3
4456 1719 3
4457 2684 2
4458 384 4
4458 3724 9
4458 3869 10
4458 3122 10
4458 3075 2
4459 4673 7
4459 3581 2
4459 1930 8
4459 391 5
4459 4137 9
4460 1284 2
4460 1524 3
4460 3997 3
4461 4604 10
4461 4640 8
4461 1119 5
4461 2881 8
4461 2875 7
4462 87 4
4463 2308 10
4464 4875 7
4464 3162 9
4464 1067 4
4465 4961 2
4466 4334 5
4466 2864 10
4466 2318 3
4467 4334 3
4467 1448 7
4467 3939 4
4467 5 5
4467 3981 10
4468 3934 2
4468 1485 5
4468 543 4
4469 740 2
4469 505 3
4469 1578 6
4469 1050 7
4469 191 7
4470 2496 10
4470 2038 2
4471 4395 9
4471 3055 4
4471 2604 10
4472 2807 3
4472 3380 4
4473 3452 1
4473 3305 9
4474 593 10
4474 2695 10
4474 2140 5
4475 939 8
4475 3028 2
4476 4558 1
4476 816 4
4476 3089 7
4476 522 5
4476 3319 9
4477 203 1
4478 940 5
4478 2344 3
4479 3587 2
4479 3978 10
4479 4377 3
4480 3959 7
4480 4840 8
4480 3695 6
4480 2034 1
4480 2330 5
4481 1156 6
4481 232 6
4482 3918 7
4482 2947 1
4482 1914 10
4483 3225 6
4483 1531 6
4483 1742 9
4483 3719 4
4483 2537 8
4484 816 1
4484 4258 10
4484 1816 8
4485 631 8
4486 4583 10
4487 4482 9
4487 2194 3
4487 4025 6
4487 3675 1
4487 606 9
4488 829 6
4488 3454 8
4488 2872 8
4489 2158 5
4490 3945 8
4490 2033 1
4490 3787 2
4491 1530 7
4491 1012 3
4492 4074 4
4492 2588 5
4492 2248 7
4492 3609 6
4492 477 8
4493 652 9
4493 3966 7
4493 3173 7
4494 3486 2
4494 4621 3
4494 2857 9
4495 1419 8
4495 4617 6
4495 918 7
4496 3071 7
4496 2542 4
4496 3862 8
4496 3892 2
4496 1973 5
4497 1650 1
4497 1793 9
4497 1387 9
4497 4924 1
4497 676 9
4498 1941 9
4498 4673 7
4498 1519 10
4498 3138 5
4499 4931 7
4499 2417 6
4499 4403 7
4500 1347 3
4501 2119 6
4501 1485 4
4501 4275 7
4501 1589 1
4502 3306 3
4503 2925 5
4504 1168 1
4504 2124 6
4504 4088 1
4504 4728 5
4504 1402 7
4505 2287 6
4505 245 7
4505 4878 8
4505 1818 10
4505 4634 5
4506 3357 10
4507 25 5
4507 4513 6
4508 3160 3
4508 774 10
4508 4301 5
4508 4338 4
4508 4372 2
4509 127 1
4509 4106 6
4510 4691 9
4511 4336 3
4511 2086 6
4511 1550 8
4511 2640 3
4511 3215 1
4512 1703 7
4513 3810 7
4513 103 3
4514 1291 2
4515 2823 9
4515 3227 4
4515 4538 7
4515 1837 7
4516 4509 8
4517 2593 9
4517 365 4
4517 734 10
4518 3819 3
4518 872 7
4519 2862 5
4519 3359 5
4519 1506 9
4519 2802 1
4519 4931 2
4520 3577 6
4520 1900 8
4520 1858 2
4520 832 3
4520 4899 6
4521 155 5
4521 2580 6
4521 4857 1
4522 2998 8
4522 1112 9
4523 2452 8
4523 1705 10
4523 4357 10
4523 4081 10
4524 2147 1
4525 4361 9
4525 4088 8
4525 670 10
4525 4029 7
4525 4878 3
4526 4967 8
4527 4951 8
4528 4811 5
4529 3444 4
4529 4808 1
4529 80 2
4530 4074 9
4531 916 3
4531 2271 1
4532 4980 7
4532 2479 10
4532 262 3
4532 383 2
4532 4261 7
4533 2823 6
4533 3721 2
4534 1586 7
4535 1584 7
4536 836 9
4537 3121 8
4538 1427 9
4538 38 3
4538 2802 5
4538 4866 6
4538 2035 6
4539 1520 9
4540 4959 7
4540 3297 1
4540 138 4
4540 2077 9
4540 2452 5
4541 489 4
4541 2596 4
4542 861 6
4542 566 6
4542 737 10
4542 27 1
4542 3486 5
4543 886 10
4544 1638 10
4544 3622 9
4544 2357 10
4544 4563 6
4545 3316 2
4545 4588 7
4546 2453 6
4546 3068 5
4547 3016 10
4547 1363 9
4547 2122 4
4548 2718 1
4548 3701 5
4548 2013 4
4548 1085 5
4549 3483 5
4549 540 2
4550 3888 4
4550 2805 3
4551 2358 3
4551 251 4
4551 470 7
4552 2029 7
4552 3867 8
4552 975 8
4552 4816 3
4552 2717 9
4553 1920 10
4554 4569 3
4554 4653 10
4555 3829 4
4555 1337 5
4555 754 5
4556 1718 7
4557 3136 5
4557 938 1
4558 4234 4
4558 842 4
4559 4899 4
4560 553 4
4560 4710 10
4560 4012 5
4561 270 4
4561 697 3
4561 896 9
4561 166 5
4561 2533 5
4562 2737 7
4562 2551 6
4562 4736 5
4562 4202 5
4562 1729 1
4563 1914 2
4563 4629 9
4563 1716 1
4564 261 5
4564 2464 7
4564 4028 3
4564 2925 5
4565 4110 5
4565 3855 5
4565 4898 5
4565 77 7
4565 3837 5
4566 685 5
4566 4734 4
4566 2540 4
4566 1173 8
4567 4907 8
4567 3105 10
4568 2225 5
4569 1264 2
4569 534 7
4570 1607 2
4570 2909 10
4570 3919 2
4570 4903 7
4570 138 10
4571 3979 4
4571 4276 3
4571 1590 6
4572 2470 9
4573 434 1
4573 3406 6
4573 1086 9
4573 277 7
4574 1987 2
4574 3232 7
4575 131 4
4575 1824 5
4575 3572 3
4575 567 8
4576 4369 2
4576 3422 10
4576 4184 1
4577 1012 2
4577 3854 1
4577 4836 8
4577 566 10
4578 904 3
4578 1321 9
4578 995 9
4579 2697 5
4580 2875 7
4580 2273 4
4580 2426 5
4580 4400 7
4581 1903 5
4582 3587 9
4583 2978 10
4583 463 4
4583 2744 2
4583 2594 7
4584 3277 5
4585 1345 8
4585 1 4
4586 4078 7
4586 4297 1
4587 3440 10
4587 247 6
4587 2453 7
4588 3011 9
4589 1256 6
4589 3288 10
4589 1173 2
4589 2375 4
4590 1324 6
4590 2951 3
4590 3428 5
4591 2076 6
4591 755 4
4592 2260 7
4592 3444 5
4592 213 2
4592 3039 3
4593 3566 8
4594 4828 9
4594 1528 3
4594 2621 4
4594 246 4
4595 3059 6
4595 4010 2
4595 180 6
4595 4692 8
4596 462 9
4596 3589 9
4596 1759 7
4597 3847 1
4597 3185 3
4598 877 3
4598 532 4
4598 1980 4
4598 1017 9
4598 299 1
4599 730 9
4599 3406 1
4600 4855 2
4600 4438 2
4600 1700 3
4600 324 1
4600 145 10
4601 3530 4
4602 4102 1
4602 4401 10
4603 2061 2
4603 4841 6
4604 4958 4
4604 1363 10
4604 4617 10
4605 197 6
4605 1708 6
4605 166 6
4605 483 3
4606 4081 8
4606 4058 6
4606 3159 7
4606 4783 3
4607 362 10
4608 4272 6
4608 127 1
4608 331 6
4609 1342 10
4609 1841 4
4610 4369 7
4610 3884 2
4610 896 3
4610 4569 7
4611 1559 5
4611 3377 3
4611 4516 4
4611 4989 4
4611 2449 6
4612 1495 9
4612 2256 8
4612 1699 5
4613 944 4
4613 1263 9
4613 936 1
4613 4865 8
4613 2186 2
4614 4312 2
4614 4812 2
4614 2817 8
4614 2498 7
4614 1327 7
4615 2465 7
4616 2891 2
4616 1930 9
4617 3931 7
4617 1041 5
4617 4584 1
4618 2248 4
4618 127 4
4618 713 6
4618 77 6
4618 2798 2
4619 4881 2
4619 2998 4
4619 283 8
4619 3548 2
4620 4542 1
4620 1481 6
4621 1607 3
4621 2167 8
4622 3827 6
4622 546 7
4622 4345 9
4622 4817 1
4622 1453 5
4623 1317 8
4623 3113 4
4624 4012 5
4624 633 10
4624 3483 7
4624 2484 4
4624 2572 4
4625 4765 10
4625 2246 1
4625 4416 1
4625 1227 10
4626 2592 9
4626 2342 2
4626 4457 3
4627 2194 5
4627 1037 1
4628 3581 8
4628 1342 10
4628 2844 2
4629 5000 2
4629 4778 9
4629 4980 8
4629 896 10
4629 935 2
4630 360 4
4630 1106 7
4630 4039 2
4630 126 9
4630 2262 6
4631 3763 2
4632 1868 3
4632 3838 9
4632 1450 3
4632 123 1
4633 3068 7
4633 3094 1
4633 86 1
4633 1220 4
4634 1977 4
4634 4439 6
4635 1810 9
4636 3676 5
4636 3714 9
4636 4616 7
4636 2549 6
4637 1248 3
4637 281 3
4637 3860 7
4638 3489 2
4638 3627 5
4638 3405 4
4638 1919 4
4639 2409 2
4639 2641 10
4639 4494 1
4639 3297 5
4640 786 2
4640 3874 1
4640 3481 5
4641 558 8
4641 4758 3
4641 4142 9
4641 3465 7
4641 655 9
4642 4048 8
4642 1348 8
4642 1078 9
4642 734 9
4643 786 7
4643 98 8
4644 3307 3
4644 303 10
4645 4453 10
4645 3622 6
4645 1559 3
4645 4947 4
4645 1589 2
4646 913 2
4647 2533 3
4647 4068 4
4647 2520 6
4648 3192 4
4648 3750 2
4649 3054 1
4649 391 1
4650 2061 4
4650 3590 1
4650 654 4
4651 1802 4
4651 652 1
4651 3380 2
4651 4329 4
4651 4254 4
4652 3729 10
4652 4332 5
4653 3367 7
4654 4919 3
4654 3887 2
4654 2609 1
4654 435 8
4654 508 1
4655 4298 7
4655 4086 5
4656 3124 7
4657 132 10
4657 2736 3
4657 4624 6
4657 585 6
4658 2796 3
4658 2864 7
4658 2768 4
4658 4640 5
4658 4023 2
4659 2988 5
4659 1901 2
4660 1710 4
4660 4023 2
4660 4438 3
4660 1686 3
4661 2560 8
4662 4542 10
4662 259 1
4662 744 2
4663 99 5
4664 1593 1
4664 4659 4
4664 3334 8
4664 103 3
4664 965 3
4665 3882 2
4665 4499 10
4665 2787 4
4665 861 8
4666 2930 10
4667 2342 6
4667 4028 5
4667 2960 5
4667 1534 3
4667 4059 10
4668 4 9
4668 3643 4
4668 4340 7
4668 1091 5
4669 3878 5
4669 957 9
4669 1209 4
4669 719 10
4670 1835 6
4671 4832 10
4671 561 6
4671 1258 4
4671 1729 6
4672 1801 5
4672 3081 7
4673 3536 3
4673 1140 5
4673 4510 1
4673 3827 6
4674 4145 7
4675 280 5
4676 2579 6
4676 2747 9
4677 1945 4
4677 1779 2
4677 3341 8
4678 1882 8
4678 1249 6
4679 4616 8
4679 3223 9
4679 405 10
4680 2235 10
4680 1295 10
4681 2272 10
4681 707 3
4681 4461 8
4682 2634 4
4682 425 9
4682 1078 3
4683 4591 3
4683 2115 8
4683 2399 9
4684 1194 1
4684 595 1
4685 4589 1
4686 521 8
4686 2397 7
4686 3698 4
4686 2573 4
4686 555 3
4687 4458 3
4687 2914 2
4687 779 4
4687 1523 2
4688 3936 8
4688 1867 2
4688 3874 4
4689 4384 10
4689 1506 7
4690 2466 3
4690 4921 8
4691 2422 4
4692 3156 9
4692 1879 8
4692 731 1
4692 4454 6
4693 4421 7
4694 4613 1
4694 4956 4
4694 1612 3
4694 2101 9
4695 1639 1
4695 1567 1
4695 222 8
4695 4014 4
4696 893 5
4696 104 7
4697 722 6
4697 4051 1
4697 2800 9
4697 2651 8
4697 1921 7
4698 1895 10
4698 3235 3
4698 1705 6
4698 1715 6
4699 1288 4
4699 4984 6
4699 4421 10
4699 2572 3
4699 1938 7
4700 904 2
4700 4901 10
4701 1350 1
4702 19 10
4703 111 3
4703 4835 4
4703 4840 4
4704 2237 4
4705 1931 5
4706 1407 2
4707 553 10
4707 38 9
4708 4646 7
4709 4621 8
4709 977 5
4710 492 10
4710 462 7
4711 4920 3
4711 4043 9
4712 2186 7
4712 3769 4
4712 882 1
4713 3148 10
4713 4449 5
4714 3990 3
4714 1199 3
4715 3345 5
4715 2629 10
4716 174 5
4716 1815 9
4717 124 5
4717 4230 2
4717 2196 9
4717 1555 6
4718 282 2
4718 4924 3
4718 4816 5
4718 786 9
4719 1296 8
4719 4802 5
4720 882 7
4720 911 2
4720 322 8
4720 6 10
4721 648 7
4721 2706 2
4721 2934 3
4721 4662 3
4722 3738 5
4722 4944 9
4723 3632 10
4723 1784 10
4723 1073 4
4724 1558 10
4724 3643 5
4724 4619 7
4724 454 5
4724 2319 10
4725 2277 9
4726 4033 1
4726 2052 5
4726 770 7
4727 237 1
4727 1122 4
4727 4691 8
4728 4899 8
4728 4284 9
4728 673 6
4729 4230 6
4729 2450 1
4729 2250 8
4730 707 9
4731 279 2
4731 2672 10
4732 3723 5
4732 4557 4
4732 1269 10
4733 2860 9
4734 1880 1
4734 1512 3
4734 2158 3
4734 264 8
4734 652 9
4735 1743 4
4735 3546 5
4735 814 9
4735 2996 1
4736 61 6
4736 2563 6
4736 163 10
4737 2052 5
4738 2093 3
4738 4409 10
4738 3642 3
4738 1342 9
4738 2860 2
4739 2077 4
4739 3376 8
4739 399 4
4739 861 7
4739 414 7
4740 216 9
4740 2456 9
4740 796 2
4740 693 9
4741 663 10
4742 1939 10
4742 1765 2
4742 2742 5
4743 919 3
4743 4190 3
4743 4654 6
4744 3909 7
4744 3957 8
4744 4605 4
4745 993 2
4746 4765 8
4746 81 10
4746 1562 3
4747 2488 10
4747 1805 8
4747 4294 5
4747 4970 7
4747 1861 2
4748 3643 10
4749 987 9
4749 2324 10
4749 1783 4
4750 622 9
4751 608 6
4751 1152 7
4751 139 1
4751 2616 4
4751 4923 1
4752 899 3
4752 1209 6
4752 786 10
4753 910 2
4753 1448 5
4753 2335 6
4753 24 1
4754 914 3
4754 861 3
4754 4747 9
4755 1743 3
4755 1202 1
4755 2369 9
4756 4945 4
4757 1615 7
4757 121 3
4757 2103 5
4757 1370 6
4758 3838 3
4759 2299 4
4759 728 4
4759 4103 3
4759 719 10
4760 1466 9
4760 4718 3
4760 540 8
4761 1704 9
4761 3880 3
4761 260 10
4761 2170 3
4761 3118 8
4762 4411 10
4763 1268 3
4764 1634 4
4764 1267 8
4764 792 4
4764 669 7
4765 1438 5
4766 4201 7
4766 4121 8
4766 2456 7
4766 995 1
4766 4563 9
4767 4792 1
4767 3198 7
4767 3268 10
4768 4410 3
4768 240 1
4769 1175 9
4769 3032 5
4769 4866 7
4769 2877 10
4770 3559 9
4770 3567 1
4770 2561 10
4770 3963 7
4770 4671 8
4771 646 9
4771 841 7
4771 469 1
4772 2799 3
4772 4169 8
4773 1368 2
4774 3111 7
4774 3821 2
4775 435 10
4775 3816 4
4775 1376 6
4776 600 6
4777 4005 3
4777 4600 3
4778 3692 10
4778 2756 10
4779 2996 9
4779 4378 6
4779 4649 7
4780 1140 5
4780 2074 6
4780 1723 9
4780 2106 9
4780 384 3
4781 2074 7
4782 1720 10
4782 1374 8
4782 4790 10
4782 1530 6
4783 3538 2
4783 2321 2
4783 2700 1
4783 893 7
4783 1188 3
4784 4946 4
4785 2373 8
4785 103 9
4785 4510 8
4786 219 9
4786 75 10
4786 641 1
4786 2933 5
4786 4568 8
4787 76 4
4788 2080 7
4788 4046 8
4788 40 9
4788 1329 1
4789 2628 7
4790 2043 5
4790 1723 4
4790 4 5
4790 1982 6
4790 4621 9
4791 4945 9
4791 636 3
4792 3608 1
4792 1754 7
4793 765 7
4793 4692 8
4794 858 8
4794 1935 6
4795 2582 2
4795 4434 8
4795 1087 9
4796 3719 3
4796 2295 10
4796 1531 6
4796 4624 5
4796 4559 3
4797 2914 5
4797 155 6
4797 4763 1
4797 4740 7
4798 2246 2
4798 1195 10
4798 470 2
4798 609 2
4799 3447 4
4799 988 5
4799 2711 5
4799 3472 8
4799 4477 10
4800 3780 8
4800 3954 4
4800 388 6
4800 646 3
4800 1264 4
4801 108 2
4801 3297 10
4801 4429 7
4801 16 6
4801 4666 2
4802 3725 3
4802 3284 4
4802 830 3
4802 4316 1
4802 503 1
4803 683 9
4803 1100 1
4804 2124 10
4805 4876 2
4805 4553 4
4806 4088 9
4806 2053 4
4806 3197 4
4806 221 9
4807 4343 9
4808 489 2
4808 4250 8
4808 3698 6
4808 2809 4
4808 3448 10
4809 378 7
4809 4798 1
4809 2996 9
4810 1549 6
4810 4372 3
4810 1862 9
4810 1560 7
4810 917 7
4811 1320 1
4811 1273 4
4811 1372 1
4812 55 2
4813 4200 10
4813 4159 3
4813 1983 1
4813 3616 1
4814 1201 7
4814 1661 1
4815 359 5
4815 4884 10
4815 859 7
4816 3769 7
4816 4237 6
4816 4018 2
4816 2010 1
4817 3204 6
4817 3058 5
4817 704 3
4817 1990 9
4817 770 9
4818 4051 2
4818 3429 3
4818 4016 9
4819 3027 8
4820 1269 6
4820 650 4
4820 1124 6
4820 3122 8
4820 2734 2
4821 2048 2
4821 1394 7
4822 74 10
4822 2104 5
4822 1374 2
4822 4261 5
4823 3823 9
4823 3725 7
4823 1189 9
4823 3711 6
4823 2034 7
4824 4496 8
4824 3223 2
4824 3767 8
4824 4940 1
4825 969 3
4825 431 3
4825 4194 9
4825 3477 10
4826 1865 3
4827 1893 1
4827 1769 8
4827 684 3
4827 144 7
4828 4345 3
4828 2891 6
4828 1400 10
4829 123 5
4829 3200 7
4830 2561 6
4830 2076 10
4831 4096 2
4831 4787 5
4831 3533 2
4831 279 2
4831 5000 10
4832 4190 6
4833 2270 2
4833 1113 1
4833 755 10
4833 1742 8
4833 2659 6
4834 4108 4
4835 4283 2
4835 4785 8
4835 2352 1
4836 897 1
4836 3072 6
4836 420 5
4836 1285 2
4836 2724 5
4837 2788 1
4837 1483 8
4837 811 2
4837 1755 9
4838 4840 1
4838 1268 6
4838 4471 2
4838 4720 3
4838 4526 4
4839 3204 1
4839 685 1
4840 2401 5
4840 380 10
4840 1606 7
4840 2256 10
4840 3669 4
4841 4637 1
4841 4600 8
4842 1414 8
4842 2582 1
4842 1399 4
4842 4433 6
4843 337 2
4843 456 7
4843 1455 9
4843 413 5
4843 2065 2
4844 3487 10
4844 1793 10
4844 143 5
4845 4445 7
4845 2230 7
4845 216 9
4845 2772 2
4845 1639 2
4846 4461 4
4846 2297 4
4847 858 7
4847 1880 9
4848 148 3
4849 848 6
4849 4040 8
4849 2435 3
4849 3005 2
4849 2647 10
4850 2279 4
4850 4461 8
4850 4383 2
4850 586 6
4851 2358 8
4852 3943 1
4852 1130 2
4852 3440 8
4852 1698 10
4853 1707 2
4853 3919 9
4853 3248 9
4853 138 2
4854 424 10
4855 2665 10
4855 3387 10
4855 3099 3
4855 4589 2
4856 4493 9
4856 1246 8
4856 188 3
4857 2565 3
4857 568 5
4857 1898 10
4857 2875 4
4858 2397 3
4858 3819 9
4858 4608 8
4858 3515 8
4859 1781 7
4860 2031 5
4860 4945 6
4861 2707 8
4861 2144 8
4861 2814 2
4862 662 8
4862 3367 9
4863 601 3
4863 1259 7
4863 2091 8
4864 3324 2
4864 3496 2
4865 1118 5
4865 712 1
4865 62 4
4866 2568 10
4866 4090 3
4866 4015 7
4867 3559 9
4867 4604 10
4867 1488 4
4867 26 8
4867 3377 6
4868 3793 7
4868 4230 5
4869 4465 7
4870 4409 2
4870 1536 6
4870 2820 7
4870 4043 2
4870 2095 7
4871 4413 1
4872 2200 10
4872 2041 4
4872 247 4
4872 2775 4
4872 4030 2
4873 3113 5
4873 2994 1
4873 4390 6
4874 3896 3
4874 3254 8
4874 2022 5
4875 4695 3
4875 1859 7
4875 328 3
4875 1428 9
4875 1901 5
4876 1140 1
4876 3864 3
4876 3966 1
4876 2594 3
4876 557 1
4877 425 9
4877 4188 5
4877 4003 10
4877 16 3
4878 2322 5
4878 1448 7
4879 4064 10
4880 4508 10
4880 742 2
4880 1615 9
4881 4744 4
4882 2240 8
4882 3147 8
4882 330 8
4882 3880 4
4882 4189 1
4883 1730 2
4884 2454 1
4884 733 9
4884 3344 1
4884 1006 3
4884 4301 9
4885 4715 1
4885 340 8
4885 1007 6
4886 717 10
4886 4013 5
4886 3058 6
4886 4696 9
4887 2227 3
4887 2673 9
4887 4884 9
4887 238 4
4888 2328 2
4888 3610 2
4888 4670 6
4889 4814 9
4889 4020 9
4889 3750 2
4889 801 3
4890 1495 6
4890 2788 9
4890 2873 4
4890 361 2
4890 2862 6
4891 2320 9
4891 655 2
4891 1501 9
4891 216 8
4891 269 9
4892 144 1
4892 3633 6
4892 4740 5
4892 132 6
4893 3934 9
4893 2307 2
4893 2229 2
4893 2665 6
4893 1549 9
4894 3381 7
4894 4453 8
4894 4521 9
4895 4563 3
4895 1560 3
4895 1370 10
4896 3241 4
4896 3398 9
4896 2539 9
4896 1181 8
4897 3367 9
4897 3823 5
4897 1186 3
4897 3138 4
4898 4663 4
4899 3567 2
4899 3896 4
4899 3100 2
4899 60 7
4900 975 3
4901 3683 10
4902 4927 9
4902 2013 5
4902 3518 1
4902 1285 7
4903 4212 2
4904 722 6
4904 1122 7
4904 62 2
4905 1124 1
4905 1546 4
4905 2582 4
4905 4279 1
4905 1679 3
4906 1997 10
4906 3213 1
4906 4738 2
4906 2770 6
4906 4333 10
4907 4751 6
4907 3358 7
4907 4057 9
4908 3936 10
4908 2498 6
4908 4940 5
4908 4350 10
4908 1068 4
4909 3457 2
4909 2348 8
4909 2690 7
4909 259 2
4909 3950 10
4910 1522 8
4910 2488 10
4910 1900 2
4911 3247 10
4911 1899 10
4911 2542 8
4912 2167 2
4912 4001 3
4912 990 1
4912 4241 2
4912 3556 6
4913 4480 9
4914 554 7
4914 2395 4
4914 771 7
4914 127 1
4915 1285 10
4915 127 8
4915 1759 3
4916 2543 7
4917 1550 3
4917 3967 6
4918 2805 1
4918 4674 2
4918 1178 9
4919 2072 10
4919 4577 1
4919 1359 10
4919 4784 10
4919 358 6
4920 2342 8
4920 2510 1
4920 622 7
4921 354 3
4921 3235 6
4921 2407 1
4921 649 9
4922 999 4
4922 2934 4
4923 2518 8
4923 502 5
4923 1260 1
4923 4932 1
4924 2621 8
4924 124 9
4924 2725 2
4924 1820 10
4924 2275 6
4925 4974 4
4925 4498 3
4925 3957 1
4925 4720 4
4925 2051 3
4926 3027 4
4927 4779 10
4928 2225 10
4928 2188 8
4928 3701 5
4928 359 10
4928 337 10
4929 130 9
4929 496 4
4929 20 5
4929 3099 10
4929 2924 9
4930 4571 2
4930 4931 4
4930 3877 2
4931 1574 10
4932 4504 10
4932 2539 5
4932 4012 1
4933 4434 7
4933 4021 10
4933 108 6
4933 1227 6
4933 1676 8
4934 240 5
4934 4158 5
4934 3585 8
4934 634 10
4935 4925 4
4935 522 6
4935 4577 6
4935 1637 6
4935 1773 9
4936 3536 1
4936 1488 4
4936 2525 4
4936 1768 10
4936 1964 9
4937 2748 9
4937 2872 2
4938 4118 7
4938 2043 2
4939 95 5
4939 673 2
4939 3943 6
4939 1312 2
4939 4180 5
4940 2900 1
4940 3003 7
4941 4305 6
4941 2814 7
4941 1960 3
4941 4168 3
4942 1818 3
4943 3849 5
4943 380 5
4944 3881 3
4944 1406 9
4944 362 9
4944 1263 4
4945 3357 8
4946 697 6
4946 3941 5
4946 1572 4
4946 3620 6
4947 663 10
4947 4090 5
4947 793 9
4947 1297 10
4947 267 1
4948 522 8
4948 3585 1
4948 1324 4
4948 2778 8
4948 4475 7
4949 4171 7
4949 2344 6
4949 2909 9
4949 4074 9
4949 2052 1
4950 1978 5
4950 1286 3
4950 1186 6
4951 4874 8
4951 3964 9
4951 1459 9
4951 1162 1
4951 717 2
4952 3744 5
4952 3912 8
4953 1745 7
4953 2247 2
4953 3280 9
4954 2145 10
4955 3273 8
4955 750 6
4955 3582 7
4955 555 1
4956 956 10
4956 1765 7
4956 918 8
4957 1923 4
4957 1135 9
4958 773 6
4958 3872 1
4958 1360 5
4958 288 6
4959 932 10
4959 2504 6
4959 4857 8
4960 196 1
4960 1476 3
4960 4016 10
4961 3054 9
4961 324 9
4961 1024 6
4961 1773 3
4962 1021 9
4962 4833 4
4962 3880 9
4963 3784 4
4964 1310 10
4964 566 1
4964 709 10
4964 769 5
4965 3377 4
4965 328 2
4965 1200 9
4966 3347 9
4967 3124 4
4967 2807 7
4967 3284 9
4967 2386 3
4968 3216 2
4968 2090 9
4968 2167 4
4969 1132 8
4969 1753 7
4970 1632 1
4970 517 9
4970 196 8
4970 2684 10
4970 4073 9
4971 3785 3
4971 1863 1
4971 4544 2
4971 1007 8
4972 277 2
4972 2654 5
4972 2508 2
4973 4045 3
4973 3489 5
4973 495 9
4973 2914 5
4973 803 8
4974 2560 8
4974 952 6
4974 2561 9
4975 4097 4
4975 2916 9
4975 127 9
4975 2910 10
4976 1362 6
4976 4043 9
4976 2463 2
4976 3432 1
4977 3684 8
4978 1259 6
4979 1966 4
4979 4586 8
4979 4277 9
4979 1978 10
4980 72 5
4981 3472 9
4981 3362 5
4981 3274 5
4981 2746 7
4982 3152 10
4982 3888 5
4983 4419 7
4983 709 7
4983 4632 1
4983 4087 6
4984 1219 6
4984 4735 7
4984 3291 2
4985 2835 6
4985 349 4
4985 1763 8
4985 568 8
4985 298 2
4986 500 2
4986 4458 2
4986 1997 1
4986 1284 4
4986 1174 1
4987 496 4
4987 4033 10
4988 4980 4
4989 704 7
4989 1606 7
4989 4000 7
4990 2354 2
4990 447 8
4990 3885 8
4990 2985 4
4991 4809 10
4992 4268 10
4992 1888 2
4992 2697 2
4993 4425 8
4994 3533 4
4994 54 6
4994 1348 2
4994 3690 6
4995 3840 10
4995 1279 2
4995 4650 4
4996 280 1
4996 228 7
4996 1263 1
4997 3690 1
4997 3137 2
4997 3840 4
4997 2423 5
4998 3158 6
4998 2277 6
4998 1764 8
4999 2945 10
4999 4822 10
4999 4342 7
4999 4279 3
5000 2757 6
