5000 0 0 1
4858 2195 13
2195 2617 6
2617 848 19
848 2878 3
2878 639 12
639 4096 19
4096 769 9
769 4662 17
4662 236 13
236 2435 15
2435 2146 5
2146 4708 6
4708 4195 4
4195 3833 20
3833 4941 5
4941 246 10
246 1879 5
1879 2601 20
2601 4797 14
4797 3129 1
3129 472 9
472 2885 7
2885 4236 16
4236 4548 9
4548 18 6
18 3268 9
3268 2267 20
2267 1207 14
1207 2520 4
2520 4457 7
4457 4069 15
4069 4129 20
4129 4218 10
4218 882 10
882 152 5
152 3135 8
3135 3266 6
3266 1954 11
1954 3247 5
3247 598 10
598 2377 9
2377 293 14
293 1151 11
1151 336 16
336 4729 10
4729 2502 19
2502 3928 8
3928 3873 10
3873 2524 15
2524 3822 2
3822 2117 6
2117 406 11
406 4157 20
4157 737 8
737 1698 3
1698 1637 3
1637 1739 10
1739 844 1
844 1716 6
1716 33 16
33 792 10
792 3861 18
3861 1481 2
1481 1761 11
1761 4004 10
4004 4120 10
4120 3965 14
3965 2810 7
2810 4868 3
4868 3841 16
3841 667 18
667 3742 6
3742 3010 2
3010 3347 8
3347 3321 13
3321 2784 8
2784 2635 12
2635 1333 8
1333 3158 12
3158 1737 1
1737 3032 15
3032 3863 9
3863 2581 17
2581 254 19
254 2945 19
2945 4263 19
4263 2887 4
2887 2335 3
2335 2086 7
2086 2119 20
2119 3517 8
3517 3362 3
3362 1226 17
1226 1044 12
1044 1530 14
1530 542 1
542 4798 17
4798 2986 11
2986 1855 20
1855 3565 18
3565 1191 4
1191 3284 1
3284 4071 13
4071 3397 15
3397 245 15
245 2283 2
2283 2476 16
2476 164 15
164 4566 8
4566 512 8
512 1185 15
1185 3022 15
3022 1743 19
1743 313 13
313 92 3
92 1212 20
1212 3323 15
3323 3348 20
3348 1674 14
1674 842 16
842 1609 2
1609 3232 19
3232 4898 8
4898 2480 17
2480 4039 1
4039 1919 20
1919 2813 20
2813 3513 2
3513 4410 17
4410 3162 13
3162 2080 7
2080 1969 12
1969 1680 12
1680 2397 6
2397 1576 18
1576 1011 6
1011 2792 18
2792 3487 4
3487 1706 8
1706 4150 1
4150 1356 12
1356 4183 17
4183 1499 12
1499 1951 1
1951 3126 7
3126 800 16
800 2569 4
2569 4341 20
4341 1801 11
1801 3882 20
3882 2439 2
2439 1644 11
1644 1634 17
1634 1349 7
1349 2586 3
2586 2508 16
2508 423 12
423 3966 20
3966 1352 2
1352 4940 11
4940 4704 7
4704 1694 13
1694 4832 20
4832 1754 8
1754 1075 6
1075 2115 8
2115 4845 3
4845 4002 10
4002 4584 3
4584 944 20
944 1157 3
1157 4082 16
4082 2633 4
2633 2270 4
2270 1049 6
1049 2200 7
2200 310 1
310 3045 12
3045 1893 15
1893 698 16
698 2099 7
2099 331 11
331 3443 15
3443 1556 17
1556 3925 13
3925 1206 7
1206 4182 18
4182 4073 7
4073 2916 18
2916 3931 18
3931 2376 17
2376 4514 20
4514 1317 18
1317 425 1
425 2895 11
2895 3001 9
3001 483 6
483 1385 2
1385 2239 8
2239 3107 12
3107 3544 2
3544 3867 3
3867 2683 11
2683 4288 15
4288 1313 3
1313 4533 14
4533 4008 10
4008 4018 20
4018 3684 5
3684 4886 11
4886 445 1
445 4581 9
4581 2216 19
2216 4960 9
4960 2735 19
2735 612 15
612 303 2
303 4992 10
4992 3920 13
3920 3315 11
3315 804 17
804 3628 4
3628 232 12
232 2505 18
2505 4191 6
4191 3750 12
3750 1437 14
1437 121 13
121 1902 18
1902 2334 10
2334 2084 2
2084 244 20
244 3169 8
3169 2714 13
2714 3396 8
3396 4321 17
4321 1870 11
1870 455 13
455 3096 7
3096 491 16
491 3842 6
3842 1614 16
1614 725 7
725 2349 17
2349 4531 8
4531 2528 2
2528 582 13
582 2002 16
2002 3329 6
3329 3591 2
3591 577 8
577 2109 5
2109 3388 6
3388 1621 7
1621 2903 9
2903 2027 14
2027 1377 20
1377 4709 15
4709 1142 2
1142 4491 15
4491 1778 5
1778 1730 15
1730 3360 11
3360 1182 18
1182 858 17
858 12 17
12 4310 15
4310 4719 1
4719 1210 7
1210 591 12
591 1991 4
1991 454 9
454 2876 18
2876 161 1
161 1759 8
1759 3489 11
3489 1816 9
1816 1136 9
1136 4033 12
4033 4801 2
4801 3607 10
3607 4906 18
4906 330 20
330 860 13
860 492 12
492 4461 7
4461 304 9
304 220 16
220 4683 12
4683 3749 15
3749 963 11
963 2171 12
2171 4192 17
4192 269 17
269 834 4
834 4122 9
4122 2691 7
2691 896 2
896 1343 14
1343 3746 20
3746 4378 8
4378 60 6
60 3675 4
3675 674 10
674 2588 5
2588 2309 5
2309 2869 7
2869 1438 5
1438 2925 10
2925 3413 17
3413 2306 19
2306 4484 7
4484 840 13
840 4036 4
4036 52 4
52 1263 13
1263 1868 17
1868 2403 5
2403 3056 15
3056 4257 20
4257 2830 1
2830 1937 6
1937 3461 4
3461 370 18
370 2702 16
2702 2242 19
2242 847 10
847 2649 4
2649 3809 13
3809 1711 8
1711 3851 11
3851 1018 16
1018 731 15
731 1585 8
1585 3669 8
3669 2796 6
2796 207 18
207 4823 18
4823 3399 20
3399 3123 7
3123 3279 4
3279 4907 18
4907 884 9
884 1014 12
1014 255 12
255 3440 1
3440 1467 9
1467 3919 16
3919 3183 6
3183 479 17
479 1651 8
1651 1460 1
1460 1559 18
1559 2860 7
2860 4169 18
4169 533 16
533 2740 5
2740 2279 10
2279 391 11
391 4819 10
4819 474 10
474 4452 4
4452 4175 2
4175 4573 2
4573 4923 3
4923 4001 11
4001 3667 4
3667 1209 15
1209 448 5
448 4559 5
4559 1482 8
1482 2750 5
2750 2587 8
2587 4174 13
4174 1225 4
1225 4440 17
4440 1019 9
1019 3327 7
3327 4283 1
4283 4700 7
4700 1159 19
1159 3727 10
3727 4454 4
4454 4866 16
4866 1682 14
1682 4984 8
4984 4543 3
4543 2976 14
2976 3959 4
3959 4145 18
4145 555 18
555 3356 11
3356 1093 1
1093 3890 15
3890 154 9
154 2066 4
2066 1092 5
1092 4297 13
4297 4848 19
4848 3989 20
3989 4383 3
4383 2065 3
2065 926 6
926 1125 2
1125 3534 1
3534 178 1
178 1034 11
1034 2930 1
2930 4593 8
4593 2908 7
2908 2923 5
2923 3623 8
3623 2402 9
2402 2132 12
2132 3514 17
3514 4796 17
4796 3239 5
3239 1583 11
1583 4267 2
4267 1910 1
1910 3457 3
3457 4747 1
4747 4786 13
4786 318 15
318 691 18
691 2660 20
2660 3021 16
3021 2331 2
2331 2422 8
2422 4571 4
4571 2979 19
2979 4253 11
4253 1287 18
1287 4701 6
4701 1006 3
1006 4289 4
4289 3098 7
3098 3611 11
3611 4059 14
4059 830 9
830 1586 9
1586 1593 9
1593 3094 11
3094 969 2
969 1217 5
1217 586 1
586 1939 17
1939 3212 5
3212 457 17
457 4027 12
4027 4951 16
4951 877 5
877 192 12
192 2852 6
2852 2175 16
2175 4185 11
4185 1324 4
1324 1113 12
1113 2961 14
2961 4905 10
4905 4128 20
4128 4030 12
4030 4844 5
4844 816 1
816 2391 20
2391 1889 1
1889 3680 1
3680 3872 17
3872 3057 20
3057 4336 7
4336 459 20
459 2570 7
2570 4000 6
4000 3786 11
3786 2747 4
2747 3811 3
3811 43 3
43 1692 9
1692 2056 20
2056 2823 6
2823 4730 1
4730 2370 4
2370 4080 19
4080 2958 18
2958 579 5
579 629 4
629 4972 10
4972 1332 9
1332 1659 7
1659 1841 18
1841 2820 10
2820 1220 11
1220 1928 7
1928 3078 10
3078 1410 20
1410 1744 1
1744 2499 3
2499 1306 7
1306 4381 10
4381 2963 20
2963 2323 11
2323 3093 10
3093 497 16
497 468 19
468 1236 5
1236 4500 10
4500 2462 19
2462 980 16
980 3600 11
3600 1654 3
1654 1231 8
1231 1664 3
1664 3990 16
3990 3228 4
3228 382 9
382 258 2
258 4829 6
4829 3780 9
3780 4256 16
4256 752 8
752 4637 17
4637 2987 3
2987 4749 15
4749 3249 10
3249 1869 20
1869 4952 8
4952 484 3
484 3435 1
3435 2457 1
2457 180 13
180 2020 15
2020 2721 1
2721 3144 7
3144 724 6
724 4369 1
4369 1691 4
1691 4626 18
4626 1050 1
1050 2566 1
2566 4673 6
4673 2969 17
2969 1465 15
1465 3152 17
3152 1161 18
1161 2779 4
2779 1650 17
1650 273 8
273 2266 16
2266 1807 12
1807 139 9
139 375 11
375 2591 19
2591 3197 5
3197 563 18
563 13 18
13 694 7
694 1043 16
1043 1804 5
1804 2773 4
2773 243 18
243 922 15
922 1503 6
1503 1097 10
1097 3484 14
3484 4714 8
4714 3857 14
3857 1903 7
1903 4178 3
4178 3765 16
3765 4809 16
4809 4975 4
4975 2841 17
2841 1721 2
1721 3947 11
3947 4413 20
4413 4399 4
4399 4127 12
4127 3504 3
3504 4419 11
4419 4247 18
4247 2231 3
2231 1373 18
1373 2729 17
2729 1026 3
1026 2069 10
2069 736 3
736 1750 10
1750 3332 4
3332 1077 17
1077 1729 9
1729 1296 11
1296 1153 12
1153 1584 7
1584 1100 3
1100 361 1
361 237 14
237 3655 20
3655 1857 12
1857 4818 14
4818 1095 4
1095 3253 14
3253 3803 17
3803 4784 10
4784 3207 6
3207 3526 1
3526 4654 3
4654 3847 2
3847 4966 3
4966 3459 3
3459 4223 5
4223 299 4
299 1260 2
1260 4669 13
4669 3934 10
3934 2471 13
2471 3783 4
3783 4682 18
4682 3043 17
3043 3756 15
3756 590 10
590 2356 2
2356 1416 17
1416 859 2
859 2788 7
2788 3760 9
3760 2436 18
2436 560 3
560 4675 11
4675 4890 5
4890 4207 4
4207 655 2
655 1541 6
1541 334 11
334 1922 12
1922 1472 5
1472 2203 16
2203 3624 13
3624 2255 1
2255 2537 11
2537 1114 20
1114 401 16
401 2372 19
2372 4743 18
4743 3132 1
3132 2438 1
2438 2421 7
2421 4472 14
4472 3089 5
3089 3921 4
3921 128 1
128 947 15
947 2614 7
2614 2607 17
2607 3798 16
3798 4622 12
4622 995 5
995 3969 18
3969 414 13
414 2205 5
2205 1477 13
1477 2556 15
2556 4950 2
4950 1663 13
1663 2156 19
2156 1831 2
1831 906 8
906 1918 10
1918 3270 8
3270 3869 19
3869 3296 14
3296 4258 3
4258 536 8
536 4822 18
4822 4035 2
4035 172 12
172 341 13
341 1413 9
1413 1722 20
1722 2742 20
2742 2354 1
2354 102 17
102 4793 12
4793 593 15
593 4201 14
4201 3866 16
3866 228 12
228 3150 16
3150 4623 17
4623 996 18
996 4614 12
4614 795 10
795 2307 3
2307 88 15
88 2292 9
2292 4165 20
4165 3137 12
3137 197 16
197 688 12
688 875 5
875 2256 3
2256 3797 18
3797 3832 10
3832 3079 12
3079 6 17
6 3687 20
3687 2778 12
2778 2013 3
2013 1839 14
1839 2685 12
2685 399 16
399 259 17
259 3282 16
3282 263 9
263 81 9
81 903 8
903 3781 4
3781 69 12
69 221 10
221 2889 1
2889 3374 1
3374 4038 12
4038 3494 17
3494 3127 19
3127 2320 20
2320 1200 2
1200 4246 18
4246 2536 6
2536 4376 12
4376 1596 20
1596 4605 15
4605 1038 16
1038 3290 7
3290 4226 8
4226 1422 4
1422 3944 3
3944 3442 18
3442 2303 7
2303 3586 17
3586 4520 2
4520 38 2
38 4324 3
4324 4479 15
4479 4768 13
4768 4305 11
4305 624 16
624 4871 20
4871 1274 17
1274 1542 11
1542 1615 1
1615 4007 11
4007 2964 14
2964 2863 16
2863 3663 1
3663 2212 18
2212 3951 1
3951 1069 18
1069 592 16
592 4655 1
4655 3713 20
3713 4959 1
4959 3493 13
3493 2548 2
2548 663 2
663 2770 17
2770 1432 6
1432 226 17
226 4489 8
4489 4398 1
4398 4902 19
4902 1041 5
1041 4331 3
4331 1629 18
1629 416 14
416 2600 20
2600 1874 7
1874 2611 12
2611 4515 18
4515 2184 8
2184 1456 4
1456 2816 12
2816 62 10
62 557 15
557 1489 12
1489 4337 10
4337 4627 1
4627 3702 14
3702 4330 4
4330 4362 16
4362 3981 2
3981 2429 20
2429 3610 16
3610 2348 12
2348 3957 12
3957 4532 16
4532 4970 15
4970 890 15
890 2998 8
2998 3003 2
3003 2410 18
2410 4273 18
4273 934 2
934 3870 4
3870 2574 8
2574 4317 1
4317 4276 12
4276 3179 16
3179 2166 5
2166 892 4
892 1143 17
1143 2361 7
2361 2868 2
2868 4329 13
4329 4286 17
4286 1292 7
1292 1 12
1 1168 10
1168 3505 20
3505 3530 9
3530 133 18
133 1714 13
1714 3597 17
3597 2558 11
2558 137 7
137 412 7
412 523 4
523 4896 16
4896 1339 15
1339 4535 12
4535 2798 19
2798 4173 6
4173 2385 14
2385 4616 14
4616 4663 12
4663 2249 13
2249 2644 4
2644 1448 9
1448 4788 4
4788 4304 5
4304 3988 16
3988 4826 16
4826 446 1
446 2302 15
2302 3583 13
3583 430 11
430 1266 5
1266 1366 17
1366 4667 17
4667 1355 18
1355 3392 12
3392 4301 5
4301 3361 20
3361 1768 1
1768 4976 20
4976 3354 7
3354 2807 1
2807 1808 12
1808 945 10
945 111 6
111 1311 13
1311 4546 6
4546 2646 17
2646 869 16
869 2363 19
2363 2030 1
2030 4357 13
4357 2572 13
2572 4901 11
4901 1810 15
1810 3719 4
3719 3556 13
3556 1086 2
1086 3185 12
3185 3677 6
3677 4141 6
4141 3701 1
3701 4519 2
4519 3456 10
3456 2766 10
2766 3176 2
3176 2367 3
2367 2416 17
2416 994 11
994 2158 19
2158 3535 2
3535 1330 2
1330 2992 1
2992 4087 19
4087 2616 18
2616 1962 10
1962 4880 19
4880 4366 1
4366 4636 4
4636 1071 3
1071 1195 13
1195 2254 9
2254 3875 4
3875 1794 10
1794 1025 10
1025 1338 17
1338 1934 19
1934 4340 4
4340 3531 4
3531 4760 3
4760 2498 15
2498 1197 11
1197 634 12
634 3741 9
3741 1560 5
1560 196 11
196 990 14
990 2250 7
2250 1203 17
1203 857 17
857 3264 4
3264 2168 2
2168 4219 12
4219 1423 18
1423 1572 16
1572 1690 16
1690 562 9
562 4555 18
4555 4386 14
4386 4774 10
4774 4049 1
4049 954 18
954 2497 5
2497 615 2
615 1408 4
1408 420 1
420 3322 1
3322 1152 20
1152 4723 12
4723 1164 2
1164 364 18
364 480 13
480 1171 8
1171 2380 7
2380 129 8
129 2145 4
2145 3191 9
3191 4840 20
4840 2825 14
2825 2541 6
2541 1484 16
1484 832 8
832 2179 7
2179 4048 18
4048 3664 7
3664 2051 8
2051 2459 9
2459 943 15
943 1959 7
1959 764 14
764 1398 3
1398 1170 1
1170 942 9
942 1658 10
1658 104 6
104 4552 8
4552 3349 8
3349 2360 14
2360 3261 15
3261 3649 7
3649 569 10
569 4804 14
4804 1705 12
1705 4619 5
4619 31 18
31 4754 8
4754 1567 6
1567 442 12
442 2626 14
2626 4865 19
4865 389 12
389 3469 15
3469 3025 10
3025 283 8
283 2854 5
2854 4252 7
4252 4199 12
4199 205 4
205 4285 19
4285 721 5
721 1953 7
1953 3794 18
3794 467 18
467 1947 19
1947 1106 20
1106 3871 7
3871 2284 14
2284 805 20
805 2857 10
2857 1793 10
1793 14 10
14 868 6
868 2934 3
2934 1994 2
1994 1616 10
1616 222 13
222 1315 7
1315 1371 18
1371 3767 13
3767 3909 17
3909 2023 7
2023 4697 4
4697 3752 9
3752 3954 4
3954 1612 11
1612 1215 12
1215 4202 7
4202 2867 19
2867 1509 1
1509 2506 19
2506 4462 18
4462 4124 3
4124 3229 9
3229 3825 18
3825 970 17
970 396 16
396 526 18
526 686 17
686 461 11
461 3367 1
3367 4245 17
4245 1421 7
1421 2364 12
2364 4023 12
4023 599 2
599 376 5
376 3693 6
3693 4885 11
4885 1064 6
1064 2368 7
2368 1308 9
1308 248 4
248 4527 8
4527 1445 7
1445 1790 11
1790 3754 20
3754 4072 1
4072 4556 1
4556 3522 13
3522 316 7
316 4013 7
4013 300 13
300 4432 2
4432 356 9
356 4926 19
4926 3103 10
3103 3874 18
3874 874 12
874 4328 13
4328 3769 11
3769 3940 12
3940 1009 9
1009 4349 1
4349 1883 11
1883 241 7
241 3125 12
3125 2727 2
2727 3980 14
3980 3616 12
3616 4932 8
4932 2337 8
2337 4497 14
4497 900 15
900 1265 14
1265 3430 15
3430 4549 9
4549 2424 1
2424 1023 17
1023 115 5
115 2204 4
2204 706 11
706 2362 15
2362 3128 17
3128 4851 4
4851 4857 13
4857 2025 3
2025 3744 20
3744 3696 7
3696 2469 8
2469 4843 18
4843 1708 4
1708 3695 6
3695 23 11
23 4752 5
4752 1078 15
1078 4561 6
4561 4716 18
4716 4592 16
4592 540 1
540 661 16
661 912 5
912 2761 20
2761 2905 13
2905 4773 6
4773 3488 2
3488 1167 1
1167 1904 6
1904 377 6
377 1927 13
1927 1299 16
1299 4744 5
4744 3543 9
3543 1293 16
1293 3914 8
3914 1958 13
1958 3209 19
3209 2559 12
2559 4470 8
4470 4601 15
4601 2053 5
2053 3141 9
3141 927 15
927 1255 14
1255 4445 10
4445 1832 5
1832 3292 7
3292 4586 13
4586 4248 19
4248 782 4
782 1127 5
1127 1715 12
1715 4090 15
4090 1558 8
1558 3217 1
3217 2120 6
2120 815 6
815 1757 1
1757 3384 16
3384 79 14
79 4969 13
4969 4931 11
4931 2054 17
2054 1223 16
1223 509 8
509 1827 12
1827 3262 1
3262 3796 10
3796 4261 18
4261 4653 18
4653 3579 14
3579 2113 5
2113 1487 1
1487 138 20
138 1840 7
1840 4 10
4 1526 13
1526 2378 14
2378 3804 11
3804 234 1
234 1118 13
1118 3051 2
3051 4443 16
4443 606 5
606 1967 16
1967 3789 15
3789 4279 9
4279 1678 12
1678 872 20
872 2213 9
2213 3386 15
3386 2940 5
2940 2355 7
2355 323 11
323 4698 17
4698 1318 11
1318 1945 14
1945 4181 3
4181 190 3
190 3795 8
3795 2489 4
2489 4230 3
4230 1660 10
1660 620 6
620 4688 14
4688 4062 14
4062 100 18
100 3691 8
3691 3603 4
3603 2274 4
2274 3077 6
3077 3854 14
3854 3960 5
3960 1591 8
1591 3040 20
3040 280 2
280 4735 9
4735 4904 18
4904 321 6
321 3759 18
3759 2243 9
2243 2748 16
2748 605 18
605 1640 16
1640 2629 13
2629 3359 12
3359 2375 6
2375 476 1
476 1908 9
1908 2423 19
2423 3895 17
3895 4864 9
4864 1932 7
1932 29 20
29 1066 16
1066 3383 7
3383 2042 15
2042 3027 7
3027 3260 13
3260 1885 12
1885 4259 18
4259 4213 15
4213 3120 9
3120 352 13
352 4920 16
4920 348 11
348 264 13
264 2125 3
2125 1008 3
1008 2619 3
2619 407 16
407 966 15
966 4427 5
4427 2561 17
2561 1627 12
1627 499 15
499 397 12
397 1546 15
1546 2719 4
2719 3235 13
3235 2560 15
2560 216 10
216 902 12
902 1243 13
1243 2513 14
2513 3810 4
3810 2910 14
2910 2417 13
2417 913 9
913 2814 17
2814 4225 8
4225 2257 8
2257 2605 18
2605 1252 19
1252 3723 3
3723 4665 6
4665 777 13
777 3331 19
3331 628 2
628 3072 6
3072 2578 18
2578 4588 18
4588 974 6
974 4084 13
4084 2173 4
2173 2343 8
2343 3289 15
3289 1336 1
1336 594 8
594 2637 18
2637 4168 9
4168 3508 17
3508 1995 12
1995 4406 11
4406 1111 16
1111 1073 9
1073 3763 4
3763 57 7
57 1180 6
1180 917 4
917 658 3
658 888 3
888 3983 7
3983 3894 1
3894 2077 1
2077 1792 20
1792 3181 2
3181 4260 2
4260 464 17
464 106 16
106 4503 6
4503 224 2
224 4657 8
4657 4190 5
4190 2016 8
2016 3864 11
3864 1121 4
1121 3474 18
3474 1098 18
1098 2692 4
2692 3689 1
3689 524 17
524 3758 18
3758 350 7
350 3012 15
3012 2487 17
2487 547 4
547 80 7
80 4856 3
4856 4570 20
4570 2677 4
2677 1468 20
1468 3140 10
3140 1488 5
1488 3817 15
3817 1322 17
1322 4151 20
4151 4404 7
4404 1635 19
1635 1657 15
1657 1987 3
1987 833 17
833 4043 11
4043 4005 7
4005 1344 2
1344 2141 16
2141 1033 12
1033 3707 10
3707 915 16
915 3452 10
3452 2662 6
2662 823 20
823 371 11
371 2275 17
2275 3259 5
3259 4242 15
4242 4091 9
4091 37 3
37 183 18
183 2862 10
2862 82 16
82 2627 9
2627 2408 13
2408 4684 7
4684 1915 14
1915 1345 2
1345 1502 2
1502 4294 1
4294 3242 14
3242 1552 1
1552 4121 1
4121 3648 14
3648 695 20
695 3536 1
3536 2663 16
2663 1742 17
1742 3054 18
3054 4506 14
4506 2801 12
2801 4136 14
4136 1056 1
1056 1406 18
1406 34 13
34 1280 6
1280 2568 2
2568 2967 19
2967 147 8
147 1983 20
1983 1083 20
1083 4962 14
4962 4685 3
4685 1961 9
1961 2701 8
2701 3503 20
3503 530 10
530 1028 4
1028 2555 13
2555 4525 13
4525 3930 18
3930 2446 6
2446 3404 12
3404 660 17
660 4356 4
4356 836 9
836 776 17
776 4110 3
4110 3923 5
3923 1178 2
1178 49 3
49 2603 11
2603 4269 4
4269 3569 6
3569 1476 17
1476 1017 5
1017 1805 17
1805 3575 8
3575 3730 13
3730 4367 1
4367 2712 12
2712 1058 14
1058 2529 5
2529 3023 6
3023 2567 4
2567 160 19
160 2344 9
2344 984 3
984 948 3
948 4518 4
4518 2062 8
2062 4422 14
4422 1032 10
1032 3541 1
3541 3067 2
3067 3466 17
3466 2599 14
2599 799 8
799 648 6
648 368 19
368 1285 8
1285 3938 6
3938 3585 11
3585 2639 1
2639 1425 7
1425 2415 13
2415 4176 1
4176 1447 11
1447 165 12
165 3434 2
3434 4612 4
4612 363 10
363 3353 2
3353 1598 8
1598 2106 15
2106 3281 11
3281 1177 5
1177 388 17
388 4676 19
4676 3419 16
3419 865 14
865 3479 17
3479 4162 6
4162 439 2
439 2163 17
2163 252 12
252 516 3
516 387 7
387 4554 19
4554 1763 4
1763 3053 6
3053 3706 20
3706 4240 12
4240 1368 4
1368 1115 17
1115 889 17
889 1234 19
1234 3892 3
3892 618 10
618 1865 4
1865 1620 16
1620 2944 16
2944 1950 8
1950 41 4
41 1592 4
1592 2939 10
2939 693 1
693 2379 2
2379 163 5
163 427 16
427 2419 16
2419 132 10
132 2122 1
2122 4412 15
4412 519 4
519 2455 20
2455 4501 20
4501 3173 8
3173 2456 20
2456 4092 9
4092 2718 5
2718 1724 7
1724 4238 14
4238 4755 2
4755 4421 17
4421 4024 16
4024 4660 19
4660 3345 2
3345 3952 1
3952 1174 13
1174 3324 14
3324 3436 7
3436 4693 13
4693 4390 18
4390 4711 8
4711 2333 1
2333 4861 5
4861 4268 15
4268 748 9
748 1785 16
1785 850 13
850 4022 19
4022 1525 20
1525 3968 19
3968 730 1
730 3166 3
3166 142 18
142 1649 6
1649 2783 16
2783 417 2
417 3246 9
3246 959 12
959 367 1
367 4710 5
4710 1516 13
1516 3159 15
3159 973 4
973 760 20
760 1507 12
1507 3726 6
3726 1232 6
1232 2265 7
2265 2028 20
2028 4295 14
4295 1979 7
1979 141 4
141 4811 5
4811 2899 8
2899 4274 11
4274 4060 16
4060 3265 9
3265 3801 11
3801 4271 20
4271 2759 18
2759 3205 5
3205 68 14
68 532 10
532 1992 17
1992 1867 20
1867 462 2
462 3308 12
3308 4437 10
4437 177 20
177 2947 18
2947 3497 3
3497 2670 15
2670 4116 1
4116 424 17
424 2386 14
2386 1169 1
1169 646 6
646 2012 12
2012 1630 20
1630 3325 16
3325 2298 3
2298 3465 8
3465 2096 20
2096 3099 18
3099 4770 4
4770 2604 14
2604 2047 13
2047 789 13
789 4572 5
4572 4997 14
4997 4524 1
4524 3577 7
3577 2091 17
2091 4517 12
4517 3753 11
3753 1985 4
1985 3625 4
3625 2157 11
2157 2909 13
2909 2522 18
2522 806 6
806 2931 7
2931 3507 8
3507 654 14
654 3339 16
3339 90 20
90 4882 6
4882 4200 9
4200 2003 2
2003 3552 1
3552 1547 2
1547 4789 10
4789 478 16
478 3117 14
3117 4664 18
4664 3472 18
3472 3147 13
3147 1779 12
1779 2720 6
2720 39 3
39 758 10
758 2425 6
2425 2709 14
2709 3972 15
3972 4766 7
4766 3221 5
3221 3052 1
3052 546 2
546 3922 7
3922 4528 18
4528 4574 16
4574 2152 8
2152 4650 18
4650 475 4
475 1300 20
1300 1473 11
1473 3511 1
3511 3310 10
3310 3299 5
3299 4933 2
4933 3906 19
3906 4485 15
4485 1047 5
1047 3622 20
3622 4764 17
4764 3782 1
3782 919 16
919 4982 3
4982 2593 8
2593 2959 5
2959 3171 6
3171 1273 11
1273 73 12
73 3904 6
3904 2401 11
2401 4632 16
4632 4009 16
4009 887 8
887 4327 15
4327 1765 2
1765 2576 11
2576 257 4
257 3046 12
3046 2311 12
2311 3376 15
3376 4945 4
4945 2839 2
2839 1604 1
1604 1173 17
1173 1052 2
1052 2821 8
2821 1453 1
1453 4954 17
4954 2260 2
2260 4391 1
4391 2938 9
2938 1237 1
1237 4177 5
4177 4495 7
4495 4344 12
4344 1454 1
1454 1240 19
1240 4397 10
4397 3460 2
3460 3808 19
3808 1094 6
1094 2164 11
2164 4867 9
4867 3776 17
3776 202 4
202 3949 3
3949 1290 10
1290 2074 3
2074 2700 7
2700 2994 10
2994 4909 5
4909 2659 5
2659 3589 15
3589 1379 17
1379 3899 18
3899 1906 6
1906 1257 11
1257 1235 5
1235 4782 17
4782 4214 7
4214 3405 6
3405 1455 2
1455 1364 13
1364 3248 1
3248 3364 10
3364 1886 9
1886 413 14
413 4371 14
4371 746 10
746 772 10
772 2172 5
2172 1176 3
1176 3827 18
3827 230 11
230 1054 4
1054 2501 13
2501 4395 12
4395 4460 11
4460 223 18
223 3062 2
3062 4119 18
4119 4602 11
4602 616 2
616 3900 19
3900 4429 12
4429 418 13
418 4014 3
4014 3306 20
3306 2453 2
2453 3263 14
3263 4453 14
4453 3226 9
3226 1264 1
1264 1600 8
1600 2299 5
2299 2983 19
2983 2844 16
2844 4847 11
4847 3683 19
3683 1533 11
1533 2108 7
2108 4374 11
4374 3631 12
3631 2912 1
2912 3395 3
3395 4244 2
4244 373 1
373 1244 7
1244 1272 1
1272 2384 20
2384 2638 1
2638 3907 15
3907 1417 16
1417 1581 20
1581 4164 13
4164 763 1
763 4483 18
4483 2620 8
2620 5000 1
5000 1323 20
1323 3844 10
3844 3595 7
3595 709 7
709 42 17
42 4250 13
4250 1303 16
1303 797 11
797 2418 4
2418 4725 19
4725 1608 16
1608 1815 6
1815 4385 20
4385 1505 14
1505 1756 12
1756 328 10
328 3037 18
3037 4222 16
4222 697 6
697 3113 4
3113 2026 3
2026 4800 10
4800 296 10
296 4438 5
4438 3490 3
3490 3672 3
3672 2206 19
2206 4156 19
4156 1566 7
1566 2952 3
2952 762 6
762 4144 4
4144 4946 9
4946 535 11
535 4892 18
4892 2871 2
2871 3901 9
3901 3598 17
3598 1548 3
1548 595 3
595 3779 1
3779 1282 5
1282 1439 1
1439 4106 16
4106 3962 15
3962 3533 16
3533 2972 15
2972 2650 20
2650 1718 9
1718 2877 6
2877 3366 17
3366 3314 18
3314 2787 16
2787 477 2
477 1940 19
1940 2694 12
2694 4469 9
4469 1784 19
1784 2656 7
2656 1397 20
1397 166 20
166 2442 7
2442 3475 4
3475 2711 11
2711 1361 18
1361 2997 6
2997 2049 11
2049 2218 18
2218 3288 20
3288 4830 16
4830 2971 3
2971 538 19
538 2088 4
2088 4435 11
4435 437 16
437 1261 14
1261 450 18
450 4872 11
4872 880 9
880 2491 17
2491 4790 10
4790 4411 2
4411 2754 20
2754 527 10
527 3155 5
3155 4983 3
4983 2282 19
2282 3634 20
3634 290 13
290 1595 3
1595 3868 6
3868 2233 2
2233 3168 15
3168 1123 7
1123 3853 18
3853 4989 3
4989 2988 8
2988 3967 12
3967 4111 2
4111 3814 10
3814 471 10
471 1088 14
1088 669 5
669 2648 8
2648 1029 13
1029 2412 11
2412 3515 14
3515 1434 11
1434 570 15
570 3039 19
3039 156 2
156 40 3
40 1015 10
1015 3425 15
3425 609 9
609 601 9
601 262 19
262 319 3
319 2366 8
2366 4172 20
4172 2880 6
2880 3636 16
3636 1483 9
1483 3545 6
3545 1557 4
1557 2736 16
2736 3955 9
3955 4420 2
4420 2904 9
2904 4077 8
4077 3371 16
3371 3238 18
3238 2553 17
2553 1734 10
1734 3024 10
3024 1647 1
1647 3884 11
3884 2842 10
2842 2886 6
2886 4659 13
4659 2148 18
2148 4925 1
4925 4108 7
4108 1677 2
1677 3083 15
3083 3336 5
3336 4712 17
4712 3524 8
3524 325 6
325 2463 2
2463 101 15
101 2483 12
2483 2628 4
2628 2057 3
2057 1491 14
1491 2005 19
2005 1938 4
1938 4416 3
4416 3328 18
3328 2347 14
2347 642 10
642 2107 20
2107 400 18
400 1965 14
1965 2308 6
2308 500 5
500 4928 15
4928 148 18
148 3297 5
3297 2230 13
2230 291 14
291 4487 6
4487 775 20
775 1392 3
1392 647 5
647 4154 3
4154 2486 10
2486 3255 7
3255 1776 9
1776 2103 7
2103 3566 1
3566 4576 2
4576 1021 19
1021 306 14
306 3912 13
3912 1184 2
1184 1391 19
1391 754 1
754 3617 4
3617 1433 1
1433 4414 20
4414 891 5
891 1707 18
1707 4102 5
4102 36 19
36 716 4
716 4389 1
4389 4726 10
4726 1510 6
1510 381 5
381 3041 12
3041 3673 19
3673 3747 17
3747 1624 11
1624 949 8
949 144 4
144 1751 16
1751 2539 13
2539 168 6
168 4053 19
4053 2526 15
2526 1500 6
1500 4670 3
4670 4878 17
4878 4835 11
4835 3250 18
3250 4094 13
4094 4813 5
4813 1891 7
1891 4358 9
4358 1949 10
1949 550 14
550 4300 11
4300 3044 6
3044 4346 18
4346 1228 11
1228 3082 9
3082 1685 5
1685 1233 9
1233 604 14
604 673 16
673 3337 12
3337 3588 15
3588 2786 6
2786 1909 13
1909 2413 20
2413 440 15
440 4359 2
4359 1888 5
1888 3674 19
3674 756 11
756 861 5
861 2318 19
2318 380 10
380 4900 16
4900 1561 17
1561 1007 7
1007 2706 11
2706 332 18
332 1712 13
1712 2516 3
2516 4715 17
4715 4423 2
4423 3309 4
3309 3218 2
3218 3905 11
3905 2180 3
2180 1474 14
1474 2606 14
2606 3307 7
3307 4239 4
4239 2546 19
2546 801 20
801 1531 12
1531 1747 20
1747 566 5
566 1789 16
1789 2966 14
2966 623 18
623 3202 15
3202 9 17
9 1738 16
1738 3946 5
3946 1884 20
1884 4912 5
4912 2708 10
2708 3201 17
3201 3222 8
3222 3690 13
3690 3081 9
3081 1412 11
1412 2134 3
2134 4536 15
4536 4115 4
4115 3964 4
3964 489 13
489 1917 20
1917 3198 12
3198 581 9
581 1162 1
1162 1619 19
1619 347 4
347 1138 3
1138 583 15
583 4720 7
4720 2707 7
2707 2837 17
2837 941 6
941 3725 6
3725 4560 10
4560 131 20
131 3131 2
3131 2675 19
2675 4418 11
4418 696 17
696 641 7
641 3373 1
3373 4910 12
4910 2322 10
2322 971 2
971 2679 4
2679 2240 8
2240 3997 16
3997 4265 14
4265 1354 16
1354 2723 12
2723 1189 17
1189 4392 19
4392 488 17
488 1523 13
1523 1622 10
1622 3768 11
3768 2296 11
2296 1190 7
1190 460 7
460 4854 14
4854 2673 8
2673 3190 14
3190 2138 5
2138 2102 20
2102 3793 15
3793 4935 5
4935 4078 18
4078 1175 13
1175 3316 9
3316 4803 9
4803 3005 10
3005 960 20
960 2534 18
2534 1926 9
1926 342 3
342 1524 13
1524 621 4
621 1819 4
1819 4189 19
4189 2039 5
2039 831 7
831 3111 5
3111 1230 17
1230 3398 12
3398 3118 13
3118 2235 15
2235 681 7
681 354 16
354 3378 1
3378 4496 20
4496 3116 15
3116 3431 7
3431 1154 7
1154 3685 9
3685 4486 15
4486 2527 5
2527 287 15
287 1470 10
1470 2199 19
2199 2713 14
2713 2512 13
2512 1443 10
1443 2443 17
2443 3156 2
3156 1418 6
1418 4208 20
4208 3709 14
3709 271 19
271 1224 13
1224 3821 10
3821 1291 19
1291 4152 13
4152 3637 14
3637 3646 18
3646 3935 8
3935 2704 17
2704 1662 13
1662 2234 4
2234 4990 19
4990 53 16
53 1341 1
1341 2081 8
2081 1108 18
1108 4607 12
4607 76 8
76 124 12
124 1846 15
1846 4551 6
4551 2949 1
2949 1486 2
1486 4558 20
4558 770 1
770 1342 19
1342 2094 14
2094 645 20
645 2008 2
2008 2914 4
2914 3698 17
3698 3716 10
3716 3540 2
3540 3444 18
3444 1944 5
1944 4293 10
4293 4160 17
4160 4579 15
4579 4687 2
4687 1441 6
1441 812 10
812 2545 20
2545 3068 1
3068 285 14
285 3112 18
3112 2948 15
2948 2564 6
2564 3343 1
3343 2105 17
2105 2608 6
2608 727 7
727 496 2
496 4387 12
4387 2943 1
2943 893 15
893 3771 15
3771 3880 17
3880 3991 2
3991 3902 20
3902 2667 6
2667 1587 14
1587 2022 5
2022 260 16
260 1970 19
1970 1720 11
1720 2547 8
2547 675 18
675 2078 14
2078 4186 11
4186 958 12
958 2989 12
2989 4781 18
4781 3269 3
3269 2315 7
2315 2345 7
2345 74 16
74 2229 8
2229 3061 17
3061 1137 20
1137 1365 6
1365 3480 8
3480 4307 13
4307 1577 17
1577 549 5
549 1774 15
1774 3705 7
3705 584 3
584 297 14
297 4732 16
4732 2795 2
2795 1770 2
1770 1564 9
1564 1625 4
1625 4114 11
4114 4123 13
4123 2551 13
2551 2851 16
2851 3090 20
3090 1055 4
1055 83 6
83 4309 17
4309 2771 17
2771 2780 4
2780 225 15
225 2492 4
2492 4808 15
4808 2407 13
2407 4291 4
4291 95 11
95 2031 17
2031 4523 8
4523 1381 3
1381 1550 8
1550 4187 20
4187 3086 4
3086 3363 7
3363 1990 19
1990 643 11
643 2181 9
2181 1419 2
1419 4463 19
4463 1941 19
1941 4231 8
4231 2317 7
2317 521 12
521 3887 4
3887 339 16
339 3408 8
3408 4903 13
4903 4488 3
4488 3318 14
3318 2202 9
2202 1122 16
1122 2954 7
2954 1966 19
1966 2264 5
2264 3652 14
3652 4621 18
4621 854 6
854 3495 12
3495 1331 4
1331 2182 7
2182 4762 3
4762 4498 11
4498 1334 5
1334 97 20
97 4562 10
4562 24 11
24 820 13
820 4065 9
4065 997 11
997 458 6
458 4368 13
4368 1493 15
1493 2722 8
2722 3483 20
3483 4026 9
4026 2217 11
2217 4815 20
4815 2468 9
2468 4955 11
4955 564 2
564 965 2
965 302 14
302 3033 16
3033 753 2
753 3305 9
3305 1671 19
1671 976 16
976 4075 13
4075 961 6
961 1689 4
1689 2968 20
2968 3231 15
3231 1179 11
1179 274 12
274 78 17
78 281 1
281 4689 12
4689 803 5
803 1471 10
1471 999 16
999 4995 5
4995 162 8
162 2176 12
2176 1395 9
1395 897 7
897 3204 5
3204 1565 12
1565 3153 16
3153 4468 6
4468 4229 15
4229 837 7
837 2805 15
2805 790 17
790 3642 18
3642 294 8
294 879 14
879 3476 18
3476 3987 20
3987 3121 14
3121 1544 2
1544 1914 14
1914 3369 3
3369 794 2
794 3278 10
3278 3302 16
3302 4064 16
4064 4824 12
4824 2668 18
2668 1518 3
1518 3271 11
3271 4377 8
4377 145 11
145 3491 11
3491 1512 6
1512 4509 14
4509 289 6
289 3451 13
3451 2703 6
2703 517 11
517 1522 17
1522 2241 8
2241 8 10
8 3757 10
3757 1079 13
1079 435 13
435 3521 9
3521 35 9
35 3358 18
3358 1205 20
1205 611 15
611 3193 18
3193 411 6
411 1411 19
1411 3865 19
3865 2472 3
2472 1532 8
1532 3029 19
3029 3532 4
3532 783 5
783 451 4
451 3574 7
3574 383 20
383 502 6
502 2484 4
2484 4085 20
4085 374 8
374 153 1
153 3412 17
3412 185 17
185 1085 15
1085 56 4
56 529 6
529 4402 10
4402 2924 11
2924 2473 19
2473 3163 16
3163 4855 11
4855 20 8
20 2346 5
2346 3641 2
3641 116 7
116 2654 7
2654 4167 20
4167 1030 3
1030 3986 5
3986 3829 20
3829 2661 20
2661 5 12
5 4093 12
4093 864 2
864 4255 2
4255 1569 12
1569 3285 1
3285 3670 5
3670 2657 9
2657 3945 15
3945 4476 2
4476 1955 17
1955 4482 2
4482 515 20
515 2514 11
2514 2388 18
2388 447 19
447 2100 7
2100 657 2
657 4921 2
4921 2144 5
2144 428 11
428 4658 1
4658 3215 10
3215 2098 20
2098 3657 10
3657 957 11
957 1898 19
1898 3876 13
3876 1166 8
1166 1294 5
1294 2888 10
2888 2319 12
2319 4458 16
4458 2341 4
2341 2224 15
2224 1946 16
1946 2953 4
2953 2160 2
2160 935 15
935 2598 18
2598 1571 17
1571 3084 6
3084 433 12
433 4609 16
4609 2189 14
2189 649 14
649 2036 8
2036 1329 10
1329 2552 17
2552 4153 7
4153 4938 9
4938 4467 11
4467 2048 7
2048 950 8
950 3878 14
3878 3438 4
3438 3085 16
3085 1387 6
1387 2162 19
2162 587 7
587 3572 15
3572 3567 16
3567 983 5
983 4600 12
4600 253 3
253 2155 14
2155 3788 8
3788 3167 20
3167 3100 5
3100 559 14
559 1618 5
1618 4054 15
4054 617 3
617 2350 20
2350 2340 2
2340 680 14
680 1156 6
1156 4061 1
4061 2325 16
2325 2151 2
2151 4425 12
4425 2450 10
2450 4911 19
4911 2580 13
2580 2652 10
2652 1440 17
1440 3943 14
3943 814 17
814 4942 10
4942 672 2
672 284 10
284 4140 5
4140 1826 9
1826 2286 4
2286 3414 13
3414 4333 9
4333 2980 5
2980 2669 10
2669 2589 14
2589 2404 6
2404 3602 14
3602 1653 12
1653 2196 6
2196 4212 9
4212 3124 12
3124 215 15
215 4232 2
4232 2859 20
2859 4138 9
4138 4891 3
4891 2083 10
2083 3380 6
3380 936 5
936 4050 2
4050 1606 16
1606 4913 18
4913 2124 4
2124 627 18
627 3604 18
3604 1766 2
1766 2799 1
2799 4352 6
4352 3619 18
3619 322 2
322 3594 17
3594 3019 5
3019 107 11
107 4360 16
4360 4837 2
4837 3740 17
3740 4965 18
4965 2609 10
2609 1102 13
1102 4215 16
4215 4608 2
4608 3800 14
3800 2470 3
2470 4894 2
4894 431 15
431 125 7
125 1875 20
1875 1508 12
1508 873 9
873 3038 14
3038 286 18
286 541 16
541 4617 4
4617 2738 9
2738 2092 14
2092 3287 14
3287 1872 19
1872 3048 4
3048 2245 14
2245 1063 16
1063 3993 17
3993 785 13
785 3587 6
3587 2861 13
2861 3819 9
3819 1337 3
1337 4339 9
4339 1931 12
1931 622 2
622 1462 3
1462 1617 12
1617 3102 16
3102 3139 18
3139 2950 1
2950 3401 18
3401 415 5
415 3486 8
3486 3697 8
3697 3728 5
3728 2294 15
2294 1837 20
1837 1139 12
1139 2984 9
2984 2575 14
2575 4326 2
4326 841 10
841 3692 6
3692 4481 18
4481 1811 3
1811 3291 9
3291 2104 1
2104 4741 8
4741 3298 12
3298 1247 17
1247 1061 10
1061 817 5
817 429 4
429 3237 16
3237 525 9
525 256 12
256 3979 17
3979 1150 20
1150 349 5
349 1463 17
1463 3341 20
3341 798 3
798 2329 7
2329 143 10
143 470 20
470 1103 2
1103 2725 3
2725 3773 13
3773 720 10
720 4046 19
4046 4597 17
4597 1110 7
1110 3410 1
3410 723 3
723 4887 3
4887 3977 17
3977 4332 19
4332 2287 14
2287 1335 10
1335 2500 20
2500 2154 13
2154 3338 5
3338 2021 2
2021 4957 10
4957 938 20
938 3563 12
3563 4805 11
4805 3516 13
3516 786 10
786 819 14
819 3982 8
3982 3845 14
3845 2774 14
2774 3189 3
3189 4692 19
4692 1141 15
1141 2223 18
2223 1643 8
1643 3620 16
3620 4967 3
4967 3295 9
3295 1882 3
1882 2447 16
2447 3335 11
3335 4316 8
4316 135 12
135 4883 13
4883 1764 18
1764 27 12
27 2927 11
2927 3424 2
3424 2313 10
2313 3608 8
3608 473 19
473 1239 5
1239 4298 12
4298 4634 14
4634 664 17
664 2262 16
2262 2687 12
2687 3192 4
3192 329 1
329 1126 10
1126 1670 16
1670 4827 4
4827 2894 11
2894 1806 8
1806 3267 6
3267 901 5
901 2715 12
2715 2517 6
2517 1045 11
1045 4234 4
4234 3178 18
3178 2383 17
2383 2288 11
2288 1749 8
1749 4713 12
4713 4227 2
4227 2732 5
2732 4721 7
4721 2824 10
2824 4934 16
4934 3717 8
3717 982 15
982 2395 15
2395 1822 16
1822 4203 17
4203 826 6
826 1896 4
1896 3429 14
3429 2664 16
2664 3182 15
3182 1155 3
1155 1823 13
1823 1351 5
1351 4628 10
4628 4204 19
4204 109 1
109 2734 6
2734 4254 9
4254 187 9
187 2642 9
2642 4973 13
4973 2858 2
2858 3387 11
3387 596 6
596 1972 1
1972 4956 12
4956 2246 13
2246 4021 5
4021 2848 15
2848 2321 9
2321 755 4
755 503 12
503 4196 5
4196 2280 6
2280 4446 17
4446 1570 14
1570 3076 7
3076 506 1
506 1791 13
1791 4224 19
4224 2919 2
2919 4025 15
4025 3365 18
3365 3971 4
3971 886 9
886 4640 15
4640 3115 9
3115 952 2
952 4553 4
4553 270 3
270 3319 17
3319 2342 9
2342 452 13
452 4475 2
4475 4125 13
4125 2351 3
2351 3225 12
3225 4807 12
4807 108 15
108 2454 14
2454 4988 19
4988 632 2
632 2818 5
2818 1325 8
1325 967 8
967 2381 8
2381 438 17
438 4853 12
4853 4266 18
4266 2733 7
2733 2290 17
2290 2849 20
2849 1036 17
1036 978 3
978 3188 11
3188 4508 11
4508 4696 1
4696 2585 12
2585 2671 14
2671 4705 17
4705 1952 14
1952 568 8
568 498 18
498 4335 9
4335 1312 16
1312 2755 4
2755 1631 18
1631 1916 4
1916 1679 15
1679 4270 6
4270 4028 12
4028 422 7
422 2165 8
2165 2434 12
2434 1388 5
1388 324 6
324 3654 13
3654 1539 2
1539 4998 7
4998 3815 14
3815 2874 10
2874 2140 9
2140 659 4
659 4606 15
4606 1267 8
1267 4104 13
4104 3729 13
3729 4442 6
4442 939 19
939 2744 4
2744 749 7
749 2187 15
2187 2951 3
2951 4474 2
4474 77 6
77 4343 11
4343 501 6
501 2565 5
2565 2855 13
2855 4055 13
4055 227 7
227 827 9
827 678 14
678 1844 20
1844 4251 13
4251 4109 7
4109 2142 10
2142 1218 12
1218 366 6
366 2815 8
2815 1887 7
1887 2192 16
2192 4831 1
4831 734 13
734 4019 5
4019 829 14
829 4067 20
4067 1227 17
1227 1993 9
1993 2776 15
2776 3170 6
3170 3473 5
3473 4158 19
4158 203 18
203 3643 3
3643 1895 11
1895 3184 5
3184 2900 8
2900 2920 15
2920 1877 3
1877 182 2
182 1907 14
1907 2695 14
2695 4777 15
4777 2690 18
2690 2420 3
2420 2449 1
2449 2037 5
2037 1933 10
1933 1799 17
1799 3813 19
3813 4338 6
4338 436 6
436 3035 3
3035 2981 13
2981 4964 13
4964 4936 12
4936 1836 18
1836 2215 1
2215 4365 5
4365 487 6
487 3467 17
3467 3830 20
3830 4569 3
4569 3210 1
3210 4456 5
4456 3896 9
3896 4944 17
4944 3448 20
3448 3831 5
3831 1450 5
1450 1783 17
1783 637 14
637 4585 15
4585 3679 3
3679 3240 3
3240 4135 3
4135 2273 11
2273 2672 8
2672 914 17
914 2188 8
2188 4979 12
4979 175 2
175 4927 20
4927 507 19
507 4802 6
4802 3223 17
3223 4447 14
4447 17 15
17 1517 2
1517 2093 2
2093 4534 19
4534 2808 7
2808 3703 13
3703 4825 8
4825 1124 16
1124 4361 18
4361 1490 15
1490 1528 20
1528 1042 8
1042 206 19
206 3908 10
3908 4306 3
4306 3334 1
3334 1081 6
1081 4672 1
4672 395 16
395 2819 1
2819 2762 9
2762 1605 10
1605 2338 5
2338 4828 7
4828 3627 19
3627 2067 16
2067 4308 9
4308 712 17
712 3509 16
3509 1589 19
1589 4088 14
4088 1348 7
1348 3751 8
3751 1067 13
1067 1096 10
1096 2621 20
2621 4745 9
4745 2169 12
2169 1002 5
1002 1798 10
1798 4079 8
4079 4166 18
4166 2975 12
2975 1281 15
1281 385 20
385 4717 5
4717 610 12
610 3002 20
3002 4171 5
4171 1590 18
1590 3449 7
3449 3974 8
3974 4816 17
4816 1812 7
1812 1194 15
1194 3596 5
3596 2252 6
2252 3734 5
3734 4126 3
4126 4947 3
4947 3320 6
3320 4742 3
4742 2406 19
2406 2831 3
2831 1376 12
1376 2829 11
2829 3220 14
3220 1020 3
1020 910 7
910 2746 2
2746 2297 11
2297 2149 3
2149 2716 11
2716 4884 17
4884 1642 18
1642 2775 6
2775 3615 14
3615 4342 3
4342 2358 2
2358 4020 15
4020 3720 1
3720 4063 3
4063 1444 18
1444 4850 13
4850 2730 20
2730 1276 8
1276 1890 5
1890 548 1
548 738 17
738 3301 13
3301 4424 14
4424 3755 20
3755 3276 7
3276 4494 14
4494 571 5
571 3568 18
3568 701 1
701 666 6
666 3916 14
3916 481 5
481 4216 11
4216 2893 3
2893 3927 5
3927 4821 14
4821 105 12
105 4656 19
4656 4618 4
4618 4643 18
4643 4299 20
4299 3055 12
3055 4459 20
4459 1849 3
1849 3377 17
3377 1838 6
1838 956 15
956 365 12
365 1048 13
1048 1845 1
1845 4396 3
4396 110 19
110 3101 3
3101 3447 3
3447 4737 13
4737 1527 9
1527 4937 5
4937 3639 6
3639 3932 4
3932 2543 4
2543 545 11
545 21 8
21 3858 3
3858 1035 18
1035 3109 15
3109 1319 17
1319 4015 3
4015 1262 20
1262 3529 13
3529 4348 7
4348 1256 13
1256 1861 19
1861 59 2
59 2623 5
2623 4538 15
4538 1543 15
1543 3088 15
3088 4466 6
4466 167 16
167 3958 20
3958 4948 18
4948 1666 2
1666 4545 18
4545 372 11
372 3506 4
3506 3031 19
3031 1496 11
1496 3478 13
3478 2739 20
2739 1733 16
1733 2907 2
2907 883 4
883 808 10
808 558 5
558 1270 14
1270 272 20
272 4733 18
4733 3 19
3 158 11
158 4694 19
4694 3561 1
3561 2630 16
2630 402 14
402 4384 13
4384 1943 5
1943 1475 17
1475 2764 18
2764 210 12
210 4624 12
4624 3699 5
3699 652 6
652 3816 19
3816 338 3
338 1843 14
1843 1702 12
1702 320 18
320 1859 3
1859 4919 8
4919 4596 12
4596 1536 1
1536 3326 8
3326 1104 17
1104 862 9
862 1321 10
1321 726 17
726 1431 14
1431 3676 14
3676 796 6
796 4372 3
4372 1024 18
1024 1458 1
1458 1199 8
1199 441 5
441 1479 7
1479 4507 10
4507 3280 14
3280 2232 8
2232 3277 9
3277 2879 3
2879 2935 14
2935 2962 9
2962 2009 4
2009 2387 3
2387 3950 5
3950 4671 3
4671 1767 5
1767 838 9
838 3370 15
3370 1580 14
1580 434 5
434 1977 10
1977 3415 8
3415 2985 9
2985 2563 9
2563 3917 3
3917 703 14
703 3499 7
3499 4769 4
4769 3883 6
3883 1535 14
1535 250 9
250 3775 13
3775 3097 8
3097 1497 11
1497 217 4
217 3712 10
3712 3464 5
3464 3924 16
3924 242 20
242 45 8
45 4045 12
4045 443 17
443 2072 5
2072 1771 4
1771 1568 15
1568 2743 8
2743 2209 13
2209 2050 14
2050 2891 19
2891 807 9
807 2554 10
2554 1964 2
1964 1283 19
1283 4779 9
4779 4677 17
4677 2772 8
2772 528 18
528 4575 16
4575 1974 13
1974 765 12
765 4753 3
4753 1204 11
1204 3016 2
3016 2263 1
2263 682 18
682 4130 16
4130 1603 14
1603 1485 8
1485 1051 20
1051 3071 16
3071 393 1
393 2594 17
2594 787 4
787 640 17
640 668 11
668 3445 14
3445 4505 15
4505 3774 8
3774 3157 20
3157 2917 7
2917 2291 4
2291 1821 5
1821 3942 15
3942 1856 4
1856 2515 6
2515 4292 6
4292 2019 1
2019 351 3
351 2955 9
2955 275 7
275 2477 6
2477 2068 11
2068 4206 5
4206 4996 11
4996 3557 19
3557 2475 8
2475 2269 3
2269 212 15
212 2540 19
2540 3219 9
3219 1289 15
1289 2248 18
2248 2139 17
2139 1717 9
1717 3133 13
3133 1181 20
1181 463 9
463 1814 15
1814 3330 8
3330 2494 20
2494 1072 13
1072 1769 3
1769 1090 2
1090 3142 12
3142 744 8
744 881 16
881 3520 14
3520 931 15
931 4567 2
4567 4394 3
4394 1211 12
1211 2136 3
2136 2339 2
2339 1901 19
1901 2193 1
2193 3471 7
3471 1623 20
1623 1897 11
1897 923 11
923 4237 2
4237 2431 9
2431 1920 12
1920 4057 1
4057 2268 1
2268 1921 4
1921 2075 19
2075 2760 10
2760 1362 17
1362 1551 17
1551 3518 2
3518 3372 14
3372 3576 8
3576 1402 20
1402 1632 12
1632 1457 12
1457 86 9
86 3812 11
3812 200 1
200 3835 11
3835 2029 13
2029 4107 16
4107 4143 4
4143 1788 10
1788 924 2
924 1597 15
1597 3599 19
3599 4953 11
4953 3665 14
3665 3091 2
3091 3528 5
3528 3915 7
3915 1452 4
1452 1504 6
1504 1117 13
1117 3700 20
3700 3629 5
3629 4974 5
4974 4355 12
4355 4322 3
4322 989 20
989 3823 5
3823 3937 5
3937 2153 5
2153 4583 3
4583 1424 6
1424 360 18
360 2834 17
2834 4275 12
4275 745 8
745 4611 11
4611 2990 11
2990 4648 15
4648 3731 7
3731 1089 18
1089 1144 18
1144 4728 3
4728 2510 18
2510 2004 15
2004 4746 10
4746 1022 15
1022 1451 5
1451 2921 10
2921 2034 6
2034 3206 12
3206 2898 2
2898 2133 18
2133 2571 20
2571 44 9
44 3406 14
3406 4924 12
4924 4530 7
4530 3477 3
3477 1755 14
1755 4889 18
4889 2038 5
2038 1202 2
1202 3283 20
3283 1876 3
1876 1852 5
1852 3910 12
3910 4032 19
4032 3681 17
3681 3650 15
3650 1731 1
1731 2222 15
2222 410 14
410 3570 3
3570 122 9
122 3688 12
3688 2584 17
2584 554 13
554 2070 1
2070 631 16
631 3018 1
3018 3888 2
3888 3632 20
3632 2658 10
2658 3064 10
3064 1684 13
1684 3724 18
3724 635 13
635 3468 13
3468 2467 19
2467 2511 9
2511 3748 19
3748 741 14
741 1824 17
1824 1016 15
1016 4281 5
4281 1133 6
1133 4217 10
4217 505 13
505 1307 9
1307 4221 16
4221 1588 8
1588 3245 3
3245 2631 7
2631 3721 1
3721 4431 7
4431 2835 19
2835 1297 6
1297 2681 19
2681 2896 13
2896 233 3
233 1298 7
1298 3784 5
3784 1394 20
1394 3660 20
3660 2123 7
2123 561 14
561 4426 15
4426 4888 17
4888 3333 4
3333 3743 11
3743 3501 4
3501 3662 2
3662 1645 6
1645 3850 2
3850 3970 16
3970 2247 18
2247 3417 18
3417 419 13
419 2312 6
2312 683 9
683 3160 9
3160 315 15
315 4042 10
4042 514 4
514 4066 2
4066 1578 13
1578 4473 7
4473 3852 10
3852 1726 9
1726 1309 4
1309 2726 9
2726 2634 18
2634 1835 14
1835 2521 3
2521 2731 10
2731 2089 1
2089 1214 17
1214 4641 8
4641 1863 3
1863 4869 12
4869 4787 2
4787 1350 15
1350 276 11
276 87 5
87 3645 14
3645 2573 3
2573 3224 7
3224 1403 17
1403 3428 20
3428 403 19
403 50 3
50 3911 17
3911 4522 18
4522 1109 9
1109 4680 19
4680 2451 19
2451 247 13
247 3186 13
3186 3074 8
3074 3063 7
3063 4433 17
4433 3108 4
3108 774 17
774 3558 13
3558 3407 16
3407 689 13
689 4987 13
4987 2448 19
2448 3704 3
3704 4794 14
4794 3613 9
3613 1012 20
1012 4971 19
4971 4211 14
4211 4444 3
4444 4003 8
4003 1847 14
1847 2043 3
2043 4589 12
4589 2295 13
2295 3254 13
3254 3455 8
3455 2828 17
2828 485 12
485 1963 20
1963 1187 11
1187 4351 17
4351 2884 3
2884 3843 2
3843 2689 10
2689 4170 1
4170 1130 3
1130 1575 9
1575 213 1
213 4958 12
4958 4603 11
4603 189 11
189 1295 17
1295 1188 3
1188 2118 4
2118 968 14
968 4852 13
4852 904 17
904 186 11
186 2228 15
2228 788 9
788 3936 18
3936 3818 5
3818 155 11
155 4541 14
4541 130 17
130 2493 19
2493 1039 9
1039 3423 19
3423 311 1
311 85 13
85 2960 15
2960 1010 3
1010 2864 6
2864 1372 10
1372 3651 12
3651 4918 11
4918 4006 2
4006 1459 5
1459 1112 5
1112 855 19
855 209 18
209 3527 8
3527 4449 14
4449 2602 16
2602 1732 14
1732 2353 6
2353 4876 13
4876 733 2
733 2095 15
2095 3633 9
3633 2991 16
2991 1000 2
1000 2942 8
2942 4542 14
4542 928 19
928 1850 8
1850 2251 2
2251 3560 18
3560 3143 8
3143 575 2
575 4761 8
4761 4785 5
4785 1310 9
1310 4047 3
4047 1253 9
1253 3065 3
3065 3678 10
3678 986 3
986 3626 16
3626 1825 17
1825 1134 14
1134 955 3
955 1229 18
1229 4639 17
4639 4029 13
4029 4319 5
4319 771 19
771 4197 19
4197 3618 20
3618 10 19
10 3877 12
3877 3042 14
3042 1360 16
1360 4388 13
4388 3145 11
3145 3317 20
3317 2 10
2 3462 18
3462 4590 10
4590 3546 12
3546 809 18
809 2097 7
2097 2258 20
2258 1772 7
1772 2875 8
2875 2791 11
2791 65 12
65 1641 3
1641 713 12
713 1688 7
1688 265 4
265 3889 6
3889 781 2
781 4249 3
4249 1384 16
1384 1172 4
1172 1246 17
1246 3244 10
3244 2444 20
2444 2186 9
2186 292 14
292 2624 14
2624 1513 13
1513 4799 9
4799 317 16
317 504 7
504 1320 19
1320 2557 2
2557 3848 10
3848 1930 5
1930 4613 14
4613 2845 3
2845 853 11
853 1401 1
1401 288 17
288 1238 17
1238 585 17
585 802 20
802 3762 6
3762 149 11
149 1250 14
1250 835 13
835 3014 6
3014 3764 20
3764 3211 10
3211 932 14
932 4916 11
4916 2409 4
2409 878 15
878 2330 15
2330 2836 11
2836 1607 20
1607 3236 14
3236 421 11
421 3886 11
3886 1359 17
1359 3439 3
3439 4757 1
4757 1601 14
1601 1382 13
1382 1610 5
1610 2590 17
2590 84 8
84 1216 10
1216 2076 9
2076 1099 18
1099 113 7
113 344 2
344 4591 1
4591 759 5
759 735 18
735 3216 13
3216 4044 2
4044 821 10
821 3350 1
3350 404 19
404 4922 19
4922 3609 13
3609 4040 18
4040 4731 1
4731 2562 12
2562 2392 6
2392 556 17
556 398 15
398 2699 19
2699 3537 13
3537 2219 1
2219 3411 18
3411 4010 12
4010 2301 17
2301 2035 4
2035 1818 16
1818 1353 12
1353 921 1
921 1105 5
1105 3463 18
3463 3208 10
3208 2131 20
2131 2873 20
2873 630 19
630 1400 16
1400 1701 16
1701 1830 7
1830 218 5
218 305 8
305 2327 6
2327 314 19
314 2128 3
2128 3897 12
3897 1851 19
1851 981 12
981 1929 7
1929 301 16
301 625 8
625 551 2
551 3180 16
3180 2041 12
2041 2507 17
2507 4594 11
4594 4147 2
4147 1279 18
1279 495 11
495 3898 20
3898 449 2
449 3941 7
3941 614 12
614 4302 4
4302 1091 9
1091 308 1
308 2866 10
2866 656 18
656 3855 19
3855 711 17
711 214 2
214 1314 16
1314 4718 6
4718 91 8
91 469 12
469 2592 3
2592 3394 12
3394 3174 13
3174 26 10
26 2460 3
2460 1254 18
1254 3826 14
3826 705 7
705 2201 18
2201 993 14
993 2488 3
2488 779 5
779 1284 6
1284 3772 19
3772 1633 8
1633 2010 1
2010 1971 11
1971 2359 8
2359 1442 6
1442 2802 3
2802 3313 1
3313 1087 3
1087 112 12
112 198 14
198 1911 2
1911 1469 2
1469 3233 11
3233 3151 7
3151 4068 1
4068 4915 6
4915 534 13
534 4403 1
4403 2883 18
2883 2073 10
2073 2399 18
2399 2550 2
2550 54 19
54 4037 6
4037 885 2
885 1661 15
1661 4296 19
4296 4986 12
4986 3028 13
3028 358 4
358 99 15
99 3926 9
3926 1553 13
1553 3973 8
3973 1573 17
1573 1942 1
1942 1140 16
1140 2610 10
2610 4323 19
4323 3390 2
3390 1775 19
1775 4780 5
4780 510 3
510 2535 9
2535 2625 18
2625 3562 4
3562 1183 14
1183 2549 14
2549 3426 13
3426 739 11
739 2806 7
2806 3060 17
3060 553 19
553 4991 12
4991 3891 14
3891 2478 5
2478 2749 5
2749 1409 3
1409 2396 2
2396 3840 16
3840 4763 12
4763 3213 13
3213 700 1
700 1027 8
1027 3686 11
3686 4963 13
4963 2922 20
2922 1740 14
1740 4241 19
4241 4131 13
4131 1540 4
1540 1563 5
1563 824 14
824 235 16
235 4661 10
4661 3512 19
3512 2965 5
2965 3437 20
3437 1158 1
1158 684 3
684 1833 15
1833 4134 7
4134 4977 13
4977 676 8
676 1221 10
1221 2929 15
2929 747 11
747 576 13
576 866 15
866 4695 11
4695 4098 10
4098 1638 5
1638 4290 4
4290 3547 20
3547 2432 13
2432 2832 3
2832 3234 7
3234 4949 16
4949 3454 16
3454 3420 9
3420 992 10
992 2751 12
2751 266 2
266 2316 6
2316 1275 7
1275 2928 16
2928 4646 15
4646 1545 6
1545 2061 18
2061 4565 19
4565 710 2
710 3550 4
3550 1848 20
1848 136 8
136 940 4
940 1723 17
1723 4312 16
4312 1062 20
1062 580 8
580 2000 11
2000 1611 7
1611 589 16
589 11 13
11 4703 4
4703 3013 17
3013 1842 1
1842 4917 11
4917 3837 9
3837 4325 6
4325 909 2
909 2800 16
2800 3256 3
3256 4163 5
4163 1555 4
1555 574 9
574 3839 11
3839 766 16
766 3294 3
3294 379 9
379 1628 1
1628 1213 1
1213 3241 15
3241 4739 10
4739 2579 8
2579 2382 19
2382 4740 14
4740 3130 18
3130 1464 7
1464 849 13
849 537 8
537 3047 15
3047 4587 18
4587 2865 17
2865 4526 8
4526 1582 6
1582 2293 6
2293 1996 10
1996 4076 12
4076 3985 5
3985 4810 5
4810 3482 5
3482 2071 10
2071 2352 3
2352 4070 16
4070 2697 1
2697 4849 1
4849 1514 18
1514 1753 19
1753 4408 1
4408 894 3
894 4451 11
4451 2147 11
2147 123 14
123 4139 8
4139 2937 14
2937 2645 8
2645 4771 19
4771 4097 15
4097 1745 19
1745 3352 4
3352 2763 7
2763 1521 6
1521 1636 10
1636 907 20
907 1149 2
1149 150 14
150 4083 14
4083 278 19
278 4651 9
4651 4450 17
4450 1495 14
1495 4117 7
4117 93 15
93 3446 7
3446 4439 10
4439 1426 5
1426 4380 1
4380 707 9
707 3995 7
3995 4772 12
4772 2918 15
2918 3006 20
3006 2643 15
2643 2666 1
2666 1031 7
1031 3644 2
3644 3342 19
3342 211 9
211 1665 17
1665 2978 4
2978 2542 18
2542 2090 4
2090 3710 6
3710 946 20
946 3389 19
3389 3243 10
3243 3647 15
3647 2946 3
2946 3453 8
3453 89 19
89 4645 6
4645 1984 9
1984 51 8
51 4370 11
4370 4633 20
4633 2495 14
2495 4557 14
4557 2915 1
2915 4817 16
4817 1976 16
1976 2518 13
2518 1639 11
1639 811 6
811 3403 15
3403 3733 9
3733 2496 9
2496 4099 16
4099 2698 10
2698 2461 20
2461 4041 8
4041 3357 6
3357 494 9
494 761 9
761 3605 17
3605 4540 3
4540 1652 7
1652 1786 17
1786 3164 12
3164 1562 18
1562 4722 8
4722 784 11
784 1198 14
1198 3828 7
3828 4448 17
4448 3458 9
3458 4943 5
4943 3711 7
3711 140 4
140 4702 19
4702 4353 15
4353 930 10
930 3379 10
3379 3761 14
3761 2850 19
2850 2803 19
2803 118 7
118 1735 4
1735 4345 16
4345 267 9
267 3860 18
3860 2394 13
2394 522 13
522 405 4
405 607 10
607 409 16
409 4568 15
4568 2011 12
2011 2999 13
2999 2843 8
2843 2973 2
2973 3621 4
3621 2032 2
2032 75 10
75 4724 7
4724 208 16
208 2789 4
2789 4874 12
4874 2911 1
2911 3393 20
3393 4379 17
4379 4727 6
4727 2112 7
2112 4148 5
4148 2114 11
2114 2822 5
2822 2440 13
2440 4674 3
4674 1728 11
1728 1147 14
1147 2161 6
2161 4649 1
4649 3194 19
3194 3375 5
3375 134 9
134 4666 8
4666 2052 5
2052 851 19
851 2765 16
2765 2618 16
2618 2509 4
2509 201 3
201 2809 8
2809 3859 15
3859 4707 5
4707 2143 11
2143 2833 12
2833 444 18
444 4314 17
4314 2996 5
2996 4859 19
4859 679 4
679 2278 2
2278 2326 12
2326 2170 16
2170 1858 1
1858 2244 7
2244 4863 7
4863 3196 15
3196 2214 17
2214 572 8
572 4510 3
4510 899 5
899 1760 14
1760 4220 2
4220 1710 3
1710 3666 16
3666 2757 6
2757 708 19
708 1829 9
1829 3286 17
3286 653 12
653 4578 4
4578 4842 11
4842 3355 1
3355 3722 6
3722 2452 19
2452 4516 3
4516 2398 7
2398 856 15
856 3658 13
3658 3963 16
3963 369 6
369 3252 4
3252 4875 12
4875 199 9
199 2503 1
2503 4284 4
4284 3732 19
3732 2882 15
2882 4350 18
4350 1748 4
1748 3092 16
3092 2259 4
2259 4011 16
4011 1686 2
1686 508 3
508 4511 12
4511 1461 4
1461 4860 1
4860 2676 13
2676 4184 5
4184 2183 6
2183 1084 4
1084 30 16
30 1478 15
1478 4512 19
4512 4400 12
4400 918 1
918 2753 5
2753 2636 7
2636 2177 14
2177 863 18
863 1132 18
1132 4577 10
4577 70 2
70 2853 8
2853 3433 16
3433 4846 10
4846 2272 6
2272 4277 1
4277 2490 5
2490 1973 17
1973 19 6
19 768 12
768 4750 4
4750 1672 19
1672 1534 4
1534 1396 19
1396 3017 9
3017 1697 14
1697 2336 16
2336 4235 3
4235 3564 10
3564 4393 6
4393 4968 1
4968 4375 13
4375 3992 6
3992 2055 18
2055 1978 2
1978 2063 12
2063 384 9
384 3975 10
3975 2993 10
2993 2688 15
2688 151 12
151 4311 13
4311 911 8
911 2717 4
2717 4841 11
4841 1725 8
1725 4668 10
4668 846 18
846 4478 19
4478 3718 14
3718 1076 7
1076 1251 1
1251 920 6
920 1390 8
1390 1579 11
1579 279 5
279 2794 18
2794 3418 16
3418 1693 7
1693 3087 5
3087 1148 13
1148 951 1
951 1186 8
1186 3584 13
3584 4493 7
4493 1699 16
1699 362 18
362 778 10
778 3258 14
3258 2995 18
2995 793 14
793 4089 1
4089 773 18
773 3881 2
3881 2116 12
2116 191 18
191 4465 14
4465 4133 1
4133 2724 18
2724 3015 1
3015 987 6
987 791 10
791 3820 17
3820 2001 7
2001 337 5
337 636 7
636 1727 16
1727 613 15
613 3421 10
3421 3542 6
3542 1602 13
1602 4315 16
4315 742 10
742 3257 12
3257 2276 7
2276 3136 1
3136 2933 15
2933 2441 5
2441 2324 12
2324 4205 19
4205 1219 4
1219 2110 15
2110 4193 5
4193 3496 9
3496 1037 13
1037 4877 13
4877 3984 9
3984 2046 5
2046 4074 2
4074 4056 3
4056 2129 2
2129 1925 18
1925 3961 17
3961 3450 2
3450 4436 9
4436 4303 19
4303 96 7
96 2373 4
2373 3559 11
3559 3400 16
3400 2682 6
2682 3737 3
3737 3422 6
3422 1936 1
1936 871 16
871 2226 11
2226 184 14
184 3668 20
3668 194 17
194 3548 4
3548 4155 15
4155 1378 15
1378 1997 6
1997 4644 19
4644 1327 5
1327 4142 13
4142 2752 6
2752 3070 7
3070 1316 17
1316 905 11
905 3738 10
3738 3582 15
3582 1834 17
1834 4149 6
4149 638 9
638 1080 13
1080 2464 3
2464 1375 8
1375 1131 12
1131 3272 3
3272 4783 19
4783 1082 2
1082 1383 17
1383 2728 20
2728 4599 10
4599 4980 19
4980 2369 13
2369 1046 16
1046 2289 11
2289 2902 1
2902 1696 5
1696 1003 15
1003 972 8
972 4775 3
4775 1648 13
1648 2433 3
2433 962 7
962 2622 1
2622 1956 18
1956 3441 5
3441 1988 2
1988 3427 1
3427 4899 6
4899 4999 13
4999 898 16
898 3106 5
3106 2044 10
2044 4939 12
4939 2481 2
2481 2185 6
2185 340 1
340 2458 10
2458 671 17
671 1259 13
1259 1340 5
1340 4282 14
4282 839 2
839 2271 19
2271 719 8
719 991 14
991 702 20
702 4409 18
4409 4313 1
4313 482 15
482 2956 19
2956 2782 8
2782 979 4
979 343 7
343 2485 9
2485 1681 11
1681 2596 12
2596 2817 15
2817 4382 5
4382 3606 10
3606 2678 18
2678 4985 3
4985 312 8
312 2126 5
2126 1709 12
1709 2238 14
2238 2277 16
2277 4544 18
4544 3492 15
3492 1752 2
1752 3999 4
3999 4838 10
4838 1241 15
1241 3739 6
3739 4280 5
4280 3630 14
3630 751 1
751 4981 5
4981 2300 9
2300 2411 15
2411 565 9
565 486 5
486 4738 3
4738 3368 8
3368 2982 20
2982 3498 3
3498 1549 17
1549 3004 10
3004 1278 3
1278 3149 4
3149 1013 11
1013 309 18
309 544 2
544 231 10
231 2006 15
2006 4873 15
4873 670 7
670 1369 15
1369 3011 14
3011 2211 14
2211 3510 17
3510 2812 7
2812 4961 5
4961 3792 19
3792 813 16
813 4635 15
4635 1258 7
1258 3671 16
3671 2135 6
2135 3846 2
3846 3614 2
3614 3382 16
3382 3659 1
3659 3502 12
3502 2474 1
2474 1145 10
1145 3592 8
3592 4132 8
4132 2890 12
2890 3034 1
3034 1328 3
1328 64 1
64 2111 17
2111 239 9
239 3391 18
3391 3200 6
3200 1193 7
1193 4159 6
4159 4471 10
4471 193 4
193 1800 9
1800 1923 15
1923 355 18
355 4521 1
4521 394 1
394 4615 15
4615 4580 5
4580 1762 14
1762 2612 15
2612 1809 13
1809 1892 19
1892 408 11
408 195 4
195 1128 16
1128 3485 1
3485 176 10
176 3578 1
3578 4833 2
4833 2220 15
2220 2710 8
2710 1820 15
1820 2221 14
2221 4681 19
4681 1374 13
1374 1998 13
1998 2085 19
2085 2970 4
2970 3824 13
3824 867 1
867 4758 3
4758 1498 20
1498 2595 1
2595 1817 20
1817 4814 10
4814 4806 13
4806 3539 16
3539 229 1
229 1277 10
1277 4354 18
4354 2167 14
2167 2523 4
2523 1912 7
1912 3805 3
3805 3409 20
3409 845 6
845 4529 1
4529 4428 15
4428 3571 12
3571 1777 16
1777 4812 2
4812 22 6
22 3735 7
3735 578 3
578 4550 11
4550 977 7
977 4480 15
4480 3026 20
3026 1192 11
1192 3836 4
3836 3978 10
3978 3303 14
3303 2064 15
2064 4839 15
4839 345 10
345 3885 5
3885 2525 2
2525 2615 16
2615 4751 11
4751 718 2
718 602 14
602 2389 15
2389 2314 1
2314 4052 10
4052 626 14
626 1208 6
1208 2653 20
2653 2632 11
2632 1780 8
1780 1813 19
1813 2007 15
2007 15 14
15 1675 2
1675 3519 16
3519 1968 6
1968 1429 20
1429 117 12
117 687 11
687 4031 6
4031 4582 15
4582 1480 11
1480 1492 16
1492 2040 10
2040 1404 15
1404 4598 2
4598 728 12
728 493 15
493 146 11
146 3791 6
3791 1854 1
1854 767 11
767 2640 3
2640 3105 10
3105 2613 11
2613 1913 2
1913 3110 18
3110 2198 10
2198 2785 7
2785 466 14
466 3953 13
3953 3036 18
3036 1357 16
1357 346 4
346 4563 5
4563 4930 2
4930 3551 8
3551 3640 12
3640 2357 9
2357 1286 13
1286 2060 12
2060 3996 7
3996 4631 2
4631 2847 10
2847 2538 9
2538 4364 4
4364 3470 8
3470 3066 17
3066 2253 18
2253 1245 2
1245 1655 20
1655 1676 9
1676 1795 14
1795 71 8
71 1773 2
1773 740 11
740 3175 6
3175 1736 9
1736 1129 20
1129 1358 13
1358 2680 14
2680 2237 8
2237 4897 3
4897 1980 14
1980 2926 1
2926 1305 18
1305 1538 6
1538 3138 16
3138 1986 14
1986 2261 7
2261 2130 19
2130 985 12
985 3069 13
3069 1700 6
1700 1529 9
1529 3146 5
3146 665 3
665 757 15
757 2174 13
2174 3214 5
3214 251 1
251 2544 12
2544 169 16
169 2781 17
2781 61 8
61 608 15
608 3834 16
3834 1871 5
1871 3998 20
3998 204 15
204 335 4
335 2651 16
2651 1741 1
1741 2017 3
2017 4490 19
4490 1878 13
1878 4547 11
4547 4161 6
4161 4499 11
4499 2018 8
2018 3385 7
3385 998 10
998 750 2
750 1065 7
1065 975 14
975 327 11
327 3227 17
3227 2793 13
2793 3555 11
3555 876 9
876 597 17
597 1981 18
1981 4455 9
4455 3340 16
3340 3856 11
3856 3715 1
3715 3593 1
3593 1797 8
1797 2804 17
2804 3766 19
3766 1160 2
1160 249 10
249 1519 20
1519 326 14
326 4034 8
4034 3661 5
3661 2482 2
2482 1346 17
1346 1713 18
1713 552 16
552 490 5
490 2533 8
2533 825 5
825 2033 17
2033 3416 13
3416 181 19
181 1271 9
1271 333 6
333 4652 18
4652 1004 1
1004 3177 5
3177 3114 18
3114 3293 7
3293 1781 5
1781 159 1
159 386 19
386 513 10
513 1057 10
1057 1626 8
1626 2913 11
2913 4017 2
4017 3050 20
3050 1554 13
1554 3351 20
3351 843 16
843 3918 17
3918 953 18
953 2479 12
2479 4264 12
4264 2906 12
2906 2428 18
2428 25 8
25 3976 18
3976 1656 16
1656 2872 20
2872 2977 12
2977 1669 15
1669 3008 13
3008 2838 6
2838 1165 12
1165 3104 7
3104 3939 18
3939 651 4
651 157 15
157 4686 7
4686 2840 4
2840 3300 11
3300 1446 20
1446 1248 5
1248 4179 20
4179 1828 14
1828 810 18
810 2332 12
2332 2190 7
2190 2405 3
2405 1802 16
1802 1449 9
1449 3807 16
3807 4194 14
4194 4513 4
4513 520 10
520 4836 12
4836 4051 15
4051 2741 8
2741 4994 7
4994 4820 13
4820 4401 7
4401 3913 20
3913 295 4
295 58 13
58 603 20
603 3802 1
3802 4278 15
4278 3080 16
3080 1116 17
1116 3601 11
3601 4434 18
4434 1222 5
1222 3172 20
3172 2582 3
2582 3778 11
3778 1894 11
1894 2225 6
2225 4146 14
4146 650 16
650 2936 12
2936 722 18
722 3849 20
3849 1574 1
1574 1326 9
1326 3790 19
3790 1703 16
1703 3203 1
3203 925 11
925 4320 10
4320 1415 1
1415 2328 9
2328 119 9
119 2583 4
2583 2400 12
2400 2310 7
2310 4417 15
4417 1119 11
1119 3312 7
3312 699 2
699 1982 7
1982 3304 3
3304 3059 13
3059 1957 12
1957 3777 5
3777 4058 4
4058 4477 5
4477 4243 2
4243 277 19
277 4647 9
4647 4908 18
4908 2504 13
2504 511 10
511 1683 10
1683 3682 20
3682 3481 17
3481 3799 5
3799 4016 15
4016 1163 4
1163 1370 16
1370 3273 13
3273 4373 8
4373 2304 20
2304 933 13
933 690 15
690 715 6
715 219 8
219 4620 2
4620 4415 7
4415 1935 4
1935 1511 14
1511 1428 17
1428 94 1
94 1427 16
1427 2768 3
2768 685 14
685 114 7
114 2597 3
2597 2371 10
2371 432 1
432 3122 1
3122 3195 15
3195 1853 7
1853 2826 20
2826 4834 3
4834 2532 1
2532 895 5
895 1389 6
1389 170 6
170 2178 8
2178 4862 5
4862 2647 16
2647 4756 1
4756 378 5
378 3893 7
3893 729 12
729 937 14
937 390 1
390 1746 20
1746 4012 18
4012 4209 16
4209 929 5
929 2758 12
2758 3581 8
3581 4736 1
4736 3030 13
3030 1668 14
1668 4210 14
4210 426 19
426 1599 16
1599 4334 3
4334 3230 15
3230 3948 1
3948 2881 16
2881 2208 13
2208 4993 15
4993 1466 19
1466 1999 20
1999 2797 4
2797 4564 8
4564 1537 16
1537 3020 16
3020 2159 11
2159 4795 11
4795 1646 3
1646 3879 14
3879 2856 5
2856 1146 15
1146 2901 8
2901 1399 15
1399 1405 2
1405 2974 17
2974 2079 20
2079 3656 20
3656 3694 11
3694 3770 8
3770 298 20
298 1948 10
1948 1494 5
1494 4272 10
4272 2374 14
2374 3134 16
3134 743 2
743 2101 8
2101 2941 6
2941 2024 6
2024 4691 11
4691 3311 11
3311 4233 19
4233 1924 3
1924 3500 11
3500 2445 17
2445 4638 16
4638 1673 9
1673 2014 5
2014 4464 20
4464 3785 12
3785 3251 6
3251 2427 4
2427 1393 19
1393 732 9
732 2137 10
2137 4604 17
4604 3554 6
3554 2058 2
2058 1367 4
1367 4502 14
4502 964 1
964 2705 14
2705 1613 7
1613 2150 6
2150 28 8
28 63 9
63 4539 6
4539 4180 5
4180 1862 7
1862 717 18
717 1304 6
1304 1704 10
1704 662 15
662 2236 18
2236 1040 2
1040 1975 16
1975 1900 9
1900 3119 1
3119 171 5
171 188 4
188 2207 19
2207 828 19
828 46 20
46 4407 17
4407 4678 15
4678 1001 9
1001 543 15
543 4778 11
4778 3806 16
3806 1866 13
1866 1787 15
1787 1242 11
1242 4748 17
4748 818 7
818 3612 8
3612 2015 13
2015 179 15
179 780 17
780 2365 15
2365 357 5
357 66 8
66 3161 14
3161 2305 18
2305 4118 18
4118 2846 5
2846 2870 3
2870 1881 19
1881 3007 2
3007 4759 13
4759 4690 4
4690 4430 9
4430 120 2
120 4504 12
4504 2426 19
2426 531 16
531 1864 14
1864 1249 4
1249 3838 3
3838 567 16
567 2281 8
2281 2674 8
2674 456 2
456 4929 19
4929 4188 5
4188 2531 15
2531 72 18
72 3956 13
3956 1005 18
1005 1135 5
1135 4137 5
4137 3058 7
3058 2767 5
2767 1905 14
1905 2197 12
2197 2393 7
2393 2811 17
2811 1074 20
1074 588 11
588 3432 1
3432 4870 10
4870 4629 13
4629 3638 7
3638 4765 10
4765 1107 18
1107 32 1
32 1301 13
1301 127 1
127 2437 8
2437 3525 8
3525 4228 12
4228 173 11
173 3708 18
3708 704 18
704 3344 16
3344 4363 10
4363 2414 11
2414 282 20
282 1860 13
1860 1719 1
1719 3573 14
3573 852 7
852 4595 19
4595 3274 18
3274 3199 18
3199 4610 18
4610 2790 6
2790 518 16
518 1120 14
1120 1053 4
1053 573 3
573 1070 7
1070 1796 16
1796 4679 6
4679 1880 13
1880 1515 1
1515 2191 17
2191 261 4
261 3523 13
3523 2519 12
2519 3736 7
3736 4630 14
4630 4198 6
4198 3073 4
3073 3787 14
3787 3000 1
3000 2769 1
2769 2285 20
2285 4081 18
4081 4706 12
4706 1060 18
1060 1347 16
1347 1758 3
1758 2827 13
2827 2686 8
2686 1068 9
1068 633 10
633 3009 5
3009 4895 11
4895 4881 6
4881 3994 13
3994 1506 16
1506 238 12
238 1201 5
1201 4792 4
4792 4767 19
4767 307 20
307 2530 14
2530 4893 7
4893 1302 5
1302 3580 8
3580 4112 17
4112 3075 13
3075 4492 13
4492 103 7
103 1873 14
1873 714 15
714 2684 2
2684 2577 19
2577 539 19
539 692 14
692 1960 19
1960 3187 3
3187 916 7
916 2892 4
2892 16 8
16 1407 20
1407 3049 6
3049 3553 18
3553 98 12
98 4625 10
4625 1420 3
1420 988 5
988 1594 16
1594 3148 18
3148 268 8
268 3635 15
3635 1695 4
1695 2466 14
2466 1520 4
1520 4113 14
4113 1288 18
1288 359 15
359 4978 7
4978 2696 7
2696 453 13
453 822 6
822 2641 19
2641 3538 2
3538 1436 10
1436 55 17
55 4105 7
4105 2059 9
2059 2227 6
2227 3903 1
3903 465 7
465 2693 18
2693 4642 5
4642 4103 8
4103 3590 10
3590 2194 9
2194 4879 2
4879 1989 1
1989 2777 3
2777 1782 19
1782 2756 14
2756 1380 18
1380 3165 6
3165 3549 1
3549 1268 8
1268 2932 5
2932 644 6
644 1269 3
1269 3714 1
3714 47 18
47 4914 12
4914 4441 3
4441 2127 13
2127 3653 11
3653 126 10
126 1414 13
1414 67 15
67 1101 16
1101 3862 18
3862 619 18
619 1501 13
1501 4287 18
4287 2390 15
2390 1430 3
1430 4262 2
4262 870 6
870 4405 10
4405 2430 18
2430 2210 6
2210 1687 4
1687 4086 8
4086 4095 12
4095 4101 7
4101 2737 1
2737 4537 5
4537 2465 4
2465 1059 17
1059 3275 4
3275 4100 19
4100 4699 2
4699 48 10
48 353 19
353 3929 2
3929 1196 20
1196 174 20
174 4318 17
4318 1363 16
1363 4347 19
4347 1667 3
1667 1386 20
1386 600 11
600 3933 6
3933 3346 10
3346 677 11
677 2897 4
2897 7 17
7 3154 7
3154 2087 20
2087 4734 14
4734 1435 5
1435 4776 13
4776 2655 1
2655 3745 6
3745 3095 18
3095 3381 4
3381 392 12
392 1899 1
1899 2045 7
2045 4791 4
4791 908 5
908 240 8
240 2665 5
2665 2082 5
2082 2957 11
2957 2745 11
2745 1803 17
1803 3402 18
3402 2121 20
2121 4858 11
1 1714 6
1 3597 6
2 2097 7
3 1943 9
3 4384 2
3 2630 9
3 4694 4
3 3561 9
4 4443 10
5 2657 4
6 2778 4
7 1435 4
7 3745 10
7 2655 7
7 4734 6
8 435 4
8 1079 10
8 35 10
8 1205 3
9 4912 9
10 3145 5
10 3042 10
10 1360 9
11 4917 7
12 591 6
12 1210 10
13 1043 2
13 1503 9
13 922 9
13 1804 10
13 243 7
14 1371 3
14 1994 2
14 1616 6
15 1429 2
15 687 2
15 3519 6
15 117 8
15 4031 1
16 3049 7
16 988 7
16 3553 1
16 98 9
16 4625 6
17 2093 3
17 4825 9
17 3703 6
18 2267 4
18 2520 7
18 1207 3
19 1672 10
19 1697 3
19 1396 7
19 1534 8
19 4750 2
20 4167 9
20 3641 4
20 116 2
21 3109 3
22 3026 8
22 4550 9
22 4480 10
23 4716 9
23 661 8
23 4592 6
24 458 5
24 4368 5
24 4065 3
24 1493 1
25 2872 10
26 1254 2
26 2201 4
26 2488 4
27 4298 1
27 2313 6
27 1239 7
27 3424 9
28 1862 10
28 1304 8
28 1704 4
28 4539 1
28 4180 10
29 4259 5
30 4400 7
30 918 9
31 4865 9
31 1567 10
31 442 2
31 389 1
31 2626 8
32 4228 9
32 127 6
32 3525 2
32 3708 10
33 4004 7
33 4120 1
34 2967 8
34 1983 8
34 2568 10
34 4962 8
35 611 2
35 1205 9
35 411 7
36 4389 7
36 381 4
36 1510 6
37 2408 8
37 4684 1
37 82 7
38 4768 4
38 4871 6
39 4766 10
39 2425 8
39 3972 2
39 3221 7
39 2709 8
40 609 8
40 319 6
40 262 2
40 2366 5
40 601 4
41 427 9
42 2418 7
42 1815 8
42 4725 3
42 797 3
43 2958 7
43 2056 6
43 2370 5
43 4080 7
43 2823 5
44 1755 9
44 3477 5
44 4889 9
44 4530 8
44 4924 8
45 2072 5
46 1866 7
46 3806 7
47 3653 9
47 1414 7
48 4318 8
48 174 6
48 1363 9
48 1196 6
49 3569 7
49 1476 8
50 4522 8
51 1976 3
51 4633 6
52 1868 8
52 4257 7
52 2830 8
52 2403 10
53 1846 1
53 124 6
54 4296 5
54 4986 1
55 2693 2
55 2227 6
55 4642 8
56 2924 1
57 658 10
57 3983 8
57 917 8
57 3894 7
58 3802 10
58 3601 7
58 4278 3
59 4538 3
59 4466 3
59 3958 9
59 3088 1
59 1543 9
60 2925 1
60 2588 7
60 2869 3
61 3998 8
62 3702 6
62 4330 8
62 4627 1
63 1862 1
63 1704 10
63 662 1
63 4180 1
63 717 8
64 1193 3
64 3200 3
65 3889 3
65 265 3
65 4249 2
66 1881 1
66 2870 3
66 2305 9
67 2390 3
67 1501 6
67 1430 7
68 3308 9
68 462 7
68 177 8
68 1992 5
69 3494 1
69 3374 3
69 2320 10
70 2272 6
70 4846 3
70 2490 8
71 2680 8
72 1905 5
73 4632 8
73 4009 1
74 3061 4
74 1365 10
74 3480 1
74 1137 4
75 2911 1
75 3393 3
75 2789 9
76 4551 1
76 4558 1
76 2949 4
77 227 8
77 4055 2
77 2565 3
77 501 1
78 1471 2
78 4689 2
78 803 5
79 4931 3
79 2054 3
79 3262 1
79 509 4
79 1223 6
80 1468 5
80 1488 10
81 2889 10
81 1200 4
81 4038 2
81 69 9
82 4684 7
82 1502 7
82 1345 9
82 1915 10
82 4294 4
83 2407 5
83 4808 2
83 2780 7
83 2771 5
84 2076 10
85 4006 6
86 200 8
87 50 3
87 2573 1
87 1403 5
87 403 3
87 3428 8
88 3137 3
88 2256 9
88 4165 8
89 1639 2
89 2495 9
89 2915 10
90 2003 1
90 4200 3
90 478 10
91 3826 9
91 779 5
91 993 5
92 3232 4
92 842 5
92 3323 10
93 707 2
93 1426 5
93 3995 8
93 4439 6
93 4772 7
94 685 3
94 114 1
94 2597 1
94 432 7
94 2371 1
95 4523 8
95 3363 1
95 3086 10
95 4187 5
96 1936 9
96 3737 4
96 2682 7
96 3559 7
96 3400 1
97 24 2
97 4026 3
97 458 9
97 4065 10
98 1420 9
98 3148 7
99 1942 5
99 1553 6
100 2274 1
101 2628 3
101 4416 10
102 3150 7
102 4623 7
102 3866 7
103 2684 9
103 539 10
103 1960 5
103 714 6
103 2577 3
104 569 2
104 3261 10
105 4299 2
105 4459 6
105 1849 7
106 4190 3
106 4657 2
106 1121 7
106 224 1
106 2016 5
107 2609 5
107 4215 3
107 3740 5
108 2381 3
108 632 2
108 1325 2
108 2818 3
109 2858 8
109 4973 5
109 2642 9
109 4254 2
109 187 10
110 1527 8
110 4937 4
110 3639 8
110 3447 4
110 4737 8
111 2030 4
111 4357 4
111 4546 9
111 2363 9
112 3151 8
112 3233 6
112 4068 9
112 4915 8
113 4591 8
114 1853 4
114 2371 8
114 432 5
114 2826 5
115 4851 5
115 4857 6
115 2362 6
115 3128 5
116 3986 1
116 4167 6
116 1030 8
117 1492 4
117 4582 9
118 3860 1
118 2394 1
118 267 4
119 2400 5
120 567 4
120 531 9
120 1864 2
120 3838 10
120 2426 5
121 3396 5
121 244 5
121 3169 9
121 2334 10
122 631 6
123 4771 3
123 3352 2
123 1745 9
123 2645 7
124 4558 10
125 541 7
125 4617 7
125 3038 9
126 67 2
126 4287 7
126 1101 8
127 3344 6
127 3708 2
128 3969 3
128 3798 9
128 4622 1
128 2607 8
128 2614 8
129 2541 7
129 832 4
130 1010 2
130 311 9
131 4910 3
132 2456 10
132 3173 4
132 4412 10
133 2558 10
133 3597 10
133 4896 10
133 523 7
134 2509 5
134 2765 4
134 2052 2
134 201 8
135 1764 9
136 1062 9
136 2000 10
136 1723 4
137 2798 9
138 3789 5
138 1967 6
139 2591 4
139 2773 2
139 243 9
140 2803 2
141 4060 5
141 4271 7
141 3801 2
141 4274 2
141 3265 6
142 417 6
142 959 7
142 4710 4
142 3246 4
143 1103 10
143 2725 1
143 4046 8
144 168 7
144 4053 3
145 4509 8
146 2640 2
146 2613 10
146 1913 5
147 1961 3
147 4962 3
147 3503 8
148 291 9
148 775 5
148 4487 2
148 1392 10
148 647 2
149 4916 9
149 3211 8
150 1495 10
150 4651 9
150 93 5
150 278 7
151 2717 9
151 4841 9
151 1725 8
151 911 8
152 3247 4
153 2473 10
153 185 10
153 56 7
154 4848 7
154 4383 10
154 2065 5
155 1039 7
156 1483 4
157 1446 4
157 3300 8
157 4179 5
158 1475 3
158 4384 3
158 3561 4
158 2630 1
159 2913 2
159 1626 3
159 513 7
160 984 5
161 4801 5
161 4033 9
161 3607 8
161 1136 2
162 1395 10
162 3153 5
162 4468 4
162 897 10
163 519 5
163 3173 9
163 4092 9
164 92 3
164 512 8
164 1185 10
164 3022 10
164 313 8
165 3353 3
165 2106 3
165 363 4
165 4612 6
166 2049 1
166 1361 9
166 2711 1
167 4948 9
167 3031 4
167 4545 3
167 3506 1
168 4670 10
168 4835 2
169 3998 1
169 2651 5
169 204 9
169 1741 8
169 3834 9
170 3893 5
171 2207 6
171 1866 6
171 1242 10
171 828 5
172 2354 3
172 1413 7
173 3344 2
173 282 6
173 704 9
173 1860 4
174 1667 7
174 4347 3
174 1386 2
175 4447 4
175 3703 3
175 4802 5
175 4825 2
176 4681 2
176 1820 9
177 3497 6
177 424 7
177 2386 4
177 1169 2
177 4116 2
178 2908 7
178 3623 6
178 2930 4
178 2923 4
179 2305 7
179 3007 1
179 4118 5
180 724 4
180 1691 3
180 4369 9
181 1004 8
181 333 3
181 3114 9
181 3177 8
182 2037 1
182 2420 6
182 2690 4
182 2695 8
182 2449 10
183 1552 10
183 3648 1
183 2627 3
183 4684 4
184 4155 7
185 4402 1
185 2924 2
185 3163 6
185 2473 2
185 20 6
186 3936 5
186 1039 10
186 3423 8
186 788 10
187 3387 10
187 2858 10
187 4973 8
187 1972 10
188 828 3
188 46 10
188 1001 8
189 1188 2
189 904 8
189 968 5
189 4852 8
189 2118 5
190 2489 7
190 4688 10
190 4230 5
190 4062 7
191 791 5
191 4133 6
191 987 2
191 3015 4
191 3820 7
192 1113 7
193 4580 4
193 4521 2
193 355 2
194 1378 10
194 4142 10
194 1997 7
194 4155 6
194 4644 9
195 2221 5
195 2085 4
195 3578 7
196 3264 8
197 3832 1
197 3079 4
198 4915 2
198 3151 8
198 534 9
199 1748 4
199 4284 4
200 1597 6
200 2029 1
201 4707 2
201 444 4
201 2833 9
201 3859 9
201 4314 1
202 1290 2
202 4909 10
202 2994 9
202 2700 3
203 3184 3
203 182 5
203 2900 4
204 1878 8
204 2017 6
204 2651 1
204 4490 4
205 721 3
205 1947 7
205 3794 4
205 467 3
206 1081 4
206 4306 8
206 4672 5
206 395 2
207 3123 1
207 1014 7
207 4907 4
207 3399 1
208 3393 6
208 4379 7
208 2112 8
208 2911 6
208 4874 7
209 2602 4
209 4449 1
209 733 7
209 1732 2
209 2353 5
210 338 2
210 1702 3
210 1843 6
210 652 4
210 3816 8
211 3389 1
211 946 5
212 1717 3
213 311 7
213 1039 6
213 3936 10
213 4852 7
213 186 6
214 705 7
215 3380 8
215 2859 3
215 4138 9
215 2083 8
215 4891 3
216 3810 2
216 2513 9
217 242 1
217 3924 5
217 4045 4
218 2327 2
219 94 3
219 4415 4
219 1935 9
220 4192 10
220 963 3
221 4038 9
221 3374 3
222 1371 1
222 2023 6
222 3909 9
223 4119 3
223 3900 3
224 3474 7
224 1098 6
224 2016 1
224 4190 5
225 2407 8
226 4902 10
226 4398 3
226 4331 3
226 1629 1
227 4251 4
227 4109 3
227 2142 2
227 678 5
227 1218 2
228 88 4
229 2167 5
229 3409 3
229 1912 8
229 2523 1
229 4354 10
230 4119 3
230 4395 5
230 4460 3
231 670 3
231 3510 8
231 4873 6
232 2334 8
233 561 7
233 2123 6
234 1967 7
234 3789 6
234 4443 2
234 3051 3
235 2965 8
235 684 10
236 4708 9
236 246 2
236 4941 5
237 3253 8
237 1095 4
237 3803 1
237 4818 4
238 1302 8
238 4767 7
238 2530 4
238 307 6
239 4521 8
239 4580 2
239 4159 7
240 2082 1
240 2745 8
240 2957 5
240 3402 7
240 2121 5
241 4932 7
242 1771 2
242 443 5
242 2050 7
242 2743 9
242 1568 3
243 4714 10
243 3857 5
243 1503 1
243 1903 9
244 2714 3
245 512 10
245 4898 6
245 1609 3
245 3323 8
246 4236 1
247 3558 3
247 3108 2
248 1445 7
248 3754 1
248 1790 9
249 3661 8
249 326 10
249 1346 2
250 2050 3
250 2209 8
251 335 2
251 4490 8
251 61 3
251 2781 8
252 3053 8
253 3788 10
253 4054 1
253 1618 7
253 3100 6
253 559 10
254 2335 2
254 2119 9
255 1460 1
255 479 2
256 349 3
256 1150 10
256 798 1
257 2839 4
257 2311 7
257 1173 4
258 752 8
259 2889 6
259 2320 7
259 3781 2
259 4376 6
260 958 7
261 2519 1
261 3787 1
261 4198 2
262 4172 2
263 221 9
263 4038 10
263 3781 9
264 2619 9
264 966 1
264 2561 1
264 1008 4
265 4249 4
266 4646 7
266 2061 8
266 1545 4
266 1275 4
267 409 4
268 1520 1
268 4113 7
269 896 10
269 1343 6
270 2351 5
270 4125 2
271 3821 8
271 3935 10
272 1475 4
272 3561 8
272 210 1
272 1943 9
272 3816 4
273 1807 7
273 4178 8
273 1903 8
273 2591 6
274 162 3
275 2068 8
275 4996 9
276 4522 9
276 2573 1
276 50 10
276 3911 4
276 4680 4
277 1683 5
277 511 10
277 2504 10
277 3682 2
278 1426 9
278 4450 9
278 4380 6
278 2918 6
278 3446 5
279 1186 9
279 1693 4
279 3087 3
279 3418 1
280 605 9
281 4468 2
281 999 2
282 3199 7
282 4595 3
283 467 3
283 4252 10
283 205 3
283 721 3
284 3414 10
284 2286 4
284 2669 4
285 3343 4
285 2564 9
285 2948 7
286 4617 4
286 3287 7
286 2738 7
287 2512 6
288 932 9
288 4916 8
288 835 8
289 1205 3
289 435 3
289 1522 1
289 1079 10
290 3168 1
290 2233 10
290 1123 6
290 3868 5
290 4989 3
291 647 4
291 2486 6
292 1320 4
292 1513 2
292 2557 5
292 4799 10
293 3873 6
293 4729 4
293 336 7
293 2502 6
294 3121 2
294 1544 6
295 4278 4
295 3802 3
296 3672 7
296 1566 9
296 2952 2
296 3490 8
296 2206 2
297 2795 3
297 1770 8
297 1625 9
297 1564 1
298 2101 9
299 3043 8
299 3934 5
299 2471 3
299 4682 9
299 3783 10
300 3874 2
300 874 9
300 4328 8
301 551 6
301 4147 4
301 2507 5
302 4075 8
302 1671 3
302 753 6
302 961 5
302 3305 10
303 2334 10
303 3315 4
303 804 5
304 269 8
304 896 1
304 2691 6
305 2128 3
305 3897 1
305 981 5
305 1929 10
306 4414 5
306 1184 6
306 3617 5
306 754 3
306 1391 4
307 4112 10
307 3580 7
307 3075 2
307 1302 9
307 4893 7
308 656 8
308 3855 1
308 711 7
308 2201 6
308 705 5
309 3792 3
309 813 6
309 1369 1
309 3011 10
309 2006 2
310 698 1
310 1556 7
310 331 8
310 3443 2
311 1459 9
311 855 2
311 4918 8
312 2238 9
312 3492 7
312 2277 4
312 1752 5
313 842 9
313 1674 3
313 2480 10
314 625 7
315 4473 6
315 1578 9
315 3852 7
315 514 8
316 4349 5
316 300 6
316 356 1
317 1320 6
317 3848 9
317 2557 1
318 2422 2
318 4571 9
318 2331 10
318 2979 10
318 3021 2
319 1557 8
320 3326 1
321 2243 10
321 605 9
321 2629 6
321 1640 7
321 3359 10
322 4608 4
322 4965 3
322 3800 5
322 3019 5
322 4360 6
323 190 2
323 4230 1
323 100 9
324 4998 10
324 2874 8
324 2140 8
324 1539 3
325 642 4
325 2005 10
325 2628 5
325 2347 3
325 2107 8
326 490 1
326 1346 1
327 3555 8
327 2793 9
327 876 7
328 3113 1
328 697 3
329 1670 10
329 3267 1
329 4827 5
330 3746 5
330 1343 8
330 4192 5
331 1556 8
331 4182 6
331 1206 5
332 2516 2
332 3218 8
332 4423 10
332 4715 3
333 3293 2
333 1781 7
334 2203 2
334 1472 3
334 1114 6
335 4490 1
335 4161 6
335 1878 6
336 3928 6
336 3873 9
336 3822 4
337 3421 5
338 3326 3
339 3318 6
339 2202 9
339 1122 4
339 4488 10
340 839 2
340 671 7
340 4282 5
340 1340 9
340 2271 8
341 3150 4
341 996 1
342 2039 6
342 1819 4
342 4189 1
342 831 9
343 3606 8
343 2817 6
343 1681 9
343 2596 10
343 2678 7
344 821 2
344 759 7
344 735 4
345 2525 6
346 3551 4
346 4930 1
346 2060 1
347 2837 2
347 2707 4
347 3725 8
347 941 8
347 583 1
348 1546 3
348 1008 6
348 407 8
348 2125 4
349 4597 10
349 3773 3
349 2725 10
349 143 3
349 2329 7
350 3140 3
350 547 3
350 2677 4
351 4996 2
351 2269 7
351 2068 8
351 4206 7
351 2475 5
352 3235 7
353 4318 4
353 1386 1
353 3346 1
353 600 6
354 3685 4
355 394 1
355 4615 6
355 4580 9
355 1762 2
356 874 8
356 3103 7
356 3940 6
356 4328 8
356 3769 8
357 2305 5
357 4690 5
357 4118 4
357 2846 4
357 4759 8
358 2610 2
358 1140 7
359 2696 9
359 453 7
359 2641 4
359 822 2
360 3731 10
360 4275 8
361 1095 2
362 3881 8
362 3258 5
362 4089 8
362 773 2
363 2106 1
364 1171 1
364 129 2
364 4048 2
364 832 3
365 110 9
365 4937 6
366 4831 5
366 734 5
367 973 2
367 1516 6
367 3159 6
367 760 9
367 3726 3
368 3585 8
368 2639 4
368 3938 4
368 4176 8
369 2882 8
369 2259 3
369 4011 2
369 2503 4
369 4875 10
370 847 3
370 3851 6
371 37 1
371 4242 10
371 2408 5
371 2627 3
372 1733 10
373 1272 3
373 3907 6
373 2384 1
374 56 7
374 3641 5
375 1503 6
375 563 8
375 922 4
376 1445 2
376 4885 9
376 2368 5
376 4527 1
376 1064 2
377 1299 7
378 937 2
378 729 9
378 390 6
378 4012 7
378 1746 10
379 4739 6
379 3241 2
379 2382 9
380 3309 10
380 1007 2
380 4423 5
380 1712 4
380 3905 2
381 949 3
382 1869 8
382 2987 2
382 4256 8
383 1030 4
383 1085 2
383 529 2
383 3641 1
383 3163 5
384 1725 7
385 1590 10
385 3974 10
385 4171 9
385 3449 8
386 2913 7
386 1554 8
387 1115 7
387 1368 10
387 3706 8
387 4240 8
388 2163 9
388 865 3
388 3479 6
389 4252 10
389 3871 7
390 4209 3
390 4736 1
391 4923 8
391 4452 1
391 4001 3
391 474 8
391 4175 8
392 1803 7
392 2121 6
392 908 10
393 668 2
393 787 3
393 3774 5
393 3445 9
393 640 7
394 1762 6
394 2612 8
394 1809 7
395 3627 9
396 461 10
397 2513 1
397 2910 6
398 3537 5
398 4010 1
398 2035 3
398 3411 3
399 3290 7
399 263 1
399 221 1
399 3781 9
400 2230 9
400 647 8
400 3297 1
401 3089 2
401 2438 6
401 4472 3
401 4743 2
402 1475 9
402 4624 2
402 3699 8
403 1109 9
403 4522 5
404 3609 2
404 2562 1
404 4731 5
404 4040 3
404 2392 1
405 4568 4
406 844 5
406 1698 2
406 1637 4
406 1716 7
406 737 10
407 2910 9
407 1546 2
407 1627 1
407 4427 10
408 1820 7
408 2710 7
408 1374 1
409 2011 9
409 2843 10
409 2999 10
409 2032 1
410 3688 6
410 554 2
410 631 7
410 2658 10
410 122 2
411 3532 6
411 2472 7
412 4535 10
413 230 8
413 1176 6
413 772 5
413 746 3
414 4950 6
415 1139 10
415 1837 10
415 2294 10
415 3697 3
415 3728 2
416 1874 1
416 2184 7
416 2816 1
416 4515 8
417 1232 8
417 3726 1
418 1264 7
419 3852 9
420 1171 8
420 4723 6
420 2541 4
420 1164 10
420 2380 1
421 1359 9
421 4757 8
421 1610 4
421 1382 1
421 1601 6
422 3654 7
422 2434 4
423 4940 1
424 646 1
424 2298 9
425 483 4
425 3544 7
425 1385 6
425 2239 7
426 4993 4
426 2881 10
426 2208 8
427 2122 8
427 4238 3
427 3173 1
427 4092 7
427 2718 9
428 3657 7
428 2098 8
428 3876 2
428 1898 7
428 3215 10
429 256 9
430 1366 8
430 3361 7
430 1355 6
430 4301 8
430 4667 10
431 286 8
432 3195 5
432 895 8
433 2036 8
433 1329 6
433 649 10
433 2189 3
434 2563 6
434 3499 5
434 2985 4
435 3574 6
435 3029 2
435 1411 9
436 2215 10
436 4365 4
436 2981 5
436 1836 4
436 4936 10
437 2491 8
437 4790 2
437 880 10
437 450 5
438 978 10
438 4266 8
439 3053 4
439 1763 7
440 3674 8
440 380 8
440 1888 9
441 2935 1
441 2879 5
441 3277 5
441 2232 1
442 3025 3
442 389 3
442 721 2
442 3794 3
443 1568 10
443 2050 10
443 1771 6
443 2209 3
444 679 8
444 2278 2
444 2170 7
444 2996 7
445 4992 2
445 2735 1
446 1768 8
447 4921 7
447 1166 9
448 4440 8
449 308 10
449 3855 6
449 2866 5
450 2491 3
451 3829 3
452 2351 1
453 55 2
453 4103 3
453 2227 6
453 1436 8
453 2059 8
454 1816 7
455 1614 4
455 491 2
456 72 2
456 1905 1
456 4188 6
456 2531 5
457 4185 4
457 192 3
457 877 8
458 4026 6
458 2722 9
459 2056 6
459 2958 8
459 2823 2
459 4080 9
459 4000 1
460 4935 4
460 2102 8
461 2364 6
462 646 9
462 424 9
462 3497 4
462 2012 3
462 4116 9
463 1072 9
463 2494 10
464 4503 9
464 3689 4
465 3590 3
465 1989 8
465 2194 5
466 4631 9
466 3640 7
467 1793 7
467 3871 6
467 805 10
468 4500 6
468 3600 2
469 3174 1
469 2201 3
469 993 9
470 4597 2
470 3773 1
471 2412 2
472 18 9
473 664 3
473 4634 5
473 2262 6
474 4923 1
474 3667 7
475 4933 1
476 4259 6
476 2423 10
476 1066 2
476 3895 7
477 4469 2
477 1784 5
477 2694 2
477 2656 9
478 3472 10
479 2740 7
479 2860 8
480 3191 2
480 2145 4
481 4656 5
481 4459 6
482 312 3
482 2782 1
482 4985 5
483 2239 3
483 4288 4
484 2020 1
484 2566 9
485 2689 6
485 4170 2
485 4351 6
485 2884 2
486 1549 6
486 3368 2
486 1278 3
486 2982 6
486 3004 10
487 4944 10
487 3830 9
487 4569 1
487 3896 2
487 3210 8
488 3768 1
488 4935 3
488 460 2
488 1190 9
489 2837 8
489 583 2
489 1619 6
489 941 8
489 1162 2
490 1271 2
490 825 4
490 333 10
490 3416 2
490 1004 9
491 1614 3
491 2528 6
492 4122 1
492 2691 3
493 2613 10
493 3953 7
493 1913 7
493 1854 9
493 4631 5
494 3164 8
494 1652 8
494 4540 10
494 1562 8
495 993 9
495 711 9
495 4718 7
495 2201 5
496 3991 10
496 893 9
496 3902 1
496 3771 1
497 1231 1
497 1664 9
497 1236 1
498 1312 6
499 3235 7
499 913 2
499 2719 9
499 3810 3
499 2417 3
500 1392 3
500 1776 6
500 647 3
500 4487 10
500 4154 7
501 827 6
501 4109 5
501 227 9
502 3641 4
503 2280 6
504 4613 7
504 2845 5
504 2557 6
504 3848 8
504 1930 10
505 3721 9
506 3365 10
507 17 8
507 4825 1
507 1124 2
508 1084 8
508 4860 2
508 1461 9
509 2113 9
510 2549 5
510 1183 3
510 3426 2
510 2625 4
511 3799 1
511 4016 3
511 1370 9
511 1163 7
512 4039 2
513 1554 8
513 3050 5
513 1626 7
513 2913 1
514 1578 8
514 4473 10
515 2098 7
515 2388 7
515 2100 7
516 3892 9
517 435 1
517 3865 1
517 411 4
518 1796 3
518 1053 9
519 4092 5
519 4501 9
519 2456 3
519 3173 3
520 3913 1
520 4051 6
521 4488 10
521 4903 2
522 4874 1
523 1339 10
523 4173 6
523 4616 9
524 2677 9
525 3410 1
525 2329 7
526 1064 7
526 1445 7
527 3868 10
527 3168 7
527 1595 4
527 3853 10
527 290 9
528 2263 7
528 1204 6
528 3016 9
529 2924 3
529 20 2
529 4167 5
530 2446 4
531 1249 7
531 3838 4
532 462 5
532 3308 3
532 4116 2
533 4923 2
534 4986 9
534 2399 4
534 2883 6
534 54 5
535 3598 6
536 1413 6
536 593 5
536 4035 5
537 1582 8
538 4872 5
538 2491 9
538 2754 4
538 4790 3
539 916 5
539 3553 4
539 988 2
539 16 5
539 1407 2
540 2761 6
540 912 10
541 3287 10
542 1855 2
542 3284 5
543 1787 8
543 1866 2
544 2211 1
545 1262 4
545 4348 9
545 3109 9
545 3529 9
545 1035 3
546 4528 2
546 4650 10
546 4933 5
546 4574 1
547 4856 4
548 3755 10
548 571 3
548 3276 7
548 4424 7
548 3301 7
549 1770 10
549 4114 9
549 3705 3
550 4346 1
550 1228 4
551 4594 3
551 1279 2
551 2507 2
551 2041 9
552 386 2
553 2478 4
553 3891 8
553 1409 1
553 3840 3
553 2749 5
554 3888 6
554 3018 9
554 3632 6
554 631 1
554 2658 4
555 3989 3
556 1818 1
557 3981 1
558 3816 3
558 1859 4
558 652 7
559 1156 3
560 1922 8
560 1472 1
560 2203 3
560 1114 10
560 334 9
561 3501 5
561 3743 8
562 2497 4
562 4774 8
562 4386 1
563 3484 10
564 961 7
564 3305 2
564 3033 7
565 3792 8
565 4873 10
565 4738 7
565 309 5
566 9 2
566 2966 6
566 2708 2
566 4912 3
566 3946 4
567 2674 9
567 1905 7
567 2197 7
567 2393 6
567 1005 3
568 2755 5
568 4270 5
568 1916 5
568 1679 4
568 4335 5
569 4619 2
569 3871 3
569 4252 2
569 283 2
569 467 10
570 40 6
570 4172 7
570 1483 10
570 3545 9
571 1849 8
571 4656 10
571 2893 5
571 4618 3
571 701 1
572 3666 9
572 2757 3
573 1880 4
573 2191 6
573 1796 1
574 3241 3
574 379 6
574 1213 4
574 4740 1
574 3130 3
575 4785 3
575 3678 1
576 4695 8
577 1377 9
578 977 6
578 3026 4
579 1841 1
579 1659 1
579 1220 10
580 1842 9
580 3837 1
580 3013 4
580 1611 5
581 941 3
581 2837 5
581 583 10
581 3725 7
581 4560 8
582 3388 5
582 1142 5
582 3329 9
582 3591 7
583 2837 7
583 4560 6
583 2707 4
584 4114 6
584 1625 6
585 4916 9
586 4027 8
586 1324 4
587 4600 6
587 3167 2
588 4870 5
588 4629 4
589 4917 1
589 4703 3
589 1842 8
589 2800 9
589 909 7
590 3760 2
590 859 5
591 4801 7
592 2548 5
592 3493 5
592 663 1
592 4959 7
593 3137 4
593 228 3
593 4623 6
593 3797 8
593 996 9
594 4168 4
594 3508 8
594 1111 1
594 1073 8
595 1439 10
595 4106 5
596 2321 4
596 4021 5
597 3856 1
597 3593 3
597 3715 4
597 1797 4
597 4455 8
598 3822 1
598 406 5
598 737 4
598 3928 5
598 1698 4
599 1308 9
599 2368 6
599 4556 9
599 248 2
599 1064 9
600 4776 5
601 3955 5
601 2880 8
601 3636 10
601 2736 6
602 1208 9
603 4434 3
604 440 2
604 1909 10
605 3383 10
605 4213 2
605 4259 3
606 1678 6
606 4279 8
607 4568 3
607 2911 5
608 204 6
608 2651 6
608 4547 2
608 3998 1
609 3636 7
609 4172 8
610 4816 10
610 3449 2
610 1590 8
610 3974 3
610 1812 7
611 3865 7
611 383 10
611 3532 8
611 1411 4
612 2714 10
612 2505 3
612 3169 2
612 244 3
612 3396 4
613 742 1
613 1602 5
613 2276 5
614 1091 9
614 214 6
614 1314 7
614 2201 8
614 3855 7
615 2051 8
616 418 8
616 4014 4
616 2453 9
616 3263 6
617 680 1
617 1156 2
617 2151 3
617 2325 3
618 1950 5
618 4238 2
618 2944 8
619 4405 1
619 4262 10
619 4287 2
620 3077 4
620 3854 9
620 4062 6
621 2039 6
622 2950 7
622 415 6
623 4912 7
623 2708 5
623 3222 2
624 1615 1
624 2964 10
624 1274 3
624 1542 4
624 4007 7
625 3180 5
625 1284 9
626 2632 3
626 1780 2
626 1813 1
627 2799 8
627 4965 6
627 3800 5
628 2173 2
628 4084 4
628 2343 8
629 1220 8
629 1659 5
629 1841 4
629 1928 9
630 625 7
630 981 8
631 3888 4
632 4266 2
632 2733 9
632 978 9
633 4895 8
633 307 8
634 990 6
635 2467 6
636 3421 9
637 914 5
637 2273 1
637 3679 4
637 3240 10
637 2672 6
638 1131 6
638 1082 4
638 3272 3
639 4662 9
640 3445 1
640 4505 3
640 2917 1
640 3774 2
640 3157 5
641 2679 7
641 4910 6
641 2322 6
641 2240 1
642 148 9
642 291 10
642 4928 2
642 4487 3
642 2230 6
643 4231 4
643 1941 10
643 4463 1
644 4914 6
644 4287 10
645 3444 5
645 3698 6
645 1944 10
645 3540 3
645 2914 7
646 1630 2
646 3465 5
646 2096 1
646 3325 10
647 2486 9
648 3434 5
649 2048 2
650 3790 4
650 1326 5
650 3849 2
650 1703 5
651 3300 5
652 1843 5
652 338 1
652 1104 6
652 1702 5
652 1859 5
653 2398 4
653 4842 2
653 3722 8
653 2452 10
654 4882 10
654 3147 10
654 1779 7
654 3117 10
655 4743 7
655 4472 7
656 4718 3
656 779 2
656 2201 2
657 2098 3
657 3876 4
658 3181 9
658 3894 10
658 4260 6
658 3983 3
658 1792 6
659 1267 8
660 4110 6
660 49 8
661 2761 4
661 3488 4
661 1167 5
662 1242 9
662 3119 8
663 2611 1
663 1456 7
663 1041 8
663 2600 5
664 329 4
664 3267 7
664 2894 5
664 1806 8
665 3214 3
665 61 10
666 4643 9
666 1849 7
666 4216 1
666 956 1
667 3321 6
667 2635 1
667 1333 5
667 2784 9
668 2917 10
668 3157 8
668 4505 7
669 3039 2
669 1483 6
669 570 9
669 1029 4
670 3510 1
670 2211 5
670 2812 5
671 719 4
671 839 3
671 991 6
671 1340 3
671 2271 5
672 4140 3
673 1888 5
673 440 6
673 3588 10
674 1438 3
675 4781 9
675 958 1
676 866 2
676 1638 3
676 4695 3
677 1899 5
678 4831 2
678 4251 4
679 4863 1
679 2170 10
680 4425 10
680 4061 5
680 2325 2
680 2151 10
681 3116 10
682 3445 7
682 3071 2
682 640 7
682 3774 8
682 787 1
683 4042 6
683 4066 6
683 3852 8
683 2634 10
684 676 7
684 866 2
684 4695 10
685 4834 10
685 2597 1
685 2371 2
685 895 8
685 432 6
686 3754 1
686 599 7
687 4598 9
687 4582 7
688 3797 4
688 6 3
688 3687 9
688 2256 5
689 4794 1
689 3704 3
690 685 4
690 114 10
690 2532 10
691 2422 1
691 3021 1
692 1420 4
692 3049 6
692 3553 6
692 4625 7
692 98 3
693 2419 2
693 2122 6
693 2718 4
693 4421 7
694 1097 4
694 4714 5
694 1903 1
695 4136 1
695 3054 3
695 2663 2
695 2801 10
696 3373 5
697 2952 3
697 2206 2
697 4800 9
697 3490 10
697 1566 7
698 331 5
699 3059 10
699 4058 8
699 3304 10
699 4477 1
699 1957 8
700 4131 10
700 3686 3
700 4241 2
700 4963 6
700 2922 9
701 4396 1
701 2543 10
701 2893 3
702 1681 10
702 1709 5
702 2277 8
702 2238 7
703 3775 10
703 4769 10
703 1535 9
703 2050 5
703 3097 8
704 3274 9
704 4363 6
705 993 3
705 3772 2
705 2488 8
705 1633 4
705 1284 1
706 3696 6
706 4857 2
706 4851 8
706 3128 9
707 1031 6
707 4772 5
708 3963 7
708 4578 3
708 3286 7
708 4516 5
709 328 7
709 4250 6
709 1756 8
709 4725 3
709 1505 4
710 940 4
711 4718 3
711 3772 9
711 2488 4
711 1284 8
711 993 10
712 1348 5
712 3751 5
712 4088 7
712 1096 7
713 781 5
713 1246 5
713 3244 7
714 988 4
714 916 6
714 3187 10
714 1407 3
715 1389 9
715 3195 1
715 1853 3
715 2532 3
715 1511 4
716 381 1
716 4053 9
716 3041 7
716 1510 10
717 662 1
717 1040 4
717 1866 7
717 2207 7
717 1001 8
718 2007 7
718 1780 7
718 2314 2
718 626 7
719 2782 9
719 2596 7
719 1752 5
719 4544 9
719 3492 8
720 4887 9
721 2284 4
721 14 10
721 1106 6
722 3790 3
722 1574 6
722 1326 4
722 3203 7
722 925 9
723 1335 2
724 1691 1
724 2566 8
724 1050 1
724 4673 3
725 3388 8
725 1142 7
725 1778 1
726 1458 1
726 1199 2
726 4372 4
727 3771 1
727 2022 10
727 2943 7
727 2667 9
727 958 5
728 3791 6
728 3470 7
728 2060 5
728 2847 7
728 3110 8
729 390 7
729 1746 4
730 417 5
730 760 9
730 2028 8
730 2265 2
731 1014 7
731 4907 2
731 1460 5
731 884 4
731 3123 7
732 964 2
732 4502 4
732 4604 1
732 3554 3
732 1367 1
733 928 8
733 3633 2
734 3170 9
735 3609 2
735 556 5
736 1729 10
736 1584 4
736 1077 3
736 1153 4
737 4120 4
737 844 5
737 4004 3
737 1637 10
737 1739 7
738 4424 8
739 3213 9
739 2478 8
739 1409 10
739 700 7
740 1358 1
740 1129 1
740 2680 1
740 4897 2
741 1016 4
741 505 5
741 4281 5
741 1133 6
742 2276 9
743 3311 2
743 4691 5
743 1924 5
743 2024 1
743 4233 7
744 4394 2
744 3520 10
744 4567 5
745 4648 8
745 4728 3
745 1144 6
745 1089 8
746 2501 4
747 4290 7
747 4695 8
747 1638 5
747 2432 1
748 2028 2
748 4022 5
748 3166 2
748 1525 2
748 2265 5
749 678 1
750 327 1
751 670 4
751 2211 7
752 4952 5
753 2968 7
753 1689 4
753 4075 2
753 1671 2
753 976 1
754 1707 1
754 4102 5
754 891 4
754 1433 3
755 1570 4
755 4196 8
755 3076 3
756 380 1
756 1712 4
757 2781 2
758 3972 4
758 3052 2
758 2709 10
758 546 5
758 3221 6
759 3411 10
760 1979 8
761 1562 8
761 4722 1
762 2871 9
762 1548 3
762 1439 5
762 595 9
762 3901 2
763 5000 4
764 3871 2
764 104 6
765 2917 1
765 3774 5
765 787 8
766 4740 4
766 2579 10
766 379 6
766 849 3
766 1464 10
767 2785 5
767 2613 1
767 3110 3
768 1396 10
768 1534 6
768 3017 5
768 1697 9
769 4941 4
769 1207 9
770 4160 5
770 4579 3
771 2 9
771 3877 4
771 3145 6
772 616 7
773 4465 8
773 3421 4
774 3407 8
774 1012 3
774 4987 8
774 4971 7
774 689 2
775 3566 6
775 4154 3
775 2103 6
775 1776 2
775 3255 2
776 3569 4
777 1111 9
777 2173 5
777 3508 9
777 628 2
777 974 10
778 2995 4
779 2359 9
779 1442 4
779 2010 3
779 1633 8
779 3772 8
780 1905 9
780 1864 7
780 2426 5
780 3838 1
780 2197 5
781 2186 10
781 1172 4
781 2444 6
781 3244 1
782 1558 8
782 815 8
782 2120 9
782 1715 2
782 3217 3
783 4255 10
783 2657 5
784 140 8
784 3828 1
785 1931 4
785 1337 1
785 4339 9
785 3819 8
785 622 1
786 2774 10
786 3189 7
786 3845 2
786 3982 6
786 1141 9
787 3157 9
787 2515 6
788 4541 8
789 3577 7
789 4517 1
789 4524 9
789 2091 8
790 1544 6
791 742 10
791 636 1
791 1602 10
791 1727 4
791 3542 10
792 4004 10
793 2724 4
794 2668 6
794 4824 7
794 3271 4
794 1518 10
795 2778 9
795 3137 3
795 4165 2
795 6 8
795 3079 1
796 3277 6
796 1024 8
796 2935 2
797 4725 1
797 1756 10
797 1608 10
797 4385 7
797 1505 3
798 143 3
798 470 9
798 4046 9
798 1103 10
798 720 8
799 4176 6
799 3434 4
799 363 8
800 1644 9
801 2708 9
801 623 1
802 3764 4
802 3014 10
802 149 2
802 4916 4
803 4229 6
803 999 6
803 162 10
803 4468 9
803 2176 7
804 2505 7
804 3750 9
804 3396 8
804 232 10
804 3169 9
805 868 2
805 1793 10
805 1616 7
806 3147 1
806 1779 3
806 3472 10
806 3339 8
806 3117 10
807 1964 7
807 4677 6
807 4779 10
807 1283 8
808 402 2
809 2791 8
809 4249 5
809 265 1
809 3889 4
810 3807 6
810 1449 8
811 4099 4
811 3733 7
812 285 10
812 3112 6
813 3671 1
813 3846 3
813 3382 5
813 2135 4
813 1258 10
814 4140 3
815 3384 6
815 79 7
815 3796 1
816 4336 10
816 3057 8
816 3680 8
816 1889 1
817 3341 7
818 3007 8
818 2197 10
818 2674 2
818 4759 7
819 2774 10
819 1141 1
819 3189 3
819 4692 9
819 2223 9
820 997 8
820 1493 5
820 2722 3
820 4815 4
821 556 9
821 3609 4
821 1818 8
822 1436 10
823 183 9
823 1742 4
823 2663 1
823 3242 1
824 1158 8
824 747 8
824 2965 7
824 3437 1
825 3416 6
825 3177 9
825 386 9
825 1004 9
826 3429 2
826 2664 5
826 1155 3
826 3182 4
826 1823 10
827 2142 9
827 2815 7
827 1844 3
827 829 6
828 3007 8
829 1993 8
829 3473 7
829 2776 6
829 3170 8
829 1227 1
830 1593 1
830 1324 10
831 3116 9
831 3118 5
831 354 6
831 3398 5
831 2235 1
832 2459 9
832 4048 3
833 3707 2
834 3746 9
834 4378 3
834 896 6
835 3211 2
835 4916 4
835 932 10
836 4110 1
836 3569 5
836 3923 6
836 3730 5
836 49 3
837 3987 8
837 2668 4
837 1544 3
837 1518 10
838 3415 2
838 3499 7
839 702 1
839 2277 9
840 1263 8
841 2104 2
841 4741 2
841 3291 8
841 3298 9
842 4039 5
842 4898 8
842 1919 1
842 2480 4
842 3232 5
843 953 8
843 25 3
843 4264 4
843 2428 3
843 2479 5
844 3861 6
844 1481 2
844 792 7
844 3965 10
845 1777 4
845 4812 6
846 1076 4
846 1251 3
847 1711 4
847 4907 5
847 3809 1
848 4236 7
848 2146 3
848 1879 8
849 3985 3
849 4587 1
849 2293 9
850 3246 4
850 417 9
850 1649 8
850 2028 3
851 4707 4
851 2809 10
851 1858 5
852 1120 10
852 2790 5
852 3199 5
852 1053 8
852 518 10
853 149 6
853 288 3
854 1331 2
854 4762 8
855 3143 9
855 2991 1
855 4449 1
855 1732 4
855 2095 2
856 3732 1
856 4860 9
856 369 4
856 199 9
857 562 7
858 1210 2
858 3607 3
858 454 1
858 161 4
859 4743 10
859 4207 8
859 2438 9
859 1472 9
859 3760 10
860 4461 8
861 4423 7
861 1712 8
861 332 9
861 2516 1
862 3280 9
862 1199 2
862 2962 6
862 3676 3
862 1431 2
863 4750 7
863 1697 5
863 1534 6
864 3670 6
864 3945 3
865 3892 9
865 2163 6
865 4162 10
865 1368 4
865 387 6
866 1638 5
866 4098 10
867 3539 2
867 1498 4
867 1817 1
867 4814 10
867 4806 2
868 2023 9
869 4357 1
870 4101 2
870 4095 1
870 1687 3
871 4155 6
871 1327 2
871 1378 2
871 2752 6
871 184 4
872 4688 3
872 3795 7
873 2245 8
873 541 2
873 2738 7
873 2092 3
874 241 8
875 3687 10
875 3797 10
876 3715 2
876 249 8
876 1519 7
876 326 4
877 4185 5
877 4905 10
877 4030 4
877 2175 3
878 1382 8
879 1914 5
880 4989 8
880 4411 8
881 4394 4
881 931 4
881 1211 4
881 2339 1
881 4567 2
882 1739 2
882 406 4
882 1698 10
882 1637 1
882 4120 5
883 3326 7
883 4384 3
883 3 8
883 726 3
883 3699 10
884 474 7
885 99 1
885 358 2
886 2351 10
886 270 1
886 4125 10
886 952 4
887 1052 10
887 1765 7
887 1604 4
887 2576 1
887 2311 9
888 2077 7
888 1792 2
888 3894 8
888 3181 10
889 41 10
889 3173 8
889 427 8
890 2574 10
890 3003 7
890 2410 9
891 4053 4
892 1 10
892 2868 6
892 1292 7
892 4329 9
892 4286 10
893 3991 3
893 1587 3
893 2022 3
893 2667 5
893 3880 5
894 4771 8
894 1745 6
894 123 9
895 4736 2
895 378 3
895 390 1
896 2306 5
896 2588 4
896 674 9
896 3675 5
896 1438 1
897 2668 9
897 4468 1
898 2185 3
898 2271 7
898 340 8
898 2481 6
899 1829 9
900 4857 7
900 3128 4
901 2288 3
902 913 5
902 2814 4
902 2513 2
903 221 9
903 2320 10
903 4246 4
903 69 1
904 155 10
904 3678 6
904 2493 4
904 2991 7
905 4783 1
905 1131 10
905 4149 6
906 593 5
906 4822 7
907 4083 10
907 2666 2
907 4651 9
908 2121 4
908 4858 8
908 4236 7
908 2146 2
909 1628 3
910 2297 3
910 2716 7
910 4884 5
910 2149 10
910 2775 7
911 1076 2
911 1725 9
911 920 7
911 3718 1
911 4841 10
912 2905 2
912 377 5
912 4773 5
912 3488 10
912 1167 8
913 4225 10
913 2605 6
913 2257 7
913 1252 1
913 4665 5
914 4447 8
914 1490 10
915 2663 3
916 1695 10
916 3049 6
916 3553 3
916 3635 7
916 3148 7
917 3181 5
917 3474 3
918 1672 7
918 2336 1
918 1132 9
919 4009 3
919 2959 7
919 2593 8
919 3171 8
919 1273 10
920 1148 8
920 279 10
921 630 2
921 2131 6
922 3857 7
922 4178 5
922 3484 2
922 1097 10
923 2431 6
923 4057 5
924 3599 6
924 3915 6
924 3091 1
924 3528 8
924 3665 7
925 2583 2
925 2310 5
925 2328 1
925 2400 3
926 4593 8
926 2908 4
926 178 8
926 2923 10
927 782 6
928 1310 1
928 3560 4
928 3143 3
929 4736 3
929 1668 5
929 3581 6
929 4210 4
929 426 4
930 267 4
931 2193 6
931 4394 2
931 2136 5
932 878 8
932 1610 7
932 84 4
932 1382 8
933 1853 10
934 4317 6
934 892 1
934 3179 8
934 2574 8
934 4276 10
935 433 3
936 3604 1
936 3800 2
936 2124 8
936 2799 1
936 2609 1
937 2208 10
937 1599 10
937 3581 7
937 4209 8
937 929 9
938 3845 3
938 1643 1
939 227 10
939 1218 9
939 4474 3
939 4019 9
940 1842 8
940 4312 3
940 2000 6
941 2675 4
941 131 1
941 4910 4
941 4418 10
941 4560 3
942 4199 10
942 3261 3
942 389 10
943 1567 4
943 4252 5
943 3794 3
943 467 4
944 4082 10
944 2633 5
944 2200 8
945 1311 9
945 1810 1
945 2030 1
945 2646 10
945 2363 8
946 2915 8
946 4645 9
946 3647 2
947 3969 4
947 3798 4
947 995 1
947 4622 5
947 414 1
948 3067 10
948 1032 4
948 4422 5
948 2062 6
948 3466 7
949 1500 2
949 4813 8
949 4835 6
950 1387 4
950 3572 9
950 3085 3
950 4600 3
951 362 4
951 3584 5
951 778 8
952 2818 9
952 3225 5
952 4807 3
952 4475 10
952 270 7
953 2872 9
953 2428 2
953 3976 5
953 2977 8
954 615 2
954 4723 7
954 943 9
954 4199 1
955 4319 4
955 3145 4
956 2543 3
957 2319 5
958 1137 8
959 3726 5
959 3205 5
960 3378 3
960 4496 1
960 681 7
960 3116 10
961 1179 5
961 4468 3
961 897 6
962 3427 4
962 1988 8
963 674 3
963 269 8
964 63 7
964 1862 2
965 837 10
965 281 5
965 753 7
965 1565 1
965 3271 4
966 2417 4
966 499 8
966 397 3
966 3723 1
966 216 6
967 2585 5
968 3818 4
968 1000 1
968 155 3
968 3678 10
969 1113 10
969 4030 2
970 2364 1
970 2368 8
970 4527 8
970 4556 7
970 4885 8
971 1189 1
971 3997 6
971 2723 3
971 2240 2
971 4265 7
972 962 2
972 1988 1
972 4999 4
973 2265 2
973 3726 2
973 1507 3
973 4295 2
974 1073 8
974 2637 7
974 594 3
975 3177 9
975 2804 6
975 2533 6
976 961 2
976 897 2
977 1192 7
977 2064 10
978 4696 8
978 4508 8
978 4705 8
978 1952 8
979 1752 8
979 4838 4
980 382 9
980 1231 3
980 3990 5
980 1664 7
981 4718 6
982 1351 1
982 1823 3
982 1822 2
982 1896 3
982 2664 5
983 3100 1
983 2151 10
983 253 2
983 2340 6
983 1156 4
984 165 7
984 3938 10
984 4518 2
985 1529 10
985 3214 3
985 2781 6
986 4197 10
987 2001 8
987 2933 10
987 1602 9
987 636 8
988 1520 9
988 3148 10
988 2696 2
988 268 1
988 2466 2
989 2153 9
990 1423 3
990 4219 9
990 3264 7
990 954 1
991 1752 4
992 1545 5
992 2928 2
992 2316 2
993 2010 3
993 2802 5
993 1087 7
994 2992 6
994 4087 1
994 3535 6
994 2616 3
994 1962 5
995 4950 5
995 1663 1
996 88 3
996 2778 3
996 399 8
997 1493 4
997 564 9
998 3593 7
998 4034 7
998 3416 7
999 4468 4
999 2805 4
1000 4047 4
1000 4542 8
1001 456 8
1002 1590 5
1002 1281 5
1003 3106 7
1003 2433 1
1004 4017 10
1004 1781 9
1004 3050 7
1004 1626 10
1004 513 7
1005 2197 1
1005 2393 7
1006 3611 5
1006 4059 9
1006 1593 1
1006 1324 3
1006 1586 3
1007 3309 8
1007 1712 1
1008 2910 10
1008 2417 2
1008 2719 10
1008 777 3
1009 3616 4
1009 4932 9
1010 4006 1
1010 1372 7
1010 1459 6
1011 4150 8
1011 1356 3
1011 4183 4
1011 3487 8
1012 4003 7
1012 2043 8
1013 2006 2
1013 3502 3
1014 3440 2
1015 1557 2
1015 2736 1
1015 262 1
1015 3955 2
1016 4431 8
1017 3575 1
1017 4367 4
1017 3730 1
1017 2712 2
1017 2529 10
1018 4001 2
1018 2740 2
1018 4440 6
1019 4866 2
1019 4454 2
1019 3727 9
1019 1159 9
1019 4700 5
1020 2775 2
1020 4342 6
1020 4020 9
1020 3720 7
1021 3617 8
1021 716 3
1021 4053 5
1021 1184 6
1022 2921 6
1022 2034 9
1022 2571 7
1023 3696 5
1023 1708 4
1023 4851 8
1024 2387 7
1024 441 2
1024 1199 4
1024 1479 4
1024 2935 9
1025 1197 1
1025 1934 9
1025 3531 5
1026 237 8
1027 1540 2
1028 49 1
1028 4525 7
1028 4110 5
1029 2880 6
1030 2657 6
1030 2661 1
1030 3670 9
1030 3829 3
1031 3342 3
1031 1665 8
1031 3243 6
1032 363 4
1032 2106 4
1032 3434 2
1032 799 8
1033 3054 10
1034 2132 1
1035 4348 9
1035 1319 6
1035 1256 10
1035 4015 9
1036 4270 3
1036 422 2
1036 3654 5
1036 2165 1
1036 2671 8
1037 1925 8
1037 3984 5
1037 2046 4
1037 4074 2
1038 4226 10
1038 2303 2
1039 928 10
1039 1310 9
1039 575 10
1040 1866 9
1040 188 8
1040 1900 7
1040 1001 1
1040 3007 2
1041 416 3
1041 1489 6
1042 4308 2
1043 243 1
1043 2773 5
1043 1097 6
1043 4178 4
1044 542 5
1044 2986 8
1044 4071 1
1044 3284 2
1045 3178 5
1045 4713 7
1046 1003 5
1046 1696 8
1046 898 9
1046 4999 1
1047 73 1
1047 887 8
1047 4009 8
1048 1527 9
1048 3639 6
1049 4073 2
1049 4182 10
1049 1206 7
1049 2916 2
1049 331 4
1050 1161 6
1050 3152 3
1050 4673 7
1050 1465 6
1050 2779 9
1051 351 3
1051 787 6
1051 2594 3
1051 3157 1
1051 640 6
1052 4954 1
1052 2260 3
1052 2938 4
1052 1237 4
1053 3787 2
1053 2519 1
1053 4198 9
1053 1070 1
1054 4119 5
1054 3900 10
1055 1550 1
1055 2031 9
1056 2701 9
1056 2446 1
1056 2967 2
1057 843 5
1057 3351 7
1057 1554 9
1057 4017 6
1057 2913 3
1058 3466 5
1058 2567 1
1058 984 1
1059 4699 2
1059 1386 1
1060 2827 9
1061 256 2
1061 1103 9
1062 1555 2
1062 4703 2
1062 1213 6
1062 3256 4
1062 3837 1
1063 622 5
1063 1837 8
1063 2575 10
1063 3587 9
1063 3139 1
1064 1308 5
1065 3416 6
1065 3555 5
1065 1781 8
1065 3177 2
1066 2042 8
1066 4259 8
1066 3260 6
1066 3027 8
1067 2169 2
1067 1798 2
1067 4079 5
1067 1281 9
1067 385 5
1068 238 1
1068 539 7
1069 2548 10
1070 261 7
1070 2191 6
1070 4198 2
1070 3523 7
1070 1515 5
1071 1197 1
1071 1338 5
1071 2254 7
1071 3875 6
1071 4760 9
1072 3520 3
1072 2193 4
1072 3142 4
1072 744 6
1072 1090 1
1073 1098 5
1073 3474 1
1073 917 5
1073 57 10
1073 224 6
1074 1301 6
1075 4845 10
1075 4082 3
1076 362 5
1076 1579 9
1076 951 6
1076 3258 7
1076 3881 4
1077 1296 3
1077 361 5
1077 1153 3
1078 661 5
1078 540 8
1079 2473 10
1080 4783 2
1080 1131 7
1081 3509 2
1081 395 5
1082 2369 6
1082 4980 10
1082 4599 5
1083 2446 9
1083 2701 7
1083 3503 9
1083 1028 5
1084 2636 5
1084 70 4
1085 3945 5
1085 20 4
1085 3641 7
1086 2766 3
1086 4141 4
1086 3701 8
1086 3677 9
1087 534 3
1087 3028 1
1087 2550 8
1087 1469 1
1088 40 3
1088 4172 2
1088 2366 10
1089 2921 4
1089 2034 3
1089 1451 6
1090 931 2
1090 3471 4
1091 2359 7
1091 198 6
1091 3313 7
1091 4718 7
1092 926 1
1092 178 1
1093 1125 3
1093 1034 9
1093 2065 3
1093 2930 9
1094 2994 2
1095 3526 9
1095 4784 1
1096 4717 7
1096 4171 9
1096 1002 9
1096 4745 8
1096 4166 6
1097 3857 8
1097 4714 7
1097 4809 9
1098 547 10
1098 2677 1
1099 3216 6
1099 1105 2
1100 3526 5
1100 3655 7
1101 4095 8
1101 619 4
1102 286 1
1102 431 10
1102 125 10
1102 4608 3
1102 2470 2
1103 4046 3
1103 720 4
1103 3773 2
1103 3410 2
1103 2287 5
1104 4372 6
1104 2232 10
1104 1767 4
1105 1929 1
1105 1701 4
1105 3208 9
1105 2131 5
1106 2857 3
1107 4363 7
1107 3199 5
1108 645 7
1109 689 6
1109 4794 2
1110 2021 4
1110 4332 7
1110 2287 5
1111 3817 9
1112 4047 8
1112 1000 1
1112 3065 6
1113 2391 1
1113 816 3
1113 4030 5
1113 4336 5
1114 3089 10
1115 4092 5
1115 618 7
1116 3778 9
1116 2582 2
1116 1894 1
1116 4434 9
1116 3172 9
1117 4974 6
1117 3823 3
1117 2153 1
1118 2489 5
1118 1678 8
1119 4016 9
1119 3481 5
1119 4058 6
1120 2519 3
1120 4081 10
1121 350 7
1121 4570 1
1121 547 4
1121 80 4
1122 1966 5
1122 1331 4
1123 4989 7
1124 1096 6
1124 4672 9
1125 3514 5
1125 178 6
1125 2132 4
1125 4796 5
1125 4593 3
1126 2894 2
1127 3384 5
1128 3578 9
1128 1820 9
1128 4833 8
1128 1374 7
1128 2085 10
1129 2237 9
1130 4542 3
1130 4958 4
1130 209 1
1130 2602 7
1130 186 8
1131 4783 8
1131 2481 2
1131 1046 8
1131 4599 10
1131 2728 3
1132 2490 7
1132 1672 10
1133 505 8
1133 2631 3
1134 4029 1
1135 2393 9
1136 4906 6
1136 3746 7
1136 330 6
1136 4192 2
1136 860 10
1137 4123 6
1138 4910 7
1138 1189 10
1138 2679 6
1138 2322 8
1138 641 7
1139 841 3
1139 3298 10
1139 3291 5
1140 4323 4
1140 4780 7
1140 510 9
1140 1775 10
1141 1643 4
1141 3295 1
1141 1882 1
1142 1778 2
1142 3360 2
1142 3607 5
1142 858 7
1143 3597 2
1143 4329 7
1144 2571 6
1144 2034 9
1145 4132 5
1145 1193 3
1146 3656 1
1146 3694 8
1146 2974 4
1146 2079 5
1147 2809 10
1147 851 1
1147 3194 5
1147 444 9
1147 4707 4
1148 3584 2
1148 791 4
1148 742 7
1149 4772 9
1150 1643 9
1150 720 10
1151 3822 5
1151 2502 9
1152 2179 8
1152 2541 7
1153 1857 4
1154 2527 5
1154 1470 10
1154 287 10
1154 2512 3
1155 2858 9
1155 187 10
1155 3387 2
1156 2450 4
1157 2916 1
1158 866 10
1159 4543 9
1159 2976 9
1160 1004 9
1160 1713 3
1160 181 4
1160 2033 3
1160 490 1
1161 922 9
1161 243 9
1161 3197 6
1161 1503 5
1162 2322 5
1163 933 6
1164 2459 2
1164 4252 10
1165 1828 6
1165 4686 9
1166 1946 5
1166 4458 10
1166 2319 2
1167 1299 9
1167 3914 4
1167 3543 2
1167 4744 1
1167 377 10
1168 4616 9
1169 3325 3
1169 789 9
1169 3099 6
1169 2012 8
1170 3025 7
1170 3261 10
1170 4754 6
1171 1947 8
1171 4199 9
1172 2557 6
1172 4799 6
1173 2260 1
1173 4344 4
1173 1237 10
1173 1240 6
1174 4390 10
1174 4711 6
1174 3436 9
1174 2333 3
1175 4803 2
1176 2501 7
1176 4119 2
1177 3053 9
1177 4240 6
1177 1234 5
1177 1620 10
1178 1058 4
1179 78 4
1179 1471 7
1180 3181 2
1180 464 3
1181 3330 8
1182 4719 9
1182 4801 9
1182 4310 6
1183 2478 9
1184 949 8
1184 4389 6
1184 4670 3
1184 36 9
1184 144 7
1185 2480 5
1185 2813 1
1185 1919 9
1185 1609 2
1186 3542 1
1186 3258 10
1186 778 4
1187 3843 7
1187 4542 7
1187 1130 5
1187 2602 10
1188 10 7
1188 1310 1
1188 3818 9
1189 460 7
1189 3316 9
1190 4803 9
1190 1175 6
1191 1919 8
1191 4071 6
1191 2813 5
1192 3885 4
1192 2064 10
1192 4839 8
1193 4471 7
1194 4126 8
1194 3734 10
1194 4947 2
1194 4742 3
1194 3320 4
1195 1197 5
1195 4760 6
1195 1338 6
1195 3875 6
1195 3531 10
1196 1899 10
1196 1386 7
1196 3095 6
1196 3933 6
1196 4347 5
1197 1567 2
1197 2380 10
1197 1953 3
1197 1947 2
1198 3458 3
1198 4702 2
1198 4943 8
1198 140 4
1198 3711 5
1199 1479 1
1199 2935 9
1199 3280 1
1199 4507 2
1200 1038 5
1201 714 6
1201 4492 5
1201 307 1
1201 4112 3
1201 2684 7
1202 1852 9
1202 4032 8
1202 3910 9
1202 3681 3
1202 3650 6
1203 4199 10
1204 2263 7
1205 2654 10
1206 2376 1
1206 4073 6
1207 1739 2
1207 152 10
1207 4120 9
1207 882 1
1208 4031 5
1209 4454 10
1210 1991 5
1210 4461 2
1211 1901 7
1211 1897 1
1211 3471 5
1211 2339 8
1212 2480 1
1212 3513 2
1212 3348 4
1213 3130 2
1213 4739 8
1213 4740 5
1213 1464 10
1214 4787 6
1214 4869 4
1214 2573 5
1214 50 1
1214 276 3
1215 3229 4
1215 4462 5
1215 4124 6
1216 301 10
1216 1099 6
1216 551 4
1216 735 10
1216 759 10
1217 2958 5
1217 3680 3
1217 2570 2
1218 4158 4
1218 2900 7
1218 2776 8
1219 3450 6
1220 1744 6
1220 4381 10
1221 576 8
1221 4949 9
1221 2832 9
1221 3547 5
1222 3778 5
1222 1894 4
1222 650 10
1223 1827 5
1223 3796 4
1223 1487 8
1223 1967 2
1223 4 2
1224 1291 5
1224 3637 7
1225 2976 3
1225 1682 1
1225 3327 9
1225 4543 1
1226 4798 1
1226 3348 1
1226 2813 2
1226 2986 3
1227 3643 4
1227 3473 8
1227 2900 3
1227 2776 6
1227 182 6
1228 4359 6
1228 1233 5
1228 440 8
1229 3618 5
1230 3118 2
1230 354 7
1230 3378 4
1230 4496 2
1230 1154 9
1231 382 4
1231 3990 2
1232 2028 2
1233 1909 3
1233 1888 10
1234 618 7
1235 1455 4
1235 3364 9
1235 1364 6
1236 752 4
1236 3780 3
1236 382 3
1237 4495 7
1237 3460 6
1237 4397 9
1238 1607 9
1239 1806 7
1240 4909 2
1240 3808 1
1241 3011 3
1242 1074 7
1242 780 6
1242 2531 5
1243 2814 6
1243 4225 1
1243 3723 4
1243 2910 3
1243 4665 1
1244 4164 4
1244 2638 6
1245 2680 6
1245 1358 5
1245 1129 9
1245 1773 4
1245 1676 5
1246 317 7
1246 1930 7
1246 3848 6
1247 3338 7
1247 1643 9
1247 4046 4
1248 2405 9
1249 588 4
1249 3956 4
1249 2674 8
1249 2811 8
1249 3432 10
1250 759 7
1250 84 2
1250 398 6
1250 2836 4
1251 191 3
1251 2724 5
1251 613 10
1251 3421 8
1252 3072 8
1253 10 10
1253 986 1
1253 4029 8
1253 1825 8
1254 358 7
1254 2201 3
1254 1469 6
1254 2488 4
1255 1715 8
1255 1127 10
1255 3292 3
1255 4586 10
1255 4248 2
1256 59 6
1257 3900 8
1257 418 10
1257 2172 1
1257 2501 5
1257 616 4
1258 3382 6
1258 3846 10
1258 3614 2
1258 2135 5
1258 3659 1
1259 4409 8
1259 3492 3
1259 2238 2
1259 991 3
1259 839 5
1260 3934 7
1260 3756 4
1260 3043 3
1260 2471 1
1260 4682 5
1261 290 2
1261 4872 9
1261 3155 2
1261 2491 3
1262 59 6
1262 1256 10
1262 1666 8
1263 2830 9
1263 4257 2
1264 4847 4
1264 2299 2
1264 3683 9
1264 1533 7
1265 706 3
1265 3128 4
1265 4857 9
1265 4851 2
1265 2204 5
1266 1355 1
1266 4667 7
1267 2776 5
1267 4109 6
1267 4474 4
1267 2744 9
1268 4262 2
1268 4914 9
1268 4441 1
1268 3653 5
1269 3653 6
1270 3370 3
1271 953 2
1271 513 10
1271 3918 7
1271 2428 3
1271 2913 4
1272 4164 4
1272 763 2
1272 2638 7
1272 3907 5
1272 1581 10
1273 2821 9
1274 1615 2
1274 2964 10
1274 2863 5
1274 2212 7
1275 4565 10
1275 710 4
1275 3550 1
1276 3447 2
1276 3568 4
1276 4643 8
1277 3805 7
1277 2167 6
1277 1912 1
1278 3659 9
1279 26 10
1279 1469 10
1279 308 7
1280 49 9
1280 2555 5
1280 147 2
1280 1083 2
1280 1961 8
1281 2252 7
1281 3596 8
1281 3734 9
1281 3320 4
1282 2972 10
1282 4106 2
1283 2772 8
1283 3774 3
1283 1204 8
1283 682 5
1284 1633 8
1284 2010 7
1284 1442 4
1284 1971 5
1284 2359 2
1285 1425 7
1285 1447 2
1285 4176 9
1286 2538 9
1286 3470 10
1287 830 4
1287 3680 1
1287 1586 5
1287 2570 8
1287 2056 5
1288 3903 4
1288 2227 5
1289 3133 8
1289 2139 3
1290 1379 8
1291 3935 3
1291 3646 6
1291 3637 2
1291 2234 4
1291 2704 2
1292 4663 6
1292 2798 8
1292 4616 6
1292 137 3
1293 2053 8
1293 1958 5
1293 4470 6
1293 4601 4
1294 2953 1
1294 4458 6
1294 2224 5
1295 4785 8
1295 10 7
1295 4542 6
1296 4784 7
1296 4966 6
1296 1857 9
1296 1095 8
1296 361 7
1297 4426 7
1298 3501 6
1299 4470 7
1299 1958 8
1299 782 6
1299 3209 4
1299 4601 1
1300 3906 4
1300 4933 4
1300 3511 1
1300 4485 6
1301 1719 7
1301 173 3
1301 2790 1
1302 2577 4
1302 692 9
1302 4492 8
1302 3553 3
1302 1407 2
1303 595 10
1303 4438 4
1304 1900 6
1304 3838 4
1304 1005 6
1304 818 6
1305 2781 6
1305 3214 2
1305 2261 7
1305 1529 1
1306 3600 2
1306 3093 9
1306 468 3
1306 752 6
1306 2323 5
1307 4431 9
1307 2631 2
1308 4556 4
1308 4349 2
1308 4527 6
1308 3522 9
1309 2731 7
1309 2521 7
1310 1825 1
1311 2646 4
1311 1810 9
1311 869 2
1311 2363 8
1311 2030 3
1312 4270 4
1312 1631 8
1313 4018 5
1313 3684 3
1314 1469 8
1314 198 8
1315 3752 1
1315 2023 2
1315 3909 10
1316 2728 3
1316 3106 8
1316 4939 5
1316 1383 9
1317 4886 7
1317 4008 3
1317 4018 1
1318 4230 7
1319 4466 8
1319 3529 6
1319 1543 1
1320 288 4
1320 3848 10
1321 2232 1
1321 1199 1
1321 2935 5
1322 4043 8
1322 833 5
1322 3707 4
1323 762 2
1323 4800 6
1323 3490 7
1323 709 5
1324 459 3
1325 4270 3
1325 4508 2
1325 1916 6
1325 4335 1
1325 4853 8
1326 2328 2
1327 4939 10
1327 2044 7
1327 2481 2
1327 3582 10
1328 3391 6
1328 4159 3
1329 3878 5
1330 1962 3
1330 4087 8
1330 4636 10
1330 4366 7
1330 4880 8
1331 1493 8
1331 4762 1
1331 2722 7
1332 1841 10
1332 2963 5
1332 1928 7
1332 2323 6
1332 2499 5
1333 2335 2
1334 897 2
1334 2968 3
1334 4065 10
1334 4368 3
1334 1493 4
1335 2021 6
1335 4957 3
1335 938 2
1335 1643 10
1335 3563 6
1336 4260 9
1336 4005 10
1336 1792 6
1336 3763 4
1337 1617 5
1337 3401 3
1337 2294 10
1337 1462 3
1338 1953 4
1338 1947 6
1338 2498 1
1338 2380 1
1339 4616 8
1339 2249 10
1339 4173 4
1339 4663 1
1340 702 6
1340 2817 1
1340 719 3
1340 1709 2
1341 4558 3
1341 4607 3
1341 2008 3
1341 2914 10
1342 3444 9
1342 2914 6
1342 645 2
1342 3540 5
1342 4687 8
1343 2869 5
1343 3413 4
1344 4136 9
1344 3054 5
1344 1033 6
1344 1742 3
1345 1552 4
1346 1669 5
1346 4652 3
1347 2684 6
1347 3580 1
1347 2686 4
1348 2975 8
1348 4947 9
1348 4717 6
1349 4832 7
1349 2508 1
1349 1352 9
1349 4704 3
1349 423 4
1350 3186 6
1351 2321 7
1351 596 9
1352 1075 2
1352 4832 5
1353 3174 3
1354 2138 8
1354 1190 8
1354 4496 6
1355 3354 6
1355 4301 8
1355 4976 4
1355 2807 8
1355 1768 2
1356 4341 10
1356 1951 4
1356 1499 2
1356 1634 1
1357 2060 5
1357 1286 4
1357 2357 4
1358 2237 4
1358 2926 5
1358 2781 7
1358 2261 6
1359 1601 9
1359 1382 3
1359 4757 2
1359 84 7
1359 2590 3
1360 1772 6
1360 2 5
1361 4830 10
1361 2218 6
1361 538 8
1361 2049 4
1362 1632 1
1362 1457 4
1362 3372 3
1363 2655 3
1363 600 10
1363 4776 6
1364 4371 9
1365 4114 5
1365 584 4
1365 1625 3
1365 4123 3
1366 1808 2
1367 1975 7
1367 1304 3
1367 1864 1
1367 28 10
1367 2393 4
1368 427 6
1368 2456 9
1368 519 5
1369 2812 5
1369 3792 7
1370 690 1
1370 895 3
1370 219 2
1370 114 8
1370 2304 6
1371 2023 7
1371 4697 1
1371 1612 3
1371 3752 5
1372 4542 5
1372 855 8
1373 4784 9
1374 2085 1
1374 4806 2
1374 4814 10
1375 2277 5
1375 4980 4
1375 979 5
1375 3272 3
1376 4850 7
1376 2716 7
1376 2358 8
1376 3720 5
1377 3413 2
1377 860 9
1378 4939 7
1378 4142 3
1378 2752 2
1378 2481 10
1378 340 3
1379 223 2
1379 3683 4
1379 4460 8
1379 4119 2
1379 3827 5
1380 3549 4
1380 4287 3
1380 870 9
1380 3653 1
1381 4187 1
1382 1469 2
1383 2185 7
1383 4980 4
1384 1320 6
1384 835 6
1384 2624 5
1385 2683 8
1385 3544 5
1385 1313 9
1385 4288 9
1386 4791 4
1386 1435 9
1387 4600 8
1388 3170 3
1389 4209 5
1389 378 10
1389 1466 10
1389 1599 4
1390 778 5
1391 4102 10
1392 2103 3
1392 4576 7
1392 3255 10
1392 4154 4
1392 3566 1
1393 3007 3
1394 3501 2
1395 1518 1
1396 3564 5
1396 2336 10
1396 4968 6
1397 4989 6
1397 1361 9
1397 3155 8
1398 3261 7
1399 2079 3
1399 2974 9
1400 2128 9
1400 314 9
1401 2590 3
1401 4757 10
1401 3236 10
1401 3233 7
1402 3835 4
1402 3812 4
1402 4143 4
1403 4987 5
1403 689 8
1404 1358 2
1404 3791 3
1404 1773 6
1404 1655 9
1404 493 10
1405 3694 2
1405 298 3
1405 3770 6
1405 2101 6
1406 3023 4
1407 2466 2
1407 453 3
1407 4625 3
1407 1288 7
1408 467 6
1409 3840 2
1409 1540 4
1409 4241 6
1409 4763 8
1410 2566 4
1410 468 4
1410 2020 9
1411 2472 6
1411 3532 3
1411 451 10
1412 4115 4
1412 131 4
1412 583 8
1413 996 9
1413 4614 8
1413 593 10
1413 4201 6
1413 102 6
1414 2390 8
1414 1687 7
1415 2583 2
1415 4417 1
1415 3312 4
1415 4058 4
1416 2537 3
1416 1472 9
1416 401 7
1417 3844 9
1417 4800 1
1417 762 5
1417 4164 7
1418 3637 5
1418 2704 6
1418 3646 5
1419 2317 4
1419 4231 4
1419 3887 1
1419 521 6
1420 2059 3
1420 4642 7
1421 1445 10
1421 4072 5
1421 599 10
1421 1790 1
1422 4871 10
1422 4768 7
1422 4324 8
1422 2303 10
1422 38 3
1423 420 5
1423 4774 5
1423 4049 1
1423 1408 4
1424 2034 10
1424 4275 9
1424 4728 9
1424 1451 9
1425 1177 3
1425 165 10
1425 4176 10
1426 3995 3
1426 3453 3
1426 3342 10
1426 946 7
1426 3644 6
1427 3195 8
1428 1599 1
1428 2768 6
1428 3230 5
1428 390 9
1429 1854 4
1429 2538 1
1429 4598 5
1429 1655 9
1430 4537 4
1430 1059 4
1431 2935 9
1431 1199 8
1431 4507 9
1432 2611 6
1433 1510 2
1433 4670 10
1434 40 10
1434 319 5
1434 3636 4
1434 3425 6
1434 4420 4
1435 3095 2
1435 908 2
1436 4103 5
1436 2227 6
1436 4879 3
1436 1782 10
1437 455 4
1437 1870 3
1437 3169 5
1437 1614 9
1438 2830 3
1438 4484 2
1438 4257 10
1438 3413 6
1439 1718 7
1439 2972 2
1440 1826 2
1441 958 10
1441 2105 5
1441 285 2
1441 3343 2
1441 2564 9
1442 2550 8
1442 3028 1
1442 1140 2
1442 3233 5
1442 2883 5
1443 3156 3
1443 3646 9
1443 3637 10
1443 3935 4
1444 4643 1
1444 4216 10
1445 356 1
1445 4349 5
1445 4013 6
1445 4556 4
1446 4179 2
1446 1828 8
1446 4194 5
1446 3807 5
1447 4612 9
1447 1177 6
1447 1865 9
1447 2106 1
1447 519 6
1448 1768 8
1448 2302 10
1449 4051 4
1450 637 9
1450 3240 2
1450 3679 4
1450 1490 7
1450 2093 9
1451 3206 8
1451 2571 8
1452 2571 8
1452 3731 5
1453 4391 8
1453 4397 5
1453 4177 3
1453 1237 8
1454 3589 3
1454 3900 7
1454 2659 10
1454 2164 4
1455 3306 7
1456 62 4
1456 2429 3
1457 924 9
1458 2962 6
1458 3277 10
1458 2232 3
1458 2935 8
1459 1772 5
1459 575 1
1460 4169 5
1461 2183 6
1462 415 6
1462 1837 6
1462 3697 8
1463 1103 2
1463 938 3
1463 720 4
1464 4076 1
1464 4526 9
1464 2865 2
1464 537 7
1465 1503 1
1465 4975 9
1465 2841 7
1465 563 10
1465 1903 1
1466 1537 1
1466 2797 9
1466 4795 6
1467 4175 1
1468 833 4
1468 3452 8
1468 915 5
1468 1344 8
1468 4151 4
1469 54 1
1469 4037 4
1469 4296 4
1469 4068 2
1469 2073 5
1470 1662 10
1470 2713 5
1471 897 7
1471 790 1
1472 4472 6
1472 3624 3
1472 2537 6
1473 4933 5
1473 3310 8
1473 3906 10
1473 4485 7
1474 1531 3
1474 3307 3
1475 652 7
1475 3816 7
1475 2232 3
1476 4367 9
1477 1831 9
1477 593 9
1478 4235 9
1479 3280 8
1480 3105 8
1480 767 2
1481 4120 3
1481 4868 7
1481 2810 9
1481 3841 9
1481 3965 6
1482 1019 2
1482 4145 7
1482 4543 7
1482 4700 2
1482 1682 1
1483 2904 7
1483 1557 8
1483 2736 9
1484 205 3
1484 2857 4
1485 351 6
1486 3716 5
1486 812 6
1486 1342 6
1486 3112 4
1487 2489 10
1487 872 1
1487 606 3
1488 3707 10
1488 1056 6
1488 1033 3
1488 1657 2
1489 4362 10
1490 4171 8
1490 1281 5
1491 148 2
1491 642 1
1492 3105 6
1492 4631 1
1492 3110 9
1493 2468 8
1493 4026 10
1493 3483 2
1493 4815 8
1493 4955 1
1494 2374 1
1494 3134 9
1494 2101 6
1494 743 8
1494 4233 3
1495 211 4
1495 2915 9
1495 1426 1
1496 1104 4
1496 3326 1
1496 652 4
1497 2072 6
1497 2554 3
1498 1277 9
1498 1912 6
1498 3409 1
1498 4814 6
1499 4341 8
1499 1349 6
1499 1801 7
1499 1352 4
1499 800 10
1500 4813 6
1501 3275 10
1501 1435 9
1501 1363 8
1501 1430 8
1502 4136 4
1502 1552 3
1502 695 10
1503 4975 2
1503 1721 4
1503 4714 6
1503 1903 4
1503 3765 2
1504 2834 4
1505 3113 7
1505 3901 3
1505 3490 9
1505 3672 6
1506 1407 2
1507 2265 9
1507 3801 4
1508 2861 8
1509 3229 5
1509 4556 5
1509 970 6
1510 4053 3
1511 4209 3
1511 1746 5
1511 1389 5
1511 3030 7
1512 289 4
1512 1205 5
1512 2654 1
1513 1320 9
1513 4613 6
1514 2147 1
1514 4408 4
1515 2519 4
1515 3787 3
1515 261 10
1515 4630 1
1515 3523 5
1516 4811 10
1516 1232 3
1517 3703 7
1517 4672 9
1517 4534 9
1518 3491 4
1518 1205 5
1518 611 2
1518 1411 2
1518 4377 1
1519 386 2
1519 1781 7
1520 4879 6
1520 4105 4
1520 3903 1
1521 2978 8
1521 278 7
1521 89 8
1521 946 9
1522 411 7
1522 2484 8
1523 4854 2
1523 460 1
1523 4803 5
1524 1470 6
1525 1516 9
1525 3726 3
1525 973 1
1526 2489 2
1527 3858 5
1528 3908 1
1529 169 1
1529 2781 5
1529 608 7
1529 665 5
1529 4499 7
1530 3323 5
1531 623 4
1532 1569 8
1532 3829 6
1532 3285 6
1532 1955 5
1533 373 8
1533 2912 4
1533 4244 1
1533 4374 2
1533 3395 1
1534 1978 2
1534 2063 6
1534 4375 10
1535 217 5
1535 443 10
1536 1767 1
1537 1646 1
1538 985 8
1538 61 8
1539 4109 10
1539 4474 2
1539 4606 9
1539 3815 5
1539 2140 3
1540 2929 9
1540 4098 10
1540 3512 9
1541 2203 3
1542 2964 7
1542 2212 3
1542 3663 6
1542 3951 4
1543 3478 9
1544 1030 2
1544 3302 8
1544 289 3
1545 1723 1
1545 710 7
1546 2605 9
1546 913 4
1546 2417 7
1546 4225 1
1547 3147 6
1547 39 6
1548 2877 3
1548 3779 7
1549 231 4
1550 4463 2
1550 1419 6
1550 1941 2
1550 1990 7
1551 1788 8
1551 1457 6
1551 924 7
1551 86 10
1551 200 4
1552 695 4
1553 4780 1
1554 2428 6
1554 4264 3
1555 1464 5
1555 3482 10
1555 1996 4
1555 379 6
1556 483 5
1556 2239 7
1556 2376 2
1557 4077 2
1557 3238 2
1557 3371 4
1557 4420 10
1557 2904 10
1558 4653 8
1559 4169 2
1559 2279 4
1560 1690 5
1561 4715 4
1562 3458 8
1562 1735 5
1562 4448 2
1562 2394 10
1562 3711 8
1563 4661 6
1563 2432 10
1563 3512 9
1564 4114 7
1565 837 3
1565 790 1
1565 2472 10
1565 4064 7
1566 3901 3
1566 2877 6
1566 3366 10
1566 4144 10
1567 2934 5
1567 805 3
1567 2854 4
1567 205 5
1567 2626 8
1568 682 6
1568 1964 5
1568 1283 9
1569 2657 3
1569 4482 7
1569 1955 9
1569 4476 10
1569 3945 9
1570 270 2
1570 3365 8
1570 3115 8
1571 1387 8
1571 4600 5
1572 3871 4
1572 4774 6
1572 1793 3
1573 739 8
1574 925 4
1574 2400 8
1574 3203 7
1574 119 2
1574 2328 9
1575 1459 8
1575 733 3
1575 3423 7
1575 4006 8
1576 1706 6
1576 2439 8
1577 584 10
1577 3705 9
1577 2795 10
1577 4123 6
1577 2551 9
1578 3852 3
1579 4315 3
1579 3015 6
1580 3097 7
1580 1497 3
1580 3775 10
1580 1568 3
1580 3924 5
1581 3779 10
1581 3672 9
1582 3482 9
1582 4076 9
1582 2071 10
1583 3457 8
1583 3021 4
1583 4747 4
1583 1910 6
1583 2422 5
1584 3803 10
1584 4966 5
1584 4654 6
1584 4223 6
1584 3207 1
1585 3440 4
1586 2056 2
1586 4030 4
1587 4781 9
1587 4123 4
1587 584 10
1587 1365 3
1588 2835 1
1589 1096 4
1590 4126 9
1590 3596 7
1590 4816 6
1590 3974 6
1591 2243 9
1591 4735 2
1591 4213 4
1592 3173 2
1592 4238 3
1593 2391 6
1593 4844 3
1593 1324 2
1594 4103 1
1594 55 10
1594 2641 7
1595 4989 9
1596 2212 6
1596 4324 5
1597 3091 7
1597 3915 4
1597 3665 1
1597 1452 4
1598 1115 1
1598 41 6
1598 889 5
1598 2455 1
1599 3948 7
1599 1466 8
1599 2881 4
1599 2208 2
1599 3230 6
1600 3395 2
1601 2590 3
1601 3180 7
1601 625 2
1601 1661 8
1602 2324 10
1603 3071 8
1603 1821 3
1603 3445 8
1603 2475 4
1603 3557 2
1604 2938 9
1604 230 5
1604 1533 8
1604 3460 4
1605 4828 1
1605 3509 2
1605 4308 7
1605 1096 3
1605 4088 2
1606 4608 10
1606 2470 8
1606 627 2
1606 125 3
1606 2799 8
1607 4037 6
1607 556 5
1607 2041 4
1608 1756 9
1608 595 1
1609 4039 6
1609 2480 4
1609 4898 2
1609 3513 1
1609 2813 7
1610 2131 10
1610 3537 10
1610 2873 2
1610 2035 7
1611 2382 9
1611 3482 4
1612 2867 6
1612 396 8
1612 4124 5
1612 526 3
1613 4180 3
1613 2365 5
1613 1301 9
1614 330 10
1614 1343 1
1614 3607 1
1614 4192 6
1614 3388 8
1615 2863 7
1615 3663 5
1615 2964 5
1615 2212 9
1616 4124 5
1616 3909 4
1617 3486 1
1617 3401 8
1617 2984 10
1617 3728 5
1618 2580 3
1618 4061 4
1618 2350 1
1619 3725 6
1619 4854 8
1620 2379 7
1620 2456 5
1620 693 5
1620 2718 5
1621 1778 4
1621 1210 5
1621 2027 1
1621 2691 4
1621 896 4
1622 681 4
1622 4935 4
1622 1175 4
1623 4237 6
1623 1920 6
1624 2526 2
1625 2551 3
1625 1550 10
1626 3976 8
1626 2872 6
1626 2906 2
1626 1554 9
1626 3351 2
1627 2560 9
1627 57 2
1628 4070 4
1628 2352 1
1628 3482 10
1628 3047 2
1629 2429 8
1629 2184 1
1630 2298 6
1630 3099 8
1631 1679 7
1631 4028 7
1631 1388 6
1631 422 3
1632 4107 9
1633 2399 8
1633 3151 7
1633 4323 8
1633 4986 6
1633 4296 9
1634 1075 1
1634 4704 2
1634 944 1
1635 2663 7
1635 1344 1
1635 2141 7
1635 4005 5
1635 915 10
1636 278 5
1636 2090 1
1636 3453 8
1636 1031 5
1636 150 10
1637 2635 6
1637 4004 4
1637 1333 2
1637 2810 10
1637 667 6
1638 3454 10
1638 2432 5
1638 3547 5
1639 2698 1
1640 1885 2
1640 3120 9
1640 3260 7
1640 4213 8
1640 4259 1
1641 149 9
1641 265 10
1641 3014 8
1641 288 1
1642 3720 6
1643 4967 3
1644 4704 3
1645 419 8
1645 683 5
1645 3970 10
1646 2079 5
1647 2886 9
1647 2842 8
1647 4108 5
1648 4899 10
1648 340 9
1649 532 10
1649 462 8
1650 3484 5
1650 375 6
1650 1503 3
1651 391 4
1651 4169 5
1651 474 10
1651 4452 4
1652 4702 2
1652 3164 3
1652 409 6
1653 3380 10
1653 3800 4
1653 936 4
1653 4891 10
1654 4829 3
1655 1736 6
1655 740 5
1655 3175 6
1656 1165 9
1656 1828 2
1656 2838 5
1656 2977 7
1656 3104 1
1657 3707 6
1658 1616 4
1659 1220 2
1659 2323 9
1660 3691 3
1660 3960 3
1660 3854 1
1660 4688 10
1660 3040 2
1661 2535 6
1661 3390 9
1661 3426 2
1661 1942 7
1662 2949 5
1662 1342 10
1662 2008 10
1662 2914 9
1663 1413 4
1663 795 9
1663 263 5
1663 4623 1
1664 484 8
1664 3435 9
1664 4829 7
1664 2566 4
1665 2090 3
1665 1984 10
1665 3710 9
1666 402 6
1667 3381 10
1667 4195 8
1667 3095 5
1667 3402 9
1668 1999 10
1669 4686 6
1669 1828 1
1669 157 6
1669 3807 9
1670 2894 8
1670 2715 6
1670 2288 8
1670 2517 9
1671 3641 10
1672 846 10
1672 4393 7
1672 4668 8
1672 2055 1
1673 732 2
1674 2480 3
1674 4039 3
1675 1968 6
1675 1404 3
1675 4598 1
1675 728 4
1676 2680 6
1676 2261 3
1677 4712 7
1677 2628 4
1677 2347 1
1677 2230 2
1677 2463 10
1678 3960 7
1678 4062 8
1679 77 5
1680 2569 6
1681 312 4
1681 4985 7
1682 4543 5
1682 2976 6
1682 3356 2
1683 3481 5
1683 2304 8
1683 1853 7
1684 1824 7
1685 1909 3
1686 1396 7
1686 4968 6
1686 2676 2
1686 4375 1
1687 4101 6
1687 2737 10
1687 4095 9
1687 2465 1
1688 1610 7
1688 2409 9
1688 4249 3
1688 504 5
1689 1179 9
1689 790 6
1689 3302 5
1689 289 4
1690 364 10
1690 2857 7
1690 442 5
1691 1161 9
1691 1465 1
1691 1050 6
1691 139 2
1692 2958 7
1692 579 7
1692 4080 9
1692 4730 1
1693 1186 3
1694 2633 2
1694 1049 4
1694 2115 1
1695 453 5
1695 2227 6
1696 1648 10
1696 898 10
1696 2622 4
1696 1340 10
1696 4899 8
1697 4375 5
1698 4868 2
1698 3863 8
1699 3542 5
1699 4465 1
1699 3421 7
1700 1065 3
1701 4594 1
1701 3897 10
1702 2935 5
1702 3277 8
1702 2985 5
1702 2962 7
1702 1024 6
1703 2583 10
1703 4477 4
1703 3481 1
1703 1163 9
1704 2197 1
1704 3525 4
1704 543 5
1704 2846 2
1705 805 8
1705 2023 5
1705 3469 9
1705 4697 8
1705 1616 7
1706 4341 9
1706 2270 4
1706 800 3
1706 1694 1
1707 4358 8
1707 1624 6
1708 1167 3
1708 815 7
1708 2120 2
1708 3543 4
1708 23 2
1709 4838 10
1709 2277 5
1709 3999 1
1710 4875 8
1710 3355 7
1710 4578 9
1711 1651 3
1711 3919 1
1712 3218 4
1712 3309 2
1712 2180 9
1712 4715 6
1712 4423 5
1713 2533 1
1713 333 9
1713 1626 8
1714 137 7
1714 4896 1
1714 2385 3
1714 4616 3
1714 2558 4
1715 4653 6
1715 1757 8
1715 3262 8
1715 4969 5
1716 667 7
1717 1211 8
1717 1072 5
1717 1181 6
1717 1090 5
1717 3471 6
1718 2787 4
1718 2694 8
1718 3366 5
1718 4469 8
1718 1784 1
1719 4610 7
1719 3523 9
1719 1347 9
1719 4706 10
1720 958 6
1720 4307 3
1720 2551 6
1720 2345 4
1720 2315 3
1721 4413 3
1721 4399 8
1721 3504 8
1721 4419 10
1722 102 7
1722 795 2
1722 197 10
1722 2778 4
1722 4201 2
1723 3256 5
1723 1062 1
1723 2382 2
1723 4740 5
1723 1582 8
1724 4660 7
1724 4024 10
1724 4755 8
1724 3952 5
1724 4421 6
1725 3258 6
1725 4205 5
1725 4315 10
1725 778 9
1725 2116 1
1726 1835 1
1726 2573 8
1726 2634 8
1727 3421 10
1728 444 7
1728 2161 2
1728 3375 8
1729 4682 3
1730 860 9
1730 4906 9
1731 3724 9
1731 1824 7
1731 410 3
1731 3570 1
1731 1684 9
1732 2991 7
1732 1825 10
1732 2095 2
1732 4785 1
1733 158 1
1733 320 3
1733 441 10
1733 3676 6
1734 3083 10
1734 148 2
1735 3393 9
1735 75 1
1735 2843 7
1736 1980 5
1737 2945 2
1737 3362 1
1737 4263 8
1737 2581 1
1737 3517 5
1738 3222 3
1739 1481 1
1739 3861 7
1739 3517 2
1739 3347 2
1739 1761 7
1740 235 1
1740 1563 2
1740 4131 5
1740 3234 1
1741 2018 1
1741 4161 1
1741 4490 2
1741 4499 4
1742 147 8
1742 2801 7
1743 1674 8
1743 842 3
1743 4898 7
1743 1609 4
1743 4039 7
1744 4256 6
1744 2323 2
1744 2457 8
1744 1236 3
1745 1976 4
1745 4450 7
1745 4651 7
1745 4817 8
1745 3389 2
1746 2758 5
1746 4993 2
1746 4209 8
1746 4210 2
1747 3946 10
1747 1412 4
1747 3081 4
1747 3222 2
1747 1738 2
1748 2183 9
1748 70 4
1748 2259 10
1749 2732 3
1749 4227 9
1749 4934 7
1750 3655 8
1750 3803 9
1751 2526 10
1751 1891 1
1752 3510 3
1752 751 10
1752 3739 3
1753 3453 2
1753 3647 5
1753 4139 10
1754 4845 4
1754 2200 3
1754 1206 3
1754 4182 8
1754 310 1
1755 2038 1
1755 635 3
1755 2658 8
1755 631 6
1755 1684 8
1756 3314 6
1756 2694 10
1756 3037 4
1757 509 2
1757 1660 2
1757 1487 5
1758 4113 6
1758 633 5
1758 714 1
1758 453 2
1759 4033 2
1759 860 2
1759 330 9
1760 4842 3
1760 1748 7
1761 4120 9
1761 3965 9
1761 4868 10
1761 3841 4
1762 1820 1
1762 1374 1
1762 1809 10
1763 618 6
1763 4240 6
1763 1865 9
1763 519 9
1763 2455 9
1764 473 8
1765 3907 9
1765 4429 3
1765 2912 8
1765 1379 9
1766 3019 7
1766 4965 7
1766 1102 6
1766 4352 4
1767 2563 7
1767 393 3
1768 869 2
1768 4357 4
1768 1810 4
1769 2431 5
1770 1941 8
1770 1625 4
1771 640 5
1771 1603 1
1771 2743 9
1771 3557 9
1772 149 9
1773 1878 3
1773 2544 3
1773 1986 9
1773 2261 5
1773 1358 10
1774 1990 9
1774 2795 1
1774 2551 4
1774 4732 7
1774 3887 8
1775 2478 10
1775 1740 10
1775 4241 1
1775 1563 10
1775 739 9
1776 4053 7
1777 2615 2
1778 454 6
1779 4650 6
1780 1854 5
1780 15 7
1780 4364 5
1780 1913 6
1780 3105 7
1781 3918 4
1781 3807 8
1781 2906 9
1781 4179 4
1781 1165 1
1782 1435 2
1782 2465 9
1782 4699 10
1783 2273 9
1783 395 1
1783 712 4
1783 1096 2
1784 2971 4
1784 3967 9
1785 2012 10
1785 3497 2
1786 4345 9
1787 127 6
1787 173 7
1787 633 8
1788 3599 4
1789 2134 1
1790 316 2
1790 3103 3
1790 4328 2
1790 4349 3
1791 270 8
1791 2351 9
1791 4125 6
1792 1488 1
1792 3689 7
1792 224 1
1793 356 4
1793 4349 2
1793 3754 3
1793 1994 1
1794 2051 3
1794 4124 8
1794 4072 8
1795 169 10
1795 4547 10
1795 3998 2
1796 4198 9
1796 3523 2
1797 2533 10
1798 385 6
1799 4964 10
1799 3210 9
1800 195 10
1800 1820 8
1800 3539 2
1800 1892 3
1800 4806 10
1801 4073 1
1801 4845 1
1802 3807 4
1802 4836 2
1802 4820 1
1802 4194 3
1803 848 2
1803 2146 1
1803 1879 5
1804 3484 10
1805 2567 7
1806 982 6
1806 3717 7
1806 1749 1
1807 1097 9
1808 3677 8
1809 3578 8
1810 2766 5
1810 3456 1
1810 4519 7
1810 3176 3
1810 2416 9
1811 4967 10
1811 1247 6
1811 1061 10
1811 4597 9
1812 3220 6
1812 2252 7
1812 3320 9
1812 3720 10
1813 2198 2
1813 4031 8
1813 1913 6
1814 4057 1
1814 931 2
1814 1920 6
1814 881 6
1815 1505 6
1815 2787 3
1815 1282 5
1816 4801 1
1817 1777 10
1817 1277 6
1817 4806 2
1817 1912 3
1818 3028 10
1818 625 5
1818 112 2
1818 1254 9
1818 495 4
1819 1470 9
1819 831 6
1819 4486 7
1820 4806 3
1820 3539 8
1820 4814 1
1820 229 3
1821 4206 4
1821 2269 3
1821 2515 2
1822 109 3
1822 503 3
1823 755 8
1823 3971 5
1823 3225 7
1823 4956 6
1823 952 1
1824 2631 2
1825 4029 4
1825 4590 9
1825 3462 7
1826 2589 1
1827 4261 1
1828 1449 6
1828 4513 9
1828 3807 8
1828 3913 5
1828 4194 1
1829 3732 6
1829 4184 5
1829 4842 1
1830 3233 7
1830 1929 10
1830 301 9
1830 91 3
1831 3374 4
1832 1757 5
1832 4090 4
1832 1223 6
1832 4586 6
1832 4969 1
1833 866 1
1833 3420 2
1833 2832 1
1833 2929 10
1834 1375 10
1835 1403 7
1836 4365 6
1836 3830 6
1836 4569 1
1836 3467 9
1836 4944 3
1837 841 3
1837 1811 10
1837 1150 4
1838 2543 8
1838 167 1
1838 110 7
1838 3088 10
1838 4384 4
1839 1274 6
1839 221 1
1839 2212 8
1839 3282 5
1840 3789 3
1840 1660 1
1840 3854 3
1840 872 7
1841 4256 7
1841 3600 5
1841 1465 7
1841 752 1
1841 1654 7
1842 3256 10
1842 3047 1
1843 3277 5
1843 726 3
1844 2776 1
1844 1877 4
1844 3170 6
1845 3529 4
1845 59 3
1846 3698 8
1846 1944 3
1846 1342 6
1846 1486 7
1846 4293 7
1847 485 4
1847 4589 9
1848 3839 2
1848 1723 1
1848 4587 9
1848 2352 1
1848 2382 1
1849 3447 1
1850 3678 8
1850 3143 5
1851 2010 8
1852 2658 10
1852 2631 2
1852 635 2
1852 1824 6
1852 1016 9
1853 929 5
1853 4209 5
1853 3030 2
1853 3893 5
1854 2357 5
1855 2813 3
1855 3323 4
1856 2540 8
1856 4206 6
1856 2475 3
1856 2068 9
1856 351 2
1857 3803 5
1857 3526 7
1857 1095 6
1858 4863 4
1858 2214 2
1858 4510 1
1858 708 6
1859 393 5
1860 2194 5
1860 4893 7
1860 3580 2
1860 3009 9
1861 3088 7
1861 4384 2
1861 4466 10
1862 2790 1
1862 518 5
1862 3994 8
1862 3007 5
1863 3911 7
1863 4680 4
1863 3645 5
1864 282 5
1864 1005 2
1865 4092 6
1865 4861 5
1865 2419 1
1866 1053 9
1867 3325 7
1867 3497 4
1867 2604 5
1867 4572 3
1868 4257 10
1868 2830 5
1868 3461 4
1869 2841 8
1870 269 9
1871 2651 8
1871 2018 5
1871 998 4
1872 1110 10
1872 1837 8
1872 4326 10
1872 2245 10
1872 3401 5
1873 1420 6
1873 1380 6
1874 1456 8
1874 1489 4
1874 4362 7
1875 3486 6
1875 1931 9
1876 1307 7
1876 3724 2
1876 4032 6
1877 2449 9
1878 4161 2
1878 4499 1
1879 152 3
1879 4236 3
1879 1739 6
1880 2519 8
1881 4504 1
1882 4298 7
1882 4316 2
1882 473 7
1882 2262 6
1882 4883 9
1883 2337 6
1883 3128 10
1883 3616 7
1884 2708 6
1884 3201 4
1884 3081 10
1885 216 5
1885 3120 2
1885 2125 1
1885 2560 6
1886 3306 9
1887 3170 2
1887 4019 5
1887 3473 3
1887 1227 5
1888 3218 2
1888 4900 2
1888 332 7
1888 1531 1
1889 2823 10
1890 3088 5
1891 3044 9
1891 3674 3
1891 4346 1
1891 380 6
1891 440 4
1892 1820 2
1892 4812 10
1892 4806 6
1892 4529 6
1893 1313 5
1893 331 8
1893 2239 2
1894 2304 2
1894 219 3
1895 2420 7
1895 2920 5
1895 182 3
1895 2900 4
1895 1877 6
1896 4956 9
1896 3076 4
1896 1823 5
1896 2642 6
1896 1351 9
1897 1920 10
1897 2760 1
1897 2268 7
1897 2075 7
1898 2224 4
1898 433 10
1898 1294 5
1898 2319 2
1899 2665 8
1899 4236 1
1899 2195 1
1900 4881 6
1900 1249 1
1900 3274 5
1900 2305 5
1900 4893 10
1901 3372 5
1901 4237 2
1901 2268 10
1901 2431 10
1902 4321 3
1902 2714 7
1902 1870 10
1903 4975 8
1903 3947 4
1903 1721 5
1903 4399 4
1903 2841 2
1904 4931 7
1904 509 7
1904 815 8
1905 3344 8
1905 1301 7
1905 4629 3
1906 2108 3
1906 1455 3
1907 2037 4
1907 2690 4
1907 2420 4
1907 4777 4
1907 1933 8
1908 4213 9
1909 1412 8
1909 4900 7
1909 1738 9
1909 131 2
1910 4747 4
1910 1287 7
1910 318 5
1911 885 3
1911 4915 4
1911 1140 9
1911 3213 7
1911 534 4
1912 3409 3
1912 845 10
1912 3735 8
1912 4480 6
1912 22 2
1913 2847 9
1914 2484 9
1914 1085 6
1915 1961 5
1915 2701 4
1916 2776 9
1916 2142 2
1917 1354 9
1917 347 3
1917 1189 7
1917 3997 1
1918 1722 3
1918 3296 10
1918 593 3
1918 4035 6
1919 3513 7
1919 1680 7
1920 2075 9
1920 3372 6
1920 1362 2
1920 1632 7
1921 1597 9
1921 3599 8
1921 1402 4
1922 128 3
1923 3409 6
1923 1128 10
1924 2445 9
1924 2705 5
1925 4436 4
1925 1936 5
1925 2682 6
1926 2235 4
1926 3116 5
1926 3698 7
1927 2213 1
1928 468 1
1929 495 9
1929 2359 5
1929 2610 6
1930 625 1
1930 2873 7
1931 817 9
1931 2021 9
1932 3235 3
1933 4944 3
1933 4964 3
1934 1947 9
1934 2498 8
1934 805 6
1935 1427 7
1936 184 4
1936 2369 3
1936 1834 6
1936 4142 8
1937 884 4
1938 400 5
1938 1965 9
1939 816 7
1940 2754 2
1940 2997 10
1940 4983 1
1940 2088 4
1941 2954 6
1941 1122 9
1941 4903 9
1942 866 5
1942 2610 9
1942 3840 2
1942 700 1
1943 726 10
1943 2563 3
1943 3699 6
1944 4579 9
1944 2564 6
1944 2545 4
1944 1137 5
1944 2608 1
1945 3691 6
1945 3040 2
1945 190 5
1946 1571 1
1946 433 7
1946 253 3
1946 3438 7
1946 935 9
1947 241 10
1947 3125 4
1947 3767 9
1947 1315 8
1948 4272 9
1948 2790 5
1948 127 2
1949 3690 1
1950 4390 3
1950 3952 3
1950 1592 9
1950 4711 5
1951 4940 5
1951 310 2
1951 423 1
1951 1694 2
1951 2916 10
1952 2165 2
1952 2874 9
1952 3184 4
1953 4697 7
1953 4072 7
1953 3954 3
1954 2810 9
1954 4868 8
1955 2953 9
1955 4458 10
1955 253 7
1955 3438 3
1955 2514 2
1956 340 4
1956 3427 4
1956 4999 6
1956 898 2
1956 2271 7
1957 1163 6
1957 4016 4
1957 511 3
1958 4601 5
1958 4470 10
1958 2053 1
1958 2559 8
1958 3141 2
1959 4697 5
1959 4124 4
1959 3469 2
1960 4699 10
1960 916 8
1960 98 5
1960 2696 3
1960 1520 1
1961 3404 10
1961 530 3
1961 3569 7
1962 3741 5
1962 2854 7
1963 4761 3
1963 1130 1
1963 3065 5
1963 3462 8
1964 351 9
1964 393 1
1964 528 8
1964 1051 7
1965 4154 2
1966 1331 5
1967 3120 9
1967 100 2
1968 2130 9
1968 1129 4
1969 1206 3
1969 1801 10
1969 2633 7
1969 1349 8
1969 3126 3
1970 4463 9
1971 4763 6
1971 112 2
1971 2749 4
1971 99 10
1972 1570 9
1972 4021 1
1972 2246 5
1972 3076 4
1973 3542 8
1973 3718 9
1974 3016 7
1974 4130 8
1974 1856 6
1975 3736 7
1975 714 7
1975 1881 4
1976 3357 6
1976 811 10
1976 4041 7
1976 3733 5
1977 2891 1
1977 2563 6
1977 1497 1
1977 3097 4
1978 3975 5
1979 646 1
1979 177 4
1980 1878 6
1981 1797 6
1982 3777 5
1982 3893 10
1982 2826 3
1982 390 8
1982 715 2
1983 3575 10
1983 1028 6
1983 2567 8
1983 1476 10
1984 2032 3
1984 2394 1
1984 522 8
1985 4664 4
1986 1878 10
1987 915 6
1987 3452 5
1988 2271 6
1989 2121 10
1989 2932 9
1990 4463 9
1990 1122 7
1990 4762 1
1990 2202 4
1990 2954 9
1991 220 9
1991 60 8
1992 1630 5
1992 2947 3
1992 1985 5
1993 3184 2
1993 2690 10
1993 3473 10
1993 3170 3
1994 4885 4
1994 3825 4
1995 464 4
1995 658 5
1996 3482 7
1996 3985 8
1996 4070 6
1996 2071 10
1997 638 6
1998 4814 8
1998 4354 1
1998 3409 2
1998 4806 9
1999 1146 10
1999 2079 6
1999 3879 6
1999 4795 6
2000 3837 3
2001 636 3
2001 2276 6
2001 3542 10
2001 613 2
2001 1602 5
2002 577 1
2002 2903 10
2002 858 2
2002 896 7
2003 3972 2
2003 3052 1
2004 3064 1
2004 1022 1
2004 2467 3
2004 2034 3
2005 2230 2
2005 2107 5
2005 4416 3
2005 2308 10
2005 3566 6
2006 813 8
2006 3614 10
2006 4961 7
2006 3792 5
2006 3671 7
2007 2237 3
2007 740 1
2007 4897 10
2007 3998 2
2008 3716 6
2008 4293 2
2008 4579 1
2009 2515 1
2009 787 1
2009 393 8
2009 2594 9
2010 3028 10
2010 112 10
2011 2789 1
2011 2843 10
2011 4724 9
2011 3393 5
2011 75 1
2012 3325 9
2012 4572 4
2012 3577 5
2012 3465 5
2012 4770 6
2013 3374 8
2014 3251 3
2014 964 4
2014 4604 5
2015 4188 7
2015 72 10
2016 3689 10
2016 3012 6
2016 2801 6
2017 750 3
2018 4455 8
2018 3050 3
2018 750 4
2018 1981 2
2018 4179 8
2019 923 8
2019 4567 10
2019 2068 9
2020 3152 3
2020 1650 10
2021 2774 6
2021 786 4
2021 1141 4
2022 584 6
2023 4462 1
2023 1064 8
2024 1301 1
2024 1613 10
2024 1924 1
2024 3500 5
2024 4233 1
2025 4592 2
2025 3695 1
2025 1293 10
2025 3914 1
2026 4892 9
2027 492 3
2027 60 3
2028 1979 8
2029 1452 6
2029 924 2
2029 3528 7
2030 3719 10
2030 4901 2
2030 2766 7
2030 2616 4
2031 643 1
2031 4762 5
2031 1381 4
2031 2182 2
2031 1550 4
2032 2911 10
2032 2114 10
2033 4194 8
2033 2977 2
2034 2038 3
2035 2359 2
2035 2806 4
2036 3085 4
2036 4467 7
2037 1450 10
2037 4365 5
2037 3210 7
2038 2631 6
2038 1297 1
2038 3468 2
2038 4217 9
2038 4426 3
2039 2713 9
2039 3935 5
2039 3431 8
2040 2781 3
2040 2613 5
2040 728 3
2040 1245 9
2041 779 2
2041 3855 6
2041 54 2
2041 449 4
2041 4068 3
2042 3260 7
2042 2605 6
2042 2173 8
2042 3508 8
2042 628 3
2043 3455 1
2043 2295 2
2043 2689 1
2044 2782 2
2044 4544 8
2045 1207 1
2045 882 3
2045 4120 10
2046 3961 9
2046 2129 5
2046 4155 3
2046 4436 9
2047 3625 1
2047 3147 1
2047 3472 6
2048 2450 2
2048 3878 6
2048 1387 4
2048 2652 8
2049 2754 10
2050 682 2
2051 3940 5
2052 4875 4
2052 2278 7
2053 620 1
2053 1832 5
2053 4688 4
2054 509 7
2054 3603 6
2055 3718 4
2056 4080 3
2057 148 7
2057 1184 7
2057 291 10
2057 2486 7
2057 1776 10
2058 357 1
2058 1135 1
2058 4595 4
2059 2195 4
2059 2121 7
2059 644 3
2059 4642 6
2059 4914 7
2060 3066 8
2060 2847 2
2061 3047 3
2061 11 8
2061 136 8
2061 3550 1
2061 2000 3
2062 1032 4
2062 4861 4
2063 1251 1
2064 3885 3
2064 4751 9
2064 1780 5
2064 602 8
2064 626 6
2065 2402 10
2065 1910 8
2065 318 1
2065 3623 5
2066 4383 10
2066 3623 6
2067 3751 10
2067 2252 2
2068 3557 10
2068 2540 2
2068 212 4
2068 1717 9
2069 299 3
2069 3756 3
2069 1077 2
2069 1729 2
2070 2658 5
2070 3888 3
2070 3018 8
2071 894 5
2071 1753 8
2072 4292 9
2073 3926 7
2074 1379 9
2074 3589 8
2074 3683 1
2075 1551 10
2075 1788 7
2076 4591 2
2076 4147 4
2076 759 5
2076 4922 2
2077 3575 9
2078 297 8
2078 2551 7
2078 3480 9
2078 2989 8
2078 1137 6
2079 2790 2
2079 1948 6
2079 4272 7
2079 2374 10
2080 2439 1
2081 3068 7
2081 1846 6
2081 1365 5
2081 1342 10
2082 3861 6
2082 2745 6
2083 3604 7
2083 541 1
2083 4360 2
2083 3740 6
2083 4352 6
2084 896 8
2084 3096 9
2085 4814 3
2085 3026 1
2085 578 10
2085 1777 4
2086 3513 10
2086 4071 3
2086 3323 10
2086 4410 2
2087 2121 2
2087 3402 7
2087 3095 1
2087 1207 5
2088 3967 10
2088 450 6
2088 1261 4
2088 3155 10
2088 4983 7
2089 3613 9
2089 2448 6
2089 3428 4
2089 3108 9
2089 2573 2
2090 2518 8
2091 3147 7
2091 2522 7
2091 3472 1
2091 3753 2
2091 1779 4
2092 470 10
2092 3845 1
2092 4316 1
2092 3298 3
2093 2621 3
2093 4745 8
2093 1490 3
2093 3703 6
2093 4171 5
2094 958 3
2094 1941 10
2094 4732 2
2094 1419 1
2094 4579 4
2095 4047 1
2096 2604 9
2096 4650 3
2096 3147 7
2096 2047 3
2097 2409 8
2097 835 1
2097 759 3
2098 950 8
2098 2319 2
2098 2189 10
2098 957 9
2099 4018 1
2099 3544 6
2099 3107 5
2099 4182 3
2099 2916 7
2100 2036 6
2101 3161 7
2101 1719 5
2101 1673 8
2102 3316 7
2102 960 10
2102 3005 6
2103 3250 7
2103 1500 7
2103 4576 8
2104 3298 2
2105 1550 10
2105 496 7
2105 1625 5
2106 4390 1
2106 2333 3
2106 4268 1
2106 387 1
2106 4024 10
2107 148 7
2107 1776 1
2107 4154 2
2108 1272 5
2108 4244 2
2108 373 10
2108 2912 4
2109 1438 7
2109 1263 7
2109 2171 4
2109 2925 5
2110 4142 5
2110 4939 1
2110 3422 5
2110 3668 1
2111 4471 4
2111 4806 9
2111 3200 1
2112 1728 4
2112 2114 6
2112 3375 4
2112 1147 6
2112 4674 6
2113 4213 4
2113 2940 3
2113 872 4
2114 2161 8
2114 134 4
2114 2440 8
2114 4674 8
2115 944 5
2115 2200 8
2116 3820 8
2116 791 5
2116 2933 8
2117 3362 1
2117 254 10
2117 1333 8
2117 4120 8
2118 986 3
2118 1134 9
2118 2493 7
2119 1191 6
2119 1530 6
2120 2054 9
2120 1660 1
2120 3383 10
2120 620 6
2120 3077 2
2121 3135 4
2121 4236 1
2121 4797 5
2121 2146 5
2121 152 1
2122 2718 10
2122 519 1
2122 4660 2
2122 2455 6
2123 3417 8
2124 1766 1
2124 541 7
2124 4965 2
2124 3287 3
2124 125 8
2125 2814 6
2125 2417 4
2125 2173 10
2125 106 2
2126 2812 10
2126 4280 6
2126 3492 1
2126 4838 6
2127 2737 3
2127 48 9
2127 2390 1
2128 551 8
2128 1442 4
2128 1971 4
2128 4718 2
2128 91 2
2129 3106 6
2129 3400 7
2129 4149 4
2129 1241 7
2129 962 6
2130 1797 5
2130 3555 10
2131 4780 3
2131 630 9
2131 510 7
2131 2201 5
2131 2327 5
2132 2570 1
2132 691 1
2132 4747 4
2132 4796 1
2133 1684 3
2133 1852 9
2133 3724 4
2133 635 3
2133 2467 9
2134 941 3
2134 1190 3
2134 4560 8
2134 3198 8
2134 3964 5
2135 3502 3
2135 3614 10
2135 3382 10
2135 3659 1
2136 2760 2
2136 3091 5
2137 1704 3
2137 3058 3
2137 3187 7
2137 2058 9
2138 3378 8
2138 960 6
2138 4189 7
2139 1072 10
2139 2494 8
2139 1921 7
2139 1623 10
2139 4394 9
2140 2744 2
2141 147 8
2142 4365 5
2142 4019 6
2142 829 1
2143 2278 6
2144 2340 9
2144 2598 9
2144 2036 2
2144 2652 1
2144 3657 3
2145 2857 8
2146 4941 3
2147 3352 6
2147 1976 10
2147 1495 3
2147 3711 4
2148 3524 9
2148 4487 9
2148 148 2
2148 2483 5
2148 2057 10
2149 4884 9
2149 4643 8
2149 3615 7
2150 4630 3
2150 3049 2
2150 1866 7
2151 1440 4
2151 2450 1
2151 2652 10
2152 3511 3
2153 635 3
2153 631 7
2153 2681 2
2154 1882 6
2154 3267 9
2154 1806 1
2155 617 2
2155 4054 4
2156 996 6
2156 88 1
2156 875 3
2156 4258 2
2156 3290 1
2157 4933 4
2157 3339 3
2158 241 6
2158 2854 4
2158 1315 2
2158 4072 6
2159 4363 4
2159 518 9
2159 3879 4
2160 2036 9
2160 3084 10
2160 2189 8
2161 2996 4
2161 444 4
2161 3375 6
2162 1618 9
2162 1156 3
2162 1826 5
2162 3567 1
2162 559 5
2163 4390 6
2163 427 9
2164 4119 8
2164 2700 9
2164 223 2
2165 2187 5
2165 2776 6
2166 4896 8
2166 4616 2
2166 2558 10
2166 4173 4
2166 412 10
2167 3735 10
2167 578 3
2167 845 6
2168 2284 7
2168 4199 3
2168 480 4
2168 1064 9
2168 356 2
2169 2406 8
2170 2214 10
2170 4510 2
2170 2676 6
2170 572 4
2170 3286 1
2171 1263 10
2171 4484 2
2171 4378 3
2172 3827 1
2172 4460 3
2172 3683 9
2172 3062 5
2172 4429 8
2173 3983 5
2173 2701 3
2173 2692 5
2174 335 3
2174 2781 6
2175 4030 2
2175 752 3
2175 4256 3
2176 2514 7
2176 783 7
2176 3163 6
2176 289 10
2176 2654 6
2177 2324 1
2177 2490 1
2177 613 5
2177 3136 10
2178 426 4
2178 3581 10
2178 4012 2
2178 4210 6
2178 2647 9
2179 3616 4
2180 489 1
2180 2134 2
2180 583 7
2181 521 2
2181 1331 10
2181 4762 3
2181 2202 9
2181 2264 10
2182 3491 5
2182 564 5
2182 4065 5
2183 846 6
2183 2853 7
2184 4627 2
2185 4409 2
2186 4037 7
2187 1218 6
2187 77 7
2187 4019 7
2187 2900 4
2187 827 3
2188 4825 4
2188 1517 7
2188 3627 1
2188 2819 6
2188 1124 2
2189 2589 5
2190 58 3
2190 3807 6
2190 4194 4
2190 4513 2
2191 4706 10
2191 3000 6
2191 3736 5
2191 3073 6
2192 2449 3
2192 3473 6
2192 3170 5
2192 1993 8
2192 3184 7
2193 3576 2
2193 1457 4
2193 3091 10
2194 3268 3
2194 3165 8
2194 1269 9
2195 33 9
2195 2377 4
2195 1226 9
2196 3124 7
2196 4232 8
2196 4617 9
2197 588 4
2197 3199 8
2197 4765 9
2197 1796 3
2198 4930 7
2198 4631 9
2199 1662 6
2199 2443 7
2199 3646 10
2199 2704 3
2199 1418 7
2200 483 9
2200 425 10
2201 2929 8
2202 997 2
2202 3231 5
2202 1179 3
2202 3483 8
2203 3921 8
2203 2372 6
2203 2438 2
2203 3132 9
2203 128 5
2204 4090 3
2204 3696 7
2204 377 6
2205 4376 9
2206 4892 6
2206 1718 5
2206 535 8
2206 4469 4
2206 477 7
2207 261 6
2208 2856 2
2208 1999 4
2209 1856 4
2209 807 3
2210 4236 1
2210 3275 9
2211 4635 6
2211 3502 4
2211 813 1
2211 1258 9
2211 3846 1
2212 4655 5
2213 3854 2
2213 1318 10
2213 620 4
2214 4011 8
2214 653 5
2214 4578 6
2215 1490 7
2215 637 4
2215 1783 1
2216 4191 1
2216 455 2
2216 1437 8
2216 896 8
2217 78 9
2218 1595 6
2218 4435 1
2218 3853 4
2218 538 4
2218 880 3
2219 2301 1
2219 921 2
2220 3805 7
2220 1374 10
2220 845 9
2221 2064 3
2221 1277 1
2221 229 3
2221 3409 3
2222 4431 10
2222 1684 5
2222 2658 4
2222 3888 7
2223 1239 1
2223 2262 1
2223 473 1
2223 4967 2
2224 4600 3
2224 2552 2
2224 253 10
2224 3602 1
2224 2155 2
2225 1370 5
2225 4209 2
2225 4016 8
2226 839 1
2226 2752 3
2226 2238 5
2226 4838 7
2227 4236 6
2228 2602 6
2228 928 2
2228 209 6
2228 2991 8
2229 1577 4
2229 297 10
2229 521 2
2229 1564 4
2229 1550 5
2230 4094 7
2231 3803 6
2231 4654 2
2231 1584 3
2232 2387 2
2232 393 7
2232 3445 8
2233 3814 8
2234 2954 6
2235 3431 10
2236 4228 6
2236 1520 2
2236 2207 10
2237 4161 8
2238 1369 7
2238 4635 3
2238 1258 3
2238 4838 3
2238 3999 2
2239 4018 10
2239 4533 6
2239 4288 6
2239 3544 9
2240 1354 7
2240 4496 5
2240 831 2
2241 1411 10
2242 4907 10
2242 3327 9
2243 2910 4
2243 1995 6
2243 216 4
2243 2578 10
2243 3072 7
2244 3564 9
2244 508 6
2245 3620 7
2246 2280 6
2246 952 9
2246 2321 6
2246 1791 4
2246 3115 5
2247 2521 3
2248 881 2
2248 463 4
2248 2153 8
2248 744 1
2248 4275 1
2249 2416 10
2249 1810 5
2250 3754 8
2251 4197 2
2251 3678 3
2251 986 4
2251 575 10
2252 2831 4
2252 4947 1
2252 4126 5
2252 3320 3
2252 2406 1
2253 2130 4
2253 750 2
2253 1129 1
2254 2934 4
2255 995 7
2255 2421 8
2255 401 5
2255 4743 8
2255 2614 9
2256 2013 10
2256 3079 3
2256 3374 8
2256 3687 8
2257 594 7
2257 974 4
2257 3723 6
2257 3508 4
2258 921 8
2258 759 2
2258 398 4
2259 2063 6
2259 30 5
2260 2994 10
2260 2164 6
2260 3900 8
2260 2659 7
2260 4495 3
2261 1781 2
2261 204 8
2261 1165 6
2262 2732 6
2262 1749 2
2262 2715 8
2262 1045 10
2262 4934 10
2263 4206 2
2263 2515 9
2263 3774 6
2263 393 3
2263 1717 8
2264 97 8
2264 1331 3
2265 2670 5
2265 4572 4
2265 475 8
2265 4933 8
2265 2899 2
2266 375 8
2266 4127 1
2266 4413 3
2266 243 2
2266 1097 9
2267 2520 3
2267 2945 6
2267 667 7
2267 4071 8
2268 200 3
2268 3915 10
2268 3091 3
2269 463 3
2269 3812 8
2269 4583 6
2269 2760 10
2270 1206 3
2271 670 6
2271 482 3
2271 2300 8
2271 1681 4
2272 1973 5
2272 1186 7
2273 175 8
2274 3072 3
2274 352 10
2275 1345 5
2275 4136 4
2276 2110 6
2277 2812 2
2277 2411 10
2277 4838 9
2277 3382 4
2277 4961 1
2278 4968 5
2278 3564 10
2278 2503 9
2278 1084 3
2279 4454 8
2280 4125 5
2280 2381 6
2280 4553 5
2281 1074 8
2281 1120 8
2281 1719 2
2282 1088 7
2282 4111 3
2283 1185 2
2284 356 9
2284 4072 8
2284 2857 7
2284 2867 7
2285 2059 2
2285 2227 3
2285 1288 4
2285 453 8
2285 714 2
2286 2404 7
2286 3602 7
2287 4721 5
2287 4956 10
2287 3620 3
2288 2734 8
2288 2732 3
2288 270 8
2288 2664 7
2289 4775 8
2289 1696 4
2289 3106 6
2289 3671 6
2289 2126 7
2290 1631 3
2291 3731 1
2291 3915 9
2291 86 7
2291 2515 8
2292 3137 7
2293 4117 10
2293 4451 7
2294 817 2
2294 3335 3
2294 4741 4
2294 3620 1
2295 2689 7
2295 2884 9
2295 3678 6
2295 4958 2
2295 186 10
2296 2138 9
2296 2673 10
2296 3685 4
2296 1926 3
2297 4063 1
2297 3377 5
2297 1642 9
2297 1444 3
2297 2716 5
2298 4517 7
2299 3683 7
2299 3907 8
2299 1244 8
2300 1549 6
2300 813 3
2300 309 1
2300 3368 6
2301 2749 5
2302 3392 10
2303 2863 7
2303 4520 5
2303 1615 5
2303 38 10
2303 1542 4
2304 1537 7
2304 2208 10
2305 2846 9
2305 2870 10
2306 1263 3
2306 2403 9
2306 3056 8
2307 2778 4
2307 4038 4
2307 3127 7
2308 3673 8
2309 1014 3
2310 1511 9
2310 3312 5
2311 2659 1
2311 2501 5
2311 4177 10
2311 2994 9
2311 1054 9
2312 3160 8
2312 2573 1
2313 1823 8
2314 2007 9
2314 493 4
2315 3483 4
2315 3061 4
2315 2851 8
2316 3985 2
2316 2800 9
2317 3033 3
2318 4560 7
2318 2706 7
2318 2102 2
2319 2340 9
2319 2048 9
2319 4425 2
2319 4891 2
2320 2303 10
2320 4007 3
2320 4376 3
2320 3586 9
2320 1615 4
2321 2454 9
2321 506 9
2321 978 2
2321 3319 8
2322 4189 4
2322 1190 6
2322 4496 1
2322 2235 1
2322 3378 4
2323 3435 5
2324 1834 7
2324 2046 8
2324 1925 6
2324 4193 1
2324 3559 5
2325 814 4
2326 3666 5
2327 4763 9
2327 2010 4
2327 3174 3
2328 3777 1
2328 114 7
2328 3059 6
2328 699 7
2329 4597 1
2329 1103 10
2329 2351 10
2329 4021 10
2329 2454 7
2330 2010 5
2330 4763 10
2330 2488 8
2331 4030 6
2331 1586 6
2331 2056 2
2331 3872 9
2331 2823 7
2332 4820 9
2332 4994 6
2333 2670 7
2334 834 2
2334 3169 2
2334 2002 4
2334 896 1
2335 1576 8
2335 1226 10
2336 4375 9
2336 3564 4
2336 3992 3
2336 2055 10
2337 4592 9
2338 2406 5
2338 1589 7
2338 1281 7
2339 4143 10
2339 2193 4
2339 3823 7
2340 1156 7
2340 4140 3
2340 3414 1
2340 1440 10
2340 3602 10
2341 3567 5
2341 3878 7
2342 4807 3
2343 1056 7
2343 4005 3
2343 3404 3
2343 3474 2
2344 2122 3
2344 3466 9
2344 1447 3
2345 1419 3
2345 584 1
2345 2181 6
2345 458 10
2345 339 5
2346 4167 9
2346 3986 5
2346 2661 5
2346 4476 4
2347 3673 3
2347 4423 7
2347 1500 4
2348 4317 9
2348 3003 1
2349 1136 9
2349 2403 3
2349 330 4
2349 1142 6
2350 1102 10
2350 1606 5
2350 3619 8
2351 568 4
2352 1745 6
2352 4408 9
2352 2937 5
2353 955 4
2353 3143 9
2353 2095 6
2354 2685 9
2354 4614 7
2354 1274 6
2355 1318 6
2356 4743 3
2357 3555 2
2357 4161 7
2357 1795 3
2357 2060 4
2357 2253 9
2358 4850 7
2358 3720 2
2359 3454 1
2360 4199 6
2360 3649 5
2360 241 4
2361 1292 2
2361 4173 6
2361 2249 3
2361 523 9
2362 4851 10
2362 3695 2
2362 4716 1
2363 4357 1
2363 2367 8
2363 1962 6
2364 4926 10
2364 376 4
2365 1249 6
2365 2674 6
2365 4629 5
2366 2553 9
2367 2368 1
2367 241 7
2367 4932 10
2367 1197 4
2367 4252 6
2368 661 6
2368 356 9
2368 3125 7
2368 4013 2
2369 340 10
2370 4714 4
2370 2323 5
2370 1659 5
2370 4500 3
2370 1744 7
2371 3581 6
2371 1853 3
2371 4756 5
2371 4334 8
2371 2856 9
2372 2421 5
2372 2438 8
2372 3921 4
2373 3400 9
2373 871 1
2374 282 7
2374 2014 5
2374 3432 10
2375 2719 2
2375 1008 2
2375 3810 6
2375 4920 5
2375 29 4
2376 303 2
2376 612 1
2376 1385 2
2376 3315 3
2377 844 3
2377 792 7
2378 2578 8
2378 3854 2
2378 3051 9
2378 4279 2
2378 3789 5
2379 4238 7
2380 356 4
2380 3940 7
2380 1567 7
2380 2626 7
2381 4055 2
2381 2165 7
2381 366 9
2382 2293 7
2382 3130 3
2382 2865 3
2382 1582 8
2382 4076 6
2383 596 9
2383 1972 6
2384 2650 5
2384 2787 3
2384 4800 4
2384 1718 2
2385 1768 2
2386 806 2
2386 1985 9
2387 703 9
2387 1568 2
2387 393 3
2387 3097 2
2388 3657 7
2388 649 2
2388 2155 6
2388 4609 3
2388 4921 10
2389 1780 6
2389 4930 7
2389 3791 5
2389 1797 9
2390 2665 2
2390 1687 8
2390 4086 3
2390 2082 8
2391 4714 2
2391 1654 9
2391 4381 6
2392 112 1
2393 1074 1
2393 1758 6
2393 3432 8
2393 1347 10
2394 2822 2
2394 2911 1
2394 409 7
2394 2114 8
2395 2776 6
2395 109 10
2395 4251 6
2395 227 8
2396 1027 8
2396 4963 7
2397 1499 6
2397 3443 4
2397 1349 5
2397 1951 10
2397 3396 1
2398 2676 4
2398 2503 7
2398 4205 1
2398 4511 1
2399 700 8
2399 4323 9
2399 4780 7
2399 3028 6
2399 885 9
2400 170 9
2401 2659 10
2402 1324 7
2402 3811 1
2402 4030 10
2402 3457 5
2403 4452 10
2403 1937 2
2404 4232 1
2404 2245 2
2404 3124 1
2404 4894 9
2404 286 10
2405 3913 6
2405 2741 4
2406 2829 3
2406 2358 2
2406 2893 8
2407 2968 2
2407 3363 3
2408 2801 9
2408 1028 7
2409 2488 5
2409 1469 6
2409 4591 6
2410 2385 3
2410 3597 6
2411 4961 2
2411 4635 10
2412 4172 7
2412 1434 5
2412 262 8
2412 2736 5
2413 2102 7
2413 1189 2
2413 1474 3
2413 4560 10
2413 9 5
2414 4263 7
2414 2696 7
2414 1420 10
2414 4858 7
2414 916 6
2415 1525 7
2415 1785 7
2415 748 5
2415 2265 7
2416 540 9
2416 3980 3
2416 2934 5
2416 2368 7
2417 1344 7
2418 3490 4
2418 595 6
2418 1282 2
2418 697 7
2419 1724 3
2419 2122 4
2419 4501 10
2420 4717 5
2420 4569 4
2420 3240 2
2420 4135 5
2420 3830 7
2421 4950 2
2421 3798 2
2421 2205 6
2421 1663 9
2422 459 3
2423 3383 1
2424 2343 10
2424 3795 5
2424 3983 5
2424 872 3
2424 2243 9
2425 4766 2
2425 4650 3
2425 3922 1
2425 3052 6
2426 1107 1
2426 2281 3
2427 3274 4
2427 1070 4
2427 4180 4
2428 1446 7
2428 2190 3
2429 137 7
2429 2348 8
2429 890 7
2430 3135 3
2430 1698 5
2430 4071 10
2430 4086 4
2430 1637 9
2431 2268 3
2431 924 7
2431 1504 4
2431 3599 8
2432 1545 9
2432 2928 7
2432 4949 4
2432 3234 5
2433 544 3
2433 3004 7
2433 2211 7
2433 2622 5
2433 4313 5
2434 2776 9
2434 4055 7
2434 4365 9
2434 4251 1
2435 246 4
2435 4548 2
2435 2810 8
2435 2601 10
2436 3290 7
2436 4376 2
2436 1472 5
2436 6 5
2437 704 4
2437 3165 4
2438 593 6
2438 4324 9
2438 1477 10
2439 3867 9
2439 1754 8
2439 425 5
2439 3107 1
2439 1049 1
2440 134 7
2441 309 6
2441 3961 6
2442 3155 2
2443 3935 2
2443 958 3
2443 1291 8
2443 2704 4
2444 1740 5
2444 1553 8
2445 1301 10
2445 1407 5
2445 1040 1
2445 2014 5
2445 4504 5
2446 3923 8
2446 4356 2
2446 4110 5
2447 2927 1
2448 4170 4
2448 2295 3
2448 2043 5
2448 3613 5
2448 4211 9
2449 4569 3
2449 3734 4
2449 2762 1
2449 3908 8
2449 1517 3
2450 4942 7
2450 1826 2
2450 3414 10
2450 1440 5
2450 3943 7
2451 4958 5
2451 3254 4
2451 4211 2
2451 4444 8
2451 485 9
2452 4478 1
2452 2636 2
2453 2912 1
2453 4164 4
2454 2900 7
2455 3952 8
2455 4421 4
2455 1724 8
2455 4660 5
2456 4861 7
2456 3345 10
2456 3436 5
2457 1807 5
2457 563 8
2457 922 4
2457 724 9
2457 1804 1
2458 1145 3
2458 3659 2
2458 3502 8
2458 565 3
2458 2474 10
2459 4124 4
2459 3349 3
2459 2284 9
2459 1947 3
2460 2625 3
2461 405 9
2461 4702 9
2461 2911 10
2461 134 2
2462 1043 3
2462 4256 10
2462 273 9
2463 754 2
2463 1491 6
2463 949 5
2463 168 2
2463 4102 3
2464 4980 5
2465 4548 4
2465 2082 6
2465 4941 3
2465 1207 9
2465 3745 6
2466 4086 6
2466 4729 7
2467 741 8
2468 1955 7
2468 1569 5
2468 2484 3
2468 1671 6
2468 3451 5
2469 4470 7
2470 4617 2
2470 286 8
2471 3760 3
2471 1472 9
2471 859 1
2472 3619 7
2472 1440 7
2472 4215 7
2473 1955 3
2473 2661 8
2474 1374 2
2474 3539 9
2474 394 9
2475 3133 7
2475 2540 7
2475 1402 10
2476 4832 3
2476 1919 2
2476 4039 2
2476 4341 10
2476 3126 1
2477 2034 4
2477 3219 7
2477 1921 6
2477 1090 9
2477 3528 1
2478 576 9
2478 747 2
2479 2190 9
2479 58 4
2480 3162 9
2480 4845 9
2480 698 10
2480 4183 1
2481 482 9
2482 1449 5
2482 295 1
2482 4194 8
2482 3601 3
2483 4102 9
2483 4053 9
2483 3297 1
2483 3250 5
2484 2924 6
2484 4093 9
2484 3829 2
2484 2160 1
2485 3739 5
2485 2474 5
2485 3630 4
2486 3674 5
2486 3044 2
2487 2662 1
2487 3404 8
2487 3817 1
2487 1635 4
2488 2478 5
2488 3772 3
2488 1140 8
2488 3973 2
2488 2800 3
2489 321 6
2490 2369 10
2490 2724 9
2490 4056 2
2490 1602 3
2490 638 7
2491 3868 7
2491 3853 7
2492 1331 2
2492 1179 3
2492 162 4
2492 4231 5
2492 2317 4
2493 3317 10
2493 1772 2
2493 4319 10
2493 1310 3
2494 4143 2
2494 3629 3
2494 4237 9
2495 494 3
2495 1639 8
2495 3403 8
2495 2518 4
2495 3357 8
2496 2032 3
2497 222 7
2497 4497 10
2497 4556 7
2498 2023 4
2498 1484 10
2499 4829 3
2499 4127 9
2499 4178 8
2499 1043 10
2500 1670 9
2500 4957 1
2500 1045 2
2501 4014 9
2501 418 3
2501 616 1
2502 1637 10
2503 3732 5
2503 2490 5
2504 2208 9
2505 492 3
2506 1445 4
2506 461 7
2507 1573 2
2507 2550 1
2507 449 3
2508 3931 3
2508 1694 4
2509 3015 8
2510 3888 1
2510 3681 9
2510 4889 4
2510 3406 7
2511 4426 5
2511 1588 3
2512 4208 9
2512 2851 6
2512 124 7
2512 4990 10
2513 3508 1
2513 1961 6
2513 4136 2
2514 950 1
2514 935 5
2514 3619 8
2514 2160 7
2514 4609 10
2515 1769 4
2515 3629 4
2516 583 3
2516 489 8
2516 2180 10
2516 2134 8
2516 3309 2
2517 4696 6
2517 1155 7
2517 187 7
2517 4705 5
2518 4724 1
2518 679 10
2518 4674 6
2518 2161 4
2518 2789 1
2519 4630 3
2519 3787 8
2519 3073 6
2520 1761 10
2520 667 7
2520 3517 1
2521 4211 8
2522 4789 4
2522 654 3
2522 475 2
2522 2003 5
2523 626 8
2523 3303 5
2523 4529 5
2524 3010 9
2525 3953 8
2526 1949 7
2526 4715 4
2526 3309 9
2526 3690 4
2527 4732 2
2527 2989 6
2527 521 3
2527 4463 9
2527 1342 4
2528 4461 10
2528 2171 4
2528 2830 7
2529 160 8
2530 1594 8
2530 1989 8
2530 3903 2
2530 4112 10
2530 4318 6
2531 4870 5
2531 3525 6
2531 2790 8
2531 3573 9
2532 3581 8
2532 378 8
2532 3893 7
2532 729 10
2532 2856 1
2533 4179 7
2534 2713 2
2535 1638 2
2535 1545 1
2535 3454 8
2536 1069 10
2536 1038 6
2536 4655 1
2536 4605 8
2536 592 4
2537 2156 9
2537 996 9
2537 3969 10
2538 3066 1
2538 2793 8
2538 985 8
2538 2926 1
2539 3044 6
2539 2134 2
2540 3142 8
2540 3665 1
2541 4556 9
2541 4497 8
2541 2179 7
2542 2518 6
2542 522 7
2542 4707 7
2542 4633 1
2542 4011 10
2543 59 8
2544 3555 8
2544 3834 8
2545 3991 3
2546 1190 1
2546 4803 1
2547 4231 4
2548 4330 9
2548 4276 1
2548 4489 8
2548 523 3
2548 3957 10
2549 4991 3
2550 358 8
2550 866 6
2551 2407 7
2551 1966 6
2551 4065 1
2552 3572 6
2552 587 4
2552 4938 8
2552 1618 10
2553 4414 7
2553 1391 8
2553 148 6
2553 1949 1
2554 787 9
2555 4367 4
2555 4110 10
2556 3797 3
2557 1284 1
2558 2363 1
2558 2385 3
2558 1448 9
2558 1810 1
2558 994 2
2559 4601 2
2559 4931 1
2559 1558 3
2560 3508 10
2561 3575 10
2561 3983 5
2561 3810 6
2561 4406 8
2562 1563 4
2562 1573 9
2562 556 1
2562 510 8
2563 1204 4
2563 2594 10
2563 787 9
2563 3157 6
2564 4488 10
2564 97 2
2564 4231 6
2565 182 7
2565 2815 5
2565 4055 7
2565 3830 2
2566 1097 7
2566 4127 5
2567 799 9
2567 1234 2
2567 3173 5
2568 3930 7
2568 3938 10
2569 4082 3
2570 2747 2
2570 3811 9
2570 2323 6
2571 2631 4
2571 4032 3
2572 3754 7
2572 2337 9
2572 4592 2
2572 2626 10
2573 788 7
2573 4444 3
2574 4519 4
2574 4087 4
2574 2302 9
2574 4535 7
2574 3535 1
2575 3620 7
2576 4119 9
2577 33 7
2577 1059 7
2577 644 1
2577 4095 10
2577 2777 8
2578 1111 8
2578 464 4
2578 3181 8
2578 1073 7
2578 3763 4
2579 1996 1
2580 4894 9
2580 1653 1
2581 4039 1
2581 1919 5
2582 4373 9
2582 929 7
2582 1163 9
2582 1389 3
2583 1428 10
2583 3312 8
2583 4417 6
2583 2826 8
2583 378 6
2584 2658 9
2585 4028 2
2585 4019 8
2585 749 2
2585 568 10
2585 324 3
2586 4288 3
2586 2903 2
2587 4283 7
2587 4543 1
2588 4257 9
2588 2925 6
2589 215 1
2589 3291 4
2590 1851 10
2590 1409 9
2591 694 8
2591 1804 2
2591 4809 2
2591 4178 8
2591 2841 2
2592 2432 2
2592 2478 5
2592 2749 10
2593 4327 7
2593 1237 7
2593 2659 2
2593 4177 1
2594 1504 7
2594 3942 7
2595 4751 5
2595 3978 7
2595 1854 5
2596 2126 8
2596 2277 10
2596 312 10
2596 3606 1
2597 3948 10
2597 2178 7
2597 282 3
2597 4012 6
2597 2532 7
2598 3414 3
2598 125 7
2599 3419 10
2599 1177 4
2600 412 6
2600 2558 4
2601 3135 4
2601 4548 1
2601 2635 1
2601 1637 8
2602 3889 10
2602 4029 3
2602 2791 10
2603 2712 4
2604 90 10
2604 3147 1
2605 1056 7
2605 3763 3
2605 1111 9
2605 3474 1
2606 4935 4
2606 3378 6
2607 2205 5
2608 643 5
2608 2989 2
2609 798 4
2610 684 6
2610 4241 10
2610 2922 2
2610 866 9
2611 1456 1
2612 3836 2
2612 2615 10
2612 1128 6
2612 4681 9
2612 3409 8
2613 2847 7
2613 2926 3
2614 414 7
2614 4226 6
2614 88 6
2615 2538 5
2615 1795 2
2615 2017 9
2616 4555 1
2616 1794 7
2616 3531 5
2616 14 7
2616 4497 2
2617 1954 7
2618 3011 1
2618 3961 9
2618 2636 10
2619 3023 2
2619 2637 9
2619 524 5
2620 1548 4
2621 1590 2
2622 1278 1
2622 1762 5
2622 2271 9
2623 4694 9
2623 4466 7
2624 1400 3
2624 1971 2
2625 1723 1
2625 700 4
2625 3891 6
2626 970 2
2627 4684 5
2627 4525 10
2627 147 1
2627 1280 2
2628 583 9
2628 4102 9
2629 3173 6
2630 3942 5
2630 4372 2
2631 3333 9
2631 2681 2
2632 2781 1
2632 3998 9
2632 1492 3
2632 2018 9
2633 4321 8
2633 492 6
2634 1575 6
2634 3254 5
2634 3428 3
2635 4183 5
2635 1556 7
2635 4150 6
2636 1080 10
2636 3564 6
2637 2077 7
2637 1995 9
2637 3012 8
2637 224 8
2637 106 1
2638 4892 4
2638 3533 10
2638 42 1
2639 4933 5
2640 2018 1
2640 4179 3
2641 4699 8
2641 1739 6
2641 4105 1
2641 1226 8
2642 4956 3
2642 4705 4
2642 1570 8
2642 2454 1
2643 4874 8
2643 409 10
2643 75 3
2643 2032 2
2643 2394 4
2644 4072 7
2644 3392 10
2644 4667 10
2644 4885 6
2645 93 7
2645 3243 10
2646 3543 8
2646 1994 6
2646 3825 5
2646 2367 10
2647 1746 10
2647 3879 5
2647 4272 5
2647 2797 2
2648 1557 2
2648 3371 8
2648 2904 9
2649 255 3
2649 2279 10
2649 1209 7
2650 290 10
2651 1004 4
2651 3227 6
2651 1165 3
2651 2018 8
2651 2190 10
2652 1766 5
2652 4965 3
2653 333 1
2653 3114 8
2654 4482 10
2654 4476 8
2655 2045 4
2655 3266 6
2656 1015 10
2656 3168 1
2656 40 8
2656 4111 10
2657 3084 9
2658 2835 7
2659 2501 7
2659 1235 3
2659 1244 9
2660 4844 1
2660 2422 6
2660 4829 6
2660 4500 9
2660 2570 6
2661 950 7
2661 2953 7
2661 4458 8
2661 215 4
2662 3575 2
2662 4962 1
2662 82 8
2663 4612 6
2663 49 3
2663 836 6
2664 2858 1
2664 187 3
2665 4150 7
2666 1976 2
2666 51 6
2666 2090 6
2666 4817 10
2667 584 10
2667 2229 10
2667 997 8
2668 435 2
2668 374 9
2668 1618 5
2668 215 3
2668 1522 8
2669 4326 2
2669 3620 3
2670 424 3
2670 3507 4
2671 324 2
2672 1490 6
2672 3974 10
2672 1528 6
2672 3320 1
2672 1124 7
2673 3716 5
2673 4803 1
2673 1662 10
2673 1470 2
2674 4870 2
2674 518 10
2674 3432 8
2674 3525 5
2675 4392 10
2675 2138 10
2675 641 10
2675 1230 9
2675 2240 9
2676 2116 9
2676 3421 5
2676 2336 3
2676 636 3
2677 1552 9
2677 160 3
2677 147 9
2678 2411 8
2679 4392 1
2679 4463 9
2680 2926 4
2680 2793 7
2680 3913 9
2681 3417 1
2682 1681 8
2683 1313 6
2684 2737 7
2685 259 10
2685 4246 9
2685 2536 3
2685 2889 2
2685 2863 9
2686 988 7
2687 3225 10
2687 2165 8
2687 1570 2
2687 3267 4
2688 2116 5
2689 4916 4
2689 986 5
2689 1850 6
2689 1246 7
2689 4006 5
2690 2831 2
2690 4964 9
2690 712 10
2690 1933 1
2690 1081 8
2691 2309 2
2691 1651 3
2692 2567 7
2693 4071 9
2693 47 3
2694 2412 2
2694 4411 5
2694 1557 8
2694 3967 4
2694 1361 4
2695 637 3
2695 4447 7
2695 1812 9
2695 2831 4
2695 175 2
2696 3517 3
2696 4101 2
2697 1514 5
2697 679 4
2697 2645 1
2697 4649 4
2698 4859 2
2698 636 8
2698 3711 3
2698 2394 5
2699 2507 5
2699 4131 6
2699 1545 1
2700 3062 4
2700 4014 5
2701 3923 5
2701 4367 7
2701 4525 5
2701 3730 9
2702 448 10
2702 3667 9
2702 4866 3
2703 3641 1
2703 4965 4
2704 1941 3
2704 564 10
2704 3480 7
2704 1341 6
2704 4551 8
2705 3009 9
2705 2686 2
2705 2281 6
2705 3165 2
2705 692 5
2706 4392 1
2706 2322 1
2707 4265 2
2707 2102 10
2707 124 7
2708 4560 9
2708 2837 9
2708 3081 5
2708 2707 10
2708 3222 9
2709 4766 9
2709 4933 7
2709 546 7
2709 3922 2
2710 4364 10
2710 2653 1
2710 2064 5
2710 4455 1
2710 345 4
2711 2282 4
2711 538 5
2712 2028 10
2712 4412 7
2713 2202 1
2713 3991 3
2713 2022 5
2714 1142 6
2714 330 10
2714 3096 3
2714 3607 2
2715 3115 2
2715 2900 6
2715 4254 9
2716 4299 1
2717 4205 9
2717 2481 9
2717 2324 7
2718 4238 5
2719 2560 3
2719 2417 8
2719 4367 2
2720 887 5
2721 1050 3
2721 1804 10
2722 4689 3
2722 2217 9
2723 460 10
2724 636 1
2724 4205 6
2724 3614 3
2724 4074 10
2725 723 10
2726 398 2
2726 3889 3
2726 835 6
2726 1010 7
2726 4449 1
2727 3616 3
2727 540 9
2728 3106 2
2728 2300 5
2729 4743 8
2730 3301 7
2731 2251 1
2731 2295 9
2731 65 7
2731 1246 6
2732 3971 9
2733 659 6
2734 2848 2
2734 1325 6
2734 2776 5
2734 366 8
2734 503 6
2735 1868 6
2735 2505 10
2736 3238 5
2737 2655 1
2737 1207 4
2738 2687 5
2738 4316 9
2738 4805 7
2739 2891 7
2739 2917 6
2739 2072 6
2739 1117 10
2739 3071 9
2740 448 9
2740 4440 4
2740 4559 8
2741 4820 8
2741 3913 5
2741 58 6
2741 603 7
2742 4324 4
2742 3290 6
2742 3282 3
2742 2611 10
2742 3797 8
2743 2263 9
2743 1897 5
2743 1856 9
2743 3823 6
2744 4964 7
2745 4096 1
2745 598 3
2745 737 2
2746 1199 1
2746 21 1
2746 4694 7
2746 2623 3
2747 4952 8
2747 1306 2
2747 4673 1
2747 2823 6
2747 2566 9
2748 1111 4
2748 2910 7
2748 4092 9
2749 4098 3
2749 2061 5
2750 4700 2
2751 2928 1
2752 1080 3
2752 1131 8
2752 3510 6
2753 3400 1
2753 482 7
2754 669 2
2754 262 6
2755 366 6
2756 908 8
2756 882 4
2756 2465 2
2756 4086 1
2757 791 4
2757 1219 2
2758 1668 7
2758 4993 8
2758 4564 9
2759 1867 9
2759 789 7
2759 3147 5
2760 3915 7
2760 1117 6
2760 2834 8
2760 3665 1
2760 44 6
2761 3796 2
2762 3974 6
2762 1348 10
2762 3720 3
2762 3301 6
2763 3647 1
2763 4557 2
2763 3711 5
2764 4919 7
2764 1856 2
2764 2917 3
2764 4507 10
2765 2185 1
2765 337 9
2765 2433 2
2765 2324 4
2766 805 2
2766 3909 2
2766 3522 8
2766 4462 8
2766 943 9
2767 3199 9
2767 2393 6
2767 3274 1
2767 1074 10
2768 3879 7
2768 4736 9
2769 1226 9
2769 792 7
2769 988 9
2769 848 9
2770 3597 8
2770 4515 8
2770 523 6
2771 4903 8
2771 2657 5
2771 2202 9
2771 2407 9
2772 3835 9
2772 2475 10
2772 86 9
2773 3857 10
2773 4413 6
2773 4714 1
2774 4298 10
2774 1806 1
2774 2715 10
2774 2732 1
2774 4234 6
2775 1444 2
2775 3301 5
2775 4216 5
2775 1276 6
2775 3447 2
2776 203 10
2776 3184 6
2776 1517 7
2777 2601 8
2778 2863 3
2778 4489 9
2778 3127 7
2779 4809 1
2779 2773 1
2779 4654 8
2780 2176 5
2780 950 8
2780 4509 3
2781 608 4
2781 2017 9
2782 3578 5
2782 2523 10
2782 2812 5
2782 2135 9
2782 4961 1
2783 177 2
2783 1169 5
2784 4514 5
2784 3882 3
2784 2588 8
2784 3443 9
2785 1871 1
2785 2926 9
2785 750 8
2786 342 8
2786 1189 5
2786 3964 8
2786 2516 3
2787 166 4
2787 262 4
2788 221 8
2788 4622 6
2788 2255 5
2789 4727 8
2789 2911 2
2789 1728 10
2789 3393 7
2789 4379 1
2790 3148 6
2790 2191 5
2790 2686 5
2791 713 7
2791 2800 6
2792 1644 2
2792 1206 10
2793 386 3
2793 4652 1
2793 597 8
2794 2995 2
2794 3421 4
2794 636 7
2794 4205 8
2794 742 9
2795 2182 1
2795 24 9
2795 3318 5
2795 2031 7
2795 2851 2
2796 3440 6
2796 2740 1
2796 1651 2
2796 3183 9
2797 1860 1
2797 2856 4
2798 661 3
2798 869 5
2798 1197 5
2798 805 1
2798 1994 3
2799 4894 6
2799 4965 6
2799 3287 9
2799 4837 3
2800 4076 5
2801 1017 9
2802 2883 3
2802 4098 1
2802 3454 8
2802 1911 6
2803 2911 2
2803 4674 3
2803 4148 1
2803 1084 2
2804 3008 10
2804 2906 6
2805 3740 1
2805 1085 6
2805 3986 3
2805 435 1
2805 1618 10
2806 11 1
2806 1540 7
2807 356 4
2808 2975 1
2808 1590 10
2809 3666 4
2809 3564 5
2809 3286 5
2810 2239 7
2811 4363 7
2811 3653 5
2812 4635 3
2812 1374 7
2812 813 2
2812 3846 2
2813 1385 2
2813 331 6
2813 425 8
2813 4704 9
2814 4356 3
2814 658 10
2814 160 3
2814 1406 3
2814 3575 8
2815 4306 3
2815 4456 6
2815 4126 8
2815 2975 2
2815 3210 1
2816 3702 5
2816 1489 5
2816 557 8
2816 2410 1
2816 4087 9
2817 309 4
2817 1369 10
2818 1528 5
2818 3170 9
2818 2037 6
2818 4365 4
2819 2893 3
2819 1096 6
2819 3220 8
2819 4342 5
2820 4413 4
2821 4782 1
2821 4164 4
2822 2046 6
2823 13 10
2824 4203 8
2825 3940 9
2826 3656 9
2826 1860 7
2826 4210 2
2826 1668 9
2827 3075 8
2828 4591 9
2828 4006 3
2828 1469 1
2828 2836 6
2828 3234 7
2829 3927 6
2829 4694 10
2829 3277 4
2830 3440 4
2830 1460 6
2830 4454 4
2831 3720 7
2831 3220 4
2831 4624 1
2832 2751 9
2832 3420 2
2832 2928 4
2832 4949 1
2832 2800 3
2833 856 10
2833 1834 7
2834 1144 6
2835 1394 7
2836 1929 1
2836 684 10
2836 2749 1
2836 866 3
2836 4915 2
2837 3991 2
2837 2234 1
2837 2094 7
2837 1926 3
2837 2235 1
2838 1828 9
2838 3601 9
2838 157 4
2838 2332 7
2839 296 6
2839 4395 5
2839 2384 1
2839 42 1
2840 1802 9
2840 4513 5
2841 1584 4
2841 3207 3
2841 3504 9
2842 1500 9
2842 4423 3
2843 4874 8
2844 2638 2
2844 763 4
2844 2650 1
2845 4403 9
2846 588 2
2846 120 5
2846 1074 3
2846 4690 8
2846 1881 10
2847 3807 7
2848 1631 5
2848 2342 3
2849 4534 3
2849 2192 10
2849 749 5
2849 4019 8
2850 2911 10
2851 281 3
2852 1161 5
2852 1807 10
2852 2457 2
2853 2324 6
2853 362 9
2853 3542 4
2854 3954 6
2855 3473 1
2855 1907 9
2855 3896 9
2855 4158 5
2855 2621 9
2856 3770 3
2856 4729 2
2856 3994 2
2856 4879 2
2857 686 5
2857 4556 6
2857 1308 2
2858 108 9
2859 4215 6
2860 474 8
2860 4923 1
2860 1482 10
2861 1811 5
2862 1961 8
2862 2603 6
2862 2801 6
2863 4362 7
2863 4616 10
2864 3317 6
2864 1772 9
2864 855 9
2864 3527 4
2864 4785 1
2865 3985 7
2865 1582 2
2865 4439 7
2865 3243 6
2865 2937 3
2866 2460 6
2866 711 8
2867 599 3
2867 4072 5
2867 3616 7
2868 2766 6
2868 137 2
2868 2761 1
2868 994 10
2868 1810 9
2869 1868 8
2869 4907 10
2869 2306 3
2870 3199 6
2870 2811 1
2870 3007 7
2871 3962 5
2871 1282 7
2871 2694 10
2871 1439 7
2872 4194 9
2872 603 2
2872 3807 5
2872 4401 1
2873 4296 1
2874 4944 8
2875 3130 2
2875 1238 2
2875 288 5
2875 4076 7
2876 834 4
2877 601 7
2877 4077 7
2877 4872 5
2877 527 10
2877 2656 8
2878 4236 7
2878 2146 10
2879 4567 1
2879 2834 5
2880 148 5
2880 2904 7
2881 644 6
2881 4941 10
2881 2684 4
2882 987 2
2882 1390 6
2882 2753 8
2882 1478 4
2883 4740 6
2883 235 1
2883 4312 8
2884 3256 8
2884 1039 8
2885 1556 4
2885 2784 5
2885 4457 8
2885 1226 4
2885 3266 9
2886 2005 5
2886 101 2
2886 3690 2
2886 1500 4
2886 2230 7
2887 4940 2
2887 1694 9
2887 2376 5
2887 4514 8
2888 4458 10
2888 2953 4
2889 4376 7
2890 4806 5
2890 4615 7
2890 64 2
2890 355 3
2890 4580 9
2891 3812 1
2891 3445 5
2891 1402 2
2891 4057 3
2892 3745 1
2892 3347 9
2893 167 9
2893 3088 6
2893 4618 2
2893 956 5
2893 110 8
2894 2642 7
2894 2818 8
2894 4203 7
2894 1749 7
2894 3473 4
2895 4886 9
2895 4008 7
2895 1313 8
2895 445 1
2896 1298 8
2896 1309 10
2897 1333 7
2897 4734 3
2897 1954 3
2897 2635 6
2897 4018 6
2898 3406 1
2898 3910 4
2898 741 6
2899 4060 7
2899 3265 5
2899 1867 9
2899 3801 8
2899 2759 1
2900 3699 6
2900 3320 2
2901 1347 8
2901 988 2
2901 3268 10
2901 3148 6
2901 2811 5
2902 2615 8
2902 2085 4
2903 2279 10
2903 3851 5
2903 4310 4
2904 3371 10
2905 2559 1
2906 157 6
2907 3370 2
2907 4996 9
2907 2387 4
2907 2563 4
2907 1270 1
2908 1659 4
2908 2323 1
2908 4844 8
2908 1692 5
2908 459 6
2909 1054 4
2909 3117 9
2909 1052 2
2909 3299 8
2910 3434 2
2910 1344 4
2910 1406 8
2911 4674 4
2911 3194 6
2911 3666 6
2911 4314 6
2911 4649 7
2912 1244 10
2912 2787 5
2912 2620 2
2912 4438 7
2913 843 5
2913 58 4
2914 4231 3
2915 851 2
2915 4099 9
2915 3711 2
2915 1786 10
2916 4533 7
2916 2505 3
2916 1614 7
2916 3096 7
2917 4206 9
2917 4355 4
2917 4107 6
2918 2090 9
2918 51 8
2919 3365 5
2919 2037 7
2920 3751 7
2920 1081 10
2921 44 10
2921 4281 9
2921 4426 2
2921 410 3
2921 3748 9
2922 992 1
2923 1043 4
2923 1889 7
2923 1231 4
2923 3239 6
2924 2286 3
2924 3019 8
2924 3084 8
2924 4333 10
2925 884 4
2925 4175 10
2926 4499 2
2927 2517 3
2927 3188 3
2927 2732 5
2927 4640 5
2927 2342 5
2928 3047 3
2928 3013 1
2928 1213 7
2928 4917 1
2928 710 8
2929 4740 8
2929 710 3
2929 4587 6
2930 2457 10
2930 1691 8
2930 1043 5
2931 90 8
2932 48 7
2932 4548 3
2932 4004 1
2932 4441 3
2933 2126 8
2934 4926 5
2935 4237 8
2935 1497 4
2935 2068 3
2935 2515 9
2936 4879 5
2936 4209 1
2937 4651 4
2937 75 4
2937 3710 3
2937 2915 7
2937 2763 3
2938 2164 8
2939 2670 3
2939 2718 1
2939 2333 9
2940 4181 2
2940 3795 10
2940 352 2
2941 3653 2
2941 2641 2
2942 3626 7
2942 3065 6
2942 928 8
2943 3305 4
2943 3480 7
2943 3987 9
2943 2264 7
2944 1174 2
2944 2456 8
2944 3173 7
2944 132 8
2945 3001 6
2946 4674 8
2946 89 8
2946 2278 4
2947 2157 4
2948 2667 2
2948 4562 6
2949 458 8
2950 841 5
2950 415 2
2950 256 1
2950 470 5
2951 2831 3
2951 4745 2
2951 4569 8
2951 3703 5
2951 3679 7
2952 3515 8
2952 669 3
2952 1361 3
2952 166 9
2952 2736 9
2953 817 4
2954 1079 10
2954 1518 5
2954 4333 7
2954 4498 3
2954 253 4
2955 1424 5
2955 4206 9
2956 335 3
2956 4838 2
2956 3571 4
2956 1878 9
2956 1828 5
2957 3158 4
2957 844 9
2957 2267 2
2957 4514 5
2957 1716 8
2958 1903 9
2959 2821 6
2959 4483 6
2960 4006 9
2961 3872 3
2961 1654 6
2961 2823 7
2961 4336 1
2961 4714 6
2962 631 8
2962 3712 8
2962 3071 9
2963 2020 10
2963 2462 2
2963 3504 1
2963 4654 3
2964 2766 1
2965 2432 10
2965 1723 6
2965 1158 4
2966 124 7
2967 368 1
2968 935 2
2968 1030 3
2968 451 7
2968 4377 7
2968 4229 10
2969 1650 3
2969 3526 9
2969 3947 7
2969 3152 9
2970 22 5
2971 3814 3
2971 262 3
2971 2754 8
2972 3297 4
2972 450 9
2973 2503 8
2973 3106 8
2974 1613 3
2974 732 3
2974 4792 4
2975 3055 9
2975 372 2
2975 1048 9
2975 545 9
2976 1043 10
2976 4593 9
2976 154 6
2977 1802 4
2977 1449 6
2977 3778 5
2977 4401 6
2977 4820 7
2978 3963 3
2978 851 2
2978 4284 5
2978 1461 3
2979 969 6
2979 1220 2
2979 3435 9
2979 459 4
2979 180 6
2980 4894 6
2980 2470 2
2980 3604 7
2980 1875 3
2981 4088 2
2981 4135 3
2982 3671 6
2982 3011 5
2982 670 9
2982 2474 1
2983 477 3
2983 2638 5
2983 296 1
2984 4326 6
2984 2262 4
2984 135 9
2984 3335 2
2984 2447 3
2985 4611 8
2985 1788 4
2986 3348 2
2986 1868 3
2986 3925 2
2987 4952 3
2988 669 2
2988 4172 5
2988 601 10
2989 3652 2
2989 1419 6
2989 2551 9
2989 4488 4
2990 4530 7
2990 3632 7
2991 1772 3
2991 3618 2
2991 986 4
2992 1934 1
2992 832 6
2992 1071 4
2992 1994 6
2992 14 9
2993 1727 10
2994 2638 8
2995 309 2
2995 2481 8
2996 742 2
2996 508 2
2997 40 1
2997 3967 4
2997 3371 3
2997 1088 8
2997 3955 7
2998 1143 2
2999 4939 6
2999 2112 7
2999 1925 5
3000 822 7
3000 908 3
3000 842 9
3000 1288 10
3000 3861 4
3001 3867 1
3001 2735 5
3002 4694 5
3002 4624 7
3002 167 5
3003 1167 10
3003 356 8
3003 4048 5
3004 3011 2
3004 3149 6
3005 2722 8
3005 1079 2
3006 4645 10
3007 1249 3
3007 567 1
3007 32 4
3007 1758 8
3008 2840 10
3008 4879 10
3008 1389 7
3009 1420 4
3009 1302 1
3009 2684 6
3010 4257 2
3010 3440 4
3010 2683 7
3010 1317 10
3011 3026 8
3012 836 7
3012 82 2
3013 3837 1
3013 4439 6
3014 3028 3
3014 630 10
3014 3926 4
3014 4986 6
3015 4074 8
3015 3421 3
3015 3422 4
3016 1897 4
3016 1603 2
3016 4394 2
3016 640 9
3017 2993 6
3017 1978 2
3018 2835 4
3019 2609 3
3019 4021 2
3019 4887 10
3020 3073 6
3021 1287 1
3021 2963 7
3022 2895 6
3022 4832 8
3022 4410 10
3022 800 7
3023 3706 8
3024 3198 6
3024 1412 1
3024 3905 1
3025 4252 7
3026 4631 1
3026 1780 2
3026 3807 2
3026 4547 3
3027 836 4
3028 992 10
3028 2625 10
3028 2535 1
3029 1569 7
3029 2661 3
3030 3694 3
3030 4729 1
3030 1537 4
3030 2777 8
3030 3432 7
3031 3632 9
3032 2945 10
3032 4183 9
3032 4073 10
3032 1313 4
3033 1085 2
3033 2580 7
3033 3451 3
3034 193 2
3034 1800 1
3035 4825 9
3035 2819 1
3036 4547 10
3036 2357 9
3036 71 9
3037 4111 9
3038 3267 6
3038 2950 4
3038 4158 2
3038 4474 6
3038 3170 2
3039 262 1
3039 550 7
3039 3238 4
3039 601 7
3039 3255 6
3040 3730 10
3040 2560 1
3040 2513 10
3041 4878 6
3042 676 8
3042 1930 8
3043 4605 5
3043 3150 6
3043 3374 9
3044 3081 7
3044 756 10
3044 4536 9
3044 3202 2
3044 489 8
3045 2528 10
3045 4122 6
3045 269 3
3045 3413 4
3046 1454 5
3047 2433 6
3047 4041 6
3047 123 6
3048 2861 10
3049 33 7
3050 1894 7
3050 953 5
3050 3300 5
3050 2332 8
3051 2274 7
3051 1318 1
3052 3904 9
3052 4933 2
3052 2576 8
3052 4764 5
3053 2419 9
3053 4390 1
3053 41 6
3053 4412 1
3053 4268 10
3054 4176 6
3055 4348 6
3056 1682 2
3056 448 4
3056 2976 5
3057 4413 7
3057 1928 7
3058 2437 10
3059 4477 7
3059 937 1
3059 426 6
3060 1258 2
3060 2929 8
3061 3491 3
3061 4815 7
3061 433 6
3061 4123 1
3062 373 6
3063 4971 1
3063 1012 8
3063 2689 10
3063 3678 9
3064 1298 5
3064 2467 7
3064 2123 4
3065 10 5
3065 3626 1
3065 4029 5
3065 3546 8
3065 3462 9
3066 3913 4
3066 597 7
3067 1234 1
3067 388 4
3068 3483 7
3068 4955 8
3069 1626 6
3069 2174 6
3070 3492 4
3070 482 10
3070 1046 9
3071 2510 2
3071 1090 3
3071 3823 6
3071 3888 10
3071 275 5
3072 3892 6
3072 524 2
3073 3396 9
3073 3148 2
3073 4082 5
3073 714 5
3073 3165 9
3074 1610 7
3074 1039 4
3074 485 4
3074 2507 10
3074 4916 7
3075 844 8
3075 4120 6
3075 1435 8
3076 4456 8
3076 77 7
3076 1799 2
3076 2093 6
3076 1450 10
3077 974 10
3077 3759 6
3077 4503 8
3078 922 4
3078 2231 3
3079 1596 7
3079 4362 4
3080 1427 6
3081 2949 6
3081 3116 10
3081 1230 3
3081 2564 1
3082 4558 3
3082 1419 9
3083 3524 1
3083 3747 10
3083 2483 5
3084 983 10
3084 2859 6
3085 3572 1
3085 1102 6
3085 1063 2
3086 1411 10
3086 4815 6
3086 2202 1
3086 935 2
3086 2473 7
3087 1258 8
3087 4315 1
3087 987 8
3088 3561 5
3088 1298 6
3088 1297 7
3089 4038 2
3089 4305 2
3090 3167 4
3091 2038 9
3091 2034 4
3092 4511 9
3093 1804 3
3094 2020 2
3094 2323 4
3094 3857 8
3095 2635 2
3095 3284 5
3096 847 9
3096 3591 6
3097 3599 8
3097 4057 9
3097 1181 10
3098 4000 4
3098 13 8
3098 1889 5
3098 2020 7
3098 4844 3
3099 3221 7
3099 3782 10
3099 3147 2
3099 4528 7
3099 4764 3
3100 2092 9
3100 4140 5
3100 2609 9
3100 4316 1
3101 4348 3
3101 1035 3
3101 3529 2
3101 3109 9
3101 3858 10
3102 1247 6
3103 2337 7
3103 874 7
3103 540 9
3103 2761 5
3104 1248 5
3104 4513 8
3104 3300 5
3105 1519 8
3106 1780 10
3106 3105 4
3107 4018 8
3108 4037 5
3108 1850 5
3108 2828 6
3108 1246 1
3108 1320 4
3109 3529 3
3109 1733 2
3109 4355 2
3109 1543 9
3109 4466 1
3110 1773 8
3110 1529 9
3110 2357 10
3111 4903 4
3111 4231 2
3111 4468 3
3111 1055 4
3111 812 4
3112 1941 9
3112 97 4
3112 1544 3
3112 3991 1
3113 2218 3
3114 2332 2
3114 2304 4
3114 2913 9
3114 386 3
3115 829 3
3115 4745 6
3116 2512 1
3117 1765 8
3117 3972 3
3117 2311 6
3118 521 1
3118 2317 6
3119 456 7
3119 822 4
3119 2195 6
3119 3580 2
3120 3434 7
3120 3054 8
3120 57 10
3121 2100 5
3121 2160 8
3121 1914 7
3122 2465 3
3122 1999 6
3123 4001 3
3123 4907 4
3123 4454 4
3123 474 6
3124 627 9
3124 3048 1
3124 1875 9
3124 2021 2
3125 1265 2
3126 4584 5
3126 2895 9
3127 1422 5
3127 1616 3
3127 4489 6
3127 2626 3
3127 3469 1
3128 4688 9
3128 1558 2
3129 3841 1
3130 907 5
3130 2112 9
3131 4418 10
3131 681 8
3131 4762 8
3131 997 7
3132 1918 3
3132 1722 5
3132 4124 8
3133 1551 10
3134 3187 3
3134 1070 1
3134 171 3
3135 3822 6
3135 3965 6
3135 2635 4
3136 2110 2
3136 544 3
3137 2964 3
3137 4489 6
3137 3832 7
3137 4959 8
3138 1248 7
3139 4298 6
3140 4294 6
3140 387 8
3140 4685 5
3140 34 2
3140 1017 6
3141 1961 10
3142 4974 6
3142 635 1
3143 1310 2
3144 2773 7
3144 563 4
3145 2590 3
3146 2190 10
3147 4119 3
3147 3782 7
3147 2620 2
3147 3533 9
3148 4236 7
3148 4708 2
3148 4978 4
3148 3861 2
3149 4364 2
3149 4529 1
3149 1762 5
3150 3663 2
3150 2307 4
3150 2778 2
3151 2625 2
3152 3484 9
3153 4377 7
3153 2580 8
3153 3491 4
3154 4039 7
3154 3745 4
3155 1434 5
3155 550 4
3155 3039 1
3155 4487 8
3156 3029 7
3156 4607 2
3156 2092 5
3156 3619 7
3156 521 4
3157 1181 1
3157 4953 10
3157 2760 6
3158 2830 7
3158 1313 2
3158 847 7
3158 2528 7
3158 3045 3
3159 1979 6
3160 4794 10
3160 2634 1
3160 3411 1
3160 1930 8
3160 213 4
3161 2696 9
3162 3882 4
3162 896 3
3162 4122 6
3163 983 6
3163 2155 10
3163 253 2
3164 2112 10
3164 2044 1
3164 1913 3
3164 1378 10
3165 1269 9
3165 1698 10
3165 1667 6
3166 1779 8
3166 789 2
3166 2522 10
3166 3265 9
3167 4721 1
3168 4346 5
3168 2880 1
3168 4300 5
3169 3396 10
3169 1759 10
3169 533 5
3170 1376 7
3170 175 10
3170 182 2
3170 2406 5
3170 610 9
3171 4909 1
3171 616 6
3171 3490 6
3171 3376 3
3171 1272 8
3172 1163 10
3172 3230 5
3172 3396 6
3172 4112 9
3172 715 8
3173 1232 4
3173 760 3
3173 1724 3
3173 4390 5
3174 3047 4
3174 1158 10
3174 3926 3
3174 779 8
3174 1971 6
3175 61 5
3175 3918 1
3176 1127 3
3176 634 1
3176 2497 6
3177 3073 7
3177 2797 8
3177 4820 5
3178 596 10
3178 3184 4
3179 1994 4
3179 4329 10
3179 3988 7
3179 540 1
3180 4646 3
3180 2866 7
3180 495 5
3181 3575 2
3181 3730 10
3181 1552 4
3182 2420 7
3182 1351 6
3182 1812 2
3182 1783 3
3183 4383 9
3183 533 7
3183 391 10
3184 4816 10
3184 1479 9
3184 385 1
3185 805 3
3186 4302 4
3186 1216 7
3186 3151 8
3186 4852 2
3186 4076 3
3187 3321 2
3187 4150 1
3187 4642 4
3188 610 3
3188 4705 1
3188 1376 4
3189 329 9
3189 3335 4
3189 1376 9
3189 4745 6
3189 4298 8
3190 1291 8
3190 4935 8
3190 812 2
3191 1106 3
3191 1947 10
3192 3643 10
3192 1993 10
3192 1679 10
3192 2815 8
3192 3210 1
3193 4965 3
3193 2160 2
3193 451 7
3193 2224 1
3193 2609 5
3194 444 7
3194 508 5
3195 426 5
3195 3230 4
3195 3841 3
3195 2082 8
3195 633 3
3196 3092 9
3196 4375 10
3196 3718 2
3197 3765 6
3197 1903 7
3198 145 5
3198 2679 1
3199 1667 8
3199 3841 4
3200 4529 3
3200 1998 1
3200 4806 9
3200 4681 6
3201 2851 2
3201 4536 8
3202 24 5
3202 1443 9
3202 4687 9
3202 1230 6
3203 3304 10
3203 277 1
3203 2532 6
3203 3553 5
3203 3573 7
3204 4316 6
3204 611 10
3204 1955 2
3204 4212 1
3204 3291 8
3205 2659 1
3205 2620 1
3205 2091 2
3205 4116 1
3206 3570 4
3206 2467 7
3206 635 2
3206 4032 3
3207 4966 1
3207 3459 7
3207 3847 6
3207 4654 3
3208 2929 7
3208 1740 5
3208 3926 2
3209 4062 6
3210 3679 9
3210 1490 8
3210 3448 9
3210 1783 2
3211 779 10
3212 1231 9
3212 2747 7
3212 629 10
3212 484 8
3212 2370 3
3213 4241 7
3214 1656 6
3214 1057 2
3214 513 7
3214 810 8
3214 295 7
3215 2196 8
3215 1150 6
3215 322 8
3215 3876 6
3216 1971 8
3217 4261 8
3217 464 4
3217 1406 9
3217 547 1
3217 3817 1
3218 4990 6
3218 3005 10
3218 3716 2
3218 1190 7
3219 1181 8
3219 1623 10
3219 4530 6
3219 1451 9
3219 2312 1
3220 4426 2
3221 4483 4
3221 2418 3
3221 3907 2
3221 1505 1
3222 2317 6
3222 3709 8
3222 4903 7
3223 1281 5
3223 2762 3
3223 4825 2
3224 1246 3
3224 209 6
3224 189 6
3225 108 3
3225 4944 10
3225 4456 5
3225 3831 8
3225 2818 4
3226 2656 5
3226 3297 3
3226 697 1
3227 1626 10
3228 299 5
3228 4419 1
3228 4673 2
3229 1421 10
3229 1904 10
3229 540 9
3229 815 3
3229 874 6
3230 3553 6
3230 2577 3
3230 2892 8
3230 2194 8
3230 3275 2
3231 4138 1
3231 2104 10
3231 4316 4
3232 3126 3
3232 944 7
3232 2508 9
3233 2645 3
3233 4083 3
3233 4703 9
3234 2382 6
3234 2433 2
3234 940 7
3235 4367 5
3235 2173 1
3235 3466 2
3236 2301 7
3236 2076 7
3236 2041 8
3236 2929 4
3237 2142 1
3237 1150 9
3237 3365 9
3237 4270 8
3238 3336 9
3238 2057 5
3238 2148 5
3239 1097 9
3240 1605 4
3240 4979 1
3241 1582 10
3242 3353 7
3242 3575 1
3242 4612 9
3242 984 6
3243 3272 4
3243 4056 9
3243 1858 1
3243 3732 10
3244 4083 7
3245 2699 9
3245 3662 4
3245 4197 10
3246 4250 9
3246 1282 10
3246 616 8
3246 4766 7
3246 290 10
3247 3809 4
3247 4157 7
3247 3010 5
3248 2638 5
3248 4453 8
3249 3043 4
3249 4952 4
3250 1007 10
3250 3690 10
3250 4231 7
3250 1531 8
3250 3905 10
3251 66 5
3251 4914 7
3251 2737 6
3251 4791 10
3251 238 8
3252 2853 8
3253 3526 8
3253 4966 5
3253 3207 6
3253 4682 10
3254 1573 7
3254 1187 5
3254 4037 6
3254 3375 8
3255 2706 5
3256 3342 6
3256 2809 8
3256 3839 1
3256 2278 6
3256 1464 8
3257 4282 5
3257 4985 9
3257 1131 7
3257 2752 8
3258 1780 6
3258 3382 9
3258 2678 7
3259 3054 7
3259 1028 5
3259 1345 6
3259 4612 5
3259 1056 2
3260 1552 5
3260 3235 8
3261 389 3
3261 3103 8
3261 3128 5
3262 3579 8
3263 3168 6
3263 1088 9
3263 1029 7
3263 166 2
3264 1293 10
3264 782 5
3265 4650 7
3265 4014 6
3266 3867 4
3267 4079 3
3267 4126 7
3268 3851 8
3268 1609 4
3268 3544 5
3269 3945 1
3269 2345 3
3269 4231 6
3269 4467 8
3269 1411 6
3270 4822 1
3271 4085 8
3271 145 10
3271 8 1
3272 2369 6
3272 3492 2
3272 340 4
3273 4272 2
3273 4978 5
3273 3396 6
3273 4210 7
3274 2649 1
3275 33 7
3275 2045 10
3276 4355 10
3277 2571 2
3277 443 9
3278 4824 10
3279 391 8
3279 474 1
3279 533 7
3280 3731 8
3281 973 8
3281 3324 3
3281 2759 7
3281 1724 2
3282 3469 6
3282 1069 3
3282 4376 10
3282 222 4
3283 4032 4
3283 2123 5
3283 4131 6
3283 1133 4
3283 2631 2
3284 2895 4
3284 4584 7
3284 896 4
3284 4122 4
3284 1499 6
3285 1063 4
3285 2036 4
3285 617 10
3285 4608 8
3286 742 1
3286 4860 10
3286 2995 5
3286 2110 2
3287 2287 8
3288 2233 3
3288 2282 8
3288 2412 10
3288 550 8
3288 1392 8
3289 4412 2
3289 3054 3
3289 1121 5
3289 1915 8
3289 2967 7
3290 1274 2
3290 4871 10
3290 592 5
3290 4655 5
3290 2249 1
3291 1141 5
3292 2513 4
3292 2173 5
3292 3027 6
3292 4062 8
3292 872 3
3293 843 7
3294 4408 5
3295 2829 1
3295 4474 10
3295 886 5
3296 2778 2
3297 2234 7
3298 4270 2
3298 3338 7
3298 256 4
3298 329 10
3298 2358 7
3299 1533 4
3299 1379 8
3299 3782 5
3299 1765 2
3300 1427 5
3301 3276 5
3302 1512 8
3302 2189 4
3302 950 5
3302 2124 2
3303 750 4
3304 3321 8
3304 3770 3
3304 4699 8
3304 2777 4
3305 433 3
3305 2924 7
3305 627 9
3305 935 7
3305 1653 5
3306 2230 3
3306 1483 5
3306 5000 1
3306 2234 4
3306 4385 2
3307 3081 9
3307 2954 2
3307 3090 3
3307 2317 3
3308 2522 3
3308 3782 4
3309 2673 4
3310 2442 4
3310 4009 5
3310 2994 1
3310 166 6
3311 4103 7
3311 2810 7
3311 2932 2
3312 2532 8
3313 1753 2
3313 1728 3
3313 2946 3
3313 4037 7
3313 580 3
3314 2233 9
3314 2486 3
3314 4983 8
3314 4830 3
3314 538 10
3315 3327 8
3315 2027 10
3315 2002 2
3315 2740 6
3316 3641 2
3316 1122 2
3317 3609 8
3317 4915 4
3317 1540 3
3318 162 4
3318 3483 2
3318 4063 2
3318 3019 2
3319 4802 1
3319 227 2
3319 4055 3
3320 2297 10
3320 3568 8
3320 1849 1
3320 402 2
3321 2887 8
3321 4150 4
3322 461 7
3322 1953 10
3322 4199 8
3323 1694 3
3323 310 10
3323 4940 4
3323 2505 5
3324 3507 1
3324 2670 4
3325 2720 8
3325 3221 2
3326 3417 6
3326 1181 9
3327 459 6
3328 1917 5
3329 3675 9
3329 1937 8
3329 60 4
3329 492 10
3330 2511 10
3330 881 3
3330 505 5
3331 799 8
3331 1174 3
3332 2356 8
3332 3655 7
3333 3501 4
3333 419 2
3334 3109 9
3334 1376 9
3335 452 5
3335 3608 9
3335 4298 10
3335 4203 10
3335 135 5
3336 2005 10
3336 1965 3
3336 1392 8
3336 1433 9
3336 2230 2
3337 3483 7
3337 3946 10
3337 3674 5
3337 354 10
3337 53 4
3338 4171 4
3338 4640 10
3339 4460 5
3339 3364 5
3339 758 2
3339 262 2
3339 2620 9
3340 386 2
3340 2840 7
3340 3177 6
3340 2804 6
3341 338 7
3341 2725 7
3341 4234 3
3341 4597 1
3341 4224 6
3342 2765 4
3342 2542 8
3342 1786 9
3343 3318 1
3343 2484 10
3343 611 6
3344 331 5
3345 4861 4
3345 3325 10
3345 1779 5
3345 1169 4
3345 1525 3
3346 1576 5
3346 4157 1
3346 2335 2
3346 2878 10
3346 667 2
3347 1014 6
3347 3925 6
3347 1317 3
3348 474 9
3349 815 3
3349 4199 3
3350 707 1
3350 4587 8
3350 2293 1
3350 1426 5
3350 235 3
3351 2332 7
3351 2741 4
3351 170 4
3351 3778 3
3352 2666 5
3353 3166 9
3353 4861 6
3353 427 3
3353 2972 3
3353 3308 2
3354 4926 3
3354 3794 7
3354 4519 1
3354 3719 3
3355 2185 10
3355 3450 3
3355 3136 5
3356 1804 1
3356 3811 8
3356 4626 10
3356 3457 2
3356 3078 10
3357 4985 6
3357 4074 10
3357 3998 2
3357 3828 2
3357 4149 4
3358 2654 7
3358 649 10
3359 368 4
3360 3413 4
3360 884 1
3360 963 2
3361 1572 3
3361 4366 9
3361 4357 4
3361 396 9
3362 4191 10
3362 2588 2
3363 1689 7
3363 753 5
3363 3979 7
3363 2980 5
3364 4607 4
3364 3853 2
3364 2103 10
3364 291 2
3365 3240 8
3365 734 9
3365 2351 5
3365 175 4
3365 1783 2
3366 4300 10
3366 1391 4
3366 3768 1
3366 681 7
3366 4053 3
3367 4497 7
3367 2559 3
3367 1883 2
3367 1299 6
3368 1374 1
3369 3124 5
3369 4474 2
3370 635 9
3370 4769 6
3370 3924 9
3370 45 9
3370 3937 7
3371 2539 1
3371 1392 7
3371 97 9
3371 2706 8
3371 4558 3
3372 3915 9
3372 4953 7
3372 2834 10
3372 2571 5
3373 4935 3
3373 2202 6
3374 356 7
3374 1615 1
3374 3290 8
3374 1038 10
3375 2596 2
3375 4681 7
3376 4177 6
3376 1029 7
3377 3501 8
3377 443 8
3378 3090 1
3379 2853 2
3379 1084 4
3379 2596 4
3379 3860 10
3379 4345 1
3380 3979 10
3380 4807 6
3381 2528 10
3381 2239 3
3382 394 5
3382 4806 3
3382 2615 4
3382 2970 1
3382 1795 4
3383 1280 7
3383 4518 7
3383 915 7
3384 3054 9
3384 3804 9
3384 3173 9
3385 3593 2
3385 3580 1
3385 1719 8
3385 1802 9
3386 3289 7
3387 1836 8
3387 3908 8
3387 2273 5
3387 3277 7
3387 2358 5
3388 2027 6
3388 858 1
3389 1728 2
3389 2398 8
3389 3630 9
3389 3666 5
3390 2956 7
3390 1213 10
3390 4290 8
3391 2793 1
3391 4751 5
3391 408 6
3391 2632 2
3392 4252 2
3392 241 3
3392 4926 8
3392 1715 6
3393 2324 10
3393 679 5
3394 204 4
3394 4547 10
3395 2650 8
3395 4800 4
3396 884 7
3396 2869 5
3396 2649 5
3396 1870 4
3396 2903 10
3397 164 8
3397 1674 10
3397 3513 3
3397 1499 2
3398 4402 2
3398 1418 3
3399 4440 6
3399 154 7
3400 2044 8
3400 1997 2
3400 1241 9
3400 4838 9
3400 2612 3
3401 1103 6
3401 2919 8
3401 329 10
3401 4079 2
3401 829 3
3402 2309 6
3403 1728 10
3403 4041 1
3403 2833 6
3403 4863 9
3403 4074 10
3404 3923 5
3405 3314 2
3405 8 4
3406 1852 2
3406 3064 5
3407 2353 10
3408 1179 2
3408 2470 4
3408 965 3
3408 2321 5
3409 3066 4
3409 2357 4
3409 4547 2
3409 386 6
3409 71 7
3410 4634 8
3410 3184 7
3410 664 7
3410 1141 4
3410 1822 8
3411 1563 7
3412 1388 8
3412 1102 10
3413 4796 5
3413 4543 5
3413 2587 9
3414 415 9
3414 938 1
3414 2980 6
3414 2799 1
3414 3287 9
3415 1769 1
3415 4206 5
3415 1204 3
3415 4583 4
3416 3694 1
3416 1407 6
3416 2872 2
3416 4537 3
3417 3211 6
3417 1633 8
3418 4599 7
3418 1809 10
3418 1813 6
3418 3422 5
3419 3436 9
3419 4116 10
3419 4528 8
3419 3801 8
3420 589 7
3420 2324 10
3420 4674 5
3420 3441 6
3421 962 6
3421 1037 5
3422 3824 7
3422 3004 9
3423 4006 3
3423 733 7
3423 3014 2
3423 809 4
3424 2831 9
3424 827 1
3424 3679 4
3425 3238 9
3425 4712 4
3425 770 9
3426 22 10
3427 3606 3
3427 3792 6
3428 4681 7
3428 3186 6
3428 3065 2
3429 2420 1
3429 2585 4
3429 1603 2
3430 4688 7
3431 53 1
3431 271 6
3432 1301 7
3432 3199 9
3432 3708 3
3433 2538 9
3433 3422 1
3433 4635 3
3434 2787 5
3434 2265 8
3435 3484 4
3435 13 3
3435 922 2
3436 3507 10
3436 2298 7
3436 4116 7
3436 4268 3
3436 654 5
3437 4703 4
3437 4205 8
3437 4587 2
3438 175 7
3438 4028 10
3438 4947 9
3439 3826 1
3439 4312 9
3439 1442 3
3439 589 5
3439 2359 1
3440 2279 3
3441 4999 9
3442 4349 4
3442 3003 8
3442 1542 6
3443 455 2
3443 1014 2
3444 3670 5
3445 2193 7
3445 1821 6
3445 744 1
3446 4284 6
3446 4727 1
3446 2596 8
3447 167 1
3447 4348 3
3447 4466 5
3447 3529 7
3448 1042 1
3448 3240 2
3448 914 9
3449 1849 5
3449 4888 6
3450 898 9
3450 867 6
3450 2226 8
3451 4894 2
3451 4138 7
3452 1983 6
3452 660 4
3452 2720 3
3452 2446 9
3452 4092 9
3453 4370 8
3453 1760 7
3453 1340 9
3453 2433 4
3453 2411 2
3454 1828 1
3454 4674 5
3454 1997 10
3455 839 6
3455 3174 2
3455 4724 10
3455 2359 9
3456 1265 2
3456 3752 4
3457 4336 2
3457 2660 9
3458 522 3
3458 4345 4
3459 2607 9
3460 4119 8
3460 697 7
3460 2501 3
3460 1756 7
3461 448 1
3461 3809 10
3461 4145 7
3461 579 7
3461 731 7
3462 2791 6
3462 2488 7
3462 921 4
3463 638 9
3463 4977 4
3463 940 6
3463 2507 1
3464 443 4
3465 2839 2
3465 1473 6
3466 3511 7
3466 142 1
3466 806 3
3467 1783 10
3467 3596 2
3467 2188 6
3467 637 6
3468 4281 3
3468 3850 10
3468 10 4
3468 2511 10
3468 1824 10
3469 3754 6
3469 2337 5
3469 2727 1
3470 2804 9
3471 2034 3
3471 4217 4
3472 1417 2
3472 1483 6
3473 3448 7
3474 4390 1
3474 2419 9
3474 3339 10
3474 806 6
3475 4435 1
3475 2235 3
3475 3636 10
3475 4346 7
3475 4579 5
3476 20 5
3476 4055 3
3476 3038 2
3476 1329 10
3477 3211 8
3477 3743 2
3477 3970 7
3478 1504 4
3478 528 7
3478 3774 7
3478 4372 10
3479 3892 6
3479 163 6
3479 1979 2
3479 2122 9
3479 2944 9
3480 1122 10
3480 4377 2
3480 433 7
3480 1564 5
3480 4216 8
3481 390 10
3481 1860 8
3481 2371 4
3482 894 6
3482 2244 4
3482 2394 9
3483 1618 6
3483 3986 4
3483 4608 2
3483 1569 9
3484 1721 5
3484 3803 4
3485 1358 2
3485 2018 3
3486 2664 6
3486 3608 3
3486 4887 5
3486 1155 5
3486 4224 7
3487 2714 3
3487 4182 7
3487 4192 5
3487 4832 7
3488 3120 4
3489 1460 2
3489 1343 4
3489 4378 3
3490 4892 8
3490 2754 7
3490 3814 5
3491 4509 4
3491 4061 8
3491 2552 10
3491 1205 4
3492 2135 7
3493 4970 2
3493 3825 9
3493 2766 4
3494 2367 7
3494 3488 3
3494 467 1
3495 2980 7
3495 289 10
3495 3829 10
3495 897 3
3496 979 10
3496 1752 2
3496 4758 9
3496 2595 2
3497 4607 7
3497 3904 6
3497 1417 7
3498 3846 9
3499 4057 7
3500 2376 5
3501 3936 5
3501 1130 5
3501 2228 6
3501 2301 3
3502 1277 7
3502 1817 10
3502 239 8
3502 195 2
3502 1854 5
3503 2555 5
3503 4525 8
3503 160 4
3504 1373 2
3505 1810 1
3505 706 4
3505 3354 8
3505 2616 8
3506 1024 8
3506 1771 4
3506 3812 3
3507 373 5
3507 3955 7
3507 2994 2
3507 3552 7
3508 2446 10
3509 1096 3
3510 3066 9
3511 319 9
3511 2593 5
3511 3039 10
3511 2564 9
3511 332 9
3512 4806 5
3512 3547 2
3512 2278 5
3513 3413 4
3513 4378 5
3513 4341 4
3514 2660 2
3514 2958 10
3514 3093 7
3515 2795 2
3515 4463 7
3515 1909 10
3516 3830 1
3516 3076 1
3516 2342 9
3516 3387 10
3516 1799 6
3517 1313 3
3518 1788 4
3518 1402 10
3518 2228 2
3518 3528 9
3519 2840 2
3519 1065 5
3519 4686 7
3519 2613 7
3519 1129 1
3520 1852 1
3520 1362 4
3520 3888 3
3521 2388 7
3521 2351 10
3521 4894 5
3521 1205 3
3522 3543 1
3522 3914 7
3522 464 3
3522 1009 1
3522 4926 8
3523 3056 4
3523 2784 10
3524 4094 2
3525 4595 1
3525 4610 8
3526 1477 3
3527 1140 3
3527 4526 3
3527 2765 2
3527 3028 10
3527 575 1
3528 2301 9
3529 1199 10
3529 4948 9
3530 954 7
3531 1793 2
3531 1790 4
3531 4349 4
3532 4476 7
3532 2151 1
3532 433 7
3533 4983 8
3533 2787 4
3533 253 7
3533 1595 1
3534 459 3
3534 468 3
3534 2391 2
3535 4760 5
3536 3054 3
3536 4789 1
3537 2170 5
3537 1084 7
3537 2481 3
3537 4599 9
3537 2073 8
3538 2195 1
3538 2121 9
3538 1737 9
3539 3885 9
3539 1656 8
3540 2473 10
3541 4295 4
3541 697 4
3541 1434 1
3541 2931 3
3542 15 6
3542 2728 10
3542 2752 6
3543 3209 10
3543 3012 9
3543 4367 4
3543 3054 10
3544 1313 7
3544 4008 4
3544 2735 4
3545 2180 2
3545 1624 7
3546 4011 6
3547 1378 6
3547 3106 10
3547 4817 1
3547 1956 8
3548 1709 10
3548 2890 2
3548 4132 7
3549 1899 7
3549 4071 4
3549 1333 10
3549 3965 1
3550 679 5
3550 3492 5
3551 157 4
3551 3114 8
3551 3918 3
3552 3475 2
3552 535 6
3552 3906 1
3552 1235 8
3553 4195 6
3554 4169 3
3554 392 6
3554 4137 1
3554 4978 5
3554 1719 3
3555 2533 6
3555 1271 5
3555 4034 2
3555 4086 6
3556 3940 2
3556 3871 6
3556 104 10
3556 1106 2
3556 2364 4
3557 4473 2
3557 2921 8
3557 2573 3
3558 1246 10
3558 3254 1
3558 2010 6
3559 2612 9
3559 4179 8
3559 544 1
3560 3463 3
3561 1788 4
3562 4763 10
3562 3686 1
3562 2645 3
3562 3891 7
3562 4194 4
3563 3210 5
3563 3449 6
3564 3718 10
3564 1076 3
3565 1225 6
3565 2714 7
3565 3327 9
3565 1743 8
3566 754 1
3566 949 1
3566 3673 8
3566 4231 10
3566 4423 3
3567 2404 7
3568 186 10
3569 2455 4
3569 3117 3
3570 3888 1
3570 1394 1
3570 2511 1
3570 1130 1
3571 251 7
3571 3555 5
3572 3979 9
3573 4708 2
3574 2824 3
3574 286 10
3574 3019 8
3574 2196 9
3574 1102 6
3575 160 3
3575 2712 7
3575 417 2
3576 1504 1
3576 3528 2
3577 1272 8
3578 3340 5
3578 2085 7
3578 2253 4
3579 524 10
3579 4260 5
3580 2309 7
3580 1333 1
3581 3653 5
3581 282 8
3581 1499 5
3581 3928 5
3581 3158 3
3582 4738 9
3583 3804 3
3583 316 1
3584 4599 2
3585 1718 1
3585 427 4
3585 4501 9
3585 3892 6
3586 4871 7
3586 2212 8
3587 473 4
3587 4332 5
3587 3237 5
3587 2690 2
3587 3338 3
3588 521 9
3589 4094 4
3589 319 1
3589 2230 2
3589 2442 7
3589 3533 8
3590 255 9
3590 2869 1
3591 4700 9
3591 4907 3
3592 4833 8
3593 3861 4
3593 4278 4
3593 1894 8
3593 3000 7
3593 1999 7
3594 3800 8
3594 4203 6
3595 535 4
3595 3779 5
3595 2851 4
3596 3743 9
3596 3681 2
3596 4737 10
3596 4694 9
3597 4773 9
3597 1071 5
3598 1624 2
3599 3406 10
3599 3145 5
3599 2467 8
3599 3283 7
3600 2457 2
3600 3783 9
3600 4399 1
3600 273 1
3600 139 7
3601 1599 3
3601 3268 9
3601 1698 7
3601 3009 3
3602 4597 7
3602 2585 3
3602 3473 6
3603 3238 1
3603 3817 6
3604 4825 4
3605 4644 7
3605 1936 10
3605 2198 3
3605 508 1
3606 2017 7
3606 2211 2
3606 4547 10
3607 884 1
3607 4454 8
3607 220 8
3607 4796 5
3608 4234 5
3608 1670 7
3608 952 9
3608 3974 5
3608 4947 10
3609 3420 5
3610 1487 1
3610 3543 5
3610 82 6
3610 1143 2
3610 3854 2
3611 382 4
3612 4150 1
3612 3653 1
3612 3381 9
3612 916 10
3612 3199 8
3613 4589 10
3614 61 2
3614 3519 2
3615 3447 6
3616 1167 8
3616 4857 9
3616 377 9
3616 1293 3
3616 2337 8
3617 1500 3
3617 3116 3
3617 2317 1
3617 144 3
3618 1216 10
3618 3427 2
3618 638 5
3618 4695 8
3619 4135 5
3620 2342 2
3620 2815 5
3620 3424 8
3620 4292 1
3621 312 1
3621 3824 4
3622 1604 6
3622 2576 6
3622 2650 2
3622 4119 9
3622 2501 6
3623 1236 5
3624 995 7
3625 1600 8
3625 2650 9
3625 4077 4
3625 3779 10
3626 1469 2
3627 2917 9
3627 3509 9
3627 3751 5
3627 1733 7
3628 4709 9
3628 591 2
3628 2925 6
3628 1209 5
3628 121 10
3629 4583 4
3630 565 7
3630 876 2
3630 3502 9
3630 2525 7
3630 2135 9
3631 2230 2
3631 4053 6
3631 709 10
3631 3844 3
3632 3850 7
3632 4542 8
3632 3772 4
3632 4958 8
3632 4006 3
3633 3014 4
3633 3208 2
3633 1997 1
3633 3042 1
3634 2675 6
3635 3032 7
3635 4150 6
3635 2878 7
3635 1385 7
3636 1392 5
3636 2468 3
3636 3483 3
3636 2954 7
3636 2463 9
3637 4509 3
3637 645 5
3638 1435 8
3638 4182 8
3639 4355 8
3639 924 6
3640 2079 6
3640 1802 1
3641 2859 8
3642 4802 7
3642 2738 2
3642 4467 6
3642 2484 5
3642 2388 4
3643 2515 6
3643 441 6
3643 3816 8
3644 3368 7
3644 1652 8
3644 719 4
3644 134 9
3645 4029 3
3645 3042 3
3645 1638 3
3646 285 5
3646 1944 9
3647 1686 7
3648 2759 1
3649 4349 6
3649 1315 2
3649 2364 2
3649 2204 9
3649 3616 6
3650 189 5
3650 2 4
3650 1394 1
3650 2228 1
3650 1409 5
3651 3065 3
3651 779 7
3651 2836 1
3652 2083 7
3653 1207 4
3654 3816 1
3655 2292 2
3655 4614 3
3655 2212 1
3655 88 8
3656 261 7
3656 1948 9
3656 988 7
3657 338 9
3657 3619 8
3658 3975 10
3658 791 6
3658 4282 1
3658 2441 8
3658 1037 4
3659 4513 8
3659 1871 5
3659 1795 7
3659 3470 8
3659 3593 9
3660 759 1
3660 10 2
3661 1646 5
3661 4795 6
3661 4410 1
3661 4100 10
3661 4797 4
3662 1246 2
3663 2611 3
3663 663 7
3664 3954 2
3664 4470 4
3665 3211 7
3665 4530 8
3665 2399 7
3666 670 1
3666 3502 6
3666 1736 2
3666 71 10
3667 1682 7
3668 3592 4
3668 2782 2
3668 4961 9
3668 71 9
3669 318 4
3670 3019 6
3670 2294 7
3670 1606 2
3670 4927 4
3670 1764 9
3671 4758 3
3671 55 5
3671 4499 1
3671 2653 8
3671 603 5
3672 754 9
3672 1483 1
3672 2296 6
3672 3044 8
3673 458 4
3673 460 5
3673 3540 2
3674 681 3
3674 2235 9
3674 3997 10
3674 1007 7
3674 2722 8
3675 4543 1
3675 1711 3
3676 3650 7
3676 1457 9
3676 1921 3
3677 4851 5
3678 1752 6
3678 1553 2
3679 158 3
3679 2935 7
3679 2358 1
3679 4534 10
3680 3811 3
3680 273 10
3680 3786 6
3680 139 8
3680 4399 2
3681 1246 9
3681 3973 1
3681 2602 10
3681 2875 5
3681 4006 4
3682 33 10
3682 3413 9
3682 2856 4
3682 3397 7
3682 3799 5
3683 1548 2
3683 477 4
3684 1220 10
3684 459 6
3684 2528 4
3684 4992 1
3685 4990 5
3685 611 6
3685 1764 2
3685 2092 10
3686 1084 3
3687 4173 9
3688 2010 2
3688 855 5
3688 2521 2
3688 1133 1
3688 3211 2
3689 2568 8
3689 1805 10
3689 887 3
3689 1779 6
3689 823 5
3690 3865 10
3690 2722 8
3691 4925 8
3692 4967 6
3692 4640 4
3692 4821 3
3692 817 10
3692 503 10
3693 4527 6
3693 1265 8
3694 4233 3
3694 48 8
3694 4690 3
3694 2932 9
3694 4642 7
3695 4744 1
3695 1832 4
3695 1167 7
3695 3120 9
3695 3141 4
3696 2555 6
3696 1447 8
3696 2120 7
3697 4171 1
3697 2351 6
3697 4057 6
3698 3788 9
3699 2010 4
3699 4542 9
3699 4045 6
3700 1202 3
3700 3888 5
3700 4648 5
3701 1927 7
3702 1345 1
3702 2574 7
3702 412 8
3702 1915 9
3703 385 4
3704 2809 7
3705 145 7
3705 1512 2
3705 2514 3
3706 2122 5
3706 1272 2
3706 1865 8
3706 2720 3
3707 2720 8
3707 142 4
3707 1345 5
3707 4269 6
3708 2377 7
3708 1333 2
3708 3362 10
3709 4732 4
3709 2105 2
3709 2196 9
3710 4873 3
3710 2276 4
3710 4547 10
3711 1697 5
3712 1623 9
3713 4826 1
3713 2053 1
3714 2465 6
3714 908 6
3714 737 6
3714 3346 8
3715 3162 4
3715 1352 10
3716 1837 6
3716 1103 9
3716 125 3
3716 3480 2
3717 436 1
3717 3734 10
3718 2253 6
3719 2367 4
3719 3125 9
3719 3264 9
3719 389 5
3720 4821 10
3721 2035 5
3721 4029 5
3722 987 9
3722 636 5
3722 384 4
3722 3519 3
3723 4506 5
3723 3763 8
3724 1824 10
3724 866 6
3725 627 7
3725 3793 10
3725 2851 7
3725 1523 3
3726 4789 4
3726 141 2
3726 4764 6
3726 1604 2
3727 4796 9
3727 3989 3
3727 3803 4
3727 2020 7
3727 1410 7
3728 3448 10
3728 3699 9
3728 2338 3
3728 2068 7
3729 112 4
3729 4542 4
3729 914 5
3730 760 8
3730 646 6
3730 1649 10
3731 3618 5
3731 209 1
3731 904 2
3731 3660 1
3731 788 7
3732 3614 8
3732 2060 4
3732 1925 9
3732 1132 9
3732 408 10
3733 3859 4
3733 1145 2
3733 1461 10
3733 2237 5
3734 4948 7
3734 2730 1
3735 1795 9
3735 4051 7
3735 2926 8
3735 2533 6
3735 493 1
3736 4321 10
3737 3593 10
3738 2289 3
3738 1003 1
3738 4758 4
3738 1681 7
3739 1646 9
3740 2755 9
3741 1832 4
3741 3914 3
3742 1682 7
3742 1014 3
3742 3347 7
3743 2046 6
3743 3512 1
3744 1115 10
3744 165 2
3745 370 1
3745 2200 2
3745 2119 6
3745 4073 9
3746 3123 10
3746 154 8
3746 1659 4
3747 861 7
3748 1309 3
3748 4436 6
3748 186 1
3748 4674 8
3748 4296 3
3749 3413 8
3749 3056 10
3750 2306 3
3750 455 6
3751 3109 8
3751 372 5
3751 4494 7
3751 4643 3
3751 2072 3
3752 1612 8
3752 1558 8
3753 3364 7
3754 547 1
3755 2681 3
3755 4322 1
3755 4426 9
3755 3088 4
3756 4165 9
3756 1038 7
3757 447 5
3757 4061 8
3757 3029 6
3758 2862 2
3759 3853 4
3759 4356 1
3760 4896 10
3761 4806 9
3761 362 3
3762 2409 4
3762 2185 8
3762 810 1
3762 214 4
3763 1992 1
3763 39 4
3764 3537 6
3765 3947 2
3765 4413 5
3765 1100 3
3765 3803 2
3765 1373 2
3766 1438 9
3766 667 5
3766 1520 10
3766 432 2
3767 3522 1
3767 1406 2
3767 3769 2
3768 4135 8
3768 24 6
3768 20 10
3768 2661 1
3769 1883 2
3769 3543 2
3770 2790 10
3770 3232 10
3770 2684 5
3770 3861 6
3770 1201 2
3771 297 6
3771 1564 3
3771 1137 7
3771 3887 5
3771 4187 3
3772 3272 7
3772 2018 8
3772 4806 1
3772 3792 2
3773 4956 6
3774 1016 1
3774 2834 4
3775 443 10
3775 4444 3
3775 212 3
3775 881 5
3775 3609 5
3776 1264 6
3776 1361 10
3777 219 6
3777 4879 5
3777 3893 3
3778 307 2
3778 1207 4
3778 269 2
3779 1341 4
3779 3674 7
3779 1718 6
3779 1123 9
3779 3967 9
3780 1804 4
3780 1869 5
3780 752 1
3781 2145 6
3781 2644 7
3781 3981 2
3781 4931 7
3782 1007 10
3783 222 1
3783 3981 4
3784 1409 2
3784 3042 9
3784 1582 4
3785 154 5
3786 4419 6
3786 3137 6
3786 4626 8
3786 1503 3
3787 2577 7
3787 542 6
3787 2916 9
3787 644 4
3788 27 9
3788 2340 3
3788 826 6
3788 3267 1
3788 3076 5
3789 2940 7
3789 872 9
3789 1121 9
3789 3238 3
3790 4704 9
3790 2376 6
3791 4879 1
3791 4795 9
3791 490 8
3792 3232 1
3792 3114 5
3792 2901 2
3792 1820 9
3793 3316 1
3793 2217 8
3793 4689 5
3793 3116 7
3793 4496 6
3794 4685 9
3794 1406 5
3794 4013 3
3794 2905 2
3794 3954 3
3795 2415 6
3795 2719 3
3795 3906 9
3796 3434 4
3796 3689 5
3796 138 8
3796 3795 4
3796 695 3
3797 1839 5
3797 4376 5
3798 4871 4
3798 2964 1
3798 4165 1
3798 1616 9
3798 3713 8
3799 4834 4
3800 4021 1
3800 2687 2
3800 1643 8
3801 2620 7
3801 4764 10
3801 1282 2
3801 4551 4
3802 255 1
3802 4012 7
3802 4492 1
3802 4334 4
3802 4415 5
3803 299 2
3803 4822 6
3803 3847 6
3804 1865 9
3804 3202 9
3804 776 2
3804 1300 3
3805 386 1
3805 4620 8
3805 255 8
3805 1436 6
3806 3327 3
3806 4791 1
3806 4440 9
3806 4441 1
3806 4004 5
3807 3913 2
3807 255 9
3807 4513 9
3807 4492 9
3807 3601 8
3808 3779 10
3809 448 5
3809 2860 1
3809 4175 9
3809 3959 10
3810 4710 3
3810 3636 9
3811 2779 8
3811 1332 5
3811 1744 4
3811 2056 6
3811 4223 3
3812 4143 3
3813 2672 4
3813 1527 6
3813 3109 10
3813 1067 3
3813 4020 2
3814 2580 2
3814 669 3
3814 3425 2
3815 1590 3
3815 2744 8
3816 992 1
3816 186 7
3816 4057 4
3816 2540 2
3817 4495 9
3818 2353 3
3818 3926 9
3819 525 3
3819 2294 10
3819 2829 7
3819 1933 2
3820 2906 5
3821 2664 3
3821 4468 4
3822 310 4
3822 1754 3
3822 2115 8
3822 3107 7
3823 683 9
3823 4281 10
3823 2921 3
3823 2034 7
3824 3544 9
3824 1286 9
3824 977 3
3825 4920 1
3826 2110 2
3826 732 4
3826 4963 4
3827 1548 2
3827 1054 8
3827 1557 5
3827 166 5
3828 2999 1
3828 71 10
3829 4891 5
3829 415 3
3829 1096 6
3830 2169 9
3830 2406 2
3830 3501 7
3830 3220 3
3830 1528 8
3831 796 5
3831 3301 3
3831 1767 10
3832 1810 5
3832 3940 9
3832 3960 5
3832 2627 2
3832 1487 6
3833 3544 3
3833 3107 6
3833 3841 1
3834 1271 8
3835 3599 10
3835 3272 7
3836 4401 6
3837 4408 1
3837 4817 6
3837 1996 3
3837 508 2
3837 409 6
3838 3841 10
3838 1716 6
3838 3635 9
3838 3590 4
3839 2244 8
3839 4097 9
3840 70 9
3840 1084 7
3840 3564 2
3840 4917 10
3841 4700 8
3841 4223 8
3841 842 10
3841 3457 4
3841 3675 10
3842 582 1
3843 1229 10
3843 781 2
3844 2711 8
3844 643 10
3845 571 7
3846 61 5
3847 4124 5
3847 4622 8
3847 3137 8
3847 4896 9
3847 1615 10
3848 1347 5
3848 3686 10
3849 2027 8
3850 2573 1
3850 2251 5
3851 3123 10
3851 1034 6
3851 1043 6
3851 3279 3
3852 4639 3
3852 2399 3
3852 1775 6
3852 1320 8
3853 3336 3
3854 2709 10
3854 160 3
3854 4260 4
3855 3313 9
3855 4981 5
3855 4695 7
3855 2757 2
3856 4767 9
3856 3849 8
3856 1159 6
3856 4430 5
3857 815 9
3857 4896 9
3857 4376 7
3857 1857 8
3857 3150 7
3858 558 10
3858 1452 2
3859 3666 3
3859 2833 6
3859 71 2
3859 1076 1
3860 482 6
3860 3961 5
3860 987 2
3860 2640 7
3860 2211 5
3861 3965 6
3862 392 5
3862 2702 2
3863 2403 8
3863 2027 10
3863 254 8
3864 4238 1
3865 1002 3
3865 3993 1
3865 749 9
3865 256 3
3866 389 10
3866 1422 3
3866 396 8
3866 283 10
3866 4885 1
3867 3329 10
3867 445 3
3867 1503 8
3868 148 7
3868 4536 5
3869 3442 1
3869 547 5
3869 4072 7
3870 4773 8
3870 4443 10
3870 1476 8
3871 316 9
3871 4612 2
3871 2934 3
3871 1660 4
3872 4809 6
3872 1236 7
3872 4000 7
3873 1937 1
3874 1558 9
3875 4462 5
3875 1865 4
3875 2487 3
3875 2727 8
3875 1406 1
3876 2732 1
3876 1872 8
3876 4057 6
3877 4249 9
3877 2044 7
3877 2161 2
3877 1469 4
3878 167 2
3879 3432 5
3879 3187 3
3879 573 10
3880 4903 3
3880 1419 6
3880 2580 4
3881 4480 6
3881 2906 1
3881 813 5
3881 4142 7
3882 4381 9
3882 1477 4
3883 4473 8
3884 3747 4
3885 1980 7
3886 1426 9
3886 2999 8
3886 739 1
3886 1942 4
3887 1618 1
3887 4377 4
3888 268 1
3889 1320 5
3889 1633 7
3890 3021 3
3890 484 6
3890 2823 10
3890 2266 9
3890 1889 2
3891 589 10
3891 3241 1
3891 2369 7
3891 2666 1
3891 2749 6
3892 973 3
3893 732 8
3894 4119 8
3894 2012 7
3895 4327 9
3895 3238 3
3895 806 10
3895 3983 2
3896 4342 5
3896 2273 4
3896 4585 9
3896 4816 5
3896 744 2
3897 2809 9
3898 2183 10
3899 2008 10
3899 1886 9
3899 4156 5
3899 2299 7
3899 2384 6
3900 3967 8
3901 1926 3
3901 3116 2
3901 256 4
3901 681 10
3901 1891 8
3902 4482 2
3902 253 10
3902 78 10
3903 164 4
3903 4039 9
3903 4318 1
3903 1101 9
3904 2260 7
3904 296 1
3904 4164 5
3904 1123 9
3904 2164 8
3905 4061 2
3905 2325 5
3905 2322 2
3905 339 1
3905 3709 4
3906 763 4
3906 1235 1
3906 1361 6
3907 3202 9
3907 4385 3
3907 2914 4
3907 1397 4
3907 4135 3
3908 1117 6
3908 4717 3
3908 3720 9
3908 3561 9
3909 1215 9
3909 4190 4
3909 1445 8
3910 904 8
3910 1076 2
3910 2965 1
3910 4876 6
3910 1027 3
3911 4958 5
3911 4211 9
3911 4076 2
3911 885 4
3911 839 7
3912 566 2
3913 1481 7
3913 3396 7
3914 4755 1
3915 1016 3
3915 1540 4
3915 1172 5
3916 2630 1
3917 2955 5
3917 4029 9
3918 1288 7
3918 737 7
3918 255 4
3919 691 10
3919 4000 6
3919 299 7
3919 468 6
3919 533 3
3920 3239 7
3920 491 4
3920 1209 6
3920 4683 9
3920 4822 5
3921 2627 10
3921 3797 10
3922 4488 5
3922 3955 7
3923 2709 1
3923 3900 2
3923 4711 5
3923 4469 6
3924 2875 10
3924 2075 2
3924 1402 8
3925 4000 8
3925 1182 5
3925 1730 1
3925 674 7
3925 4122 6
3926 2293 1
3926 1842 4
3927 788 1
3927 928 4
3927 3501 8
3927 545 5
3928 4257 1
3928 4801 10
3928 2986 4
3928 243 5
3928 3356 6
3929 4039 6
3929 3742 10
3929 1333 2
3929 4122 3
3930 4063 2
3931 2830 8
3931 12 6
3932 808 5
3933 3362 3
3933 4122 3
3934 590 8
3934 4768 3
3934 1509 1
3934 1612 4
3935 4299 10
3935 1823 7
3935 1666 3
3935 4026 4
3936 739 5
3936 928 10
3937 635 5
3937 2990 2
3937 2681 9
3938 4501 7
3939 4879 1
3939 4336 10
3939 737 7
3940 2940 6
3940 1832 1
3941 964 8
3941 3130 9
3941 4163 6
3941 3252 10
3941 235 5
3942 1183 6
3942 3891 3
3942 1623 5
3943 749 10
3943 3414 3
3943 1643 2
3944 1874 2
3944 2166 7
3944 2867 7
3944 4181 10
3944 1406 3
3945 720 9
3946 897 4
3946 24 3
3946 56 8
3946 256 4
3946 2512 5
3947 4743 7
3947 4419 6
3947 3207 2
3947 4784 1
3948 844 6
3948 3032 4
3948 359 8
3948 3346 1
3949 2694 2
3949 2656 2
3950 2594 9
3950 3942 6
3950 1211 8
3951 2429 6
3951 764 4
3952 4327 5
3952 2994 6
3952 559 2
3952 4495 8
3952 1230 2
3953 843 7
3953 876 10
3953 1014 6
3954 1883 10
3954 1299 9
3954 3229 3
3954 3696 10
3954 695 7
3955 4487 1
3955 4094 8
3955 583 1
3955 2486 4
3955 4689 8
3956 1989 2
3956 582 4
3956 1201 10
3956 4101 1
3957 661 1
3958 928 6
3958 1733 10
3959 2471 5
3959 4413 4
3959 4571 1
3959 2958 8
3960 3907 5
3960 1779 4
3961 1820 10
3961 4034 6
3961 2261 4
3961 3824 5
3961 1208 4
3962 1218 5
3962 2264 5
3962 53 1
3962 3431 8
3962 617 10
3963 2055 6
3964 4078 4
3964 1766 3
3964 297 5
3965 3867 8
3965 896 2
3965 4145 3
3965 533 6
3966 3443 9
3967 97 10
3967 4172 2
3967 891 1
3967 4617 7
3968 3171 7
3968 2914 5
3968 3545 2
3969 3494 2
3970 2089 2
3970 1403 5
3970 1238 7
3971 1783 9
3972 3904 1
3972 1888 1
3972 1240 4
3972 960 6
3973 2999 10
3974 1444 4
3974 1310 3
3974 4542 4
3974 1843 8
3974 1104 9
3975 3510 1
3975 309 7
3975 613 2
3975 2612 2
3975 3011 9
3976 4537 3
3976 2530 8
3977 3447 9
3977 2919 7
3977 1376 5
3977 3334 6
3977 452 7
3978 2869 6
3979 1877 2
3979 4292 9
3979 829 5
3979 1110 7
3980 4586 10
3980 4711 6
3980 2559 9
3980 2274 9
3981 430 8
3981 4851 3
3981 3242 4
3981 3361 5
3981 4636 10
3982 1993 10
3982 2975 10
3982 4166 2
3982 3908 2
3983 959 6
3983 2938 8
3983 538 9
3983 165 2
3984 4490 9
3985 3510 9
3985 1495 10
3985 2666 2
3986 4974 10
3986 3410 2
3987 2919 8
3987 1872 2
3987 3278 10
3987 3295 1
3987 1875 7
3988 3511 2
3988 1962 8
3988 3522 9
3988 1366 2
3988 241 9
3989 1231 1
3989 691 5
3990 1903 9
3990 4007 9
3990 4809 10
3990 2212 2
3990 4124 10
3991 1141 6
3991 1518 4
3991 749 2
3991 339 5
3992 1065 8
3992 4179 3
3993 2142 2
3993 3182 9
3994 2617 8
3994 3440 2
3994 2702 8
3994 1637 5
3994 3544 8
3995 312 8
3995 761 1
3995 2915 5
3995 3668 6
3995 638 7
3996 2190 9
3997 3646 8
3998 3549 8
3998 1739 5
3998 644 1
3998 1057 8
3998 3300 5
3999 2253 1
3999 1374 1
3999 813 8
3999 4729 1
3999 4150 5
4000 4711 5
4000 686 5
4000 3960 6
4000 3127 3
4001 2537 9
4001 2779 2
4001 178 8
4002 4454 9
4002 3746 5
4002 3931 9
4003 1786 5
4003 1555 7
4003 4076 9
4004 3847 3
4004 4191 10
4004 4247 8
4004 1114 4
4004 1050 7
4005 3465 3
4005 1805 1
4005 2379 7
4006 3510 8
4006 2883 7
4006 4814 4
4007 1805 5
4007 3054 3
4007 1994 6
4008 3484 6
4008 2364 1
4008 1779 6
4009 3029 1
4010 4986 8
4010 2999 10
4010 589 1
4010 4296 1
4011 2253 7
4012 3020 7
4013 3914 2
4013 1883 6
4013 3923 5
4013 1635 2
4014 3267 7
4014 3168 9
4014 3967 2
4014 3521 7
4014 1122 1
4015 2072 4
4015 167 4
4016 3694 8
4016 4620 5
4016 2901 8
4016 2892 9
4016 4595 1
4017 174 1
4017 1711 9
4018 3360 3
4018 4256 6
4018 3056 2
4019 4020 2
4020 4937 10
4020 4545 7
4020 3447 9
4021 4717 1
4022 960 7
4022 4300 5
4022 1624 7
4022 3267 3
4023 2368 8
4024 3497 6
4024 3753 7
4024 616 5
4025 2291 8
4026 3414 4
4026 3267 4
4026 879 6
4026 2589 2
4026 302 7
4027 4178 1
4028 4964 1
4028 4585 3
4028 3109 4
4028 3447 1
4028 2068 3
4029 2010 10
4030 2591 9
4031 1286 4
4031 4499 6
4032 30 8
4032 4916 1
4032 337 4
4033 4484 6
4033 4593 7
4033 3959 2
4034 704 9
4035 2742 5
4035 2940 1
4035 4330 10
4036 1472 6
4037 2293 9
4038 1423 9
4038 954 5
4038 427 4
4038 3308 9
4039 1206 6
4039 4381 7
4039 2869 4
4039 423 3
4039 4926 10
4040 710 1
4040 2278 7
4040 3837 9
4041 1003 9
4041 70 4
4041 3396 5
4042 1309 3
4042 2749 5
4043 754 7
4043 3779 4
4043 3636 7
4043 3716 7
4043 2795 8
4044 856 2
4044 4604 10
4044 4702 7
4044 3913 5
4045 1402 1
4045 2990 7
4045 3700 2
4046 4021 6
4047 3985 9
4048 464 9
4048 2417 6
4048 4367 10
4048 442 3
4048 4261 4
4049 4744 9
4049 1028 9
4049 2559 1
4050 3927 4
4050 143 1
4050 2776 1
4050 901 1
4050 4816 8
4051 1668 9
4051 4310 3
4051 3847 10
4051 1343 10
4051 4247 6
4052 3080 5
4052 425 2
4052 4318 8
4052 3694 4
4053 4990 6
4053 2661 8
4053 3153 8
4054 3424 1
4054 286 8
4054 4020 3
4055 4494 9
4055 1310 9
4055 110 3
4055 1475 10
4056 1277 7
4056 2237 4
4056 3592 6
4057 2458 7
4057 1130 8
4057 1246 10
4058 4566 3
4058 1263 5
4058 2790 5
4059 3144 10
4059 4336 5
4059 2333 3
4059 4735 7
4059 2499 6
4060 1500 8
4060 3171 2
4060 4989 4
4060 380 8
4060 2233 9
4061 3608 1
4061 3602 4
4062 3221 6
4062 2343 8
4062 2719 7
4063 1276 5
4063 1256 2
4063 3301 4
4063 4542 7
4063 3678 5
4064 3271 2
4064 4894 2
4064 1096 1
4064 529 9
4064 3438 5
4065 125 3
4065 108 2
4065 2287 10
4065 564 2
4066 878 4
4066 2330 5
4066 1213 8
4066 4916 3
4067 3936 9
4067 2928 7
4068 1147 5
4068 3437 2
4068 1611 4
4069 1343 10
4069 448 8
4069 2231 1
4069 3965 6
4070 4633 10
4070 4649 4
4071 445 4
4071 591 1
4071 4410 2
4071 860 8
4072 1058 7
4073 691 4
4073 674 9
4073 4419 9
4073 3239 3
4073 1018 1
4074 813 7
4074 1511 10
4074 962 3
4075 3335 5
4075 936 2
4075 4957 2
4076 2811 9
4076 326 9
4076 2793 10
4077 4053 3
4077 4102 5
4077 107 3
4077 1179 4
4077 2837 2
4078 4229 3
4078 4316 1
4078 3305 9
4078 435 10
4078 281 7
4079 666 7
4079 4473 3
4080 3526 3
4080 382 3
4080 3270 2
4080 468 7
4080 1654 6
4081 1060 7
4081 4729 1
4082 2916 7
4082 303 7
4082 2869 1
4083 1639 5
4083 482 2
4083 1672 6
4083 3450 6
4084 2005 4
4084 475 1
4084 4420 4
4085 3019 1
4085 3815 4
4086 4101 8
4086 2957 3
4086 1207 6
4086 406 9
4086 1191 9
4087 4865 4
4088 4444 6
4088 1666 8
4089 1817 6
4089 61 5
4089 1675 8
4089 991 7
4089 4833 1
4090 1032 5
4090 3983 8
4090 1742 9
4090 3434 10
4091 4766 9
4092 2711 4
4092 475 8
4093 559 2
4094 1909 7
4095 370 1
4095 4923 6
4096 4966 6
4096 2740 3
4096 4001 1
4096 3517 4
4096 1343 5
4097 2782 10
4097 1396 1
4098 1555 8
4099 2651 3
4099 335 7
4100 3745 6
4101 4288 6
4101 1059 4
4102 4423 10
4103 2930 4
4103 445 5
4103 3397 9
4103 4236 2
4104 2010 2
4104 4079 1
4104 1067 9
4105 448 1
4105 33 10
4105 4440 4
4105 3544 10
4105 1644 2
4106 4166 1
4106 470 4
4107 4426 4
4107 2061 2
4107 924 4
4107 1555 10
4107 2631 5
4108 1122 8
4108 1764 5
4108 566 6
4108 1184 10
4108 4458 3
4109 1996 3
4110 290 3
4110 4316 5
4110 1122 1
4111 2350 5
4111 4212 3
4112 1634 8
4112 4797 5
4112 3266 4
4112 4007 8
4112 4086 3
4113 3315 1
4113 4419 5
4113 1114 4
4113 4533 5
4113 3675 3
4114 4463 2
4114 4270 4
4115 1224 3
4115 1441 7
4115 447 5
4115 145 2
4115 1156 2
4116 3955 7
4117 4313 4
4118 518 3
4118 4926 3
4118 1460 7
4118 4629 9
4118 3388 3
4119 3202 1
4119 1122 7
4120 1928 9
4121 803 7
4121 1909 10
4122 1650 7
4122 3959 8
4122 3290 6
4122 3279 4
4123 952 4
4123 433 2
4124 4954 8
4125 2594 7
4125 3974 7
4125 2068 3
4125 3447 7
4126 787 1
4127 3803 2
4127 3137 4
4127 2292 8
4127 4247 3
4128 3780 3
4128 1721 3
4128 2729 1
4129 4992 9
4129 4001 7
4129 3440 9
4129 3517 5
4129 2740 10
4130 2955 9
4130 3823 6
4130 4505 8
4131 1925 3
4131 2817 6
4131 3578 8
4131 4578 7
4131 3375 5
4132 355 1
4132 2710 6
4132 843 7
4133 1956 1
4133 2159 2
4133 1165 7
4133 4598 2
4134 1728 2
4134 3913 2
4135 4919 6
4136 2264 3
4136 4397 6
4136 2988 8
4136 4643 3
4137 1288 10
4137 127 9
4137 2082 3
4137 1481 1
4137 3544 7
4138 2092 10
4138 182 5
4138 4270 7
4138 3604 9
4139 1748 5
4139 4859 7
4139 953 4
4139 2518 3
4139 2797 2
4140 3189 7
4140 4894 5
4140 2669 4
4140 3568 4
4141 2016 4
4142 312 5
4142 3766 7
4142 3861 2
4142 1014 6
4142 2027 2
4143 3421 6
4143 3665 6
4144 253 10
4144 3431 3
4144 3690 7
4144 1154 5
4145 3655 10
4145 4500 3
4146 4706 5
4146 4871 9
4146 1313 10
4147 671 3
4148 4547 5
4148 4209 9
4148 3136 4
4149 750 3
4150 1075 9
4150 2740 1
4150 4491 5
4150 2109 3
4150 4182 9
4151 4725 3
4151 1122 9
4152 3987 7
4152 3506 4
4152 723 3
4153 4948 9
4153 1643 4
4153 3572 5
4153 1666 7
4154 4402 4
4154 4910 6
4155 4257 9
4155 483 6
4155 1820 7
4156 3639 7
4157 3461 3
4157 612 3
4157 423 8
4158 4884 5
4158 4728 7
4159 3953 9
4159 3978 1
4160 4965 2
4160 302 9
4160 4093 1
4160 1419 4
4161 975 5
4161 1682 9
4161 4871 10
4162 41 4
4162 3706 10
4162 4268 9
4162 1630 5
4163 1159 4
4164 4903 3
4164 1419 1
4164 3698 2
4165 2265 10
4165 1793 2
4165 4954 10
4165 592 5
4166 910 8
4167 3717 10
4167 3993 10
4167 3896 4
4167 1462 7
4167 4944 3
4168 917 2
4168 4406 7
4169 2537 7
4170 3512 10
4171 3823 4
4171 4032 8
4171 3406 5
4171 4939 2
4171 2832 5
4172 97 9
4173 4612 5
4173 4969 4
4173 1293 10
4173 3616 5
4174 2727 5
4174 3290 7
4174 3796 5
4174 3504 10
4174 752 3
4175 3959 5
4175 563 10
4176 583 2
4176 2604 10
4176 3202 7
4176 2839 1
4176 1979 3
4177 4617 3
4177 3475 2
4177 3853 4
4177 450 7
4177 4602 9
4178 2164 4
4178 3137 8
4178 4165 7
4178 2415 6
4178 984 4
4179 1333 3
4179 2260 6
4179 1860 3
4180 1900 8
4180 4926 9
4180 3504 3
4180 4708 5
4180 1761 3
4181 959 4
4182 479 7
4182 4008 4
4182 2205 4
4183 847 2
4184 1700 2
4185 3384 5
4185 1591 9
4185 3698 4
4185 1058 10
4186 4476 9
4187 2048 7
4188 1363 3
4189 2264 4
4189 4717 3
4189 2900 4
4189 4343 4
4190 3569 1
4190 3404 7
4190 3474 10
4190 758 5
4191 2930 7
4191 4036 9
4191 121 4
4191 4283 4
4191 4500 7
4192 2964 5
4192 2611 7
4192 2766 2
4192 1857 3
4193 4179 2
4193 3344 5
4193 2577 2
4193 1356 10
4193 2793 5
4194 591 3
4194 3656 2
4195 484 9
4195 2945 10
4196 1825 1
4197 1694 7
4198 4709 8
4198 4699 5
4199 887 3
4199 3691 3
4200 4835 10
4200 2282 5
4201 2343 5
4202 2344 7
4202 90 9
4202 3027 2
4202 4528 2
4203 4361 10
4203 2488 2
4204 1124 1
4205 3668 10
4205 670 1
4205 2260 8
4205 4056 2
4205 3175 5
4206 2010 1
4206 2535 3
4207 3270 10
4207 4035 4
4207 4305 7
4208 3240 1
4208 803 2
4208 3271 4
4208 1550 8
4209 2841 8
4209 1182 1
4209 1695 6
4210 4993 2
4210 3573 9
4210 1711 9
4211 2828 7
4211 3162 10
4211 1130 3
4211 4282 6
4212 1812 10
4212 2268 4
4212 1002 10
4212 4883 1
4212 3506 1
4213 2106 4
4213 2501 10
4214 256 3
4215 4494 6
4215 3927 10
4215 4624 6
4215 3002 8
4216 3936 7
4217 3936 8
4217 2751 9
4217 2726 6
4218 3940 3
4218 3907 7
4218 3873 1
4218 1559 7
4218 1260 3
4219 526 10
4219 356 4
4219 2880 4
4220 3502 6
4220 1727 4
4221 824 4
4222 3740 3
4223 1596 5
4223 4072 10
4224 1631 4
4224 3816 7
4224 1852 5
4225 90 9
4225 464 5
4225 1447 9
4226 4959 6
4226 1865 4
4227 2730 3
4227 952 5
4227 4737 5
4227 2917 7
4228 1576 8
4228 1583 6
4228 4796 8
4228 3590 8
4229 2093 7
4229 2631 5
4229 1618 8
4229 2818 1
4230 2604 3
4231 1933 6
4231 928 5
4231 4475 10
4232 3985 9
4232 4447 6
4233 1242 8
4234 610 2
4234 1450 6
4234 2209 3
4234 266 2
4235 876 9
4235 1131 5
4235 3321 5
4236 1737 10
4237 2557 8
4237 278 9
4237 3650 8
4238 3336 9
4238 5000 2
4238 1581 1
4238 2700 1
4238 3364 10
4239 1643 2
4240 2234 4
4240 4524 10
4241 3008 8
4241 4100 5
4241 3684 1
4242 2787 4
4243 3689 5
4244 2722 7
4244 3967 3
4244 124 10
4245 300 10
4245 3466 7
4245 648 5
4245 1064 2
4245 4657 3
4246 943 8
4246 226 1
4246 4087 5
4246 1445 10
4246 4 7
4247 4535 3
4248 1443 4
4249 4986 4
4249 4668 1
4249 305 3
4250 1776 2
4250 9 4
4251 1981 9
4251 2762 2
4251 494 3
4252 3892 5
4252 4190 2
4252 820 7
4252 291 10
4252 2273 10
4253 4268 3
4253 3497 9
4253 2462 1
4253 4701 8
4253 1122 3
4254 4063 3
4254 4672 3
4255 3341 6
4255 4332 2
4256 2231 4
4256 4369 1
4256 1691 4
4256 3152 6
4256 3374 10
4257 3803 5
4257 2471 1
4257 3137 5
4258 2145 1
4258 2709 1
4258 3752 10
4258 3914 6
4259 2605 6
4259 3507 8
4260 1234 4
4261 3324 2
4261 4920 10
4261 3569 3
4261 4121 8
4261 418 5
4262 2457 3
4262 4819 9
4262 1779 4
4263 1609 1
4263 2860 8
4264 1668 4
4265 4558 2
4265 4721 1
4266 3280 3
4267 3857 7
4267 2323 10
4267 4571 1
4267 2700 2
4267 1097 1
4268 262 6
4268 521 8
4268 1779 4
4269 3221 1
4269 4689 6
4269 3490 6
4269 3646 1
4270 1603 6
4270 2382 6
4271 559 8
4271 3853 3
4272 3612 9
4272 238 4
4272 2827 3
4272 269 7
4273 3706 8
4273 3235 7
4274 1766 3
4274 3782 5
4274 4189 3
4275 2521 10
4275 2353 9
4276 1840 8
4276 3255 8
4276 4390 4
4276 396 5
4277 1579 4
4277 768 3
4278 2684 3
4279 1184 7
4279 3972 6
4279 1677 2
4280 3656 4
4281 3936 1
4281 123 4
4282 1809 8
4282 3856 8
4282 2781 5
4282 4615 6
4282 2017 7
4283 4714 1
4284 2577 7
4284 4550 2
4284 839 9
4284 1988 9
4284 1997 5
4285 3825 8
4285 3603 1
4285 3616 3
4285 1371 8
4285 1344 9
4286 3789 3
4286 820 7
4286 57 4
4286 2662 10
4286 2787 9
4287 3861 5
4287 804 3
4287 4457 9
4288 3655 1
4289 2274 9
4289 1032 8
4290 1209 1
4290 1062 8
4290 3268 7
4291 2470 2
4291 2124 7
4291 4458 2
4292 2068 10
4292 4780 1
4292 1809 6
4292 2550 8
4292 2228 8
4293 4114 9
4293 4761 9
4293 680 7
4293 2488 8
4294 4676 9
4294 68 9
4295 1079 10
4295 570 10
4296 2915 6
4296 710 9
4296 2751 8
4296 3913 2
4296 824 10
4297 4038 1
4297 3960 4
4297 4176 10
4297 1421 1
4298 1042 5
4298 4216 1
4298 4135 4
4299 4507 1
4299 3812 1
4299 443 8
4299 788 7
4300 3486 9
4300 4229 9
4300 4065 1
4300 4423 10
4301 3292 4
4301 620 7
4301 4141 5
4301 4885 8
4302 3047 7
4302 3268 1
4303 732 4
4303 1519 4
4303 2740 4
4304 2463 3
4304 1179 9
4304 4549 5
4305 2486 1
4305 3957 10
4305 2102 10
4305 4519 4
4306 1283 9
4306 4530 10
4307 3298 2
4308 4888 4
4308 1072 2
4308 2875 10
4308 2896 1
4308 3615 5
4309 4140 7
4309 936 4
4310 4515 10
4310 4462 4
4310 4906 3
4311 3668 6
4311 4280 6
4312 4436 10
4312 1277 8
4313 3867 5
4313 1873 6
4313 60 7
4313 333 9
4314 4512 6
4314 1820 5
4314 3614 1
4314 2027 5
4314 3739 2
4315 2220 1
4315 3867 9
4315 3861 1
4315 181 1
4315 4193 2
4316 610 5
4317 216 10
4317 4077 8
4317 1445 4
4318 591 4
4319 2214 4
4319 3015 7
4319 4321 6
4320 1924 9
4320 4272 2
4320 4834 8
4321 4413 2
4321 370 8
4322 3411 8
4322 3174 5
4322 992 9
4322 3910 9
4322 1607 8
4323 4012 5
4323 979 6
4323 1999 7
4323 2881 4
4323 4034 9
4324 1007 2
4324 3483 7
4324 3914 10
4324 3081 9
4325 2276 4
4325 231 3
4325 2382 2
4325 4795 2
4325 2147 9
4326 3812 6
4326 2068 5
4327 2297 1
4327 1776 6
4327 1140 6
4327 1849 3
4328 2670 4
4329 1624 5
4329 4720 5
4329 3707 6
4330 1724 5
4330 1967 1
4330 2012 9
4331 606 4
4332 2342 9
4332 59 1
4333 3298 1
4333 1016 5
4333 2900 5
4333 2664 7
4334 2660 2
4334 1591 3
4335 2449 3
4335 1844 9
4335 4217 9
4335 3937 4
4335 2510 9
4336 3202 9
4336 2212 5
4336 4959 1
4336 4223 5
4337 1965 7
4337 2096 6
4337 1476 9
4337 3804 8
4337 2837 8
4338 2543 6
4338 419 2
4338 2829 7
4338 1645 6
4338 2883 3
4339 1877 10
4339 2262 2
4339 4032 5
4340 4685 1
4340 833 7
4341 4178 1
4341 1220 8
4341 4673 5
4341 2056 9
4342 4237 7
4343 3627 6
4343 2037 10
4344 1738 3
4344 3619 3
4344 4762 6
4345 1131 9
4345 3661 10
4345 2479 2
4346 4047 6
4346 3813 3
4346 1764 6
4346 803 10
4347 840 6
4347 2957 1
4347 1075 8
4348 2896 8
4348 1752 7
4349 2274 2
4350 2676 3
4350 4303 3
4350 1956 5
4351 4799 10
4351 4117 9
4351 1817 5
4351 2258 3
4351 1112 6
4352 2342 1
4353 4034 2
4353 4345 8
4354 3300 5
4354 4654 6
4355 312 2
4355 2518 10
4355 1762 10
4355 1870 2
4355 3344 5
4356 2707 3
4356 4110 2
4356 2652 6
4357 4190 6
4357 1987 3
4357 509 4
4357 3217 1
4358 3813 9
4358 4255 10
4358 1031 3
4359 2092 3
4359 727 7
4359 167 8
4359 415 5
4360 4055 8
4360 798 5
4361 3686 4
4362 2639 1
4362 994 10
4362 3025 1
4363 2520 3
4364 1537 9
4364 825 6
4364 3050 3
4365 838 10
4365 158 2
4365 813 4
4366 4219 3
4366 1408 5
4367 4894 4
4368 4724 7
4368 950 1
4369 3253 7
4369 1660 6
4369 138 4
4369 4612 9
4369 4124 6
4370 2853 3
4371 4229 10
4371 2092 7
4371 879 9
4372 4806 4
4372 4473 5
4373 3656 6
4373 2881 5
4373 3020 4
4373 3199 1
4373 1520 2
4374 4467 8
4374 2694 8
4375 3348 1
4375 2121 4
4375 4065 8
4375 1758 2
4376 3128 10
4376 2284 3
4376 1167 2
4376 4896 2
4377 2100 10
4377 203 9
4377 1617 8
4377 4140 7
4377 4212 9
4378 3847 8
4379 670 5
4379 3739 1
4379 4871 8
4379 2970 8
4380 2064 2
4380 1219 1
4380 3502 9
4380 2211 9
4380 3300 5
4381 4226 5
4381 1542 5
4381 2164 7
4381 4399 10
4381 3900 4
4382 3227 8
4382 3671 10
4382 1744 5
4382 3846 8
4383 3600 10
4383 2402 2
4383 458 1
4384 1320 9
4385 1491 6
4385 1154 6
4386 1764 7
4386 2053 4
4386 3054 7
4387 1764 10
4388 2596 10
4388 2503 4
4388 3840 8
4388 1802 8
4388 4073 3
4389 256 10
4389 1531 4
4389 3081 5
4389 3716 7
4389 1230 8
4390 1244 3
4391 40 7
4391 3483 1
4391 3672 9
4391 2218 3
4392 1766 2
4393 1085 1
4394 4132 1
4394 3477 1
4394 1459 5
4394 1760 3
4395 3900 10
4395 1029 8
4395 3619 10
4395 1493 2
4395 3090 9
4396 4674 5
4396 3835 9
4396 3445 5
4397 287 5
4397 1766 1
4398 4933 8
4399 2255 9
4400 1148 10
4400 310 6
4400 1565 2
4401 1599 5
4401 4845 1
4402 3401 3
4402 4640 4
4402 3509 1
4403 4578 8
4403 1219 5
4403 4966 8
4403 4380 10
4404 2199 6
4404 2904 1
4405 1556 1
4406 3117 10
4406 949 6
4406 1443 10
4406 4523 3
4407 1074 3
4408 2324 2
4409 985 10
4409 4161 3
4409 2913 10
4409 4923 2
4409 1274 9
4410 2727 6
4410 4501 10
4410 688 10
4410 154 10
4410 2212 2
4411 4212 10
4411 2176 1
4411 753 10
4412 1154 6
4412 611 8
4412 2707 4
4412 4416 3
4413 3981 2
4413 1477 3
4413 1612 3
4413 1373 4
4414 3987 7
4414 4316 7
4414 3532 7
4414 53 6
4414 3178 7
4415 3851 6
4415 1989 3
4415 1737 2
4415 3736 3
4415 916 7
4416 3343 10
4417 860 8
4417 2119 6
4418 125 9
4418 2358 8
4418 2668 7
4418 2564 9
4419 396 3
4419 758 2
4419 2761 4
4419 4489 2
4419 1413 3
4420 354 2
4420 2733 9
4421 2900 1
4421 2839 1
4421 1547 9
4422 4458 7
4422 2047 8
4422 2483 5
4422 252 10
4423 3033 6
4423 324 3
4424 508 3
4424 2907 3
4425 1181 4
4426 866 2
4426 3441 1
4426 2749 1
4426 2550 6
4427 415 4
4427 1190 1
4427 339 8
4428 3351 8
4428 1146 8
4429 1776 1
4429 3291 4
4430 4662 3
4431 2432 8
4432 3804 2
4432 763 5
4432 1581 2
4433 885 4
4433 2590 10
4433 4615 9
4433 4633 7
4434 4709 3
4434 2756 2
4434 3284 6
4434 2334 1
4435 2093 3
4435 4333 8
4436 3593 10
4436 4547 9
4437 1354 5
4437 1917 2
4437 2648 4
4438 1528 2
4438 976 5
4438 1826 8
4438 1096 2
4438 1443 1
4439 3732 9
4439 972 6
4439 3422 8
4440 2700 10
4440 3934 10
4441 2925 9
4441 3362 2
4441 4129 5
4442 3528 6
4442 3812 9
4442 233 9
4442 3596 3
4442 3223 4
4443 296 6
4443 1154 10
4443 1766 2
4443 4014 9
4443 1300 6
4444 4797 9
4444 3303 3
4444 1014 4
4444 48 2
4444 2428 6
4445 1608 4
4445 3353 4
4445 2661 7
4445 2713 8
4445 253 8
4446 2535 1
4447 4296 10
4448 564 8
4448 4943 3
4448 3004 5
4448 4858 7
4449 265 2
4449 2649 4
4449 3913 2
4450 856 2
4450 2260 6
4451 2044 4
4451 3050 2
4451 4462 6
4451 4719 9
4452 356 4
4452 2056 6
4452 4682 10
4452 4317 4
4452 2344 10
4453 4166 5
4454 4571 2
4454 4730 10
4455 1097 2
4455 3742 6
4455 2647 4
4455 4127 10
4455 3925 1
4456 3662 9
4456 3301 1
4456 394 2
4456 602 5
4456 1277 9
4457 752 4
4458 3071 8
4458 1141 2
4459 4538 3
4459 1769 4
4459 545 3
4460 3222 5
4460 471 9
4460 4607 5
4460 1016 5
4460 1264 4
4461 2410 2
4461 2979 2
4461 88 3
4462 42 6
4462 1379 1
4462 2417 10
4462 4688 1
4463 2100 10
4463 1931 5
4463 4055 4
4463 1843 1
4464 1586 5
4464 1711 4
4465 2227 9
4466 4068 8
4466 3415 10
4466 1828 9
4467 1110 1
4467 2630 9
4468 2112 2
4468 4217 5
4468 2924 3
4468 3542 3
4468 268 10
4469 3643 9
4469 4143 5
4469 4689 7
4470 2443 9
4470 166 10
4470 3508 8
4470 2709 8
4470 2555 3
4471 1773 5
4471 4401 3
4472 2429 1
4472 4173 4
4472 1596 4
4472 4572 5
4473 1732 1
4473 1114 6
4473 4639 9
4473 4587 8
4474 2764 2
4474 788 9
4474 2467 10
4475 158 6
4475 1096 7
4476 3654 3
4477 2149 4
4477 2711 9
4477 583 3
4478 3069 8
4478 2691 3
4478 4631 8
4478 2956 1
4479 3305 4
4479 3218 2
4479 1567 2
4479 4721 6
4479 3871 3
4480 4573 10
4481 3449 3
4481 1812 10
4481 2818 3
4482 602 8
4482 3572 3
4482 182 6
4483 4624 4
4483 168 10
4483 4293 7
4483 3124 9
4483 253 10
4484 4007 6
4484 3459 8
4484 3940 9
4484 2798 5
4484 4207 1
4485 3568 6
4485 4947 8
4485 4815 1
4485 3039 4
4485 1418 7
4486 982 1
4487 2764 8
4488 897 8
4488 4010 9
4489 4367 4
4489 1235 1
4489 4782 5
4490 295 8
4491 4207 1
4491 1071 1
4491 4413 4
4492 4966 1
4493 3578 8
4493 2185 1
4493 1101 9
4493 4287 4
4494 2573 6
4494 747 4
4494 3848 4
4494 940 7
4495 4250 8
4495 3868 8
4495 3670 2
4496 24 9
4496 433 4
4496 999 1
4496 4762 3
4496 3540 9
4497 2042 2
4497 917 2
4497 1447 8
4497 1832 6
4497 2761 3
4498 952 5
4499 1417 4
4499 1163 6
4499 2735 3
4499 1494 10
4500 3794 7
4501 4352 6
4501 3490 7
4501 1826 3
4501 3589 1
4502 600 9
4502 1899 8
4503 2716 3
4503 1886 8
4504 2860 2
4504 1114 7
4504 4610 10
4505 835 7
4505 2521 5
4505 3743 10
4505 3550 2
4506 2180 6
4506 1752 10
4506 90 7
4506 961 6
4507 2263 2
4507 747 3
4507 2942 2
4507 4771 4
4507 4034 6
4508 2789 3
4508 1844 4
4508 992 8
4509 1811 3
4509 1946 10
4509 2738 2
4510 1163 8
4510 539 1
4511 2211 9
4511 1709 5
4512 4430 6
4512 1493 6
4512 2252 4
4512 1930 1
4512 2410 4
4513 3504 5
4513 4119 9
4514 4497 6
4514 3825 3
4515 1143 10
4515 2053 6
4515 3371 10
4516 2260 7
4516 600 4
4516 804 3
4516 1433 8
4517 3444 3
4517 1718 8
4518 1441 3
4518 2859 10
4518 4597 1
4519 2720 2
4519 4884 9
4519 348 1
4520 817 9
4520 1102 10
4520 2470 1
4521 2538 5
4521 3824 9
4521 2649 5
4521 22 4
4522 3162 8
4522 93 10
4522 1996 5
4523 3712 7
4523 1733 9
4524 4712 6
4524 3907 7
4524 4208 3
4524 3250 3
4525 1016 2
4525 546 8
4525 3382 7
4526 1430 6
4527 3726 1
4527 4962 7
4527 3339 4
4527 2940 10
4527 2719 9
4528 1272 5
4528 1491 3
4528 1764 1
4529 4157 10
4529 1828 2
4529 157 3
4529 1900 9
4529 1192 9
4530 1016 4
4530 4042 5
4530 3925 9
4531 1438 1
4531 1559 10
4531 4289 5
4531 4730 2
4531 874 2
4532 943 9
4532 3153 1
4532 776 7
4533 1123 7
4533 4543 7
4533 3906 9
4533 4682 9
4534 4917 9
4534 4355 8
4534 3840 9
4534 1147 9
4534 2232 10
4535 540 1
4535 1178 2
4535 376 3
4535 2720 6
4536 3698 6
4537 4378 4
4537 4866 9
4537 4501 2
4538 3440 5
4538 2834 6
4538 2387 4
4539 4496 10
4539 4385 1
4539 4879 7
4539 4263 2
4540 4580 6
4541 2996 10
4541 4977 9
4542 4977 7
4542 4047 3
4543 1947 2
4543 4955 2
4543 2574 9
4544 454 5
4544 3925 4
4544 847 2
4544 1333 3
4544 3694 4
4545 4322 5
4545 3 5
4545 410 4
4546 352 3
4546 4177 9
4547 3344 10
4547 2700 7
4547 4324 8
4547 2202 1
4547 5000 5
4548 4071 5
4548 310 5
4548 356 10
4548 1804 8
4549 4385 10
4549 976 4
4549 2707 4
4550 117 3
4551 622 10
4551 4475 7
4552 100 9
4552 3706 1
4552 3825 8
4553 3089 5
4554 3113 10
4554 4872 2
4554 3086 10
4555 4190 4
4555 1995 4
4555 4653 10
4555 4506 9
4555 477 3
4556 2567 1
4556 3698 9
4557 4413 5
4557 688 5
4558 602 5
4559 2701 5
4559 1616 8
4559 418 9
4559 4711 6
4560 3602 10
4560 3291 9
4560 4402 1
4560 3378 2
4561 352 7
4561 2905 10
4561 887 1
4561 1779 5
4561 4601 10
4562 2468 3
4562 458 2
4563 4896 3
4563 685 1
4563 1795 2
4564 3443 1
4564 4069 3
4564 591 8
4565 3342 6
4565 4074 8
4565 2682 6
4565 2394 2
4566 4501 9
4566 1293 9
4567 670 9
4567 1192 1
4568 3257 1
4568 1782 6
4568 2277 1
4568 1634 4
4569 3450 4
4569 750 1
4570 812 10
4570 2994 7
4570 262 2
4570 443 1
4570 166 7
4571 4905 10
4571 4468 2
4572 24 5
4572 3118 9
4573 1093 9
4574 3991 10
4574 775 1
4574 4892 3
4574 2625 4
4575 4056 7
4576 1539 1
4576 2608 2
4576 1493 9
4576 4255 2
4577 578 3
4577 3542 7
4577 3834 6
4577 4620 1
4577 3126 5
4578 4985 2
4579 3061 9
4579 3987 5
4580 953 4
4580 2304 9
4580 4839 1
4580 1358 4
4581 1344 9
4581 3969 1
4582 2304 10
4582 3347 6
4582 3134 4
4583 3258 3
4583 295 4
4583 2843 7
4583 1477 10
4584 2614 10
4585 1477 2
4585 3518 2
4585 84 1
4586 1283 6
4586 1085 8
4586 3662 4
4586 2795 4
4586 4807 6
4587 4892 9
4587 1007 9
4587 778 10
4588 1418 1
4588 2709 6
4588 3507 3
4589 907 10
4589 2883 3
4589 1382 4
4589 4170 2
4590 2666 5
4590 3807 8
4591 4179 3
4591 3578 10
4591 3926 3
4592 1724 8
4593 248 7
4593 1308 2
4594 4923 5
4594 4817 5
4594 1076 9
4595 908 1
4595 2813 10
4595 2895 10
4595 2086 9
4596 2554 1
4596 189 4
4597 4372 2
4597 1402 9
4597 3463 5
4597 1642 9
4598 2260 4
4598 1373 1
4598 1669 5
4598 3807 3
4598 1313 4
4599 751 2
4599 1809 8
4600 1791 9
4600 1603 7
4601 1178 2
4601 3698 1
4602 1233 5
4602 3814 6
4602 897 5
4603 3560 9
4603 955 4
4603 1245 4
4603 2596 8
4603 2276 3
4604 4283 7
4604 3119 10
4604 4398 9
4604 2570 8
4605 2924 2
4605 2839 10
4605 2368 10
4606 505 9
4606 2061 8
4606 3375 5
4606 10 7
4607 1518 8
4607 3977 7
4607 3641 5
4607 4052 4
4607 162 3
4608 4939 5
4608 1812 9
4608 845 2
4608 17 7
4608 1497 3
4609 3979 10
4610 4484 4
4610 406 8
4610 3123 1
4610 4457 4
4611 2208 5
4611 4771 8
4611 3661 9
4612 3694 7
4612 4063 8
4612 3364 6
4612 347 10
4612 3844 4
4613 3211 8
4613 3885 6
4614 2589 1
4614 4301 4
4614 3670 8
4615 842 4
4616 4072 8
4616 3954 7
4616 2644 10
4617 3424 5
4617 4372 6
4617 1277 7
4618 2046 3
4618 3071 9
4618 410 5
4619 90 6
4619 4721 8
4620 3573 7
4620 3388 9
4621 4884 4
4622 3797 7
4622 4176 1
4622 1979 9
4623 4019 4
4623 3922 3
4623 1239 10
4623 3797 4
4624 1431 5
4624 2556 1
4625 4914 5
4625 4288 6
4626 3726 4
4626 599 6
4626 2778 4
4627 3002 7
4627 4572 4
4628 2342 10
4628 2382 3
4628 2594 5
4628 2490 6
4629 2701 4
4629 2205 4
4630 1011 6
4631 3790 1
4631 2146 6
4631 2722 1
4631 4501 6
4632 3620 7
4633 688 9
4633 2530 10
4633 875 4
4633 3841 9
4634 952 4
4634 3450 9
4635 3805 8
4635 3646 9
4636 1371 2
4636 1421 7
4636 3854 10
4636 4024 8
4636 3726 9
4637 2964 8
4637 4822 3
4637 180 1
4637 1161 6
4637 3797 8
4638 63 3
4639 2220 4
4639 3400 8
4639 2306 4
4640 2695 1
4640 4937 2
4640 1067 8
4641 1919 7
4641 71 7
4641 1442 6
4642 2604 5
4642 4173 7
4642 908 10
4642 1317 3
4642 3197 2
4643 635 4
4643 2306 8
4644 2830 10
4644 4318 1
4645 75 1
4646 3440 6
4646 1871 9
4646 572 10
4647 1074 10
4648 2432 10
4648 732 4
4648 3008 4
4648 1099 10
4648 4708 3
4649 2696 9
4649 2793 6
4649 997 2
4650 2217 4
4651 3679 6
4651 544 7
4651 953 8
4651 191 1
4652 4179 3
4652 3861 5
4652 3684 4
4652 25 4
4653 776 2
4654 4653 8
4655 3672 3
4655 805 5
4655 467 2
4655 100 7
4655 3935 6
4656 1360 5
4657 125 2
4657 3465 1
4657 2529 5
4658 977 8
4658 2894 2
4658 3662 10
4658 1575 6
4659 1926 7
4659 4900 2
4659 4938 7
4660 1833 8
4661 1358 1
4661 651 2
4661 4846 2
4661 4540 7
4662 4182 2
4662 2905 7
4662 1503 8
4662 3980 9
4663 141 10
4663 4119 4
4664 319 6
4664 4414 9
4664 3425 6
4664 2021 2
4665 4135 9
4665 1623 10
4666 1356 8
4666 3258 2
4667 4710 9
4667 415 8
4668 4479 2
4668 4833 1
4669 1922 7
4669 4525 3
4669 1805 2
4669 2555 7
4669 3480 6
4670 3431 9
4670 971 3
4670 1799 9
4670 3997 10
4671 924 2
4671 2353 2
4671 4220 8
4671 1464 1
4671 2135 6
4672 3936 9
4672 4068 6
4672 51 6
4673 2417 8
4673 2572 2
4673 2106 9
4674 863 8
4674 4499 9
4674 4773 9
4675 458 5
4676 4986 4
4676 1123 10
4676 1888 6
4677 1854 5
4678 3346 4
4678 1864 7
4678 3440 4
4678 4610 7
4678 2115 4
4679 4514 5
4679 18 3
4679 3760 3
4679 2958 10
4680 4444 10
4680 4794 4
4680 4874 8
4680 866 2
4681 4434 5
4682 3118 6
4682 471 4
4682 38 9
4683 1651 7
4683 3655 10
4683 3021 6
4683 4543 9
4684 3343 6
4684 3507 3
4685 4693 2
4685 287 5
4685 3566 3
4685 1865 4
4686 4764 3
4686 1389 8
4686 950 10
4686 3073 3
4686 453 1
4687 3587 5
4687 4167 2
4687 3277 9
4687 864 9
4687 1821 2
4688 1491 3
4688 1342 9
4688 4807 1
4688 1030 7
4689 1843 3
4689 1842 10
4689 253 7
4690 1778 6
4690 3217 4
4690 2772 10
4690 406 10
4690 4173 8
4691 3727 9
4691 3931 4
4691 1421 8
4692 3840 1
4693 2138 9
4693 4909 8
4693 2012 7
4693 3602 5
4694 1458 2
4694 1597 1
4694 4892 9
4695 2464 10
4695 3559 10
4696 3973 10
4696 3454 3
4697 999 5
4698 4389 6
4698 1618 9
4698 2661 8
4699 4178 8
4699 33 7
4699 908 5
4700 4926 2
4700 1034 8
4700 3706 2
4700 4622 10
4700 1243 5
4701 3359 7
4701 3947 8
4701 1064 2
4701 3646 6
4701 459 9
4702 4031 9
4702 2559 5
4703 4674 4
4703 2211 8
4703 3542 1
4704 2348 3
4704 4080 1
4705 4728 2
4705 2209 5
4705 4462 5
4705 1762 4
4706 1989 8
4706 33 7
4706 1343 8
4706 2863 10
4706 4113 6
4707 181 10
4707 4287 3
4707 613 5
4707 2680 9
4708 4665 1
4709 1344 10
4709 2302 6
4709 593 3
4709 2662 8
4709 1612 7
4710 3977 5
4710 1891 2
4710 4172 6
4710 2670 5
4711 1417 1
4712 1662 1
4712 2706 4
4712 4368 9
4713 2676 8
4713 2253 1
4714 2732 7
4715 4167 6
4715 3721 1
4715 2052 6
4715 4894 10
4716 789 10
4716 2325 1
4716 4466 3
4717 2634 3
4717 310 7
4717 3650 9
4718 3227 3
4718 2610 9
4719 3607 9
4719 4822 8
4719 4257 4
4719 3663 1
4719 330 5
4720 2454 5
4720 4078 2
4720 3587 10
4720 1946 2
4721 3831 5
4721 3276 3
4722 444 4
4722 4142 5
4722 433 8
4722 4846 9
4723 1843 3
4723 3649 1
4723 2854 3
4724 2064 10
4725 1411 4
4725 2920 1
4726 2609 8
4726 4138 2
4726 1891 1
4726 2687 6
4726 4365 6
4727 1208 7
4727 2614 3
4727 1379 9
4728 1186 4
4728 2359 6
4728 2918 10
4729 4832 3
4729 4261 4
4729 313 9
4730 4475 4
4731 630 3
4731 3766 4
4732 1849 4
4732 2280 3
4732 1882 6
4732 4988 10
4733 2399 10
4733 4526 5
4733 1206 4
4734 3127 5
4734 2670 3
4735 2077 10
4735 4712 1
4735 166 8
4736 1007 7
4737 269 9
4737 30 4
4737 796 10
4737 1360 2
4737 810 8
4738 4653 3
4738 3901 9
4738 4363 6
4739 2977 8
4739 211 9
4739 4817 7
4740 175 6
4740 4578 3
4740 3992 2
4740 1612 7
4740 3274 4
4741 4098 5
4741 1042 2
4741 4771 3
4741 3340 8
4742 2226 10
4742 4916 7
4742 2277 7
4742 2251 4
4742 4037 1
4743 1962 3
4743 4937 9
4744 3055 6
4744 3308 5
4745 3254 4
4746 4221 2
4746 1370 5
4746 84 10
4746 4859 6
4747 3170 2
4747 1593 4
4747 686 9
4747 3093 1
4748 3360 4
4748 2292 7
4748 3981 4
4749 1054 1
4749 1959 6
4750 1900 4
4750 4252 10
4750 1288 2
4750 436 7
4750 4216 10
4751 3675 8
4751 2465 3
4751 3918 4
4751 4018 6
4751 4631 7
4752 984 2
4752 4607 2
4753 3213 2
4753 2634 6
4754 3698 10
4755 1943 1
4755 1516 4
4756 2963 4
4756 2957 7
4756 4398 5
4756 299 8
4757 279 10
4757 4282 1
4757 2279 4
4757 2812 3
4758 251 7
4758 1516 7
4758 4725 6
4759 3690 9
4759 2218 4
4759 3810 8
4759 1167 6
4759 2408 3
4760 618 3
4761 3973 4
4761 630 7
4761 3913 8
4761 1460 1
4761 591 3
4762 3101 1
4762 1798 4
4762 288 6
4762 1812 4
4762 3412 4
4763 3375 10
4763 1802 5
4763 1998 8
4764 2218 4
4765 3810 6
4765 268 5
4765 704 1
4765 2406 1
4766 3865 9
4766 500 9
4766 3421 6
4766 4891 5
4767 2059 4
4767 4581 5
4767 2439 5
4767 3176 5
4768 499 5
4768 3267 8
4768 2204 5
4768 3637 3
4769 4003 4
4769 3940 3
4770 3029 6
4771 4909 2
4771 4355 9
4771 4247 5
4772 3079 8
4772 2126 8
4772 2784 6
4772 4893 4
4772 4622 2
4773 2994 10
4774 2663 5
4774 1394 10
4774 1662 4
4774 14 1
4774 4872 5
4775 71 7
4775 4455 7
4776 4766 10
4777 331 2
4777 353 6
4777 2170 8
4778 2127 1
4778 2644 9
4778 43 1
4778 3867 5
4778 1659 5
4779 1860 9
4779 1481 10
4779 4281 2
4779 991 4
4779 2061 8
4780 4080 5
4781 3088 1
4781 242 2
4781 312 5
4781 1122 4
4781 2514 6
4782 649 5
4783 2220 3
4783 2289 9
4783 2970 7
4783 3824 8
4784 3173 1
4784 2537 9
4784 2204 3
4785 2244 5
4785 4961 7
4785 3015 2
4785 2097 10
4785 2883 9
4786 4399 10
4787 1302 4
4788 3491 3
4788 589 2
4789 3595 9
4789 1531 3
4789 286 9
4789 3046 1
4790 4102 3
4790 1597 7
4790 3267 5
4790 1569 9
4791 3010 8
4791 4747 2
4792 919 10
4792 1349 9
4793 3411 5
4793 4443 10
4793 997 6
4794 3512 7
4795 717 8
4796 2631 1
4796 3494 7
4796 4365 6
4797 2267 8
4797 4896 2
4798 180 5
4799 602 9
4799 878 6
4799 2458 7
4799 4068 3
4799 779 7
4800 4781 2
4801 1147 7
4801 4436 8
4802 2698 2
4802 3927 9
4803 2404 7
4803 2144 10
4804 2265 6
4804 4072 7
4804 2728 3
4805 209 5
4805 123 3
4806 1538 1
4806 2335 3
4806 2007 7
4806 2146 4
4807 1821 3
4807 1568 5
4807 1134 1
4807 203 7
4808 1783 7
4808 796 8
4808 2687 1
4808 2834 1
4809 4556 7
4809 3663 9
4809 1366 5
4809 4330 4
4810 208 6
4810 4069 4
4810 1925 4
4811 441 10
4811 1175 7
4811 4233 4
4811 496 7
4812 2934 8
4812 3790 10
4813 1351 7
4813 455 7
4813 2681 1
4813 1102 9
4814 3675 9
4815 2669 3
4815 372 2
4816 1730 8
4816 2633 5
4816 1871 9
4816 4538 1
4817 4277 3
4817 916 2
4817 4000 10
4817 3733 2
4818 1979 4
4818 1542 6
4818 222 2
4818 4261 3
4818 3760 8
4819 2468 6
4819 2412 10
4820 2910 8
4820 4926 4
4820 4095 9
4820 4791 5
4821 4728 9
4821 779 5
4821 4643 2
4821 631 7
4821 2136 3
4822 760 2
4822 3320 4
4822 2173 5
4823 2994 10
4824 4585 7
4824 1590 10
4824 3182 4
4825 4633 9
4825 3232 5
4825 666 8
4826 4462 6
4826 332 1
4826 3128 10
4827 4746 1
4827 704 6
4827 2671 6
4828 4107 10
4828 4434 5
4828 2010 5
4828 1828 7
4828 4068 8
4829 4238 8
4829 350 5
4830 3338 1
4830 4463 4
4831 3528 7
4831 395 9
4831 4739 4
4831 1449 7
4831 986 9
4832 4023 8
4832 1465 8
4832 1313 1
4832 331 7
4832 1422 8
4833 307 1
4833 3856 9
4833 454 10
4834 4173 8
4835 3156 9
4835 3449 10
4835 1205 8
4836 2810 4
4837 4021 1
4838 3177 10
4838 565 2
4839 3470 9
4839 3374 9
4839 3177 10
4839 1358 6
4840 2567 7
4841 455 7
4841 3257 8
4841 2389 2
4842 1034 9
4842 3450 8
4842 2520 4
4842 3000 8
4842 991 6
4843 4045 3
4843 2134 2
4843 530 2
4843 5000 9
4844 4207 2
4844 2010 10
4845 4036 1
4845 1682 2
4845 2205 2
4846 1602 7
4846 3272 6
4846 2674 4
4846 905 6
4847 3492 4
4847 1812 7
4848 3384 6
4848 3923 6
4848 2664 2
4848 948 2
4849 2977 4
4849 4711 7
4850 796 9
4850 1477 3
4851 48 3
4852 2625 3
4853 2942 1
4853 4436 2
4853 3194 2
4854 867 6
4854 2690 5
4855 4135 10
4855 551 5
4855 602 8
4855 3958 3
4856 1144 3
4856 3434 5
4857 2012 5
4857 1502 10
4857 4429 5
4857 4711 6
4857 960 5
4858 512 10
4859 4436 7
4859 1752 1
4859 608 10
4859 2226 2
4860 564 5
4860 2841 3
4861 2716 7
4861 2512 5
4861 2738 8
4862 2053 4
4862 1869 7
4862 4870 7
4863 1748 8
4863 2580 9
4863 3863 2
4863 1761 10
4863 4738 3
4864 4102 7
4864 3238 7
4864 2615 6
4864 367 2
4865 912 10
4866 4614 7
4866 2721 1
4866 241 10
4866 4912 5
4867 2953 3
4867 2935 4
4867 4372 7
4867 4482 3
4867 2914 5
4868 2813 3
4868 3857 1
4869 4874 8
4870 4116 7
4870 1955 1
4870 3909 10
4871 3190 5
4871 2250 1
4871 4063 1
4872 4075 9
4872 4821 8
4872 716 1
4873 3510 2
4873 327 2
4873 4132 7
4873 4791 2
4873 698 9
4874 4601 3
4875 704 9
4875 2882 8
4875 2737 5
4876 3309 10
4877 4409 4
4877 1494 9
4877 4039 8
4877 3427 4
4878 583 5
4878 3414 1
4878 135 4
4878 2008 4
4878 3720 7
4879 3129 9
4879 3851 8
4879 2691 5
4880 770 3
4881 3602 8
4881 2784 8
4882 1273 1
4882 271 6
4882 2545 1
4882 3168 3
4883 3703 10
4884 1199 10
4885 1531 7
4885 1239 5
4885 1516 10
4886 4462 5
4886 139 3
4886 4689 8
4887 3013 8
4888 386 7
4888 1208 2
4888 3766 2
4888 4074 2
4888 155 2
4889 1363 7
4889 3470 10
4889 4364 4
4890 3865 4
4890 4822 7
4890 961 9
4890 2176 5
4890 332 6
4891 2517 9
4891 4292 6
4892 1463 4
4892 3964 8
4892 1281 10
4893 3947 5
4893 4441 5
4893 347 7
4893 4535 8
4894 778 5
4894 3424 3
4895 1573 7
4895 1632 6
4896 4760 3
4896 2980 5
4896 3040 7
4897 3315 7
4897 4000 7
4897 2134 8
4898 4128 5
4898 3637 5
4899 3555 2
4899 719 5
4900 175 4
4900 4998 7
4901 2077 9
4901 2149 8
4901 2661 4
4901 618 6
4901 1616 4
4902 3384 7
4902 1411 9
4903 3924 1
4903 786 5
4903 2044 2
4904 3683 6
4905 2265 7
4905 1413 10
4906 1406 7
4906 1664 8
4906 2816 2
4906 3305 7
4907 4423 6
4907 2924 9
4908 1758 9
4908 3925 5
4909 3560 7
4909 328 9
4909 3130 8
4909 3364 7
4909 2920 5
4910 4488 5
4910 1307 7
4910 3186 2
4910 3971 6
4911 1204 2
4911 1766 5
4912 4255 8
4913 4887 8
4914 926 7
4914 4556 7
4914 4225 9
4915 4413 3
4915 4334 6
4916 580 7
4916 2830 1
4917 1777 5
4918 3739 3
4918 4821 7
4918 3009 8
4918 2292 9
4918 599 5
4919 3557 2
4920 3382 8
4921 3167 5
4922 3321 1
4922 3492 9
4922 3745 4
4922 2699 9
4923 112 5
4924 3333 5
4924 4885 6
4924 4955 8
4925 2657 6
4925 1376 8
4926 1121 7
4926 2912 10
4926 3118 3
4926 3404 8
4926 2862 2
4927 1138 3
4927 1741 2
4927 3549 7
4927 1511 5
4928 4302 5
4928 4352 3
4928 1497 3
4928 44 9
4928 260 3
4929 72 5
4929 3569 1
4929 3657 6
4929 530 1
4930 828 1
4930 3197 7
4930 3118 7
4930 3344 7
4931 3353 4
4932 3221 4
4932 3262 7
4932 3308 1
4932 230 8
4933 338 9
4933 2694 5
4933 1486 6
4934 2749 2
4935 3369 7
4935 3865 5
4936 4088 9
4936 4534 7
4937 3026 7
4937 4738 9
4937 3423 6
4937 4646 3
4938 4046 3
4938 4166 5
4938 2335 1
4939 4923 3
4939 943 4
4939 4063 7
4939 1446 7
4940 3920 6
4940 1654 7
4940 2638 10
4940 1482 10
4940 1584 6
4941 244 1
4942 1402 4
4942 1728 3
4942 796 7
4942 503 4
4942 2470 6
4943 445 3
4943 474 8
4944 4079 1
4944 2394 2
4944 3665 4
4944 3504 2
4944 3852 2
4945 4203 9
4945 2088 9
4945 1566 5
4946 2831 4
4946 3463 8
4946 1360 4
4946 3184 4
4947 910 9
4948 3950 7
4948 1024 2
4948 398 6
4948 3942 5
4948 2699 6
4949 254 1
4949 3257 2
4950 4909 4
4950 1979 6
4950 872 3
4951 3155 9
4951 1611 3
4951 1215 7
4952 3150 1
4952 2470 9
4953 201 10
4953 2219 6
4953 2587 5
4954 3540 9
4955 4956 4
4955 1281 7
4955 4045 9
4956 4224 5
4957 1325 7
4957 1481 5
4957 1209 1
4957 1229 3
4957 3925 6
4958 4886 5
4958 1559 4
4958 4764 6
4958 2903 2
4959 3829 5
4960 2056 10
4960 4226 6
4960 2065 10
4960 4310 5
4960 1332 5
4961 2702 2
4962 2298 10
4962 3302 1
4962 4562 5
4962 4495 4
4962 4075 4
4963 4775 4
4963 1739 5
4963 1937 1
4963 4280 2
4963 2221 2
4964 1347 6
4964 3859 2
4964 2991 4
4965 4196 7
4965 3858 9
4965 2432 5
4965 1063 2
4966 663 8
4966 4495 2
4966 427 7
4967 4299 2
4967 3608 10
4967 2831 8
4967 2835 10
4967 2722 4
4968 1928 1
4969 1205 7
4969 3716 2
4969 789 9
4970 4110 9
4970 812 4
4971 5000 6
4972 3900 6
4972 2589 6
4972 2417 5
4972 3150 7
4972 1110 10
4973 4633 4
4973 3504 10
4973 3965 9
4973 4032 4
4973 4489 1
4974 643 8
4974 2659 7
4974 1495 5
4974 1249 10
4975 1178 3
4975 4650 1
4976 2049 9
4976 4206 5
4976 2199 1
4977 3918 4
4978 47 9
4978 88 2
4978 4023 4
4979 792 4
4980 4812 9
4980 3344 10
4980 1411 4
4980 4811 6
4981 603 10
4982 4806 8
4982 631 4
4982 1471 4
4982 4045 8
4982 255 1
4983 645 3
4983 3935 8
4983 2738 6
4983 4948 3
4984 77 1
4984 3421 1
4984 2103 3
4984 3121 9
4985 988 2
4985 3404 9
4986 4000 4
4986 4825 8
4986 899 1
4986 3661 7
4987 3413 9
4987 4462 5
4988 2493 8
4988 4209 6
4989 1671 4
4989 71 3
4989 1479 10
4989 2606 8
4989 3297 5
4990 1042 6
4990 935 2
4990 611 5
4991 38 4
4991 2892 8
4991 1870 1
4992 3054 9
4992 4479 8
4992 1225 8
4993 1043 8
4993 2729 7
4993 444 8
4993 453 5
4994 4288 3
4994 97 2
4994 3419 5
4994 418 6
4994 3233 2
4995 2161 9
4995 436 8
4995 666 4
4995 4569 7
4996 4440 8
4996 924 4
4996 3421 10
4996 931 10
4996 3956 10
4997 1085 5
4997 3222 6
4998 4979 3
4999 825 8
4999 3106 6
5000 1795 5
5000 4687 9
5000 4473 2
5000 4298 2
5000 2704 9
