5000 0 0 1
4721 3653 17
3653 3741 5
3741 829 2
829 1059 20
1059 4499 9
4499 2943 16
2943 4624 19
4624 1066 10
1066 684 18
684 2113 7
2113 2965 12
2965 88 16
88 335 12
335 4981 16
4981 1294 20
1294 4175 13
4175 1702 11
1702 2654 19
2654 3921 6
3921 542 14
542 2515 15
2515 1088 6
1088 3668 5
3668 1867 3
1867 2408 9
2408 2603 13
2603 1420 7
1420 4613 17
4613 2217 14
2217 2625 11
2625 3424 5
3424 3853 11
3853 4203 16
4203 831 18
831 1189 7
1189 2808 7
2808 976 7
976 342 8
342 851 16
851 138 7
138 2537 9
2537 2254 20
2254 591 17
591 3686 19
3686 2337 12
2337 1837 2
1837 4088 14
4088 1676 6
1676 494 14
494 951 18
951 1963 17
1963 906 17
906 3219 2
3219 4692 1
4692 4481 16
4481 1079 11
1079 4866 18
4866 249 15
249 3098 20
3098 2372 13
2372 2752 16
2752 2433 16
2433 2037 14
2037 3112 11
3112 4826 10
4826 3337 18
3337 1498 2
1498 457 20
457 4555 12
4555 4774 20
4774 3522 19
3522 876 17
876 3410 20
3410 1569 5
1569 978 18
978 2956 3
2956 599 12
599 4504 5
4504 763 8
763 3356 5
3356 965 9
965 4490 4
4490 1778 2
1778 3236 10
3236 2722 3
2722 3746 3
3746 4850 5
4850 2404 18
2404 3975 9
3975 2239 12
2239 1664 9
1664 645 19
645 633 11
633 935 13
935 1726 1
1726 590 5
590 1288 3
1288 2807 18
2807 3306 15
3306 4193 10
4193 4603 13
4603 1174 16
1174 3907 9
3907 2330 16
2330 3908 12
3908 1259 1
1259 4494 7
4494 202 1
202 1429 19
1429 3677 3
3677 2345 4
2345 2430 16
2430 4921 14
4921 1446 20
1446 453 1
453 3080 4
3080 3463 1
3463 2931 8
2931 4671 3
4671 516 10
516 2751 15
2751 2939 14
2939 871 18
871 72 2
72 850 4
850 3747 10
3747 963 4
963 2035 12
2035 3139 10
3139 655 13
655 3786 19
3786 3972 10
3972 3301 1
3301 4242 19
4242 1486 16
1486 4075 20
4075 1356 11
1356 3688 7
3688 4236 19
4236 4889 19
4889 3618 13
3618 2846 15
2846 2485 11
2485 1447 8
1447 4002 12
4002 4451 17
4451 1859 14
1859 1281 18
1281 4590 13
4590 3867 7
3867 659 19
659 2440 19
2440 301 20
301 656 9
656 3251 10
3251 4293 1
4293 3068 4
3068 1125 3
1125 1534 11
1534 139 9
139 3037 12
3037 940 12
940 1855 11
1855 67 8
67 4540 11
4540 4572 20
4572 3530 13
3530 2607 20
2607 3938 16
3938 3837 13
3837 1663 7
1663 3487 16
3487 1127 6
1127 1937 12
1937 263 7
263 3740 1
3740 1185 4
1185 299 9
299 327 18
327 1307 8
1307 1169 10
1169 2419 18
2419 3861 14
3861 376 4
376 4532 13
4532 4164 5
4164 4133 4
4133 4397 18
4397 840 11
840 541 14
541 4994 15
4994 1296 6
1296 347 6
347 4788 2
4788 3901 4
3901 3950 2
3950 3712 19
3712 3488 1
3488 4105 18
4105 3795 18
3795 2804 10
2804 4620 17
4620 1873 15
1873 1765 7
1765 3925 20
3925 3820 8
3820 2928 5
2928 2836 9
2836 3378 5
3378 2592 16
2592 774 7
774 3580 1
3580 3008 12
3008 3322 2
3322 1733 5
1733 3934 2
3934 3987 17
3987 285 6
285 1159 2
1159 3947 17
3947 1084 7
1084 1275 20
1275 699 1
699 1458 3
1458 2483 5
2483 370 7
370 338 2
338 3115 19
3115 1618 5
1618 2453 11
2453 2008 16
2008 3511 1
3511 985 2
985 558 20
558 4174 6
4174 1491 7
1491 3179 16
3179 156 19
156 3559 11
3559 4968 16
4968 1219 4
1219 4008 3
4008 470 1
470 4349 13
4349 2825 9
2825 3459 1
3459 2436 17
2436 1792 2
1792 4578 7
4578 732 12
732 958 2
958 436 2
436 2073 13
2073 3674 13
3674 2320 16
2320 4226 2
4226 3816 9
3816 2171 17
2171 1242 13
1242 2977 18
2977 3149 9
3149 1412 6
1412 99 3
99 2129 12
2129 2289 5
2289 2070 3
2070 2871 4
2871 1754 18
1754 2416 13
2416 2414 3
2414 1353 12
1353 1888 1
1888 2290 10
2290 664 6
664 240 4
240 95 5
95 4760 17
4760 2917 2
2917 2418 15
2418 3027 20
3027 1504 20
1504 454 6
454 4486 11
4486 2970 8
2970 1836 18
1836 2627 5
2627 4953 4
4953 2053 4
2053 1537 3
1537 1150 4
1150 4944 2
4944 2258 17
2258 4178 5
4178 4167 20
4167 3620 12
3620 3943 18
3943 3529 18
3529 3359 16
3359 1264 14
1264 1042 2
1042 282 4
282 1879 20
1879 93 3
93 4444 6
4444 2004 4
2004 4285 2
4285 2006 11
2006 2780 14
2780 2158 15
2158 587 16
587 3361 11
3361 4845 12
4845 2507 4
2507 3855 4
3855 4594 3
4594 1220 4
1220 2775 6
2775 2150 1
2150 3650 8
3650 3930 11
3930 128 2
128 2476 20
2476 496 10
496 4913 17
4913 1533 7
1533 4139 16
4139 4521 10
4521 228 5
228 330 7
330 358 10
358 2392 8
2392 575 7
575 1206 8
1206 2480 3
2480 596 12
596 2447 16
2447 2382 7
2382 2213 2
2213 2731 1
2731 2406 10
2406 1738 18
1738 3615 8
3615 391 11
391 409 11
409 3329 7
3329 4107 14
4107 1543 6
1543 4478 4
4478 2212 13
2212 2209 16
2209 1868 13
1868 307 11
307 1589 17
1589 2999 7
2999 4723 1
4723 2057 7
2057 1103 8
1103 3094 14
3094 32 7
32 274 8
274 3507 4
3507 1163 8
1163 501 19
501 4196 8
4196 1237 6
1237 661 13
661 2378 15
2378 1422 14
1422 2788 20
2788 983 7
983 3186 13
3186 715 12
715 4098 5
4098 2304 5
2304 191 17
191 548 14
548 3942 19
3942 462 12
462 2174 14
2174 4350 20
4350 1261 16
1261 573 17
573 4225 4
4225 288 8
288 3849 7
3849 2509 3
2509 3128 4
3128 130 6
130 4370 6
4370 2138 9
2138 2762 4
2762 3640 1
3640 2093 16
2093 2858 19
2858 2003 6
2003 835 1
835 1522 6
1522 225 16
225 144 2
144 1479 5
1479 4741 7
4741 1173 17
1173 1935 8
1935 2208 10
2208 2393 15
2393 2815 17
2815 3030 11
3030 4543 5
4543 1393 7
1393 1441 14
1441 1096 18
1096 1350 11
1350 3897 9
3897 1598 7
1598 886 5
886 1556 12
1556 4474 7
4474 412 8
412 1416 9
1416 3682 15
3682 4102 12
4102 279 16
279 4812 15
4812 746 7
746 1743 16
1743 1719 4
1719 3926 19
3926 1347 13
1347 1464 18
1464 89 7
89 2809 6
2809 2954 20
2954 3845 9
3845 2835 14
2835 1284 11
1284 4977 4
4977 1107 9
1107 2631 11
2631 2934 4
2934 3053 15
3053 4488 1
4488 961 19
961 1417 11
1417 2132 4
2132 3863 6
3863 2594 2
2594 20 16
20 2727 19
2727 3676 19
3676 2916 20
2916 3864 10
3864 3818 7
3818 3142 12
3142 2819 2
2819 1218 8
1218 4898 13
4898 2600 5
2600 2439 17
2439 4345 1
4345 2877 15
2877 2181 16
2181 266 11
266 4827 11
4827 3895 7
3895 1086 10
1086 4185 14
4185 4377 4
4377 3389 2
3389 1277 15
1277 555 2
555 4049 8
4049 2920 12
2920 2620 6
2620 2626 4
2626 3892 5
3892 3664 5
3664 4871 6
4871 4686 13
4686 92 17
92 3793 6
3793 4344 3
4344 3985 7
3985 58 19
58 567 7
567 781 16
781 1927 1
1927 3606 14
3606 1297 18
1297 1098 4
1098 4634 9
4634 129 9
129 3085 8
3085 364 15
364 1071 15
1071 1494 12
1494 4924 12
4924 4502 6
4502 1898 1
1898 2224 18
2224 4697 17
4697 2063 16
2063 3156 8
3156 1283 10
1283 902 11
902 4567 11
4567 4134 12
4134 4644 6
4644 2298 4
2298 780 20
780 1461 18
1461 3804 18
3804 4900 9
4900 4667 10
4667 2522 18
2522 986 20
986 747 11
747 3243 18
3243 4894 2
4894 4221 3
4221 708 1
708 4864 9
4864 4455 20
4455 1621 2
1621 387 5
387 270 15
270 4584 12
4584 4618 9
4618 3153 7
3153 3358 20
3358 3021 10
3021 3102 20
3102 2968 9
2968 3994 17
3994 3787 5
3787 3435 14
3435 2947 7
2947 4814 18
4814 68 15
68 1065 3
1065 3107 14
3107 4693 5
4693 4782 20
4782 2257 16
2257 4974 8
4974 28 14
28 750 4
750 1640 7
1640 1718 16
1718 4605 9
4605 4877 3
4877 1821 17
1821 2972 15
2972 2283 5
2283 749 16
749 4097 20
4097 2797 1
2797 815 4
815 1560 6
1560 844 6
844 2255 7
2255 3272 1
3272 4927 3
4927 500 5
500 4119 20
4119 1853 12
1853 3178 14
3178 2596 20
2596 3578 9
3578 3523 17
3523 4311 9
4311 4406 11
4406 1523 4
1523 3536 17
3536 589 1
589 2139 6
2139 3553 19
3553 3886 14
3886 4231 9
4231 1060 19
1060 3314 13
3314 2157 5
2157 2701 12
2701 1559 16
1559 3269 16
3269 3596 1
3596 396 10
396 3761 12
3761 3214 5
3214 1051 3
1051 683 10
683 2133 12
2133 1298 12
1298 4611 10
4611 1448 11
1448 3268 13
3268 420 9
420 3317 1
3317 2676 17
2676 2615 4
2615 4471 2
4471 2693 18
2693 4380 8
4380 2837 4
2837 365 6
365 2578 19
2578 3400 19
3400 3493 9
3493 2710 14
2710 3175 6
3175 1882 1
1882 3119 19
3119 4746 11
4746 4015 20
4015 3338 17
3338 2067 11
2067 3764 2
3764 4462 14
4462 374 2
374 4379 2
4379 2642 19
2642 1519 3
1519 4371 7
4371 2549 9
2549 2737 1
2737 2813 4
2813 4063 3
4063 2356 4
2356 2428 4
2428 4368 19
4368 1318 17
1318 2729 6
2729 479 17
479 3198 7
3198 4936 4
4936 1154 4
1154 3330 5
3330 1396 15
1396 1932 1
1932 2985 16
2985 4506 15
4506 73 11
73 14 10
14 3622 15
3622 1575 3
1575 1619 15
1619 1856 20
1856 3657 12
3657 1771 12
1771 350 8
350 275 7
275 217 5
217 1418 13
1418 2518 4
2518 4715 19
4715 3319 19
3319 4586 15
4586 4289 9
4289 3859 19
3859 3656 14
3656 1981 12
1981 3453 10
3453 1207 14
1207 1164 14
1164 757 8
757 1119 6
1119 2720 6
2720 2017 1
2017 4810 9
4810 4410 14
4410 4436 15
4436 3011 16
3011 521 18
521 4549 10
4549 1825 17
1825 3188 14
3188 261 19
261 3551 5
3551 1095 7
1095 4353 6
4353 1518 3
1518 2959 15
2959 2343 13
2343 2859 15
2859 3308 3
3308 2232 11
2232 4369 1
4369 4212 10
4212 4275 12
4275 610 8
610 4454 8
4454 4730 17
4730 4003 6
4003 3202 7
3202 1285 5
1285 2566 6
2566 4756 7
4756 2601 7
2601 2226 13
2226 2632 17
2632 4881 5
4881 1326 17
1326 528 2
528 296 14
296 2484 14
2484 4761 4
4761 1528 2
1528 2868 8
2868 1994 9
1994 2024 20
2024 3965 6
3965 3745 12
3745 2048 4
2048 181 8
181 4473 1
4473 2151 7
2151 3817 19
3817 3163 8
3163 1735 5
1735 2196 6
2196 4505 1
4505 3260 16
3260 2079 7
2079 2745 1
2745 3458 20
3458 4114 18
4114 1484 5
1484 3570 11
3570 65 15
65 313 14
313 4427 20
4427 2166 14
2166 3585 9
3585 2403 7
2403 2508 3
2508 237 4
237 1348 13
1348 513 20
513 817 4
817 1696 18
1696 2415 2
2415 315 6
315 3731 5
3731 2933 1
2933 1904 14
1904 430 12
430 1015 10
1015 1483 19
1483 853 18
853 325 5
325 1050 9
1050 3773 1
3773 1913 16
1913 1287 9
1287 4844 1
4844 3538 2
3538 1526 20
1526 1860 2
1860 3503 5
3503 2412 19
2412 3297 19
3297 4614 17
4614 4439 3
4439 2039 1
2039 1890 14
1890 2520 12
2520 1489 8
1489 2230 10
2230 3092 16
3092 4190 20
4190 3064 2
3064 773 10
773 2616 11
2616 2354 9
2354 4265 4
4265 3423 1
3423 2341 14
2341 2895 2
2895 4867 7
4867 1909 7
1909 4859 10
4859 4248 5
4248 2141 6
2141 2605 12
2605 386 6
386 4413 14
4413 4536 5
4536 101 14
101 2664 17
2664 4717 10
4717 2639 15
2639 4407 5
4407 1787 15
1787 300 3
300 4855 12
4855 2123 20
2123 3447 14
3447 550 3
550 4381 6
4381 201 1
201 4310 1
4310 3192 20
3192 3036 16
3036 4950 11
4950 2013 6
2013 1360 20
1360 607 7
607 2195 14
2195 1194 1
1194 637 9
637 4055 3
4055 1881 19
1881 2246 2
2246 4608 19
4608 4258 20
4258 3341 8
3341 4452 19
4452 1122 11
1122 194 11
194 3636 20
3636 3066 18
3066 2630 8
2630 2532 15
2532 3945 20
3945 3736 11
3736 1872 4
1872 1378 9
1378 1734 11
1734 3264 19
3264 3122 5
3122 4720 16
4720 4108 15
4108 4940 7
4940 196 17
196 4262 11
4262 3888 9
3888 794 14
794 1535 12
1535 1595 5
1595 1497 6
1497 1087 5
1087 3070 5
3070 2410 1
2410 1662 7
1662 4923 1
4923 2227 1
2227 1019 7
1019 4790 2
4790 4466 11
4466 559 4
559 1972 17
1972 4343 1
4343 1413 9
1413 4699 6
4699 3168 15
3168 2540 12
2540 8 14
8 4892 10
4892 2687 3
2687 403 1
403 2646 12
2646 1244 14
1244 3362 3
3362 1785 1
1785 2516 8
2516 1469 14
1469 3227 19
3227 1544 10
1544 3835 20
3835 3381 7
3381 4546 7
4546 3012 14
3012 4090 19
4090 2262 13
2262 3352 7
3352 2300 18
2300 890 5
890 4556 13
4556 4682 17
4682 1380 6
1380 1835 8
1835 1977 5
1977 2219 12
2219 3579 16
3579 3057 4
3057 118 2
118 3889 19
3889 3812 6
3812 1783 6
1783 3382 2
3382 3980 8
3980 460 15
460 917 18
917 3267 7
3267 1238 11
1238 595 10
595 2244 3
2244 425 8
425 2162 3
2162 3984 5
3984 4378 14
4378 2684 3
2684 4749 20
4749 3703 1
3703 3388 12
3388 3915 16
3915 2732 9
2732 2890 16
2890 4791 3
4791 4357 16
4357 3369 15
3369 3546 16
3546 3830 17
3830 3172 19
3172 3336 10
3336 2331 5
2331 1603 11
1603 665 2
665 3890 16
3890 276 19
276 4713 8
4713 2491 4
2491 4043 5
4043 4707 6
4707 4938 16
4938 1246 13
1246 1583 3
1583 1033 15
1033 4632 9
4632 534 8
534 4643 4
4643 2575 12
2575 654 1
654 2723 11
2723 379 10
379 2975 9
2975 4052 6
4052 593 8
593 4792 15
4792 3931 20
3931 2699 19
2699 4150 10
4150 1968 11
1968 1761 17
1761 3478 16
3478 343 18
343 838 6
838 4676 2
4676 2595 1
2595 2764 8
2764 3167 14
3167 1555 16
1555 4600 17
4600 4487 10
4487 1280 15
1280 3791 10
3791 4085 19
4085 1080 20
1080 4777 4
4777 671 19
671 758 2
758 3969 16
3969 4117 3
4117 4753 10
4753 1217 3
1217 4014 7
4014 723 2
723 2192 14
2192 1871 13
1871 2379 10
2379 5 14
5 1740 2
1740 111 9
111 4512 14
4512 832 7
832 2460 4
2460 384 15
384 1404 12
1404 3999 13
3999 895 9
895 474 7
474 79 14
79 1987 16
1987 3253 1
3253 2012 4
2012 1023 16
1023 2457 12
2457 4418 1
4418 3879 3
3879 4333 4
4333 4942 7
4942 4303 11
4303 3177 20
3177 4095 11
4095 1952 20
1952 4897 1
4897 2513 10
2513 3702 9
3702 1443 15
1443 1212 2
1212 1711 19
1711 3376 16
3376 3404 6
3404 4182 13
4182 2153 11
2153 4564 5
4564 2901 12
2901 4113 13
4113 4268 11
4268 1704 4
1704 2883 18
2883 4294 16
4294 4816 8
4816 4606 7
4606 2216 20
2216 626 18
626 3072 7
3072 2203 14
2203 4593 2
4593 4301 2
4301 283 17
283 2068 18
2068 4495 7
4495 2938 2
2938 4106 6
4106 3904 16
3904 2355 16
2355 1673 12
1673 4122 6
4122 333 1
333 2821 11
2821 3799 6
3799 1622 14
1622 1401 8
1401 1339 5
1339 2657 5
2657 4984 3
4984 3143 12
3143 1627 7
1627 4192 18
4192 1961 5
1961 215 5
215 1670 2
1670 4388 6
4388 3790 12
3790 584 14
584 1520 4
1520 1485 18
1485 1204 13
1204 4351 13
4351 657 2
657 2051 13
2051 3217 15
3217 247 17
247 943 13
943 2411 20
2411 4976 3
4976 4011 12
4011 2705 3
2705 3407 9
3407 3288 2
3288 3263 6
3263 4796 2
4796 2444 9
2444 2465 18
2465 212 18
212 2265 17
2265 1063 15
1063 2773 7
2773 2454 19
2454 1375 6
1375 1235 11
1235 2644 3
2644 2898 17
2898 1786 3
1786 388 7
388 1232 16
1232 2349 15
2349 3148 1
3148 4269 4
4269 4902 4
4902 3783 17
3783 2831 11
2831 2618 17
2618 1013 7
1013 1057 20
1057 690 13
690 1110 15
1110 2879 9
2879 4138 19
4138 1679 11
1679 3061 4
3061 1434 10
1434 3769 4
3769 3684 6
3684 1833 7
1833 1805 17
1805 3547 3
3547 3798 14
3798 997 6
997 4763 7
4763 1330 14
1330 694 9
694 2756 6
2756 4173 2
4173 4118 2
4118 514 5
514 2249 8
2249 3582 19
3582 4401 12
4401 4745 9
4745 1885 7
1885 71 16
71 1134 13
1134 3635 12
3635 1767 8
1767 3539 2
3539 1802 10
1802 3759 4
3759 1546 3
1546 4153 7
4153 219 2
219 1357 15
1357 4437 7
4437 4313 10
4313 4517 15
4517 2163 8
2163 716 9
716 875 2
875 2966 5
2966 4732 2
4732 3474 9
3474 151 9
151 2950 19
2950 312 17
312 3050 11
3050 4833 13
4833 2468 14
2468 2098 14
2098 1390 3
1390 17 13
17 4239 17
4239 1949 8
1949 4151 3
4151 1266 4
1266 4716 2
4716 524 16
524 262 1
262 2116 3
2116 239 14
239 61 9
61 4885 12
4885 734 12
734 2986 8
2986 4510 11
4510 816 5
816 362 19
362 3715 16
3715 634 4
634 1265 1
1265 1312 18
1312 4093 17
4093 2739 17
2739 594 13
594 3971 7
3971 703 4
703 257 11
257 1105 2
1105 1000 3
1000 172 4
172 4601 8
4601 2047 10
2047 4354 1
4354 672 12
672 4665 15
4665 869 3
869 2340 5
2340 698 18
698 872 13
872 3339 7
3339 3497 16
3497 740 3
740 3531 9
3531 3471 7
3471 2015 9
2015 1806 19
1806 1388 4
1388 4557 12
4557 2563 14
2563 4776 8
4776 188 19
188 1690 4
1690 4328 11
4328 3576 7
3576 3524 7
3524 3612 7
3612 3581 9
3581 2236 3
2236 4804 5
4804 1925 4
1925 2423 14
2423 535 9
535 4281 2
4281 609 15
609 2214 20
2214 428 7
428 721 4
721 3754 11
3754 3770 16
3770 3026 15
3026 4875 6
4875 367 5
367 441 13
441 3829 7
3829 967 11
967 4207 3
4207 4751 7
4751 719 2
719 3039 17
3039 205 9
205 4081 5
4081 2276 18
2276 4416 15
4416 533 11
533 1642 12
1642 4362 8
4362 57 12
57 2125 20
2125 1210 2
1210 989 4
989 1254 2
1254 3807 5
3807 714 2
714 4199 1
4199 782 8
782 2886 12
2886 354 10
354 3316 20
3316 841 10
841 3495 8
3495 3661 11
3661 2307 7
2307 4154 9
4154 2787 11
2787 206 7
206 2686 13
2686 1467 6
1467 3973 14
3973 1379 9
1379 2080 8
2080 3372 17
3372 4323 4
4323 3532 10
3532 2949 9
2949 2001 11
2001 4933 7
4933 1880 12
1880 1241 6
1241 2215 3
2215 2311 17
2311 278 20
278 4775 17
4775 3392 10
3392 3658 9
3658 1473 13
1473 162 16
162 3185 15
3185 1399 2
1399 980 2
980 294 16
294 414 7
414 4083 9
4083 3939 10
3939 3020 7
3020 4515 15
4515 1931 13
1931 858 18
858 1944 11
1944 3721 6
3721 2826 5
2826 3962 18
3962 805 12
805 4302 12
4302 2736 10
2736 4926 20
4926 1636 3
1636 2078 19
2078 1346 11
1346 1950 14
1950 2790 5
2790 3617 11
3617 638 14
638 2011 18
2011 113 16
113 48 3
48 4255 11
4255 3104 10
3104 280 9
280 2770 9
2770 1630 13
1630 2087 18
2087 810 18
810 1857 8
1857 2806 1
2806 4982 12
4982 264 8
264 3121 19
3121 1759 9
1759 4224 3
4224 2661 17
2661 3044 7
3044 1539 17
1539 4276 12
4276 927 11
927 857 4
857 3224 18
3224 933 10
933 1576 8
1576 2614 20
2614 3781 12
3781 166 18
166 2853 20
2853 569 17
569 4585 15
4585 2402 16
2402 2237 19
2237 491 19
491 4627 2
4627 4421 14
4421 265 19
265 3846 20
3846 3989 11
3989 134 18
134 4621 2
4621 4389 18
4389 2500 7
2500 483 14
483 4017 9
4017 1810 13
1810 786 6
786 3038 14
3038 4274 19
4274 3360 6
3360 920 10
920 4220 13
4220 2364 17
2364 1198 10
1198 4888 19
4888 1472 14
1472 566 17
566 4740 12
4740 3452 11
3452 762 1
762 1138 17
1138 4046 19
4046 1914 15
1914 1736 14
1736 1710 7
1710 2179 13
2179 3083 5
3083 2319 1
2319 4973 2
4973 2562 8
2562 415 2
415 2725 5
2725 882 13
882 538 19
538 3613 16
3613 1231 16
1231 2295 10
2295 4363 17
4363 1594 8
1594 1746 12
1746 4724 13
4724 3991 5
3991 3496 6
3496 4341 1
4341 874 20
874 3555 15
3555 3183 1
3183 625 11
625 1091 14
1091 510 20
510 4919 6
4919 320 4
320 2530 2
2530 2106 8
2106 4288 10
4288 1813 20
1813 1941 6
1941 3774 4
3774 1928 17
1928 4127 12
4127 1803 5
1803 2590 20
2590 4830 16
4830 2983 4
2983 2193 6
2193 1192 6
1192 3278 4
3278 1808 5
1808 4628 7
4628 4459 18
4459 1635 1
1635 1796 1
1796 4245 10
4245 1781 12
1781 3662 12
3662 3932 10
3932 1126 2
1126 2210 6
2210 4860 16
4860 2347 11
2347 2629 12
2629 753 5
753 3290 9
3290 726 14
726 926 9
926 1793 12
1793 3181 18
3181 1784 10
1784 4931 16
4931 1912 16
1912 3411 3
3411 371 16
371 1790 17
1790 306 3
306 3968 1
3968 2312 5
2312 4908 14
4908 4922 4
4922 1070 1
1070 1643 12
1643 1645 16
1645 3344 14
3344 1035 11
1035 4794 11
4794 2445 7
2445 4874 15
4874 1055 17
1055 1980 4
1980 2536 8
2536 3833 4
3833 468 8
468 43 3
43 3429 14
3429 4348 10
4348 2083 18
2083 3146 11
3146 4305 16
4305 2481 11
2481 4061 3
4061 954 17
954 439 9
439 3927 12
3927 4132 6
4132 1706 4
1706 1352 16
1352 4392 12
4392 2386 3
2386 3526 14
3526 3074 19
3074 2206 19
2206 2069 11
2069 4655 8
4655 4744 2
4744 2351 15
2351 81 1
81 4031 11
4031 1648 6
1648 2156 6
2156 3025 1
3025 2071 18
2071 2472 2
2472 486 1
486 40 15
40 4765 18
4765 4660 3
4660 987 8
987 3258 4
3258 3461 6
3461 3701 19
3701 125 20
125 727 8
727 5000 20
5000 2225 20
2225 1697 1
1697 3909 16
3909 4195 19
4195 4544 7
4544 3015 16
3015 2143 5
2143 189 20
189 1903 18
1903 4596 16
4596 4654 3
4654 1093 8
1093 3465 7
3465 1227 3
1227 3595 3
3595 2909 1
2909 2663 3
2663 2582 11
2582 3868 7
3868 1724 5
1724 1951 12
1951 1600 6
1600 3292 10
3292 3222 14
3222 946 16
946 1989 17
1989 1819 14
1819 2338 2
2338 730 14
730 2183 3
2183 3604 12
3604 146 7
146 3899 1
3899 2670 20
2670 2173 3
2173 1101 17
1101 3302 10
3302 1197 19
1197 2441 14
2441 429 13
429 4004 14
4004 2829 6
2829 10 2
10 4882 18
4882 4840 4
4840 1014 7
1014 687 13
687 2822 10
2822 3983 20
3983 2367 20
2367 4013 4
4013 4249 2
4249 4483 13
4483 1148 3
1148 3321 9
3321 636 20
636 3450 6
3450 213 13
213 2240 8
2240 1415 11
1415 992 17
992 3631 16
3631 1911 5
1911 2784 6
2784 1468 3
1468 3173 2
3173 4574 2
4574 2124 19
2124 1701 11
1701 4036 1
4036 1720 3
1720 4067 20
4067 709 4
709 4430 18
4430 2649 13
2649 2771 6
2771 918 12
918 2834 1
2834 4091 8
4091 3462 18
3462 4342 20
4342 114 5
114 328 10
328 2668 17
2668 2233 7
2233 3630 8
3630 1983 13
1983 4024 14
4024 361 9
361 4184 18
4184 4524 6
4524 4338 4
4338 2060 17
2060 3402 19
3402 2903 1
2903 3190 10
3190 2597 8
2597 1652 16
1652 1715 20
1715 2648 11
2648 1487 1
1487 1366 8
1366 4758 7
4758 4551 20
4551 3118 11
3118 629 18
629 4391 11
4391 4576 18
4576 1092 5
1092 2390 10
2390 1342 19
1342 2387 15
2387 4463 16
4463 2581 19
2581 2114 13
2114 4121 10
4121 4283 1
4283 3697 13
3697 2707 1
2707 756 7
756 1900 10
1900 2094 16
2094 1655 1
1655 846 7
846 4315 12
4315 941 4
941 4040 4
4040 1481 13
1481 2493 4
2493 341 5
341 3233 4
3233 3229 13
3229 78 6
78 3691 19
3691 90 2
90 2497 3
2497 4985 4
4985 4559 8
4559 3247 4
3247 3464 5
3464 4862 1
4862 4970 15
4970 3176 10
3176 1561 20
1561 503 3
503 556 15
556 4360 2
4360 4010 9
4010 4394 1
4394 1933 1
1933 3116 18
3116 1299 5
1299 1067 18
1067 1628 10
1628 3824 6
3824 2757 13
2757 2443 10
2443 147 9
147 2142 7
2142 3437 9
3437 1822 7
1822 1827 11
1827 4582 15
4582 1177 12
1177 1358 8
1358 3320 11
3320 380 2
380 1599 19
1599 4148 17
4148 86 20
86 3262 5
3262 252 20
252 3296 12
3296 1982 4
1982 1032 7
1032 2523 7
2523 23 8
23 2022 2
2022 868 3
868 3518 12
3518 4165 11
4165 4562 5
4562 4364 19
4364 2542 15
2542 4669 14
4669 4264 18
4264 914 15
914 2888 18
2888 2924 9
2924 2559 17
2559 3923 20
3923 4822 3
4822 2352 13
2352 3283 1
3283 4032 16
4032 4016 5
4016 897 16
897 3466 9
3466 143 5
143 437 13
437 2860 5
2860 1279 6
1279 3335 2
3335 3242 12
3242 1920 9
1920 2841 16
2841 2927 14
2927 706 12
706 1337 19
1337 4883 3
4883 3666 12
3666 3681 4
3681 3629 9
3629 3693 9
3693 4990 9
4990 4949 4
4949 685 13
685 4652 12
4652 1608 12
1608 4835 10
4835 3659 6
3659 4321 11
4321 4969 15
4969 3941 10
3941 972 9
972 459 4
459 3203 16
3203 4797 5
4797 4748 4
4748 1351 16
1351 1167 9
1167 3035 13
3035 669 7
669 411 19
411 2284 4
2284 1245 17
1245 2369 13
2369 4831 4
4831 3767 8
3767 1846 11
1846 3647 19
3647 3610 19
3610 4911 17
4911 3869 3
3869 4623 19
4623 3441 7
3441 2103 7
2103 2085 15
2085 1601 19
1601 3708 13
3708 4027 7
4027 431 12
431 3554 4
3554 1902 12
1902 1624 14
1624 2593 7
2593 3794 18
3794 3377 20
3377 3963 3
3963 3125 4
3125 2437 10
2437 131 11
131 3114 17
3114 1310 13
1310 1216 3
1216 1176 4
1176 711 3
711 1323 15
1323 2313 13
2313 2572 10
2572 822 12
822 2169 4
2169 2201 18
2201 2429 9
2429 1861 17
1861 2546 6
2546 2223 1
2223 1632 10
1632 3898 13
3898 4640 15
4640 1866 9
1866 449 6
449 2154 10
2154 2785 1
2785 4955 7
4955 1709 11
1709 4282 5
4282 969 18
969 915 13
915 1651 7
1651 2580 7
2580 2110 20
2110 1938 1
1938 3205 14
3205 2675 14
2675 3162 6
3162 586 7
586 1136 15
1136 1250 6
1250 2610 9
2610 761 15
761 4021 19
4021 4638 6
4638 169 18
169 3110 19
3110 2534 7
2534 1112 12
1112 4770 15
4770 4261 7
4261 1085 20
1085 3491 15
3491 930 4
930 1894 18
1894 1076 19
1076 1251 5
1251 1800 1
1800 3223 15
3223 4030 12
4030 3255 1
3255 888 16
888 4920 20
4920 3097 9
3097 1631 5
1631 3476 4
3476 3509 1
3509 1939 1
1939 164 6
164 4641 13
4641 4042 10
4042 2409 16
2409 2843 10
2843 540 9
540 29 11
29 2517 7
2517 3425 2
3425 2746 20
2746 1309 15
1309 821 19
821 4216 18
4216 1046 11
1046 383 6
383 3155 6
3155 1750 17
1750 3625 11
3625 3685 16
3685 4279 16
4279 4048 13
4048 2325 13
2325 4876 11
4876 601 9
601 1182 4
1182 4419 5
4419 3166 11
3166 1875 6
1875 3692 9
3692 1550 11
1550 489 14
489 490 16
490 2027 19
2027 16 7
16 3309 11
3309 1181 5
1181 345 9
345 4941 7
4941 4823 7
4823 4762 10
4762 1777 9
1777 916 16
916 668 8
668 1205 13
1205 2448 2
2448 4155 15
4155 1731 13
1731 2743 6
2743 45 18
45 2108 19
2108 4879 18
4879 570 5
570 36 6
36 2293 3
2293 135 17
135 1115 12
1115 1884 1
1884 4358 20
4358 1344 17
1344 3418 4
3418 2918 20
2918 2306 13
2306 1077 14
1077 1845 7
1845 2475 14
2475 1343 19
1343 1774 17
1774 2147 15
2147 4295 18
4295 1617 8
1617 2346 13
2346 4273 3
4273 3213 20
3213 4658 7
4658 4271 13
4271 1052 6
1052 2432 7
2432 1022 5
1022 4901 14
4901 3293 14
3293 1044 5
1044 3419 4
3419 4706 18
4706 2884 12
2884 736 16
736 4636 13
4636 1896 18
1896 421 13
421 1083 3
1083 4683 7
4683 1329 7
1329 3597 18
3597 3637 5
3637 381 13
381 1145 3
1145 4432 3
4432 4393 6
4393 701 4
701 476 5
476 2774 13
2774 119 1
119 2673 4
2673 469 3
469 913 7
913 82 1
82 677 1
677 2373 15
2373 4145 20
4145 3154 2
3154 4456 17
4456 2474 9
2474 724 5
724 3052 11
3052 256 1
256 4522 16
4522 3574 3
3574 3646 20
3646 3078 19
3078 410 10
410 326 5
326 2759 18
2759 2280 9
2280 1160 13
1160 2574 3
2574 2555 5
2555 571 10
571 1672 18
1672 2652 11
2652 2256 16
2256 1639 8
1639 208 7
208 3045 12
3045 1403 20
1403 1634 4
1634 670 8
670 38 15
38 532 19
532 1327 11
1327 2556 8
2556 1139 12
1139 4999 6
4999 2783 17
2783 1465 11
1465 3152 2
3152 2466 7
2466 3029 12
3029 2980 10
2980 1540 3
1540 4177 8
4177 267 7
267 1548 5
1548 2407 3
2407 775 5
775 3911 2
3911 2662 2
2662 2005 1
2005 1999 9
1999 4548 7
4548 3364 17
3364 2768 1
2768 4635 14
4635 3609 11
3609 4531 8
4531 4373 8
4373 1814 5
1814 4805 4
4805 417 4
417 2242 4
2242 830 19
830 3848 14
3848 442 14
442 179 10
179 4482 16
4482 3000 6
3000 3081 16
3081 1644 2
1644 2659 17
2659 873 10
873 2816 17
2816 1427 16
1427 2422 17
2422 4361 18
4361 4403 20
4403 3174 1
3174 4787 10
4787 4604 10
4604 3556 11
3556 2092 4
2092 1223 9
1223 4060 20
4060 3695 8
3695 30 18
30 1592 17
1592 3365 19
3365 799 1
799 2081 12
2081 2766 8
2766 2164 15
2164 4856 8
4856 854 12
854 912 13
912 4759 9
4759 3386 12
3386 553 5
553 502 16
502 1031 19
1031 4846 15
4846 3954 6
3954 1048 15
1048 2427 8
2427 2814 6
2814 1460 15
1460 2609 12
2609 702 7
702 3852 17
3852 2535 3
2535 2288 11
2288 4408 18
4408 1876 5
1876 4309 2
4309 1929 15
1929 1209 5
1209 4270 1
4270 2175 19
2175 2167 17
2167 4631 6
4631 31 9
31 1456 13
1456 2388 14
2388 2633 2
2633 3196 16
3196 2617 4
2617 1917 19
1917 2685 8
2685 2334 6
2334 4912 19
4912 4666 17
4666 1865 2
1865 1883 9
1883 4934 7
4934 4736 19
4736 4054 2
4054 827 16
827 4112 9
4112 1858 15
1858 137 12
137 1147 10
1147 76 20
76 4731 17
4731 192 18
192 3599 14
3599 641 14
641 848 7
848 1976 20
1976 1590 18
1590 3616 18
3616 2606 5
2606 4352 9
4352 398 13
398 1680 17
1680 1493 4
1493 1020 1
1020 3567 13
3567 2055 12
2055 1385 12
1385 3232 17
3232 339 2
339 4650 3
4650 3165 20
3165 4346 16
4346 523 4
523 1118 12
1118 778 15
778 1616 1
1616 1688 6
1688 2359 11
2359 1262 4
1262 2765 11
2765 3903 6
3903 2397 5
2397 3325 5
3325 2514 5
2514 2778 15
2778 3665 16
3665 1899 11
1899 635 4
635 2185 11
2185 1024 18
1024 2512 19
2512 445 10
445 3727 20
3727 3215 16
3215 2322 7
2322 2875 8
2875 4214 18
4214 547 6
547 4068 5
4068 4729 5
4729 1611 1
1611 438 10
438 3415 11
3415 4425 11
4425 3670 7
3670 849 1
849 1382 2
1382 1745 19
1745 2602 8
2602 759 2
759 1824 19
1824 117 8
117 924 10
924 1488 18
1488 4571 20
4571 2009 13
2009 2010 16
2010 2266 18
2266 3120 7
3120 2694 9
2694 632 9
632 4793 20
4793 2738 12
2738 1762 17
1762 3621 6
3621 2252 1
2252 281 8
281 2973 12
2973 4972 9
4972 3105 9
3105 158 14
158 812 12
812 1387 8
1387 4694 9
4694 4722 20
4722 674 1
674 336 12
336 4573 1
4573 80 14
80 4626 19
4626 3249 15
3249 1869 5
1869 4448 5
4448 1739 4
1739 3828 13
3828 1004 17
1004 2719 7
2719 3825 4
3825 977 16
977 1252 19
1252 2456 17
2456 392 16
392 3562 15
3562 2554 13
2554 4007 15
4007 1907 6
1907 605 20
605 4755 4
4755 922 9
922 2792 2
2792 3534 4
3534 2772 18
2772 3593 9
3593 1585 20
1585 2211 11
2211 1290 18
1290 506 12
506 936 11
936 3106 7
3106 3874 7
3874 1114 20
1114 2287 16
2287 4238 15
4238 50 2
50 4508 3
4508 2381 20
2381 2501 20
2501 2044 19
2044 600 19
600 24 7
24 3086 1
3086 2119 13
2119 176 6
176 3442 14
3442 1782 9
1782 883 18
883 2496 18
2496 3054 10
3054 2350 8
2350 1993 5
1993 3091 3
3091 2682 20
2682 4820 2
4820 2697 3
2697 4044 12
4044 1798 12
1798 804 13
804 3200 19
3200 2134 6
2134 4325 4
4325 456 2
456 2688 2
2688 4668 6
4668 4142 4
4142 4863 19
4863 1919 1
1919 3368 8
3368 1224 16
1224 3768 11
3768 938 16
938 2424 13
2424 4520 18
4520 2905 16
2905 4930 7
4930 4129 9
4129 4405 12
4405 3757 12
3757 4084 12
4084 3380 4
3380 4130 7
4130 3796 18
3796 4854 6
4854 3234 13
3234 3347 9
3347 3040 3
3040 4819 5
4819 1610 11
1610 2851 4
2851 2061 7
2061 4817 16
4817 259 19
259 1684 19
1684 1816 8
1816 2820 9
2820 3502 4
3502 3428 10
3428 3323 13
3323 4768 7
4768 696 10
696 4712 5
4712 2045 17
2045 2876 9
2876 3602 18
3602 4645 5
4645 1763 12
1763 2101 1
2101 1515 8
1515 4074 19
4074 1301 10
1301 525 4
525 998 5
998 4718 17
4718 4287 4
4287 2730 19
2730 2896 17
2896 1708 5
1708 1965 8
1965 106 17
106 2852 1
2852 3500 8
3500 4880 13
4880 2038 10
2038 693 14
693 3836 6
3836 187 6
187 3108 3
3108 3667 2
3667 4009 1
4009 3046 16
3046 642 17
642 41 18
41 1256 20
1256 4909 17
4909 3350 3
3350 3421 15
3421 3 5
3 1841 9
1841 4062 20
4062 3860 16
3860 324 4
324 1306 11
1306 1381 20
1381 4896 14
4896 4366 9
4366 4189 10
4189 4035 1
4035 2941 13
2941 4110 17
4110 100 20
100 4072 6
4072 4516 18
4516 2987 5
2987 2551 18
2551 3028 1
3028 4689 10
4689 903 17
903 2893 11
2893 770 4
770 4653 16
4653 1815 19
1815 3655 1
3655 174 3
174 4895 19
4895 785 8
785 4533 18
4533 3990 12
3990 3295 10
3295 1349 17
1349 3730 17
3730 1714 9
1714 2503 4
2503 4615 7
4615 1010 8
1010 4996 17
4996 15 13
15 1660 11
1660 2658 18
2658 109 7
109 1286 2
1286 1363 18
1363 4356 5
4356 268 8
268 198 6
198 2624 6
2624 4441 16
4441 1369 11
1369 3624 13
3624 860 16
860 1195 20
1195 243 3
243 3371 14
3371 973 13
973 3906 14
3906 1957 12
1957 3957 16
3957 321 7
321 2279 8
2279 3778 2
3778 3589 4
3589 546 12
546 251 6
251 1511 9
1511 3826 10
3826 3734 17
3734 2915 14
2915 3663 16
3663 947 12
947 2728 7
2728 1606 18
1606 2579 14
2579 4137 18
4137 2401 10
2401 2074 6
2074 1230 19
1230 47 1
47 4152 18
4152 504 8
504 4168 5
4168 1008 17
1008 3960 18
3960 3230 18
3230 1368 2
1368 3986 9
3986 4252 14
4252 3117 6
3117 4842 4
4842 3498 8
3498 2 20
2 3354 1
3354 4125 20
4125 3952 5
3952 722 2
722 1135 15
1135 1425 15
1425 2953 12
2953 3158 12
3158 3660 20
3660 2243 3
2243 2769 12
2769 1303 7
1303 660 6
660 1788 13
1788 3280 5
3280 2282 15
2282 2708 12
2708 3363 17
3363 1018 14
1018 356 20
356 359 14
359 4869 9
4869 3645 20
3645 3913 4
3913 1649 1
1649 4503 8
4503 366 12
366 4785 13
4785 1302 20
1302 3042 6
3042 1653 13
1653 1436 10
1436 317 18
317 3031 9
3031 4103 19
4103 1291 11
1291 3521 12
3521 3822 2
3822 4498 11
4498 3866 9
3866 2245 18
2245 3900 19
3900 3055 19
3055 2361 12
2361 3505 13
3505 4492 7
4492 1587 7
1587 4742 7
4742 3366 16
3366 1016 19
1016 1367 5
1367 2521 15
2521 1568 10
1568 2608 15
2608 1549 12
1549 178 15
178 1040 2
1040 1276 12
1276 3431 1
3431 4020 8
4020 1986 3
1986 2377 13
2377 3131 11
3131 337 5
337 427 2
427 899 12
899 4905 15
4905 3834 4
3834 3814 1
3814 925 20
925 4917 14
4917 4417 12
4417 1400 4
1400 2585 10
2585 3519 13
3519 1090 17
1090 2678 16
2678 4680 2
4680 2660 4
2660 793 17
793 2360 10
2360 2526 4
2526 4966 19
4966 644 19
644 2978 8
2978 1099 11
1099 2095 12
2095 2366 17
2366 3103 1
3103 1421 10
1421 4591 15
4591 884 20
884 4307 15
4307 2510 3
2510 1695 6
1695 937 2
937 292 10
292 1863 2
1863 2613 1
2613 2471 6
2471 319 16
319 2665 1
2665 4523 12
4523 498 19
498 1271 4
1271 2776 17
2776 4166 14
4166 2604 20
2604 4784 4
4784 159 8
159 4903 4
4903 3023 6
3023 1463 12
1463 4306 20
4306 2711 12
2711 2529 9
2529 1191 2
1191 229 5
229 4561 14
4561 3357 5
3357 3877 15
3877 389 16
389 2650 19
2650 2553 15
2553 314 12
314 1922 7
1922 1 15
1 37 1
37 3345 16
3345 1620 13
1620 2488 9
2488 2442 14
2442 4461 3
4461 2082 6
2082 1188 11
1188 4661 20
4661 3129 14
3129 2308 20
2308 4409 5
4409 745 13
745 200 20
200 4286 20
4286 552 2
552 3312 4
3312 2677 16
2677 955 1
955 4870 9
4870 1196 1
1196 2691 8
2691 3544 10
3544 3480 1
3480 4000 3
4000 833 19
833 3384 17
3384 2000 15
2000 2936 8
2936 3711 4
3711 6 4
6 1991 1
1991 4115 15
4115 3652 11
3652 564 12
564 1573 1
1573 3545 9
3545 2363 13
2363 1440 3
1440 2828 7
2828 1345 16
1345 2036 18
2036 3385 18
3385 855 16
855 3810 4
3810 2695 14
2695 1614 8
1614 767 20
767 4300 1
4300 990 10
990 2294 17
2294 222 4
222 2315 19
2315 515 17
515 3575 1
3575 4519 8
4519 4659 10
4659 2922 20
2922 2187 15
2187 3300 13
3300 2709 11
2709 1772 7
1772 2182 5
2182 2805 4
2805 455 1
455 1414 9
1414 3878 2
3878 1395 19
1395 3642 2
3642 964 11
964 51 8
51 647 19
647 452 3
452 776 19
776 3140 1
3140 4821 5
4821 4215 15
4215 1028 2
1028 3789 6
3789 1527 17
1527 4469 17
4469 563 8
563 2696 10
2696 959 10
959 150 16
150 472 11
472 66 13
66 2029 14
2029 1222 18
1222 3266 16
3266 2207 18
2207 896 3
896 728 1
728 2324 6
2324 3257 15
3257 11 11
11 3988 14
3988 4602 16
4602 277 19
277 1967 3
1967 3259 14
3259 1389 15
1389 4963 8
4963 3779 9
3779 3451 10
3451 1996 4
1996 2205 1
2205 2527 11
2527 2971 10
2971 4752 2
4752 4141 18
4141 4335 13
4335 1658 15
1658 4372 1
4372 928 14
928 1239 14
1239 1729 19
1729 777 17
777 3093 3
3093 3827 10
3827 132 7
132 1102 3
1102 1921 17
1921 2726 20
2726 4428 20
4428 1121 11
1121 195 19
195 1623 6
1623 2144 20
2144 1674 9
1674 4012 7
4012 1791 4
1791 3324 3
3324 2976 11
2976 4714 11
4714 908 18
908 4838 11
4838 1586 15
1586 1186 18
1186 203 7
203 2303 3
2303 258 1
258 4609 2
4609 2767 8
2767 2576 11
2576 3584 13
3584 3996 18
3996 397 17
397 1693 4
1693 1069 4
1069 124 10
124 2621 8
2621 597 3
597 286 12
286 4878 19
4878 1146 1
1146 3508 7
3508 334 7
334 2830 3
2830 1513 1
1513 4200 3
4200 3920 6
3920 4995 4
4995 686 15
686 1591 9
1591 3851 7
3851 3390 19
3390 3273 5
3273 1730 7
1730 4852 1
4852 4960 4
4960 3844 12
3844 4374 12
4374 1001 5
1001 769 20
769 3902 2
3902 3351 6
3351 2168 5
2168 2034 2
2034 1553 4
1553 210 2
210 2269 15
2269 4202 12
4202 3195 14
3195 3071 10
3071 1113 10
1113 115 7
115 2758 13
2758 700 20
700 1043 11
1043 3946 12
3946 4679 18
4679 2487 15
2487 59 20
59 4096 13
4096 4802 5
4802 4204 14
4204 3409 10
3409 3881 19
3881 2891 10
2891 4674 10
4674 4144 13
4144 2188 14
2188 2839 12
2839 3254 9
3254 1407 14
1407 3504 2
3504 3063 8
3063 2793 20
2793 4435 10
4435 3100 15
3100 705 18
705 4026 10
4026 996 13
996 3758 4
3758 2062 17
2062 87 3
87 2812 18
2812 1161 5
1161 3623 4
3623 3135 8
3135 3619 3
3619 295 12
295 4111 18
4111 614 12
614 1162 11
1162 4206 8
4206 399 20
399 579 19
579 1955 2
1955 62 4
62 2926 17
2926 4629 18
4629 3434 18
3434 4415 14
4415 1221 10
1221 1531 2
1531 1848 9
1848 2398 13
2398 3743 10
3743 4257 2
4257 4233 18
4233 4355 11
4355 2569 19
2569 1681 16
1681 4147 18
4147 577 20
577 373 7
373 3644 5
3644 1936 1
1936 136 9
136 2297 17
2297 3009 12
3009 1478 5
1478 2982 18
2982 1831 14
1831 3765 14
3765 3479 7
3479 4140 17
4140 4457 17
4457 4662 8
4662 120 15
120 1475 9
1475 69 13
69 3248 18
3248 451 11
451 2299 7
2299 3723 8
3723 3275 16
3275 3440 11
3440 3226 20
3226 1536 4
1536 458 13
458 2761 10
2761 401 6
401 2028 16
2028 2339 17
2339 975 13
975 4128 11
4128 44 4
44 592 8
592 2564 9
2564 2946 9
2946 3756 1
3756 25 16
25 1849 6
1849 4579 1
4579 3870 15
3870 1215 2
1215 3998 4
3998 4109 16
4109 4034 11
4034 2801 11
2801 3157 18
3157 4956 6
4956 3170 18
3170 2277 5
2277 2702 20
2702 4241 13
4241 588 3
588 2272 14
2272 4857 8
4857 4834 15
4834 3605 17
3605 2285 20
2285 4339 10
4339 1930 13
1930 2656 8
2656 4180 7
4180 905 4
905 1689 5
1689 1011 8
1011 725 4
725 4170 5
4170 103 5
103 2847 1
2847 4194 1
4194 4053 16
4053 3353 12
3353 3598 14
3598 2568 18
2568 4464 12
4464 3334 12
3334 2434 11
2434 4 20
4 673 15
673 3543 4
3543 4208 8
4208 3565 3
3565 4837 13
4837 783 11
783 2199 5
2199 221 14
221 911 16
911 3043 13
3043 1397 5
1397 2104 19
2104 3654 18
3654 1141 5
1141 801 8
801 2385 1
2385 4526 19
4526 1947 19
1947 1064 16
1064 4298 12
4298 1541 6
1541 3393 13
3393 738 4
738 3749 12
3749 2469 5
2469 1971 18
1971 1078 17
1078 4347 16
4347 4234 3
4234 142 12
142 1901 14
1901 3171 8
3171 2117 14
2117 1274 6
1274 3944 19
3944 4280 14
4280 2231 2
2231 3573 15
3573 1305 10
1305 3871 14
3871 182 12
182 1886 2
1886 3289 5
3289 56 3
56 2146 5
2146 1794 3
1794 2178 8
2178 70 13
70 3231 14
3231 2887 10
2887 2899 15
2899 4642 15
4642 2894 18
2894 2229 15
2229 713 19
713 4146 16
4146 2400 6
2400 4987 9
4987 4617 10
4617 190 16
190 2910 12
2910 4595 2
4595 1036 8
1036 2796 1
2796 1795 20
1795 3130 5
3130 512 18
512 4945 12
4945 3948 15
3948 3414 11
3414 1512 11
1512 4198 5
4198 1075 4
1075 4327 9
4327 819 6
819 1435 3
1435 3492 10
3492 3432 9
3432 3750 6
3750 4558 16
4558 2502 11
2502 3207 8
3207 1722 18
1722 1554 1
1554 3076 15
3076 1335 18
1335 957 12
957 2689 19
2689 802 3
802 4197 4
4197 1151 12
1151 2870 10
2870 4210 17
4210 3563 8
3563 1405 17
1405 3427 11
3427 209 7
209 4045 13
4045 1081 6
1081 3182 13
3182 2964 19
2964 1844 3
1844 1529 20
1529 3287 8
3287 3847 16
3847 2059 9
2059 1328 1
1328 2494 11
2494 94 9
94 480 7
480 377 14
377 2371 16
2371 407 12
407 1474 18
1474 3084 17
3084 1737 10
1737 4566 14
4566 4267 5
4267 4104 20
4104 4534 12
4534 3717 13
3717 4948 9
4948 1214 18
1214 1956 1
1956 4332 17
4332 4799 1
4799 161 2
161 175 8
175 3136 9
3136 798 9
798 3992 4
3992 3194 11
3194 909 16
909 602 20
602 1455 12
1455 116 6
116 2091 10
2091 4179 1
4179 2588 19
2588 42 10
42 3089 10
3089 245 1
245 185 5
185 2944 18
2944 2818 17
2818 3766 20
3766 3246 15
3246 3228 18
3228 1958 8
1958 4176 14
4176 3872 1
3872 323 13
323 4625 5
4625 3733 14
3733 4569 3
4569 4771 17
4771 290 13
290 1045 13
1045 1953 14
1953 450 6
450 3716 4
3716 1278 17
1278 3614 8
3614 2713 14
2713 1954 17
1954 1377 3
1377 4312 9
4312 4209 20
4209 1108 3
1108 788 9
788 1384 20
1384 3956 4
3956 3399 14
3399 974 6
974 1946 13
1946 1727 7
1727 1454 18
1454 3005 18
3005 4663 2
4663 618 8
618 1257 20
1257 1445 8
1445 565 5
565 3499 13
3499 887 14
887 755 2
755 2856 2
2856 1566 12
1566 679 6
679 236 16
236 4124 12
4124 950 8
950 4568 20
4568 1633 5
1633 1142 19
1142 1500 9
1500 2326 13
2326 3398 11
3398 3327 6
3327 1332 1
1332 27 16
27 4277 6
4277 4750 13
4750 4263 5
4263 467 14
467 1292 4
1292 171 18
171 1703 13
1703 1240 11
1240 859 18
859 3126 17
3126 4491 12
4491 1362 9
1362 2084 5
2084 612 3
612 4019 3
4019 344 20
344 1492 19
1492 2636 5
2636 440 2
440 1753 1
1753 856 19
856 3073 18
3073 3842 12
3842 1578 18
1578 2267 9
2267 4507 9
4507 1910 14
1910 318 2
318 3285 17
3285 1969 11
1969 3979 10
3979 477 13
477 4893 20
4893 4284 8
4284 545 5
545 1984 3
1984 3160 5
3160 2459 20
2459 102 15
102 3477 13
3477 923 15
923 3718 2
3718 3838 17
3838 639 2
639 3405 18
3405 2962 18
2962 2577 20
2577 4308 5
4308 3885 15
3885 1449 17
1449 2202 5
2202 2519 16
2519 2495 5
2495 3412 16
3412 3801 3
3801 4005 19
4005 560 14
560 619 11
619 1029 6
1029 3978 17
3978 952 8
952 2238 18
2238 991 14
991 2706 17
2706 3896 2
3896 2810 3
2810 1229 4
1229 2222 6
2222 3937 9
3937 168 20
168 710 15
710 2882 6
2882 1438 3
1438 3713 6
3713 4477 5
4477 2932 20
2932 1402 6
1402 581 8
581 1979 3
1979 4023 11
4023 628 7
628 1507 2
1507 2131 15
2131 2840 15
2840 3706 14
3706 4229 14
4229 1470 5
1470 539 3
539 646 7
646 1851 12
1851 2878 18
2878 2798 16
2798 1006 3
1006 1757 3
1757 4560 5
4560 3430 13
3430 549 8
549 717 17
717 2033 11
2033 2669 10
2669 1424 7
1424 4598 10
4598 2979 14
2979 984 10
984 2317 1
2317 3486 4
3486 962 18
962 1480 10
1480 4099 1
4099 543 17
543 293 5
293 1336 4
1336 107 7
107 4123 16
4123 3032 15
3032 598 9
598 2463 20
2463 4442 6
4442 3858 11
3858 3252 19
3252 3113 3
3113 2850 12
2850 814 15
814 4089 17
4089 2885 11
2885 4537 7
4537 2533 9
2533 2194 2
2194 322 6
322 1314 6
1314 2589 11
2589 929 6
929 2795 10
2795 1934 20
1934 4073 4
4073 4398 9
4398 3696 9
3696 2100 3
2100 3763 19
3763 695 4
695 2948 12
2948 1338 13
1338 4673 10
4673 870 12
870 2172 19
2172 3953 11
3953 3413 19
3413 2511 14
2511 340 13
340 1100 9
1100 3735 15
3735 3237 8
3237 3002 7
3002 4219 16
4219 845 11
845 3517 11
3517 4868 3
4868 98 6
98 3514 10
3514 4688 17
4688 4376 16
4376 4367 2
4367 2777 15
2777 1187 7
1187 3935 6
3935 433 7
433 2906 8
2906 3893 14
3893 3141 13
3141 1268 16
1268 3785 4
3785 2376 14
2376 4971 15
4971 1748 11
1748 3017 18
3017 426 18
426 2505 19
2505 891 7
891 568 13
568 580 13
580 960 5
960 4684 9
4684 1355 9
1355 1074 3
1074 2160 1
2160 1677 7
1677 4390 20
4390 4553 3
4553 154 1
154 3235 8
3235 953 1
953 1201 19
1201 4800 4
4800 4101 20
4101 994 1
994 2651 13
2651 1659 14
1659 1942 4
1942 4160 10
4160 4396 16
4396 3949 3
3949 3326 6
3326 348 1
348 3379 12
3379 2253 1
2253 863 2
863 4809 1
4809 765 1
765 2018 9
2018 4675 3
4675 223 13
223 1009 18
1009 250 4
250 1457 13
1457 4811 2
4811 4580 5
4580 1665 18
1665 1340 20
1340 688 16
688 2524 12
2524 4400 18
4400 253 18
253 3792 1
3792 681 14
681 2302 1
2302 382 17
382 1175 15
1175 3189 16
3189 329 16
329 207 19
207 4470 19
4470 3193 13
3193 444 18
444 3839 13
3839 2525 14
2525 4747 1
4747 1208 4
1208 1974 8
1974 2881 5
2881 485 12
485 4865 5
4865 3687 14
3687 1725 1
1725 255 4
255 4757 20
4757 4570 11
4570 4565 4
4565 2259 6
2259 2897 6
2897 1840 3
1840 1924 14
1924 4149 13
4149 499 10
499 3738 2
3738 2019 11
2019 3003 10
3003 3675 14
3675 4222 7
4222 2802 6
2802 413 8
413 1732 16
1732 133 20
133 4783 13
4783 1717 15
1717 2863 12
2863 4612 17
4612 966 4
966 3265 2
3265 3033 15
3033 4780 2
4780 1049 8
1049 2742 2
2742 4952 8
4952 3240 20
3240 2789 11
2789 2097 1
2097 4959 7
4959 551 6
551 96 7
96 942 4
942 2002 7
2002 1807 9
1807 3891 7
3891 4025 3
4025 1596 9
1596 3024 7
3024 4082 18
4082 4925 15
4925 3241 6
3241 4039 18
4039 2041 6
2041 712 11
712 3484 9
3484 4438 12
4438 1760 19
1760 760 13
760 3313 10
3313 4191 9
4191 3714 11
3714 248 12
248 1686 10
1686 4183 5
4183 492 4
492 4429 8
4429 3548 17
3548 4825 11
4825 2064 18
2064 2718 13
2718 622 5
622 3607 15
3607 2619 15
2619 2197 8
2197 2541 9
2541 4588 7
4588 864 11
864 1248 13
1248 2112 1
2112 2072 14
2072 1354 11
1354 2892 15
2892 1915 4
1915 64 3
64 4443 19
4443 355 8
355 1893 3
1893 2278 1
2278 4946 15
4946 3307 5
3307 2912 4
2912 813 20
813 3348 18
3348 1878 7
1878 2462 6
2462 4237 5
4237 2984 16
2984 1581 3
1581 4672 11
4672 310 12
310 2974 7
2974 238 18
238 3541 3
3541 2370 4
2370 2866 20
2866 2844 16
2844 4087 14
4087 4297 18
4297 55 17
55 1692 12
1692 3433 4
3433 153 14
153 254 10
254 1476 1
1476 2963 15
2963 234 4
234 3137 1
3137 4047 12
4047 3056 2
3056 3961 20
3961 3823 2
3823 4670 7
4670 3649 19
3649 1116 9
1116 1574 5
1574 795 12
795 3694 4
3694 4291 10
4291 487 15
487 1666 6
1666 1308 1
1308 2478 6
2478 4550 4
4550 3673 19
3673 3752 5
3752 2327 14
2327 4589 8
4589 4904 10
4904 2270 3
2270 792 9
792 1124 20
1124 3955 20
3955 4887 15
4887 3238 3
3238 4059 17
4059 3805 4
3805 800 14
800 3737 18
3737 2786 15
2786 3473 9
3473 1410 9
1410 2861 16
2861 1773 13
1773 932 20
932 4243 19
4243 1960 9
1960 53 1
53 4954 9
4954 1128 4
1128 1978 15
1978 4066 11
4066 26 1
26 1037 12
1037 4171 11
4171 351 17
351 919 11
919 1166 11
1166 3571 15
3571 993 17
993 4705 4
4705 4733 1
4733 3958 16
3958 2435 5
2435 1510 4
1510 3340 13
3340 1551 4
1551 3075 17
3075 995 5
995 4647 10
4647 357 7
357 3520 18
3520 289 11
289 720 16
720 4058 17
4058 2105 3
2105 369 6
369 2988 2
2988 1916 17
1916 3501 11
3501 2683 11
2683 4964 14
4964 4445 6
4445 2090 7
2090 2969 18
2969 4815 17
4815 1998 6
1998 771 1
771 3169 19
3169 3446 11
3446 1320 9
1320 707 19
707 1243 5
1243 1829 12
1829 939 19
939 768 4
768 9 12
9 497 20
497 2714 2
2714 4836 13
4836 4230 20
4230 735 5
735 1482 8
1482 4493 15
4493 1450 9
1450 603 12
603 4247 17
4247 2145 16
2145 4545 8
4545 837 6
837 3577 14
3577 2362 8
2362 3218 17
3218 3328 15
3328 3850 4
3850 34 18
34 1641 5
1641 836 6
836 604 4
604 3840 15
3840 2329 14
2329 3342 7
3342 2824 16
2824 4890 8
4890 4847 6
4847 3809 8
3809 2218 20
2218 519 7
519 3331 12
3331 3641 7
3641 1437 9
1437 1669 10
1669 2782 5
2782 1155 16
1155 4359 18
4359 2583 18
2583 1263 3
1263 2539 12
2539 1906 7
1906 4331 3
4331 4704 12
4704 4575 13
4575 435 13
435 4038 19
4038 1776 16
1776 4440 9
4440 4326 7
4326 1683 5
1683 739 8
739 4135 3
4135 2545 20
2545 904 10
904 4186 20
4186 1364 3
1364 1082 6
1082 3843 6
3843 3690 13
3690 576 20
576 578 8
578 3111 16
3111 790 11
790 4961 10
4961 2923 9
2923 2281 10
2281 4983 4
4983 4807 4
4807 1530 4
1530 689 12
689 1741 19
1741 2040 6
2040 1943 13
1943 4211 3
4211 3831 6
3831 4719 19
4719 1656 6
1656 1003 2
1003 2251 12
2251 2992 3
2992 4839 7
4839 220 17
220 3134 8
3134 2929 8
2929 1612 7
1612 862 10
862 422 9
422 1383 15
1383 1797 10
1797 4657 17
4657 346 1
346 878 13
878 934 2
934 4766 16
4766 1168 8
1168 4967 13
4967 3951 2
3951 2332 2
2332 3993 14
3993 527 11
527 3483 12
3483 1524 8
1524 797 15
797 3638 11
3638 4251 9
4251 4832 16
4832 4509 12
4509 2538 8
2538 4162 11
4162 4702 1
4702 2417 1
2417 931 12
931 3010 1
3010 3161 19
3161 4554 11
4554 4365 19
4365 536 12
536 4465 12
4465 2291 6
2291 1545 11
1545 3643 18
3643 3014 19
3014 2007 5
2007 3819 6
3819 3528 15
3528 1712 6
1712 697 7
697 4656 10
4656 4278 9
4278 3220 7
3220 861 1
861 1749 11
1749 892 6
892 4997 2
4997 3060 16
3060 4907 11
4907 517 20
517 52 7
52 1359 5
1359 2499 11
2499 1828 17
1828 3225 7
3225 1667 15
1667 495 10
495 4330 16
4330 2486 1
2486 4156 2
4156 4552 12
4552 4395 15
4395 3286 13
3286 4217 14
4217 3633 18
3633 4304 3
4304 3408 8
3408 1157 2
1157 537 4
537 4681 8
4681 2967 5
2967 3197 16
3197 879 3
879 2109 18
2109 2305 1
2305 4691 8
4691 1506 14
1506 518 19
518 3468 12
3468 4223 6
4223 385 10
385 880 3
880 4169 17
4169 898 3
898 3914 20
3914 1823 9
1823 675 13
675 4527 10
4527 1615 8
1615 1428 19
1428 2159 6
2159 3603 19
3603 1247 8
1247 2470 6
2470 3710 15
3710 3905 8
3905 3291 14
3291 1552 11
1552 1820 9
1820 4205 15
4205 554 3
554 3096 19
3096 2832 19
2832 2449 2
2449 3910 8
3910 3560 8
3560 3099 8
3099 4076 14
4076 4447 19
4447 1558 20
1558 3395 17
3395 140 5
140 2050 6
2050 3775 3
3775 3590 14
3590 471 2
471 1017 13
1017 375 2
375 3374 19
3374 155 14
155 4511 17
4511 3776 15
3776 4677 13
4677 2712 17
2712 1579 15
1579 1721 13
1721 2680 15
2680 3210 19
3210 574 4
574 3304 5
3304 1926 17
1926 650 3
650 2692 20
2692 621 10
621 4159 12
4159 4314 11
4314 2717 7
2717 2571 5
2571 3420 19
3420 1030 14
1030 1499 11
1499 2990 7
2990 4841 17
4841 4402 9
4402 3882 13
3882 4943 13
4943 4700 1
4700 3209 12
3209 4431 12
4431 1964 8
1964 2431 17
2431 4622 8
4622 3087 2
3087 2981 7
2981 2333 14
2333 484 10
484 2025 10
2025 4651 20
4651 1877 4
1877 2528 14
2528 1316 18
1316 349 7
349 2365 6
2365 193 7
193 1768 11
1768 1682 19
1682 1850 11
1850 1870 17
1870 1847 4
1847 1373 7
1373 1818 3
1818 1985 16
1985 4916 5
4916 1503 17
1503 3310 2
3310 3880 13
3880 2396 13
2396 3387 4
3387 893 20
893 658 2
658 493 12
493 2930 11
2930 4891 9
4891 4450 17
4450 272 4
272 3394 7
3394 2286 11
2286 1516 2
1516 4980 14
4980 4479 7
4479 3884 2
3884 97 20
97 1562 13
1562 729 19
729 3936 10
3936 3346 16
3346 3250 18
3250 3416 18
3416 4227 13
4227 3672 19
3672 2573 3
2573 4932 19
4932 1650 15
1650 2760 17
2760 818 12
818 2586 5
2586 3566 8
3566 4915 3
4915 4172 19
4172 4998 11
4998 4773 14
4773 390 14
390 1580 2
1580 562 20
562 2857 13
2857 4769 11
4769 3689 7
3689 4500 14
4500 4828 1
4828 1193 9
1193 3811 15
3811 3995 2
3995 2467 9
2467 2715 13
2715 183 2
183 2020 8
2020 748 11
748 3632 1
3632 84 7
84 2638 11
2638 4468 17
4468 4939 18
4939 108 17
108 3212 18
3212 4497 4
4497 1180 8
1180 3349 7
3349 3976 18
3976 4120 4
4120 2127 17
2127 791 18
791 2867 12
2867 4086 15
4086 3274 6
3274 233 16
233 473 4
473 4806 19
4806 1054 10
1054 988 10
988 284 15
284 3147 9
3147 478 8
478 2075 20
2075 3815 12
3815 1109 14
1109 1809 3
1809 651 8
651 3109 3
3109 3082 2
3082 2292 15
2292 3355 19
3355 4334 2
4334 4798 7
4798 3298 5
3298 2089 6
2089 4767 19
4767 1502 3
1502 4542 18
4542 4843 4
4843 4698 7
4698 3974 9
3974 1132 8
1132 2309 14
2309 4411 9
4411 160 20
160 2498 16
2498 4080 13
4080 1097 9
1097 1439 17
1439 843 13
843 4501 11
4501 4789 10
4789 4467 16
4467 4029 2
4029 741 13
741 1171 12
1171 4272 20
4272 2547 20
2547 2854 18
2854 4260 19
4260 1341 2
1341 3724 19
3724 2833 8
2833 3722 2
3722 2817 3
2817 2165 5
2165 4711 20
4711 627 12
627 1120 8
1120 1567 3
1567 1577 5
1577 1137 17
1137 3912 16
3912 309 7
309 1804 4
1804 3180 15
3180 1311 9
1311 1698 5
1698 21 16
21 2747 9
2747 1694 10
1694 3456 15
3456 2750 10
2750 2565 5
2565 2348 5
2348 4703 1
4703 666 15
666 127 5
127 4979 6
4979 1158 2
1158 2666 17
2666 3533 9
3533 2234 16
2234 77 14
77 1444 8
1444 3857 6
3857 1183 11
1183 2228 10
2228 2204 13
2204 2645 8
2645 416 11
416 2721 18
2721 63 1
63 481 20
481 3095 17
3095 744 14
744 2874 5
2874 2864 3
2864 4201 11
4201 4383 2
4383 3648 11
3648 2464 8
2464 3370 7
3370 1430 4
1430 865 3
865 2552 1
2552 378 5
378 1152 10
1152 2504 1
2504 1409 14
1409 2088 2
2088 2907 19
2907 22 18
22 2735 14
2735 620 3
620 3698 4
3698 692 19
692 1905 15
1905 3788 19
3788 3601 6
3601 3887 14
3887 4754 5
4754 1897 18
1897 2380 9
2380 824 17
824 3964 16
3964 907 3
907 2235 6
2235 631 15
631 1538 9
1538 806 4
806 1604 16
1604 1945 14
1945 1571 14
1571 4116 11
4116 2118 4
2118 2479 15
2479 2811 17
2811 4872 20
4872 4599 1
4599 4962 19
4962 184 2
184 1026 1
1026 2031 18
2031 112 15
112 2016 2
2016 1923 15
1923 2446 14
2446 4489 13
4489 2635 10
2635 3455 17
3455 1333 5
1333 3540 7
3540 4213 4
4213 2587 6
2587 1431 12
1431 1838 15
1838 2996 14
2996 3004 2
3004 1203 4
1203 652 4
652 3403 18
3403 881 4
881 2189 11
2189 3535 11
3535 1509 8
1509 2623 5
2623 2056 16
2056 4100 9
4100 2845 17
2845 4906 13
4906 3856 5
3856 4685 15
4685 3626 13
3626 3494 7
3494 1459 19
1459 4340 2
4340 2653 7
2653 2450 9
2450 3550 14
3550 211 7
211 509 13
509 1626 10
1626 2296 8
2296 4423 4
4423 3457 12
3457 1557 7
1557 230 6
230 2612 1
2612 1607 18
1607 3549 13
3549 2704 9
2704 4094 14
4094 885 17
885 3762 2
3762 2120 1
2120 4581 1
4581 405 19
405 772 14
772 406 14
406 235 12
235 4299 5
4299 3594 16
3594 2122 8
2122 3873 8
3873 3019 13
3019 825 3
825 2328 15
2328 3417 18
3417 3422 20
3422 834 13
834 1613 6
1613 4965 15
4965 3067 8
3067 3506 18
3506 1038 5
1038 4918 17
4918 1144 10
1144 1153 10
1153 2489 17
2489 1200 10
1200 4639 14
4639 3726 2
3726 3634 3
3634 2855 11
2855 4687 15
4687 3512 5
3512 3401 14
3401 1769 17
1769 662 14
662 582 12
582 3977 4
3977 3184 18
3184 1521 2
1521 4935 3
4935 1452 3
1452 12 11
12 2643 8
2643 4322 13
4322 3586 12
3586 1106 7
1106 1370 20
1370 4240 12
4240 60 16
60 820 19
820 4884 11
4884 1508 19
1508 2849 3
2849 2637 11
2637 1565 2
1565 3725 4
3725 1319 19
1319 2634 13
2634 1034 9
1034 3069 6
3069 676 16
676 2628 5
2628 1392 16
1392 1129 11
1129 4446 12
4446 522 10
522 2273 9
2273 982 2
982 530 9
530 613 20
613 3875 19
3875 3572 7
3572 4480 1
4480 227 12
227 3700 5
3700 4424 10
4424 1117 3
1117 4914 6
4914 1602 9
1602 4158 13
4158 1532 20
1532 2880 11
2880 2681 7
2681 1547 16
1547 121 17
121 4849 1
4849 2014 5
2014 1593 18
1593 4460 5
4460 2961 18
2961 4051 3
4051 4525 6
4525 4065 14
4065 505 3
505 2473 3
2473 4385 20
4385 2733 20
2733 3007 15
3007 4709 7
4709 3720 14
3720 1398 10
1398 1834 10
1834 1609 3
1609 1997 8
1997 331 2
331 1830 4
1830 2482 12
2482 1451 17
1451 2921 15
2921 754 7
754 3436 10
3436 2570 17
2570 2622 6
2622 2395 12
2395 1062 4
1062 3239 20
3239 1300 20
1300 2135 1
2135 3303 2
3303 2451 17
2451 1143 4
1143 2263 10
2263 1962 16
1962 3211 18
3211 4131 6
4131 3315 5
3315 463 3
463 3699 4
3699 2567 9
2567 3244 4
3244 3199 1
3199 3333 3
3333 3782 9
3782 352 1
352 3470 1
3470 4646 3
4646 4163 4
4163 165 5
165 507 10
507 1723 13
1723 1584 17
1584 752 2
752 395 15
395 2155 14
2155 2754 7
2754 4079 2
4079 2700 5
2700 400 13
400 2995 2
2995 4989 16
4989 2952 14
2952 1811 15
1811 287 17
287 2052 8
2052 2250 18
2250 35 15
35 764 15
764 737 14
737 956 3
956 1056 18
1056 4070 15
4070 482 13
482 2121 19
2121 3049 11
3049 4772 5
4772 1331 15
1331 4232 11
4232 4734 16
4734 4426 13
4426 1130 18
1130 4143 6
4143 3443 9
3443 4993 1
4993 1892 5
1892 3391 10
3391 2641 1
2641 4563 7
4563 4228 18
4228 2260 9
2260 4513 9
4513 944 1
944 2698 7
2698 2900 9
2900 2149 14
2149 4484 3
4484 4449 8
4449 4056 20
4056 4597 16
4597 177 8
177 3557 2
3557 85 18
85 432 4
432 2827 5
2827 1801 20
1801 4648 3
4648 1756 20
1756 1940 11
1940 4254 5
4254 4818 10
4818 3558 15
3558 1295 11
1295 648 7
648 1542 12
1542 4530 13
4530 1707 3
1707 948 15
948 3191 9
3191 244 12
244 3917 18
3917 649 8
649 1365 14
1365 2794 14
2794 2046 20
2046 2558 20
2558 4496 14
4496 4250 8
4250 3744 14
3744 4808 20
4808 4978 8
4978 4853 10
4853 4947 13
4947 4727 3
4727 733 1
733 1394 12
1394 4329 7
4329 3651 17
3651 3261 5
3261 4710 14
4710 3277 5
3277 4735 1
4735 3729 11
3729 3208 17
3208 316 3
316 2461 8
2461 4387 17
4387 1002 5
1002 3678 1
3678 3271 7
3271 488 11
488 803 19
803 2170 13
2170 1959 10
1959 2674 8
2674 4929 8
4929 3513 7
3513 1775 16
1775 4695 4
4695 49 2
49 3490 12
3490 3608 2
3608 2960 12
2960 2394 12
2394 1179 1
1179 1007 5
1007 2066 20
2066 839 13
839 1597 10
1597 2994 18
2994 4382 20
4382 448 18
448 1133 14
1133 2136 2
2136 2919 18
2919 1891 19
1891 4951 15
4951 1149 3
1149 889 16
889 3279 7
3279 3270 17
3270 4071 4
4071 3679 15
3679 3883 2
3883 2744 10
2744 404 18
404 1862 16
1862 1629 11
1629 1442 10
1442 4412 12
4412 4028 9
4028 2342 4
2342 242 9
242 4539 20
4539 2452 11
2452 3047 9
3047 1104 16
1104 1282 8
1282 4696 20
4696 2391 5
2391 1202 3
1202 2492 15
2492 1564 13
1564 4319 1
4319 1184 3
1184 2026 8
2026 3933 1
3933 3919 14
3919 2221 13
2221 3343 15
3343 2655 2
2655 4057 5
4057 606 4
606 2945 4
2945 3707 10
3707 3627 8
3627 2152 17
2152 3832 6
3832 3876 12
3876 2958 2
2958 3022 8
3022 2908 3
2908 4161 10
4161 1779 6
1779 4858 20
4858 1975 4
1975 2679 4
2679 443 1
443 3753 13
3753 2800 14
2800 2869 8
2869 617 6
617 1068 3
1068 2749 20
2749 4475 10
4475 3777 12
3777 3088 20
3088 3639 17
3639 3821 7
3821 1747 8
1747 2128 16
2128 4813 10
4813 3865 13
3865 2186 13
2186 434 6
434 419 7
419 1466 6
1466 3803 7
3803 1228 19
1228 1668 19
1668 3396 10
3396 1211 14
1211 1563 6
1563 1691 16
1691 3206 10
3206 1386 9
1386 149 15
149 1233 4
1233 1817 12
1817 3481 18
3481 3124 10
3124 1225 12
1225 1895 13
1895 4078 2
4078 1988 3
1988 1490 8
1490 3079 17
3079 809 16
809 1751 14
1751 4337 6
4337 3439 13
3439 2399 14
2399 2477 17
2477 2913 12
2913 678 2
678 4528 20
4528 2755 13
2755 2506 20
2506 4764 11
4764 3918 13
3918 3924 6
3924 91 17
91 4607 11
4607 1374 10
1374 4458 4
4458 3397 17
3397 1391 17
1391 408 11
408 1638 7
1638 653 9
653 110 6
110 2310 12
2310 260 8
260 1514 20
1514 3449 9
3449 2690 13
2690 2301 6
2301 691 13
691 2763 12
2763 2848 5
2848 2268 2
2268 1322 12
1322 1889 5
1889 2611 10
2611 1918 2
1918 4518 12
4518 2176 12
2176 4472 14
4472 894 15
894 1582 7
1582 3127 4
3127 3150 5
3150 3591 17
3591 246 16
246 1678 14
1678 508 3
508 2032 17
2032 2557 17
2557 2842 1
2842 4633 16
4633 1406 8
1406 4316 20
4316 828 1
828 1657 17
1657 2321 16
2321 1041 14
1041 4181 10
4181 3065 13
3065 1269 2
1269 170 16
170 1764 4
1764 1755 15
1755 1572 6
1572 4587 7
4587 2865 9
2865 2102 17
2102 630 7
630 2368 2
2368 3537 17
3537 1423 20
1423 1170 8
1170 2438 14
2438 2925 16
2925 1313 2
1313 3159 18
3159 1226 20
1226 4324 11
4324 667 3
667 2177 15
2177 1165 19
1165 784 13
784 981 10
981 2241 1
2241 743 3
743 616 1
616 2584 15
2584 3751 3
3751 2940 10
2940 4910 16
4910 3132 16
3132 3469 12
3469 4873 3
4873 1605 11
1605 1471 4
1471 311 4
311 3982 14
3982 867 19
867 2716 15
2716 4318 18
4318 3090 14
3090 842 14
842 640 10
640 3760 20
3760 3406 10
3406 1426 7
1426 1293 11
1293 1766 9
1766 1111 13
1111 2021 3
2021 3780 19
3780 4725 5
4725 4886 1
4886 3929 10
3929 3123 17
3123 3748 13
3748 141 18
141 197 9
197 2548 6
2548 2599 5
2599 1131 7
1131 731 6
731 4619 12
4619 75 15
75 4018 7
4018 2184 1
2184 3454 6
3454 2998 4
2998 1190 12
1190 2889 14
2889 3709 2
3709 54 6
54 3485 8
3485 2560 9
2560 2993 19
2993 241 7
241 4583 13
4583 4064 17
4064 271 10
271 4422 9
4422 3151 14
3151 2955 6
2955 2935 16
2935 466 17
466 145 1
145 1047 6
1047 303 19
303 2421 1
2421 2989 1
2989 852 7
852 353 1
353 2902 8
2902 3201 7
3201 3467 1
3467 4616 1
4616 1089 12
1089 360 18
360 2914 9
2914 2140 15
2140 2043 13
2043 2671 16
2671 2274 16
2274 2099 8
2099 4256 2
4256 1317 5
1317 4188 6
4188 680 17
680 1178 18
1178 1637 2
1637 1123 15
1123 2872 6
2872 3671 18
3671 2318 5
2318 1525 2
1525 157 14
157 3940 12
3940 2753 3
2753 2275 9
2275 2405 8
2405 3489 2
3489 394 15
394 3728 20
3728 1272 17
1272 4610 12
4610 2531 3
2531 3041 13
3041 2076 13
2076 3525 13
3525 3719 20
3719 544 3
544 1832 9
1832 3256 3
3256 4187 1
4187 1661 20
1661 3204 18
3204 4957 9
4957 1908 9
1908 123 10
123 2161 3
2161 4928 13
4928 529 17
529 3284 17
3284 3051 6
3051 1255 13
1255 2997 3
2997 1685 3
1685 4292 5
4292 105 13
105 3928 10
3928 4290 9
4290 3144 18
3144 1864 13
1864 4778 16
4778 152 8
152 2724 11
2724 4701 14
4701 4738 5
4738 4975 10
4975 2543 9
2543 4266 4
4266 520 3
520 3894 16
3894 3854 4
3854 1258 9
1258 3587 16
3587 3813 11
3813 2111 20
2111 3216 10
3216 4630 15
4630 3101 17
3101 2550 20
2550 4384 7
4384 1315 19
1315 1025 13
1025 4259 11
4259 4592 8
4592 826 3
826 1854 12
1854 682 12
682 2667 18
2667 231 1
231 779 10
779 4317 20
4317 3564 17
3564 1053 5
1053 4235 15
4235 3680 1
3680 2314 17
2314 1324 19
1324 2911 20
2911 4320 20
4320 3841 7
3841 3771 4
3771 3187 3
3187 2271 19
2271 945 18
945 3806 12
3806 46 6
46 3373 10
3373 3569 9
3569 1671 19
1671 1012 1
1012 297 16
297 2561 13
2561 2096 3
2096 1027 20
1027 3772 13
3772 3808 20
3808 949 1
949 1039 11
1039 3755 14
3755 557 4
557 3460 5
3460 3922 9
3922 1570 10
1570 999 5
999 269 3
269 4246 14
4246 3742 17
3742 4529 2
4529 104 14
104 4414 15
4414 7 20
7 308 2
308 718 17
718 1273 8
1273 1073 7
1073 3311 16
3311 3527 20
3527 1966 7
1966 766 10
766 1419 5
1419 1742 6
1742 4386 6
4386 3704 11
3704 148 7
148 4050 8
4050 3997 1
3997 4664 13
4664 1304 13
1304 3062 13
3062 4420 17
4420 4244 17
4244 173 16
173 4041 3
4041 3475 19
3475 402 4
402 216 20
216 2937 1
2937 3732 20
3732 3318 3
3318 2799 13
2799 4848 20
4848 585 17
585 1647 7
1647 4037 18
4037 3305 5
3305 2148 12
2148 866 8
866 2374 4
2374 1812 19
1812 126 16
126 608 3
608 4779 19
4779 3966 15
3966 1267 18
1267 1625 12
1625 2137 5
2137 2741 20
2741 2862 1
2862 2107 1
2107 3006 11
3006 2198 6
2198 4986 13
4986 968 18
968 3705 20
3705 1289 18
1289 464 14
464 2748 11
2748 2703 9
2703 446 2
446 1408 6
1408 4737 19
4737 214 7
214 2803 5
2803 163 4
163 3611 13
3611 1325 10
1325 1477 15
1477 4476 7
4476 3276 12
3276 4739 13
4739 901 14
901 3472 18
3472 3959 19
3959 2951 8
2951 1234 10
1234 1411 12
1411 3669 14
3669 3510 5
3510 910 17
910 2425 3
2425 3367 15
3367 74 2
74 1058 8
1058 304 11
304 372 8
372 2544 11
2544 2823 5
2823 572 7
572 3048 17
3048 298 5
298 3077 8
3077 1995 11
1995 3018 20
3018 2413 10
2413 332 18
332 663 20
663 1199 17
1199 3967 7
3967 4637 12
4637 1072 10
1072 1687 14
1687 3444 12
3444 2781 19
2781 2261 20
2261 807 19
807 2344 5
2344 1462 13
1462 1874 15
1874 2220 3
2220 4781 11
4781 1705 6
1705 1752 12
1752 2942 9
2942 83 2
83 3001 11
3001 1321 9
1321 511 17
511 3683 17
3683 122 17
122 3800 5
3800 611 12
611 4253 1
4253 3561 2
3561 615 12
615 2248 1
2248 461 7
461 623 15
623 19 17
19 2991 6
2991 167 13
167 1061 2
1061 4991 12
4991 291 5
291 4801 18
4801 2077 2
2077 1501 18
1501 643 10
643 1172 16
1172 2086 14
2086 1744 7
1744 424 12
424 4375 11
4375 3383 7
3383 3438 6
3438 2455 16
2455 2389 11
2389 1990 7
1990 531 18
531 3426 20
3426 1843 5
1843 2734 1
2734 4988 14
4988 3482 14
3482 1005 18
1005 3058 12
3058 704 17
704 3059 8
3059 3138 1
3138 4157 8
4157 3221 8
3221 1973 16
1973 1517 12
1517 13 1
13 1675 1
1675 4861 20
4861 273 1
273 1372 14
1372 2838 14
2838 1496 7
1496 2126 17
2126 2065 15
2065 423 17
423 2054 3
2054 199 19
199 4336 15
4336 4485 8
4485 1156 17
1156 3981 17
3981 1371 1
1371 363 18
363 4678 7
4678 3448 5
3448 186 18
186 1700 10
1700 3600 9
3600 4786 12
4786 2049 13
2049 4535 13
4535 4541 3
4541 4296 19
4296 1236 16
1236 368 18
368 742 8
742 2247 18
2247 2591 5
2591 3516 19
3516 232 15
232 979 19
979 4992 6
4992 4092 16
4092 808 12
808 2647 8
2647 823 14
823 3739 9
3739 3970 17
3970 1376 17
1376 204 17
204 218 11
218 2030 20
2030 3568 11
3568 180 7
180 561 14
561 3013 7
3013 4514 11
4514 3862 15
3862 1699 10
1699 3016 4
3016 3784 20
3784 3299 12
3299 2316 19
2316 226 10
226 2264 15
2264 4404 15
4404 1852 12
1852 789 16
789 2426 3
2426 1432 11
1432 3552 8
3552 2873 5
2873 1021 18
1021 2023 14
2023 1249 9
1249 2190 2
2190 2130 19
2130 3515 5
3515 475 11
475 2191 9
2191 4577 2
4577 2640 5
2640 4795 5
4795 1970 13
1970 3916 16
3916 1646 4
1646 3294 8
3294 1780 3
1780 1094 12
1094 1716 8
1716 393 9
393 2420 10
2420 526 6
526 39 3
39 2791 20
2791 921 18
921 1770 11
1770 796 14
796 2357 13
2357 33 11
33 3282 4
3282 1334 19
1334 2058 8
2058 4829 16
4829 302 15
302 3034 10
3034 1992 17
1992 2740 14
2740 1654 15
1654 4958 7
4958 4937 18
4937 305 5
305 4726 7
4726 3588 12
3588 877 7
877 2383 11
2383 4899 14
4899 4728 9
4728 4538 20
4538 1433 1
1433 4453 6
4453 2490 2
2490 4851 1
4851 2335 20
2335 1453 18
1453 3445 9
3445 1213 17
1213 970 16
970 4803 13
4803 465 15
465 971 10
971 3802 9
3802 3281 10
3281 1270 14
1270 4136 6
4136 624 11
624 2904 9
2904 4708 11
4708 1505 11
1505 1361 20
1361 1799 4
1799 4743 5
4743 3164 12
3164 4434 2
4434 3797 6
3797 2115 20
2115 224 15
224 1887 5
1887 2353 8
2353 1826 4
1826 4399 7
4399 18 20
18 4126 12
4126 2336 8
2336 1842 8
1842 1140 2
1140 3542 1
3542 4077 7
4077 847 14
847 4218 8
4218 2458 13
2458 1758 3
1758 811 6
811 2779 17
2779 3133 17
3133 2384 8
2384 418 6
418 1948 14
1948 4433 16
4433 4001 8
4001 2598 1
2598 4006 10
4006 4069 1
4069 2180 2
2180 1839 1
1839 583 19
583 2200 10
2200 1495 4
1495 4690 19
4690 3592 13
3592 4022 9
4022 1588 10
1588 4033 12
4033 3375 11
3375 447 16
447 2358 13
2358 751 7
751 1728 11
1728 2042 5
2042 2323 1
2323 3332 19
3332 3145 16
3145 787 6
787 2957 10
2957 3583 18
3583 4824 6
4824 1713 1
1713 1260 4
1260 900 16
900 2375 4
2375 4649 11
4649 3245 1
3245 3628 1
3628 1253 12
1253 1789 18
1789 2672 3
2672 4547 16
4547 4721 6
1 1620 9
1 2488 10
1 3345 8
1 4461 8
1 2442 3
2 722 1
2 1135 1
2 2953 4
2 3952 4
2 1425 3
3 4062 2
3 1306 8
4 4837 10
4 783 4
4 3565 9
5 111 2
5 4512 5
6 564 10
6 2363 4
6 1573 2
7 3311 4
7 1073 7
8 2687 3
9 4493 5
10 2822 2
10 2367 7
10 4840 4
10 3983 6
11 277 2
12 60 10
12 1370 6
12 3586 4
12 4322 5
12 1106 5
13 1496 8
14 1856 3
14 1619 5
14 3657 8
14 1575 3
14 350 4
15 1286 8
15 1363 7
15 268 4
15 2658 10
15 4356 4
16 4823 9
16 1181 6
16 1777 8
17 4716 9
17 524 5
18 2336 1
18 4077 4
18 847 5
18 3542 8
18 1140 6
19 167 7
19 4991 9
20 3818 5
20 3864 4
20 3142 8
20 2916 10
21 2750 6
21 3456 8
21 1694 5
22 1905 4
22 620 4
22 3788 5
22 692 3
23 868 5
24 883 8
24 1782 4
25 1215 4
25 4109 2
25 3998 7
25 3870 6
26 351 2
26 4171 4
26 1166 9
27 4750 8
27 4263 2
28 4877 1
28 1640 5
28 1718 5
29 3425 7
29 2746 6
29 821 6
29 4216 7
29 1309 7
30 4856 5
30 799 4
30 2766 4
30 2081 3
31 2388 7
31 2633 5
31 2617 7
32 3507 8
32 501 8
33 302 9
33 4829 10
34 3342 4
35 482 4
35 4070 9
35 1056 2
35 956 7
35 737 7
36 1344 1
36 135 5
37 2442 1
37 1620 10
37 1188 2
38 2556 8
38 1465 5
39 4829 8
39 921 9
39 1770 7
39 33 5
39 3282 10
40 3701 8
40 125 2
40 4660 5
40 3461 3
40 3258 10
41 3 9
42 3766 2
42 3246 7
42 2818 1
42 185 7
42 2944 2
43 4061 4
43 2083 9
43 3146 4
43 2481 5
43 4305 8
44 2946 2
44 3998 1
44 1215 2
44 3756 9
45 3418 8
46 1671 2
46 2561 5
47 1368 1
48 810 9
48 280 9
48 2087 6
48 3104 4
48 1630 6
49 2066 9
49 1179 1
50 1782 4
50 2501 7
51 4215 3
51 3140 5
51 452 8
51 1028 5
51 4821 6
52 1828 10
52 1667 10
53 1166 6
53 1037 6
54 4064 8
54 2560 3
54 2993 3
54 241 6
55 254 5
55 3433 9
56 70 2
56 2899 5
56 2887 10
57 714 5
57 4199 4
57 989 1
58 3606 2
58 4634 9
58 781 2
59 4802 10
59 4674 7
59 3409 1
59 3881 9
59 4204 6
60 1508 3
60 2849 7
60 4884 6
61 4510 5
61 734 8
61 2986 8
61 816 8
62 1848 7
62 4629 8
63 3095 5
63 744 5
64 1893 8
64 2278 4
65 4427 10
65 2508 8
65 3585 1
65 2166 1
66 1222 9
66 728 5
67 3837 4
67 3938 7
67 1663 10
67 3530 1
68 3107 9
68 28 7
68 2257 5
69 3275 1
69 451 8
69 3440 4
70 2894 5
71 3539 3
71 3759 9
71 1802 7
72 3786 10
72 2035 9
72 963 4
72 3747 2
73 1575 4
74 2544 2
74 572 8
74 304 1
74 3048 4
74 2823 8
75 3709 7
75 2184 7
75 2998 4
76 641 9
76 848 6
76 192 1
76 1976 6
76 3599 1
77 1183 6
78 3464 3
78 2497 8
78 3247 5
79 2457 4
79 1023 2
79 4418 9
79 3879 2
80 1004 9
80 3828 1
80 3249 6
81 2071 2
81 3025 7
81 2472 9
81 2156 3
81 1648 1
82 724 1
82 2474 10
83 611 3
83 3800 7
84 4468 1
84 3212 4
84 4939 1
85 4648 3
85 1756 9
86 1032 6
86 2523 7
86 252 1
86 1982 1
87 1161 7
87 3619 8
87 3623 2
87 295 3
88 2654 9
89 3845 4
89 2954 6
89 4977 2
90 4862 7
90 3464 8
91 408 10
92 781 5
92 1927 1
93 2004 7
93 4285 9
93 587 3
93 2158 5
94 1737 9
94 377 6
94 407 6
94 1474 1
95 2418 8
96 3024 7
96 4025 4
96 2002 4
96 1807 10
97 729 9
98 4376 10
98 2777 7
98 3935 4
98 1187 4
99 2289 7
99 2414 5
100 2987 7
100 2551 3
100 3028 8
100 4689 9
101 4407 8
101 4855 5
101 300 1
102 3718 3
102 923 10
103 4053 8
103 4194 4
103 2568 6
104 718 4
105 4778 2
105 2724 10
105 152 6
105 4290 4
105 3144 2
106 3836 7
106 693 7
106 2038 10
107 2463 2
108 2127 6
109 4356 3
109 2624 3
109 1363 3
110 2301 8
110 260 6
110 3449 2
110 691 5
111 832 9
111 2460 4
111 384 7
111 3999 4
111 1404 4
112 2635 10
113 2806 8
113 4255 6
113 280 8
113 3104 1
114 1983 9
114 3630 7
114 4024 3
115 3946 7
115 4679 5
115 2487 7
115 700 3
115 59 3
116 1958 8
116 2818 4
116 3228 6
117 2010 8
118 460 5
119 724 1
119 913 2
120 69 5
120 3440 4
120 451 1
120 3248 7
120 2299 6
121 1593 3
121 4051 4
121 2014 10
121 2961 3
122 461 4
123 2997 1
123 3284 2
124 286 9
124 3508 6
124 4878 4
124 597 9
124 334 8
125 1697 5
126 1267 1
126 3966 5
126 2137 3
127 1444 9
127 2234 1
127 77 6
127 2666 10
128 228 3
129 1898 9
129 4924 1
129 1071 3
129 4502 1
130 2093 10
131 1216 5
131 1310 2
131 711 7
131 1176 2
131 1323 6
132 2726 2
132 4428 6
133 966 4
133 3033 2
133 4612 5
134 483 3
134 786 2
134 4389 2
134 2500 3
135 4358 9
135 1884 6
135 2306 10
136 1478 5
136 3765 1
137 192 5
137 641 10
137 3599 2
138 2337 3
139 1127 6
140 3590 2
140 1017 10
140 3374 9
140 375 9
141 731 5
141 4619 7
142 2117 10
142 4280 5
142 3171 2
142 2231 3
143 3335 8
143 2841 3
143 1279 6
144 2393 2
144 1935 1
144 2208 10
144 1173 1
145 852 8
145 303 10
145 2421 2
146 2670 1
146 3302 3
146 2173 5
146 1197 7
146 1101 1
147 3437 2
147 1358 3
148 4420 6
148 1304 9
148 4244 9
149 1895 9
149 3124 7
149 3481 9
149 4078 3
149 1225 8
150 11 8
151 3050 9
151 2468 10
151 312 10
151 4833 2
152 4975 2
152 4738 8
153 3056 7
153 234 4
153 1476 2
153 3137 10
153 2963 4
154 994 10
155 2680 2
155 2712 6
155 1721 8
155 1579 6
155 4677 3
156 4349 2
156 4008 10
156 470 4
156 1219 3
157 394 2
157 3728 5
157 2275 10
158 1387 6
159 1191 9
159 4306 8
159 2711 7
159 1463 10
160 4789 7
160 4501 4
160 4080 4
160 1097 5
161 798 6
161 3136 3
161 3194 2
162 3939 6
162 4083 10
163 4476 6
163 901 10
163 3276 6
163 1477 3
163 4739 9
164 4042 6
164 540 9
165 395 1
165 1584 8
165 2754 9
166 569 9
166 491 10
166 2402 7
166 2237 7
167 4801 2
167 643 8
168 3713 10
168 2932 5
169 4261 8
169 4770 2
169 3491 9
170 1755 3
170 4587 8
170 1572 9
170 2865 7
170 630 7
171 1240 8
172 4354 9
172 672 10
173 2937 5
174 4533 1
174 3990 8
174 785 4
174 3730 9
175 3992 2
175 3194 1
175 602 5
176 2350 3
176 3054 8
176 1993 2
177 1801 9
177 4818 9
178 3431 4
178 1986 3
178 4020 7
178 1276 5
179 3081 5
179 3000 5
179 2816 9
179 873 4
180 3016 7
181 1735 8
181 3817 1
181 2151 5
182 56 10
182 70 3
182 2887 1
182 2146 5
183 4468 8
183 3632 2
183 2127 3
183 4497 10
183 1180 8
184 4489 3
185 3228 2
185 3766 10
185 2818 4
186 2049 1
186 4296 9
186 4541 6
186 4786 9
186 3600 8
187 41 4
187 1256 8
187 642 8
187 3667 2
188 3612 4
189 1227 3
189 1093 3
189 3595 8
190 1036 10
190 2796 5
190 3130 1
190 4595 9
191 462 10
192 641 1
193 1847 6
193 1870 9
193 1373 1
193 1682 3
193 1850 4
194 2630 10
194 3066 10
195 2144 2
195 2976 9
196 1595 2
196 1497 7
196 3888 5
196 794 9
197 1131 3
197 2998 2
197 2184 4
197 731 6
198 1369 4
199 1371 3
199 1156 9
199 3981 8
199 363 1
199 4485 1
200 2677 7
201 4950 1
201 607 2
202 1446 8
202 453 7
202 2345 3
202 2430 8
202 4921 4
203 258 5
203 3996 1
203 2576 6
203 4609 8
204 3568 4
205 4416 9
205 4362 2
205 2276 2
205 1642 5
206 3372 6
207 1208 2
207 3193 5
207 2525 6
207 4747 4
208 2556 10
208 1327 7
208 670 5
209 1844 5
209 2964 3
209 1081 2
209 1529 1
210 4679 5
211 1557 1
211 3457 1
211 2296 4
212 2773 9
212 2454 7
212 1235 7
212 1063 3
213 992 3
214 4476 6
214 3611 10
215 3790 9
215 1204 8
215 1485 8
215 4388 7
216 585 10
216 3732 7
216 1647 8
216 4848 3
216 3318 4
217 4715 8
217 3859 10
217 4289 1
217 3319 6
218 3862 10
218 3016 2
219 875 8
220 1612 5
221 2104 6
221 3043 10
221 1141 8
221 1397 8
222 4519 7
222 4659 5
222 515 9
222 2922 5
223 4580 3
223 1340 4
223 1665 8
224 2336 3
224 18 8
224 1826 8
224 4077 4
225 3030 4
225 1393 9
225 4543 7
226 1852 3
226 2426 6
226 1432 5
226 4404 4
226 3552 9
227 4158 2
227 1117 6
227 4914 4
228 2480 2
228 575 1
228 358 10
229 389 9
229 314 4
229 2553 3
229 3357 6
229 2650 9
230 885 5
230 1607 5
231 1053 3
232 3739 10
233 478 1
233 1054 10
233 988 9
233 4806 5
233 3147 6
234 3823 3
234 3961 3
234 3056 7
234 4047 8
235 2122 6
235 3594 2
236 2326 8
236 1500 7
236 950 8
237 3731 1
237 817 2
237 1696 2
238 4297 8
239 2986 10
240 2418 10
240 454 1
240 1504 3
240 2917 5
240 4760 10
241 3151 7
241 2955 8
241 2935 1
241 271 3
241 4422 9
242 4696 6
242 1282 8
242 2391 8
242 2452 7
243 973 5
243 321 8
243 3906 5
243 1957 9
243 2279 7
244 2558 2
244 2794 9
244 1365 9
244 4496 4
245 2944 8
245 3766 6
246 2557 4
246 508 7
246 2842 4
247 4011 9
247 3288 6
247 4976 2
247 2705 6
247 2411 8
248 4183 10
249 4826 5
249 2037 8
250 1340 7
250 4811 2
250 4580 5
250 1665 3
251 947 9
251 2915 10
251 2728 6
251 3826 9
252 2523 5
252 23 7
252 1982 9
252 3518 5
253 2302 7
253 3189 5
254 3823 7
254 2963 9
254 4047 8
255 2259 8
255 2897 4
255 4570 2
255 4565 8
255 1924 4
256 3574 3
256 410 7
256 3646 5
256 326 1
257 2047 3
258 2576 1
259 1816 7
259 3428 5
260 2690 9
261 4353 10
262 239 1
263 1307 9
263 299 4
263 327 5
263 1169 7
264 4276 1
265 786 3
265 4621 4
265 4274 4
265 3038 4
265 3989 9
266 3895 8
266 3389 9
266 4185 10
266 1086 3
266 4377 9
267 2407 1
267 2662 10
267 775 10
267 3911 9
268 973 4
268 1195 2
269 104 2
270 3021 4
270 4618 10
271 1047 6
271 303 1
271 852 6
271 2935 1
272 97 3
272 1516 4
272 3884 5
272 4980 1
273 2065 5
273 2054 6
273 2838 5
273 423 6
273 2126 3
274 661 6
274 4196 6
274 2378 3
274 501 3
275 3656 3
276 4043 1
276 1246 7
276 2491 3
277 3779 5
277 3259 2
278 1473 3
279 1719 4
280 1630 4
280 4982 10
280 810 7
281 812 2
281 158 1
281 4694 6
282 2780 8
282 2158 2
283 4106 6
283 1673 5
283 2355 1
284 3815 1
284 1809 10
284 1109 3
285 1084 7
285 1275 6
285 699 8
285 3947 1
285 1458 10
286 3508 10
286 4200 1
287 956 6
287 764 10
287 1056 1
287 4772 9
287 482 9
288 3128 1
288 4370 4
288 2858 1
289 3501 8
289 1916 8
289 2105 10
289 2988 10
290 2713 2
290 3716 1
290 1278 3
291 1501 6
291 2077 7
292 319 8
293 4442 4
293 3858 1
293 3113 3
293 2463 1
293 3252 4
294 858 10
294 4083 3
294 3020 9
294 3939 9
294 4515 9
295 1955 8
295 4206 3
295 614 9
295 579 5
295 399 4
296 4761 1
297 1027 9
297 949 10
297 1039 8
297 2096 4
298 2413 6
298 1199 7
298 663 6
299 2419 6
299 1169 1
299 1307 1
299 4532 10
300 4381 9
301 1534 8
301 3251 10
301 4293 6
301 139 2
302 1654 5
302 4937 4
302 4958 4
303 3201 6
303 353 10
303 2902 4
304 663 3
304 2413 3
304 572 1
304 1199 6
304 3077 10
305 4728 4
306 1070 6
306 2312 6
306 1643 6
306 4908 10
306 1645 10
307 4723 7
308 3527 4
308 1966 9
308 1073 1
309 3180 5
309 2747 1
309 1694 1
309 21 6
309 2565 4
310 3823 4
310 1692 3
310 4087 10
310 55 8
311 4318 9
311 2716 2
311 3090 4
311 867 2
312 1390 8
312 4239 5
312 4833 2
312 2098 7
312 2468 6
313 2166 5
313 1696 3
313 2403 7
313 237 4
314 2442 8
315 1483 6
315 1015 3
316 3678 9
316 1002 10
317 4103 1
317 4498 5
317 3521 1
317 3822 1
317 1291 5
318 4284 9
318 477 1
319 2776 10
320 2106 2
321 251 2
321 546 10
321 3778 10
321 3826 4
321 1511 5
322 4073 8
322 2589 3
322 1934 7
322 929 5
323 3733 3
323 1954 9
323 1953 4
324 2941 6
324 4189 3
324 1381 1
325 3773 4
326 1160 8
327 4532 7
327 3861 6
327 4164 10
327 2419 7
327 376 6
328 1983 6
329 3193 7
329 3839 8
329 4865 2
330 575 4
331 1451 2
332 4637 5
332 1072 5
332 1199 7
333 3799 6
334 4995 3
334 3920 3
335 2654 10
336 1004 2
336 2719 7
336 1739 5
336 977 4
336 4448 6
337 899 7
337 925 7
337 4905 3
337 4917 4
338 558 3
338 1618 4
339 1616 9
339 778 5
339 1118 5
339 4346 10
340 3517 1
340 3237 9
340 845 1
340 3002 7
340 3735 3
341 78 3
341 3176 3
341 90 1
341 3229 1
342 138 6
342 1676 10
342 2337 10
342 4088 7
342 2537 8
343 1555 7
344 3842 3
344 1753 6
344 856 8
345 668 8
345 1777 8
345 4762 10
346 1168 2
346 4766 10
347 3901 3
348 2018 9
348 4675 3
348 863 3
349 1847 6
349 1373 1
350 2518 6
351 4733 6
351 1166 7
351 993 9
351 3571 7
352 4079 4
353 360 8
353 2914 9
353 4616 2
353 3201 6
354 2307 6
354 3661 7
355 2912 3
356 4503 4
356 1649 4
356 366 9
356 3913 2
356 3645 3
357 2988 4
357 1916 1
358 596 10
358 575 1
358 2480 7
358 2447 3
358 2382 8
359 1649 3
359 4785 5
360 2099 3
360 4256 9
361 2060 10
361 2903 8
361 3190 1
361 4524 1
362 4093 9
362 594 7
363 4296 7
363 4541 7
363 186 2
363 1700 5
364 1494 1
364 4502 2
365 3119 1
366 1291 8
366 1436 4
366 1302 6
366 3521 4
367 4207 1
367 3039 7
367 3829 1
367 967 10
368 2247 1
368 232 2
368 4992 9
368 3516 3
368 3739 10
369 2090 8
369 4964 9
369 2683 8
370 3179 4
370 3559 1
371 1035 7
371 3344 7
371 3968 1
371 1070 6
372 663 3
373 3009 6
373 3765 5
373 2982 1
373 4457 6
373 2297 10
374 2549 8
374 2737 9
374 1519 5
375 3776 9
375 1721 1
375 1926 8
375 155 8
375 4677 8
376 4133 8
376 4164 6
376 4994 4
376 4397 3
377 1474 6
377 407 4
378 620 8
378 2088 10
379 4052 2
379 2699 3
379 4150 5
380 4165 8
380 1032 2
380 252 3
381 4393 1
381 4432 8
382 2525 4
382 4470 3
383 3625 9
383 1750 7
384 1987 7
384 2457 9
384 3999 4
384 3879 5
385 898 1
385 3914 8
385 4169 4
385 1823 2
386 4536 7
386 4310 4
386 201 3
386 4381 5
387 3102 1
387 4618 7
387 3994 1
388 4902 3
388 3148 9
389 1188 4
390 4769 7
390 4500 9
390 562 4
390 3689 5
391 4107 2
391 1543 9
391 2209 9
391 3329 2
391 2212 6
392 4007 10
392 605 4
393 2791 1
393 1654 4
394 2076 7
394 3041 2
395 4989 4
395 2754 7
395 400 10
395 4079 3
396 4611 3
396 3214 10
396 683 2
396 2133 5
397 686 2
397 4200 6
397 1513 5
397 3508 2
397 4995 8
398 1385 2
398 3232 4
399 4629 5
399 2398 7
399 3743 5
399 2926 1
399 1955 6
400 2952 10
400 2121 5
401 4109 6
402 4037 10
402 2374 2
403 3227 10
403 1469 4
403 1244 6
403 3362 10
404 1629 2
404 1442 9
404 242 3
404 2342 1
405 406 9
405 825 10
405 3019 8
405 2122 8
405 3594 2
406 3019 5
406 2328 1
407 4566 5
407 1737 3
407 4104 3
407 4267 10
408 2848 4
409 2209 6
409 1868 8
409 4107 1
409 4478 3
410 2574 3
411 3647 8
411 4831 8
412 3926 5
412 4812 8
412 1719 6
412 1347 10
413 3265 5
413 4780 1
414 3939 1
415 4363 4
415 3613 2
415 882 7
415 1231 2
415 538 2
416 4383 3
416 4201 6
417 830 10
417 3081 2
417 1644 5
417 179 1
417 442 4
418 4001 9
418 2180 9
418 4069 3
418 4006 8
419 1563 1
419 1211 7
420 4471 5
420 4380 2
420 2837 6
420 2676 3
420 2615 4
421 1145 6
421 1329 2
421 4432 7
421 4393 3
421 381 2
422 878 9
422 346 2
423 2049 9
423 4485 2
424 1990 8
424 3438 3
424 2389 2
424 3383 2
425 4378 6
425 3388 1
425 2684 1
426 960 10
426 1355 6
427 4417 5
427 4917 10
427 4905 3
428 967 10
428 3829 10
428 4875 8
428 3770 7
428 367 4
429 4483 4
430 325 4
431 3963 2
432 1801 8
432 1756 5
433 3785 3
434 1691 3
434 1233 7
434 3206 9
435 739 9
435 1683 4
435 4440 5
435 4135 4
436 2320 9
437 2841 9
437 3242 8
437 1279 8
438 1745 1
438 2602 8
438 1382 9
438 4425 3
438 849 8
439 2386 3
439 1352 9
439 1706 9
439 3526 10
440 3073 10
440 2267 4
440 4507 5
441 4207 1
441 3039 3
442 1644 6
442 3174 9
443 2800 5
444 2881 6
444 1974 2
444 2525 4
445 4068 7
445 4214 3
445 547 9
446 163 7
446 4476 6
446 4739 10
446 214 2
447 3145 9
447 751 3
447 2042 8
447 1728 8
447 3332 5
448 4951 2
448 1891 2
448 2919 5
448 1149 8
449 915 10
449 1709 10
450 3614 2
450 2713 7
450 4312 7
451 458 5
451 3440 9
451 3723 7
451 1536 10
451 3275 6
452 1527 1
453 2939 10
454 2627 3
455 452 8
455 1395 8
456 4863 8
456 4142 1
457 4774 4
457 978 4
458 401 6
458 2028 2
459 4797 10
459 4748 9
460 425 7
460 1238 2
461 19 7
461 2991 3
462 573 9
462 3849 10
463 352 4
463 3782 3
463 2567 10
463 3199 4
464 163 2
465 3281 2
465 1270 4
465 4136 1
466 2099 6
466 3201 9
466 303 10
466 2671 7
467 1703 5
467 4491 1
468 2083 3
468 4348 8
468 4061 9
468 4305 1
469 3052 6
469 82 1
469 677 9
470 1792 10
470 2436 7
470 2825 3
470 4578 2
470 732 1
471 3776 4
472 728 2
472 1967 1
473 2075 4
474 1023 2
474 3177 2
474 2457 9
475 1646 5
475 1970 3
475 2640 4
475 4577 7
476 4145 8
476 3052 5
476 2759 8
477 4284 5
477 102 3
477 1984 1
477 3160 9
478 3815 10
478 3109 5
478 1109 2
479 1396 3
480 4267 10
480 4948 7
480 3717 5
480 407 9
480 1737 3
481 2874 9
482 4734 8
483 1810 2
483 3038 5
483 920 10
483 3360 6
483 4274 3
484 1373 7
484 1847 6
485 1725 3
486 3461 1
486 727 10
487 1308 4
488 2170 7
488 3513 7
488 1959 2
488 4929 10
488 1775 1
489 4823 4
489 3309 9
489 4762 3
489 916 8
490 3309 10
490 16 9
491 134 6
491 920 9
491 3846 5
491 4017 3
491 4621 8
492 2064 6
492 3548 7
492 3607 1
492 4825 9
493 4891 9
493 272 6
493 729 2
494 3219 3
495 4552 3
495 4156 4
496 1533 4
496 358 9
496 575 1
496 2382 5
497 4836 5
497 4493 5
497 1482 2
498 1463 7
498 4306 10
498 2711 3
498 1191 1
498 2776 10
499 4222 8
499 413 10
499 3675 6
499 2802 5
499 3003 2
500 3578 3
500 3523 3
501 983 5
501 661 2
501 1237 9
501 2378 7
502 2427 3
503 1933 2
503 1299 9
503 3116 3
503 4010 7
503 4394 8
504 3230 1
504 3960 3
504 4252 10
504 1368 8
504 1008 5
505 3007 8
505 1398 9
505 4709 6
505 4385 3
506 1114 6
506 2287 3
506 3106 1
507 2995 10
507 2952 6
507 2754 4
508 4633 2
508 2557 6
508 2842 1
509 2612 2
509 885 9
510 1813 2
510 2530 7
511 1501 2
511 615 10
511 19 6
511 167 6
512 4198 6
512 3948 2
512 4327 8
512 1075 5
513 1696 1
513 315 10
514 71 4
515 3300 6
516 963 3
516 850 7
516 2035 2
516 655 5
517 1828 8
518 1823 4
519 3641 7
519 1155 9
520 3216 3
520 3587 3
520 2111 10
521 1095 5
522 3875 5
522 982 2
522 530 3
522 4480 5
522 3572 6
523 1616 7
523 778 10
523 1262 9
524 594 10
524 3971 4
525 1708 7
526 4538 2
526 796 2
526 2791 8
526 2357 6
526 4937 3
527 797 3
527 4509 3
528 1528 10
529 1255 9
529 105 2
529 2997 5
530 4158 5
530 227 10
530 4424 2
530 3875 7
530 3572 9
531 1005 5
531 1843 5
531 4988 3
532 4999 7
532 2556 7
532 3152 4
532 1465 7
533 1254 6
533 3807 10
533 989 5
534 2723 8
534 4052 3
534 2975 2
534 654 8
535 441 9
535 609 10
535 2214 4
536 2007 2
537 3197 2
538 1594 2
539 2798 8
539 4560 6
540 3625 2
540 1046 6
540 383 10
541 1296 9
541 3950 7
542 3668 3
543 3032 5
544 1908 1
544 3256 5
545 2459 3
546 1606 4
546 947 2
546 1511 10
546 2401 7
546 3826 9
547 1745 3
547 3415 6
548 2509 10
548 1261 10
549 2669 2
549 984 8
550 4310 9
550 1360 1
551 3241 6
551 1596 10
551 4039 5
552 2677 3
552 955 6
552 4870 2
552 2691 8
552 3544 10
553 702 7
553 1460 4
553 2609 9
553 1031 8
554 4076 4
554 2832 6
554 2449 1
554 3099 2
555 2620 4
555 4871 3
555 2626 9
555 3664 7
556 1067 2
556 1299 4
557 4414 2
557 999 5
557 3742 2
557 4246 10
558 470 1
558 4349 5
558 4968 8
558 1219 8
558 3459 7
559 1413 5
559 2540 10
560 991 5
560 1029 10
560 2706 1
560 2238 3
560 3978 9
561 3862 10
561 1699 2
561 4514 5
561 3016 7
561 3784 8
562 4769 3
563 150 9
563 472 9
563 66 9
564 2036 5
564 1440 5
564 2363 4
565 236 7
566 1138 1
566 3452 7
566 1914 3
567 129 1
567 1927 5
568 4684 6
568 1355 9
569 4621 3
569 4421 7
569 265 3
569 920 7
569 3038 9
570 2918 2
570 1077 6
570 2306 6
571 1639 5
571 2556 7
571 208 6
571 3045 8
571 38 6
572 3018 2
572 298 6
573 2858 2
573 2762 1
574 621 8
574 2692 10
575 2480 9
575 2382 8
576 4961 5
576 3111 7
576 790 10
576 2281 4
577 1536 10
578 2923 9
578 4807 3
579 2926 4
579 1221 1
579 4629 3
580 4390 10
580 4684 10
580 1677 6
580 1074 1
581 628 8
581 2840 6
581 3706 8
581 4023 3
582 1106 3
583 4690 9
583 1495 2
583 4033 2
583 4022 1
583 3592 9
584 2051 7
584 4351 9
584 3217 5
584 1204 1
585 1812 1
586 2610 9
586 4638 5
587 2507 1
588 1930 3
589 3553 8
590 1174 2
590 4193 4
590 2807 6
590 4603 9
591 494 3
591 1837 7
591 3219 8
592 2801 5
592 2946 10
592 3998 8
592 1849 10
593 2699 6
593 3931 9
593 4150 9
594 4354 9
594 4665 1
594 257 6
594 172 5
594 4601 1
595 3388 5
595 4791 8
595 2684 5
595 3703 1
595 2162 1
596 1738 1
596 3615 7
596 2382 3
596 2406 1
597 3851 5
597 334 10
598 814 3
598 3252 3
598 3113 7
598 2850 4
599 1778 4
599 4490 3
599 3356 8
599 763 9
599 965 4
600 1993 6
601 489 10
601 3166 4
601 3692 9
601 1875 6
602 4176 6
602 116 4
602 4179 6
602 3228 8
602 4625 9
603 3218 1
603 837 5
603 2362 1
604 3809 7
604 4847 5
604 4890 1
604 2329 8
605 1585 4
605 3534 6
605 3593 9
605 2792 5
605 922 1
606 3627 1
606 3876 9
606 2958 5
607 4608 8
608 1267 3
608 2137 6
608 1625 7
608 2862 5
609 3829 6
609 4751 8
609 441 3
609 428 9
610 2566 1
610 1285 7
610 4756 2
610 4003 10
611 615 6
611 461 8
611 3561 10
611 623 10
612 1910 10
612 856 10
612 2267 1
612 4507 7
612 344 2
613 3700 9
613 3572 5
613 1532 2
613 1602 2
614 2926 10
614 1955 1
615 291 3
615 623 10
615 1061 9
615 4801 2
616 2940 8
616 3751 5
616 4910 1
617 3777 4
617 3821 10
618 4124 7
618 950 2
618 3499 8
618 1500 3
618 565 3
619 2706 4
619 3896 5
619 3978 4
620 3601 1
620 1905 7
621 1499 2
621 2571 7
621 2717 4
621 1030 1
622 1248 4
622 2619 5
622 2197 4
623 167 6
624 1505 8
624 3164 4
624 1361 2
625 320 2
626 4495 8
626 1673 10
626 3904 7
627 2747 7
627 1577 10
627 1694 8
628 3706 3
628 4229 6
628 539 1
628 1470 7
628 2840 2
629 4576 1
629 1092 3
629 4463 5
629 2390 4
630 2438 4
630 1170 1
630 3537 2
631 806 10
632 158 2
633 3306 4
633 1174 6
634 4601 2
634 4665 6
635 1745 10
635 547 8
635 4068 1
635 2602 2
636 1468 6
636 1911 4
636 2240 9
637 4452 9
637 3341 2
637 2246 8
638 1759 3
638 1857 10
638 280 5
638 48 9
638 927 3
639 3885 3
640 3406 9
640 1293 2
640 2021 9
641 1590 9
641 1976 10
642 4110 3
642 1381 6
642 4035 7
642 3421 9
642 4909 4
643 4988 6
644 2095 3
644 1099 3
644 2366 9
644 4591 3
645 3306 3
645 3908 3
645 1726 7
646 1006 9
646 3430 1
646 1757 7
647 2696 6
648 4530 1
649 2794 7
649 2558 7
649 3744 9
649 4496 2
649 4250 1
650 2571 1
650 4159 3
650 3882 2
651 4334 9
651 4798 2
651 3298 7
651 3082 4
651 2292 9
652 1509 2
652 2623 3
653 260 7
653 1514 5
653 3449 7
653 2690 1
653 691 5
654 4792 6
654 2699 3
654 4052 4
654 2975 4
654 1968 3
655 3301 10
655 4242 3
655 1486 8
655 1356 7
656 139 7
656 3037 3
656 4293 1
657 3288 9
658 4227 2
658 3884 8
658 4980 3
659 263 9
659 1855 9
660 2282 2
660 3280 8
660 3363 5
660 2708 5
660 1018 4
661 1422 5
662 1370 3
662 60 7
662 4240 6
663 3967 6
663 4637 1
663 1687 1
663 2781 2
663 1072 9
664 2917 1
664 2627 7
664 4760 4
665 4707 10
666 1444 7
667 784 9
667 616 10
667 981 8
667 2241 1
667 1165 1
668 1731 2
668 3418 4
668 2743 6
669 3441 10
669 4623 2
670 1139 5
670 1465 8
670 2466 5
671 723 6
672 2340 7
672 3497 10
672 872 5
672 869 6
673 3565 1
673 2199 8
673 4208 10
673 783 5
673 4837 9
674 3249 2
674 3825 2
674 2792 8
674 1739 7
675 1428 5
675 3603 4
675 2470 9
676 227 1
677 724 7
677 3154 3
677 4145 1
677 3052 9
677 4456 10
678 3918 7
678 4764 7
679 4263 10
679 950 3
679 4124 1
680 3671 7
680 1123 10
681 4470 5
682 3680 6
682 779 2
683 4471 6
683 2676 3
684 88 8
684 542 7
684 2515 1
684 4981 1
684 4175 7
685 3941 9
685 3659 5
685 1608 8
686 1730 10
686 3390 9
686 4960 9
687 2367 3
687 4013 5
687 4249 10
687 4483 8
688 329 8
688 681 5
688 2302 3
688 3792 10
688 1208 2
689 1656 4
689 1943 6
689 4719 4
689 2040 4
690 1679 6
690 3769 2
690 3061 7
691 1322 2
691 2268 6
691 1889 8
692 3788 9
692 1897 5
693 903 9
693 3028 10
694 3582 10
695 870 10
696 4645 9
696 3602 5
696 2876 1
697 4997 4
697 4278 5
698 2015 1
698 3471 3
698 3339 4
698 3531 3
698 3497 2
699 3559 9
699 558 9
700 4096 7
700 2891 10
701 2474 8
701 4456 1
701 410 7
701 1160 9
702 1929 6
702 4309 9
702 2535 8
703 2047 6
703 672 4
703 4354 3
703 3339 5
703 3531 4
704 3138 6
704 1517 9
704 3221 9
704 13 5
705 3623 4
706 4990 7
706 3629 3
707 1482 5
707 4836 4
708 3994 5
708 4618 10
708 4584 9
709 2771 3
709 918 9
709 2649 9
709 4091 3
709 3462 6
710 2932 6
710 3713 1
710 4477 7
710 1402 2
710 581 8
711 2169 7
711 2429 9
711 2201 4
711 822 2
712 4438 4
712 4191 1
713 4617 1
713 4987 8
713 1036 9
713 3130 9
714 3661 10
714 4154 8
714 2886 2
715 573 1
715 3942 8
715 2003 9
715 288 1
716 4833 7
717 984 5
717 4598 3
718 1073 7
718 1419 6
718 3311 10
719 2787 8
719 4081 1
719 354 4
719 4416 1
720 1916 4
720 2090 10
720 2683 3
720 4964 4
720 4445 9
721 4875 6
721 3039 2
722 2953 3
723 5 6
724 4522 1
724 3045 4
725 2434 3
725 4053 6
725 4194 3
726 3411 5
726 1784 10
726 1912 2
726 1793 5
726 3181 8
727 3909 1
727 1697 1
728 1389 7
728 11 2
729 3250 5
729 4227 6
729 3672 9
729 2573 8
730 4483 9
730 2441 4
730 2173 8
730 1101 8
730 2670 8
731 3151 8
731 2184 3
731 852 3
731 2889 6
731 1190 9
732 2171 7
732 2320 3
732 3816 1
733 4710 6
733 3651 1
733 3261 1
733 4735 2
733 4329 2
734 4510 7
734 594 8
735 3218 5
735 2145 10
735 4493 5
735 837 4
736 3597 7
736 4456 9
736 1896 5
736 701 1
737 4734 7
737 4772 8
738 4234 1
738 142 10
738 2469 3
738 1078 10
739 904 4
739 1082 9
739 4186 5
739 3843 1
740 3471 5
740 1388 5
741 2547 9
742 1376 1
743 3469 1
743 3751 10
743 2940 6
744 4201 9
744 2864 7
744 4383 2
744 3370 5
744 2464 1
745 4870 8
745 4000 8
745 3312 7
746 4977 8
746 3926 3
747 4894 7
747 3153 3
747 4455 8
747 4584 10
748 4497 7
748 84 6
748 1180 3
749 1560 6
749 3272 4
749 815 7
750 1718 6
750 2283 2
750 2972 8
751 2323 2
751 3332 7
751 787 10
751 2042 7
752 2121 1
753 3181 3
753 3968 5
754 1062 5
754 3239 10
754 2570 10
754 1300 6
755 236 2
755 4124 5
756 1655 8
757 2720 7
757 4436 2
758 1217 6
758 723 4
759 2266 2
759 1488 7
759 924 1
759 117 5
759 4571 1
760 4183 3
760 4429 2
760 4191 8
760 2064 2
760 248 3
761 3110 8
761 1894 8
761 3491 9
761 1112 7
761 169 8
762 1914 6
762 1736 7
762 4046 8
762 3083 1
762 1710 4
763 965 2
763 3236 1
763 2722 8
763 4490 2
763 3746 6
764 4734 1
764 4070 7
764 4426 2
764 4232 1
764 1331 1
765 4470 7
766 1742 2
766 3704 10
766 173 2
766 1304 5
766 4386 2
767 3300 6
767 2315 9
767 990 7
767 2294 9
768 4545 3
768 603 8
768 497 6
768 2145 5
769 2034 8
769 2269 1
769 4679 8
769 3351 2
769 1553 10
770 4895 3
770 174 9
770 3655 8
771 939 5
772 825 7
772 2122 3
772 834 3
772 2328 3
773 2341 3
773 3423 6
773 2354 5
774 1733 9
775 3364 9
775 4548 7
775 2005 3
776 4821 4
776 1028 9
777 2976 2
777 1102 1
778 2359 4
778 1688 6
778 2397 8
778 1262 6
779 1053 6
779 3680 9
779 3564 10
780 747 2
780 2522 6
781 129 10
781 4502 7
781 4924 9
782 3495 9
783 1141 7
783 2104 3
784 3132 5
784 4873 9
784 1471 9
784 2940 2
785 1714 6
785 3990 5
786 3360 9
786 920 9
786 2364 7
786 4274 5
786 4220 8
787 1713 9
787 900 8
788 3399 6
788 3956 6
789 1432 1
790 689 7
790 4983 9
790 2281 3
791 284 9
791 2075 7
792 800 9
792 3955 2
792 4887 2
792 3805 7
793 1099 2
793 4307 6
794 1497 9
794 2410 3
794 1662 7
795 2478 2
795 1666 1
795 4550 9
795 487 9
795 1308 7
796 3588 7
796 4726 3
796 1654 5
797 4832 10
797 4251 3
797 4162 2
797 2538 8
798 3766 3
798 4176 2
798 3733 4
798 2588 7
798 3228 4
799 2164 10
799 2766 8
799 912 4
799 4856 7
800 3473 6
801 1947 1
801 1064 3
801 4298 9
801 3393 10
802 3427 6
802 1405 3
802 1151 3
802 2870 5
803 2674 1
803 3513 1
804 2688 6
804 4863 7
805 4926 3
805 2736 9
805 1346 7
805 1636 2
806 2811 4
806 4116 8
807 1705 4
808 3568 6
808 3970 9
809 3439 2
809 2399 2
809 2913 1
809 2477 9
810 4982 10
810 4276 1
810 2806 3
811 4069 3
811 2384 5
812 2772 1
812 4722 5
812 3825 7
812 80 8
813 1878 3
814 322 2
814 4537 8
814 929 1
814 2589 5
815 500 3
816 4601 6
816 3715 8
816 4665 4
816 3497 10
816 2047 3
817 1483 8
817 325 2
817 1050 3
817 1015 3
818 390 9
818 3566 10
818 4998 5
818 4915 6
818 4172 8
819 3432 6
820 1319 6
820 1565 1
820 3725 3
820 1508 4
821 3625 7
821 1046 1
821 3685 9
821 4279 10
821 4048 5
822 2223 3
822 2546 7
823 218 7
823 3016 9
823 1699 7
823 3970 8
824 1538 3
824 2235 4
824 1604 10
825 1613 7
825 3417 3
825 4965 9
825 3067 4
825 834 2
826 2911 2
826 4320 1
826 4235 8
826 2667 7
827 641 2
827 1147 4
827 137 6
828 1041 6
829 4175 4
829 2113 4
830 3081 10
830 3556 7
830 179 10
830 442 1
831 2254 1
831 1837 7
831 4088 8
832 895 9
832 2457 2
832 3999 3
832 1987 3
833 4115 9
833 2000 2
833 2936 8
833 1573 2
834 1038 9
835 225 2
836 1155 10
836 2583 10
836 3342 1
836 3840 10
837 3218 3
837 34 10
838 1555 6
839 1133 6
839 889 10
839 2994 10
840 1296 2
841 3661 2
841 3372 3
841 206 1
842 1111 4
842 3123 1
842 3780 2
843 2547 2
843 1171 10
843 2854 8
843 4272 5
843 741 9
844 3178 2
844 4311 10
844 500 4
844 3523 7
845 3785 10
845 4868 3
845 3514 8
845 3935 1
846 3233 7
846 941 6
846 1481 1
846 341 4
847 1839 6
847 3133 4
847 418 8
847 1758 4
848 3616 6
849 2602 10
849 4571 10
849 924 9
850 1356 3
850 4075 3
850 3786 9
851 591 8
851 951 1
851 2537 3
851 4088 7
852 3671 4
852 4188 2
852 3201 4
852 2902 4
853 1050 2
853 4844 8
853 3773 5
854 553 7
854 2535 8
855 2709 7
855 515 3
855 2294 3
855 1772 5
855 4300 10
856 2267 5
857 2237 4
858 4926 4
858 3962 3
858 1346 4
858 4302 5
858 1636 10
859 1492 10
859 4019 5
860 3778 3
860 251 2
860 1511 1
861 3060 6
861 4907 6
862 4967 10
862 1168 5
862 3993 2
862 1383 9
862 3951 4
863 1340 5
863 688 5
863 444 9
863 1974 10
863 4747 8
864 2892 5
864 64 4
865 3698 3
865 22 1
865 3788 8
865 2088 9
866 1625 9
866 1267 3
866 2137 3
867 3748 3
867 1111 8
868 4364 2
869 3471 8
870 3953 7
870 3514 8
870 3413 4
870 3935 1
871 4889 1
871 4242 3
871 3301 1
871 4075 7
872 4776 3
873 2422 3
873 1427 9
873 4361 10
873 4787 5
873 4403 6
874 1941 3
874 2106 9
874 4919 6
875 2468 2
875 1949 5
875 17 3
876 965 3
876 3356 2
876 599 1
877 1433 3
877 4538 5
877 4453 5
877 2490 6
878 3951 7
879 1823 8
879 4223 8
879 4691 5
879 675 2
880 3710 9
880 4527 9
880 2470 9
880 1428 5
881 3535 9
881 1509 6
881 2056 9
881 2623 8
881 4100 1
882 1594 6
882 3496 8
882 1231 6
883 2350 3
883 2682 6
884 1863 7
884 319 9
884 2613 9
884 2776 6
885 1613 8
885 3019 8
885 1038 4
886 412 2
886 3926 8
886 1107 10
887 3327 10
887 1703 6
888 3476 1
888 1939 1
888 1631 1
888 164 9
888 3509 2
889 404 6
890 4682 9
891 2160 4
891 3235 7
891 1355 8
891 4684 10
891 960 6
892 517 7
892 3225 3
892 52 5
893 3394 5
893 4932 4
893 3346 6
894 508 5
894 1678 9
894 3591 5
894 3127 10
894 2557 2
895 1023 4
896 4602 10
896 11 9
896 2324 1
896 3257 9
896 3259 4
897 4990 8
898 3905 4
898 3291 3
898 675 9
899 4417 6
899 3814 7
899 925 10
899 1400 1
899 4917 2
900 2672 8
900 3245 5
901 1411 2
901 1234 4
901 3959 8
901 3510 3
902 1461 10
902 3804 7
903 3655 2
903 4895 1
903 174 10
903 4653 8
903 3295 10
904 578 2
904 1082 1
904 576 7
905 673 3
905 3353 4
905 3543 6
905 2847 1
906 1079 6
906 4866 10
906 4826 6
906 4481 3
906 2037 3
907 1571 4
908 4609 2
909 450 6
909 4569 6
909 1954 1
909 3733 5
909 2944 8
910 4637 3
910 1058 2
910 1199 8
911 3654 7
912 4309 9
912 502 8
912 2609 5
912 4270 3
913 677 9
913 3045 5
913 256 7
913 3574 3
914 4822 6
914 3283 2
914 3923 3
914 2559 4
914 2352 10
915 2675 6
915 2580 6
916 2108 1
916 1731 2
916 36 10
916 2306 9
916 2743 6
917 2732 10
917 2890 3
917 3369 5
918 4342 9
918 114 9
919 4733 10
919 2435 3
920 1138 5
920 1472 3
920 1914 3
920 2364 4
920 1198 10
921 302 9
922 2772 4
923 3405 1
924 4571 4
924 2010 10
925 2678 1
926 1784 9
926 4931 1
926 3181 9
927 4740 5
927 3846 7
928 2726 7
929 4398 9
929 3696 10
929 2100 6
929 1934 6
929 3763 9
930 3255 1
931 3819 6
931 4554 1
931 2007 8
932 3571 7
932 919 1
933 491 4
933 3846 1
933 4621 3
933 920 10
934 527 5
934 3951 3
935 3907 9
935 4193 1
935 1259 4
936 4508 4
936 1114 10
936 3874 3
937 4166 3
937 1271 10
937 2665 8
937 4523 3
938 4930 8
938 3757 4
939 2583 9
939 735 5
939 4890 8
939 837 8
940 2607 6
941 1481 8
941 3176 2
941 3247 3
942 4082 9
942 4025 6
942 1807 10
942 3891 2
942 1596 10
943 3407 4
944 4484 9
944 2900 10
944 4449 6
944 2149 1
945 1012 7
945 46 3
945 3373 2
946 2183 4
946 429 3
946 1197 9
946 1148 1
947 2401 5
947 4137 5
947 1606 9
947 2074 9
948 2046 9
948 4808 7
948 4978 9
948 3917 7
949 3311 6
949 7 3
949 308 6
949 1570 7
949 3742 2
950 1500 7
950 1142 1
950 1633 4
951 4774 10
951 1079 7
952 991 7
952 1229 4
952 2810 5
952 2706 10
953 1659 3
953 2651 2
954 4744 10
954 2069 6
955 833 2
955 4000 4
956 1130 1
956 4734 2
956 2121 6
956 4143 3
956 1331 10
957 3563 10
957 1151 4
957 3427 4
958 2171 6
958 1242 5
958 4226 10
958 2073 7
959 3259 9
960 4390 7
961 20 3
961 3676 4
961 2819 5
961 3142 10
962 322 6
962 3113 3
963 4889 3
963 4242 1
963 655 4
963 3786 2
964 4963 3
965 2404 5
966 3240 6
967 2276 5
967 57 9
967 533 3
967 3316 9
968 1325 9
968 3472 2
968 464 2
968 163 8
969 4638 4
969 1894 6
969 1651 7
969 2675 10
970 971 4
970 4434 7
970 1799 3
970 4136 5
971 4434 5
971 1361 6
971 1270 6
971 1799 10
972 1167 10
972 3203 5
972 4797 6
973 1511 9
973 3734 6
974 1454 4
974 4124 8
974 1257 8
974 3499 5
974 1500 6
975 4956 6
976 494 5
976 3686 6
976 249 5
976 4692 4
977 922 9
978 599 10
979 4092 8
979 2030 4
979 561 6
979 3013 5
979 3016 3
980 2826 9
980 2736 2
981 743 6
981 4910 9
982 1532 9
982 227 6
982 2880 6
982 4914 2
982 1602 4
983 2208 2
983 4370 2
983 4543 1
984 929 6
984 1314 1
985 732 9
985 3459 6
985 1792 10
985 4968 10
985 4349 3
986 1621 1
987 3909 8
987 4195 3
988 4798 7
988 3147 1
989 3495 10
989 714 3
989 3372 8
989 2686 7
990 2709 4
990 3575 4
990 2182 2
991 2810 7
991 168 8
991 2222 7
991 1229 9
991 3937 4
992 2784 10
993 3958 8
994 4396 2
994 4160 5
994 3326 7
995 1916 4
995 2105 5
996 2926 3
996 1848 7
997 1330 3
998 2730 8
998 2896 1
999 718 1
999 4529 8
1000 4354 3
1001 2487 10
1001 2891 7
1001 3351 7
1002 1959 6
1002 3513 6
1002 3490 5
1002 3271 9
1002 1179 9
1003 3993 2
1003 422 9
1004 2792 6
1005 1372 6
1005 1517 10
1006 549 3
1006 1424 7
1006 2100 7
1007 2391 7
1007 2452 2
1008 1368 1
1008 3117 5
1009 681 5
1009 4747 9
1009 1340 6
1010 3734 1
1011 4298 4
1011 3543 5
1011 3043 3
1012 3922 1
1012 4414 2
1012 4529 8
1012 949 7
1013 3684 7
1013 3547 8
1013 3769 9
1013 3061 6
1013 1110 4
1014 2367 10
1014 4483 3
1014 3173 9
1015 1050 1
1015 3503 1
1015 3538 1
1016 1568 7
1016 2521 4
1016 178 8
1016 2608 7
1016 1549 1
1017 1499 3
1017 4314 2
1017 1926 3
1018 1291 7
1019 403 7
1019 4466 1
1019 4699 3
1020 3232 8
1020 523 9
1021 475 4
1021 2190 4
1021 2191 10
1021 4577 10
1022 3293 5
1022 1044 5
1023 4942 6
1023 4418 2
1024 2322 5
1024 1382 3
1025 3564 4
1025 4320 2
1025 2667 6
1026 1923 5
1026 4489 1
1026 3455 5
1026 2635 1
1027 173 8
1027 3742 7
1027 1742 3
1028 1527 2
1028 1967 8
1029 1979 9
1029 1402 1
1030 4700 6
1030 4943 1
1031 2427 7
1031 3954 2
1031 1048 3
1031 1460 5
1032 4264 8
1032 4669 7
1033 534 6
1033 3478 10
1034 4446 2
1034 1117 2
1035 2445 1
1036 1795 3
1036 1435 7
1036 4327 10
1037 993 9
1037 3958 10
1037 3340 3
1037 1551 10
1037 2435 4
1038 2489 4
1038 1144 5
1038 1200 3
1038 4639 7
1038 1153 7
1039 1073 2
1040 337 8
1040 2377 9
1040 3131 7
1040 3431 7
1040 4020 6
1041 3537 9
1042 2006 1
1042 3361 1
1042 1879 1
1042 4285 8
1043 2891 2
1043 4679 3
1043 4204 3
1044 4636 9
1044 3597 3
1044 381 10
1044 1160 6
1044 476 4
1045 4209 6
1046 3625 9
1046 4048 2
1046 3155 6
1047 4188 4
1047 2099 9
1047 4256 2
1048 2609 6
1048 1460 4
1049 4959 6
1049 4952 10
1049 2789 2
1049 3240 2
1049 2097 8
1050 3538 4
1050 1287 6
1051 2615 9
1051 4471 3
1051 3119 7
1052 3637 6
1053 3680 9
1053 2314 3
1053 2911 7
1054 2292 4
1054 4542 8
1054 3082 1
1054 4798 6
1055 4061 3
1055 3833 5
1055 4744 9
1055 3146 5
1056 1331 4
1056 3049 9
1056 4426 5
1056 4143 8
1057 3061 10
1057 1434 7
1058 807 10
1058 2344 10
1058 3048 4
1059 3668 1
1059 88 7
1059 2654 2
1060 1559 2
1060 3596 10
1060 3269 7
1060 396 7
1061 3482 8
1061 291 10
1061 643 4
1061 4988 8
1061 2086 4
1062 3303 3
1062 2451 9
1062 1300 9
1062 2135 4
1063 1786 8
1063 2454 10
1064 1901 8
1064 1274 7
1064 3573 3
1065 750 8
1065 4693 4
1066 1867 3
1066 2515 9
1066 1294 4
1066 88 8
1066 2965 8
1067 147 8
1067 2757 5
1067 3437 9
1067 3320 2
1068 3821 4
1068 1747 5
1068 3088 6
1069 2830 8
1069 3508 8
1069 4878 9
1069 286 10
1069 3844 2
1070 4794 8
1071 4697 6
1071 1898 7
1072 3444 3
1072 1705 3
1072 807 6
1072 1462 9
1072 2781 8
1073 4420 10
1073 3704 10
1074 3326 5
1074 4390 8
1075 819 1
1075 3432 5
1076 4030 1
1077 4295 8
1077 1343 1
1077 2147 8
1078 1274 3
1079 1498 9
1080 4753 7
1080 4512 5
1081 3287 4
1082 4719 8
1083 3597 5
1083 3637 1
1083 1145 4
1083 381 4
1084 2436 4
1084 4174 7
1084 470 8
1084 732 9
1084 3559 9
1085 1046 6
1085 29 6
1086 2920 3
1086 2620 5
1086 2626 2
1086 4049 3
1087 4699 4
1087 4923 5
1087 1662 2
1087 1019 10
1087 2410 1
1088 1420 4
1089 1317 4
1089 2914 5
1089 1178 3
1090 4966 9
1090 2510 7
1090 2095 5
1090 2366 8
1091 2530 3
1092 4121 10
1092 2114 6
1092 2387 3
1092 1342 3
1092 4463 5
1093 2909 4
1093 2582 7
1093 2663 10
1094 526 9
1095 2859 6
1095 2343 9
1095 1518 8
1095 2232 10
1095 2959 2
1096 1719 5
1096 1556 9
1096 1107 8
1096 3926 3
1097 741 5
1098 4924 10
1098 4502 7
1098 1898 3
1098 3085 8
1099 2776 2
1099 2613 8
1099 4307 9
1099 2366 6
1099 1863 6
1100 4688 5
1100 3935 3
1101 4483 1
1101 10 4
1101 429 7
1101 4004 9
1102 2144 1
1102 1623 1
1102 4714 9
1103 573 6
1103 2393 8
1103 661 4
1103 4098 8
1104 1564 8
1104 1202 5
1105 1690 8
1105 3531 2
1105 2340 1
1106 1034 10
1107 3864 8
1107 4488 4
1108 1500 5
1108 4124 8
1109 3082 3
1110 4138 3
1110 1434 3
1110 3684 3
1110 1679 6
1110 3769 3
1111 4886 7
1111 3780 1
1112 4048 3
1112 930 7
1112 888 1
1113 2891 5
1113 3409 6
1114 3054 9
1114 2501 10
1114 1993 5
1115 1344 8
1115 2918 2
1115 2306 7
1115 3418 2
1116 3752 9
1116 4589 5
1116 3694 9
1117 1602 10
1117 2681 1
1117 2880 2
1118 1688 1
1118 1616 10
1119 3011 4
1120 1137 5
1121 4609 6
1122 1378 5
1122 3736 2
1122 3066 8
1122 3945 4
1123 157 1
1123 2076 10
1123 2318 7
1124 4059 6
1124 800 4
1124 3473 3
1124 3737 9
1124 3805 7
1125 1855 1
1126 3181 6
1127 3861 10
1128 1551 6
1128 2435 9
1128 1166 6
1128 3571 7
1128 351 10
1129 530 6
1130 4563 8
1131 241 1
1131 2140 3
1131 2998 4
1131 2902 9
1132 741 9
1132 4501 1
1132 2547 6
1133 1891 5
1133 2919 7
1133 4951 5
1134 3759 1
1135 3660 10
1135 2769 9
1135 2243 3
1135 1303 3
1136 540 2
1136 4021 6
1136 3110 9
1136 29 5
1136 761 8
1137 666 2
1137 2348 6
1137 127 10
1138 3083 5
1138 2179 4
1138 1914 7
1138 1736 1
1138 1710 4
1139 3029 9
1140 3592 8
1141 3871 7
1141 4234 5
1141 1971 7
1142 2326 4
1142 3398 10
1143 3315 6
1143 3211 2
1144 1200 3
1144 2489 9
1144 3726 4
1145 2555 10
1145 571 6
1146 3844 3
1146 4960 2
1146 3851 9
1146 3273 7
1146 4374 3
1147 641 2
1147 2606 1
1147 3232 10
1147 4352 9
1148 2124 6
1148 1415 7
1148 1911 2
1148 636 7
1149 2744 8
1149 2342 8
1149 3883 6
1149 4071 9
1149 242 4
1150 2258 3
1151 4210 10
1151 1844 3
1151 2964 3
1151 1529 6
1151 1405 9
1152 2907 10
1152 1905 9
1152 3601 7
1152 620 1
1152 1409 3
1153 1200 6
1153 3634 9
1153 2855 4
1154 1575 2
1155 2539 9
1156 2247 9
1157 675 1
1157 1615 6
1158 1444 9
1158 3533 4
1158 1183 5
1158 2228 9
1159 4968 1
1160 1139 6
1160 571 10
1160 3152 8
1161 3135 9
1161 614 1
1162 4233 5
1162 1221 4
1162 1531 10
1162 3434 8
1162 579 10
1163 2858 6
1164 3188 3
1164 2343 9
1164 1825 10
1164 2017 4
1165 2241 1
1165 2940 4
1165 2021 2
1166 2435 4
1166 3958 4
1166 4733 6
1166 4705 2
1167 1846 3
1168 3951 8
1168 4832 6
1168 2332 10
1168 3638 8
1168 797 4
1169 3950 3
1169 840 8
1169 541 10
1169 4532 5
1170 4324 6
1170 1226 5
1170 1313 10
1171 2833 8
1171 4260 9
1172 3438 2
1172 4988 8
1172 1517 2
1172 2734 3
1173 1393 7
1173 3030 10
1173 2393 2
1174 4494 2
1174 2430 7
1175 329 1
1176 1861 6
1176 2546 2
1176 2572 1
1176 2223 8
1177 3518 8
1177 4364 10
1177 4822 10
1177 23 7
1178 544 8
1178 4610 4
1179 448 7
1180 791 5
1180 2867 4
1181 4358 10
1182 1875 5
1182 4762 4
1182 490 4
1183 4383 5
1183 2721 2
1183 2464 3
1183 416 10
1184 3933 1
1185 376 7
1185 3950 9
1186 2303 7
1186 1591 10
1187 3141 10
1187 433 10
1188 3312 8
1188 3129 5
1188 4000 6
1188 200 4
1189 4088 3
1189 3112 5
1189 4692 5
1190 4583 2
1190 2099 7
1190 4064 2
1190 2955 4
1190 303 8
1191 4561 5
1191 4115 3
1191 3384 10
1191 389 4
1191 4000 10
1192 4459 3
1193 748 10
1193 2467 5
1193 2127 7
1193 4497 3
1194 1734 6
1194 4258 9
1194 3066 5
1194 3341 4
1194 194 7
1195 1957 8
1195 3778 7
1196 2936 8
1196 3480 7
1197 1468 3
1197 4483 3
1197 636 2
1198 1710 3
1198 4046 5
1198 762 6
1199 1752 4
1199 3444 3
1200 3401 9
1200 2855 9
1201 4675 5
1201 3379 4
1201 3326 3
1201 2253 10
1202 4319 7
1203 1509 2
1204 4976 3
1204 943 1
1205 2108 7
1205 2743 3
1206 3615 6
1206 1543 4
1206 4478 1
1206 596 8
1207 4549 5
1208 255 5
1208 2259 4
1208 485 5
1208 1924 4
1209 2388 2
1209 31 5
1209 2167 3
1209 3196 10
1210 4323 3
1211 149 5
1212 3404 10
1213 18 1
1214 3246 4
1215 4109 1
1215 3170 5
1215 4034 8
1215 3157 4
1215 2801 4
1216 1866 2
1217 384 8
1217 1404 7
1218 2600 3
1218 2877 4
1218 2439 6
1218 2181 10
1219 470 10
1219 2171 6
1219 4349 8
1219 436 4
1220 496 3
1220 2476 4
1220 3930 4
1220 358 9
1221 3743 4
1221 4233 7
1221 4355 5
1222 3257 4
1222 4963 9
1222 4602 6
1223 30 8
1223 3695 7
1223 702 6
1223 799 1
1224 3757 2
1224 4084 3
1225 809 6
1226 616 10
1227 1724 2
1227 2582 6
1227 2909 10
1227 3868 6
1228 3396 2
1228 809 9
1228 149 4
1228 1691 4
1229 3713 2
1229 1507 5
1229 1470 6
1230 4842 9
1230 3117 4
1230 4152 3
1230 3230 10
1231 3496 8
1232 2618 4
1232 3783 8
1232 3148 5
1232 2831 8
1233 678 2
1233 3124 1
1233 1988 9
1233 3481 2
1233 2913 7
1234 807 2
1234 1072 9
1234 3967 10
1235 1232 8
1236 808 5
1237 288 2
1237 2378 6
1238 2162 6
1238 3172 6
1238 3984 3
1239 908 6
1239 1674 4
1239 777 8
1239 4012 3
1240 3126 7
1241 4775 5
1241 278 7
1241 3392 3
1241 1399 10
1241 162 10
1242 2289 6
1242 2871 10
1243 4836 8
1243 1155 1
1244 1785 4
1244 1469 7
1244 3227 10
1245 3647 3
1245 3610 9
1245 1846 2
1245 4831 5
1245 3767 9
1246 4676 9
1246 4600 10
1246 4052 7
1246 2595 7
1247 1820 3
1247 4205 8
1247 3710 1
1247 3905 9
1248 2072 10
1248 4443 7
1248 64 4
1248 2278 6
1248 1915 10
1249 4795 3
1249 3916 4
1249 3515 1
1250 3110 10
1250 1939 8
1250 3509 7
1251 3097 9
1252 2211 7
1252 605 6
1252 4007 3
1252 3562 6
1253 829 10
1253 3653 10
1253 4721 2
1253 2672 9
1253 3741 10
1254 2686 8
1254 1467 7
1254 3495 6
1254 206 5
1255 3144 1
1255 4778 9
1255 3928 2
1256 3421 2
1256 3 8
1257 4124 10
1257 887 5
1257 1500 3
1257 3398 5
1257 3327 2
1258 2550 5
1258 3216 10
1258 4630 9
1258 3101 6
1259 4242 1
1260 1253 5
1260 1059 2
1260 88 5
1261 4225 9
1261 1479 2
1261 1173 7
1261 4543 2
1261 1393 5
1262 3903 4
1262 3665 8
1263 4704 2
1263 739 1
1263 4440 8
1263 435 9
1264 2006 1
1264 93 9
1265 1690 3
1266 872 8
1266 672 10
1267 2741 4
1267 2198 5
1267 2107 1
1267 2862 8
1268 2505 6
1268 1355 3
1268 426 5
1269 4873 6
1269 2865 9
1270 2904 8
1271 4000 3
1272 3525 6
1273 148 7
1273 4041 4
1273 4244 9
1274 4280 6
1274 182 1
1274 1305 4
1274 3871 9
1275 3816 7
1276 899 5
1277 1297 3
1278 1377 5
1278 1954 9
1279 2927 4
1279 2841 2
1280 3999 6
1281 1534 8
1281 4133 2
1281 3530 2
1282 1184 4
1282 3933 9
1282 2391 10
1282 1202 1
1283 4900 2
1283 4667 2
1284 20 9
1285 4881 10
1285 2226 2
1285 2601 9
1285 2632 2
1285 1326 9
1286 2624 7
1286 4441 10
1287 3503 5
1287 3538 3
1288 3907 8
1288 4603 5
1289 2261 4
1289 1705 9
1290 883 10
1290 4508 4
1290 936 8
1291 3822 9
1291 2245 8
1291 3055 5
1292 440 5
1292 2084 10
1292 4507 8
1292 856 5
1292 859 8
1293 1111 10
1293 3748 10
1293 4725 10
1294 1702 1
1295 3191 10
1296 3712 1
1296 3901 1
1296 3950 2
1296 3488 6
1296 3795 3
1297 364 8
1297 129 3
1297 1494 4
1298 2693 1
1298 3268 10
1298 3317 3
1298 365 9
1299 4165 8
1299 380 7
1299 23 8
1299 1827 8
1300 352 5
1300 3199 5
1301 2038 10
1302 1653 4
1302 4498 6
1302 1436 2
1303 4492 1
1303 317 6
1303 3900 9
1304 3318 6
1304 4244 4
1304 402 2
1304 3732 10
1305 3289 10
1305 713 2
1305 2229 3
1305 4146 10
1305 1886 5
1306 4896 6
1306 4110 2
1306 4366 10
1307 4105 6
1308 4904 2
1309 601 7
1310 2223 8
1310 4955 2
1310 2110 10
1311 2348 7
1311 666 2
1311 21 1
1311 3456 9
1311 4703 3
1312 4601 8
1312 1105 9
1312 698 1
1313 2177 2
1314 1338 8
1315 4317 3
1315 3841 9
1315 4259 5
1315 1854 9
1315 945 3
1316 2365 9
1316 3310 6
1317 4610 3
1317 1123 1
1317 1637 2
1318 1619 1
1318 4936 3
1318 479 3
1319 1547 3
1319 1129 4
1319 4051 9
1319 2628 2
1320 2583 8
1320 3809 3
1320 2539 1
1321 2086 1
1321 2734 1
1321 1496 1
1322 1918 10
1322 894 9
1322 4518 1
1322 2176 7
1322 2611 6
1323 2223 4
1323 1632 5
1324 3187 6
1324 2271 1
1324 4320 6
1324 3771 9
1324 945 8
1325 3276 5
1325 3967 3
1326 2868 5
1326 1994 9
1327 2466 5
1327 1465 7
1327 267 6
1328 3228 4
1329 2759 7
1329 701 6
1329 381 8
1329 2555 2
1329 1145 5
1330 1802 9
1330 4118 8
1330 3582 10
1331 4426 3
1331 3443 7
1331 1130 4
1332 2084 2
1332 4263 9
1332 3126 8
1333 3004 4
1333 1838 5
1334 3588 5
1334 302 9
1335 1081 1
1335 4045 7
1335 1405 3
1335 2870 1
1335 1844 1
1336 3252 10
1336 4089 10
1337 3629 4
1337 3666 8
1337 3681 6
1337 4949 6
1338 3785 8
1338 4971 2
1339 4984 5
1339 1961 1
1339 4192 6
1340 1732 3
1340 207 5
1340 3193 2
1341 2817 4
1341 2165 1
1342 4463 5
1342 3697 8
1342 4121 9
1343 2346 10
1343 2147 8
1343 3213 7
1343 4295 3
1343 1617 1
1344 3213 10
1344 2918 4
1344 2147 3
1344 1617 8
1345 455 9
1345 515 5
1345 2187 9
1346 1759 9
1346 2087 2
1346 4740 3
1346 280 7
1346 2790 2
1347 3053 1
1347 1107 2
1347 89 6
1348 1696 7
1348 1483 6
1348 1287 6
1349 2503 10
1349 1714 5
1349 3734 9
1350 1464 9
1350 2954 3
1351 3035 1
1351 3869 7
1351 2284 2
1351 1245 6
1352 2069 10
1352 2206 9
1352 3074 5
1352 2386 10
1352 4655 4
1353 1504 4
1354 1893 1
1354 2912 5
1354 4946 2
1355 207 3
1355 1201 7
1355 2253 1
1356 2485 9
1356 3618 9
1357 2163 1
1357 4833 1
1358 2022 5
1358 252 10
1358 4148 7
1358 868 1
1358 1982 5
1359 3225 5
1359 495 6
1359 1828 5
1359 4395 5
1359 1667 1
1360 3636 7
1361 4743 4
1361 2115 2
1361 3164 4
1361 224 2
1362 344 10
1362 1492 10
1362 612 6
1362 2459 1
1363 2915 2
1363 973 2
1363 3957 4
1363 268 1
1364 3951 7
1364 2251 8
1364 3690 3
1365 4250 6
1365 4808 5
1365 2558 2
1365 3744 6
1365 2046 10
1366 4283 10
1366 4391 8
1366 1092 7
1367 2608 9
1368 1135 10
1368 3117 2
1368 4252 1
1368 4842 7
1369 973 10
1370 4065 4
1370 4525 1
1370 2637 2
1370 1117 10
1371 1699 9
1371 3448 7
1372 423 5
1372 2126 9
1373 3310 1
1374 691 1
1374 3449 5
1374 653 6
1375 2879 2
1375 1833 4
1375 1013 4
1375 1110 9
1376 3299 10
1376 2316 6
1376 3862 3
1376 226 4
1376 2030 7
1377 1142 10
1378 196 8
1378 4940 3
1378 3264 1
1378 3122 1
1379 3532 6
1379 3372 6
1380 3889 4
1380 2219 2
1380 118 3
1380 1977 3
1380 460 10
1381 4189 4
1381 4366 9
1381 2941 4
1381 4035 3
1381 4110 6
1382 2010 8
1382 1824 9
1383 2332 10
1383 934 6
1383 878 3
1384 4568 1
1385 1118 6
1385 2765 9
1385 2359 5
1385 1262 8
1386 3439 2
1387 1869 1
1387 2772 9
1388 3576 7
1388 2236 6
1388 3612 1
1389 2205 5
1389 2971 5
1389 2527 3
1389 3451 10
1390 3497 9
1391 1678 1
1391 260 5
1392 227 4
1392 4158 10
1392 613 2
1392 522 7
1393 746 10
1394 3261 8
1395 1967 2
1396 4506 1
1396 2985 7
1397 3749 5
1397 3393 8
1397 4347 7
1398 2921 4
1398 331 5
1398 1451 8
1398 1609 9
1398 1997 3
1399 2770 1
1399 3962 10
1399 2806 4
1400 793 8
1400 1421 7
1400 2613 2
1401 3143 1
1401 3288 7
1401 1961 9
1401 4351 9
1401 215 9
1402 4560 4
1402 2669 10
1402 4023 7
1403 2662 6
1403 2466 4
1403 532 7
1404 1952 8
1404 3253 9
1404 474 8
1405 3182 1
1405 4045 10
1405 209 3
1406 2438 4
1406 1423 5
1406 170 2
1406 1226 8
1406 4324 2
1407 4026 3
1407 3623 3
1407 705 4
1407 3063 5
1407 2793 2
1408 910 10
1408 1234 4
1408 2951 5
1408 3472 7
1409 2380 1
1409 3601 10
1409 1905 6
1409 2907 2
1409 22 3
1410 4243 10
1410 53 9
1410 4705 8
1410 919 10
1411 1199 4
1411 3967 5
1412 1504 6
1412 4760 8
1412 4486 1
1413 1244 9
1413 1469 6
1413 3362 7
1414 3451 6
1414 3789 10
1414 1967 9
1414 1028 5
1414 1395 4
1415 3173 8
1416 3053 1
1416 1464 1
1417 1218 5
1417 2727 3
1417 2594 10
1417 2916 10
1418 4586 2
1419 3704 5
1419 4420 5
1419 4664 9
1419 4041 10
1419 3062 3
1420 831 7
1421 1191 8
1422 2858 5
1422 3942 8
1422 2003 3
1422 225 1
1422 573 1
1423 616 9
1423 2925 8
1423 784 9
1423 3751 10
1424 2948 6
1424 3763 5
1424 695 6
1424 322 8
1424 2979 6
1425 1303 1
1425 3158 3
1426 4422 7
1426 1190 1
1426 197 8
1427 4787 10
1427 3556 8
1427 4604 9
1428 2470 2
1428 1820 9
1428 3603 4
1428 3096 7
1429 453 6
1430 3698 10
1431 2056 5
1431 2623 7
1432 4577 5
1432 1780 3
1432 2190 4
1432 2130 4
1432 3916 9
1433 4851 3
1433 2335 3
1434 1805 4
1435 3207 8
1435 4558 7
1435 3432 5
1436 3521 1
1436 2361 10
1436 3505 1
1437 4440 4
1437 1263 6
1438 1470 7
1438 1979 5
1438 4023 6
1438 4598 5
1438 2932 8
1439 4029 10
1439 4467 8
1439 4711 4
1439 4789 3
1439 627 4
1440 455 4
1440 2036 1
1440 3300 10
1440 4963 9
1440 2695 6
1441 2181 9
1441 2631 2
1442 1282 9
1442 3919 3
1442 4028 7
1443 3376 8
1444 1430 6
1445 950 4
1445 3499 2
1445 4124 4
1445 612 2
1446 3463 4
1446 4242 4
1446 3747 4
1446 655 9
1446 1356 7
1447 4451 1
1447 3530 8
1447 3867 7
1447 139 7
1448 2837 2
1448 4015 2
1448 3317 5
1448 2615 5
1448 3493 6
1449 3412 1
1450 2824 3
1451 4079 7
1452 3720 3
1452 1319 2
1452 1547 7
1452 2681 8
1452 3725 5
1453 418 9
1453 4022 2
1453 1588 4
1453 224 2
1453 2779 10
1454 236 6
1455 1377 2
1455 4179 3
1456 2685 6
1457 688 10
1458 2825 9
1458 3179 1
1458 1491 3
1459 211 9
1460 3196 4
1460 4270 1
1460 1917 10
1460 1876 4
1460 2388 4
1461 986 4
1461 4900 2
1461 2522 2
1461 4584 7
1462 2942 2
1462 2220 3
1462 1752 2
1462 83 7
1462 4781 4
1463 314 4
1463 2553 7
1464 3676 7
1465 2466 6
1465 267 2
1465 1540 2
1465 4177 10
1466 809 1
1466 3079 8
1466 1386 3
1466 1895 5
1466 3124 1
1467 2001 6
1467 2949 4
1467 1880 7
1468 4036 3
1469 1544 5
1469 4546 6
1470 3413 2
1470 4971 10
1471 4886 2
1472 3083 3
1472 3452 9
1472 1914 5
1472 4046 2
1472 2179 10
1473 1399 4
1473 2736 2
1473 1636 9
1474 1737 9
1474 4267 10
1474 4566 9
1474 4104 8
1474 3717 1
1475 3248 8
1475 458 10
1475 3275 1
1476 3649 3
1476 3056 7
1476 1574 4
1477 901 1
1478 3479 2
1478 3765 3
1478 1831 1
1478 4140 7
1478 4662 9
1479 1935 8
1479 4977 6
1479 1743 9
1479 4474 10
1479 1096 8
1480 2795 6
1480 1314 5
1481 4559 8
1481 4360 7
1482 3577 3
1482 603 8
1482 3850 2
1482 4247 5
1483 3773 3
1483 4844 1
1484 65 2
1484 2508 9
1484 3503 8
1485 943 8
1485 2411 9
1485 3263 5
1486 4002 6
1487 4551 6
1487 1900 4
1487 2094 1
1487 1092 8
1487 3697 10
1488 2266 5
1488 2694 3
1488 632 8
1488 2009 4
1488 3120 6
1489 2616 7
1489 2354 6
1489 773 4
1489 2895 1
1490 3439 10
1490 2399 5
1491 2977 9
1492 102 6
1493 1385 7
1493 2055 2
1493 2765 7
1494 2224 1
1495 4033 10
1495 4022 9
1495 447 8
1495 3375 2
1495 1588 3
1496 186 6
1497 4466 10
1498 2956 2
1499 4700 1
1499 4943 5
1499 4841 10
1499 3209 8
1500 2267 5
1500 27 10
1500 4750 1
1500 467 10
1500 4019 5
1501 4296 6
1501 1700 6
1501 2389 9
1502 2309 1
1502 2547 4
1502 1132 9
1502 2854 4
1503 1650 6
1503 4227 5
1503 4980 8
1504 4944 9
1504 2970 10
1504 2258 6
1504 1537 1
1505 2598 1
1505 1588 3
1506 880 3
1506 2159 4
1506 1428 7
1506 3914 10
1506 4169 8
1507 3413 7
1507 2798 7
1507 2511 8
1507 646 9
1508 2634 2
1508 1565 10
1508 4446 9
1508 530 10
1509 3856 4
1509 4100 7
1509 2056 6
1509 4685 5
1510 2105 4
1510 995 5
1510 3501 1
1510 4964 10
1510 4647 5
1511 2074 1
1511 1606 2
1511 3734 8
1511 2728 6
1511 947 7
1512 4558 5
1513 3920 9
1513 4374 10
1513 686 10
1513 1591 3
1513 4960 8
1514 2268 4
1514 3127 8
1514 1322 3
1514 1918 1
1515 2038 9
1515 2893 7
1515 4287 2
1515 3028 1
1516 3250 4
1516 2573 8
1517 186 9
1517 3981 3
1518 4369 3
1518 3308 4
1518 2343 4
1518 2859 8
1518 2232 9
1519 2737 2
1519 2813 5
1519 4063 7
1519 2356 1
1520 2773 5
1520 943 1
1520 3263 10
1520 2265 1
1520 4011 3
1521 60 9
1521 1609 3
1521 1392 9
1521 982 10
1522 1086 10
1522 89 2
1522 3030 1
1523 396 2
1523 3314 4
1524 3010 10
1524 3638 8
1524 4251 2
1524 4832 2
1524 3819 7
1525 2076 1
1525 4610 3
1525 3940 3
1525 3041 5
1525 2531 6
1526 3297 9
1526 4439 8
1526 2412 2
1526 3503 2
1527 1996 6
1528 3965 5
1528 2024 2
1529 2059 9
1529 1474 5
1529 1737 4
1529 3228 8
1530 4832 6
1530 1656 7
1530 934 1
1531 3743 6
1531 2398 10
1531 2569 2
1531 4355 4
1531 4257 3
1532 2014 4
1532 4849 7
1532 4460 7
1532 4051 1
1532 4065 6
1533 2406 1
1533 1206 10
1533 228 7
1534 3740 5
1534 4397 10
1534 3037 3
1534 327 1
1535 3227 7
1535 8 1
1535 4699 7
1535 1244 3
1536 3756 3
1536 975 5
1537 3620 7
1537 2258 8
1537 4167 7
1537 4178 9
1537 3943 1
1538 2811 1
1538 4872 2
1538 1571 5
1538 1945 1
1538 1026 5
1539 2237 5
1539 927 8
1540 1548 5
1540 2407 1
1541 1305 7
1542 3191 6
1543 2057 9
1543 2212 6
1543 1868 3
1543 307 7
1543 2209 6
1544 3352 3
1545 3528 1
1545 697 4
1545 2007 6
1546 4517 7
1546 4239 10
1547 3720 3
1547 4709 5
1547 4525 9
1547 1834 10
1547 331 3
1548 3609 1
1548 3911 8
1548 3364 5
1549 1191 7
1550 2147 6
1550 1777 5
1550 2743 5
1550 4295 7
1551 369 2
1551 3520 10
1552 3395 10
1552 3560 7
1552 4205 9
1553 3071 10
1553 2487 2
1553 4204 5
1553 59 4
1553 4802 8
1554 2059 8
1554 209 2
1554 3563 10
1555 1280 3
1555 2457 5
1555 1080 7
1555 1023 4
1555 4777 10
1556 2809 9
1556 279 9
1557 4094 2
1557 3067 8
1557 3726 5
1557 3422 6
1557 4965 9
1558 1721 2
1558 4677 10
1558 4511 10
1558 3775 10
1559 2693 2
1560 3272 7
1560 4471 10
1560 3178 2
1560 2676 4
1560 2133 3
1561 4822 2
1561 252 8
1561 4562 2
1561 1177 5
1561 2542 2
1562 3346 7
1562 3936 7
1562 4172 8
1562 4998 5
1563 3206 10
1563 1751 7
1563 678 2
1563 4764 6
1563 4078 7
1564 1184 7
1565 1547 9
1566 4019 3
1566 4263 10
1566 1332 7
1566 3327 6
1567 865 9
1567 3912 8
1567 3180 1
1567 1694 7
1568 4905 1
1569 4490 8
1569 1664 7
1569 2956 10
1569 2404 7
1569 3975 3
1570 3475 8
1570 4246 5
1570 308 5
1571 2118 4
1571 2811 4
1571 4599 5
1572 1226 5
1572 2438 9
1573 1414 10
1573 3451 10
1573 776 8
1573 964 6
1573 3878 3
1574 792 3
1574 4059 8
1575 4715 5
1575 3657 6
1575 1771 6
1575 275 3
1575 217 4
1576 4421 6
1576 786 2
1576 3989 8
1576 265 3
1577 2645 1
1577 1698 4
1577 3180 4
1577 378 5
1577 1804 8
1578 3477 3
1578 923 6
1578 3160 2
1578 1910 1
1579 4314 7
1580 3689 4
1580 1193 10
1580 4497 10
1580 3811 5
1581 1574 3
1581 2974 6
1581 4297 3
1581 2866 1
1582 3150 9
1583 4753 5
1583 654 6
1583 4303 2
1583 3931 2
1584 4772 6
1584 1331 3
1585 936 2
1585 50 10
1585 3091 5
1585 4820 9
1586 1693 6
1586 4200 5
1586 334 4
1586 4995 2
1586 4374 4
1587 3834 2
1587 1191 1
1587 1568 1
1587 1016 3
1587 925 6
1588 2957 3
1589 4098 9
1589 3942 9
1589 3094 9
1589 2057 3
1590 398 5
1590 3665 9
1591 3273 5
1591 4960 10
1591 3390 2
1591 3844 5
1591 4852 4
1592 2167 6
1593 2473 5
1593 2961 9
1593 4051 9
1593 4525 1
1593 4385 8
1594 3496 9
1595 3227 8
1595 3168 8
1595 4343 9
1596 3241 5
1596 712 9
1596 4925 7
1597 1862 9
1597 1282 3
1598 4812 1
1598 2934 6
1598 3926 2
1599 2924 7
1599 2352 8
1599 2559 9
1600 2124 4
1600 3173 10
1600 1197 5
1601 3125 4
1602 1547 5
1602 3007 3
1602 1398 10
1603 593 1
1603 4792 4
1603 4487 1
1603 2699 5
1603 3177 8
1604 4116 1
1605 2184 1
1605 1293 7
1605 3123 1
1605 197 9
1605 867 5
1606 4137 6
1607 3401 5
1607 1613 1
1608 3203 4
1608 4321 4
1608 3941 2
1609 2952 7
1609 3199 5
1609 2121 3
1609 2570 6
1610 2061 7
1611 4793 8
1611 1745 7
1611 812 4
1611 2694 4
1611 3670 9
1612 346 4
1613 4639 8
1613 1038 3
1613 1144 1
1613 3634 5
1613 3067 4
1614 1395 10
1614 3642 1
1615 1558 7
1615 3099 4
1615 554 3
1615 3291 6
1615 4076 8
1616 2765 1
1616 1262 4
1616 1899 3
1616 4068 7
1616 3665 2
1617 4658 8
1617 3213 2
1617 3637 7
1617 4271 7
1618 470 6
1618 1491 5
1618 1242 9
1618 4008 6
1618 732 6
1619 1981 5
1620 2308 1
1620 3129 4
1620 4000 5
1620 2677 6
1621 3021 1
1621 3358 9
1621 4618 3
1622 215 10
1622 2705 5
1623 2976 9
1623 4714 5
1623 3324 3
1624 3794 7
1625 4986 8
1625 2107 6
1626 230 5
1626 3401 4
1626 3457 2
1626 3726 9
1627 584 6
1627 247 7
1627 1485 3
1627 2411 7
1628 2757 10
1628 1827 6
1628 1822 9
1628 4364 10
1629 4319 2
1629 242 8
1629 4412 4
1630 2237 4
1630 4740 5
1630 134 1
1630 1759 10
1630 2806 5
1631 29 2
1631 4048 2
1632 4955 9
1632 2675 10
1632 4640 7
1632 2785 8
1632 969 9
1633 4284 9
1634 1540 9
1634 3911 4
1635 2210 2
1635 3932 8
1635 1781 2
1635 1126 7
1635 3181 5
1636 2364 10
1636 4982 3
1636 920 6
1637 3719 6
1637 157 10
1637 4610 2
1637 3041 7
1638 2557 8
1638 2032 7
1638 1918 6
1638 1889 2
1639 4177 1
1639 38 1
1639 3029 6
1639 2783 1
1640 2972 5
1640 2283 7
1640 4605 5
1640 1821 3
1640 4877 2
1641 4331 6
1642 782 5
1642 3532 7
1642 3495 9
1643 2445 10
1643 3146 9
1643 1055 7
1644 799 9
1644 4060 7
1645 4061 9
1645 4874 6
1645 2351 2
1646 4726 3
1646 921 3
1646 3282 5
1646 3588 7
1646 1780 7
1647 1625 10
1648 40 10
1648 3258 2
1648 3025 3
1648 4765 4
1649 1302 8
1649 366 7
1649 3505 8
1650 3349 8
1650 748 4
1650 84 2
1650 3689 2
1650 562 6
1651 586 5
1651 1938 3
1652 4463 10
1652 629 3
1652 1342 7
1652 4551 7
1652 1092 8
1653 3521 10
1653 3822 5
1653 4905 9
1653 4103 4
1654 4728 6
1654 4937 7
1654 4453 3
1654 4726 7
1655 3691 1
1655 380 5
1655 2497 7
1655 556 3
1656 3638 2
1656 2417 8
1656 346 5
1656 2992 3
1656 4766 1
1657 4181 6
1657 784 1
1657 3537 1
1658 4012 10
1659 863 6
1659 3949 1
1659 3379 8
1660 3906 3
1660 973 8
1660 109 9
1660 4441 4
1661 3284 1
1661 4928 9
1662 1785 9
1662 1244 10
1663 347 4
1663 376 8
1663 3488 2
1663 299 2
1664 590 3
1664 655 10
1665 2742 5
1665 3839 1
1665 133 7
1665 4570 1
1665 1725 7
1666 3238 9
1666 2478 5
1667 4395 10
1667 3286 5
1667 3633 10
1667 4217 3
1667 4156 7
1668 91 6
1668 1225 6
1668 2477 7
1669 739 4
1669 4135 8
1669 1263 5
1669 4186 5
1669 4704 9
1670 2454 1
1670 2411 4
1670 1063 3
1670 2444 7
1670 657 6
1671 4244 2
1671 3527 5
1671 4420 10
1671 308 9
1671 4050 5
1672 1403 7
1673 2411 1
1673 4351 9
1673 2657 2
1673 3407 9
1673 3799 7
1674 3324 6
1675 2126 1
1675 4296 5
1675 1156 9
1675 1372 7
1676 2404 1
1676 1569 3
1676 763 1
1676 2372 2
1677 2253 8
1677 1659 7
1677 4675 4
1678 311 2
1678 170 1
1679 3684 9
1679 1434 3
1680 2359 9
1680 339 5
1680 2765 9
1680 4068 4
1680 1262 7
1681 577 7
1681 2761 6
1682 1985 4
1682 1870 8
1682 4916 5
1682 3310 7
1682 2396 4
1683 4766 8
1683 2251 3
1683 1656 7
1684 3502 2
1684 4768 7
1684 3323 2
1684 2820 10
1685 4975 9
1685 1864 1
1685 4738 2
1686 492 6
1687 4781 2
1687 2781 4
1687 2942 3
1687 1705 2
1688 2765 6
1688 1745 2
1688 4729 6
1688 3903 9
1689 4 7
1689 1886 9
1689 3749 3
1689 2434 5
1690 3524 3
1691 149 9
1691 3079 9
1691 1386 7
1691 3481 10
1692 3473 6
1693 3508 8
1693 3390 8
1694 127 1
1695 2363 2
1696 1904 3
1696 3773 8
1696 4844 6
1696 1526 10
1697 1227 3
1697 1903 10
1698 22 9
1698 4703 7
1698 692 8
1698 4383 4
1698 666 3
1699 2130 2
1699 4577 9
1699 1852 8
1699 2873 3
1700 1236 1
1701 918 7
1701 1983 8
1702 4613 7
1702 2603 7
1703 1910 4
1703 102 8
1703 2459 7
1704 4294 5
1705 1744 2
1705 1321 3
1705 83 2
1705 3683 8
1705 1496 9
1706 2472 10
1706 4744 7
1706 1648 7
1707 3191 6
1707 4808 4
1708 1714 5
1708 3655 3
1709 1251 8
1710 415 8
1710 882 6
1710 3613 5
1710 4363 5
1710 538 2
1711 4564 3
1712 4907 3
1712 4656 1
1713 2113 7
1713 2672 7
1713 335 5
1713 4547 7
1713 1088 2
1714 2624 6
1715 4360 3
1715 2523 8
1715 4576 4
1715 3697 1
1715 252 10
1716 1453 1
1716 3282 5
1716 921 9
1716 4851 10
1716 4538 2
1717 966 9
1718 749 4
1718 1560 9
1718 3272 5
1718 1821 1
1718 2283 4
1719 2727 5
1719 2809 3
1719 3142 7
1719 1284 9
1720 3462 8
1721 1499 5
1721 2692 5
1721 1926 2
1722 4197 9
1723 4563 9
1723 4989 10
1723 752 5
1723 2700 1
1723 1892 3
1724 3292 3
1725 2019 2
1725 3033 2
1726 1288 8
1726 1446 6
1726 3908 2
1727 3842 1
1727 2459 9
1727 755 4
1728 335 6
1728 3245 8
1728 4547 8
1729 4200 3
1729 2576 5
1729 3324 3
1730 2891 10
1731 2306 9
1731 2918 3
1732 4780 6
1733 470 6
1733 436 8
1734 3888 6
1735 2745 4
1735 2079 8
1735 3260 2
1735 4114 1
1735 3458 8
1736 4363 2
1736 1231 10
1736 2106 9
1736 1594 10
1737 4267 9
1737 4534 7
1737 4104 2
1738 4478 7
1739 2792 3
1739 2456 10
1739 2719 4
1739 922 1
1740 4942 6
1740 1952 1
1740 2460 4
1741 1656 3
1741 4211 5
1741 3638 7
1741 346 7
1742 216 3
1742 2799 5
1742 1647 9
1743 1086 7
1743 3818 5
1743 2809 4
1744 1675 9
1744 4988 7
1744 3438 8
1744 3981 5
1745 2738 6
1745 3120 7
1746 320 2
1747 1211 3
1747 2913 6
1747 434 7
1748 4149 9
1748 4101 3
1748 3792 5
1748 1009 2
1748 2881 10
1749 1667 5
1749 1828 7
1749 1157 5
1749 3225 3
1749 4156 5
1750 2325 2
1750 3685 10
1751 3439 3
1751 2399 2
1751 4528 4
1751 4764 6
1751 2477 7
1752 83 3
1752 3600 4
1752 4786 3
1752 4541 3
1752 461 6
1753 102 1
1753 2267 4
1753 4893 3
1754 1537 3
1754 1888 5
1754 2970 5
1754 1353 9
1754 2917 6
1755 667 1
1755 3469 5
1756 1542 6
1756 4818 9
1756 4530 3
1756 3191 4
1757 2100 5
1757 2979 10
1757 322 1
1758 1495 9
1758 4022 2
1759 3989 4
1759 3224 10
1759 920 1
1759 4017 6
1759 4740 9
1760 4191 4
1760 4946 6
1760 1354 8
1761 474 6
1762 80 3
1762 2252 7
1762 674 9
1762 4448 10
1763 3836 10
1763 4287 1
1763 2038 6
1764 3132 5
1765 2592 3
1766 3929 9
1766 3123 7
1767 1802 1
1768 4891 9
1768 3884 8
1768 4980 7
1769 2921 5
1769 1451 5
1770 302 7
1771 4549 7
1771 4289 9
1771 3453 8
1771 3319 5
1772 776 6
1772 1967 5
1773 1551 7
1773 919 8
1773 1960 3
1773 4954 2
1774 1052 4
1774 1022 3
1775 1282 8
1775 4951 9
1775 2342 7
1775 2492 2
1776 4832 5
1776 3111 4
1777 135 7
1777 2306 4
1777 4879 4
1778 3746 10
1778 2404 8
1778 3975 2
1778 2722 4
1779 443 8
1779 2869 10
1779 3753 3
1780 4728 10
1780 4001 4
1781 1784 1
1781 2210 3
1782 2682 7
1783 3984 4
1783 2244 7
1783 3267 2
1783 917 3
1784 1790 1
1784 3968 7
1784 306 3
1784 4874 1
1784 1645 7
1785 2300 9
1785 3835 6
1786 1679 6
1786 2349 3
1786 2618 4
1787 3036 1
1787 607 3
1788 3055 6
1788 3822 4
1788 356 5
1789 1059 6
1789 3741 5
1790 2472 2
1790 3429 4
1790 1706 5
1790 4655 6
1791 2767 1
1791 4200 1
1791 4714 9
1791 4838 1
1791 4995 3
1792 1888 2
1792 1412 8
1792 2416 1
1793 1055 6
1794 512 3
1794 2229 6
1794 1036 8
1794 4617 2
1794 2400 9
1795 1722 6
1796 468 6
1796 1070 5
1796 4765 2
1796 371 2
1797 878 2
1797 797 4
1797 3951 6
1798 3768 2
1798 456 7
1798 4668 7
1798 1919 5
1799 1826 9
1799 3164 4
1799 4077 1
1799 4434 1
1799 2336 3
1800 4920 1
1801 3191 10
1801 3917 4
1801 1365 10
1801 2794 10
1801 3744 7
1802 4151 10
1802 2966 5
1802 875 1
1803 1635 6
1804 2666 10
1805 875 8
1806 441 7
1806 3524 2
1807 760 4
1807 3024 9
1808 3344 6
1808 954 1
1808 1784 5
1808 371 8
1808 4061 5
1809 4260 4
1809 4334 5
1809 4411 9
1810 1472 7
1810 3613 3
1810 3452 3
1811 2121 4
1812 464 9
1812 2198 5
1813 3181 6
1814 1223 6
1814 1031 3
1815 4441 10
1815 4615 2
1815 174 2
1815 3295 1
1815 2915 1
1816 3602 3
1816 3502 1
1816 2876 6
1816 3323 8
1817 3124 6
1817 1751 7
1817 1490 3
1818 1180 10
1818 4915 2
1818 2573 9
1818 562 8
1819 918 7
1819 213 3
1819 3899 4
1820 1721 6
1820 4076 1
1821 2596 4
1821 2255 10
1821 4927 3
1821 4097 1
1821 3268 2
1822 2352 5
1823 1579 3
1823 1820 2
1824 80 6
1825 2343 2
1825 4353 3
1825 2959 7
1826 751 4
1827 3283 9
1828 4552 2
1828 4217 8
1828 4156 1
1829 1364 10
1829 3577 4
1829 2145 7
1830 3049 5
1830 3239 9
1830 4989 4
1830 1300 5
1831 2299 4
1831 4140 5
1831 1475 4
1832 4957 8
1833 17 10
1834 287 5
1835 1238 4
1835 425 9
1836 2258 3
1836 4953 8
1836 4167 10
1836 3529 8
1836 3359 9
1837 2433 4
1837 2485 7
1837 4774 2
1837 3972 10
1837 1174 4
1838 3494 4
1838 881 1
1838 1509 2
1838 2623 10
1839 787 6
1839 1260 2
1839 4824 8
1839 2654 3
1840 2019 2
1840 4222 10
1840 4780 5
1840 4783 1
1841 324 9
1841 3860 10
1841 4110 2
1841 2987 8
1842 1260 4
1842 3133 10
1842 3921 1
1842 1948 8
1842 88 8
1843 1005 3
1844 4176 7
1844 1958 5
1845 1343 9
1845 1896 1
1846 3869 8
1846 3441 5
1846 3610 5
1846 2103 8
1846 4911 3
1847 3689 6
1847 284 10
1848 4257 7
1848 2569 2
1849 3870 9
1849 4241 4
1849 2277 7
1850 1180 4
1850 4828 9
1851 1338 5
1852 1433 10
1852 796 4
1852 4795 5
1852 1021 3
1852 2357 5
1853 4311 6
1854 3841 2
1854 1671 8
1854 4235 2
1855 2419 8
1856 4289 3
1856 3453 10
1857 4017 5
1857 1810 2
1857 264 7
1858 1147 5
1858 4731 5
1859 656 6
1859 1169 8
1860 4439 2
1860 4614 10
1860 2412 3
1860 1890 10
1860 2039 8
1861 3898 8
1861 1076 10
1862 2342 6
1862 1104 10
1862 1564 4
1862 242 2
1862 3343 4
1863 4523 1
1863 4166 6
1863 319 10
1863 2665 8
1864 520 5
1864 2111 1
1864 4975 4
1864 4266 1
1864 2724 9
1865 3599 3
1865 848 4
1866 2746 2
1866 1250 4
1866 4920 5
1866 2610 8
1866 2154 1
1867 3972 5
1868 274 8
1868 4370 2
1869 977 7
1869 2211 2
1869 1585 4
1869 2456 1
1870 4767 5
1871 3177 3
1872 890 9
1872 794 1
1873 2436 2
1873 470 6
1873 3934 8
1874 122 2
1874 3383 6
1874 2086 5
1875 2475 10
1875 2027 5
1875 4271 8
1876 3196 10
1876 2633 8
1877 4411 2
1878 2478 3
1878 310 8
1879 4594 5
1879 3361 7
1880 2770 10
1881 4608 7
1882 4746 5
1883 339 7
1883 2606 7
1884 1343 3
1884 571 9
1884 1077 6
1884 1344 8
1885 151 9
1885 4153 7
1885 2098 4
1885 4601 2
1886 2910 10
1886 3414 6
1886 3948 2
1886 2229 1
1887 3628 8
1887 4069 7
1887 2323 7
1887 811 2
1887 4077 5
1888 2917 7
1888 4953 9
1889 1582 1
1889 4472 5
1889 508 7
1890 2341 10
1890 2616 10
1890 3423 1
1890 773 8
1891 2026 5
1892 4228 4
1892 2260 8
1893 2462 9
1893 4946 3
1894 3223 8
1895 2913 8
1895 4528 3
1895 2477 3
1895 1751 4
1896 1548 6
1896 3029 8
1897 1026 9
1898 3156 9
1899 117 2
1899 3828 4
1899 438 5
1900 1822 2
1900 4040 6
1900 3283 10
1901 2796 1
1901 2899 10
1901 2178 5
1902 3963 3
1902 2593 5
1902 3125 2
1902 3794 4
1902 2437 2
1903 4654 3
1904 4614 7
1904 1890 4
1904 1860 7
1904 325 5
1904 2039 1
1905 2635 8
1905 2031 4
1905 4754 1
1905 3601 5
1905 824 7
1906 576 7
1906 2992 1
1907 506 9
1907 3768 9
1907 4755 6
1907 3054 4
1907 600 5
1908 4738 6
1908 2161 1
1909 4310 3
1910 2962 9
1910 2459 4
1910 2577 8
1910 4893 4
1911 4342 5
1911 4091 1
1912 306 3
1912 125 3
1913 1489 10
1914 1594 9
1914 4363 6
1915 2912 8
1915 2866 7
1916 2969 2
1916 4445 7
1917 3616 4
1917 2606 9
1918 3982 8
1918 1572 2
1918 2842 1
1918 2865 1
1919 4930 9
1919 938 10
1920 685 7
1921 3324 8
1921 4012 10
1921 4609 3
1921 195 6
1921 1121 4
1922 3652 10
1923 2623 2
1924 2802 4
1924 1717 3
1924 1049 4
1924 3003 10
1924 4612 6
1925 4207 4
1925 3754 1
1925 3039 4
1925 841 7
1926 4700 3
1926 1030 4
1926 3882 10
1926 4314 10
1927 2224 1
1927 1283 9
1928 3146 4
1928 2347 4
1928 4660 10
1929 2617 3
1930 1011 7
1930 2434 3
1930 4464 9
1930 1689 1
1931 2661 3
1931 4276 8
1932 350 7
1933 380 3
1934 695 10
1934 2100 2
1935 3030 7
1936 1475 2
1936 1478 2
1936 2761 9
1936 451 9
1936 69 1
1937 1296 7
1937 4397 9
1937 3740 6
1937 3488 4
1938 2675 9
1939 2027 6
1939 821 3
1939 540 8
1939 2409 8
1939 4042 9
1940 4818 10
1940 648 4
1940 3191 7
1941 1781 7
1942 3326 10
1942 1340 3
1942 3379 6
1942 863 2
1943 1168 8
1943 2251 5
1943 1383 9
1943 3951 1
1943 422 4
1944 2770 3
1944 2826 2
1944 4224 3
1944 3224 1
1944 264 6
1945 4962 1
1945 2479 2
1945 4489 5
1946 2267 9
1947 1971 8
1947 3871 3
1947 1435 10
1947 1794 10
1948 4006 6
1948 2180 9
1949 172 4
1949 4328 2
1949 2015 2
1949 3581 7
1949 1266 3
1950 3044 1
1950 920 10
1950 1759 1
1951 1720 2
1951 1983 9
1951 3631 4
1951 3321 8
1952 1443 1
1952 1212 3
1952 3376 3
1952 4182 10
1953 1278 10
1953 3327 5
1954 856 3
1954 344 6
1955 2398 4
1955 4233 10
1955 577 7
1956 1954 8
1956 3716 9
1956 3228 6
1956 4312 9
1956 1377 10
1957 947 9
1957 3663 4
1957 2401 4
1958 4771 1
1958 323 4
1958 1332 5
1958 2636 8
1959 3883 7
1959 2452 2
1959 1564 7
1959 4696 5
1960 289 4
1961 2898 1
1961 1833 1
1961 1013 2
1961 2411 2
1961 2618 5
1962 3782 5
1962 2700 8
1963 3356 3
1963 3112 6
1963 978 10
1963 3975 10
1964 4622 1
1964 3087 10
1964 484 4
1964 2981 2
1964 1847 1
1965 693 5
1965 4189 10
1966 148 4
1967 2527 7
1968 2457 2
1969 545 7
1969 3838 2
1969 639 6
1970 4453 6
1971 4347 6
1972 4556 5
1972 1413 4
1972 1244 6
1972 4090 8
1973 4786 10
1974 966 3
1974 413 9
1975 1747 2
1975 1068 5
1975 3777 5
1975 3821 1
1975 3753 7
1976 1024 4
1976 339 7
1976 1824 3
1976 3415 5
1977 3812 4
1977 3984 9
1977 3057 1
1977 3172 7
1978 1037 10
1979 4971 9
1979 1757 2
1979 4673 4
1979 1934 5
1980 4061 1
1980 954 7
1980 4655 5
1980 439 9
1981 521 9
1981 2859 4
1981 4810 6
1982 914 2
1982 2542 5
1982 3518 2
1982 4669 7
1983 1652 8
1983 4338 4
1984 923 10
1984 2962 8
1984 639 1
1984 2577 2
1985 3884 9
1985 3387 9
1986 925 4
1986 1099 7
1987 4333 10
1987 2012 2
1987 4418 3
1988 3918 1
1988 2477 8
1988 809 8
1989 992 7
1989 3450 4
1989 3697 7
1989 3983 5
1989 1014 5
1990 1496 10
1990 4678 8
1990 1675 2
1990 1371 1
1990 1005 9
1991 1028 7
1992 4958 8
1992 3588 1
1992 4728 3
1992 2335 5
1993 3768 3
1993 4044 6
1994 2079 9
1994 4114 4
1994 3163 1
1994 4473 8
1995 4786 7
1995 3001 2
1995 1321 2
1995 2220 3
1996 1658 4
1996 4141 1
1996 4752 10
1996 4335 3
1996 2527 10
1997 764 6
1997 2052 3
1997 3436 2
1998 735 1
1998 4766 10
1998 3342 4
1998 578 10
1998 1906 3
1999 3364 3
1999 4373 5
1999 3609 1
1999 4531 1
1999 2768 3
2000 3140 3
2000 3779 5
2000 4215 4
2001 4276 3
2001 134 3
2001 810 7
2001 762 6
2001 1810 6
2002 3714 3
2002 3024 4
2003 144 6
2003 3389 8
2004 2780 1
2004 587 10
2004 4845 3
2004 2507 7
2004 2006 5
2005 2164 10
2005 2175 6
2005 4856 10
2006 2158 7
2006 4845 5
2006 587 10
2007 861 4
2007 3220 9
2007 1712 2
2007 4997 8
2007 3060 6
2008 2436 8
2008 156 2
2008 4944 2
2008 2053 2
2008 4178 7
2009 4793 1
2009 3120 8
2009 812 5
2009 2694 2
2009 1387 9
2010 2694 3
2010 3120 1
2011 4017 1
2011 3452 6
2011 1914 7
2011 3104 9
2011 933 6
2012 4182 1
2012 2457 6
2012 1212 3
2012 1443 3
2013 4258 6
2013 1194 2
2013 794 10
2013 3636 3
2013 607 4
2014 331 5
2014 4460 5
2015 205 4
2015 57 5
2015 1388 6
2015 3039 3
2015 4154 8
2016 4906 1
2017 2232 1
2017 1825 2
2017 3011 7
2017 2859 2
2018 1175 9
2018 207 8
2018 3033 2
2018 4811 8
2018 2863 9
2019 1732 8
2019 4780 5
2019 4222 5
2019 1049 7
2019 3675 7
2020 4468 4
2020 4086 10
2020 2127 2
2020 2292 5
2020 4798 3
2021 3748 9
2021 4725 2
2021 141 1
2022 2559 10
2022 4669 8
2022 4364 7
2023 393 2
2023 1433 10
2023 921 8
2024 2079 1
2024 4505 3
2024 1484 2
2024 2745 4
2024 3745 5
2025 2547 4
2025 4711 7
2025 1870 9
2026 3343 2
2026 4057 1
2026 606 9
2026 3919 3
2026 2655 6
2027 2346 1
2028 1215 10
2028 2702 4
2028 3157 6
2029 4335 3
2029 1996 9
2029 728 10
2030 1021 2
2030 3515 4
2031 1838 10
2031 2016 4
2032 2842 1
2032 3751 7
2032 2584 1
2032 2925 8
2033 2589 6
2033 4101 3
2034 3881 5
2034 4204 3
2034 4096 3
2034 3946 8
2035 1859 8
2035 139 6
2035 2607 7
2035 1447 5
2036 2315 2
2036 4752 1
2036 2709 7
2036 1389 4
2036 3451 1
2037 2956 9
2037 3337 5
2038 4072 10
2038 3028 4
2038 903 1
2038 3 10
2039 4310 8
2039 4248 2
2040 1524 8
2041 1686 4
2042 3332 8
2042 3628 9
2042 4547 8
2042 900 5
2042 787 7
2043 2099 1
2044 2496 9
2045 1256 5
2045 3836 1
2045 4287 1
2045 4074 10
2045 4689 1
2046 4853 2
2046 4250 7
2046 4808 7
2046 4496 8
2047 4081 7
2048 3458 6
2048 1696 6
2049 4092 8
2049 1236 2
2049 3516 10
2050 4943 7
2050 3882 8
2051 943 9
2051 2705 4
2051 4976 6
2052 4070 7
2052 737 8
2052 4993 2
2052 4734 1
2053 2258 3
2053 93 3
2053 282 7
2054 1453 6
2054 789 4
2054 1646 10
2054 2640 4
2054 1249 5
2055 2185 3
2056 4685 7
2057 3030 9
2057 3507 9
2058 3588 3
2059 3084 10
2060 3118 7
2060 1342 10
2060 4121 7
2061 1763 7
2062 4629 3
2062 1162 2
2062 3623 5
2062 3135 4
2062 295 5
2063 2298 9
2063 387 3
2063 747 4
2063 1461 5
2063 1283 5
2064 3607 7
2065 2791 2
2065 751 1
2066 4951 4
2067 2813 6
2067 2737 2
2067 374 2
2067 4371 2
2067 2549 2
2068 1673 5
2068 2657 7
2068 3799 9
2068 3407 4
2069 40 10
2070 4486 8
2070 2970 8
2070 1264 8
2070 2627 2
2071 1951 8
2071 987 9
2071 3909 4
2071 4654 1
2072 310 4
2072 3307 8
2073 2977 5
2074 3822 2
2074 3354 7
2075 4080 5
2076 2161 9
2077 3862 5
2078 1736 7
2078 2770 10
2078 4288 8
2078 2179 9
2079 3570 9
2079 1484 8
2079 4114 7
2079 313 1
2080 4982 5
2080 810 8
2080 1810 3
2080 1138 3
2080 2500 4
2081 3852 9
2081 1929 2
2081 4309 7
2081 2288 3
2082 2677 1
2082 4335 1
2082 4821 7
2082 833 4
2082 2691 10
2083 4655 9
2084 2267 1
2085 2154 4
2085 2201 4
2085 1076 2
2085 4027 7
2086 1699 8
2086 4988 10
2086 2838 6
2086 2065 9
2086 3299 9
2087 1736 5
2087 927 6
2087 4274 7
2087 4627 3
2088 1923 4
2088 2118 1
2088 631 1
2089 4711 6
2090 797 10
2090 1530 5
2090 4807 8
2091 2636 6
2091 2588 1
2092 2288 5
2092 3616 5
2092 799 3
2092 2167 6
2093 4543 9
2093 4812 1
2093 3864 10
2094 4669 2
2094 4165 2
2094 3283 4
2095 4000 7
2095 4523 2
2095 564 3
2096 585 8
2096 163 4
2097 4925 10
2098 3524 1
2098 4354 10
2099 3525 6
2099 4928 6
2100 2881 1
2100 1009 5
2101 3028 2
2101 4072 4
2102 3090 10
2102 1605 10
2103 1323 4
2103 3425 5
2103 1631 9
2103 3097 8
2104 2899 2
2105 1524 8
2106 4660 1
2107 464 8
2107 1411 8
2107 2198 4
2108 1617 8
2108 4273 5
2108 570 3
2109 4527 10
2109 1247 9
2110 4770 2
2110 3205 5
2111 1315 5
2111 4630 9
2111 4259 2
2112 4059 8
2112 1915 6
2112 2278 10
2112 4705 7
2113 1088 5
2114 4040 4
2114 846 9
2115 4218 7
2115 2672 2
2116 3612 3
2116 1690 3
2117 2910 9
2118 4489 6
2118 4962 10
2118 184 6
2119 4129 4
2119 2905 8
2119 883 3
2120 1153 3
2120 1200 9
2120 405 7
2120 3422 2
2121 1130 7
2121 4232 1
2121 4228 6
2121 1892 9
2122 4687 1
2122 825 6
2123 3036 1
2123 4950 6
2124 4391 9
2124 2707 8
2124 2771 4
2124 4315 10
2124 4091 3
2125 2307 10
2126 808 10
2126 1948 4
2126 2873 7
2127 2867 5
2128 809 1
2129 1504 2
2129 3943 3
2129 3620 2
2129 1150 9
2129 1264 3
2130 1654 5
2130 3034 8
2130 4577 3
2130 2598 1
2130 4001 1
2131 3430 5
2132 2439 3
2132 2877 1
2132 2727 4
2133 365 8
2133 4371 4
2133 2676 1
2133 1448 7
2134 1224 5
2134 4863 4
2135 2451 4
2136 1202 10
2136 3919 8
2137 3510 2
2137 3669 8
2137 163 6
2138 4812 10
2138 2819 8
2138 1347 7
2139 3314 5
2140 4256 9
2140 4292 6
2140 3256 7
2140 3525 3
2141 3066 3
2141 3447 7
2141 2639 5
2141 3192 2
2141 794 9
2142 4165 9
2143 4463 10
2143 1951 9
2143 3631 8
2143 1227 8
2144 4374 10
2144 686 5
2144 2976 3
2145 3840 6
2145 2362 8
2146 3207 3
2146 2229 1
2146 4595 7
2147 476 4
2147 1022 10
2148 163 10
2148 807 6
2149 4597 4
2149 3191 3
2149 2794 5
2149 4056 2
2149 177 4
2150 496 5
2151 2079 5
2152 3876 3
2153 2883 8
2153 4816 7
2153 4268 6
2154 4030 2
2154 4955 5
2154 3223 4
2155 2260 10
2155 4563 10
2155 1892 4
2155 2995 1
2155 2952 5
2156 3461 4
2156 1092 6
2156 2071 2
2156 2771 3
2157 2693 10
2157 1448 10
2157 3119 4
2157 3596 3
2157 4380 1
2158 1220 8
2158 1533 6
2159 4205 7
2159 2990 8
2159 3291 10
2160 3839 4
2160 4952 4
2160 3687 8
2160 1009 4
2160 953 4
2161 1255 6
2161 3051 9
2162 4749 1
2162 4378 7
2162 3703 9
2162 3915 5
2163 17 1
2163 3495 8
2163 2966 9
2163 2886 5
2163 1690 6
2164 4270 1
2164 3616 10
2164 2388 1
2164 3852 7
2164 3954 9
2165 63 7
2165 3912 5
2165 77 7
2165 4383 1
2166 2412 3
2166 853 9
2166 2403 8
2167 31 8
2167 3196 9
2167 1456 5
2167 2685 7
2167 2606 2
2168 3409 9
2168 2269 1
2168 700 6
2168 2487 1
2169 1866 2
2169 2785 5
2169 2746 3
2169 1251 3
2170 3933 4
2170 4028 10
2171 2416 10
2172 2376 9
2173 2367 4
2174 3864 7
2175 2633 3
2175 2617 8
2175 4631 2
2175 3599 6
2176 246 4
2176 4633 9
2176 170 5
2177 197 10
2177 54 2
2177 2955 10
2177 3454 7
2178 3207 3
2179 882 2
2180 4088 3
2180 829 3
2180 2654 6
2181 4502 10
2182 3779 4
2182 150 2
2182 455 6
2182 472 2
2182 3140 6
2183 146 1
2184 4064 2
2185 3621 2
2185 4214 5
2186 2477 8
2186 4078 6
2186 1225 3
2186 1386 7
2187 66 5
2187 1395 8
2187 3988 4
2187 2324 3
2188 3063 2
2188 3504 7
2188 4629 4
2189 4685 5
2189 2056 6
2189 1459 2
2190 2490 8
2190 4033 9
2190 4728 2
2191 1646 5
2191 4795 8
2191 4453 8
2191 4851 5
2192 2457 2
2192 3253 5
2192 832 7
2192 79 7
2192 4182 7
2193 4655 1
2193 1784 4
2193 4744 9
2193 3662 3
2194 4780 6
2194 3785 8
2194 1340 10
2194 1725 4
2194 255 2
2195 4343 6
2195 3122 5
2195 4923 1
2195 1087 5
2195 2687 3
2196 1904 4
2197 1893 8
2197 4588 6
2198 424 9
2198 3001 1
2199 1947 1
2199 2469 4
2199 2104 2
2199 1064 6
2200 4022 9
2201 3255 4
2201 4920 4
2202 4005 5
2202 2495 10
2202 619 3
2202 991 5
2203 3263 7
2203 2355 8
2203 2657 6
2203 4351 10
2203 1622 2
2204 2864 3
2204 481 1
2205 4141 7
2205 4012 4
2206 3292 4
2206 2909 8
2206 4654 9
2206 3909 5
2207 4141 4
2207 3988 3
2208 1096 6
2208 4977 1
2209 1464 10
2209 1086 3
2209 3864 7
2210 3968 6
2210 726 2
2211 1919 1
2212 3142 7
2212 4098 7
2213 4098 4
2213 409 10
2213 307 7
2214 4276 7
2214 4081 5
2214 2787 7
2215 2087 6
2215 134 6
2215 294 3
2215 280 5
2215 4046 4
2216 2705 10
2217 3972 6
2217 4774 6
2217 3112 9
2217 1837 1
2217 4203 9
2218 1082 8
2218 4326 9
2218 4038 3
2219 3388 7
2220 1433 8
2220 1700 9
2221 2958 8
2221 2152 1
2221 3707 9
2222 1979 9
2222 581 3
2222 549 9
2222 3713 7
2222 4598 8
2223 1938 1
2223 915 8
2224 2968 2
2224 2522 7
2224 4134 8
2225 2124 7
2225 1720 6
2225 361 10
2225 1652 9
2226 237 4
2226 4473 7
2226 3570 8
2227 8 1
2227 4556 10
2227 1380 3
2227 1413 2
2228 2864 1
2228 4201 3
2228 1430 3
2228 2464 1
2228 744 3
2229 1151 1
2230 2616 5
2230 3064 3
2230 2341 3
2230 4190 9
2231 4198 9
2231 2796 3
2232 4473 6
2232 2566 4
2233 1481 10
2234 2380 4
2234 3601 6
2234 63 7
2234 2623 2
2235 1026 9
2235 4962 9
2235 4599 5
2235 4685 3
2236 2276 10
2236 3807 7
2236 3372 9
2236 989 9
2237 2179 9
2237 4621 1
2238 3237 9
2238 962 7
2238 1934 3
2239 2846 8
2239 633 4
2239 4921 2
2239 3688 8
2240 4036 4
2240 4040 10
2240 2771 6
2240 3631 2
2240 1911 6
2241 4318 6
2241 311 4
2242 4787 1
2242 442 9
2242 3848 1
2242 2816 2
2243 4417 2
2243 4561 2
2243 2245 4
2244 4378 6
2245 2361 9
2245 925 6
2245 4742 10
2246 2630 4
2246 3636 3
2246 3341 4
2246 3122 4
2246 1378 9
2247 3568 10
2247 4577 5
2247 2873 5
2247 808 6
2247 1699 8
2248 424 7
2249 4239 6
2249 4081 2
2249 3635 8
2249 4151 4
2250 4232 3
2250 956 10
2250 4734 6
2250 4563 8
2251 1383 1
2251 527 8
2251 3993 3
2252 1919 9
2252 2719 3
2252 1387 6
2252 4694 4
2253 2525 1
2253 4570 4
2253 4811 10
2253 133 5
2254 659 2
2254 494 7
2254 3677 8
2255 1853 1
2255 4119 3
2256 208 10
2256 3954 6
2257 3119 8
2257 3493 2
2257 844 5
2258 3620 10
2258 3529 6
2258 1264 6
2258 4167 3
2259 499 8
2259 4039 5
2259 4612 7
2259 1717 1
2260 2794 7
2260 3557 9
2261 2023 3
2261 4801 3
2261 1874 4
2262 4556 5
2262 3889 3
2263 1892 1
2263 400 1
2263 3049 10
2264 1770 7
2264 3552 6
2265 2773 5
2265 2831 7
2265 1235 2
2265 3769 9
2266 4448 10
2266 2456 6
2266 4793 1
2267 3285 10
2267 4284 2
2267 545 9
2267 477 7
2268 667 9
2268 170 7
2268 4316 5
2268 4886 5
2269 59 6
2269 2891 6
2269 115 9
2269 3409 4
2269 4674 8
2270 1037 6
2270 1410 10
2270 1510 9
2271 1647 8
2271 901 9
2271 4386 1
2271 585 4
2272 3605 9
2272 4464 3
2272 1689 7
2272 4834 10
2272 4339 7
2273 2014 5
2273 2260 6
2274 3041 9
2274 4701 9
2275 2997 4
2275 3489 2
2275 3719 4
2275 4928 6
2276 714 2
2276 1254 1
2277 905 4
2277 1930 8
2277 4053 7
2278 2478 9
2278 4087 6
2278 1692 10
2279 2401 3
2280 1672 8
2280 3152 9
2280 670 2
2280 1327 9
2281 1383 1
2281 4251 6
2281 3819 8
2281 1524 5
2282 356 4
2282 2678 5
2282 1649 7
2282 1302 1
2282 359 1
2283 2133 1
2283 396 1
2283 4611 1
2284 3685 5
2284 3162 9
2284 1939 8
2285 1405 8
2285 3871 9
2286 3689 9
2286 3349 10
2286 4497 5
2286 4998 8
2287 4508 9
2287 2381 1
2287 4044 9
2288 4270 4
2288 1209 4
2288 3196 1
2288 4631 1
2288 2167 7
2289 330 2
2290 3361 3
2290 2158 1
2290 4167 8
2291 1712 4
2291 1157 3
2292 4798 6
2292 1502 4
2293 1052 10
2293 1465 3
2293 3364 10
2294 2029 5
2294 3300 7
2294 2187 8
2294 3988 7
2294 2315 6
2295 320 2
2295 4724 9
2295 4288 1
2296 4639 3
2296 3457 8
2296 1607 4
2297 3479 5
2297 2702 8
2297 3756 2
2297 2982 7
2298 1461 7
2298 986 3
2299 1536 9
2299 975 5
2299 2028 5
2299 3756 6
2299 458 4
2300 2890 3
2300 3336 2
2300 425 4
2300 2162 2
2300 4378 7
2301 1657 10
2301 2032 1
2301 2176 3
2302 1974 1
2303 3584 5
2303 3390 5
2303 1069 2
2303 686 10
2303 2576 8
2304 2631 4
2305 675 4
2305 1721 7
2305 2680 3
2305 1558 5
2306 913 10
2307 762 10
2307 2001 2
2308 1028 2
2308 4963 4
2308 51 1
2309 1120 8
2309 3456 10
2309 1804 5
2309 1137 8
2310 2176 3
2310 1605 7
2310 2021 10
2310 3454 1
2311 2736 3
2311 810 3
2311 134 8
2311 3962 6
2312 3344 3
2313 3205 1
2313 4640 8
2314 2344 2
2315 472 2
2315 1527 2
2315 1389 1
2315 3140 6
2315 728 5
2316 4726 9
2316 2191 10
2317 2850 4
2317 3032 2
2317 1338 2
2317 2948 4
2317 695 4
2318 2531 4
2319 3991 4
2319 2725 5
2320 1504 1
2320 3816 2
2320 2414 1
2320 1264 2
2320 2416 8
2321 4910 3
2321 2865 7
2321 3982 6
2322 1745 2
2322 2602 6
2322 2252 10
2323 2965 3
2323 1420 7
2324 277 5
2324 2527 7
2324 11 4
2324 2205 9
2325 4941 4
2325 82 6
2325 1465 3
2325 2346 3
2325 1875 6
2326 1969 8
2327 4832 9
2327 4887 3
2327 4733 6
2328 1200 1
2328 3726 3
2328 4918 2
2328 3422 3
2328 4965 1
2329 2218 7
2329 2824 8
2330 963 2
2330 4494 4
2330 202 7
2330 3080 3
2330 1859 6
2331 3702 2
2331 4564 3
2331 1952 5
2331 1443 6
2331 3999 2
2332 3010 5
2332 931 6
2333 4120 7
2333 77 1
2333 4227 9
2333 2498 2
2334 339 5
2334 1688 8
2334 1616 1
2335 465 1
2335 1826 6
2335 970 2
2336 1420 8
2336 847 2
2337 3080 5
2337 4504 8
2338 3604 7
2338 687 4
2338 1701 5
2338 2173 3
2339 3157 4
2339 588 7
2340 4776 5
2340 4081 9
2340 3497 9
2341 2639 4
2341 4248 8
2341 2605 1
2341 794 1
2342 2492 10
2342 4539 10
2342 3047 4
2342 2945 5
2342 3919 10
2343 4114 3
2343 3817 1
2343 313 10
2343 4212 2
2343 3570 7
2344 1213 2
2345 2035 3
2345 1446 10
2345 453 5
2345 4921 6
2345 3463 2
2346 381 8
2346 4271 6
2346 3213 2
2346 2432 5
2346 3637 6
2347 4655 2
2347 1980 3
2347 4744 9
2347 125 10
2347 1070 2
2348 2874 9
2349 2831 6
2349 4902 8
2350 2682 10
2350 1224 2
2350 804 1
2350 4142 3
2351 2771 4
2351 1600 2
2352 143 10
2352 4016 4
2352 3335 5
2352 437 2
2353 1713 8
2353 4069 3
2353 3245 7
2353 4033 6
2353 1789 2
2354 1087 10
2354 2687 3
2355 1063 7
2355 1204 2
2355 3547 4
2356 3308 10
2356 3198 9
2356 479 2
2356 4410 9
2356 1932 7
2357 1270 9
2358 2603 1
2358 3112 1
2358 263 9
2358 494 7
2359 759 5
2359 2397 6
2359 2792 9
2359 1762 6
2359 4448 6
2360 644 2
2360 3103 4
2360 2695 4
2361 4742 2
2361 2442 1
2361 2650 2
2361 3384 3
2362 3328 6
2362 34 7
2362 1641 1
2362 1155 7
2363 2182 5
2364 1941 10
2364 2319 6
2364 3909 5
2364 415 5
2365 3349 9
2365 2348 5
2365 4080 3
2365 2396 9
2365 4767 5
2366 3129 10
2367 941 5
2367 1983 9
2368 2925 1
2369 3476 9
2369 3223 10
2369 4911 1
2369 3647 7
2370 3473 8
2370 4297 10
2371 4534 8
2371 1214 1
2371 1954 4
2371 1474 5
2371 4332 4
2372 3975 10
2373 1403 1
2373 3052 8
2373 4522 2
2373 3574 6
2374 643 2
2375 4175 8
2376 4149 6
2376 4039 9
2376 4612 10
2376 348 9
2376 4757 7
2377 1421 5
2377 1191 3
2377 2471 1
2377 4591 10
2377 2660 3
2378 983 9
2379 1740 2
2380 3535 7
2380 4116 6
2381 3054 7
2381 3200 9
2381 2688 3
2381 24 7
2382 573 1
2382 4478 6
2382 4977 1
2383 4803 2
2383 2490 6
2383 1433 3
2383 1826 9
2384 1569 4
2385 3948 7
2385 1886 1
2385 3414 6
2385 2231 7
2386 1093 5
2386 2183 6
2386 4654 7
2386 3292 4
2387 2497 1
2387 3464 3
2387 846 4
2387 4315 9
2387 4040 2
2388 3616 8
2388 4352 7
2388 1616 2
2389 1059 2
2389 3294 3
2389 3515 10
2390 4040 1
2390 2497 8
2390 1481 6
2390 78 6
2391 3919 4
2391 3876 5
2391 3627 5
2392 961 4
2393 4977 6
2393 1347 4
2394 1597 5
2394 4412 7
2394 4696 4
2394 3270 10
2395 2451 8
2395 2121 3
2395 400 7
2395 3049 7
2396 3416 1
2397 1899 2
2397 924 7
2397 635 10
2397 1004 7
2397 3665 3
2398 2761 7
2398 4355 8
2398 4257 1
2399 4607 2
2399 4764 3
2399 2913 7
2400 3492 9
2401 4742 3
2401 4125 8
2402 3989 2
2403 4614 9
2403 4248 3
2403 1015 7
2404 202 4
2405 1832 6
2405 3928 7
2406 548 1
2406 3615 10
2406 4098 7
2406 2181 7
2406 4107 6
2407 398 5
2407 1456 3
2408 1837 8
2408 2337 9
2408 3463 10
2408 4203 9
2409 29 8
2409 3309 2
2409 2346 10
2409 4216 7
2410 4487 6
2411 4011 1
2412 3192 6
2413 2065 2
2414 2447 9
2414 4285 5
2415 325 8
2415 3192 2
2416 4098 2
2417 3528 1
2417 1667 7
2417 3225 9
2417 4552 1
2417 4156 2
2418 93 6
2418 1220 2
2418 3359 5
2419 541 6
2419 4532 2
2419 4620 10
2420 2957 10
2420 4077 3
2420 3797 1
2421 2161 5
2421 1832 1
2422 3556 1
2422 4604 10
2423 2214 4
2424 3757 1
2425 2054 10
2426 2654 9
2426 3797 3
2426 1213 4
2427 398 6
2427 4729 7
2427 4309 9
2427 4068 4
2427 2359 2
2428 4410 5
2428 1575 8
2428 1518 3
2429 3476 5
2430 3301 3
2430 659 8
2431 2498 9
2431 1097 2
2431 2228 8
2432 4901 9
2433 4490 2
2433 599 6
2433 3337 7
2433 4826 6
2434 2894 4
2434 2178 4
2434 2229 4
2435 357 1
2435 3342 3
2435 4509 7
2435 3520 7
2435 2969 2
2436 1738 4
2436 3529 5
2437 1182 8
2437 2409 2
2437 930 5
2437 3898 9
2437 2572 6
2438 2935 7
2438 197 7
2438 2140 3
2439 1297 9
2439 1283 1
2439 3895 10
2439 2224 5
2440 2436 3
2440 1125 3
2440 656 1
2440 3530 7
2441 1701 1
2441 941 3
2441 4483 3
2442 1791 2
2442 1028 1
2442 1573 9
2442 1440 6
2443 3296 5
2444 3769 1
2444 4269 4
2445 2834 6
2446 2623 9
2446 1203 2
2446 4100 8
2446 4685 10
2447 1422 1
2448 3418 9
2448 410 10
2448 3637 1
2448 4145 8
2448 4273 5
2449 4076 2
2449 4447 10
2449 4677 3
2450 1607 8
2450 885 6
2450 834 3
2450 4639 5
2451 4772 6
2452 606 5
2452 2945 4
2452 2655 7
2452 2152 10
2452 1564 6
2453 1422 1
2453 2129 10
2453 282 8
2454 172 2
2455 684 7
2456 24 6
2456 3086 9
2456 2424 7
2457 4333 1
2458 3583 5
2459 2202 8
2460 79 8
2460 1443 7
2460 3376 2
2461 2066 10
2462 3805 4
2462 2984 9
2462 4550 10
2463 4089 3
2463 3858 3
2464 2088 10
2464 1026 5
2464 2907 5
2465 3061 5
2465 2966 10
2465 3531 5
2465 1434 3
2466 2359 10
2466 2175 2
2466 1118 6
2467 1180 9
2467 4411 10
2467 4468 10
2467 478 6
2467 741 6
2468 2986 7
2468 188 9
2468 1925 9
2468 3576 9
2469 3414 6
2469 4642 5
2469 2178 5
2469 3231 9
2470 2832 3
2470 1017 2
2470 3096 5
2470 3590 5
2471 2000 4
2472 1720 10
2472 1652 9
2472 727 7
2473 1834 3
2473 1451 5
2473 1997 8
2473 2921 2
2473 3007 9
2474 2685 10
2474 2175 9
2474 1456 2
2474 2783 5
2474 2980 3
2475 677 10
2475 4145 10
2475 1774 6
2475 2673 2
2475 4456 3
2476 391 9
2476 1218 6
2476 3849 1
2476 4107 8
2477 1374 3
2477 1638 10
2477 408 5
2477 4607 9
2477 2506 4
2478 4589 2
2478 3238 5
2478 2327 6
2478 4904 1
2479 2031 9
2480 2406 3
2481 3258 2
2482 3333 9
2482 2952 9
2482 287 8
2482 754 5
2483 3943 2
2484 1735 3
2484 3731 6
2484 3570 9
2485 840 10
2485 1281 6
2485 4451 10
2485 1296 4
2485 2607 4
2486 4304 2
2486 3286 6
2486 4395 6
2486 4552 1
2487 3254 7
2487 2839 7
2487 2793 9
2487 4096 3
2488 3878 3
2488 4674 4
2488 964 3
2488 2324 10
2489 530 4
2489 820 3
2489 2700 10
2489 60 8
2490 1088 5
2491 4303 1
2491 2699 1
2492 2152 8
2492 3919 10
2492 2026 7
2493 3437 9
2494 1958 8
2494 4534 8
2494 2326 4
2494 2636 4
2494 3073 2
2495 1229 6
2495 4073 9
2496 4930 2
2496 4520 10
2496 938 9
2496 4142 9
2497 3176 9
2497 3247 9
2497 4559 6
2497 4862 8
2497 3464 9
2498 1097 8
2498 2547 3
2498 2348 10
2498 1120 8
2498 4383 9
2499 537 4
2499 1615 7
2499 4304 9
2499 1667 1
2499 2486 4
2500 4195 6
2500 415 4
2500 3774 3
2500 1594 10
2500 1790 6
2501 3086 9
2501 3380 7
2501 2697 6
2501 3442 6
2501 3757 8
2502 1405 1
2502 1474 7
2502 4267 1
2502 1722 8
2503 243 1
2503 1606 1
2504 2996 2
2504 1026 9
2504 4116 10
2505 4925 4
2505 1677 8
2505 2019 9
2505 2863 3
2505 1009 5
2506 3924 3
2506 2557 1
2507 4139 4
2507 2212 9
2508 4439 9
2509 4543 7
2510 455 7
2510 159 8
2510 990 9
2510 4215 10
2511 4809 2
2512 632 1
2513 1212 3
2513 2901 6
2513 4564 5
2513 4816 10
2513 4268 10
2514 3415 8
2514 924 7
2514 3621 5
2515 4451 5
2515 67 2
2515 3112 1
2515 4242 1
2516 4556 8
2516 3227 3
2516 4546 9
2516 3889 6
2516 2684 5
2517 2673 10
2517 1052 5
2517 4048 1
2517 821 2
2518 1981 4
2518 4586 8
2518 3859 5
2519 3696 1
2519 2850 3
2520 890 4
2521 3131 7
2521 2471 10
2521 1421 8
2522 4618 10
2522 708 4
2523 2924 5
2523 4016 10
2523 437 9
2523 3335 2
2524 4865 6
2524 4747 2
2525 4039 3
2525 4149 8
2525 4783 6
2525 1208 5
2525 966 8
2526 2665 5
2527 4372 4
2527 4335 4
2527 1658 5
2527 928 3
2528 1341 3
2529 1586 10
2529 4461 7
2529 51 5
2529 4995 2
2530 4288 5
2530 2143 9
2531 3719 8
2531 2724 3
2531 1832 4
2531 3144 3
2531 4957 4
2532 559 6
2532 4262 2
2533 1924 5
2533 223 8
2533 3675 8
2534 1762 9
2535 4729 6
2535 1456 8
2535 1680 5
2536 4061 3
2536 4132 6
2536 1648 4
2536 3258 9
2536 4744 2
2537 1859 2
2537 659 6
2537 2419 3
2537 3861 9
2537 3907 4
2538 4395 10
2538 495 10
2538 4304 4
2538 517 4
2538 4217 10
2539 4839 1
2540 2646 4
2540 425 4
2540 3012 6
2540 2516 2
2540 3336 7
2541 4946 1
2541 2866 9
2541 4887 2
2541 4297 3
2541 3673 7
2542 3923 9
2542 897 7
2542 1920 3
2543 4317 10
2544 2054 4
2544 4801 5
2544 3077 6
2545 3010 4
2545 3831 6
2545 4395 9
2546 1251 8
2546 383 4
2546 1800 5
2546 449 1
2547 1183 10
2547 1577 8
2547 3912 5
2548 145 2
2548 1178 4
2549 1619 8
2549 2518 2
2550 3373 4
2550 1027 10
2550 4529 8
2551 4533 6
2551 4441 8
2551 1714 5
2552 620 7
2553 990 5
2553 1001 5
2553 2936 10
2553 2363 1
2554 24 7
2554 804 2
2554 2211 4
2555 1540 5
2555 2783 8
2556 4448 9
2556 1688 6
2556 1680 1
2557 4181 5
2557 4886 1
2557 3132 7
2557 2955 10
2558 4947 1
2559 4990 6
2559 2860 1
2559 2841 2
2560 2531 5
2560 3467 7
2560 4583 10
2561 3383 10
2561 304 4
2562 2295 10
2562 3181 7
2562 1594 9
2562 1746 7
2562 3613 4
2563 4416 7
2563 989 5
2564 4579 9
2565 2874 1
2565 744 8
2565 2380 9
2565 1430 10
2566 2166 9
2566 3570 6
2566 1696 8
2566 4439 1
2567 4646 10
2567 3470 4
2567 352 10
2567 3782 3
2567 4079 6
2568 1151 7
2568 4210 8
2569 120 2
2569 2801 6
2569 69 4
2569 2946 1
2569 2339 10
2570 2995 4
2570 4079 1
2570 3303 6
2570 4989 3
2571 1847 7
2571 3087 6
2572 4279 1
2572 29 9
2572 1540 10
2573 84 5
2573 1193 9
2573 562 8
2573 2586 3
2573 3811 2
2574 4373 6
2574 1616 3
2575 1987 5
2575 4942 2
2576 3351 1
2576 2891 1
2576 4200 4
2576 3273 2
2577 619 10
2577 4398 5
2577 2932 2
2577 1470 7
2578 4015 8
2579 4842 10
2580 4261 2
2580 761 5
2580 1250 5
2581 4315 10
2581 2352 9
2582 1652 4
2582 2648 6
2582 1415 3
2582 213 7
2583 1667 10
2583 346 3
2583 527 2
2584 4910 4
2584 2940 1
2584 3132 7
2585 1395 10
2585 793 7
2586 390 6
2586 4172 2
2587 1203 10
2587 2623 1
2587 230 9
2587 4094 5
2587 2653 8
2588 1753 7
2588 2713 6
2588 450 6
2589 870 2
2589 681 2
2590 727 1
2590 3173 5
2590 3181 2
2591 789 9
2591 4795 2
2591 4404 8
2591 1699 3
2592 2258 2
2593 131 7
2593 4279 8
2593 1216 2
2593 3114 4
2593 2572 7
2594 4900 7
2594 902 3
2594 2181 2
2594 2877 4
2595 1217 7
2595 4600 3
2595 4777 4
2596 2133 9
2597 4822 4
2597 3283 5
2597 23 5
2597 4394 8
2598 4490 2
2598 4613 8
2598 3592 9
2598 4022 1
2599 123 9
2599 105 5
2600 387 5
2600 3389 2
2601 1287 3
2602 4520 7
2602 2211 3
2603 3529 9
2603 1486 1
2604 990 9
2604 1414 3
2604 2308 3
2604 1 3
2604 2839 7
2605 2227 9
2605 3192 7
2605 2639 5
2605 1662 8
2606 1919 10
2606 3903 5
2606 2456 10
2606 1004 8
2606 1024 2
2607 1307 5
2607 299 1
2607 3487 7
2608 2315 9
2608 2363 8
2608 1573 4
2609 3593 10
2609 632 7
2609 523 4
2609 1919 4
2610 775 4
2611 2421 4
2611 2599 10
2611 2368 10
2611 4188 3
2611 1047 9
2612 3184 10
2613 389 5
2613 4000 8
2613 2529 8
2614 4389 10
2614 4046 7
2615 365 10
2615 4380 1
2615 4746 9
2615 3119 5
2616 3999 3
2616 2141 5
2616 1469 3
2616 1595 9
2616 2687 10
2617 4425 9
2617 883 10
2617 506 9
2618 4239 2
2618 4763 4
2618 1802 3
2618 4354 5
2619 3473 7
2619 4672 6
2619 1581 4
2619 4059 4
2619 153 10
2620 4871 3
2620 4686 7
2621 334 3
2621 4200 7
2621 1591 7
2621 3273 2
2622 2250 10
2622 3782 6
2622 3211 7
2623 4685 8
2623 3626 3
2623 4340 4
2624 1195 1
2624 321 5
2624 2074 3
2624 2279 1
2625 976 3
2626 4502 3
2627 2447 9
2627 3359 6
2627 4167 5
2627 391 8
2627 2507 2
2628 4525 6
2628 1830 10
2628 4051 7
2628 4250 4
2628 4232 7
2629 4931 1
2629 4765 5
2630 1835 5
2630 4182 7
2630 4897 3
2631 4898 9
2632 1326 3
2632 3163 8
2632 1528 3
2632 4473 6
2632 1015 8
2633 3325 6
2633 804 3
2633 2334 8
2634 3557 2
2635 885 7
2636 1984 7
2636 4507 8
2636 2202 4
2637 2052 5
2637 2473 2
2637 1392 2
2637 4989 7
2638 108 9
2638 4086 2
2638 3349 10
2639 2687 5
2639 1087 4
2640 2598 10
2640 2335 9
2640 302 7
2641 4648 1
2641 1756 1
2641 432 4
2641 177 9
2642 3773 1
2642 2813 9
2642 4063 2
2642 1825 4
2643 1547 6
2643 2052 4
2643 2628 8
2644 1786 7
2644 698 8
2645 2088 5
2645 1538 4
2645 2016 8
2645 2735 9
2645 2907 2
2646 1380 10
2646 3352 9
2646 4792 10
2646 3999 9
2646 3984 10
2647 1433 10
2647 3013 7
2647 2791 6
2648 1092 10
2649 1652 6
2650 2677 2
2650 3946 2
2651 253 2
2652 778 10
2652 2055 3
2652 3567 9
2652 80 7
2653 1106 6
2653 4918 4
2654 4203 7
2654 2254 2
2654 2515 3
2654 3530 2
2654 1486 2
2655 3627 9
2655 1779 4
2655 2958 6
2655 2945 9
2656 4194 5
2656 1011 10
2656 3543 9
2656 2887 1
2656 2104 8
2657 1786 9
2657 4011 7
2657 1063 8
2657 247 10
2657 1802 4
2658 3952 5
2658 722 6
2658 2 5
2658 947 1
2658 2915 8
2659 2288 3
2659 4759 5
2659 3954 6
2659 2606 8
2660 4166 2
2660 455 10
2660 3878 1
2660 3575 1
2661 762 3
2661 4017 3
2662 2768 1
2662 4238 2
2662 3852 3
2662 4846 7
2663 3296 2
2663 3868 6
2663 90 8
2664 4556 8
2665 3345 9
2665 4679 6
2665 2168 9
2665 3920 7
2665 2487 6
2666 2479 3
2666 2645 2
2666 2635 4
2666 4962 4
2667 1234 5
2668 4283 3
2668 3697 4
2669 3763 2
2669 1100 4
2669 845 8
2669 433 2
2670 213 1
2670 1092 5
2670 2924 7
2670 2390 4
2671 3051 9
2672 3653 5
2672 88 9
2672 2965 4
2672 3668 4
2672 4721 7
2673 267 9
2673 4177 10
2674 4071 5
2674 3627 6
2674 2945 8
2674 3279 7
2674 4696 3
2675 3911 8
2675 1251 4
2676 4063 3
2676 4371 8
2676 2737 7
2677 4821 10
2677 455 10
2677 964 1
2677 6 5
2678 833 8
2678 3878 8
2678 1395 4
2678 4659 6
2679 3088 7
2679 3639 9
2679 1747 1
2679 1068 4
2679 2128 4
2680 3882 8
2680 2990 3
2680 3420 1
2681 2995 10
2681 2014 1
2681 2473 3
2681 4426 3
2682 1919 7
2682 2688 3
2682 804 7
2682 4142 6
2682 2697 3
2683 4702 6
2683 3993 3
2683 4719 8
2684 3388 6
2684 2732 1
2684 3915 10
2684 2890 1
2685 4666 7
2685 3593 4
2685 632 3
2685 547 6
2686 2311 5
2686 727 5
2686 4083 2
2687 4090 8
2687 917 2
2687 1238 9
2687 3352 1
2688 1919 5
2688 3768 10
2688 938 3
2688 4520 3
2688 3368 9
2689 4491 5
2689 4176 7
2689 3287 9
2689 344 9
2690 1317 7
2690 1293 2
2691 4000 10
2691 776 6
2691 4215 4
2691 2363 3
2691 3789 7
2692 3310 9
2692 1097 3
2692 3672 9
2693 2837 1
2693 4746 5
2693 3493 6
2693 3338 4
2693 3119 7
2694 3621 9
2694 3086 7
2694 2456 5
2694 1869 4
2694 3562 5
2695 1772 10
2695 728 9
2695 452 4
2695 1674 4
2696 4141 8
2696 4714 6
2696 1996 3
2696 277 3
2697 2905 5
2697 1919 1
2697 2134 2
2697 804 5
2697 4863 7
2698 3558 10
2698 4648 9
2698 4530 10
2698 3917 4
2698 3557 1
2699 1555 6
2699 79 7
2699 3177 8
2700 4449 5
2700 4228 6
2700 4232 1
2701 1619 9
2702 1405 5
2702 4180 7
2702 905 7
2703 1433 10
2703 363 2
2703 304 2
2703 3472 8
2703 1752 5
2704 3762 7
2704 3506 1
2704 4228 1
2704 1451 10
2705 1434 7
2705 2465 3
2705 3684 3
2705 3288 1
2705 4796 10
2706 1338 10
2706 4809 7
2706 2100 4
2706 3792 5
2707 4970 5
2707 2497 6
2707 2757 6
2707 4562 1
2708 1302 3
2708 4659 5
2708 1587 8
2708 1018 4
2708 3384 2
2709 776 2
2710 1882 3
2711 1586 8
2711 2726 5
2711 3902 5
2712 3882 2
2712 1847 10
2713 1377 9
2713 3978 2
2713 1470 1
2713 2202 5
2714 2362 3
2715 1109 8
2715 3349 8
2715 4501 7
2716 1426 5
2716 3760 1
2716 3748 2
2716 842 3
2716 197 2
2717 3689 9
2717 1809 2
2718 4509 4
2719 4520 8
2719 3534 4
2719 2496 2
2720 430 6
2720 2859 10
2720 1904 1
2720 2232 8
2721 3019 7
2721 1026 9
2722 2939 6
2723 4150 4
2723 4303 5
2724 3564 3
2724 3587 7
2724 3216 2
2724 2111 6
2724 520 1
2725 3991 6
2725 3662 1
2725 2143 4
2725 4363 4
2726 2767 4
2726 3851 6
2727 3142 4
2727 3864 2
2727 3818 8
2727 2819 4
2727 2916 6
2728 504 4
2728 1425 3
2729 350 8
2729 1932 5
2729 217 1
2729 4936 9
2729 2859 5
2730 4689 1
2731 2522 1
2731 2999 2
2732 3172 3
2732 3830 5
2733 956 7
2733 2250 3
2733 754 3
2734 3058 5
2734 2065 4
2734 4535 9
2734 3600 3
2734 363 2
2735 184 2
2735 4872 7
2735 112 10
2735 405 6
2735 3535 8
2736 3224 5
2736 3044 7
2736 1594 6
2737 1696 10
2737 2985 3
2737 350 3
2738 1993 7
2738 4972 2
2738 1252 2
2738 4573 2
2739 4199 3
2739 4362 1
2739 672 7
2739 3495 8
2739 714 3
2740 2217 9
2740 3445 9
2740 3668 9
2741 1325 2
2741 3276 3
2741 684 4
2742 3240 9
2742 2097 6
2742 96 4
2743 1344 2
2743 2475 5
2743 4273 7
2744 242 1
2744 2221 4
2745 853 6
2745 2412 7
2746 775 6
2746 601 3
2747 2235 7
2747 112 10
2747 4599 7
2747 4116 9
2748 615 7
2749 1747 2
2749 3777 2
2749 3821 5
2749 3639 3
2750 4100 2
2751 1937 10
2751 4133 7
2751 3950 5
2751 1859 1
2752 3463 2
2752 1174 1
2752 4242 2
2753 3564 1
2754 1056 5
2754 1811 8
2755 2184 10
2755 303 3
2755 1764 1
2756 2966 2
2756 3635 6
2757 2841 7
2757 4264 2
2758 4679 8
2758 4674 6
2758 1043 9
2758 3434 8
2758 4435 9
2759 4635 10
2759 778 4
2760 1580 6
2761 2285 8
2761 2229 9
2761 2104 8
2761 209 5
2762 3389 3
2762 3142 4
2762 1173 2
2762 4741 5
2762 4977 2
2763 1293 10
2763 2611 2
2763 170 8
2763 2161 9
2764 2012 6
2764 832 7
2765 1739 3
2765 2694 5
2765 2211 8
2765 117 2
2765 1024 6
2766 502 8
2766 1907 8
2766 924 10
2766 4863 1
2767 3508 7
2767 2487 4
2767 334 5
2767 1001 2
2768 4060 7
2769 1967 10
2770 1138 10
2770 1055 3
2770 4888 3
2771 252 10
2771 3190 5
2771 3283 4
2772 804 5
2772 2697 1
2772 3200 7
2772 4142 6
2773 4154 4
2773 1330 7
2773 4601 4
2773 1690 10
2773 57 5
2774 82 5
2774 3911 7
2775 266 8
2775 2476 9
2775 1935 8
2776 389 1
2776 4838 9
2777 3193 5
2778 2905 6
2779 2957 3
2779 591 7
2780 130 3
2780 496 8
2780 3507 6
2780 661 7
2780 4502 9
2781 4795 1
2781 3515 3
2781 368 10
2782 2040 10
2782 3528 9
2782 689 5
2783 2134 9
2783 2609 1
2783 2512 8
2783 3562 10
2783 4238 6
2784 1655 7
2784 1481 1
2784 1900 8
2784 1982 4
2785 1251 2
2785 3476 8
2786 3075 10
2786 4304 6
2786 720 2
2786 2538 3
2787 1715 6
2787 3190 6
2787 2770 10
2787 4524 4
2788 2626 5
2788 573 5
2788 4098 3
2788 2815 6
2789 2064 9
2789 1760 10
2789 760 9
2789 4438 6
2789 96 9
2790 1198 9
2790 1231 10
2791 3668 4
2791 2357 8
2791 1270 5
2791 224 2
2791 2904 6
2792 2688 2
2792 2772 7
2792 456 10
2792 3874 3
2793 4026 5
2793 2062 4
2793 3623 1
2793 705 8
2794 4808 5
2794 4250 6
2795 2881 9
2795 2948 10
2795 413 4
2795 382 8
2795 444 9
2796 957 3
2796 1081 3
2796 3228 1
2797 3314 8
2797 3178 7
2797 4371 5
2798 98 1
2798 984 3
2798 814 5
2799 2137 5
2799 3383 7
2799 2748 10
2800 2477 1
2801 2104 3
2801 2894 6
2801 3543 10
2801 1886 3
2802 2742 4
2802 133 4
2802 96 10
2802 942 7
2802 4925 7
2803 4541 6
2804 2483 4
2804 1733 5
2804 470 5
2804 99 9
2805 964 2
2806 4220 6
2806 857 7
2806 2500 8
2806 1472 3
2806 1594 10
2807 3907 3
2808 2931 7
2808 3677 7
2808 139 7
2808 3786 2
2808 1185 4
2809 1284 2
2810 2795 5
2810 1338 3
2810 581 1
2810 207 7
2811 184 4
2811 2635 10
2812 3275 4
2812 3248 10
2812 4355 4
2812 4629 5
2813 2859 9
2813 3308 9
2813 3657 1
2813 2343 6
2813 1396 3
2814 1611 5
2815 4977 8
2815 2600 4
2815 4474 6
2815 266 8
2816 854 2
2817 3095 10
2817 416 10
2817 3788 4
2817 1120 7
2817 1577 8
2818 27 2
2818 3246 5
2818 991 7
2818 2577 6
2818 4625 3
2819 4924 4
2820 696 3
2820 4712 8
2820 1763 9
2820 2876 7
2820 3323 4
2821 2831 3
2821 1434 5
2822 2060 8
2822 4013 10
2822 4551 3
2822 437 9
2822 4822 3
2823 3018 3
2823 2591 5
2823 3970 4
2823 3438 8
2823 4535 2
2824 739 7
2824 1656 6
2824 4766 5
2824 4847 7
2825 1086 4
2825 4107 7
2825 307 5
2826 1472 3
2826 4061 3
2826 2011 3
2826 1759 8
2826 1813 5
2827 2794 8
2827 4808 2
2827 3261 4
2828 4602 5
2828 1614 1
2829 4121 10
2829 1701 2
2829 941 8
2829 1279 4
2830 2188 1
2831 3531 2
2831 4173 7
2831 17 10
2831 714 2
2831 3770 3
2832 1721 5
2832 1373 10
2832 4841 6
2832 2692 10
2832 1499 10
2833 620 4
2833 3698 6
2833 405 8
2833 3601 8
2834 114 4
2834 3462 9
2834 2233 2
2834 4342 5
2834 2668 1
2835 1417 1
2836 282 10
2836 3674 1
2837 3119 9
2838 3921 6
2838 811 8
2838 583 7
2838 4547 8
2839 1221 3
2839 3623 7
2840 1006 3
2840 4809 6
2840 2100 10
2840 1470 3
2840 929 7
2841 706 9
2842 2021 3
2842 1293 1
2842 2321 2
2842 4583 9
2843 3029 8
2843 724 2
2843 4279 10
2843 2167 2
2843 489 1
2844 2861 1
2844 234 6
2844 53 4
2845 3856 6
2845 3494 9
2845 4685 5
2845 3626 1
2845 211 10
2846 2825 4
2846 1185 7
2846 3740 9
2846 1765 4
2846 3861 4
2847 4464 7
2847 1405 9
2847 2870 1
2848 4318 6
2848 4778 8
2848 353 4
2849 1392 6
2849 3720 8
2849 1062 5
2849 4065 6
2849 4460 10
2850 2172 7
2850 3265 5
2850 1725 2
2851 4768 9
2852 785 5
2852 187 3
2852 4035 10
2852 2941 6
2853 4627 1
2853 4660 2
2853 4274 2
2853 415 1
2854 3019 10
2854 3455 6
2854 1613 6
2854 2165 1
2854 824 8
2855 1300 4
2855 3239 7
2855 3977 8
2856 923 1
2856 1332 1
2856 2084 7
2856 2267 2
2857 3995 3
2858 1898 2
2858 4049 1
2858 412 8
2858 3892 4
2859 430 1
2860 706 7
2860 1920 7
2860 972 4
2861 689 7
2861 3010 6
2862 910 4
2862 2640 7
2862 372 1
2862 1433 2
2863 2619 9
2863 3307 10
2863 492 10
2863 3024 4
2863 760 8
2864 1838 6
2865 2161 10
2865 3928 2
2865 2177 6
2866 4954 8
2867 4806 8
2867 4334 9
2868 3458 3
2868 325 5
2868 65 8
2868 2412 9
2868 3163 8
2869 1374 9
2869 2477 8
2870 1332 3
2870 3717 8
2870 2964 8
2870 3084 7
2871 2970 1
2871 130 4
2872 2076 5
2872 3256 10
2872 529 10
2872 4317 5
2872 2724 5
2873 302 10
2874 2612 1
2874 1034 4
2874 2907 5
2874 2088 5
2874 3726 9
2875 4722 1
2875 4573 4
2875 3670 1
2875 922 10
2875 3415 8
2876 2987 2
2876 3 5
2877 781 7
2877 2224 5
2877 3153 2
2878 2533 6
2878 681 3
2878 4868 9
2878 4099 2
2878 3687 9
2879 1949 1
2879 4732 1
2879 3971 10
2879 524 3
2879 1434 8
2880 400 8
2880 3049 1
2880 737 4
2880 2121 7
2880 1997 3
2881 1924 6
2881 4429 5
2881 3607 4
2881 942 3
2882 1596 4
2882 4868 8
2882 3696 5
2883 212 1
2883 2966 6
2883 4796 8
2883 2411 7
2884 2397 5
2884 4522 1
2885 499 10
2885 485 2
2886 4341 2
2886 3190 6
2887 2796 3
2887 1529 3
2887 3130 9
2888 897 7
2888 437 5
2888 4949 3
2888 4822 5
2889 4738 10
2889 303 2
2889 2935 6
2889 145 2
2889 1908 5
2890 3546 2
2890 3336 2
2890 4357 4
2890 3369 2
2891 2793 2
2892 289 1
2892 4733 8
2892 2040 9
2892 3342 8
2893 243 2
2894 3717 10
2894 2495 10
2894 1405 9
2894 1529 9
2895 4407 9
2895 3447 7
2895 2605 9
2896 4909 2
2896 2579 3
2896 1425 5
2896 3836 7
2896 3624 2
2897 2019 7
2898 875 10
2899 4558 10
2899 3492 1
2899 984 5
2899 3847 10
2900 4648 2
2900 2827 8
2901 2773 8
2901 1330 5
2901 2265 3
2902 3467 5
2902 4616 4
2902 1637 10
2903 941 3
2904 4826 6
2904 1826 8
2905 4130 10
2906 4675 7
2907 3726 6
2908 894 5
2909 3116 10
2909 629 6
2909 361 10
2909 2860 6
2910 3948 3
2910 4267 9
2910 4210 5
2910 4945 8
2911 3959 8
2911 3373 8
2911 3841 3
2912 2538 2
2912 1037 8
2912 4297 3
2912 2963 9
2912 3340 9
2913 2506 3
2913 667 3
2913 4528 9
2913 3449 4
2914 4701 7
2914 394 4
2914 1908 1
2914 4256 10
2915 2282 2
2915 1291 10
2915 2245 2
2916 1898 3
2916 781 10
2916 3895 5
2917 1150 4
2918 4531 10
2918 326 2
2918 398 3
2919 2342 6
2920 1071 8
2921 3699 3
2921 4449 9
2921 4426 5
2921 4070 6
2921 3436 1
2922 4963 3
2923 517 4
2923 3060 8
2923 2007 8
2923 2417 8
2924 437 3
2924 2352 1
2924 3441 8
2924 4822 6
2924 1167 7
2925 520 1
2926 4415 3
2926 2761 7
2927 459 7
2927 4835 3
2927 3666 7
2927 1337 10
2928 2631 6
2928 130 10
2928 3156 9
2929 934 7
2929 4162 8
2930 2638 6
2931 347 1
2931 1765 3
2931 3747 1
2932 3517 10
2932 2948 5
2932 4688 5
2933 4897 2
2933 430 4
2933 3830 5
2934 1461 5
2934 4488 1
2935 4928 2
2936 1658 4
2936 2187 1
2936 1389 8
2937 167 4
2938 2349 2
2938 3407 6
2939 3251 1
2939 3488 2
2939 3786 9
2940 2998 9
2940 3454 10
2940 3123 9
2940 1471 10
2941 3822 2
2941 2279 3
2941 4516 4
2941 3734 7
2942 3138 7
2942 224 3
2942 3058 4
2942 2042 4
2942 1744 6
2943 3938 2
2943 4540 5
2943 1855 4
2944 4025 9
2944 3033 10
2945 3876 3
2945 2908 5
2945 3627 1
2945 3022 2
2945 2958 1
2946 4339 9
2946 3170 6
2946 4837 4
2946 3182 10
2947 4782 10
2947 1882 6
2947 4406 8
2948 255 6
2948 499 6
2949 3991 5
2949 4348 6
2949 1652 7
2949 4888 9
2949 2311 10
2950 57 5
2950 4281 6
2951 2598 10
2952 737 5
2953 4461 8
2953 2527 7
2953 2361 1
2954 4584 8
2954 2968 2
2954 3895 7
2954 1098 9
2955 4188 3
2955 852 5
2955 1089 5
2956 3251 7
2956 3356 5
2957 4451 9
2957 4649 1
2958 1747 2
2958 1582 10
2959 2508 2
2959 3260 1
2959 3830 1
2959 3458 6
2960 1747 3
2960 2342 5
2960 2391 9
2961 3720 10
2961 4426 9
2962 1009 8
2962 2906 2
2962 1208 2
2962 2810 1
2962 3896 6
2963 4904 4
2964 1737 5
2964 467 6
2964 2202 5
2964 480 10
2964 681 9
2965 67 6
2965 4788 1
2965 3950 2
2966 2468 4
2966 205 8
2966 3770 5
2966 2307 1
2966 3661 3
2967 650 3
2967 1579 9
2967 1615 2
2967 1809 6
2968 3787 6
2968 1882 5
2969 2538 9
2969 9 8
2969 1797 9
2970 2053 9
2970 4488 9
2970 4196 6
2971 3324 10
2971 4335 8
2971 4200 7
2971 1658 9
2972 4114 7
2972 2578 6
2973 3105 10
2973 2211 10
2973 4448 10
2973 936 8
2974 2270 8
2974 1410 8
2974 795 8
2975 1555 7
2976 2168 4
2976 4878 6
2976 769 1
2976 686 4
2976 3902 7
2977 3027 6
2978 3140 4
2978 1069 7
2979 3017 8
2979 4809 3
2979 1314 8
2980 1869 3
2980 3903 6
2980 4448 9
2981 4201 2
2982 2946 10
2982 3998 7
2982 1474 2
2983 1697 1
2983 4016 9
2984 3238 1
2984 1916 5
2985 1856 5
2985 217 10
2985 4715 5
2986 698 10
2986 362 3
2986 2739 2
2986 533 9
2987 174 9
2987 1606 3
2987 2282 3
2988 1641 4
2988 3342 2
2989 2671 5
2989 123 6
2990 4943 9
2990 4402 4
2990 3882 5
2990 3209 8
2991 1654 10
2991 1887 5
2992 4766 9
2992 4509 3
2992 2417 5
2992 220 2
2992 934 6
2993 2955 1
2993 1525 7
2994 2945 4
2994 2221 6
2994 2342 8
2994 1184 6
2994 4161 6
2995 4143 4
2995 764 3
2996 3494 10
2996 2450 2
2997 2543 3
2997 2667 1
2997 4384 4
2998 2140 7
2998 2671 7
2998 231 7
2998 520 4
2998 2667 4
2999 2057 2
2999 3676 1
2999 2378 9
2999 1743 3
2999 2858 6
3000 2766 4
3000 2875 3
3000 2322 6
3000 4793 10
3001 789 2
3001 2740 1
3002 207 1
3003 551 1
3004 509 1
3004 3726 7
3005 1984 7
3005 477 3
3005 612 4
3006 4136 8
3006 302 8
3006 583 8
3006 1887 9
3006 2261 7
3007 3333 9
3007 2952 9
3008 1150 1
3008 4944 5
3008 99 8
3009 2702 2
3009 681 3
3009 4566 7
3009 3248 8
3010 4365 9
3011 3817 10
3011 430 4
3011 2745 3
3012 3703 4
3012 3889 2
3013 465 6
3013 1270 1
3013 2654 9
3013 3588 5
3013 3916 2
3014 495 6
3014 2967 7
3015 4121 5
3015 1148 6
3016 4203 7
3016 302 8
3016 1453 2
3016 4728 1
3016 3552 4
3017 3675 8
3017 1760 6
3017 4705 2
3017 1840 8
3018 3530 2
3018 2838 6
3018 1432 4
3019 3512 2
3020 4627 2
3020 4744 1
3020 882 9
3021 2947 2
3021 3994 1
3021 4782 4
3021 3435 2
3021 3338 6
3022 4256 1
3022 1779 3
3022 1374 2
3022 2557 4
3022 2800 3
3023 3544 3
3023 928 2
3023 4000 9
3023 2553 2
3024 1686 3
3024 4438 9
3025 914 4
3025 2649 10
3025 2860 9
3025 2443 3
3025 2352 2
3026 3829 5
3026 1467 2
3026 762 8
3026 2787 5
3026 3372 1
3027 2006 3
3027 4370 10
3028 925 3
3029 2682 1
3029 1262 7
3029 4548 1
3029 1456 4
3029 2164 1
3030 2934 5
3030 4871 2
3030 4474 5
3030 1393 10
3030 746 4
3031 1291 7
3031 1587 1
3031 3505 4
3031 3545 6
3031 2922 10
3032 3189 5
3032 485 9
3032 3696 4
3032 3033 4
3033 1915 10
3033 4509 5
3033 2742 1
3033 4039 1
3034 3867 10
3034 1569 2
3034 4451 5
3034 138 7
3034 1361 9
3035 4920 1
3036 3791 3
3036 794 2
3036 890 6
3037 299 5
3038 1710 6
3038 3613 1
3039 1914 10
3039 1399 5
3039 4081 6
3039 1379 7
3039 4199 6
3040 2896 8
3040 41 7
3040 1816 3
3041 3587 5
3041 4290 8
3042 4561 6
3042 1414 8
3043 962 5
3043 3785 6
3043 1737 9
3044 1781 2
3044 4046 4
3044 320 1
3044 1198 7
3045 924 1
3045 3196 4
3045 30 10
3046 2401 8
3046 4909 6
3046 4516 7
3046 3363 9
3047 4858 4
3047 434 4
3047 1202 9
3047 1564 8
3047 2958 9
3048 4786 3
3048 2740 5
3049 1130 9
3049 4993 1
3049 4513 2
3049 3391 6
3049 1892 2
3050 441 8
3050 762 9
3050 3973 8
3051 4795 9
3051 4975 3
3051 4259 6
3051 1705 5
3052 2609 2
3053 2600 7
3053 129 5
3054 4930 8
3054 4405 3
3054 4820 1
3054 1224 10
3054 4854 5
3055 1395 2
3056 1116 7
3056 2327 10
3056 4904 3
3056 3649 10
3057 3546 9
3058 742 8
3058 475 10
3058 3970 8
3058 3221 1
3059 4157 1
3060 4156 9
3060 4304 5
3060 3225 7
3061 4362 4
3061 205 3
3062 216 7
3062 2374 4
3062 4244 9
3062 1172 10
3062 173 2
3063 996 9
3063 2899 7
3063 3756 10
3063 3623 4
3064 2687 5
3064 2300 9
3064 3336 5
3065 1123 10
3065 1637 3
3065 544 2
3066 4892 9
3067 3634 4
3067 764 2
3068 3487 1
3068 3950 10
3069 1609 5
3069 1547 4
3069 3875 10
3069 400 3
3069 121 8
3070 460 9
3070 4699 3
3070 3388 7
3070 2516 6
3071 1531 2
3071 399 6
3072 584 5
3073 4284 10
3073 4868 1
3073 1470 7
3074 1989 2
3074 1911 3
3074 4165 1
3075 9 8
3076 1844 4
3077 2654 3
3077 4136 10
3077 342 3
3078 1290 10
3078 4863 9
3078 2242 6
3078 2496 6
3078 523 2
3079 1755 3
3079 2940 7
3079 360 7
3079 1190 9
3080 130 6
3080 2485 5
3080 3037 2
3080 1307 9
3081 2381 6
3081 2535 10
3081 1387 10
3081 4863 4
3081 854 5
3082 2874 10
3082 627 5
3082 2309 3
3082 2565 9
3083 1415 8
3083 4973 9
3083 4596 3
3084 3246 8
3084 1214 8
3084 1377 6
3084 1954 7
3085 1494 6
3085 3021 5
3085 3102 4
3086 2905 1
3086 3442 7
3087 1847 2
3087 4828 9
3087 2735 8
3087 3069 7
3088 3132 1
3088 3206 8
3088 2755 3
3088 3454 5
3088 3439 8
3089 4552 2
3089 3228 3
3089 3413 7
3089 3713 6
3089 4183 8
3090 1089 10
3090 4018 6
3091 1919 1
3091 4142 1
3092 2262 3
3092 3703 8
3093 4096 1
3093 700 9
3093 3254 7
3093 59 2
3094 661 2
3095 1834 7
3095 60 4
3095 3720 1
3095 4480 4
3095 1129 7
3096 1809 7
3097 3364 8
3097 4522 5
3097 4271 1
3098 3251 7
3098 516 7
3098 457 10
3098 4555 9
3099 2692 4
3099 2050 1
3099 471 5
3099 1373 6
3099 4841 1
3100 1681 1
3101 2198 10
3101 3276 3
3101 3611 1
3101 1625 9
3101 4664 3
3102 2067 3
3102 3107 1
3103 2036 6
3104 2124 1
3104 1630 6
3104 2725 8
3104 265 3
3104 3190 3
3105 80 8
3105 24 8
3105 4448 5
3105 3562 7
3106 883 4
3106 2381 10
3106 804 2
3106 4044 5
3106 2424 2
3107 2283 9
3107 1718 5
3107 4406 8
3107 500 5
3108 4909 5
3108 642 9
3108 1841 3
3109 4767 5
3109 3572 6
3110 3828 4
3110 883 10
3110 605 1
3111 1749 2
3111 4961 2
3111 4983 10
3111 4395 10
3111 1612 9
3112 3251 2
3112 2722 3
3112 4293 6
3112 4490 3
3113 3484 6
3113 2478 3
3113 3714 7
3113 712 3
3113 929 5
3114 1250 10
3114 2110 9
3114 601 7
3114 2843 3
3114 4042 5
3115 4502 10
3115 3329 2
3115 3359 9
3115 2224 8
3115 3389 10
3116 1177 5
3116 2443 10
3116 4949 4
3116 3869 10
3117 2971 6
3117 3324 2
3117 4498 7
3117 1587 2
3118 846 7
3118 972 1
3118 1561 3
3119 2642 10
3120 336 6
3120 977 6
3120 4668 4
3120 4573 8
3120 3368 6
3121 3146 3
3121 2784 2
3122 4940 2
3123 231 10
3123 3051 8
3123 152 3
3123 2099 10
3123 2667 1
3124 3751 10
3124 2914 2
3124 2584 9
3124 2993 4
3124 1889 9
3125 4216 7
3125 3898 10
3125 4640 3
3126 1338 9
3126 98 7
3126 4398 2
3127 4928 2
3128 2916 2
3128 3864 4
3128 2727 10
3129 2205 3
3129 1996 5
3129 472 5
3129 647 1
3129 2767 9
3130 1405 8
3130 3750 10
3131 4417 7
3131 2978 5
3131 4591 4
3132 3090 7
3132 2021 6
3132 3564 5
3133 763 6
3134 3060 3
3134 861 7
3134 2538 4
3134 1612 10
3134 2417 10
3135 579 5
3135 1478 9
3135 2702 9
3136 3246 7
3137 4171 1
3137 1524 4
3138 1496 3
3138 232 1
3139 2846 2
3139 3795 10
3139 1356 10
3139 3618 2
3139 2485 7
3140 2726 7
3140 1239 4
3140 4012 2
3140 1028 2
3140 4335 8
3141 4039 7
3142 4924 10
3143 212 3
3143 4976 10
3144 1742 6
3144 1966 9
3144 1039 3
3144 2741 10
3144 104 7
3145 67 8
3145 3301 9
3145 327 8
3145 1837 1
3146 4654 6
3147 4272 1
3147 1137 1
3147 4480 2
3147 2348 10
3148 4239 7
3148 1330 8
3148 3061 4
3148 3769 1
3148 4763 8
3149 4098 9
3149 2916 3
3149 2093 4
3150 2548 4
3150 170 1
3150 3671 10
3151 1752 10
3151 1966 3
3152 854 8
3152 924 7
3152 3325 8
3153 1853 6
3153 4974 4
3153 68 8
3154 4571 10
3154 4007 2
3154 50 7
3154 1548 3
3155 490 1
3155 2609 10
3155 4762 4
3155 3637 2
3156 4667 9
3156 3358 8
3156 4134 10
3157 1151 9
3157 3289 9
3158 2767 7
3158 2360 8
3158 3878 10
3158 1788 9
3159 852 4
3159 1605 9
3160 2131 10
3160 382 2
3161 4304 3
3161 537 6
3161 3225 7
3161 3060 4
3161 4365 4
3162 1022 6
3162 4044 7
3163 890 9
3164 4824 4
3164 3837 2
3165 922 1
3165 2514 8
3165 3665 1
3165 4520 2
3166 3637 6
3166 3574 8
3166 3954 1
3166 3852 9
3167 1080 6
3167 4014 1
3168 4777 7
3168 4816 7
3168 1212 5
3168 3931 4
3169 4702 1
3169 3577 5
3170 1435 10
3170 2894 10
3170 377 10
3171 2894 10
3171 3717 9
3172 4401 9
3173 1720 1
3173 1299 9
3173 2060 1
3173 4091 6
3173 4391 9
3174 4856 3
3174 4863 10
3174 1592 4
3174 2617 1
3174 632 8
3175 237 10
3176 706 3
3176 1358 10
3176 2352 8
3176 1032 5
3176 1337 5
3177 2454 1
3178 4844 5
3178 1904 9
3178 396 8
3179 2209 2
3179 2073 5
3180 3875 4
3180 2995 8
3180 3494 7
3181 1911 2
3181 2124 7
3181 125 8
3182 2033 2
3182 4284 10
3182 1340 3
3182 2577 8
3182 3675 9
3183 629 7
3183 4195 5
3183 1781 1
3183 2124 1
3183 3595 1
3184 2046 4
3184 1370 2
3184 3720 7
3185 4874 7
3186 4900 9
3186 3892 5
3186 3895 2
3187 3806 4
3187 1267 8
3187 4637 4
3187 3683 7
3187 126 6
3188 1050 7
3189 4565 10
3189 4783 3
3189 3484 6
3189 2002 8
3190 3035 3
3190 3464 6
3190 2387 8
3190 4559 9
3191 4710 5
3191 4808 1
3192 4182 10
3192 4753 5
3192 4401 7
3192 3057 5
3192 403 4
3193 1476 9
3194 4171 2
3194 3477 10
3194 27 8
3195 3543 10
3195 1081 7
3195 3743 4
3195 2299 1
3196 3120 9
3196 336 2
3196 4520 8
3196 456 3
3196 632 6
3197 4527 6
3197 1030 1
3197 471 5
3197 1823 3
3198 2859 10
3198 3859 4
3198 4715 5
3199 4646 8
3199 4056 5
3199 4228 2
3200 4405 7
3200 3768 10
3200 4130 7
3201 680 9
3201 2161 8
3201 4292 9
3202 2219 10
3203 16 7
3204 3600 2
3204 1705 3
3204 1073 2
3204 4592 6
3204 2942 7
3205 3509 10
3205 2134 10
3205 1022 4
3205 2496 5
3206 3982 2
3207 3412 7
3207 1554 7
3208 3270 3
3208 2744 3
3208 3022 7
3209 1809 8
3209 4411 7
3209 3303 7
3209 2228 3
3210 2817 6
3211 463 1
3211 3782 10
3211 4513 7
3211 4163 4
3211 2567 1
3212 2075 7
3212 666 7
3212 3912 4
3212 2348 1
3213 4636 9
3213 2555 3
3214 3172 9
3214 2616 2
3214 2508 4
3214 4371 4
3214 3319 6
3215 3768 10
3215 2738 4
3215 3105 1
3215 4722 6
3216 1837 8
3216 4375 2
3216 1744 6
3216 1812 9
3216 3569 10
3217 672 4
3217 4933 3
3217 1138 4
3217 1710 2
3218 1263 2
3218 1667 8
3218 4704 7
3218 3843 10
3218 1656 5
3219 4826 10
3219 2372 4
3219 1498 2
3220 4076 2
3220 3882 5
3221 4006 10
3221 1236 5
3222 556 2
3223 82 3
3223 4273 8
3223 4876 2
3224 1415 9
3224 1643 3
3224 3774 10
3225 4681 1
3225 1615 1
3226 4617 4
3226 3847 8
3227 3172 10
3227 4791 1
3227 3835 4
3227 2162 9
3227 4090 1
3228 4811 9
3228 545 10
3228 929 2
3229 4032 1
3229 1299 9
3229 86 7
3229 3693 7
3230 2095 8
3230 4905 3
3231 467 9
3231 994 9
3231 3073 7
3231 957 8
3231 4398 7
3232 4346 6
3233 3441 3
3233 1846 3
3233 4562 2
3234 4103 2
3235 3949 3
3236 3463 3
3236 3677 2
3237 2802 2
3237 3193 5
3237 1476 10
3237 2041 5
3238 2861 7
3238 495 6
3239 764 4
3239 3744 8
3239 352 5
3240 551 5
3240 3307 9
3241 2718 9
3241 2892 8
3241 492 6
3241 712 10
3241 2041 8
3242 916 6
3243 4455 5
3243 4864 10
3244 1056 5
3244 4563 9
3245 4499 5
3245 2654 8
3245 4613 2
3246 581 1
3246 3405 5
3246 4398 2
3247 897 2
3247 1032 10
3247 3335 10
3247 437 3
3248 512 9
3248 2870 3
3248 4327 1
3248 4 8
3249 3593 8
3250 4769 7
3250 666 6
3251 3530 7
3251 1855 5
3252 813 8
3252 2486 6
3252 4039 9
3253 4333 2
3253 2098 9
3253 4081 8
3253 1375 1
3254 1554 6
3254 451 10
3254 4267 9
3255 3695 9
3255 4042 5
3256 231 3
3257 2971 2
3257 1996 4
3257 2976 4
3257 3920 6
3257 4602 2
3258 3116 7
3258 4544 4
3258 4654 7
3259 1791 1
3260 4897 7
3260 1348 2
3260 4546 4
3261 2221 4
3261 3022 10
3262 2293 3
3262 4165 1
3263 3532 9
3263 1013 4
3263 2423 3
3263 3148 8
3264 3336 7
3264 4777 8
3264 196 10
3264 1595 1
3265 2861 9
3265 2538 2
3265 1596 7
3265 3348 9
3266 4802 7
3266 2576 4
3266 1553 2
3266 4200 4
3266 3254 6
3267 4749 7
3267 3931 1
3268 2837 8
3268 4015 5
3268 3538 1
3268 2067 7
3268 4353 3
3269 3012 1
3269 3362 8
3270 1282 6
3270 2152 1
3270 3343 6
3270 1862 3
3270 3832 5
3271 1149 5
3271 2391 6
3271 1386 6
3271 3343 7
3272 1890 2
3272 3214 4
3272 4119 2
3273 4140 3
3273 295 7
3274 3700 7
3275 2104 9
3275 2285 8
3275 2277 9
3275 2689 2
3275 4579 9
3276 2126 6
3277 3929 2
3278 2860 1
3278 3697 9
3278 3701 2
3278 146 1
3278 2909 6
3279 3022 1
3279 1582 7
3279 2477 9
3279 149 1
3280 2526 6
3281 1758 8
3281 2458 6
3281 2957 2
3281 4499 2
3282 2404 4
3282 3867 3
3282 88 6
3282 3975 10
3283 685 7
3283 1608 5
3283 3941 1
3283 437 5
3284 2054 6
3284 1088 4
3284 3001 10
3285 4398 9
3285 2459 9
3285 1457 7
3285 1340 6
3285 2302 5
3286 675 6
3286 3197 4
3286 554 9
3286 1157 3
3287 4104 6
3287 3160 8
3288 1399 2
3289 2033 1
3289 2019 5
3289 545 7
3289 348 3
3290 2582 2
3291 1847 3
3291 1985 3
3291 3387 10
3292 4360 3
3292 4576 9
3292 2927 4
3293 1739 6
3293 2555 5
3293 3852 9
3293 4448 7
3294 88 8
3294 3797 4
3295 2708 7
3295 1368 10
3296 3610 5
3296 4883 3
3296 143 10
3296 2306 4
3297 4950 10
3297 1489 2
3297 1890 10
3297 2354 4
3298 2088 9
3298 3180 3
3299 4033 7
3299 2180 6
3299 2956 5
3299 1716 6
3300 277 10
3300 3779 7
3300 3324 3
3300 3508 9
3300 4602 9
3301 3618 8
3301 4293 9
3301 4451 8
3301 3901 8
3301 3950 1
3302 1279 10
3302 3923 7
3302 2581 10
3303 85 8
3303 1056 9
3303 737 5
3304 4120 8
3304 406 4
3304 3387 10
3305 2086 7
3305 4577 4
3305 2873 9
3305 3058 8
3305 1072 3
3306 3037 1
3306 2440 9
3307 2988 7
3307 3951 2
3307 771 7
3307 4702 5
3308 4614 9
3309 724 7
3309 3852 5
3309 1205 8
3309 2108 9
3309 1777 7
3310 2396 10
3310 748 6
3310 3394 10
3311 3475 5
3312 3259 9
3312 472 3
3312 928 8
3312 4870 3
3313 3607 1
3313 2619 4
3313 492 3
3313 3548 8
3314 2687 4
3314 2343 3
3314 4289 9
3314 1981 6
3315 507 3
3316 4302 9
3317 4380 3
3317 1932 9
3317 2230 3
3317 2356 6
3318 3294 8
3318 4547 8
3318 1867 3
3318 808 4
3318 2316 10
3319 430 6
3319 3453 4
3319 4549 1
3320 3213 3
3321 2060 1
3321 3203 2
3322 4953 9
3323 1018 6
3323 1515 10
3323 1381 5
3323 4785 6
3324 3946 2
3324 2285 8
3325 1224 2
3325 4448 10
3325 4068 1
3325 2185 6
3326 2259 4
3326 622 6
3326 3241 7
3326 3649 8
3327 2131 10
3327 3978 7
3327 2084 4
3327 545 7
3328 3690 10
3328 1641 6
3329 983 3
3329 3094 8
3330 1771 2
3330 1932 3
3330 3319 10
3331 934 3
3331 1437 5
3331 4704 6
3332 3530 9
3332 1189 6
3333 352 4
3333 4056 4
3333 395 1
3333 1130 5
3333 3049 9
3334 1979 3
3334 688 9
3334 856 5
3334 695 6
3334 4780 6
3335 4520 10
3335 4652 9
3335 4145 5
3336 1786 10
3336 2444 1
3336 1330 6
3336 1235 10
3336 2773 5
3337 3488 3
3337 3786 4
3337 3251 1
3337 3487 5
3337 1534 8
3338 2639 8
3338 3297 4
3338 1154 4
3338 2343 7
3338 2813 10
3339 533 5
3339 989 5
3339 1806 5
3340 4836 5
3340 2040 6
3340 4807 5
3340 4681 10
3341 1595 8
3341 4601 2
3342 2050 6
3343 743 3
3343 2399 10
3343 2241 1
3344 3630 8
3344 2757 9
3344 81 1
3344 2771 1
3344 2233 5
3345 1414 2
3345 1028 6
3345 3135 5
3345 2168 7
3346 2464 7
3347 4372 2
3347 525 10
3347 3589 6
3347 4869 1
3348 4672 9
3349 1109 1
3349 4411 9
3349 3274 4
3349 2292 10
3349 4542 8
3350 366 4
3351 2689 4
3352 4732 5
3353 4971 1
3353 3935 6
3353 382 3
3354 2243 2
3355 2547 7
3355 4872 3
3355 1604 1
3355 2854 4
3355 1459 9
3356 4002 5
3356 4242 5
3356 327 7
3356 4603 1
3356 659 6
3357 2000 2
3357 1001 8
3357 3254 9
3357 4821 8
3358 4974 7
3359 3864 7
3359 1464 8
3359 2212 9
3360 1138 8
3360 306 4
3360 3462 1
3360 1903 1
3361 2631 5
3361 1464 9
3361 596 8
3361 2447 9
3362 3012 6
3362 2901 6
3362 3582 10
3362 1786 9
3363 2695 1
3363 1414 6
3363 3900 5
3363 4869 7
3364 2164 4
3364 1456 9
3364 2081 4
3364 2685 10
3365 1919 9
3365 4631 2
3365 2694 5
3366 1440 1
3367 3592 5
3367 1995 9
3367 3301 10
3368 4520 2
3368 4405 5
3368 3768 2
3368 4130 7
3368 4854 6
3369 2644 3
3369 151 3
3369 2898 1
3370 631 3
3370 1038 2
3370 824 3
3370 2552 8
3370 2735 2
3371 1303 8
3371 3642 3
3371 3957 9
3371 1414 4
3371 2936 9
3372 4888 5
3372 2770 10
3372 415 1
3372 4283 7
3372 4389 9
3373 999 10
3373 3276 2
3373 766 4
3373 1073 5
3374 22 1
3374 2692 9
3374 3082 5
3374 4734 8
3374 2571 2
3375 4889 2
3375 4590 2
3376 2411 8
3376 172 7
3376 4113 10
3376 694 3
3377 2685 6
3377 711 10
3377 969 7
3378 1868 4
3378 2934 6
3378 4444 5
3378 3615 8
3378 2620 2
3379 3484 1
3379 52 5
3379 1924 6
3380 4372 4
3380 4103 3
3380 3347 5
3381 3352 10
3381 3980 9
3381 425 10
3382 1232 8
3382 917 7
3382 3531 10
3382 1952 6
3383 376 9
3383 3588 2
3383 4451 7
3383 1702 10
3384 1730 10
3384 1222 4
3385 2324 5
3385 4012 4
3385 1222 5
3385 11 3
3385 4372 1
3386 1262 9
3386 922 4
3386 1824 1
3387 4798 6
3388 4118 6
3388 4902 6
3388 1949 5
3388 2787 2
3388 3576 7
3389 2968 2
3389 902 2
3389 1283 3
3389 4344 7
3390 1162 3
3390 3844 1
3390 1081 7
3390 1848 6
3390 3758 5
3391 2221 7
3392 2536 10
3392 2347 6
3392 306 7
3392 3083 9
3392 2445 9
3393 3413 1
3394 4424 6
3394 4489 9
3394 1804 5
3395 1373 1
3396 141 1
3396 152 3
3396 743 6
3396 691 6
3396 4910 5
3397 4725 3
3397 4910 8
3397 842 9
3397 2940 5
3397 3127 2
3398 1979 8
3399 3005 4
3400 4897 5
3401 3744 7
3401 1547 2
3401 1565 10
3402 3154 8
3402 1631 7
3402 3659 4
3403 4065 2
3403 2845 3
3403 3019 8
3403 4918 5
3403 4240 4
3404 2787 7
3404 2307 2
3404 4362 8
3404 1802 10
3405 4023 3
3406 224 7
3406 2671 3
3407 2468 8
3407 4195 4
3408 2857 10
3409 4180 7
3410 4293 5
3410 453 6
3410 3459 5
3410 2846 5
3410 3688 7
3411 727 8
3411 114 6
3412 710 6
3413 207 10
3413 329 8
3413 4509 4
3413 3935 10
3413 4825 5
3414 4284 9
3414 3801 10
3415 3670 3
3415 3086 6
3416 390 8
3416 3274 6
3416 1193 10
3416 1580 1
3417 2135 10
3417 3726 8
3417 2121 6
3418 2512 4
3418 1382 1
3418 724 1
3419 1639 4
3419 849 5
3419 3415 5
3420 2088 7
3421 785 1
3421 100 2
3421 3778 8
3422 4993 5
3422 4884 10
3423 3835 6
3423 4796 3
3423 4310 3
3424 3686 9
3424 3112 10
3424 1125 8
3424 656 7
3425 3152 3
3426 1376 4
3427 2538 2
3427 4560 3
3428 1256 5
3428 3028 6
3428 2624 1
3429 1600 3
3429 3868 6
3429 3146 2
3429 2582 7
3430 622 1
3430 4509 10
3431 2830 3
3432 3076 7
3432 2870 6
3432 3675 2
3432 688 10
3433 3010 10
3434 2870 7
3434 209 9
3435 1051 8
3435 3317 9
3435 3107 9
3435 1238 10
3435 396 6
3436 4648 2
3437 1777 8
3437 4016 5
3437 4520 1
3437 3035 10
3438 1534 6
3439 466 9
3439 1766 8
3439 630 5
3439 2368 6
3439 616 9
3440 1081 3
3440 190 3
3440 3871 5
3440 4558 2
3440 407 1
3441 1022 4
3441 1118 2
3441 2606 9
3441 4405 3
3441 1585 8
3442 4520 4
3443 3191 4
3443 2827 4
3443 4056 7
3444 1433 8
3445 591 3
3445 2808 4
3446 2329 2
3446 3638 8
3446 1499 3
3446 3291 2
3447 4791 1
3447 4085 3
3447 4749 7
3447 4268 8
3447 3636 10
3448 1852 2
3449 3256 5
3449 1423 3
3449 1918 4
3449 3671 8
3449 2763 3
3450 4394 1
3450 685 6
3450 4985 8
3451 3946 6
3451 1405 1
3451 3851 6
3452 846 10
3452 1790 3
3452 1227 8
3453 3570 4
3454 3564 1
3454 54 6
3455 3744 1
3455 3725 1
3455 1565 1
3456 824 5
3456 2014 4
3456 3762 3
3456 4906 10
3456 3875 5
3457 1997 4
3458 3731 2
3458 4265 9
3459 496 3
3460 4037 2
3460 464 10
3460 269 10
3461 4360 6
3461 2707 1
3461 1920 2
3461 5000 7
3461 2060 3
3462 1652 3
3463 3786 3
3463 3251 3
3463 3864 10
3463 3620 10
3464 2927 8
3464 3262 5
3464 3335 4
3464 3213 9
3464 685 4
3465 3242 9
3465 556 4
3465 4342 4
3466 2768 10
3466 1782 8
3466 36 3
3466 570 9
3467 360 4
3467 2997 9
3467 4778 1
3468 3590 6
3468 1721 1
3468 3096 4
3468 4511 2
3468 375 10
3469 842 2
3469 4318 7
3469 231 5
3469 424 8
3469 3216 6
3470 1056 7
3470 1892 10
3470 4993 2
3470 737 2
3471 2770 4
3471 914 8
3471 1781 4
3472 3138 10
3472 1199 4
3472 1588 4
3472 2086 3
3473 2824 9
3473 4807 1
3473 3951 10
3474 4239 4
3474 3923 4
3475 2779 1
3475 2591 7
3475 1372 5
3475 1970 1
3475 599 8
3476 4358 8
3476 3364 2
3476 1205 4
3476 256 5
3476 1309 6
3477 3896 4
3477 4825 6
3477 539 4
3477 2802 2
3477 695 1
3478 2595 3
3478 1080 7
3478 1871 4
3478 1555 4
3478 2192 1
3479 4198 2
3479 4945 6
3479 2796 1
3480 210 8
3480 564 1
3480 1844 3
3480 3071 10
3481 3704 3
3481 4795 5
3481 173 10
3481 4187 3
3482 4453 3
3482 4033 7
3482 763 5
3482 3515 9
3482 2042 3
3483 931 9
3483 4554 2
3483 4527 8
3483 4769 8
3483 4656 4
3484 735 6
3484 4211 3
3484 2462 8
3484 2844 1
3484 1248 1
3485 4414 3
3485 2902 9
3486 1828 4
3486 4395 3
3487 3488 10
3487 1296 8
3488 338 5
3488 3795 3
3488 2917 9
3489 1854 3
3489 2942 2
3489 3800 10
3489 3732 9
3489 4738 5
3490 466 5
3491 2512 7
3491 4432 10
3491 506 3
3491 1592 10
3492 3405 6
3492 4263 6
3493 2343 4
3494 4808 2
3494 2995 1
3495 4083 5
3495 1941 5
3496 3932 2
3496 4970 10
3497 3613 1
3497 4973 8
3498 644 2
3498 3390 10
3499 96 2
3500 1967 8
3500 3642 4
3500 2660 3
3501 2417 9
3501 4907 7
3501 4841 2
3502 1306 4
3503 1544 10
3503 3070 4
3503 474 1
3503 5 10
3504 2795 8
3504 3896 4
3504 545 9
3504 1974 9
3505 1191 7
3505 3384 2
3505 11 4
3505 1222 3
3505 1527 3
3506 530 3
3506 4853 6
3506 4918 8
3506 287 8
3506 3726 7
3507 3845 7
3508 705 3
3508 3607 8
3508 3275 1
3508 4096 8
3509 4879 3
3509 4666 7
3509 2574 4
3509 668 4
3510 4743 9
3510 2375 1
3510 1496 6
3510 3797 4
3511 3816 3
3511 1898 10
3511 4139 6
3511 130 3
3511 2916 7
3512 2700 7
3512 3725 9
3512 4158 1
3513 3124 9
3513 1007 9
3513 419 1
3514 3193 2
3514 2525 8
3514 2777 5
3515 2640 3
3515 3356 3
3515 4824 6
3515 327 7
3515 3747 3
3516 3299 1
3516 4889 10
3516 3219 4
3516 1588 10
3516 4404 8
3517 3935 1
3518 3923 5
3519 4674 7
3519 1 4
3519 209 10
3520 1998 7
3520 2090 7
3520 536 1
3521 3878 4
3521 4417 8
3521 3900 10
3522 961 10
3522 2414 4
3523 2616 8
3524 1055 7
3524 810 4
3524 714 3
3524 2725 1
3524 2276 9
3525 2942 6
3525 3284 1
3526 846 3
3526 727 10
3526 629 3
3526 556 4
3526 4036 7
3527 4386 10
3527 823 9
3528 4447 2
3528 861 9
3528 4156 7
3529 4686 5
3529 4370 6
3529 3855 9
3529 92 1
3529 1098 6
3530 4697 9
3530 3487 2
3530 3389 2
3531 1911 2
3532 4121 7
3532 2736 6
3532 3116 10
3532 4822 8
3533 3875 7
3533 4051 5
3533 4772 7
3534 804 2
3534 506 4
3534 4142 2
3534 2350 4
3534 2688 6
3535 2995 6
3535 2623 7
3535 1106 9
3536 2646 3
3536 4015 6
3537 1178 1
3537 520 8
3538 895 8
3539 2387 8
3539 4665 10
3540 1521 9
3540 1509 5
3541 4589 5
3542 4490 6
3542 3530 9
3542 3236 8
3542 1277 4
3543 3871 6
3543 3414 6
3544 3273 1
3544 990 6
3544 3275 9
3544 2059 5
3545 1340 10
3545 1395 5
3546 2725 1
3546 2686 8
3546 4897 6
3547 4716 4
3547 4151 9
3547 2468 7
3547 1642 8
3547 4362 5
3548 792 10
3548 55 6
3548 4766 3
3548 2072 2
3549 4446 9
3549 3726 3
3549 3634 9
3549 4884 9
3550 1607 9
3550 4424 6
3550 1532 10
3550 4884 3
3551 1740 6
3552 2537 7
3553 2901 5
3554 3637 6
3555 4576 1
3556 3665 10
3557 3449 9
3557 4648 6
3557 4853 8
3557 432 1
3557 4710 3
3558 3208 8
3558 948 9
3558 1365 5
3558 4496 5
3558 4250 5
3559 2418 10
3559 391 2
3559 307 2
3560 284 2
3560 4806 10
3561 4069 7
3561 4175 6
3561 1021 4
3562 4103 4
3562 1907 4
3562 2772 10
3563 1665 6
3563 675 3
3563 4005 6
3563 3716 1
3563 3193 5
3564 4069 4
3564 3680 10
3564 2937 5
3564 4848 8
3564 3373 4
3565 2229 7
3566 4769 10
3566 562 8
3566 4172 2
3566 390 5
3567 2287 1
3567 3091 8
3568 1213 10
3568 3916 3
3569 298 7
3569 1778 2
3569 1826 6
3569 1213 5
3570 3352 5
3570 2013 4
3571 2435 1
3571 4395 2
3571 3958 3
3571 4907 6
3572 1398 10
3572 4914 9
3573 3548 2
3574 4270 5
3574 2719 1
3574 1814 6
3574 3609 2
3575 1996 9
3575 928 3
3575 1389 6
3575 4096 1
3575 4335 8
3576 4067 10
3576 4636 7
3576 1746 9
3576 4016 5
3576 125 8
3577 4447 7
3577 3809 5
3577 495 5
3577 3882 3
3578 2630 6
3578 2699 1
3579 3465 7
3579 425 5
3580 3793 8
3580 4185 8
3580 3987 6
3580 2382 10
3580 2977 3
3581 4804 3
3581 3213 5
3581 1415 3
3581 2736 10
3581 1951 2
3582 3613 9
3582 3083 1
3583 1059 2
3583 3487 6
3583 88 3
3583 951 9
3584 3130 7
3584 3675 7
3584 3805 3
3585 3447 5
3585 1786 7
3585 2219 2
3586 3239 6
3586 1451 5
3587 585 9
3587 2862 1
3588 224 4
3588 811 6
3588 1505 4
3589 2971 5
3590 3310 3
3590 1026 4
3590 3420 3
3590 621 2
3590 3535 6
3591 4069 7
3591 1766 6
3591 3780 1
3592 3618 8
3592 3037 5
3592 3628 7
3593 3589 6
3593 1224 8
3593 4084 3
3593 4869 5
3594 1153 10
3594 944 8
3594 1038 6
3594 3422 6
3594 2952 8
3595 1827 9
3595 2501 8
3596 1238 2
3596 4549 5
3596 460 8
3596 2125 2
3596 1375 3
3597 1224 9
3597 3052 10
3597 3609 8
3597 547 3
3598 2159 4
3598 3003 1
3598 4552 10
3598 713 9
3599 1262 6
3599 4571 3
3600 3588 3
3601 3535 2
3602 1135 9
3602 4110 7
3603 1034 6
3603 4260 7
3603 881 5
3603 1809 6
3603 2692 1
3604 2903 10
3604 1822 7
3604 4010 9
3604 4342 7
3605 1208 7
3605 1402 1
3605 4045 8
3605 4783 4
3606 2298 8
3606 2356 5
3606 1519 9
3606 2985 5
3606 2067 5
3607 3137 4
3607 4705 4
3607 4967 5
3608 2908 7
3608 4858 9
3608 2368 2
3609 632 8
3609 854 7
3609 4846 10
3609 2164 4
3610 2682 10
3610 2765 8
3610 3293 1
3611 2054 2
3611 138 3
3611 3375 9
3611 4824 7
3611 1569 5
3612 3661 1
3612 2078 1
3613 380 6
3613 125 5
3613 2210 5
3614 1717 1
3615 4488 7
3616 3521 9
3616 4668 6
3616 2792 9
3616 1762 3
3617 1846 5
3618 3938 4
3618 2416 6
3618 1738 10
3618 4634 1
3619 3287 3
3619 467 5
3619 3170 6
3619 3157 2
3619 3084 7
3620 3895 8
3621 2772 7
3621 4869 9
3621 4448 4
3621 3645 6
3622 637 2
3622 3538 5
3622 2232 3
3623 3896 5
3623 4952 2
3623 3716 1
3624 3660 10
3624 2000 7
3624 4141 5
3624 4963 6
3625 1182 5
3625 2662 10
3625 3213 9
3626 3067 9
3626 4947 10
3626 4143 3
3626 3019 7
3626 2121 9
3627 1466 3
3627 667 9
3627 1889 8
3628 1420 8
3629 685 6
3629 3203 2
3629 4652 6
3629 4835 4
3630 1022 9
3630 556 8
3630 1920 5
3630 1092 7
3630 4032 1
3631 4342 4
3632 4201 7
3632 2228 9
3632 1804 5
3632 2031 10
3632 1180 10
3633 4260 1
3633 2857 5
3634 2637 8
3634 1609 5
3634 4513 9
3634 754 4
3635 3681 9
3635 3441 6
3635 3173 1
3635 872 3
3635 4416 8
3636 3267 2
3637 4531 6
3637 1688 5
3638 3286 6
3639 4041 8
3640 1556 2
3640 2439 5
3640 4974 6
3641 4907 6
3641 3286 1
3641 3993 1
3641 892 9
3641 2251 5
3642 2487 2
3642 2285 8
3642 1844 3
3642 4878 8
3643 1030 1
3643 4806 7
3644 3289 6
3644 3440 8
3645 3259 4
3645 4115 5
3646 2288 5
3646 1031 3
3646 4722 4
3647 3665 10
3648 1547 9
3649 3342 7
3649 1551 5
3649 357 9
3650 3864 4
3650 4370 3
3650 1868 2
3650 130 3
3650 1277 2
3651 4858 6
3651 3777 3
3651 1582 2
3651 2399 6
3651 2301 8
3652 3792 10
3652 4045 7
3652 3440 10
3653 4490 5
3653 2603 5
3653 3112 9
3653 1088 3
3654 56 10
3654 2317 9
3655 3645 2
3655 1010 2
3656 1518 6
3656 4055 4
3656 4353 10
3656 261 4
3657 2219 10
3657 895 1
3657 610 8
3657 4410 6
3657 4608 5
3658 4926 9
3658 1070 9
3658 1746 8
3659 459 7
3659 1846 9
3660 1991 8
3660 3623 2
3661 3595 6
3661 2001 9
3662 1643 9
3662 3176 4
3662 2443 8
3663 3385 10
3663 1188 3
3664 217 10
3664 1898 8
3665 3768 6
3665 158 6
3665 4520 10
3666 724 5
3666 4652 4
3666 1323 10
3666 1181 2
3666 4941 6
3667 722 4
3667 1967 3
3668 599 2
3668 2212 7
3668 1169 2
3668 1765 9
3669 1021 6
3669 4788 5
3669 1837 7
3669 3837 9
3670 3534 3
3670 3589 4
3671 3236 9
3671 3755 8
3671 3337 8
3672 112 1
3672 666 1
3672 4334 1
3673 932 3
3673 4395 8
3674 2871 1
3674 2290 7
3674 1543 8
3674 4478 2
3675 3033 3
3675 4304 8
3675 2278 8
3675 1760 8
3676 3435 5
3676 3804 9
3676 3818 4
3676 3764 6
3677 4478 3
3677 347 2
3677 2928 9
3677 1464 9
3678 3204 9
3678 3627 6
3679 4696 6
3679 2584 4
3679 2152 6
3680 979 4
3680 3299 3
3680 3236 4
3680 3133 5
3681 3052 2
3681 2682 7
3681 3203 1
3682 3895 1
3682 4900 4
3682 3676 5
3683 1189 8
3684 1805 6
3684 714 9
3684 3039 6
3684 3224 1
3685 2027 5
3685 3052 10
3686 3855 2
3686 412 7
3687 4589 10
3687 2332 8
3687 255 3
3687 2041 8
3687 3056 5
3688 2920 3
3688 4185 10
3689 2127 5
3690 578 8
3690 2007 7
3691 1465 6
3692 3562 9
3692 3727 8
3692 2738 3
3692 2884 5
3692 381 10
3693 4911 1
3693 3035 4
3693 2085 10
3693 4797 9
3693 4623 7
3694 2478 9
3694 2486 9
3694 4719 3
3694 2270 6
3694 4733 5
3695 2685 1
3695 1118 1
3695 3196 1
3696 4243 3
3696 499 7
3696 4890 3
3696 1665 1
3697 3659 9
3697 345 1
3698 4489 9
3698 3634 7
3698 3856 5
3698 405 3
3699 4449 6
3699 3343 3
3699 4232 2
3699 3022 10
3700 1300 9
3700 2570 2
3700 754 8
3701 1715 3
3701 1983 2
3701 1652 8
3701 3116 3
3701 3190 10
3702 212 5
3702 3770 4
3702 3026 1
3703 3452 4
3703 1138 1
3703 1210 3
3703 4888 1
3703 762 8
3704 2537 7
3704 1780 6
3705 1995 8
3705 1371 8
3705 1970 3
3705 4404 1
3706 3935 2
3706 4089 10
3706 942 5
3706 3017 8
3707 360 10
3707 2584 3
3707 2321 1
3707 2152 2
3707 4375 8
3708 1145 9
3709 1273 10
3709 4991 5
3709 241 6
3709 1433 8
3709 3527 6
3710 2666 8
3710 375 9
3710 1804 4
3710 2396 9
3710 1985 9
3711 3434 1
3711 4558 4
3711 2527 2
3712 958 3
3713 4039 1
3713 1049 7
3713 4025 4
3713 4149 4
3714 3819 9
3714 3955 1
3714 351 7
3714 4967 2
3715 538 10
3715 1415 4
3715 3146 1
3715 380 1
3716 4925 9
3717 3891 8
3717 175 2
3718 2840 1
3719 766 5
3720 4734 7
3721 3941 9
3721 4931 2
3722 4143 2
3722 2637 6
3722 1300 7
3722 1811 1
3722 3601 4
3723 3603 1
3723 3287 4
3724 1945 9
3724 2149 1
3724 1567 1
3724 1547 8
3724 2628 3
3725 4525 3
3725 944 8
3725 4648 6
3726 2908 6
3726 1398 3
3726 3470 6
3726 4426 6
3727 1395 5
3727 3621 3
3727 4238 5
3727 2401 7
3728 1864 3
3729 2318 8
3729 2674 5
3729 3608 3
3729 2032 7
3730 3986 10
3730 3434 7
3730 2976 4
3731 2618 6
3731 895 7
3731 4269 9
3731 325 4
3731 3791 10
3732 1325 9
3733 2084 3
3734 4000 2
3734 1099 5
3734 4372 5
3734 1730 6
3734 4852 2
3735 495 2
3735 2683 5
3735 1049 5
3736 3703 6
3736 2047 8
3736 4199 6
3736 4564 10
3737 861 1
3737 2967 2
3737 4445 1
3737 603 8
3738 4552 4
3738 3169 9
3739 2357 6
3739 4133 10
3739 263 7
3739 1839 8
3739 4490 8
3740 299 7
3740 1307 2
3740 2258 8
3740 2073 8
3741 202 3
3741 3837 6
3741 2968 6
3741 1702 3
3741 4242 5
3742 2419 8
3742 148 9
3742 1742 1
3742 1699 3
3743 2899 7
3743 3440 4
3743 1930 8
3744 4978 6
3744 4329 3
3744 733 8
3744 4710 7
3745 4303 2
3745 1360 5
3745 2166 2
3746 2093 5
3747 4107 4
3747 2258 6
3747 1169 10
3747 2917 2
3747 4098 6
3748 1464 1
3748 139 2
3748 979 8
3748 3516 1
3749 3710 5
3749 2018 2
3749 1455 9
3749 3694 2
3750 4868 4
3750 4470 9
3750 675 7
3751 2140 9
3752 1773 6
3752 517 4
3753 4256 2
3753 1678 8
3753 3090 3
3753 4848 1
3754 4305 9
3755 376 5
3756 3033 10
3757 3234 6
3757 4115 5
3757 4712 5
3757 4768 9
3757 3900 10
3758 3891 3
3758 1753 5
3758 3765 7
3758 1338 2
3758 2502 4
3759 1781 2
3759 2124 7
3759 4083 10
3759 1390 9
3760 1534 8
3760 4991 5
3760 3746 7
3760 2389 2
3760 3037 7
3761 2133 10
3761 4536 5
3761 762 10
3761 4401 6
3762 3572 6
3762 3208 3
3762 3422 8
3762 2622 8
3763 4570 10
3763 3649 1
3763 4971 7
3764 4371 5
3764 4715 6
3764 217 8
3764 4439 10
3764 2566 1
3765 1722 4
3765 3246 8
3765 4104 3
3765 881 6
3766 628 2
3766 3446 9
3766 4565 10
3766 3607 9
3767 3415 9
3767 4419 10
3767 1894 9
3767 438 1
3768 2677 5
3768 3324 9
3769 2311 7
3769 4103 2
3769 468 9
3769 2445 8
3769 1358 1
3770 2860 4
3770 2319 8
3770 3697 6
3771 4037 2
3771 2654 6
3771 4861 7
3771 4986 10
3772 4728 5
3772 3305 6
3772 2937 9
3772 2054 6
3773 3267 5
3773 671 8
3773 3835 4
3773 384 2
3773 1704 8
3774 1635 5
3774 629 8
3774 3190 6
3774 2183 9
3774 1148 4
3775 405 2
3775 2309 4
3775 1311 2
3776 627 1
3776 1137 4
3776 3303 10
3776 3310 6
3777 4188 7
3777 4018 9
3778 3182 6
3778 56 7
3778 2324 8
3779 1934 7
3779 1730 10
3779 1791 6
3779 769 6
3779 3765 6
3780 3284 7
3780 2099 10
3781 1790 5
3781 2559 5
3782 2655 10
3782 2321 8
3782 4530 4
3782 3391 6
3782 4648 9
3783 804 5
3783 4283 3
3783 726 9
3783 3442 2
3783 3380 3
3784 3628 9
3785 310 9
3785 4825 6
3785 4550 4
3785 1924 6
3785 3955 9
3786 4723 5
3786 2447 4
3786 2320 5
3786 940 9
3786 4002 1
3787 4378 7
3787 3656 9
3788 121 3
3788 2995 10
3788 4978 8
3788 4947 4
3788 3069 3
3789 277 4
3789 4372 7
3789 334 8
3789 3254 8
3790 4341 3
3790 1697 9
3791 2457 7
3791 758 5
3791 671 6
3792 1208 7
3792 4757 5
3793 4506 7
3793 2968 4
3793 3657 10
3793 4439 2
3794 1649 10
3794 3155 9
3794 1387 8
3794 4736 9
3794 2424 10
3795 3943 6
3795 4098 3
3796 2915 4
3796 174 6
3796 1306 6
3797 4871 3
3797 4185 6
3798 2986 2
3798 151 5
3798 4154 4
3798 3612 10
3799 2986 10
3800 2779 4
3801 3792 6
3801 2033 2
3802 4490 9
3802 2485 3
3802 1702 1
3803 3159 6
3803 2889 6
3803 1764 2
3803 4472 3
3804 4311 9
3804 4455 9
3804 4584 8
3804 1621 10
3804 4618 6
3805 4997 8
3805 4769 1
3805 1809 10
3806 4532 7
3807 1279 2
3807 2905 3
3807 1224 7
3808 2957 7
3808 4577 9
3808 763 5
3809 3603 10
3810 581 10
3810 1043 10
3811 754 5
3811 3349 1
3811 478 4
3811 1439 6
3811 2874 2
3812 1279 9
3812 1761 3
3813 218 7
3813 3907 9
3814 3792 7
3814 2976 5
3814 4802 10
3814 1 9
3814 1421 8
3815 2292 9
3815 2854 2
3815 4767 7
3815 651 6
3815 1171 3
3816 2627 9
3816 99 9
3816 4977 7
3817 1489 3
3817 1595 5
3817 4556 9
3817 2013 2
3817 4269 5
3818 3085 1
3818 2181 8
3818 3178 8
3818 3895 3
3819 1026 6
3819 160 6
3820 2289 9
3820 3507 2
3820 330 1
3820 4898 4
3821 2865 1
3821 4633 2
3821 1605 6
3821 1317 1
3822 3988 4
3822 2245 8
3822 389 8
3822 1996 2
3823 4156 5
3824 2927 2
3824 3293 9
3824 1337 10
3825 600 2
3826 2510 9
3826 1367 10
3827 4025 2
3827 4012 9
3827 4222 7
3827 3254 3
3827 3847 7
3828 2285 7
3828 3106 4
3828 4869 4
3829 2045 7
3829 1181 10
3830 1599 9
3830 3224 10
3830 1280 8
3830 4982 7
3831 3775 1
3831 3776 9
3832 557 5
3832 1918 7
3833 4551 4
3833 3461 4
3833 486 8
3833 1148 2
3833 1701 2
3834 1596 2
3834 1208 1
3834 1732 4
3835 1388 2
3835 1330 9
3835 2688 4
3836 2613 7
3836 1511 8
3836 359 7
3836 3645 5
3837 4686 10
3837 1733 7
3837 3488 7
3837 902 8
3837 3818 9
3838 4376 7
3838 3738 6
3838 870 5
3838 4509 3
3838 4747 8
3839 1692 10
3839 2619 6
3839 3225 3
3839 1807 6
3839 3633 3
3840 3512 10
3840 3342 3
3840 3455 5
3840 1364 9
3840 4100 3
3841 2447 4
3841 4541 4
3841 1433 2
3841 1966 6
3841 2320 2
3842 2844 3
3842 2619 10
3842 3477 6
3843 2332 8
3843 346 10
3843 1524 3
3844 614 1
3845 3156 7
3845 2566 3
3845 3787 4
3845 708 4
3845 4924 7
3846 846 1
3846 1600 6
3846 3450 10
3847 290 6
3847 1492 4
3848 3621 2
3849 1441 10
3850 2251 9
3850 4251 7
3850 3762 4
3850 519 5
3851 1509 1
3851 3479 2
3852 3913 8
3853 3795 9
3853 202 1
3853 2809 5
3853 1569 3
3853 3686 10
3854 1778 8
3854 446 5
3854 2247 3
3854 2353 5
3855 1853 10
3856 4563 4
3856 4993 2
3856 2995 5
3856 2121 1
3856 4808 6
3857 3634 7
3857 3019 5
3858 551 9
3858 2795 5
3858 3193 7
3858 3675 4
3859 4378 3
3859 3172 8
3860 4200 5
3860 2915 3
3860 3589 4
3860 3117 8
3861 4620 8
3861 2917 6
3862 1334 9
3863 4611 2
3863 1051 3
3863 4221 6
3864 3297 10
3864 1594 1
3864 4756 7
3864 917 10
3865 2310 6
3865 809 2
3865 1832 1
3866 1 6
3866 178 7
3866 833 6
3867 2968 2
3867 1873 6
3867 3816 6
3867 3837 8
3867 3861 6
3868 1299 10
3869 4856 5
3869 2517 10
3869 2429 2
3869 4930 7
3869 1395 3
3870 4170 3
3870 2844 7
3871 2713 1
3871 2502 7
3871 2059 9
3871 2861 1
3872 3285 1
3872 2669 6
3872 2861 10
3872 765 6
3873 820 8
3873 4143 5
3873 3977 3
3874 1511 6
3874 1381 6
3874 1146 1
3874 4129 5
3874 3652 2
3875 1602 2
3875 4646 1
3875 1940 2
3875 4232 4
3876 3940 7
3876 4078 1
3877 3409 7
3878 1844 7
3878 4365 6
3878 1960 3
3879 1013 1
3880 97 10
3881 4893 2
3881 96 5
3882 3209 7
3882 2874 3
3883 4318 9
3883 4858 9
3884 2228 7
3884 2031 1
3884 1923 7
3885 4825 5
3885 4470 9
3885 4757 4
3885 870 4
3886 4549 5
3886 1227 5
3886 4810 3
3886 1194 10
3887 2634 3
3887 3422 1
3887 4978 2
3887 4426 7
3888 2162 3
3888 4524 8
3888 4601 3
3888 1013 6
3888 2677 10
3889 4816 6
3889 4321 6
3889 1806 4
3889 1227 5
3890 1761 7
3891 622 7
3891 4847 6
3892 3585 6
3892 4697 6
3892 3317 10
3892 1330 9
3892 2968 5
3893 4183 4
3893 3607 8
3893 1049 7
3893 1916 2
3893 3433 9
3894 624 4
3894 4514 3
3895 550 10
3896 4565 10
3896 3313 3
3896 4509 1
3897 917 1
3897 4377 4
3898 3593 7
3898 3695 6
3898 2027 8
3898 540 9
3898 4573 4
3899 2424 9
3899 883 8
3899 3913 9
3899 1481 9
3900 2363 7
3900 1345 2
3900 3505 2
3901 391 2
3901 2073 5
3902 4565 6
3902 3946 9
3902 1081 8
3902 3847 2
3902 1529 8
3903 4878 2
3903 2045 10
3904 4463 10
3904 4138 4
3904 1980 7
3905 2586 3
3905 1940 3
3905 754 4
3905 4497 1
3906 4409 1
3906 1549 1
3906 4125 2
3906 1991 7
3906 3451 5
3907 396 5
3907 1422 1
3907 2289 8
3908 301 7
3908 4370 1
3908 3740 6
3909 1093 9
3909 1481 8
3909 1903 4
3909 992 7
3910 1109 8
3910 4272 2
3911 1929 1
3911 1290 10
3911 4084 8
3911 4520 10
3911 3196 8
3912 112 8
3912 404 9
3912 2461 7
3913 2294 4
3913 2650 9
3914 2833 8
3915 4902 10
3915 2834 4
3915 4199 9
3915 3296 7
3916 2382 10
3916 2507 3
3916 4488 5
3917 2744 5
3918 3397 5
3918 4633 3
3919 1751 5
3920 69 9
3920 3182 6
3920 1161 6
3920 3626 1
3921 4349 9
3921 4293 10
3921 4994 2
3921 3487 5
3922 494 8
3922 368 4
3922 2404 10
3923 3242 9
3924 3337 1
3924 2955 5
3924 466 4
3925 4167 8
3925 4844 8
3925 89 10
3926 3773 1
3926 2283 10
3926 961 3
3926 2916 4
3927 78 4
3927 3074 5
3927 1911 7
3927 1648 10
3927 3697 10
3928 1477 6
3929 1908 2
3930 1350 2
3930 2809 4
3930 1284 2
3930 4225 9
3931 1802 8
3931 4487 1
3931 4239 8
3931 3702 6
3932 1035 3
3932 3247 10
3932 1724 8
3933 640 10
3933 3525 7
3933 3755 6
3933 3719 10
3933 4795 1
3934 2999 4
3934 4686 1
3935 4841 8
3935 4588 3
3935 1924 9
3935 993 3
3936 1892 9
3936 3815 5
3936 3067 1
3936 956 8
3936 613 9
3937 4211 7
3937 813 6
3937 2974 9
3938 1347 3
3938 2392 10
3938 2483 2
3939 4883 4
3940 2076 6
3940 3216 1
3940 347 9
3940 3001 10
3941 2108 4
3942 3761 8
3943 93 1
3943 1126 2
3943 403 5
3944 545 1
3944 190 3
3944 4398 6
3944 4222 9
3944 2912 10
3945 1342 3
3945 4658 1
3946 1954 4
3947 2209 3
3947 1935 3
3947 20 6
3948 4509 8
3948 991 10
3948 175 4
3949 3265 2
3949 3633 9
3949 485 3
3949 4675 8
3950 125 10
3950 2522 10
3950 330 10
3950 1297 3
3950 961 2
3951 2907 3
3951 2692 9
3951 1712 7
3951 1038 1
3951 1579 1
3952 2953 10
3953 2789 10
3954 4068 10
3954 3652 8
3954 2029 9
3955 3638 6
3955 3951 7
3955 3831 2
3955 3993 8
3955 3342 6
3956 4967 1
3956 3838 2
3956 712 2
3956 4971 3
3957 2187 2
3957 1332 3
3957 3494 7
3957 1191 9
3958 3843 7
3959 1420 5
3959 3037 2
3959 1826 1
3959 4203 8
3960 2677 9
3960 1531 8
3960 2726 1
3960 1303 5
3961 1116 8
3962 3262 10
3962 1655 2
3962 3121 8
3963 3259 4
3963 2466 9
3963 3120 6
3963 1387 2
3963 4125 3
3964 825 1
3964 331 2
3964 1538 3
3965 2300 6
3965 2725 2
3965 4427 4
3965 4844 9
3965 3915 2
3966 4033 7
3967 4022 8
3968 411 1
3968 2783 6
3968 78 3
3968 1911 3
3969 3684 5
3969 4081 9
3969 172 10
3969 2192 4
3970 1765 9
3971 3968 2
3972 3804 3
3972 1126 2
3972 595 1
3972 2093 10
3972 3459 5
3973 4279 6
3973 3418 7
3974 3007 10
3974 2446 9
3974 824 3
3974 944 10
3974 3698 2
3975 365 3
3976 2348 2
3976 3019 3
3976 3455 1
3976 2127 1
3976 3700 7
3977 2260 1
3977 3782 9
3978 551 6
3978 4780 3
3979 4162 1
3979 993 7
3980 1235 9
3980 4926 1
3980 1951 3
3981 3653 2
3981 1852 7
3982 4455 8
3982 3119 1
3983 1468 4
3984 2078 5
3984 2443 1
3984 3044 7
3985 1285 3
3985 3585 4
3986 4438 8
3986 1142 9
3987 2226 8
3987 661 9
3987 93 10
3987 156 6
3987 1287 7
3988 2976 5
3988 1509 1
3989 4283 7
3989 2319 2
3990 2665 6
3990 3663 4
3990 2915 5
3990 4996 7
3990 3758 7
3991 1481 5
3991 1468 3
3991 1790 10
3992 1753 8
3992 1037 1
3993 3672 6
3994 313 10
3994 4289 1
3994 2142 2
3994 1418 7
3995 3470 8
3995 4872 3
3995 2089 1
3995 404 4
3995 3274 1
3996 1478 9
3996 3743 7
3996 2569 2
3996 2327 5
3997 2455 9
3997 1304 10
3997 4988 8
3997 3529 8
3998 1507 6
3998 2019 9
3998 56 1
3999 1642 3
3999 2513 9
3999 468 3
4000 2619 9
4000 3340 10
4000 3084 10
4001 3583 4
4002 555 2
4002 2224 8
4002 961 6
4003 2415 9
4004 2060 1
4005 3893 10
4005 322 8
4005 735 7
4005 4675 5
4006 4690 4
4007 4035 2
4007 4869 5
4007 3324 5
4007 3711 5
4007 776 6
4008 1771 6
4008 732 8
4008 4506 4
4008 3761 7
4009 2487 10
4009 2579 9
4010 4582 1
4010 2673 4
4010 3293 1
4010 3666 10
4010 147 1
4011 3497 3
4011 4323 2
4012 1492 1
4013 4342 8
4014 3769 9
4014 882 10
4014 4942 1
4014 1254 5
4014 4976 6
4015 2787 3
4015 3050 1
4015 479 7
4015 275 8
4015 4452 8
4016 38 8
4016 912 1
4016 3466 3
4016 1403 3
4017 2094 2
4017 3242 8
4017 3464 1
4018 4317 8
4018 2531 3
4018 3755 3
4019 1934 1
4020 2613 3
4020 427 4
4020 3508 6
4020 3988 7
4020 3137 10
4021 3874 1
4022 3668 8
4022 3389 2
4022 1937 2
4022 2968 8
4023 1851 7
4023 3342 6
4023 1175 4
4023 4904 5
4024 4920 9
4024 4559 8
4025 4719 2
4026 577 1
4027 2082 1
4027 2554 1
4027 3182 2
4028 653 6
4028 4133 1
4028 3438 5
4028 260 8
4029 3788 8
4029 824 5
4029 3648 7
4029 2827 1
4029 2645 2
4030 4287 9
4030 912 1
4031 1861 3
4031 4048 6
4031 2094 7
4032 2814 3
4032 812 3
4032 2738 2
4033 4349 9
4033 3740 2
4033 2320 8
4033 3855 6
4033 1356 3
4034 3137 5
4035 2776 6
4035 3440 9
4036 328 9
4036 3203 1
4036 2352 3
4037 3907 3
4038 1157 3
4038 2635 4
4038 4766 7
4038 3633 4
4038 4186 4
4039 3882 6
4039 3951 3
4039 289 4
4039 4445 5
4039 2050 6
4040 3869 9
4040 4129 9
4040 30 2
4040 883 10
4040 3364 4
4041 4164 6
4041 3080 8
4042 3954 4
4042 2555 8
4043 875 6
4043 3478 7
4043 1987 1
4043 4643 2
4043 3026 4
4044 686 10
4044 4689 7
4044 1239 8
4045 4893 4
4046 2143 6
4046 306 3
4047 1359 5
4047 405 8
4047 2327 2
4048 2633 10
4048 4145 1
4049 4085 5
4049 2349 2
4049 1927 2
4049 313 3
4049 2626 9
4050 3507 2
4051 4648 7
4052 1880 1
4052 3661 4
4052 1600 1
4052 832 4
4053 993 3
4053 3856 3
4054 3727 10
4054 24 9
4054 1400 5
4055 4658 3
4055 1212 8
4055 3984 1
4056 1365 5
4057 139 4
4057 1174 9
4058 4943 6
4058 1183 6
4059 578 4
4059 1263 2
4060 2381 3
4060 1876 5
4060 728 9
4061 3630 9
4061 1706 10
4061 2555 2
4061 2834 6
4062 4438 1
4062 2095 1
4063 3656 9
4063 4546 9
4063 3636 1
4063 3423 5
4064 1053 1
4064 3467 4
4064 3728 7
4065 3876 10
4065 2557 2
4065 3436 4
4065 4989 9
4065 2260 10
4066 1943 6
4066 3161 7
4066 2332 10
4067 3574 3
4067 3249 8
4067 4835 8
4067 341 6
4068 4755 6
4068 4129 9
4068 4930 4
4068 3796 6
4069 2320 4
4069 1859 2
4069 4049 6
4069 4002 1
4069 1733 4
4070 3449 10
4070 3917 7
4070 4250 8
4070 3049 5
4070 2121 3
4071 2755 9
4072 277 8
4073 2974 9
4073 153 6
4074 1222 2
4074 4895 7
4074 2503 4
4075 558 3
4075 3107 5
4075 1491 9
4076 2204 4
4076 3634 8
4076 2056 6
4077 4488 8
4077 1461 6
4077 3688 2
4078 3454 10
4079 3343 1
4079 170 1
4079 4056 9
4079 2611 8
4080 2855 6
4080 2961 6
4080 4250 3
4081 3429 7
4082 2451 6
4082 4552 8
4082 792 5
4082 720 2
4082 1117 10
4083 3292 2
4084 4854 10
4085 1711 7
4086 4587 7
4086 227 5
4086 4648 6
4086 22 7
4087 739 6
4087 55 1
4087 4907 6
4087 697 10
4087 4687 2
4088 4049 6
4089 3528 7
4089 681 9
4090 1701 7
4090 2500 5
4090 4338 9
4090 3173 10
4090 2098 5
4091 143 3
4091 2559 3
4092 1589 6
4092 1356 9
4092 1728 4
4092 1185 6
4093 3973 2
4093 3604 7
4093 1126 1
4094 1123 8
4094 4884 10
4094 2865 2
4095 4338 9
4095 1642 6
4095 4973 3
4096 1807 4
4097 3066 7
4097 773 9
4098 3849 9
4099 2100 1
4100 2794 5
4101 4865 4
4101 2742 8
4101 3724 7
4101 3590 10
4101 4570 10
4102 313 5
4102 3845 6
4103 1658 7
4103 4202 5
4103 2726 6
4103 2502 6
4103 2007 6
4104 1034 6
4104 4705 2
4105 470 3
4106 1465 9
4106 4391 5
4106 2886 4
4106 1395 1
4107 225 1
4107 3859 4
4107 983 1
4107 3496 1
4108 3429 10
4108 2000 8
4108 3118 4
4109 3067 4
4109 52 8
4110 2502 2
4110 2660 5
4110 3390 5
4110 1414 7
4111 190 1
4112 4863 10
4113 3372 9
4113 4796 2
4113 4354 8
4114 2646 5
4114 3697 10
4114 1227 5
4114 1724 2
4114 3341 10
4115 4617 9
4115 2798 10
4115 2692 6
4115 3958 1
4116 2794 1
4116 4947 2
4116 60 8
4117 4138 6
4117 4323 9
4118 114 4
4118 1231 10
4118 4148 8
4118 4636 7
4119 4090 1
4119 4471 6
4119 3656 3
4120 3082 3
4120 2122 10
4121 2688 1
4121 2147 4
4121 2841 7
4121 3629 7
4121 16 7
4122 1658 5
4123 1499 5
4123 929 6
4123 250 4
4123 1905 9
4124 2238 1
4124 639 2
4124 2824 7
4124 2706 4
4124 485 7
4125 1414 9
4126 1789 9
4126 447 1
4126 1738 4
4126 3816 8
4126 3620 3
4127 2284 10
4127 3685 9
4127 756 3
4127 4862 6
4128 4197 3
4128 1947 10
4129 2442 8
4130 2696 1
4130 289 4
4130 4076 2
4131 177 7
4131 2558 8
4131 867 7
4132 977 8
4132 3631 5
4133 1898 5
4133 3094 4
4133 2509 7
4133 2480 3
4133 2158 5
4134 2257 7
4134 4974 6
4134 396 5
4134 313 2
4135 4691 6
4135 4447 8
4136 3245 4
4136 3938 4
4137 344 3
4137 1848 8
4137 3312 7
4137 4012 1
4137 314 3
4138 2210 9
4138 4574 5
4139 3804 1
4140 4128 3
4140 905 3
4140 783 3
4140 56 5
4140 467 10
4141 2726 8
4141 3160 3
4141 3718 6
4142 814 4
4142 2767 3
4142 3900 8
4142 3347 5
4142 2645 9
4143 2241 8
4143 1514 7
4144 3607 6
4145 4930 2
4145 1611 8
4146 3427 4
4146 1924 7
4146 4675 1
4147 4945 7
4148 2154 6
4148 4759 4
4148 82 2
4149 413 3
4149 4331 3
4149 2097 3
4149 2270 5
4149 492 3
4150 2379 10
4150 3684 10
4150 1023 5
4150 5 10
4151 362 5
4151 441 4
4151 2116 5
4151 2015 6
4152 2131 1
4153 2045 1
4154 1672 10
4154 1052 5
4154 1327 8
4155 2915 4
4155 2009 9
4155 3415 5
4155 523 6
4156 2189 6
4156 3910 9
4156 1017 8
4157 1086 1
4157 1517 4
4157 2057 5
4157 2023 7
4157 958 6
4158 2301 7
4158 678 3
4158 2155 9
4158 585 6
4158 4161 1
4159 2570 1
4159 1459 7
4160 2524 7
4160 4162 9
4160 1998 2
4161 4633 7
4161 4422 8
4162 3291 6
4162 4989 8
4162 1137 5
4162 537 5
4162 2348 9
4163 2599 9
4164 3437 4
4164 548 5
4164 2762 6
4164 313 4
4164 2171 3
4165 2108 3
4165 4321 7
4165 3666 9
4166 993 6
4166 4308 8
4167 2620 6
4167 4902 5
4167 460 7
4167 4741 6
4168 1208 1
4168 2272 1
4168 3324 3
4168 4140 6
4168 4808 1
4169 2380 6
4169 4891 9
4169 631 8
4169 4932 2
4169 3310 1
4170 3590 7
4170 3993 6
4171 1916 8
4172 1300 6
4172 1062 5
4172 2867 4
4172 4497 6
4173 208 4
4173 2668 4
4174 4310 7
4174 1868 8
4174 1448 7
4175 4697 3
4175 3867 3
4175 457 2
4176 813 2
4177 3695 1
4178 1919 7
4178 1786 1
4178 2158 2
4178 2985 10
4179 4545 3
4179 2798 9
4179 3241 4
4179 2906 5
4179 2040 3
4180 942 5
4180 1214 9
4181 2531 7
4181 391 7
4182 4195 2
4182 912 9
4182 2497 5
4183 2197 1
4183 55 9
4183 234 10
4183 1828 5
4183 2844 8
4184 3441 5
4184 556 1
4184 2390 9
4184 2759 9
4185 817 4
4185 2162 9
4185 4268 5
4185 4658 10
4186 4217 5
4186 1171 1
4186 1319 9
4186 346 2
4186 3298 4
4187 3928 5
4187 921 9
4187 4975 3
4187 807 10
4187 1937 3
4188 4977 9
4188 3178 7
4189 2366 3
4189 4689 6
4190 4378 10
4190 1198 10
4191 2612 7
4191 4648 5
4191 4904 7
4191 4213 2
4191 4978 4
4192 3471 4
4193 4532 10
4193 2825 5
4193 364 10
4193 101 6
4194 2434 6
4194 413 8
4195 4067 2
4196 4063 1
4196 2762 5
4196 4745 7
4196 2013 10
4196 4715 7
4197 4491 6
4197 560 9
4197 1721 1
4197 3847 6
4198 517 10
4198 1984 6
4198 813 8
4198 771 1
4198 2789 1
4199 3154 5
4200 4149 1
4200 3948 10
4200 4672 5
4200 4771 6
4201 1038 4
4201 4385 5
4201 806 5
4202 346 10
4203 3192 1
4203 2003 4
4203 3317 2
4203 3791 6
4203 4139 9
4204 182 6
4204 4890 1
4204 3246 4
4205 1613 3
4205 1580 10
4205 2849 10
4205 3212 3
4205 2479 2
4206 1492 5
4206 984 2
4206 1760 3
4206 3978 4
4206 2084 10
4207 992 5
4207 306 2
4208 1971 5
4208 3246 6
4208 4570 7
4208 2910 8
4208 1328 2
4209 238 9
4209 1445 1
4210 3872 5
4210 1507 8
4210 3084 3
4211 651 2
4211 4314 1
4211 3416 3
4211 1168 10
4212 3066 2
4212 3341 2
4212 1285 7
4213 1088 9
4213 2268 6
4213 3470 4
4213 3391 5
4213 3832 7
4214 3878 10
4214 2905 1
4215 4435 5
4216 724 10
4216 3652 8
4216 456 5
4217 3707 1
4217 1558 1
4217 2056 9
4218 396 5
4218 129 3
4218 4134 8
4218 3410 8
4219 4997 2
4220 1198 7
4220 1796 6
4220 4831 8
4221 1404 1
4221 4810 9
4221 1679 1
4221 2444 7
4221 2283 9
4222 121 3
4222 2718 5
4223 3782 3
4223 1892 6
4223 4468 8
4223 2653 5
4224 3846 2
4224 1648 6
4224 4348 7
4224 1900 5
4224 3292 1
4225 3119 1
4225 1679 10
4225 4814 7
4226 2520 2
4226 2688 4
4227 4232 1
4228 2716 4
4228 54 5
4228 4808 8
4229 2789 2
4229 3687 7
4229 1581 10
4229 3839 5
4230 4807 3
4231 4067 10
4231 2312 7
4231 361 1
4232 1426 7
4232 4318 7
4233 3654 9
4233 801 5
4234 4308 9
4235 659 3
4235 2592 8
4235 4434 2
4235 3107 1
4235 4063 5
4236 2485 6
4236 4377 9
4236 3021 3
4237 2623 10
4237 3535 10
4237 4836 10
4237 1153 3
4237 1581 3
4238 1934 6
4239 1900 4
4239 1919 1
4239 2556 1
4239 782 3
4239 3833 9
4240 352 8
4240 1543 4
4240 287 3
4241 4005 2
4241 2796 8
4241 1397 5
4242 3895 8
4242 2039 2
4242 3317 3
4242 73 2
4243 1978 5
4243 4681 6
4243 861 4
4243 878 6
4244 1297 2
4244 2208 9
4244 1812 3
4244 494 7
4245 50 10
4245 4544 8
4245 4669 7
4245 1672 2
4246 2304 9
4246 1588 2
4247 3910 4
4248 2265 1
4248 1734 3
4248 459 7
4248 4559 10
4249 3631 6
4249 252 1
4250 3127 4
4250 3719 10
4250 3777 2
4250 2955 9
4251 3535 8
4251 2666 5
4251 3560 4
4251 1558 7
4252 1303 3
4252 995 8
4253 742 3
4253 3600 7
4253 387 7
4253 1277 3
4254 402 6
4254 303 7
4254 2755 4
4255 4822 8
4255 3247 6
4255 2606 8
4255 913 4
4255 3116 10
4256 3216 4
4256 4723 2
4256 4630 7
4256 2544 7
4257 1529 1
4257 4217 10
4257 1849 5
4257 4109 6
4258 3736 5
4258 2424 1
4259 2972 7
4259 2419 8
4259 3771 10
4260 4818 8
4260 4064 4
4261 4712 9
4261 2617 5
4261 4044 8
4261 4048 10
4261 410 10
4262 3045 4
4262 1181 2
4263 2974 1
4263 856 7
4264 553 10
4265 1245 1
4265 724 5
4265 4363 4
4265 2589 5
4265 3980 9
4266 1724 2
4266 1420 7
4266 2436 7
4266 304 1
4267 3239 8
4267 4849 8
4267 2014 7
4268 1679 3
4268 1690 3
4268 2831 4
4268 1231 8
4268 967 4
4269 1749 10
4269 4267 6
4270 3086 3
4270 4076 4
4270 4520 10
4270 4508 2
4270 849 8
4271 2211 9
4271 4571 3
4271 4694 7
4271 1223 5
4272 77 10
4272 4906 10
4273 2555 7
4273 3665 7
4273 2645 9
4274 3223 4
4274 926 2
4275 1860 10
4275 4564 8
4275 4454 2
4276 1299 5
4276 4794 2
4276 4660 7
4276 926 7
4276 4360 10
4277 344 5
4277 3638 2
4277 4719 9
4277 4832 2
4278 4798 1
4278 2431 5
4278 861 5
4278 2712 2
4278 4772 5
4279 2673 9
4279 600 10
4279 1896 10
4279 421 2
4280 549 3
4280 3842 3
4281 2284 2
4281 1487 4
4281 786 7
4282 3152 8
4282 1651 2
4282 2134 2
4283 846 1
4283 523 6
4283 1387 10
4284 2002 9
4284 4429 2
4285 4644 9
4285 1098 4
4285 4614 1
4285 1103 3
4285 2566 9
4286 455 3
4287 2941 6
4287 4062 1
4287 4561 8
4288 4636 10
4288 2142 7
4289 3369 2
4289 2632 1
4289 3546 2
4290 2927 6
4290 3276 1
4290 2209 8
4290 2741 6
4290 1867 7
4291 2281 10
4291 578 1
4291 995 8
4292 2230 2
4293 1696 7
4293 4165 8
4293 2162 8
4293 4844 3
4293 3768 10
4294 1415 4
4295 1511 10
4296 2323 9
4296 3791 6
4296 274 2
4297 3819 8
4297 4059 6
4297 1510 6
4298 4438 4
4299 1657 7
4299 4528 5
4300 3160 1
4300 1524 7
4301 3097 10
4301 2081 9
4301 2971 7
4302 1784 6
4302 280 4
4302 629 6
4302 1070 1
4302 4394 2
4303 3962 8
4304 4028 4
4304 944 8
4304 2623 4
4304 1034 4
4304 4447 1
4305 668 2
4306 681 1
4306 3071 8
4306 4438 3
4306 741 2
4306 4662 2
4307 2285 9
4307 4149 5
4307 3698 7
4308 3696 1
4308 4971 3
4308 4331 10
4308 1137 3
4308 1438 2
4309 3196 7
4309 4110 7
4310 1244 2
4310 726 3
4310 3769 5
4310 3634 1
4310 4074 10
4311 2605 5
4311 2356 6
4311 4749 3
4312 492 4
4312 1934 9
4312 4038 1
4312 1686 2
4313 3429 3
4313 2106 8
4314 481 4
4314 2981 4
4314 4687 1
4314 2864 4
4314 3558 1
4315 437 10
4315 2523 7
4315 686 4
4315 1538 2
4315 969 5
4316 1764 9
4316 2321 10
4316 2107 2
4317 99 1
4317 4088 8
4317 1441 8
4317 1249 5
4317 301 2
4318 4975 2
4318 945 10
4319 3383 9
4320 4728 9
4320 2158 4
4320 5 2
4320 274 7
4320 4634 7
4321 4911 8
4321 1223 10
4321 1585 6
4321 3309 2
4322 1174 6
4323 4883 1
4323 3364 1
4323 2609 1
4323 3681 6
4323 570 1
4324 3746 9
4324 1908 4
4324 1646 2
4324 2054 9
4324 3761 4
4325 814 2
4325 2100 10
4325 4989 6
4325 4189 9
4326 518 8
4327 3494 9
4327 1974 8
4327 3893 1
4328 2903 9
4329 3608 10
4330 227 3
4331 527 9
4331 3831 10
4331 3707 9
4331 1383 2
4331 1615 7
4332 477 9
4332 3430 7
4332 2417 3
4332 290 7
4332 3209 8
4333 3335 10
4334 2622 1
4334 648 4
4335 3607 10
4335 2059 7
4335 1037 3
4335 1229 1
4336 2957 1
4336 1453 2
4336 3337 5
4337 3077 8
4337 4316 6
4338 969 7
4338 3629 3
4338 1538 5
4338 4856 3
4338 1181 1
4339 2146 8
4340 585 10
4340 4071 4
4340 4525 6
4341 4360 9
4341 503 3
4341 4768 5
4341 4127 2
4341 897 10
4342 2535 5
4343 3497 6
4344 1087 1
4344 1139 2
4344 804 7
4344 882 10
4344 1098 8
4345 3636 6
4345 500 3
4345 4556 2
4346 3986 5
4346 4076 8
4346 2976 7
4346 2973 10
4346 1135 3
4347 3193 8
4347 3132 5
4348 1724 9
4348 3665 8
4348 3610 4
4349 4594 9
4349 2644 9
4349 1489 8
4349 2626 6
4350 3931 1
4351 3767 9
4351 1710 9
4351 1415 7
4352 1382 4
4352 3239 3
4352 2726 7
4352 938 1
4352 4722 10
4353 2390 1
4353 3532 3
4353 1019 8
4353 1980 6
4353 1759 10
4354 1710 4
4354 2351 2
4354 1608 8
4355 2197 3
4355 1773 9
4355 458 4
4355 2870 4
4355 3896 4
4356 2377 3
4356 3055 2
4356 4115 5
4356 4566 3
4356 3545 3
4357 972 2
4357 1443 7
4357 1342 1
4357 2618 8
4357 1928 3
4358 4683 5
4358 469 7
4358 112 4
4359 422 5
4360 4658 1
4361 3386 1
4361 339 1
4361 2359 5
4362 2432 9
4363 2581 1
4363 2876 10
4363 4360 8
4363 4448 6
4364 668 10
4364 3652 3
4365 4431 9
4365 2967 2
4366 2709 9
4367 2451 7
4367 2097 10
4367 2309 4
4367 1659 5
4368 3453 8
4368 610 6
4369 3260 9
4369 81 10
4369 3336 6
4369 2497 2
4369 1299 7
4370 3984 7
4370 3447 6
4370 3818 9
4370 129 4
4370 2356 1
4371 4248 5
4371 3773 5
4372 577 5
4372 2619 9
4373 1865 6
4373 4335 8
4373 3988 5
4374 1428 7
4374 3239 2
4374 2525 8
4375 4824 4
4375 4788 8
4376 3056 5
4376 234 2
4376 4570 2
4376 4201 8
4376 153 4
4377 2403 2
4377 3931 6
4377 2616 8
4377 1518 10
4378 913 3
4378 4389 2
4378 3846 7
4378 3631 8
4379 2618 1
4379 1688 3
4379 3582 10
4379 4933 8
4379 637 1
4380 4506 9
4381 3576 10
4381 118 2
4382 4397 5
4382 4414 3
4383 1430 4
4383 1613 3
4383 1508 3
4383 2811 5
4383 3726 5
4384 4139 8
4384 496 6
4385 3922 7
4385 2794 1
4385 1178 2
4386 4451 2
4387 3151 3
4388 4571 9
4389 4438 6
4389 3181 3
4390 4160 6
4391 2388 3
4391 3296 6
4391 1739 8
4391 1160 1
4391 1342 8
4392 4084 2
4392 3609 3
4392 3097 10
4393 3368 6
4393 3029 6
4394 4270 7
4394 4658 6
4394 1899 5
4394 1389 2
4395 1751 5
4395 2715 4
4396 2865 10
4396 1985 9
4396 956 9
4396 1830 1
4396 4500 2
4397 2947 6
4397 1544 8
4397 1264 8
4397 3507 6
4398 2329 9
4398 1847 2
4398 2473 8
4399 3741 9
4399 4532 5
4399 3761 3
4400 4025 9
4400 2105 10
4401 100 7
4401 3973 8
4401 4341 5
4401 2536 4
4402 530 4
4402 2464 5
4402 1153 4
4402 2690 1
4402 4648 2
4403 3324 1
4404 900 2
4404 978 6
4404 2858 5
4404 3410 10
4405 1930 9
4405 3505 7
4405 4612 1
4405 1440 4
4405 4272 5
4406 4920 1
4406 4765 9
4406 1399 5
4406 2831 2
4406 1594 6
4407 3039 5
4407 421 9
4407 1697 3
4408 1081 10
4408 848 4
4408 3415 1
4408 2579 1
4409 3548 4
4410 3264 8
4411 4079 4
4412 3439 5
4412 3481 3
4412 3469 8
4412 1170 3
4413 4343 10
4413 1254 6
4413 4816 2
4413 4081 10
4413 4323 9
4414 1517 5
4414 2928 8
4414 683 1
4414 2939 9
4414 3317 3
4415 4675 4
4415 1373 1
4415 1541 7
4415 1011 6
4416 2424 6
4416 2142 10
4416 4970 3
4417 2033 10
4417 3199 2
4417 2974 3
4417 2082 9
4418 2236 2
4418 703 4
4418 3807 2
4418 4888 10
4418 2080 10
4419 4636 10
4419 849 3
4419 2147 3
4419 2730 9
4420 2507 5
4420 2049 7
4420 758 1
4420 1267 6
4420 446 3
4421 2738 3
4421 22 10
4421 1777 2
4421 2768 7
4422 2335 1
4422 4594 1
4422 4098 9
4422 4994 10
4423 1423 9
4424 1582 9
4424 1471 3
4425 4026 5
4426 842 9
4427 2673 6
4427 1912 4
4427 3503 3
4427 1784 9
4428 2270 2
4428 4714 7
4428 4710 2
4428 2990 2
4429 1804 9
4430 1585 9
4430 4941 3
4430 3196 2
4430 2211 2
4430 4694 3
4431 3303 8
4431 2250 9
4431 1190 4
4431 1567 4
4431 2228 10
4432 4352 3
4433 2592 1
4433 3488 9
4433 1087 2
4433 876 1
4433 976 9
4434 3083 3
4434 986 7
4434 4344 3
4435 3717 10
4435 1507 10
4435 3716 1
4435 87 7
4436 3181 7
4436 2135 10
4437 4883 1
4437 3466 4
4437 1004 4
4438 3132 4
4438 2623 10
4438 4059 9
4438 771 1
4438 1106 3
4439 2976 7
4439 4118 9
4440 1428 4
4440 4143 5
4440 2817 8
4441 2678 8
4441 2521 1
4442 2241 3
4442 4705 1
4442 2486 5
4442 1666 9
4443 3690 6
4443 3161 1
4443 2786 1
4443 4847 10
4443 1926 5
4444 4741 6
4445 4818 6
4445 1503 10
4445 1547 7
4446 2827 8
4447 3022 10
4447 4798 5
4447 2056 2
4448 2894 7
4448 255 9
4449 3088 1
4449 148 3
4449 85 3
4449 1374 10
4449 2935 2
4450 4932 4
4450 4079 10
4450 2309 9
4450 2700 4
4451 2819 4
4451 2542 5
4451 338 5
4451 2780 9
4452 1413 10
4453 3112 2
4453 4536 9
4453 3164 4
4453 3837 5
4453 1937 4
4454 4524 4
4455 4941 7
4455 1981 6
4455 2859 8
4456 2538 2
4456 2487 5
4456 4863 9
4456 3796 5
4456 4329 8
4457 2278 2
4457 1097 6
4458 231 7
4458 3740 3
4458 3318 8
4458 3564 7
4459 3450 6
4459 1591 5
4459 1600 1
4460 303 1
4460 241 1
4460 4077 4
4460 3929 5
4461 795 3
4462 1381 10
4462 997 1
4462 3335 6
4462 1925 1
4463 3521 8
4464 4251 2
4464 712 8
4464 3141 5
4465 893 6
4465 4383 5
4465 2479 4
4465 1459 6
4466 726 10
4466 4732 2
4466 1701 7
4466 4024 1
4466 4638 8
4467 1304 5
4467 3720 7
4467 1509 3
4467 620 4
4467 2395 5
4468 1104 4
4468 1694 1
4468 227 4
4468 1300 6
4468 2391 8
4469 4104 5
4469 66 4
4469 4747 2
4470 4964 6
4470 4447 4
4470 4914 2
4470 4747 9
4470 3737 3
4471 4239 7
4471 2883 3
4472 585 2
4472 1765 6
4472 1330 2
4472 2298 3
4473 3190 8
4473 1245 3
4473 3984 4
4473 946 4
4474 4668 7
4474 1871 10
4475 1012 9
4476 1873 6
4476 3168 7
4477 1317 10
4477 1725 2
4477 2683 1
4477 3019 4
4477 3839 1
4478 1589 4
4478 4814 2
4478 1519 6
4478 325 5
4479 2833 3
4479 2645 10
4479 1153 6
4479 791 4
4480 1889 2
4480 944 10
4481 1127 8
4481 2780 9
4481 2415 1
4481 550 10
4482 4798 8
4483 4854 7
4483 4338 2
4484 360 9
4484 2592 9
4484 2330 4
4484 2304 7
4485 938 10
4485 1700 5
4485 961 2
4485 1416 4
4485 1733 8
4486 78 1
4487 1919 3
4487 2429 8
4487 4911 10
4487 1358 6
4488 2487 8
4488 2078 8
4488 500 1
4489 585 9
4489 1295 4
4489 4858 2
4490 2108 1
4490 1882 4
4491 628 6
4491 3180 4
4492 2571 6
4492 1308 5
4492 4443 2
4492 4679 7
4492 1229 6
4493 3483 4
4493 4639 8
4493 4051 3
4494 637 9
4495 3531 10
4496 3813 1
4496 396 9
4496 2349 9
4496 1895 1
4496 1386 10
4497 4853 8
4497 3982 4
4498 2861 5
4499 4185 2
4500 3069 2
4500 2813 2
4500 1193 1
4500 842 10
4500 352 10
4501 842 7
4501 2873 3
4501 3875 2
4501 2107 5
4502 1019 10
4503 1567 4
4503 4096 5
4503 2695 10
4504 4920 7
4504 2232 2
4504 4872 5
4504 3179 3
4504 4697 1
4505 1679 2
4506 275 8
4507 3638 9
4507 4537 5
4508 3880 3
4508 359 2
4508 883 5
4508 1499 10
4509 842 4
4510 4520 3
4510 3402 5
4510 3344 9
4511 4700 10
4511 4133 8
4511 405 2
4512 2688 4
4513 3797 10
4513 1422 4
4513 3058 2
4514 4634 2
4514 978 6
4514 4721 3
4514 4341 10
4514 2779 8
4515 4759 9
4515 4658 8
4515 2347 5
4515 3521 5
4516 2971 10
4516 3393 6
4516 2036 4
4516 2995 2
4516 3199 3
4517 1782 7
4517 4973 3
4517 2147 8
4518 4850 6
4518 3123 10
4518 3178 8
4519 3779 10
4520 2046 6
4521 2174 5
4521 266 4
4521 4746 4
4521 403 7
4521 1416 7
4522 344 6
4522 3776 8
4523 3851 4
4523 1171 8
4523 621 10
4523 175 6
4523 1317 10
4524 4030 6
4524 4042 6
4524 2577 9
4524 2634 6
4524 4525 5
4525 1702 9
4526 4038 5
4526 27 5
4526 4757 7
4526 4069 5
4526 2669 7
4527 1646 6
4527 3212 1
4528 1190 2
4528 2140 4
4528 3680 4
4529 2688 4
4529 2453 10
4530 3481 1
4530 1582 8
4530 2955 8
4531 1144 8
4531 3993 10
4531 1426 3
4531 2971 10
4531 2241 7
4532 4820 1
4532 1235 4
4532 3272 9
4532 460 4
4532 4748 4
4533 1349 4
4534 3398 7
4535 2931 3
4535 2515 10
4535 204 10
4535 4889 8
4535 2522 4
4536 3296 3
4536 2162 1
4537 2342 9
4537 667 1
4537 2258 2
4538 330 7
4539 260 1
4539 2640 5
4539 2955 5
4540 1264 3
4540 3950 5
4540 3613 7
4541 3061 3
4541 3532 9
4542 1975 1
4542 2149 3
4542 2635 7
4542 4489 9
4543 1287 5
4543 4239 2
4543 671 1
4543 2012 3
4543 2549 7
4544 977 2
4545 2690 2
4546 3685 1
4546 4689 6
4546 468 5
4547 1420 10
4547 1981 6
4547 4902 7
4548 1527 1
4548 4602 10
4548 3880 7
4549 4823 3
4549 2582 1
4549 2219 7
4549 4267 3
4550 2861 8
4550 4385 8
4550 357 3
4550 4766 10
4550 2099 6
4551 1844 3
4552 2075 9
4552 1532 8
4552 4701 7
4552 842 8
4553 1602 3
4553 4051 3
4553 867 7
4554 3284 2
4554 4962 1
4554 2989 7
4554 2873 8
4555 3085 2
4555 655 7
4556 1388 5
4556 3812 3
4556 2806 9
4556 1983 2
4556 3695 7
4557 3465 7
4557 4685 6
4557 954 4
4557 2114 7
4557 1760 8
4558 765 10
4558 4705 9
4558 2399 7
4559 3609 2
4559 972 3
4559 2554 6
4559 2927 7
4559 3200 9
4560 3294 6
4560 406 2
4560 3746 1
4560 4904 6
4560 64 7
4561 210 7
4561 4429 3
4561 3922 2
4561 1507 1
4562 1145 6
4562 3792 6
4562 631 3
4562 3303 9
4562 467 10
4563 4384 1
4563 2093 2
4564 4239 2
4565 2464 5
4565 3714 5
4566 4023 5
4566 3699 10
4567 1337 7
4567 4363 6
4568 1500 4
4568 318 2
4569 2863 7
4569 612 5
4569 3141 1
4569 238 9
4570 1694 10
4571 2014 1
4571 2401 9
4571 1571 1
4571 4617 8
4572 3324 10
4573 2728 10
4573 2229 9
4573 334 6
4573 4520 8
4573 3451 1
4574 1400 8
4574 2891 1
4575 4709 10
4575 3111 7
4575 4928 3
4575 2744 2
4575 2716 4
4576 2228 8
4576 4012 10
4576 959 4
4576 147 4
4577 1219 6
4577 3677 5
4577 1859 2
4577 4341 4
4578 2809 4
4578 1836 3
4578 548 1
4578 3227 9
4579 2844 1
4579 4446 4
4580 4059 9
4581 1129 4
4581 4446 1
4582 4327 3
4582 2633 3
4582 4969 10
4582 4570 2
4582 916 1
4583 2099 5
4583 1874 1
4583 3552 5
4583 4305 8
4583 751 7
4584 4436 7
4585 3602 10
4585 1354 4
4585 3521 9
4585 3292 1
4585 3903 10
4586 5000 3
4586 3292 7
4586 2661 6
4586 1981 10
4586 4751 7
4587 1908 6
4587 3816 4
4588 1712 2
4589 4445 2
4589 4836 9
4589 578 3
4589 2666 3
4590 125 8
4590 2920 1
4591 2650 9
4591 1844 2
4592 4898 9
4592 2883 2
4593 2527 4
4593 3913 2
4593 1278 7
4594 412 1
4594 4559 4
4594 1360 2
4594 1103 6
4594 100 2
4595 3207 3
4595 1665 1
4595 1737 3
4595 3310 2
4595 382 7
4596 3691 3
4597 4496 8
4597 807 3
4597 3552 1
4598 3473 1
4598 160 5
4598 2064 9
4598 310 5
4598 1322 8
4599 4340 7
4599 1834 6
4599 1026 1
4599 4071 7
4600 158 3
4600 3718 6
4600 3609 3
4600 3372 6
4600 1608 7
4601 3045 8
4601 897 5
4601 174 5
4601 1538 9
4602 3713 2
4602 2932 4
4602 4327 4
4602 3324 1
4603 4973 8
4603 3901 8
4603 3864 9
4603 2143 1
4604 4214 3
4604 2361 9
4604 728 2
4605 3846 9
4605 1497 9
4605 1352 1
4606 411 7
4606 437 7
4606 861 3
4607 3375 2
4607 961 1
4607 2947 9
4608 4755 5
4609 1512 8
4610 1453 4
4610 2954 2
4610 1267 7
4610 3676 6
4610 123 4
4611 2496 7
4611 380 2
4611 4823 9
4611 505 8
4612 4681 4
4612 4468 2
4613 2411 4
4613 2773 7
4613 3112 10
4613 1980 1
4613 2147 5
4614 2637 5
4614 2300 7
4614 3547 9
4615 2936 9
4616 1588 5
4616 4795 4
4617 994 1
4617 97 3
4617 2105 3
4617 695 5
4618 2616 2
4618 1630 4
4618 17 1
4619 2578 1
4620 1181 6
4620 1740 6
4620 1846 8
4620 2443 10
4620 1537 10
4621 1126 7
4621 1337 8
4621 3959 8
4621 4623 9
4622 3370 2
4622 3049 3
4622 227 2
4622 4989 7
4623 4700 9
4623 2691 7
4623 281 6
4623 4464 6
4624 3297 1
4624 5000 9
4624 599 7
4625 4709 4
4625 426 10
4625 1581 6
4625 695 5
4625 3638 4
4626 4757 10
4626 153 2
4626 4967 4
4626 98 1
4627 3494 10
4627 4821 3
4627 4772 7
4628 1910 9
4628 2887 4
4629 2033 4
4629 64 4
4630 4821 8
4630 475 5
4630 3966 6
4630 2130 4
4631 4232 3
4632 4132 8
4632 3582 2
4632 143 3
4633 4132 10
4633 163 7
4633 2483 9
4633 4288 3
4634 1283 4
4634 2230 10
4634 396 1
4635 1410 6
4635 3599 3
4635 4702 3
4635 4492 10
4636 3442 8
4636 893 7
4636 4339 10
4636 31 3
4637 3592 6
4637 1948 2
4637 1843 7
4637 205 1
4637 4577 9
4638 4626 3
4638 929 8
4638 410 6
4638 82 6
4638 1875 10
4639 1277 3
4639 4563 7
4639 3725 7
4639 2140 9
4640 4934 4
4640 3442 1
4640 2726 8
4641 1191 4
4641 3597 2
4642 4447 6
4643 3190 2
4643 4354 6
4643 4654 10
4643 916 1
4644 4874 1
4644 4715 5
4644 1640 4
4644 1413 1
4644 4343 8
4645 56 10
4645 1414 4
4645 1377 3
4645 3900 2
4646 4607 3
4646 2190 2
4646 2260 4
4646 1426 8
4647 3912 8
4647 4489 3
4647 4764 7
4647 2692 6
4647 1365 4
4648 683 10
4648 1073 4
4648 170 4
4649 758 2
4649 2722 3
4650 2726 1
4650 1036 5
4650 2111 1
4651 824 1
4651 4884 5
4651 3669 8
4651 2952 1
4651 741 4
4652 4768 8
4652 1403 2
4652 1381 5
4652 322 10
4653 4398 7
4653 2360 9
4654 4561 2
4655 3923 7
4655 82 4
4655 3462 7
4655 4562 6
4655 3293 7
4656 4806 6
4656 1514 2
4657 2573 2
4657 4447 8
4657 3760 1
4657 4446 10
4658 2892 7
4658 4227 5
4658 1641 4
4658 2971 7
4659 942 7
4660 1487 4
4660 2072 7
4661 44 1
4661 1760 10
4662 3287 1
4662 1338 5
4662 4733 2
4662 2800 10
4663 3713 6
4664 4218 6
4664 33 1
4664 3356 9
4664 3380 5
4665 4195 7
4665 491 5
4665 1093 9
4665 2236 10
4665 4207 5
4666 3216 5
4666 729 7
4666 1730 1
4666 2651 7
4666 1824 5
4667 4310 9
4667 4448 5
4668 4509 1
4668 2570 10
4668 3836 8
4669 3154 1
4670 1749 1
4671 2290 5
4671 2890 4
4671 4196 10
4671 4273 5
4672 4702 3
4673 517 2
4673 3060 9
4673 22 10
4674 2967 4
4674 4983 4
4674 4687 9
4675 2538 9
4675 2391 10
4676 1934 4
4677 2234 9
4677 4789 6
4678 624 8
4678 3795 7
4679 1141 6
4679 4964 8
4679 1474 2
4679 2541 2
4680 22 10
4680 2056 3
4680 1565 8
4680 3075 9
4680 1646 1
4681 1823 8
4681 4767 2
4681 825 8
4681 127 3
4681 4256 6
4682 5000 10
4683 4930 10
4683 955 4
4684 4470 5
4684 2161 5
4685 1073 1
4685 3608 10
4685 4316 2
4685 3239 3
4686 4601 2
4686 4863 1
4686 2710 1
4686 4699 5
4686 3437 1
4687 1461 3
4687 1602 10
4687 2217 4
4687 462 6
4687 2557 4
4688 4340 9
4688 4446 10
4689 2813 3
4689 878 10
4689 3351 5
4689 452 6
4690 3178 3
4690 3688 7
4690 3148 2
4690 4142 4
4690 4293 6
4691 3022 6
4691 1503 1
4691 2958 9
4692 1589 3
4692 4940 6
4693 2566 2
4693 4732 1
4694 3946 2
4695 1970 3
4695 4318 7
4695 2391 1
4695 4607 2
4696 2592 6
4696 2780 8
4696 2057 2
4696 4337 3
4696 747 9
4697 3314 6
4697 3239 8
4698 3746 5
4698 4735 10
4698 667 6
4698 4098 7
4699 2841 7
4699 893 1
4699 1652 8
4700 1317 7
4700 4547 9
4701 2147 3
4701 663 8
4701 1744 2
4701 3444 1
4701 3569 8
4702 432 4
4702 741 3
4703 4858 7
4703 2908 6
4703 475 2
4703 2464 1
4703 2996 6
4704 4738 7
4705 4719 5
4705 3169 4
4705 404 6
4705 4997 9
4705 2498 9
4706 82 1
4706 1349 10
4706 1026 1
4706 2698 1
4706 2427 2
4707 2623 5
4707 343 6
4707 539 2
4707 4083 10
4707 437 3
4708 4502 9
4708 1739 8
4708 335 10
4708 2686 1
4709 852 9
4709 3469 1
4709 3391 1
4709 733 10
4710 3618 3
4710 3279 1
4710 2862 8
4711 2088 9
4711 4254 10
4711 4951 6
4711 3375 3
4712 4838 10
4712 1794 8
4712 1 1
4712 4310 1
4713 3518 2
4714 344 2
4714 939 9
4714 3823 7
4714 2050 6
4715 764 5
4715 4853 5
4715 1467 10
4715 2444 6
4716 3697 3
4717 869 4
4717 4941 5
4717 2707 9
4717 3744 9
4717 3900 1
4718 1733 6
4718 3413 5
4718 2892 3
4718 3158 4
4719 2158 9
4719 1430 5
4720 4629 10
4721 913 10
4721 3795 7
4722 4140 9
4722 696 9
4722 1538 8
4722 1162 4
4722 2897 1
4723 2094 10
4723 3634 7
4723 4536 1
4724 2648 7
4724 2119 10
4724 1608 6
4725 231 9
4726 978 5
4726 1713 1
4726 1588 5
4726 4559 4
4727 1992 7
4728 330 7
4729 4012 3
4730 2883 5
4730 3466 6
4730 3965 8
4730 2013 10
4731 3645 10
4731 1440 1
4732 3461 5
4732 4878 6
4732 3991 10
4732 3774 2
4732 2792 9
4733 4677 5
4734 3967 3
4734 4022 6
4734 170 4
4734 2406 7
4735 1486 6
4735 358 3
4735 2940 1
4735 4738 3
4735 1572 7
4736 2691 9
4737 2928 10
4738 2054 7
4739 3482 3
4740 4010 4
4740 4492 5
4741 4686 9
4741 3645 8
4741 1262 10
4741 4248 8
4741 2224 1
4742 1513 4
4742 4000 3
4743 3120 7
4743 1923 5
4743 3855 6
4744 1032 8
4744 4391 9
4744 1139 9
4745 1993 9
4745 3364 3
4745 3402 5
4745 1382 7
4745 2767 4
4746 2903 7
4746 3233 5
4746 2045 7
4747 4989 5
4747 4201 5
4747 3649 8
4747 2479 5
4748 2666 4
4748 3616 7
4749 1388 9
4749 206 2
4749 2307 2
4750 1533 4
4751 4059 10
4751 724 2
4751 959 2
4751 4658 6
4751 2118 4
4752 2840 2
4753 3576 6
4753 2299 8
4753 1105 4
4753 3851 8
4754 241 9
4755 2329 5
4755 2608 3
4755 2287 4
4755 4310 1
4756 65 8
4756 2834 5
4756 1404 6
4757 4989 2
4757 170 1
4757 153 2
4757 4681 4
4758 4963 5
4759 433 8
4759 1649 1
4759 2677 3
4760 2166 9
4760 4488 2
4760 4601 10
4760 4342 5
4760 4845 7
4761 3610 8
4761 3602 6
4761 1561 5
4762 3711 5
4762 4271 3
4762 184 8
4763 2841 6
4763 3146 6
4764 1406 2
4764 163 10
4764 2905 2
4765 3473 3
4765 4271 8
4765 3610 9
4765 2456 7
4766 224 10
4766 4528 10
4767 1233 9
4767 2548 2
4767 2149 4
4767 1297 8
4767 583 9
4768 2473 4
4768 2349 1
4768 1834 7
4769 667 2
4769 3001 2
4769 112 10
4769 3469 2
4770 462 4
4771 2197 7
4771 1402 8
4771 3340 9
4771 2093 8
4772 3925 6
4772 4434 5
4772 3267 10
4773 2089 10
4774 3559 6
4775 1703 6
4775 1912 9
4775 4045 10
4775 2352 6
4776 2040 4
4776 3495 2
4776 1403 7
4776 3562 1
4776 3324 4
4777 672 3
4777 2554 1
4777 703 1
4777 2142 1
4778 3213 7
4778 2522 8
4778 376 8
4778 2372 6
4778 3852 2
4779 1464 2
4780 1365 6
4780 1905 5
4781 2957 6
4781 1254 2
4781 3628 9
4782 3086 8
4782 785 9
4782 4909 3
4782 4294 5
4783 1613 8
4784 1963 10
4784 648 8
4785 53 1
4786 4008 2
4786 1464 3
4786 299 9
4786 3622 3
4787 4260 8
4787 2285 8
4788 2508 10
4789 1371 9
4789 405 10
4789 3422 6
4790 81 3
4790 3526 10
4790 3105 1
4790 1978 9
4791 55 1
4791 4621 8
4791 4973 8
4792 2295 5
4792 4333 6
4792 3176 6
4792 3836 8
4793 2953 6
4793 2859 2
4793 392 4
4793 4733 8
4794 706 3
4795 3021 10
4795 2566 7
4795 3804 3
4795 4782 7
4795 1621 7
4796 3333 4
4796 4931 9
4796 2765 9
4796 1744 1
4796 769 3
4797 3049 8
4797 2546 3
4797 1897 9
4797 702 5
4798 4071 5
4798 1918 3
4798 1764 6
4799 2810 2
4799 330 1
4799 4047 9
4800 2140 7
4801 3192 4
4801 751 7
4802 2689 3
4803 3044 5
4803 4655 7
4803 3583 2
4804 4582 9
4804 1295 4
4805 1791 4
4805 3384 8
4805 776 6
4805 3366 8
4805 455 10
4806 2258 7
4806 4772 8
4806 1103 2
4807 3632 4
4807 3689 3
4807 1918 2
4807 979 9
4807 3161 7
4808 2740 1
4808 877 9
4808 2221 6
4808 733 6
4809 2952 6
4809 1383 7
4809 1923 5
4809 2470 2
4810 2078 4
4810 4874 2
4810 1825 7
4811 108 10
4811 3225 6
4811 3169 7
4811 4337 1
4811 2228 9
4812 4804 5
4812 2637 9
4812 2570 1
4813 3318 5
4813 2942 8
4813 2358 1
4814 594 1
4814 858 2
4815 2271 6
4815 393 8
4815 360 7
4815 2189 2
4816 4079 9
4816 1925 8
4817 2859 5
4818 2753 7
4818 4814 3
4818 3101 1
4819 4074 5
4819 2300 3
4819 3391 8
4820 4252 2
4820 4115 9
4820 2665 2
4820 934 9
4820 720 7
4821 62 6
4821 3287 6
4821 579 4
4821 4904 2
4821 3614 7
4822 4565 5
4823 3234 4
4823 2854 6
4823 688 1
4823 701 3
4823 4945 4
4824 924 10
4824 2039 9
4824 1491 9
4824 3154 5
4825 2329 9
4825 4250 1
4825 689 10
4825 3446 7
4825 3571 7
4826 4226 3
4827 3685 1
4827 2707 2
4827 1781 9
4827 1129 8
4827 4990 2
4828 1396 2
4828 1053 2
4828 3929 4
4828 4056 5
4828 3233 3
4829 1822 10
4829 1337 7
4829 3239 9
4829 403 6
4829 2056 5
4830 4010 10
4830 2987 10
4831 4653 6
4831 4201 4
4832 3099 9
4832 4314 1
4832 360 6
4833 2475 9
4834 923 10
4835 36 4
4835 2728 3
4835 2045 8
4835 1614 10
4836 21 5
4836 2003 3
4836 4064 1
4836 4697 7
4837 536 9
4838 1489 8
4838 3483 2
4838 2716 10
4838 3433 8
4838 3135 5
4839 1534 2
4840 1332 3
4840 2841 5
4841 1426 4
4841 3685 6
4841 2477 4
4841 1572 3
4842 3809 3
4843 1447 2
4843 4918 3
4843 3115 2
4844 2047 10
4844 4016 1
4844 3609 3
4844 1952 6
4844 4792 5
4845 4439 10
4845 78 8
4846 2786 6
4846 2082 6
4846 50 5
4846 2971 3
4847 4063 3
4847 1027 4
4847 4080 9
4848 3908 6
4848 2430 6
4848 302 2
4849 1226 3
4849 2921 1
4849 3855 5
4849 3435 8
4849 4227 7
4850 4723 10
4850 3676 8
4850 376 9
4850 3459 9
4850 2485 6
4851 4227 1
4851 1904 7
4851 3083 3
4852 2967 9
4852 802 10
4852 4825 3
4852 3717 5
4853 599 2
4853 1420 4
4853 465 5
4854 4383 8
4855 2038 10
4855 786 8
4855 4085 10
4855 4378 4
4855 1346 6
4856 3308 9
4856 6 4
4856 1420 8
4856 1812 6
4857 344 8
4858 4471 4
4858 1185 5
4858 125 2
4858 4502 3
4859 3920 1
4860 775 4
4860 1706 9
4860 4031 4
4860 1782 8
4860 3254 8
4861 986 3
4861 2791 5
4861 4864 5
4861 3447 10
4861 3768 3
4862 696 10
4862 1331 6
4862 3869 4
4862 913 6
4863 3414 1
4863 4251 1
4863 4461 10
4863 2282 9
4863 3993 9
4864 4792 3
4864 2976 9
4864 2222 1
4864 4383 10
4864 2387 5
4865 34 2
4865 3291 6
4865 4700 10
4865 1383 5
4865 378 9
4866 3388 7
4866 2968 6
4867 2300 4
4867 1919 5
4867 3417 10
4868 1277 4
4868 2218 5
4869 3413 6
4869 1577 2
4870 4073 4
4871 1549 10
4871 694 5
4872 608 2
4873 4420 9
4873 4637 6
4873 271 6
4874 1822 1
4874 4456 10
4874 2285 3
4874 4394 6
4874 3852 6
4875 3182 8
4876 2218 2
4876 1930 7
4876 799 1
4877 967 9
4877 1846 4
4878 207 3
4879 731 5
4880 1658 5
4880 2218 8
4880 4715 7
4880 4838 8
4881 1022 1
4881 726 10
4882 993 6
4882 29 10
4882 1507 10
4883 2870 7
4883 2574 1
4883 1116 9
4883 3390 9
4883 382 9
4884 573 4
4884 676 4
4884 2330 7
4884 4525 10
4884 2693 5
4885 3647 3
4885 2282 7
4885 29 10
4886 3668 10
4886 4404 10
4886 1372 1
4887 228 6
4888 4044 6
4888 3555 4
4888 2649 9
4889 1701 3
4889 3783 10
4889 4487 6
4889 3054 4
4890 747 6
4890 4957 6
4890 3728 10
4890 541 2
4891 360 4
4891 1747 1
4891 3343 10
4892 4926 6
4892 100 3
4892 1880 5
4892 4941 7
4892 4269 9
4893 3805 7
4893 3608 3
4893 870 1
4893 4738 4
4893 1694 5
4894 2974 7
4894 3989 6
4894 3698 3
4894 2221 7
4894 4229 8
4895 3716 3
4895 3953 7
4895 3713 7
4895 3354 8
4895 3017 1
4896 4289 6
4896 3645 3
4896 64 3
4896 4656 7
4897 1301 5
4897 3539 9
4898 2219 2
4899 4077 5
4899 1206 2
4899 418 3
4899 3173 10
4900 4675 7
4900 1210 1
4900 936 8
4900 3812 4
4901 4679 2
4902 1468 10
4902 1822 8
4902 967 9
4902 1823 5
4903 1027 5
4904 2122 3
4905 96 2
4906 170 9
4907 1552 4
4907 3022 4
4907 1926 3
4908 1139 4
4908 1381 7
4908 4091 2
4908 4911 2
4908 2757 8
4909 467 2
4909 487 2
4910 1716 10
4910 3739 10
4910 2787 2
4910 241 5
4910 4788 9
4911 4558 4
4911 1245 6
4911 4579 6
4912 2726 1
4912 760 2
4912 4697 1
4912 2023 2
4913 1418 7
4913 501 7
4913 2087 2
4913 3971 9
4914 3375 6
4914 2515 9
4915 3037 3
4915 4080 6
4915 1394 2
4915 3317 9
4916 4163 10
4916 3726 1
4916 1543 9
4916 2968 2
4916 2165 5
4917 1906 10
4918 3435 10
4918 1174 5
4919 2443 2
4920 2569 2
4920 2844 6
4920 3207 1
4920 2865 8
4920 1405 10
4921 2668 8
4921 4471 1
4922 1911 8
4922 4010 5
4922 2388 1
4923 4557 1
4923 2240 3
4923 4087 3
4923 4544 10
4923 2046 9
4924 2687 5
4924 4427 3
4925 764 8
4925 3832 3
4925 4455 8
4925 3527 9
4925 4385 4
4926 1529 3
4926 977 10
4926 1474 1
4927 4970 9
4928 2223 8
4928 1543 2
4928 844 8
4929 224 7
4929 1156 9
4929 1775 10
4929 2800 3
4930 1087 2
4930 4078 2
4930 4477 8
4930 879 9
4931 2827 2
4931 4429 8
4931 4339 1
4931 695 3
4931 2161 7
4932 4289 7
4932 4941 2
4932 3506 10
4932 1053 8
4933 3344 4
4933 1102 3
4933 810 5
4933 1279 2
4933 3020 8
4934 435 6
4934 3161 8
4934 1613 6
4934 1753 9
4934 646 5
4935 2268 7
4935 894 2
4935 4525 2
4935 4735 3
4936 1227 10
4936 3455 5
4936 3057 3
4937 3855 2
4937 1415 5
4937 2254 1
4938 4589 7
4938 2233 7
4938 4888 4
4938 1106 2
4938 3421 2
4939 4426 3
4940 1160 9
4940 1997 6
4940 3768 1
4940 1996 6
4941 1332 7
4941 4137 7
4941 1226 8
4941 3671 3
4941 4223 3
4942 2179 10
4942 1548 8
4942 1212 2
4943 1411 1
4944 1508 3
4944 575 5
4945 1278 7
4945 1038 9
4946 956 9
4946 4359 1
4946 1247 7
4947 624 4
4947 2908 7
4947 653 1
4947 2858 2
4947 2957 10
4948 1830 4
4948 717 1
4949 1714 9
4949 1028 4
4950 1652 5
4950 4363 5
4950 3609 2
4951 3989 8
4951 4536 1
4951 3037 6
4951 2045 9
4951 3987 9
4952 2635 7
4952 1712 8
4952 1641 8
4952 77 1
4953 3535 4
4953 4898 3
4953 1057 6
4953 1781 7
4953 1790 10
4954 3558 9
4954 3449 2
4954 3608 10
4954 2552 6
4954 650 6
4955 3384 3
4955 2894 9
4955 3086 4
4956 4334 6
4956 4914 2
4956 2267 10
4956 3375 7
4956 284 3
4957 4185 5
4957 4455 9
4957 1744 7
4957 924 5
4957 1189 9
4958 2039 7
4958 4608 7
4958 2836 3
4958 556 1
4958 4272 1
4959 3815 1
4959 3719 8
4959 1442 9
4959 3512 8
4960 2926 3
4960 1915 10
4960 1420 10
4961 3746 4
4961 4514 8
4961 4937 3
4961 1089 3
4962 3124 2
4962 2940 5
4962 1106 10
4962 4256 2
4962 1514 10
4963 258 6
4964 3515 8
4964 3054 2
4964 3857 6
4964 3069 4
4965 3406 2
4965 4203 7
4965 4607 10
4966 4100 9
4967 1647 8
4967 3811 4
4968 4248 6
4968 2901 7
4968 3452 5
4969 1403 6
4970 3610 3
4970 3796 9
4970 3746 8
4970 1300 9
4970 2802 6
4971 346 5
4971 519 8
4971 1646 9
4971 3047 2
4971 3976 3
4972 506 4
4972 1502 1
4973 4544 3
4973 445 7
4973 3076 3
4974 1710 9
4974 852 2
4975 2316 9
4976 3612 9
4976 2429 8
4977 2224 2
4977 3243 9
4978 1826 7
4978 2779 4
4978 2611 6
4978 1098 10
4979 4239 10
4979 3475 7
4979 1403 9
4979 4525 9
4979 2550 1
4980 4977 3
4980 3004 10
4980 3876 2
4980 3239 7
4980 4022 1
4981 4132 4
4981 4822 9
4982 3173 9
4982 3364 4
4982 2496 8
4982 922 3
4983 1126 6
4983 4458 9
4983 2348 2
4983 3341 1
4983 2177 5
4984 2918 10
4984 1456 9
4984 424 7
4984 927 8
4985 3052 8
4985 4918 1
4985 2792 6
4985 2897 2
4985 3811 7
4986 3892 9
4986 4829 4
4986 2664 5
4987 4675 6
4987 1278 6
4987 495 8
4988 2053 10
4988 661 1
4988 4296 5
4988 1716 2
4988 3362 8
4989 4449 6
4990 681 8
4990 1222 4
4990 4269 9
4990 3158 7
4990 472 1
4991 1948 5
4992 2090 1
4992 548 1
4993 965 7
4994 2444 1
4994 3769 3
4994 4716 5
4994 4462 5
4995 2874 7
4995 4954 1
4995 77 8
4996 2221 10
4996 1509 7
4996 546 8
4997 163 1
4997 4810 9
4997 2712 1
4997 517 8
4997 4451 1
4998 4086 7
4998 3454 8
4998 1132 9
4999 1428 10
4999 2381 1
4999 3505 10
4999 4550 3
4999 4668 4
5000 3610 9
