5000 0 0 1
1801 2206 20
2206 905 20
905 2654 6
2654 52 10
52 4666 10
4666 4729 7
4729 1249 8
1249 4077 18
4077 4124 4
4124 595 12
595 465 12
465 2223 2
2223 4750 7
4750 1879 17
1879 561 12
561 2811 1
2811 3820 8
3820 605 11
605 434 16
434 271 16
271 4685 7
4685 4190 6
4190 4715 19
4715 2273 12
2273 996 18
996 966 10
966 4476 16
4476 225 6
225 2282 16
2282 3409 13
3409 3748 4
3748 1851 18
1851 3900 9
3900 2379 13
2379 192 11
192 1366 14
1366 3863 9
3863 3960 7
3960 3546 9
3546 1941 15
1941 4505 10
4505 3761 1
3761 694 5
694 1502 5
1502 1194 8
1194 430 20
430 4914 2
4914 1774 19
1774 4590 6
4590 4356 14
4356 4811 13
4811 2540 19
2540 874 19
874 3411 17
3411 1776 20
1776 2556 7
2556 859 18
859 272 15
272 291 1
291 946 5
946 2088 14
2088 1924 7
1924 1020 8
1020 4172 12
4172 4275 14
4275 756 10
756 2544 18
2544 2005 6
2005 3528 3
3528 17 7
17 1806 1
1806 4628 12
4628 1343 14
1343 3564 8
3564 1218 8
1218 1897 15
1897 3537 10
3537 4433 5
4433 4259 5
4259 4609 18
4609 3179 12
3179 611 8
611 3904 14
3904 2746 15
2746 4036 3
4036 1640 4
1640 712 12
712 2177 6
2177 3689 3
3689 1202 12
1202 1352 9
1352 782 8
782 3194 15
3194 790 2
790 2429 15
2429 60 11
60 4881 14
4881 4313 13
4313 1353 19
1353 235 18
235 1780 8
1780 1316 10
1316 3952 11
3952 3941 8
3941 941 8
941 2645 18
2645 1922 11
1922 4958 3
4958 2745 5
2745 4669 2
4669 174 10
174 1431 6
1431 121 11
121 3676 19
3676 3805 16
3805 3418 12
3418 1374 10
1374 3316 4
3316 813 11
813 1203 1
1203 1397 16
1397 2590 12
2590 1637 14
1637 4945 9
4945 4245 17
4245 776 15
776 3451 18
3451 399 5
399 3896 11
3896 4507 13
4507 3001 3
3001 2593 2
2593 3221 15
3221 1259 4
1259 3870 4
3870 546 15
546 3043 15
3043 2255 6
2255 2573 5
2573 912 19
912 719 5
719 4596 13
4596 2850 4
2850 4118 3
4118 1788 9
1788 4312 19
4312 4448 16
4448 1028 10
1028 4975 3
4975 1193 1
1193 3575 2
3575 3007 15
3007 3298 15
3298 2531 9
2531 4978 9
4978 3659 9
3659 3251 1
3251 2127 7
2127 415 20
415 4324 4
4324 2314 10
2314 1158 5
1158 1573 5
1573 878 2
878 1624 7
1624 1406 5
1406 4684 7
4684 1103 6
1103 871 18
871 715 5
715 4848 6
4848 3850 3
3850 4270 16
4270 1297 5
1297 1672 7
1672 497 14
497 548 20
548 3765 18
3765 3853 15
3853 1740 14
1740 3261 20
3261 361 10
361 1122 8
1122 1417 1
1417 700 13
700 2012 7
2012 1454 13
1454 4817 13
4817 4867 12
4867 2932 18
2932 134 14
134 81 7
81 2604 1
2604 482 18
482 2363 11
2363 3491 3
3491 949 11
949 4839 15
4839 4911 1
4911 4038 10
4038 3344 8
3344 1047 9
1047 2124 18
2124 4055 7
4055 1189 20
1189 1614 15
1614 191 1
191 1467 3
1467 4021 15
4021 4221 17
4221 2513 7
2513 2396 2
2396 1078 15
1078 826 1
826 1333 4
1333 4466 5
4466 3349 9
3349 1583 11
1583 726 18
726 4003 17
4003 2106 17
2106 4954 10
4954 1903 6
1903 4599 2
4599 615 10
615 2376 2
2376 3751 20
3751 1642 15
1642 4462 18
4462 3667 1
3667 565 12
565 4602 7
4602 1999 13
1999 2560 1
2560 716 3
716 3478 14
3478 2663 12
2663 2826 17
2826 981 13
981 3993 15
3993 2308 7
2308 2001 16
2001 2704 8
2704 2260 20
2260 4981 18
4981 1501 3
1501 4340 15
4340 4353 17
4353 1597 19
1597 500 15
500 3763 6
3763 3062 18
3062 45 11
45 3410 16
3410 296 9
296 554 9
554 219 16
219 4604 19
4604 1288 9
1288 4342 9
4342 466 1
466 2755 5
2755 3164 13
3164 1863 18
1863 1839 3
1839 1257 1
1257 1346 8
1346 4886 11
4886 1949 20
1949 2423 8
2423 919 11
919 4263 4
4263 36 20
36 2017 7
2017 2048 7
2048 2792 4
2792 4048 20
4048 1261 18
1261 2971 4
2971 3818 14
3818 4539 6
4539 1124 12
1124 4231 17
4231 998 16
998 3816 4
3816 3798 19
3798 2478 8
2478 2580 8
2580 2355 10
2355 3893 16
3893 4610 14
4610 1813 11
1813 1251 5
1251 4480 15
4480 4373 17
4373 3132 12
3132 307 15
307 4991 4
4991 3288 1
3288 4085 8
4085 3095 4
3095 577 4
577 580 4
580 2988 17
2988 3271 6
3271 2615 2
2615 4115 4
4115 74 3
74 2890 10
2890 1727 3
1727 354 20
354 4465 13
4465 4249 9
4249 1965 14
1965 2067 5
2067 2927 5
2927 2677 17
2677 2375 3
2375 986 4
986 1878 3
1878 787 7
787 3495 1
3495 4504 6
4504 4947 5
4947 3072 4
3072 3550 15
3550 2703 12
2703 1179 3
1179 4113 16
4113 1704 11
1704 3113 18
3113 3290 19
3290 2858 15
2858 4225 7
4225 543 4
543 122 15
122 1116 17
1116 1547 19
1547 3094 12
3094 4987 3
4987 4138 17
4138 2049 18
2049 1283 10
1283 3594 20
3594 2391 16
2391 259 16
259 3283 7
3283 2569 1
2569 1214 11
1214 1001 7
1001 2016 11
2016 884 5
884 387 11
387 2548 12
2548 298 12
298 1850 12
1850 649 12
649 1308 12
1308 4009 11
4009 231 1
231 1254 14
1254 3032 1
3032 215 9
215 892 14
892 2930 12
2930 2942 6
2942 342 18
342 2630 10
2630 4014 17
4014 917 18
917 3197 7
3197 1545 18
1545 2591 15
2591 4167 19
4167 974 8
974 2817 8
2817 1923 15
1923 3566 7
3566 4738 20
4738 494 7
494 4302 8
4302 1783 13
1783 1106 14
1106 3515 12
3515 1845 1
1845 4441 19
4441 240 20
240 2394 6
2394 1744 4
1744 525 1
525 4328 12
4328 1287 20
1287 594 15
594 1054 7
1054 3172 13
3172 2208 7
2208 885 18
885 160 2
160 3417 16
3417 823 2
823 2785 19
2785 1796 17
1796 2909 14
2909 318 14
318 3696 15
3696 2230 13
2230 3925 12
3925 4070 12
4070 3700 4
3700 1212 5
1212 4454 6
4454 213 9
213 204 7
204 4880 5
4880 2022 2
2022 4284 3
4284 4417 4
4417 152 17
152 3471 2
3471 3967 9
3967 957 9
957 2947 12
2947 1636 3
1636 3392 18
3392 4435 14
4435 2907 14
2907 479 1
479 4931 8
4931 2804 19
2804 3240 16
3240 3210 4
3210 1998 18
1998 3974 17
3974 3505 4
3505 2490 2
2490 685 12
685 262 7
262 614 20
614 2081 11
2081 4805 17
4805 229 7
229 3652 4
3652 2245 8
2245 4883 11
4883 4565 1
4565 4774 8
4774 2506 18
2506 3200 16
3200 3740 4
3740 3743 20
3743 269 15
269 1118 14
1118 2330 20
2330 1784 19
1784 2547 4
2547 4053 14
4053 1465 1
1465 4850 16
4850 903 18
903 628 6
628 4102 4
4102 2080 15
2080 4554 12
4554 4548 18
4548 1489 19
1489 3213 11
3213 4080 3
4080 4736 20
4736 2087 13
2087 218 16
218 3887 11
3887 3573 19
3573 623 3
623 4065 9
4065 3493 14
3493 4919 18
4919 4266 4
4266 2820 2
2820 3914 7
3914 2437 13
2437 3209 11
3209 773 15
773 3088 8
3088 3468 5
3468 346 11
346 490 1
490 803 4
803 3229 13
3229 1264 12
1264 2360 7
2360 283 10
283 4820 7
4820 3869 6
3869 1491 7
1491 223 9
223 1709 10
1709 4439 10
4439 3699 6
3699 2098 8
2098 1013 7
1013 541 16
541 2486 2
2486 3603 10
3603 1634 12
1634 2174 6
2174 2669 19
2669 173 2
173 2436 5
2436 2003 1
2003 2151 11
2151 4267 13
4267 1029 5
1029 4777 16
4777 1876 8
1876 3079 13
3079 4555 18
4555 3527 4
3527 4226 5
4226 2444 1
2444 4743 5
4743 1329 5
1329 3942 6
3942 177 8
177 2452 5
2452 1285 16
1285 3005 6
3005 94 7
94 2608 15
2608 1380 12
1380 947 17
947 1781 5
1781 3244 16
3244 2715 12
2715 3987 16
3987 4152 9
4152 1680 18
1680 2416 17
2416 309 9
309 3139 18
3139 1057 12
1057 4415 11
4415 4762 6
4762 3472 20
3472 3153 14
3153 3655 12
3655 16 19
16 2404 17
2404 4191 5
4191 3704 7
3704 999 20
999 4874 16
4874 4450 15
4450 1892 8
1892 2504 18
2504 2182 8
2182 1785 6
1785 953 18
953 1699 10
1699 1523 20
1523 879 7
879 3945 3
3945 4843 1
4843 539 18
539 2046 1
2046 3105 20
3105 3923 12
3923 794 5
794 3758 16
3758 2848 12
2848 456 12
456 87 10
87 3819 11
3819 2346 11
2346 3323 11
3323 3742 19
3742 2940 4
2940 2140 7
2140 394 2
394 4310 18
4310 600 16
600 2455 17
2455 549 12
549 1681 11
1681 1354 20
1354 125 5
125 3110 5
3110 2664 17
2664 4068 13
4068 815 15
815 2555 13
2555 4409 16
4409 3272 11
3272 214 16
214 2424 1
2424 1292 5
1292 4587 2
4587 3063 11
3063 4538 9
4538 2935 1
2935 1533 5
1533 1641 17
1641 1538 6
1538 3456 15
3456 1580 6
1580 3317 8
3317 4058 6
4058 819 12
819 4699 6
4699 3300 16
3300 2120 20
2120 2622 16
2622 4066 9
4066 3572 17
3572 1161 4
1161 2894 6
2894 2562 3
2562 4681 6
4681 2239 8
2239 4993 19
4993 3657 4
3657 4732 5
4732 1030 12
1030 2819 19
2819 140 8
140 3997 15
3997 662 13
662 1612 18
1612 2447 18
2447 2908 7
2908 4601 10
4601 4109 5
4109 927 17
927 4744 17
4744 3321 15
3321 2780 11
2780 3039 12
3039 3868 18
3868 3052 12
3052 4084 15
4084 4210 9
4210 1829 1
1829 2666 15
2666 1677 3
1677 366 11
366 2758 8
2758 4134 13
4134 2438 12
2438 3716 13
3716 1132 14
1132 1857 5
1857 4951 20
4951 4332 18
4332 3091 11
3091 252 20
252 1323 1
1323 3775 2
3775 901 3
901 596 15
596 2175 18
2175 775 13
775 2365 12
2365 811 16
811 2168 4
2168 4028 19
4028 3434 9
3434 3023 13
3023 2773 5
2773 1209 6
1209 4724 14
4724 3037 14
3037 2717 20
2717 2122 12
2122 1062 16
1062 2116 3
2116 4707 11
4707 899 4
899 3589 16
3589 3071 5
3071 3739 14
3739 1515 12
1515 4004 5
4004 2256 9
2256 3325 9
3325 1871 20
1871 3715 4
3715 3175 19
3175 3467 4
3467 1188 5
1188 3454 7
3454 3847 4
3847 631 7
631 1666 20
1666 4873 1
4873 4401 3
4401 2861 8
2861 323 7
323 3810 2
3810 3369 19
3369 2392 11
2392 2139 17
2139 4615 2
4615 3962 16
3962 12 1
12 4329 4
4329 2764 18
2764 2227 2
2227 551 19
551 1608 15
1608 2023 6
2023 335 3
335 1007 2
1007 1954 17
1954 4146 12
4146 3860 9
3860 3044 3
3044 2536 17
2536 376 20
376 2662 1
2662 1330 15
1330 365 18
365 4474 15
4474 1542 17
1542 1121 2
1121 4561 8
4561 1025 17
1025 72 1
72 2619 9
2619 2033 2
2033 1822 6
1822 3243 2
3243 3930 8
3930 3943 17
3943 463 19
463 2047 8
2047 2752 12
2752 1038 18
1038 3578 13
3578 2265 3
2265 2900 6
2900 331 7
331 2074 20
2074 1142 11
1142 1317 13
1317 2058 7
2058 24 12
24 4497 11
4497 2534 8
2534 4082 4
4082 1400 18
1400 126 7
126 1232 20
1232 4907 12
4907 4244 14
4244 2949 4
2949 713 18
713 2734 17
2734 408 11
408 4863 11
4863 4533 6
4533 3274 2
3274 1671 6
1671 2099 16
2099 4983 5
4983 3015 6
3015 1159 15
1159 4571 3
4571 1404 4
1404 1093 8
1093 3817 10
3817 729 7
729 654 8
654 1409 17
1409 1644 17
1644 475 16
475 3626 19
3626 1539 3
1539 2015 18
2015 627 2
627 2466 13
2466 237 18
237 747 11
747 2938 15
2938 1779 10
1779 3762 17
3762 2798 11
2798 3224 5
3224 1112 19
1112 4529 4
4529 4208 5
4208 2143 18
2143 3845 11
3845 3875 13
3875 4222 2
4222 3683 18
3683 2430 8
2430 1034 4
1034 2446 19
2446 1386 1
1386 1446 3
1446 4776 16
4776 3395 20
3395 4500 3
4500 145 10
145 939 20
939 563 3
563 4708 17
4708 2442 19
2442 3722 10
3722 313 17
313 1572 12
1572 4050 18
4050 1204 19
1204 250 7
250 1295 16
1295 4436 17
4436 2854 4
2854 1183 9
1183 786 11
786 2156 17
2156 3809 14
3809 2671 19
2671 3788 17
3788 1522 4
1522 1734 17
1734 2519 14
2519 1128 11
1128 382 5
382 164 16
164 392 7
392 749 20
749 1492 8
1492 880 17
880 2190 8
2190 371 9
371 3148 19
3148 3935 15
3935 740 16
740 4558 2
4558 56 20
56 2733 3
2733 4711 9
4711 1272 14
1272 2851 4
2851 4268 10
4268 723 9
723 1592 1
1592 3804 6
3804 3592 5
3592 956 16
956 2440 19
2440 1562 17
1562 3979 7
3979 1503 15
1503 115 15
115 4875 2
4875 1980 3
1980 1433 3
1433 4618 20
4618 1340 10
1340 2302 5
2302 2675 15
2675 4797 10
4797 2713 9
2713 665 17
665 2741 6
2741 409 5
409 915 15
915 1631 17
1631 2983 16
2983 3983 7
3983 4366 14
4366 4521 15
4521 3587 4
3587 3420 8
3420 816 11
816 1231 12
1231 2233 16
2233 4211 18
4211 1444 5
1444 4878 5
4878 2266 4
2266 341 19
341 3286 2
3286 4294 8
4294 664 5
664 1797 6
1797 4063 11
4063 3672 16
3672 4026 5
4026 3226 10
3226 4140 15
4140 1773 8
1773 573 17
573 3134 10
3134 3445 20
3445 2065 8
2065 866 14
866 4241 20
4241 4064 3
4064 1804 7
1804 2191 2
2191 1981 1
1981 3998 19
3998 610 11
610 3939 17
3939 2552 1
2552 2800 7
2800 1506 4
1506 2986 13
2986 3548 8
3548 4119 16
4119 4917 17
4917 4786 18
4786 3991 5
3991 788 6
788 98 14
98 4671 5
4671 3413 10
3413 3315 15
3315 1991 8
1991 2361 16
2361 1841 1
1841 822 7
822 2299 9
2299 900 11
900 3128 7
3128 1803 13
1803 2181 19
2181 3840 17
3840 4088 5
4088 2777 5
2777 2146 13
2146 4224 9
4224 3946 3
3946 76 12
76 4112 11
4112 1594 4
1594 232 8
232 245 16
245 4632 11
4632 1274 3
1274 2627 8
2627 3277 1
3277 4813 16
4813 1775 10
1775 3356 19
3356 246 10
246 3042 3
3042 753 10
753 1843 3
1843 1033 15
1033 2480 14
2480 3085 20
3085 3579 6
3579 4189 7
4189 2980 3
2980 603 12
603 581 3
581 3256 9
3256 49 19
49 2323 17
2323 3744 13
3744 324 1
324 2226 9
2226 1096 1
1096 831 19
831 732 9
732 1162 1
1162 1874 18
1874 3595 17
3595 66 10
66 1180 13
1180 4854 14
4854 3961 14
3961 4018 2
4018 948 19
948 4362 6
4362 3354 11
3354 961 7
961 440 14
440 2660 6
2660 1809 8
1809 797 13
797 3618 8
3618 3957 5
3957 1623 20
1623 1350 16
1350 3772 15
3772 1711 11
1711 2224 10
2224 4151 12
4151 4452 9
4452 3242 2
3242 1355 10
1355 3730 19
3730 3050 9
3050 806 10
806 4192 2
4192 3165 11
3165 743 19
743 2557 17
2557 3193 14
3193 991 11
991 23 11
23 1659 15
1659 1185 15
1185 1926 10
1926 4526 16
4526 4484 16
4484 1126 2
1126 3083 13
3083 4355 18
4355 3542 13
3542 4289 14
4289 1848 19
1848 3757 17
3757 1616 7
1616 3516 13
3516 4780 2
4780 1798 12
1798 1428 5
1428 1243 6
1243 3108 18
3108 4316 20
4316 217 16
217 1155 8
1155 4829 13
4829 4849 20
4849 4347 8
4347 3222 17
3222 3692 1
3692 836 17
836 2846 16
2846 1470 13
1470 1569 6
1569 3207 18
3207 2977 5
2977 3969 13
3969 3582 8
3582 1591 9
1591 1382 10
1382 4045 15
4045 2385 7
2385 4040 6
4040 3984 8
3984 3055 13
3055 579 9
579 3241 3
3241 4148 8
4148 1952 2
1952 2055 1
2055 281 19
281 2883 8
2883 3076 7
3076 3577 17
3577 2860 18
2860 969 6
969 3190 9
3190 2748 17
2748 849 4
849 1520 11
1520 2250 2
2250 3352 10
3352 1524 15
1524 3569 18
3569 3385 19
3385 1586 9
1586 864 10
864 3068 20
3068 4691 9
4691 766 17
766 54 3
54 457 15
457 1649 20
1649 3616 15
3616 1410 19
1410 1571 14
1571 3131 1
3131 2034 14
2034 107 3
107 4133 4
4133 4203 5
4203 2825 14
2825 4017 13
4017 647 1
647 2702 15
2702 2592 6
2592 567 8
567 3004 6
3004 3328 8
3328 4922 17
4922 511 11
511 4467 3
4467 4298 17
4298 3950 10
3950 693 14
693 58 10
58 4469 16
4469 1137 3
1137 3858 5
3858 4988 14
4988 19 19
19 2277 9
2277 4379 20
4379 504 16
504 2507 14
2507 2021 4
2021 3679 4
3679 2565 4
2565 266 11
266 3937 13
3937 2574 15
2574 425 5
425 1561 10
1561 825 12
825 3208 8
3208 907 3
907 3475 19
3475 183 20
183 1318 2
1318 2370 10
2370 18 5
18 2879 4
2879 4876 8
4876 2495 1
2495 1978 9
1978 3729 3
3729 1678 18
1678 731 1
731 1296 11
1296 3324 10
3324 1825 16
1825 1445 16
1445 65 18
65 936 14
936 417 19
417 2934 15
2934 161 2
161 1893 6
1893 3019 13
3019 3541 9
3541 2685 15
2685 3431 1
3431 3474 17
3474 3651 14
3651 3814 1
3814 4722 17
4722 405 9
405 618 6
618 2284 15
2284 2730 19
2730 1663 18
1663 3855 1
3855 4440 13
4440 4821 7
4821 455 11
455 2479 11
2479 1392 2
1392 4961 18
4961 4460 14
4460 279 4
279 1950 1
1950 1507 3
1507 770 3
770 2497 9
2497 3341 14
3341 4816 9
4816 606 2
606 2979 7
2979 657 5
657 2641 18
2641 1516 8
1516 1976 19
1976 1742 18
1742 3487 9
3487 930 2
930 3665 16
3665 55 17
55 1793 8
1793 2097 15
2097 2457 2
2457 1430 15
1430 1873 2
1873 750 2
750 4008 19
4008 3567 8
3567 2525 19
2525 3014 4
3014 4143 18
4143 3523 11
3523 109 9
109 3421 12
3421 2520 13
2520 3479 2
3479 2778 3
2778 4091 7
4091 922 1
922 3059 12
3059 2898 3
2898 1387 19
1387 1460 7
1460 3677 20
3677 2919 15
2919 2119 4
2119 3082 9
3082 4861 6
4861 533 4
533 920 9
920 2550 13
2550 4458 1
4458 4677 14
4677 3965 4
3965 3237 13
3237 1402 19
1402 2863 1
2863 4531 18
4531 3157 15
3157 1490 12
1490 3334 1
3334 3756 4
3756 1119 10
1119 2144 13
2144 3262 14
3262 656 19
656 4872 5
4872 3093 17
3093 4543 14
4543 1302 9
1302 2454 18
2454 4136 16
4136 3702 4
3702 833 12
833 4572 20
4572 4200 16
4200 1335 16
1335 1837 16
1837 1721 14
1721 2781 2
2781 3540 8
3540 2872 17
2872 2322 6
2322 4725 14
4725 458 19
458 301 19
301 888 19
888 2340 8
2340 4532 1
4532 2347 10
2347 1638 1
1638 3166 20
3166 1114 19
1114 38 15
38 2060 7
2060 3266 15
3266 3892 5
3892 2963 12
2963 1074 16
1074 3419 16
3419 973 1
973 616 14
616 3790 14
3790 2937 20
2937 294 17
294 992 8
992 4828 3
4828 270 19
270 2716 10
2716 3372 20
3372 1472 16
1472 2832 14
2832 4831 17
4831 789 7
789 675 13
675 3054 14
3054 282 5
282 1220 20
1220 1820 17
1820 4710 2
4710 1241 1
1241 340 6
340 3613 5
3613 4675 17
4675 4739 3
4739 1833 9
1833 1063 6
1063 4973 16
4973 1242 14
1242 3753 5
3753 2368 12
2368 4866 18
4866 40 16
40 2954 6
2954 288 2
288 3382 10
3382 1066 19
1066 3480 20
3480 69 16
69 1791 12
1791 1123 14
1123 3908 20
3908 2341 10
2341 1148 5
1148 3549 17
3549 2974 12
2974 3508 8
3508 3842 20
3842 4542 1
4542 4001 13
4001 1041 14
1041 918 8
918 4918 2
4918 1900 19
1900 962 9
962 1227 6
1227 1385 2
1385 2053 15
2053 1905 6
1905 3890 1
3890 4550 6
4550 863 3
863 220 1
220 2252 2
2252 3265 15
3265 1708 19
1708 4228 18
4228 4154 12
4154 1290 14
1290 4345 15
4345 622 15
622 353 18
353 575 18
575 4968 13
4968 1842 5
1842 1268 8
1268 3637 15
3637 2877 9
2877 1085 4
1085 1247 6
1247 4788 4
4788 453 7
453 2750 11
2750 1895 1
1895 898 14
898 772 10
772 2199 12
2199 8 2
8 3907 17
3907 3230 9
3230 501 9
501 4846 13
4846 4879 4
4879 4757 6
4757 1044 10
1044 4258 13
4258 3574 15
3574 2803 15
2803 299 17
299 1927 3
1927 588 14
588 2272 10
2272 197 2
197 1611 16
1611 4142 19
4142 3126 14
3126 3398 1
3398 129 1
129 1423 17
1423 1730 2
1730 4024 15
4024 234 6
234 994 19
994 2739 11
2739 2372 5
2372 842 4
842 4322 11
4322 4804 5
4804 343 3
343 2000 14
2000 735 7
735 2254 2
2254 1010 9
1010 4380 15
4380 4769 8
4769 1324 10
1324 4767 16
4767 1706 20
1706 2412 14
2412 2009 11
2009 1986 10
1986 4117 14
4117 997 16
997 3355 9
3355 1581 4
1581 635 6
635 4432 10
4432 516 6
516 2862 14
2862 2732 19
2732 82 12
82 489 20
489 3844 20
3844 3231 13
3231 904 1
904 1271 11
1271 1426 17
1426 688 2
688 195 15
195 2420 6
2420 4216 9
4216 4277 19
4277 3408 2
3408 2496 20
2496 4524 15
4524 2433 8
2433 1945 18
1945 1244 1
1244 2539 12
2539 3977 16
3977 3442 3
3442 2985 11
2985 2197 4
2197 3463 16
3463 3087 14
3087 3988 1
3988 4847 7
4847 687 2
687 534 18
534 2538 15
2538 4283 5
4283 3553 10
3553 2533 11
2533 1519 12
1519 3498 17
3498 4971 13
4971 1602 17
1602 1534 5
1534 1824 8
1824 639 3
639 1289 3
1289 3654 16
3654 4240 16
4240 2984 19
2984 3980 9
3980 1940 13
1940 3793 13
3793 2501 14
2501 2761 20
2761 633 20
633 4636 3
4636 2831 10
2831 1015 16
1015 3142 20
3142 1832 19
1832 3931 8
3931 4459 1
4459 934 16
934 149 17
149 1322 17
1322 2471 13
2471 3127 19
3127 2018 17
2018 3780 17
3780 4689 18
4689 1747 14
1747 1049 9
1049 4315 12
4315 4662 19
4662 4234 20
4234 2865 1
2865 4407 6
4407 2332 17
2332 2020 5
2020 1914 2
1914 2667 19
2667 3857 10
3857 2698 8
2698 4668 7
4668 4605 8
4605 332 11
332 1703 8
1703 3861 12
3861 2632 9
2632 2141 5
2141 4106 15
4106 769 3
769 4984 2
4984 1948 13
1948 4489 10
4489 959 8
959 221 4
221 1618 2
1618 668 18
668 2842 11
2842 1546 10
1546 419 1
419 1589 9
1589 1716 19
1716 4960 15
4960 2736 15
2736 2195 14
2195 2866 3
2866 3477 7
3477 1077 17
1077 3649 16
3649 916 18
916 970 12
970 2623 16
2623 3340 1
3340 1795 7
1795 3295 14
3295 3570 2
3570 3403 11
3403 1439 16
1439 2235 10
2235 3035 5
3035 3227 7
3227 3120 14
3120 3488 15
3488 3745 7
3745 3017 2
3017 727 9
727 4510 5
4510 1713 9
1713 4067 18
4067 3694 19
3694 4265 8
4265 4393 3
4393 3521 19
3521 4421 11
4421 1685 15
1685 2295 4
2295 4428 16
4428 1207 17
1207 1262 16
1262 4287 3
4287 3012 19
3012 264 4
264 312 10
312 4159 19
4159 471 17
471 3180 4
3180 3428 9
3428 3374 14
3374 2956 1
2956 1899 16
1899 4130 20
4130 2721 14
2721 13 5
13 6 17
6 4420 15
4420 1081 7
1081 2821 10
2821 1176 18
1176 418 16
418 4029 7
4029 4375 3
4375 2936 10
2936 4728 15
4728 3387 12
3387 3407 10
3407 4352 1
4352 2541 13
2541 671 7
671 655 8
655 1301 4
1301 2760 16
2760 439 19
439 3563 7
3563 4422 1
4422 3880 17
3880 3437 18
3437 2026 12
2026 4123 3
4123 659 15
659 2070 19
2070 940 7
940 146 1
146 4367 19
4367 1726 9
1726 3519 14
3519 507 17
507 1778 15
1778 1808 14
1808 3138 15
3138 2112 16
2112 1361 20
1361 384 5
384 1619 5
1619 4514 7
4514 3656 20
3656 3155 1
3155 980 16
980 3701 14
3701 1143 15
1143 620 5
620 1320 8
1320 2179 16
2179 1080 13
1080 791 1
791 4923 3
4923 3107 5
3107 2071 1
2071 3013 20
3013 4753 7
4753 1451 15
1451 3264 5
3264 902 2
902 3992 4
3992 159 7
159 2247 13
2247 10 6
10 120 19
120 4809 11
4809 1384 19
1384 4397 9
4397 4764 6
4764 1869 8
1869 112 13
112 591 16
591 4970 7
4970 2135 7
2135 2310 2
2310 3238 1
3238 3379 13
3379 1267 9
1267 3136 3
3136 481 5
481 4844 5
4844 951 7
951 378 9
378 3797 13
3797 3865 6
3865 2377 18
2377 1006 17
1006 3427 9
3427 4293 17
4293 2903 6
2903 423 15
423 3718 1
3718 1479 1
1479 2779 7
2779 2992 5
2992 4016 16
4016 2251 17
2251 116 6
116 4213 6
4213 4060 10
4060 2849 9
2849 3726 6
3726 3529 12
3529 3124 15
3124 3064 11
3064 699 14
699 3388 11
3388 256 20
256 3425 15
3425 4796 14
4796 1221 20
1221 805 15
805 1110 2
1110 757 20
757 42 19
42 201 20
201 4638 6
4638 4473 20
4473 2331 20
2331 165 9
165 4626 18
4626 2535 5
2535 4463 9
4463 2327 1
2327 564 2
564 3982 17
3982 2512 10
2512 2922 11
2922 3144 1
3144 1683 8
1683 226 9
226 4595 19
4595 3725 16
3725 3206 4
3206 566 10
566 848 8
848 3371 2
3371 2393 9
2393 347 2
347 2435 16
2435 3611 5
3611 2117 19
2117 1064 8
1064 4761 12
4761 1753 19
1753 527 5
527 2931 17
2931 304 3
304 3706 20
3706 1125 20
1125 851 5
851 977 19
977 2468 16
2468 3075 9
3075 4069 11
4069 1453 6
1453 814 2
814 1930 8
1930 2545 4
2545 2775 9
2775 975 5
975 2895 13
2895 2218 20
2218 4633 19
4633 4680 17
4680 3223 12
3223 4426 7
4426 666 3
666 3554 4
3554 4716 7
4716 2722 5
2722 3292 1
3292 3080 16
3080 1990 16
1990 4472 16
4472 3522 2
3522 4819 8
4819 4939 14
4939 3949 2
3949 1913 16
1913 2481 7
2481 2814 19
2814 1834 10
1834 427 5
427 172 15
172 421 12
421 1069 11
1069 4202 8
4202 1495 4
1495 4015 10
4015 3721 13
3721 2111 12
2111 310 1
310 3289 11
3289 3902 11
3902 4989 10
4989 1245 12
1245 4688 13
4688 363 19
363 1882 9
1882 1434 16
1434 1094 13
1094 3698 11
3698 1056 14
1056 3901 10
3901 3353 9
3353 4864 18
4864 4023 20
4023 2084 9
2084 2207 13
2207 1167 20
1167 3504 7
3504 4279 19
4279 4966 14
4966 1026 3
1026 2002 1
2002 193 13
193 200 10
200 2503 12
2503 406 17
406 1635 3
1635 4574 7
4574 4964 2
4964 206 5
206 1362 18
1362 3975 3
3975 4577 9
4577 3596 11
3596 1055 10
1055 2401 7
2401 1942 3
1942 2810 13
2810 4997 16
4997 1532 13
1532 1598 1
1598 4000 2
4000 2488 7
2488 3098 19
3098 233 7
233 1690 3
1690 2968 15
2968 3481 8
3481 887 10
887 470 10
470 2201 16
2201 424 12
424 4351 3
4351 1717 16
1717 3313 15
3313 474 16
474 2913 5
2913 1754 18
1754 3457 4
3457 1974 16
1974 123 7
123 2607 1
2607 3602 20
3602 4139 5
4139 860 7
860 1901 17
1901 2313 20
2313 4746 2
4746 2579 7
2579 1818 19
1818 4994 15
4994 4447 7
4447 636 7
636 3951 18
3951 1909 12
1909 4653 16
4653 1728 12
1728 3106 2
3106 2110 11
2110 2602 11
2602 336 4
336 3381 8
3381 4246 15
4246 3444 14
3444 3247 5
3247 1735 15
1735 658 11
658 3646 19
3646 2333 1
2333 576 4
576 3981 18
3981 3802 4
3802 3287 10
3287 1982 3
1982 2293 16
2293 2171 15
2171 1853 4
1853 1764 15
1764 3415 20
3415 1966 14
1966 728 1
728 3759 11
3759 2642 1
2642 589 6
589 1673 10
1673 1191 3
1191 4506 16
4506 3192 3
3192 2300 19
2300 4169 13
4169 935 18
935 781 18
781 1012 12
1012 4897 12
4897 2959 8
2959 4522 17
4522 44 18
44 3485 20
3485 2170 11
2170 4798 14
4798 1129 9
1129 1947 19
1947 1604 19
1604 3996 1
3996 3239 3
3239 850 19
850 3215 2
3215 4308 2
4308 1916 5
1916 550 3
550 1962 17
1962 428 14
428 487 13
487 895 20
895 2068 14
2068 3881 9
3881 3956 19
3956 4641 17
4641 1656 10
1656 3034 2
3034 643 4
643 26 9
26 2889 12
2889 1650 6
1650 584 6
584 4980 1
4980 4358 15
4358 4309 5
4309 1921 11
1921 3838 3
3838 499 14
499 1097 11
1097 829 10
829 4019 13
4019 4182 5
4182 762 17
762 1715 3
1715 7 19
7 4703 3
4703 4731 6
4731 1485 14
1485 1248 10
1248 2794 16
2794 2788 11
2788 2961 19
2961 3882 2
3882 4104 17
4104 3452 12
3452 1549 1
1549 1840 10
1840 4374 1
4374 3833 12
3833 2774 11
2774 2108 11
2108 1697 18
1697 4336 6
4336 2306 5
2306 1072 3
1072 1722 12
1722 4887 17
4887 3709 7
3709 3320 7
3320 4667 10
4667 4398 15
4398 224 2
224 4644 16
4644 3196 13
3196 4195 1
4195 2091 5
2091 184 16
184 2357 15
2357 3294 2
3294 1339 10
1339 1752 6
1752 2335 13
2335 4144 13
4144 518 20
518 972 9
972 840 11
840 1233 17
1233 3123 17
3123 4845 8
4845 3711 19
3711 286 1
286 583 20
583 2514 6
2514 2187 14
2187 3270 6
3270 3111 14
3111 4853 19
4853 4623 7
4623 691 19
691 2686 4
2686 1934 9
1934 274 11
274 3846 13
3846 1660 8
1660 913 18
913 3440 10
3440 2952 18
2952 4495 7
4495 2338 20
2338 4099 12
4099 4645 2
4645 1450 13
1450 1313 2
1313 41 11
41 1984 19
1984 3669 4
3669 2917 1
2917 485 15
485 513 14
513 3073 19
3073 2584 3
2584 2783 4
2783 4683 5
4683 1475 17
1475 3399 19
3399 3303 15
3303 2808 15
2808 536 12
536 3268 12
3268 4108 3
4108 1738 17
1738 2769 9
2769 4588 10
4588 3389 13
3389 4855 17
4855 3301 16
3301 4012 20
4012 4827 10
4827 228 5
228 4556 8
4556 4320 9
4320 2706 5
2706 3502 8
3502 3318 12
3318 4400 4
4400 4974 9
4974 144 19
144 3697 15
3697 2204 7
2204 2407 16
2407 976 12
976 2807 1
2807 1582 20
1582 3386 10
3386 3212 2
3212 1482 17
1482 4619 2
4619 894 7
894 739 6
739 3856 18
3856 4128 7
4128 2882 5
2882 4865 20
4865 3406 12
3406 3781 16
3781 4239 8
4239 4882 16
4882 808 13
808 4765 5
4765 1540 7
1540 4545 2
4545 4841 1
4841 4197 13
4197 148 1
148 1714 8
1714 3145 7
3145 325 8
325 4408 12
4408 2499 19
2499 4161 15
4161 4478 14
4478 4477 6
4477 751 11
751 4035 15
4035 2173 8
2173 2636 7
2636 3117 15
3117 1389 4
1389 4291 14
4291 704 13
704 4093 10
4093 398 2
398 3156 8
3156 2366 17
2366 2776 4
2776 3854 3
3854 2680 4
2680 1234 17
1234 254 20
254 4665 9
4665 4748 20
4748 3370 8
3370 3199 18
3199 703 8
703 4054 20
4054 4741 6
4741 4333 11
4333 1932 1
1932 3839 9
3839 2827 12
2827 4110 2
4110 2876 4
2876 4723 13
4723 3628 10
3628 1017 10
1017 2463 10
2463 59 4
59 4859 7
4859 4894 2
4894 3685 20
3685 4755 15
4755 3524 11
3524 2673 12
2673 163 1
163 208 13
208 862 20
862 2109 16
2109 2038 5
2038 4657 16
4657 3741 16
3741 464 1
464 512 1
512 2483 8
2483 1073 11
1073 2701 19
2701 2024 18
2024 4006 15
4006 442 9
442 3185 4
3185 3154 6
3154 1040 10
1040 2288 19
2288 3547 17
3547 555 10
555 4617 7
4617 761 11
761 3405 16
3405 2633 7
2633 3416 11
3416 4868 20
4868 14 6
14 3174 20
3174 2634 19
2634 812 20
812 748 20
748 4137 20
4137 452 19
452 2951 9
2951 2296 4
2296 2095 8
2095 1823 18
1823 4338 19
4338 2237 6
2237 1416 20
1416 4659 15
4659 3994 8
3994 1140 10
1140 2056 1
2056 1024 13
1024 2121 2
2121 4842 7
4842 651 10
651 2953 18
2953 51 7
51 4810 5
4810 861 20
861 2700 10
2700 4097 6
4097 3020 1
3020 1844 19
1844 570 20
570 2845 12
2845 261 5
261 3720 18
3720 199 17
199 4501 17
4501 943 1
943 78 4
78 4492 14
4492 2757 8
2757 3912 13
3912 4740 20
4740 2275 11
2275 3263 18
3263 3661 8
3661 1315 3
1315 454 1
454 3888 20
3888 2301 12
2301 2434 17
2434 4314 14
4314 3813 17
3813 1360 8
1360 793 3
793 3973 4
3973 3801 13
3801 3632 6
3632 835 10
835 277 2
277 1994 16
1994 876 16
876 820 13
820 2643 14
2643 3910 20
3910 3771 15
3771 3513 11
3513 4891 10
4891 4530 20
4530 1405 8
1405 3404 9
3404 910 16
910 2838 20
2838 389 15
389 4437 4
4437 3484 13
3484 4150 15
4150 3938 13
3938 3794 6
3794 3517 18
3517 1743 14
1743 3246 19
3246 4378 1
4378 2215 17
2215 4949 13
4949 2192 6
2192 2564 5
2564 4697 14
4697 689 13
689 4787 10
4787 1977 18
1977 4242 2
4242 3375 8
3375 1314 2
1314 4569 13
4569 3183 11
3183 2742 1
2742 3450 18
3450 4292 11
4292 1807 15
1807 3532 18
3532 4647 10
4647 1858 8
1858 2271 7
2271 2487 11
2487 4826 15
4826 4915 20
4915 2697 14
2697 1192 9
1192 3041 17
3041 50 14
50 2679 4
2679 285 7
285 692 10
692 1667 7
1667 2484 18
2484 4101 1
4101 3253 17
3253 909 13
909 1745 5
1745 496 10
496 1275 8
1275 2268 1
2268 3735 13
3735 3195 20
3195 4251 7
4251 4306 20
4306 2198 7
2198 207 9
207 3877 5
3877 2253 1
2253 2492 13
2492 3281 12
3281 2461 11
2461 1414 10
1414 4282 9
4282 705 8
705 356 1
356 3634 17
3634 97 15
97 3383 7
3383 2324 3
2324 3435 5
3435 3358 5
3358 1206 20
1206 545 8
545 3319 5
3319 3520 10
3520 990 6
990 3432 20
3432 1575 13
1575 4220 16
4220 1884 9
1884 1757 7
1757 4274 9
4274 526 12
526 3497 11
3497 3284 20
3284 3362 12
3362 1138 19
1138 3671 10
3671 4998 20
4998 2661 14
2661 4579 15
4579 3314 9
3314 1225 18
1225 3217 6
3217 4227 2
4227 2833 6
2833 1794 3
1794 3074 12
3074 3712 13
3712 529 4
529 314 14
314 1765 5
1765 3642 19
3642 3565 2
3565 644 11
644 3351 3
3351 4171 12
4171 834 18
834 2101 19
2101 2451 7
2451 3724 19
3724 993 10
993 4305 11
4305 4676 12
4676 3770 17
3770 1395 16
1395 334 1
334 893 4
893 1541 19
1541 1570 8
1570 3623 3
3623 2678 3
2678 4754 13
4754 2426 9
2426 2989 10
2989 2670 4
2670 2077 1
2077 514 2
514 2763 8
2763 2263 11
2263 4107 6
4107 553 19
553 838 20
838 2178 3
2178 4953 1
4953 2609 18
2609 847 12
847 1223 8
1223 2756 19
2756 886 12
886 2695 17
2695 2243 13
2243 162 19
162 2962 1
2962 736 15
736 1002 6
1002 345 7
345 1396 7
1396 2164 2
2164 238 19
238 759 15
759 542 8
542 2221 6
2221 2219 12
2219 1477 13
1477 4078 6
4078 2699 6
2699 2708 7
2708 1130 1
1130 1557 15
1557 3638 12
3638 1359 8
1359 3736 13
3736 2100 13
2100 3119 8
3119 4386 20
4386 2692 15
2692 1107 1
1107 682 8
682 696 10
696 3571 20
3571 1052 4
1052 652 9
652 4737 19
4737 1379 16
1379 2348 16
2348 3538 5
3538 3169 3
3169 1674 2
1674 2744 19
2744 2841 10
2841 2625 11
2625 3378 12
3378 267 14
267 1115 10
1115 3867 11
3867 645 13
645 3489 3
3489 4464 20
4464 2236 7
2236 2902 16
2902 3439 5
3439 1135 11
1135 4552 14
4552 785 8
785 2337 16
2337 2598 3
2598 4344 16
4344 2749 17
2749 4936 2
4936 1646 12
1646 1393 2
1393 3066 14
3066 709 15
709 552 20
552 1035 16
1035 2735 19
2735 2958 1
2958 2719 12
2719 4582 6
4582 1211 10
1211 3843 20
3843 2718 2
2718 1777 15
1777 3338 7
3338 4174 16
4174 4940 10
4940 1759 2
1759 1147 18
1147 319 19
319 2085 19
2085 1800 18
1800 707 4
707 1046 1
1046 4232 12
4232 663 11
663 1883 5
1883 2997 9
2997 2532 3
2532 995 7
995 4350 19
4350 3152 15
3152 3764 14
3764 2802 7
2802 2069 12
2069 321 2
321 2032 16
2032 2163 10
2163 1253 3
1253 2132 14
2132 4584 20
4584 2684 15
2684 1749 7
1749 1111 6
1111 1197 1
1197 1375 3
1375 3944 11
3944 3792 18
3792 521 19
521 3070 10
3070 796 14
796 190 8
190 2240 20
2240 290 13
290 248 6
248 1101 8
1101 445 17
445 983 20
983 1695 13
1695 3308 8
3308 3293 13
3293 3483 10
3483 2354 3
2354 562 14
562 293 15
293 3894 19
3894 1131 13
1131 27 19
27 1088 8
1088 3906 6
3906 4206 12
4206 3048 5
3048 2352 7
2352 2599 7
2599 84 12
84 1217 20
1217 142 5
142 4756 4
4756 1929 4
1929 593 11
593 3909 11
3909 2906 4
2906 1345 18
1345 3114 10
3114 4194 19
4194 2893 14
2893 95 20
95 4763 20
4763 1919 13
1919 3773 9
3773 4901 17
4901 186 12
186 1258 9
1258 4299 9
4299 2079 19
2079 4185 15
4185 3177 8
3177 3426 6
3426 4906 9
4906 1351 5
1351 3000 12
3000 2731 9
2731 2924 19
2924 3036 20
3036 3825 15
3825 2125 19
2125 90 15
90 1600 6
1600 3252 4
3252 114 17
114 1186 11
1186 1819 4
1819 3396 8
3396 2549 2
2549 3135 8
3135 4002 12
4002 4773 4
4773 2711 4
2711 3333 2
3333 4535 10
4535 2707 6
2707 1654 19
1654 982 13
982 4904 11
4904 3033 7
3033 2911 4
2911 2990 4
2990 333 2
333 4272 16
4272 4651 14
4651 3028 12
3028 4517 4
4517 1053 8
1053 2030 7
2030 4337 15
4337 3235 12
3235 1065 8
1065 4209 16
4209 2787 7
2787 4678 15
4678 2796 5
2796 4485 6
4485 4652 5
4652 100 13
100 3812 7
3812 4895 13
4895 2103 19
2103 1682 11
1682 11 4
11 3482 5
3482 3234 7
3234 83 13
83 612 18
612 2371 2
2371 950 14
950 4509 16
4509 416 19
416 2613 3
2613 4890 6
4890 4851 2
4851 4950 19
4950 1108 1
1108 4560 1
4560 2413 2
2413 1838 15
1838 2158 11
2158 3122 7
3122 1356 6
1356 1358 12
1358 1344 14
1344 1058 20
1058 634 16
634 2926 3
2926 4781 5
4781 276 7
276 4449 5
4449 4877 3
4877 404 8
404 4943 10
4943 858 5
858 3823 13
3823 364 4
364 3018 11
3018 4126 20
4126 2588 1
2588 1071 15
1071 3376 18
3376 754 7
754 377 3
377 2216 5
2216 1970 4
1970 3662 10
3662 3799 3
3799 1960 20
1960 667 4
667 3102 2
3102 1104 1
1104 686 3
686 2148 20
2148 2042 10
2042 2474 8
2474 1928 7
1928 2518 2
2518 1448 15
1448 3829 1
3829 2193 14
2193 1521 6
1521 2029 14
2029 3225 17
3225 734 15
734 3705 4
3705 1031 12
1031 3326 20
3326 4698 18
4698 4057 13
4057 4889 12
4889 2388 1
2388 2791 1
2791 4720 20
4720 1166 20
1166 4075 15
4075 2489 18
2489 4046 8
4046 3591 3
3591 3953 13
3953 4900 6
4900 4237 5
4237 2459 19
2459 1009 16
1009 2612 16
2612 3754 17
3754 2813 12
2813 1473 2
1473 846 19
846 3053 8
3053 3534 9
3534 4893 5
4893 4815 1
4815 4519 13
4519 1814 8
1814 2738 4
2738 2303 6
2303 660 18
660 3112 3
3112 1349 1
1349 1605 1
1605 1554 2
1554 1724 7
1724 1939 11
1939 4165 12
4165 3732 10
3732 2320 7
2320 3151 10
3151 2172 8
2172 2231 3
2231 2072 4
2072 3047 13
3047 2180 5
2180 2572 15
2572 1912 19
1912 1750 18
1750 1996 18
1996 1707 11
1707 1866 20
1866 1367 5
1367 1782 6
1782 928 7
928 4170 2
4170 804 11
804 1827 14
1827 706 1
706 337 2
337 4909 16
4909 4257 11
4257 4483 17
4483 1925 3
1925 2064 19
2064 547 1
547 3400 3
3400 2270 18
2270 1692 18
1692 3167 3
3167 3455 16
3455 926 3
926 3394 16
3394 3562 12
3562 923 13
923 2008 2
2008 2637 12
2637 1811 8
1811 157 1
157 2278 9
2278 2107 12
2107 420 17
420 484 20
484 3158 1
3158 3584 14
3584 3940 5
3940 185 19
185 3214 8
3214 2315 12
2315 4204 18
4204 3141 12
3141 3827 19
3827 881 6
881 3985 6
3985 4043 5
4043 2822 13
2822 2881 15
2881 3220 2
3220 1421 19
1421 4999 12
4999 1127 3
1127 1079 19
1079 2987 1
2987 572 13
572 3782 20
3782 3664 2
3664 2528 8
2528 3254 11
3254 1133 11
1133 3783 9
3783 1512 17
1512 4369 15
4369 2130 6
2130 1694 17
1694 1195 20
1195 2062 16
2062 4392 12
4392 832 4
832 2578 20
2578 3285 5
3285 198 2
198 3245 19
3245 4051 20
4051 1213 3
1213 2596 12
2596 4673 18
4673 4281 20
4281 137 10
137 4156 7
4156 2465 3
2465 2834 8
2834 2292 17
2292 249 10
249 1504 19
1504 1068 16
1068 2054 14
2054 4612 5
4612 3675 11
3675 194 16
194 1891 5
1891 4321 12
4321 3310 17
3310 2417 12
2417 2387 14
2387 1993 5
1993 1588 10
1588 3976 7
3976 4979 1
4979 216 14
216 4631 15
4631 1530 7
1530 890 18
890 1687 1
1687 3228 5
3228 1252 8
1252 433 2
433 1408 9
1408 25 13
25 868 2
868 2319 20
2319 4957 6
4957 4564 18
4564 2334 4
2334 4926 12
4926 1412 13
1412 1016 18
1016 3959 9
3959 3958 15
3958 4470 2
4470 1067 18
1067 1661 17
1661 2969 10
2969 202 12
202 2871 17
2871 2405 1
2405 3684 12
3684 3889 8
3889 2294 4
2294 3545 17
3545 1141 9
1141 4913 2
4913 2078 17
2078 1305 11
1305 638 11
638 3115 16
3115 3470 16
3470 169 1
169 2202 11
2202 1039 3
1039 3755 12
3755 3384 6
3384 450 16
450 3433 15
3433 2765 17
2765 1280 5
1280 1953 6
1953 3624 2
3624 166 7
166 3746 10
3746 4768 8
4768 4551 10
4551 2892 17
2892 2542 5
2542 4217 3
4217 4654 19
4654 3807 6
3807 3026 9
3026 650 19
650 1531 8
1531 3708 20
3708 339 13
339 4908 9
4908 574 3
574 4290 17
4290 3476 7
3476 141 8
141 4622 19
4622 1240 4
1240 3150 7
3150 3499 3
3499 4562 14
4562 1169 19
1169 1731 17
1731 4349 7
4349 2210 16
2210 767 7
767 3031 8
3031 1425 5
1425 4540 10
4540 289 9
289 1377 12
1377 1555 12
1555 3458 12
3458 1019 19
1019 2228 11
2228 670 2
670 2326 2
2326 2682 14
2682 136 12
136 3280 1
3280 4956 12
4956 308 12
308 3533 5
3533 2886 10
2886 1086 13
1086 3249 14
3249 1835 12
1835 133 11
133 1867 1
1867 3734 7
3734 3446 19
3446 2929 9
2929 467 13
467 988 10
988 661 5
661 2914 14
2914 2521 7
2521 4371 7
4371 4858 13
4858 559 10
559 2991 4
2991 3617 6
3617 4243 1
4243 1880 1
1880 4782 6
4782 3859 5
3859 379 9
379 1265 4
1265 1789 12
1789 242 10
242 540 17
540 2142 2
2142 4969 13
4969 4365 1
4365 3588 16
3588 1293 1
1293 2052 6
2052 4399 17
4399 2724 11
2724 3686 4
3686 167 14
167 889 15
889 3506 16
3506 2281 19
2281 1436 6
1436 3510 13
3510 459 18
459 2647 15
2647 1670 18
1670 4766 9
4766 3025 15
3025 1700 3
1700 2944 4
2944 1535 12
1535 3640 17
3640 2063 2
2063 1817 6
1817 698 18
698 519 13
519 4986 19
4986 4808 6
4808 1298 19
1298 690 16
690 532 4
532 375 6
375 1766 2
1766 587 7
587 3002 2
3002 3629 4
3629 4402 3
4402 4173 4
4173 3832 16
3832 1357 11
1357 2864 10
2864 4503 18
4503 1720 16
1720 3258 13
3258 4563 12
4563 4090 19
4090 585 3
585 3465 1
3465 4706 15
4706 2581 3
2581 2687 16
2687 4985 5
4985 1737 18
1737 1498 9
1498 1456 4
1456 2013 3
2013 1476 8
1476 2145 18
2145 590 10
590 2967 5
2967 3826 20
3826 3462 4
3462 3738 18
3738 2526 5
2526 2096 14
2096 882 7
882 1725 17
1725 1151 14
1151 3118 19
3118 2428 1
2428 3140 20
3140 4164 3
4164 2945 20
2945 4714 16
4714 4250 17
4250 2411 15
2411 4925 2
4925 3954 4
3954 222 15
222 295 13
295 839 8
839 821 4
821 327 8
327 2128 1
2128 2553 9
2553 4508 16
4508 1689 20
1689 3473 8
3473 4694 9
4694 2570 11
2570 106 3
106 1621 20
1621 4360 12
4360 4061 9
4061 586 14
586 630 12
630 1528 9
1528 4186 15
4186 3559 5
3559 4007 13
4007 2383 14
2383 3536 11
3536 1100 17
1100 2782 13
2782 4992 13
4992 273 14
273 1304 5
1304 4132 11
4132 4549 1
4549 3585 2
3585 1050 12
1050 3459 4
3459 601 4
601 843 8
843 2585 17
2585 1543 12
1543 3040 6
3040 3299 3
3299 1668 16
1668 3891 18
3891 3038 13
3038 168 14
168 2885 13
2885 1915 5
1915 1758 15
1758 105 11
105 131 5
131 2674 12
2674 1972 11
1972 3631 20
3631 2508 7
2508 1000 7
1000 1201 19
1201 872 14
872 22 15
22 4800 15
4800 4920 8
4920 2965 6
2965 80 18
80 4705 17
4705 1270 18
1270 1427 9
1427 4455 13
4455 1480 2
1480 3648 12
3648 2982 11
2982 3 11
3 2086 13
2086 2289 8
2289 4597 17
4597 3835 8
3835 2200 8
2200 1486 12
1486 1769 1
1769 1881 11
1881 4041 3
4041 209 15
209 965 16
965 4639 20
4639 702 8
702 469 2
469 4687 18
4687 2646 2
2646 480 18
480 1657 10
1657 2766 12
2766 2789 12
2789 945 4
945 4745 18
4745 1979 3
1979 718 2
718 3312 10
3312 4942 14
4942 571 15
571 1620 18
1620 1710 2
1710 2546 7
2546 2149 16
2149 4072 3
4072 2211 19
2211 1786 17
1786 2867 8
2867 746 11
746 446 3
446 4752 11
4752 2880 6
2880 1449 16
1449 3899 15
3899 2403 11
2403 3282 10
3282 1748 5
1748 2010 11
2010 2606 8
2606 4946 10
4946 2631 1
2631 1937 17
1937 1334 10
1334 3205 2
3205 2066 5
2066 3056 16
3056 3978 17
3978 3143 4
3143 4059 2
4059 2529 18
2529 3927 13
3927 3791 3
3791 1973 19
1973 360 8
360 2694 7
2694 1168 15
1168 1483 6
1483 4758 9
4758 4413 15
4413 1509 16
1509 3879 17
3879 280 19
280 3438 8
3438 2283 14
2283 2305 15
2305 2269 8
2269 3170 3
3170 2597 4
2597 3443 7
3443 1256 10
1256 156 5
156 2241 3
2241 1306 11
1306 4553 10
4553 4924 6
4924 3796 20
3796 1277 5
1277 2422 8
2422 2050 14
2050 2196 14
2196 2665 20
2665 932 15
932 2809 11
2809 4613 16
4613 495 2
495 3219 11
3219 3644 20
3644 722 18
722 3625 3
3625 2205 4
2205 4515 11
4515 4534 6
4534 292 8
292 708 8
708 397 15
397 498 19
498 3306 9
3306 3181 3
3181 1229 8
1229 779 16
779 679 18
679 1527 9
1527 1075 20
1075 2136 16
2136 4512 2
4512 2605 11
2605 3137 3
3137 4727 17
4727 287 17
287 1216 10
1216 1327 15
1327 4655 17
4655 883 17
883 2743 12
2743 3189 11
3189 39 19
39 1889 16
1889 1181 15
1181 771 2
771 4704 4
4704 720 9
720 1968 2
1968 642 12
642 2225 12
2225 4977 15
4977 3329 9
3329 2115 1
2115 2460 4
2460 4434 9
4434 4384 3
4384 607 18
607 1089 18
1089 3500 19
3500 2262 4
2262 2740 5
2740 2921 11
2921 2522 4
2522 1415 15
1415 1760 13
1760 4734 4
4734 1117 5
1117 380 8
380 4910 2
4910 2655 14
2655 544 7
544 3749 2
3749 2509 10
2509 2491 10
2491 3599 7
3599 2137 18
2137 2384 14
2384 432 11
432 4086 10
4086 4852 19
4852 4649 6
4649 2274 2
2274 46 12
46 2628 9
2628 503 12
503 435 3
435 4785 1
4785 3619 1
3619 854 2
854 4625 6
4625 3029 11
3029 2751 4
2751 2028 2
2028 407 3
407 2793 7
2793 2007 12
2007 3009 19
3009 3401 9
3401 3008 1
3008 4871 9
4871 1938 15
1938 4383 1
4383 1102 5
1102 680 3
680 3658 14
3658 3806 8
3806 3687 16
3687 695 1
695 150 6
150 2672 11
2672 1559 8
1559 1378 14
1378 4795 13
4795 1273 8
1273 4414 11
4414 3330 10
3330 1917 17
1917 2801 6
2801 2220 18
2220 2287 16
2287 154 8
154 1648 16
1648 4187 16
4187 3464 7
3464 3933 12
3933 403 15
403 357 5
357 4027 18
4027 1459 8
1459 1933 17
1933 4499 5
4499 4319 10
4319 530 13
530 4888 16
4888 1266 3
1266 1552 12
1552 4934 10
4934 1723 16
1723 4779 20
4779 320 19
320 2510 14
2510 257 14
257 4749 5
4749 4280 8
4280 1170 15
1170 2358 1
2358 412 10
412 929 15
929 4912 19
4912 4335 12
4335 1525 6
1525 1908 19
1908 1846 14
1846 3203 15
3203 1898 13
1898 2339 4
2339 1665 2
1665 4541 20
4541 3717 11
3717 1675 11
1675 4262 20
4262 1098 5
1098 1967 19
1967 4807 4
4807 2380 8
2380 2493 5
2493 2041 9
2041 429 10
429 1556 8
1556 147 8
147 203 11
203 414 20
414 374 12
374 2367 8
2367 4180 15
4180 1383 11
1383 2418 17
2418 1420 7
1420 4570 9
4570 1224 13
1224 1014 12
1014 3871 11
3871 3639 5
3639 127 1
127 1645 19
1645 710 18
710 1676 20
1676 1551 3
1551 3260 5
3260 619 2
619 3653 15
3653 869 9
869 774 14
774 2045 8
2045 1095 13
1095 891 18
891 4823 7
4823 1770 5
1770 2027 8
2027 1165 5
1165 188 12
188 760 5
760 1363 5
1363 2138 18
2138 599 18
599 4830 18
4830 2737 8
2737 3509 10
3509 1872 3
1872 3605 18
3605 921 14
921 3830 2
3830 1828 18
1828 350 9
350 2600 20
2600 4869 3
4869 1799 6
1799 4381 13
4381 4637 8
4637 1755 6
1755 738 11
738 2651 19
2651 1719 18
1719 300 4
300 3635 19
3635 132 6
132 15 1
15 4377 6
4377 4471 12
4471 1860 8
1860 1751 16
1751 730 16
730 2726 16
2726 4052 3
4052 3103 7
3103 1496 12
1496 1008 8
1008 4902 16
4902 1163 13
1163 2169 20
2169 4578 12
4578 4672 16
4672 4916 15
4916 1615 16
1615 3511 17
3511 592 9
592 4898 5
4898 1398 6
1398 91 17
91 351 19
351 3332 17
3332 2044 14
2044 3727 17
3727 4580 11
4580 3936 7
3936 4735 12
4735 4297 1
4297 1746 12
1746 4502 4
4502 1487 20
1487 1260 18
1260 3621 12
3621 3606 19
3606 4235 14
4235 3423 5
3423 4783 4
4783 4568 10
4568 3608 1
3608 260 17
260 2729 14
2729 2972 14
2972 4650 8
4650 4207 20
4207 3703 5
3703 1989 6
1989 278 3
278 3058 17
3058 3269 3
3269 4718 6
4718 2797 18
2797 1852 12
1852 1865 5
1865 1729 3
1729 4331 12
4331 954 16
954 4010 7
4010 4141 3
4141 1756 7
1756 2390 3
2390 2587 4
2587 3233 2
3233 3436 6
3436 3273 14
3273 2126 18
2126 2462 17
2462 328 15
328 1036 7
1036 897 4
897 1184 18
1184 4948 16
4948 3645 16
3645 180 17
180 2998 5
2998 4803 15
4803 2458 6
2458 2378 1
2378 2772 8
2772 3086 18
3086 4031 5
4031 4482 11
4482 3518 14
3518 2421 10
2421 4935 12
4935 1160 17
1160 2114 16
2114 1278 18
1278 3255 10
3255 4255 12
4255 4391 17
4391 3512 6
3512 4621 6
4621 4236 20
4236 3441 18
3441 621 19
621 3339 10
3339 53 17
53 4074 19
4074 4162 18
4162 359 8
359 2770 1
2770 3627 19
3627 2857 15
2857 1550 12
1550 4712 13
4712 4339 7
4339 4546 12
4546 4456 12
4456 931 14
931 187 15
187 765 1
765 1187 17
1187 4941 11
4941 2828 5
2828 21 18
21 4547 1
4547 933 1
933 1544 6
1544 1957 11
1957 3885 16
3885 4418 2
4418 944 6
944 2928 6
2928 3380 4
3380 1894 7
1894 3216 20
3216 2318 11
2318 1368 4
1368 71 3
71 1985 17
1985 1595 13
1595 2494 6
2494 438 1
438 1969 7
1969 1045 1
1045 1043 12
1043 1849 15
1849 2290 13
2290 1802 17
1802 845 6
845 3100 19
3100 2425 16
2425 4372 13
4372 4032 5
4032 2511 1
2511 3768 15
3768 4557 3
4557 1904 15
1904 1499 7
1499 3995 11
3995 4153 9
4153 1082 19
1082 2933 5
2933 4862 13
4862 2583 18
2583 1471 17
1471 265 5
265 4359 10
4359 1310 13
1310 1910 20
1910 117 4
117 3970 16
3970 865 2
865 4642 6
4642 3774 7
3774 4387 9
4387 2859 12
2859 2816 6
2816 369 8
369 4396 12
4396 3309 5
3309 2014 5
2014 316 16
316 1250 17
1250 3560 18
3560 2614 6
2614 3590 12
3590 1173 12
1173 625 13
625 1178 7
1178 1886 16
1886 3824 19
3824 3335 5
3335 4095 10
4095 3322 5
3322 4047 8
4047 1961 8
1961 4559 7
4559 4411 13
4411 2039 3
2039 2261 5
2261 4039 12
4039 4686 10
4686 2453 18
2453 2869 16
2869 230 12
230 4679 17
4679 4493 1
4493 4603 2
4603 317 18
317 3453 14
3453 2925 1
2925 3377 14
3377 2995 5
2995 2312 8
2312 4326 3
4326 2364 11
2364 3067 15
3067 1691 3
1691 1983 9
1983 3160 11
3160 32 5
32 3972 20
3972 4747 12
4747 3366 18
3366 1092 7
1092 1548 10
1548 1931 7
1931 2445 3
2445 1109 14
1109 2659 10
2659 2904 4
2904 1599 4
1599 502 2
502 2344 20
2344 2595 18
2595 3168 16
3168 110 13
110 1461 11
1461 1815 17
1815 2652 2
2652 2771 14
2771 1399 4
1399 3304 1
3304 2160 5
2160 4972 3
4972 3986 4
3986 2621 12
2621 2620 2
2620 4155 17
4155 1992 17
1992 1816 15
1816 4423 18
4423 3929 14
3929 478 3
478 1864 20
1864 2611 20
2611 2658 8
2658 4905 4
4905 510 11
510 2975 15
2975 809 12
809 1500 12
1500 1767 6
1767 1653 20
1653 3777 9
3777 4962 11
4962 3097 13
3097 1885 10
1885 2397 7
2397 1593 14
1593 4837 16
4837 436 15
436 2500 15
2500 1371 8
1371 2571 6
2571 4044 17
4044 2129 8
2129 34 10
34 85 19
85 1493 13
1493 1890 13
1890 104 7
104 3580 13
3580 96 7
96 1771 7
1771 3447 12
3447 1023 2
1023 2950 18
2950 4640 19
4640 3460 19
3460 2267 5
2267 505 18
505 4198 19
4198 3211 11
3211 4390 8
4390 2159 2
2159 3787 8
3787 493 9
493 3496 15
3496 4424 1
4424 987 8
987 178 7
178 3557 10
3557 113 3
113 4062 4
4062 828 17
828 4674 19
4674 1441 20
1441 3903 1
3903 2723 12
2723 2728 10
2728 367 8
367 3503 5
3503 3176 15
3176 1060 7
1060 3678 17
3678 2051 1
2051 4487 2
4487 2516 5
2516 3786 10
3786 2317 16
2317 1215 15
1215 1484 1
1484 1584 17
1584 578 13
578 3673 10
3673 1348 8
1348 3307 16
3307 1338 3
1338 2427 6
2427 1157 4
1157 2915 5
2915 2920 16
2920 4 8
4 2616 12
2616 4793 9
4793 2829 13
2829 984 5
984 4726 7
4726 4527 20
4527 1763 6
1763 1003 8
1003 867 11
867 4296 19
4296 3643 10
3643 3402 7
3402 2957 7
2957 196 2
196 557 20
557 2155 12
2155 4523 17
4523 3622 15
3622 3674 9
3674 2543 19
2543 2855 18
2855 3778 16
3778 1300 17
1300 488 14
488 4567 14
4567 4682 7
4682 4899 5
4899 1652 11
1652 473 7
473 3466 13
3466 3876 10
3876 2209 12
2209 4575 6
4575 1042 8
1042 4581 19
4581 4357 17
4357 1647 7
1647 4518 6
4518 2477 3
2477 3147 20
3147 124 8
124 393 2
393 4125 9
4125 2382 10
2382 4081 16
4081 4799 12
4799 3785 4
3785 128 7
128 3424 15
3424 2629 17
2629 629 1
629 4116 14
4116 2297 7
2297 1401 5
1401 1617 20
1617 617 15
617 802 7
802 2852 16
2852 2242 4
2242 1630 14
1630 2194 10
2194 4955 2
4955 3430 4
3430 3178 10
3178 4938 2
4938 1761 18
1761 1196 4
1196 4929 4
4929 3989 8
3989 2727 16
2727 2188 12
2188 1435 15
1435 1686 8
1686 4932 3
4932 4646 2
4646 1587 9
1587 1084 3
1084 2482 8
2482 1341 5
1341 3752 4
3752 4658 18
4658 2291 6
2291 2166 1
2166 20 16
20 4276 16
4276 472 2
472 2147 9
2147 758 6
758 247 11
247 3884 17
3884 911 3
911 2558 18
2558 4343 7
4343 205 10
205 4311 14
4311 4404 14
4404 2057 2
2057 875 9
875 57 3
57 4695 20
4695 2868 19
2868 1958 9
1958 362 17
362 1702 13
1702 4475 18
4475 1455 20
1455 30 17
30 4304 9
4304 3003 3
3003 4175 14
4175 955 10
955 1655 13
1655 1381 4
1381 111 4
111 1198 19
1198 3024 3
3024 2577 13
2577 3099 20
3099 2406 4
2406 777 20
777 744 14
744 640 4
640 284 13
284 4896 11
4896 4087 4
4087 522 5
522 1326 19
1326 4158 13
4158 2688 16
2688 43 13
43 422 17
422 3202 2
3202 1370 8
1370 4643 6
4643 3663 17
3663 4376 11
4376 2806 18
2806 411 1
411 4630 16
4630 2343 20
2343 741 1
741 2073 1
2073 4071 10
4071 609 3
609 1156 8
1156 86 19
86 755 12
755 2161 6
2161 4285 9
4285 1208 18
1208 4089 15
4089 1164 12
1164 4461 1
4461 2475 10
2475 1688 5
1688 4394 12
4394 4354 18
4354 1633 9
1633 1440 15
1440 4111 17
4111 2212 20
2212 3125 18
3125 1099 13
1099 938 6
938 88 14
88 2812 3
2812 4468 4
4468 942 2
942 4721 18
4721 4188 11
4188 3367 10
3367 348 4
348 3934 2
3934 1902 12
1902 3895 17
3895 937 19
937 373 15
373 2712 15
2712 4166 2
4166 3607 8
3607 3874 20
3874 410 4
410 960 5
960 2853 13
2853 2154 20
2154 1854 13
1854 4212 15
4212 3078 5
3078 2696 10
2696 3422 11
3422 4178 14
4178 2059 19
2059 390 17
390 4020 4
4020 2232 1
2232 1182 19
1182 967 3
967 1698 17
1698 4511 5
4511 2123 16
2123 4670 3
4670 1732 3
1732 9 3
9 4103 15
4103 383 20
383 958 10
958 1004 6
1004 329 1
329 1517 18
1517 3429 3
3429 1238 8
1238 924 13
924 3795 2
3795 330 16
330 1113 16
1113 2432 9
2432 4254 20
4254 1070 6
1070 3551 2
3551 2402 7
2402 4884 18
4884 1613 20
1613 2152 19
2152 211 17
211 2189 11
2189 3723 5
3723 4614 8
4614 3660 18
3660 1136 19
1136 2905 17
2905 413 13
413 508 17
508 4443 20
4443 2818 4
2818 896 12
896 1105 14
1105 4252 2
4252 4692 18
4692 61 13
61 1411 18
1411 632 10
632 3610 2
3610 523 13
523 4157 2
4157 2476 3
2476 844 10
844 4451 5
4451 1145 13
1145 92 8
92 64 13
64 4247 13
4247 3163 20
3163 1424 4
1424 4425 4
4425 2650 6
2650 3719 16
3719 175 1
175 646 17
646 2082 16
2082 4536 1
4536 4199 11
4199 2076 12
2076 1422 15
1422 4976 6
4976 1429 10
1429 1632 2
1632 1372 6
1372 1861 17
1861 1144 5
1144 2563 10
2563 1705 14
1705 4870 16
4870 3964 5
3964 509 11
509 3955 1
3955 2409 5
2409 1311 17
1311 1511 17
1511 3539 2
3539 1741 1
1741 1087 12
1087 443 9
443 2246 6
2246 3598 14
3598 3021 14
3021 4892 12
4892 4840 2
4840 4806 15
4806 2351 7
2351 3862 12
3862 3750 5
3750 4525 9
4525 1403 7
1403 4594 4
4594 2527 18
2527 1639 19
1639 4269 8
4269 2874 8
2874 810 20
810 925 14
925 2714 7
2714 2635 8
2635 4835 17
4835 4496 1
4496 3302 9
3302 824 14
824 2456 10
2456 3006 17
3006 1603 3
1603 3926 5
3926 4937 11
4937 3922 4
3922 460 1
460 268 7
268 3769 18
3769 4248 17
4248 2089 9
2089 4544 18
4544 3390 20
3390 3733 11
3733 3469 9
3469 1513 11
1513 4791 13
4791 2912 6
2912 3666 2
3666 3414 19
3414 4205 15
4205 4759 16
4759 3852 7
3852 3336 3
3336 4323 1
4323 1563 2
1563 2805 18
2805 305 19
305 4742 11
4742 2941 2
2941 4513 10
4513 3747 3
3747 1609 10
1609 1943 6
1943 2626 1
2626 3731 8
3731 1442 17
1442 3171 4
3171 1696 8
1696 1365 11
1365 4223 4
4223 2329 9
2329 2431 8
2431 2213 20
2213 2847 19
2847 673 19
673 4566 7
4566 1529 15
1529 1951 3
1951 251 6
251 3690 6
3690 4382 9
4382 2094 17
2094 4370 19
4370 3811 15
3811 2386 16
2386 800 15
800 2875 15
2875 3090 17
3090 4751 5
4751 2970 6
2970 4702 16
4702 48 3
48 3647 11
3647 2043 14
2043 396 7
396 139 17
139 1565 18
1565 2973 4
2973 2759 9
2759 385 7
385 1021 20
1021 181 7
181 2373 13
2373 971 2
971 4196 20
4196 2582 4
2582 4327 7
4327 3680 6
3680 978 15
978 2395 14
2395 3866 16
3866 906 2
906 1146 15
1146 1787 12
1787 1508 20
1508 4149 13
4149 3593 14
3593 4412 5
4412 3486 4
3486 3543 5
3543 4709 14
4709 1462 18
1462 4094 11
4094 4273 16
4273 2381 5
2381 1150 9
1150 4129 6
4129 4253 2
4253 1606 7
1606 391 5
391 4576 11
4576 338 19
338 795 19
795 1090 3
1090 2113 16
2113 1269 10
1269 1862 11
1862 2203 10
2203 582 7
582 2649 9
2649 2264 11
2264 2523 2
2523 2767 1
2767 3803 13
3803 681 19
681 4660 10
4660 1701 17
1701 4857 17
4857 2994 3
2994 3848 6
3848 3691 7
3691 4201 7
4201 2537 13
2537 3583 16
3583 1718 13
1718 2353 12
2353 2035 8
2035 4700 15
4700 3695 17
3695 4784 9
4784 2105 14
2105 853 15
853 3236 13
3236 2325 11
2325 857 20
857 368 3
368 2681 13
2681 2249 5
2249 2229 7
2229 827 4
827 344 6
344 297 1
297 4457 15
4457 3161 7
3161 1139 11
1139 3837 6
3837 4967 8
4967 89 2
89 2040 4
2040 807 18
807 2102 10
2102 1177 12
1177 4303 2
4303 4885 20
4885 372 3
372 1222 7
1222 2561 12
2561 830 4
830 447 9
447 556 3
556 873 9
873 4814 20
4814 2470 8
2470 1205 11
1205 1684 19
1684 4486 12
4486 4789 3
4789 2316 12
2316 3490 13
3490 4410 16
4410 4479 14
4479 3204 14
3204 2092 13
2092 1048 6
1048 1566 1
1566 3693 12
3693 4792 2
4792 4498 13
4498 4733 12
4733 3275 6
3275 2362 3
2362 3257 9
3257 4598 3
4598 2830 1
2830 4163 5
4163 2399 20
2399 3615 9
3615 3011 18
3011 2839 8
2839 1590 12
1590 4453 18
4453 2644 12
2644 979 8
979 75 6
75 4334 17
4334 4836 18
4836 3077 1
3077 714 7
714 3030 15
3030 1312 1
1312 4042 2
4042 4098 17
4098 4056 10
4056 2888 10
2888 4416 12
4416 4073 1
4073 1836 1
1836 4214 10
4214 2897 20
2897 841 19
841 4341 8
4341 1577 17
1577 1390 12
1390 2843 7
2843 102 15
102 4624 12
4624 4431 2
4431 3612 20
3612 2184 20
2184 4818 7
4818 2617 15
2617 1418 19
1418 4583 15
4583 626 13
626 4996 11
4996 4690 11
4690 119 18
119 2285 11
2285 701 10
701 1831 17
1831 3526 12
3526 1514 18
1514 2467 12
2467 151 11
151 3507 16
3507 1463 4
1463 2656 17
2656 763 17
763 1494 16
1494 4592 18
4592 4011 1
4011 535 8
535 4663 20
4663 258 2
258 1935 4
1935 1174 11
1174 3130 9
3130 4184 4
4184 3525 14
3525 3918 14
3918 3670 20
3670 2978 4
2978 676 10
676 3305 1
3305 3218 11
3218 3016 3
3016 2244 20
2244 1237 4
1237 2943 15
2943 4179 19
4179 4361 2
4361 4832 4
4832 3350 7
3350 2576 9
2576 4586 8
4586 597 17
597 1560 18
1560 79 11
79 1607 1
1607 1859 13
1859 1888 3
1888 1319 5
1319 4944 1
4944 560 1
560 2999 8
2999 3808 16
3808 752 17
752 2167 9
2167 400 15
400 1790 9
1790 2349 8
2349 3886 13
3886 1855 9
1855 3714 15
3714 3010 13
3010 1276 15
1276 2345 16
2345 908 19
908 4770 9
4770 1391 10
1391 3276 8
3276 2653 9
2653 3919 11
3919 3347 3
3347 4348 8
4348 1230 9
1230 476 17
476 2279 16
2279 1995 10
1995 4219 12
4219 3883 3
3883 1279 4
1279 3851 18
3851 1936 20
1936 2162 19
2162 4520 3
4520 2668 9
2668 101 12
101 2790 9
2790 1332 13
1332 1200 7
1200 3173 3
3173 1199 10
1199 2415 4
2415 1325 11
1325 4131 20
4131 1342 19
1342 4419 16
4419 3915 14
3915 4959 12
4959 4771 5
4771 2061 13
2061 855 16
855 2336 16
2336 4600 2
4600 4838 12
4838 2037 18
2037 4833 4
4833 3831 17
3831 4114 11
4114 4856 16
4856 2280 2
2280 182 4
182 3878 10
3878 1518 1
1518 4965 5
4965 4193 19
4193 3604 4
3604 2815 13
2815 2183 18
2183 2559 16
2559 1469 5
1469 2870 1
2870 1022 12
1022 1447 10
1447 4049 2
4049 3060 14
3060 1847 4
1847 4264 10
4264 3928 4
3928 4145 20
4145 227 6
227 1664 3
1664 4778 3
4778 1629 11
1629 3311 10
3311 2693 19
2693 462 5
462 1792 9
1792 2248 11
2248 68 7
68 431 11
431 3913 14
3913 4490 3
4490 1868 12
1868 3104 5
3104 3531 16
3531 2217 13
2217 2683 19
2683 4629 8
4629 1830 16
1830 1964 3
1964 4593 9
4593 914 10
914 3412 14
3412 3822 11
3822 1679 14
1679 2575 7
2575 2439 15
2439 1627 5
1627 1579 17
1579 3600 4
3600 3186 14
3186 4120 16
4120 2450 19
2450 1364 3
1364 3057 14
3057 4295 5
4295 3046 17
3046 2400 2
2400 624 1
624 3555 7
3555 2638 16
2638 2441 13
2441 4664 10
4664 2374 16
2374 63 13
63 3337 5
3337 2966 13
2966 3022 13
3022 3096 7
3096 4802 17
4802 4488 3
4488 3184 13
3184 1091 18
1091 426 11
426 4661 4
4661 4176 11
4176 3391 3
3391 1712 11
1712 253 8
253 1309 7
1309 568 7
568 558 3
558 1452 1
1452 1733 18
1733 3530 15
3530 2118 5
2118 449 20
449 742 16
742 3544 13
3544 3198 11
3198 1918 2
1918 2359 3
2359 2799 3
2799 1171 13
1171 3129 14
3129 3121 20
3121 2993 5
2993 4300 14
4300 171 13
171 3345 6
3345 4030 14
4030 3182 20
3182 2837 3
2837 677 15
677 1772 5
1772 1944 15
1944 2238 18
2238 3248 14
3248 3968 12
3968 3101 11
3101 3373 15
3373 2976 5
2976 1920 12
1920 1946 8
1946 3342 1
3342 4427 18
4427 62 8
62 817 9
817 3092 16
3092 4824 12
4824 1812 10
1812 2131 13
2131 3568 15
3568 818 20
818 2369 14
2369 537 16
537 1175 13
1175 4481 10
4481 2551 1
2551 4952 18
4952 2036 5
2036 3089 5
3089 275 5
275 2350 4
2350 3201 2
3201 4389 4
4389 4719 8
4719 1457 11
1457 1154 5
1154 4648 5
4648 1286 2
1286 4825 11
4825 210 7
210 2025 16
2025 2753 20
2753 3841 20
3841 303 15
303 2464 14
2464 2 2
2 1152 10
1152 2505 12
2505 2823 17
2823 441 19
441 648 20
648 4634 11
4634 2910 17
2910 602 18
602 326 16
326 37 3
37 733 18
733 2449 18
2449 388 6
388 3924 4
3924 4318 11
4318 2709 3
2709 3581 4
3581 4446 15
4446 4005 9
4005 3916 15
3916 3368 1
3368 3149 9
3149 2639 10
2639 721 16
721 1307 19
1307 1336 2
1336 2836 18
2836 1875 20
1875 2133 15
2133 4122 18
4122 792 11
792 1294 6
1294 3045 3
3045 2640 16
2640 4730 5
4730 2657 10
2657 4096 3
4096 3331 6
3331 3800 15
3800 4790 1
4790 2389 18
2389 2568 6
2568 2691 7
2691 3279 16
3279 3963 9
3963 2720 13
2720 212 2
212 2276 20
2276 1567 8
1567 1291 5
1291 5000 18
5000 737 19
737 3191 13
3191 3911 17
3911 4537 9
4537 3361 6
3361 3630 16
3630 1210 14
1210 2648 2
2648 1821 1
1821 3159 17
3159 4346 10
4346 3250 16
3250 3359 11
3359 778 15
778 73 1
73 451 15
451 2887 20
2887 358 2
358 1537 9
1537 1018 10
1018 2567 6
2567 963 13
963 724 14
724 3921 14
3921 3864 2
3864 3821 20
3821 3636 4
3636 1235 19
1235 2311 12
2311 355 2
355 968 16
968 1376 2
1376 2981 16
2981 67 13
67 4034 9
4034 3027 14
3027 70 19
70 3535 6
3535 877 15
877 1870 12
1870 799 6
799 1388 8
1388 239 12
239 4403 2
4403 1407 17
1407 2601 14
2601 2916 15
2916 4121 9
4121 1526 11
1526 3576 20
3576 531 12
531 1887 16
1887 3905 11
3905 3049 20
3049 1443 7
1443 3688 6
3688 1347 11
1347 1651 11
1651 3133 9
3133 2011 19
2011 3061 6
3061 386 11
386 4717 2
4717 2309 6
2309 77 9
77 448 4
448 4105 9
4105 3767 9
3767 1955 4
1955 745 13
745 3872 15
3872 2901 10
2901 3971 13
3971 641 16
641 678 19
678 4656 13
4656 3346 9
3346 1658 18
1658 2259 5
2259 2298 8
2298 3051 4
3051 401 19
401 1478 14
1478 2586 1
2586 486 10
486 4442 17
4442 2321 6
2321 1474 20
1474 2090 4
2090 3343 14
3343 1226 6
1226 244 4
244 598 1
598 2795 16
2795 1394 12
1394 1263 4
1263 311 16
311 2398 2
2398 1971 7
1971 1736 2
1736 3766 7
3766 517 9
517 4591 15
4591 492 8
492 3364 16
3364 2705 12
2705 1282 18
1282 3650 1
3650 4317 3
4317 1468 6
1468 3789 17
3789 2554 19
2554 170 16
170 1987 3
1987 3348 6
3348 1578 16
1578 1574 16
1574 856 10
856 2257 15
2257 4608 7
4608 2517 8
2517 3834 2
3834 2473 3
2473 395 9
395 4325 4
4325 1466 9
1466 3898 8
3898 236 14
236 4775 14
4775 952 18
952 153 7
153 1601 13
1601 4083 2
4083 2448 4
2448 3552 16
3552 4100 3
4100 768 5
768 4990 15
4990 1 2
1 155 13
155 3760 20
3760 4215 5
4215 255 17
255 1739 16
1739 4363 19
4363 3501 18
3501 1576 16
1576 4494 5
4494 33 9
33 780 6
780 4079 9
4079 4589 6
4589 1219 4
1219 3556 13
3556 717 20
717 2328 20
2328 2896 6
2896 1432 18
1432 3365 5
3365 2524 4
2524 99 3
99 1628 19
1628 483 16
483 3397 16
3397 2589 20
2589 1321 6
1321 4037 16
4037 1120 13
1120 2150 20
2150 4135 1
4135 1172 11
1172 28 5
28 2498 7
2498 1906 1
1906 2485 4
2485 4405 5
4405 4933 3
4933 2075 7
2075 2214 3
2214 4822 11
4822 2157 17
2157 1643 5
1643 870 14
870 2784 11
2784 1299 15
1299 1437 16
1437 2408 7
2408 2923 5
2923 1585 7
1585 3966 12
3966 2104 9
2104 176 14
176 4230 13
4230 4022 19
4022 1005 15
1005 1083 3
1083 2624 10
2624 477 4
477 3069 16
3069 1497 19
1497 697 17
697 1149 16
1149 138 1
138 322 6
322 491 1
491 3297 10
3297 711 19
711 3633 9
3633 4444 9
4444 2286 12
2286 2083 19
2083 2356 15
2356 1481 4
1481 4903 20
4903 2835 6
2835 2918 13
2918 837 13
837 4491 10
4491 1768 9
1768 2019 15
2019 2031 5
2031 2899 7
2899 47 14
47 1337 19
1337 306 19
306 4368 12
4368 684 17
684 1246 20
1246 3492 7
3492 2093 3
2093 3990 14
3990 4330 11
4330 653 10
653 2419 10
2419 437 20
437 3162 19
3162 3873 9
3873 35 9
35 1134 7
1134 3917 12
3917 4963 14
4963 3267 2
3267 3393 18
3393 2186 17
2186 4218 14
4218 3999 2
3999 2884 20
2884 2840 20
2840 3836 11
3836 3597 20
3597 3188 2
3188 1303 5
1303 1510 9
1510 4092 14
4092 2502 9
2502 3713 6
3713 370 14
370 4033 20
4033 1032 11
1032 4278 19
4278 3232 5
3232 4696 5
4696 118 14
118 4076 15
4076 1975 20
1975 1625 1
1625 4860 14
4860 989 11
989 3449 11
3449 4616 8
4616 4288 19
4288 3116 20
3116 2754 9
2754 4693 19
4693 2410 5
2410 2955 5
2955 4713 3
4713 3815 19
3815 669 10
669 4181 20
4181 4627 1
4627 352 4
352 1281 8
1281 2689 10
2689 515 9
515 1438 18
1438 1464 6
1464 725 19
725 2469 9
2469 2964 18
2964 1810 7
1810 3357 17
3357 2307 16
2307 3828 12
3828 2004 16
2004 263 9
263 1413 10
1413 2878 14
2878 3779 17
3779 4271 3
4271 1596 7
1596 2996 10
2996 604 16
604 3327 3
3327 1693 12
1693 4611 14
4611 3897 16
3897 158 6
158 3363 8
3363 2610 15
2610 1373 16
1373 5 1
5 3278 15
3278 1076 6
1076 4013 16
4013 103 11
103 2690 10
2690 1963 3
1963 3561 10
3561 2234 6
2234 4127 18
4127 4256 13
4256 2946 6
2946 4301 15
4301 4445 7
4445 2948 8
2948 2762 13
2762 4928 20
4928 2530 15
2530 1997 8
1997 2786 6
2786 2342 3
2342 2891 18
2891 2603 19
2603 4772 8
4772 3360 8
3360 189 9
189 2515 12
2515 4620 6
4620 4794 8
4794 1762 15
1762 179 12
179 2768 15
2768 1558 9
1558 1564 20
1564 1505 2
1505 3065 18
3065 349 17
349 4395 14
4395 4183 8
4183 1626 11
1626 783 18
783 4585 11
4585 3641 18
3641 143 13
143 1610 6
1610 637 12
637 302 18
302 3109 3
3109 4812 7
4812 1622 16
1622 3948 2
3948 130 18
130 2258 16
2258 4607 12
4607 1284 2
1284 2618 3
2618 1988 10
1988 402 16
402 1328 20
1328 1037 1
1037 2594 7
2594 3668 6
3668 672 11
672 3849 17
3849 3920 1
3920 3737 18
3737 29 19
29 3514 8
3514 3681 13
3681 2747 11
2747 4286 8
4286 4168 18
4168 93 10
93 2676 4
2676 4229 12
4229 135 19
135 2824 12
2824 4921 2
4921 3259 20
3259 4261 19
4261 3776 13
3776 2710 20
2710 4930 5
4930 3620 10
3620 764 18
764 1369 15
1369 784 20
784 3494 19
3494 4307 5
4307 1488 1
1488 2725 5
2725 524 9
524 4388 20
4388 3601 10
3601 1236 2
1236 4635 8
4635 4606 20
4606 1331 1
1331 4834 9
4834 3296 6
3296 2176 19
2176 1190 6
1190 985 5
985 4995 13
4995 3707 12
3707 1228 1
1228 243 11
243 444 2
444 108 9
108 2185 17
2185 2443 8
2443 2165 8
2165 3291 18
3291 538 17
538 4438 9
4438 4385 14
4385 2414 4
2414 3448 20
3448 1419 6
1419 2134 10
2134 506 7
506 241 1
241 315 13
315 4160 17
4160 683 4
683 2006 2
2006 1669 11
1669 1061 6
1061 3932 17
3932 3084 16
3084 31 2
31 4147 7
4147 2153 16
2153 3784 7
3784 4364 20
4364 3947 10
3947 4260 4
4260 1856 15
1856 1959 8
1959 1911 2
1911 4760 5
4760 4025 10
4025 3146 17
3146 520 19
520 3710 6
3710 1027 14
1027 674 18
674 964 19
964 2304 3
2304 4801 7
4801 3187 15
3187 4238 3
4238 1255 1
1255 468 17
468 1153 4
1153 3558 14
3558 569 7
569 4406 4
4406 4573 2
4573 852 19
852 1568 9
1568 1536 15
1536 2222 17
2222 1239 1
1239 4430 2
4430 1458 19
1458 3461 15
3461 3728 4
3728 801 20
801 381 9
381 3081 15
3081 1956 20
1956 2856 3
2856 1907 12
1907 2960 14
2960 2844 18
2844 1877 16
1877 798 7
798 3614 2
3614 461 13
461 528 11
528 4516 8
4516 1662 9
1662 4233 2
4233 1011 10
1011 4177 9
4177 3682 1
3682 608 8
608 613 13
613 2873 8
2873 1059 10
1059 1553 13
1553 2566 2
2566 4429 10
4429 4701 10
4701 4927 13
4927 4528 2
4528 1896 8
1896 3586 9
3586 1051 6
1051 1805 5
1805 2472 6
2472 1826 13
1826 3609 2
3609 4982 17
4982 2939 3
2939 1801 9
1 4215 2
2 648 9
2 4634 5
2 441 5
2 2823 2
2 2910 1
3 1769 4
3 2200 2
4 984 3
4 4793 8
4 2829 2
5 1076 10
5 4013 8
5 2690 1
5 103 2
5 1963 3
6 1176 7
6 2821 9
6 4029 9
6 418 10
6 1081 6
7 1248 3
7 1485 9
7 2794 3
8 4846 1
8 4879 1
9 3429 2
9 958 3
9 1517 8
10 4809 2
10 4764 6
11 4509 7
11 612 5
11 950 6
11 2371 3
11 83 2
12 1608 4
12 2764 8
13 4375 2
13 2936 8
14 452 4
14 4137 1
15 4052 3
15 1751 6
15 4471 1
15 730 9
15 1860 4
16 4450 9
16 999 10
16 1892 2
16 3704 8
17 1897 8
17 1218 1
17 4628 7
18 1678 10
18 1978 8
18 731 10
18 3729 4
18 2495 10
19 2021 10
19 4379 4
19 2565 5
19 3679 5
19 504 9
20 247 1
20 472 9
20 2147 9
20 758 4
21 1957 8
22 1270 2
22 4705 3
22 1427 6
23 1185 6
23 3083 3
23 1126 6
24 4907 9
24 1400 10
24 1232 9
25 1412 5
25 2334 7
25 4926 8
25 4957 4
26 1921 6
26 4309 2
27 2599 1
27 84 8
27 2352 9
27 3048 5
27 3906 9
28 1906 10
28 4405 10
28 4933 1
29 3681 1
29 93 6
30 955 5
30 3003 2
30 1381 5
31 2153 9
31 4364 2
31 1856 4
31 3947 3
31 3784 6
32 2445 10
32 1931 10
33 2328 7
33 3556 5
33 717 3
33 4079 8
34 1890 4
35 3917 9
35 4963 1
35 3393 6
35 2186 3
36 3818 1
36 4048 4
36 1261 9
37 3924 8
37 3581 10
37 388 10
38 2963 6
38 1074 9
38 3266 8
39 1181 8
39 642 10
39 771 6
40 69 3
40 288 1
41 485 4
41 513 3
41 2917 6
41 2584 1
41 3669 8
42 2535 7
42 165 3
42 4638 5
42 2331 2
43 4376 9
43 4643 9
43 2806 5
43 3663 3
43 1370 1
44 1604 10
44 3996 8
45 554 3
45 4604 2
45 4342 6
46 503 1
46 435 5
46 854 3
46 3619 10
47 306 2
47 684 4
47 4368 6
47 3492 4
48 2759 4
48 1565 9
49 324 8
49 732 4
49 2226 1
49 831 5
50 2484 4
50 1667 10
50 285 3
51 4097 3
51 861 1
52 465 10
52 595 4
53 3627 9
53 1550 6
53 359 10
54 1649 8
54 3131 6
55 2097 4
55 2457 5
55 4008 6
56 4268 6
56 1592 5
57 1455 3
57 2868 10
58 1137 7
58 3858 3
58 2021 9
59 3524 1
59 3685 8
59 4894 2
59 163 2
59 4755 10
60 235 8
60 3952 6
60 1316 8
60 1353 6
61 3610 6
62 818 10
63 2966 3
64 175 6
64 3163 9
64 1424 10
65 3541 8
65 1893 4
66 4854 4
66 4018 5
66 4362 6
66 948 1
67 3027 5
68 3531 7
69 1148 1
69 3549 7
70 4403 10
71 1043 1
71 1969 10
71 438 9
72 3243 6
72 463 1
72 1822 7
72 2033 9
73 1537 6
73 358 2
73 1018 8
73 2567 2
74 2067 2
75 3030 4
76 1594 5
76 245 3
76 1274 8
76 4632 9
76 232 1
77 4105 7
77 3767 7
77 1955 8
78 3263 4
78 4740 5
79 560 7
79 4944 2
79 2999 2
80 3648 6
80 1480 8
80 1270 8
80 1427 8
81 4839 6
81 4911 9
82 688 5
82 3231 1
83 416 4
84 2906 8
84 1929 8
85 3580 8
85 96 10
86 1208 8
86 4089 5
86 4285 2
86 1164 2
86 2161 10
87 394 6
87 2940 1
87 2346 1
87 2140 9
87 3742 5
88 4188 9
88 942 5
88 348 1
88 3367 10
88 4721 3
89 4303 2
89 1177 1
89 4885 2
89 807 2
89 372 8
90 2549 1
90 114 4
90 3252 7
90 3396 9
91 2044 9
92 3163 5
93 4921 7
93 2824 2
94 2715 9
94 1380 8
94 947 3
94 1781 4
95 186 6
96 1023 3
96 2950 3
96 2267 10
96 3460 5
97 545 6
97 1206 2
97 3319 3
98 3315 2
98 1841 7
98 822 10
98 2361 6
99 1120 3
100 416 7
101 1200 1
101 1199 4
102 2184 1
102 1418 2
103 2946 8
104 2267 7
104 2950 5
104 3211 4
104 4198 7
105 1201 9
105 1972 4
105 1000 7
105 2674 1
105 2508 7
106 1528 5
106 586 7
107 4203 8
107 2592 1
107 2825 7
107 647 8
107 4017 3
108 538 4
108 2165 8
109 2778 2
109 922 10
110 2652 5
110 2160 8
110 1815 5
110 3304 2
110 2771 5
111 2577 9
111 744 9
111 2406 8
112 1267 8
112 4970 10
113 4674 8
113 1441 1
113 828 7
114 1819 6
114 4773 9
114 3396 3
115 2675 8
115 2302 6
115 1340 3
116 3726 2
116 3064 2
116 2849 5
116 3529 1
117 865 2
117 2816 6
117 3774 7
117 4642 7
117 2859 4
118 4860 8
119 2467 1
119 3526 2
119 701 5
119 151 9
119 1514 8
120 4397 9
120 1869 3
120 1384 10
120 1267 6
120 4764 8
121 3418 7
121 813 9
121 1374 9
121 3316 9
121 3805 3
122 3094 1
123 3602 2
123 2313 6
123 1901 8
123 4139 4
123 860 7
124 2382 2
125 815 5
125 3272 8
126 4244 3
126 713 8
126 408 7
126 2734 9
126 2949 2
127 1676 8
127 619 10
128 1401 8
129 2372 6
129 4024 6
130 1328 3
130 2618 9
130 1988 3
130 1284 1
130 402 9
131 3631 6
131 1000 6
131 872 9
131 1201 1
132 1008 10
132 1496 8
132 4377 7
132 1163 9
132 730 6
133 2929 6
134 4038 9
134 4055 10
134 4839 10
134 1047 3
135 4930 4
136 4956 7
136 1086 5
136 3533 2
137 2465 9
137 1068 8
137 249 3
137 2834 8
137 1504 8
138 3633 5
139 2373 6
139 2759 7
139 1021 6
139 181 4
140 4601 5
140 1612 6
140 4109 3
141 4562 2
142 1929 5
142 3909 6
143 302 7
143 637 8
143 1622 7
144 2204 3
145 563 9
145 1572 4
145 313 3
145 2442 6
146 1808 1
147 2418 6
148 3145 6
148 4161 4
149 3780 5
149 2471 2
149 2018 6
149 3127 8
150 4795 6
150 3330 1
151 1494 8
151 4011 1
151 2656 10
151 4592 6
151 1463 5
152 3392 9
152 2947 6
152 1636 5
152 3967 9
152 957 5
153 4100 8
153 2448 7
153 768 2
153 3552 8
153 4990 9
154 403 8
155 3501 4
155 1576 9
155 4363 7
155 255 1
156 4924 7
156 1277 6
156 2422 1
156 4553 10
156 1306 4
157 484 9
157 420 9
157 3584 3
157 3940 2
157 3158 7
158 2690 5
158 2946 10
158 2234 4
158 4301 10
159 1267 3
159 4809 3
159 591 10
159 4397 6
160 2785 9
160 2909 6
160 823 4
160 318 4
161 3019 9
161 3431 2
162 1002 8
162 238 8
163 2038 4
163 4657 4
163 464 8
163 862 8
164 2190 3
164 749 1
164 3148 8
164 1492 2
165 2512 7
165 2327 6
166 4217 2
166 4768 1
166 4551 7
166 2892 1
167 3506 4
167 2281 8
167 1436 4
167 2647 1
168 22 9
168 2508 6
169 450 10
169 3755 4
169 2765 10
170 3348 6
170 1574 2
170 856 3
170 1578 1
171 677 10
172 2111 2
172 4015 5
172 1069 9
172 4202 7
173 4777 5
174 2590 9
174 1637 7
174 3805 4
174 3316 6
174 3418 2
175 4536 7
176 4022 3
177 1380 4
177 3987 5
177 947 1
178 4062 8
179 1564 1
179 349 8
179 1505 6
179 3065 4
179 1558 1
180 2458 6
181 4327 7
181 3680 7
182 4193 3
183 18 9
183 731 9
183 2370 9
183 1978 10
183 4876 6
184 2335 10
184 1752 10
184 3294 8
184 1339 6
185 3827 3
185 881 3
185 2315 7
185 3985 3
186 4185 2
186 2079 9
186 4906 8
186 3426 2
187 3885 4
187 933 5
187 21 7
188 1363 9
188 3509 4
188 2737 9
188 4830 2
189 3065 4
189 349 5
190 290 2
190 1101 10
190 445 5
190 248 2
190 1695 6
191 2513 9
191 2396 5
191 4221 8
191 1078 1
191 826 10
192 3546 10
193 4574 10
193 4964 8
193 2503 9
193 1635 9
194 1588 6
194 2387 2
194 3310 1
194 2417 4
194 1993 4
195 4524 2
195 3408 6
195 4277 7
195 2496 4
195 2433 10
196 2855 3
196 2155 1
196 3674 3
196 4523 7
197 234 4
197 2372 8
197 4142 7
197 4024 7
197 3398 10
198 4281 4
199 1315 1
199 3912 4
199 4740 8
200 406 5
201 564 5
201 2922 6
201 2512 8
202 3889 9
202 2294 7
202 1141 9
202 3684 5
203 374 8
203 1420 4
203 1383 10
204 3392 5
205 57 9
205 2057 7
205 4404 8
205 875 4
206 1942 5
206 4577 10
206 3596 10
206 2401 9
207 1414 1
208 512 4
208 2038 1
208 4657 4
208 3741 5
208 2109 3
209 2646 6
209 702 3
209 4687 5
209 469 7
210 1152 4
211 413 9
211 4614 6
212 5000 8
212 737 4
212 1291 8
212 3911 7
213 4284 7
213 4417 8
214 4538 10
214 4587 4
214 1292 3
214 3063 10
215 2930 10
216 1530 6
216 1687 2
217 4849 10
217 4829 2
217 3692 2
218 3573 1
219 466 1
220 4345 9
220 4154 2
221 419 10
221 1716 7
221 1546 5
221 1589 9
222 4508 3
223 3699 3
223 4439 3
223 1013 7
223 541 2
223 2098 1
224 3196 3
224 1339 2
224 1752 2
224 2335 5
225 2379 10
225 3900 3
225 3748 1
226 3725 1
226 2393 10
226 848 9
226 3371 9
227 1792 3
227 1629 7
227 4778 5
227 462 6
227 3311 6
228 4400 8
228 2706 8
229 3200 4
229 4774 9
229 4565 8
229 2245 4
230 317 2
230 3377 6
230 3453 3
230 4603 9
230 4493 8
231 3032 6
231 2630 2
231 2942 1
232 4813 8
232 1274 1
232 2627 8
233 424 9
233 2968 1
233 887 8
234 4804 4
234 2739 3
234 2372 6
235 1922 7
235 941 1
235 3941 5
235 3952 9
235 2645 5
236 768 2
236 3552 5
237 1112 7
238 2219 9
238 1477 7
239 3576 3
240 525 9
241 4160 5
241 2006 1
242 2142 6
243 4385 2
243 3448 10
243 2443 7
243 3291 7
244 1263 2
244 2795 4
244 1394 7
244 2398 5
245 3356 3
246 3579 10
246 3085 5
246 753 9
247 4695 5
247 2868 6
247 205 10
248 3293 1
248 1695 3
249 2387 2
249 194 3
249 2054 10
249 3310 7
249 1588 6
250 2156 4
251 4382 8
251 3811 1
251 800 1
252 2365 4
252 3775 2
253 3530 1
254 3370 2
254 4741 8
255 4079 1
255 3501 9
255 717 7
255 4363 3
255 33 6
256 1221 10
256 757 2
256 4796 6
256 42 7
257 412 7
257 929 1
258 4184 6
258 1174 4
259 1214 4
259 387 1
259 2016 6
259 1001 7
260 3703 9
260 1989 2
261 2757 7
261 3263 1
262 4805 6
262 2506 7
262 229 2
262 3740 5
262 3743 8
263 2996 10
263 2878 10
263 3779 7
263 1596 4
263 4271 6
264 3428 9
264 4159 7
265 2816 8
265 117 3
265 4396 5
266 2574 4
266 825 2
266 3208 6
266 425 10
267 4464 7
267 645 9
267 2902 6
268 4248 10
268 2089 4
268 3733 2
268 3390 2
268 3469 7
269 1784 10
269 4850 10
270 675 5
271 2273 9
271 966 9
271 4476 9
271 4715 5
272 4172 8
272 2088 4
272 1924 3
272 1020 10
273 4132 10
274 3440 8
275 1457 9
275 1154 6
276 364 1
276 858 6
276 4877 6
276 404 9
276 3823 8
277 3910 6
278 2797 3
278 1852 8
278 4718 1
278 3269 1
279 3341 2
279 4816 8
280 3443 9
280 2597 3
280 2305 5
280 2283 7
280 2269 1
281 2860 3
281 3190 6
281 3076 3
282 4675 2
282 1820 1
282 4710 8
282 340 3
283 223 4
283 3699 5
283 3869 4
283 4439 8
284 43 4
284 4158 6
284 4087 7
284 1326 7
285 1667 5
285 1745 2
285 3253 1
285 909 5
285 4101 5
286 4623 2
286 2514 9
286 2187 6
287 39 4
287 2743 8
288 3508 10
289 1019 9
289 3458 6
289 2228 4
290 562 3
290 1101 10
290 3894 7
290 1695 10
291 1020 9
291 2088 2
291 1924 2
292 779 9
292 397 1
292 3306 7
293 3909 5
294 3372 5
294 675 6
295 327 1
295 2553 4
296 466 9
296 2755 3
296 3164 2
297 4885 8
298 4009 3
298 2630 10
298 342 9
298 215 9
299 1611 9
299 3398 7
299 343 8
299 1423 8
299 588 5
300 1008 6
300 4377 8
300 4916 4
301 4532 8
301 1638 3
301 3166 6
301 1114 4
302 1284 4
302 2618 4
302 3948 6
303 2910 2
303 3924 7
303 602 7
303 733 10
303 648 10
304 977 5
304 1125 6
304 3075 10
305 3747 9
305 2626 9
305 2941 9
305 1609 10
306 1246 4
306 3492 3
306 684 7
306 4330 8
306 2093 6
307 3095 9
307 4085 3
307 2988 2
308 1835 5
308 2886 1
308 1867 7
308 133 10
309 1057 3
309 4762 4
309 4415 2
309 3153 8
309 3655 5
310 1882 5
311 1971 1
312 3374 5
312 2956 4
312 471 1
312 3428 5
312 3180 6
313 3809 5
313 2156 4
313 2671 8
313 4050 2
313 250 2
314 644 6
314 3351 10
314 4171 2
315 3084 9
315 1669 1
315 1061 10
316 2614 8
316 3560 7
316 1178 4
317 3377 3
317 2925 10
317 2995 2
317 4326 10
317 2312 1
318 3925 8
318 1212 6
318 3700 8
319 1046 3
320 1170 5
320 4280 5
321 1253 8
321 4584 3
321 2684 9
321 2132 3
322 711 1
322 2083 2
322 2286 8
322 4444 4
322 3633 6
323 3962 10
323 2392 2
323 12 2
323 3369 10
324 831 3
324 1162 7
324 3595 8
324 732 10
325 4478 1
325 4161 7
326 4318 7
326 3368 5
326 388 8
326 3924 1
327 2553 1
327 1689 4
328 2998 10
328 2458 1
329 330 1
330 2432 5
330 3551 10
330 4254 1
330 1070 9
330 2402 9
331 1317 8
332 3861 2
333 3028 6
333 4651 5
333 1053 10
334 3623 1
334 1570 2
334 1541 10
335 3860 4
335 4146 6
335 376 9
335 3044 1
335 2536 7
336 3247 9
336 658 2
336 3646 7
337 2064 5
337 547 6
337 4257 9
337 4483 3
338 1862 5
338 1090 5
338 582 5
338 2203 6
339 1240 10
340 1063 7
340 1242 9
340 4675 1
340 1833 9
341 4063 2
342 1545 3
342 917 9
342 4014 1
343 1010 8
343 4380 4
343 735 2
343 4769 2
344 89 5
344 1139 8
345 2699 9
345 759 1
345 238 7
346 223 9
346 803 6
346 3699 9
346 2360 1
346 4820 7
347 1064 6
348 4166 4
348 2712 7
348 3895 5
348 1902 4
349 1626 2
349 4585 4
349 783 3
349 143 1
350 4381 2
350 1799 5
351 3936 8
351 4580 7
352 1464 9
352 725 7
353 2877 10
353 3637 4
354 1965 5
354 2375 3
354 2677 2
354 2927 2
354 2067 7
355 4403 1
355 3027 10
355 67 3
356 3383 7
356 545 9
357 1933 9
357 4888 10
357 530 10
357 1459 2
358 3921 7
359 4712 9
359 1550 10
360 1168 10
361 1454 3
362 111 8
363 3698 7
363 1056 9
363 1434 4
363 3353 3
364 2588 5
365 1822 10
365 1025 3
365 1542 9
366 4951 3
366 2438 9
366 1132 6
366 1857 8
366 4134 6
367 2516 10
368 827 5
368 4303 5
368 2249 1
369 3824 1
369 3590 9
370 4696 6
370 118 2
370 4278 10
371 56 10
371 3804 5
371 740 1
372 4814 8
372 873 4
372 2561 6
373 2853 7
373 3874 8
374 2418 4
374 1383 8
374 1420 8
374 1224 9
374 4180 6
375 587 6
375 3832 1
375 4402 2
376 3930 7
376 1822 6
377 1970 9
377 3799 8
377 667 2
378 2377 8
378 4293 4
378 2903 2
379 2142 6
379 4969 7
379 242 1
379 540 7
380 3599 2
380 2509 7
381 1877 5
381 1956 5
381 2960 5
381 1907 3
381 2856 3
382 2733 2
383 1113 9
383 1517 6
384 1143 8
384 980 5
384 3155 4
384 3656 7
384 3701 8
385 971 6
385 2373 5
385 181 6
386 4105 2
386 2901 6
386 3767 4
386 745 2
386 1955 1
387 974 5
388 4005 7
388 3581 5
389 3794 3
389 3517 10
389 3484 10
389 1743 10
390 4511 10
390 967 1
390 2123 9
390 1182 6
391 338 6
391 2113 2
391 795 9
391 2767 2
391 1269 3
392 371 2
392 3592 5
392 880 1
392 2733 9
392 56 4
393 4081 9
393 2382 5
393 1401 8
394 1354 1
394 1681 9
394 125 7
395 153 6
395 4990 8
396 3866 7
396 2973 9
396 2373 1
397 1527 6
397 1229 10
398 254 9
398 3854 9
399 4507 8
400 1855 8
400 2349 3
401 2321 4
402 1037 7
403 1552 8
403 4319 1
403 1266 5
403 1459 7
403 530 3
404 2588 2
404 1071 5
404 3823 5
404 3376 1
405 4821 4
405 2284 8
405 3855 10
405 2730 4
405 1663 5
406 2810 1
406 4577 10
406 4574 10
406 4964 7
407 3401 10
407 1938 8
407 2007 9
407 3009 9
408 1671 8
409 3587 2
409 3983 10
409 4366 10
409 1631 8
410 2853 3
411 2073 6
411 741 8
411 1156 1
412 1846 2
412 4335 7
412 4912 3
413 896 10
413 4443 8
414 3639 3
414 4570 9
414 2418 6
414 127 3
415 1406 10
415 878 2
415 1624 3
415 1573 10
416 4950 5
416 4890 1
417 3541 1
418 2936 2
418 3387 3
419 4960 10
420 3214 7
420 881 1
420 3158 1
420 3584 3
421 1495 5
421 4202 1
421 4015 3
421 3721 7
421 310 7
422 1370 10
422 3663 4
422 4376 9
422 2806 7
422 411 9
423 1479 2
423 2251 8
423 4016 5
423 2992 10
424 2913 5
424 3313 4
424 3457 8
425 4876 6
425 731 9
425 907 3
425 825 1
425 2370 6
426 2118 7
426 3530 6
426 1309 10
426 568 9
427 2111 3
427 421 4
427 3721 1
428 895 1
429 1645 8
429 3639 6
429 1420 6
429 2367 3
430 4811 3
431 1868 7
431 2683 1
431 3531 6
431 4490 9
432 503 2
432 4852 6
432 435 7
432 2628 8
432 2274 1
433 25 3
433 4564 2
433 3959 10
433 2334 3
433 4957 3
434 192 10
434 966 5
434 1851 6
434 4715 7
435 3029 8
435 2751 1
435 854 10
435 3619 6
436 1890 6
436 85 4
436 2571 10
437 1134 1
438 1849 8
439 3437 3
439 2026 4
439 4123 10
439 4422 9
439 3880 9
440 1350 8
440 3618 3
440 3957 7
440 1623 7
440 797 6
441 4318 1
441 3581 9
442 555 10
442 4617 2
442 3547 6
442 2288 7
443 4806 8
443 3598 2
443 4840 8
443 2351 3
444 4438 2
444 2185 7
444 3291 1
444 4385 5
445 1695 1
445 562 8
445 3308 9
446 2880 2
446 3899 1
446 3282 6
446 1748 5
446 2403 2
447 1205 8
447 4486 4
447 1684 7
447 2470 6
448 2901 3
448 1955 10
448 745 2
449 3198 5
449 3544 4
449 1918 2
449 2359 10
449 1171 4
450 1953 5
450 4768 1
450 4551 8
450 166 6
450 2765 4
451 1235 10
451 963 10
452 2095 1
452 1416 6
452 1823 8
453 8 1
453 2199 6
453 4846 7
453 772 2
454 2434 9
455 279 2
455 4961 1
455 4816 7
455 606 9
455 4460 9
456 3063 7
456 600 1
456 1354 8
456 815 2
457 1571 9
457 3131 2
458 2963 6
458 973 6
458 2340 4
459 4766 10
459 2944 6
459 1670 3
460 4544 5
460 4791 6
460 2089 3
461 1662 10
461 4233 1
461 3682 9
461 4516 9
462 68 3
462 431 5
462 4629 9
463 2752 9
463 331 4
463 2900 1
463 1038 10
463 3578 5
464 1073 2
464 4006 5
465 561 3
465 605 2
465 1879 10
465 3820 3
466 1257 5
466 1346 10
466 1839 7
466 3164 10
467 4858 9
467 2914 10
467 2521 5
468 569 2
468 1568 2
468 852 5
468 3558 4
469 2789 4
469 2766 1
469 1657 3
470 3602 1
470 2607 6
470 1717 6
470 2313 9
470 2913 1
471 3374 7
472 205 3
472 758 1
472 2558 7
473 4581 9
473 2209 4
473 1042 10
473 4357 1
473 4575 5
474 2607 9
474 1974 2
474 3602 9
474 1901 2
475 627 4
476 3851 1
476 1936 4
476 3883 7
476 4219 7
476 1995 3
477 491 5
477 3633 10
477 1497 2
478 2611 10
478 2975 8
478 510 4
478 2658 10
479 3505 3
479 3210 7
479 3240 9
480 4745 10
480 945 10
481 1479 10
481 4293 9
481 3427 9
481 4016 8
482 4038 1
482 3344 10
482 949 8
483 1321 1
483 1120 8
483 2589 8
484 3940 7
484 2822 6
484 4204 5
484 3985 3
485 2584 9
485 3399 8
485 2783 7
485 3073 1
485 1475 4
486 244 1
486 2090 8
486 2321 3
486 3343 2
487 3956 9
487 1656 2
488 4682 4
488 2209 1
488 1042 6
488 4899 7
488 4581 4
489 195 7
489 3231 5
490 4439 4
490 2098 5
490 1013 7
490 3229 10
490 3699 8
491 2356 4
491 4444 6
492 4317 7
493 3557 10
493 4062 3
493 1441 5
493 178 2
493 4424 3
494 1783 2
495 2205 7
495 722 1
496 4251 5
496 2198 9
496 2268 8
496 4306 8
497 1454 6
497 1122 6
497 3765 10
497 361 10
497 1740 5
498 1075 3
499 4182 7
499 1715 9
499 7 6
499 829 1
499 4019 1
500 466 1
500 1257 3
501 3574 9
502 110 7
502 4972 10
502 1815 4
502 2595 8
502 3168 3
503 2028 3
503 854 6
503 407 6
503 4871 7
503 2007 9
504 3679 9
505 178 8
506 4364 7
506 2153 7
506 3932 1
506 1959 4
507 1619 2
507 1361 8
508 61 8
508 896 9
509 2409 5
509 1511 4
509 1741 4
509 3539 2
509 1311 2
510 1653 5
511 3679 9
512 4617 7
512 1073 4
512 3547 8
512 442 7
513 1475 4
513 4683 5
513 2783 10
514 4953 4
514 553 7
514 4107 6
514 838 2
515 1810 6
515 725 7
515 3357 7
516 1945 1
517 3364 8
517 3650 9
517 1282 10
518 4845 3
518 840 1
518 3123 7
518 1233 2
518 286 8
519 532 2
519 4808 10
519 1298 5
519 587 1
520 964 2
520 4801 7
520 3187 9
520 1027 7
521 796 8
521 1101 5
521 3909 1
522 2073 2
522 4158 8
522 2688 6
522 2806 1
522 4630 9
523 92 9
523 1145 8
523 64 2
524 4834 9
524 4606 1
525 2208 1
526 2661 3
526 4998 2
527 814 1
528 4233 8
529 3565 9
529 2101 4
529 3642 3
530 4779 5
531 1443 9
532 4173 9
532 4402 1
532 4503 9
533 4677 5
533 4458 8
534 3498 10
534 3553 10
534 1519 7
535 1174 2
535 3918 6
535 3670 9
536 4108 4
536 4588 6
537 2036 1
537 2551 8
537 275 9
537 4481 1
537 3089 1
538 506 5
539 3923 6
539 456 4
539 3105 1
539 2848 6
539 794 8
540 2052 5
541 1634 10
542 2708 3
542 1477 2
542 2219 2
543 4138 4
543 1116 9
544 2509 4
544 3599 7
544 2491 9
544 432 9
544 2384 9
545 3520 6
545 1884 1
545 990 10
545 3432 3
546 4596 3
546 2850 3
546 719 2
547 3394 4
547 926 2
548 4817 2
548 1417 2
548 361 3
548 1740 4
549 2935 3
549 2664 9
549 2555 1
549 4587 1
550 428 2
550 3034 8
550 1656 4
550 487 10
550 3881 3
551 365 6
552 2958 5
552 2719 8
552 2735 10
552 3843 2
552 4582 2
553 2178 1
553 2609 9
553 1223 1
553 4953 2
554 4886 7
554 2423 3
554 1839 7
554 3164 2
554 466 5
555 761 6
556 1205 4
557 2543 8
557 3674 10
558 3544 8
559 4782 9
560 3886 1
560 752 4
560 2167 2
561 4685 3
561 271 10
561 225 9
561 4190 4
562 3114 3
562 4194 9
562 1345 6
562 3906 5
562 2906 1
563 1522 6
563 4436 6
563 3722 7
563 313 10
563 1572 10
564 2393 7
564 226 1
564 1683 8
565 2826 3
565 2663 8
565 2560 6
565 1999 9
566 3371 1
566 3611 5
566 1064 7
566 2393 8
566 2117 10
567 266 8
567 4298 10
567 4467 7
567 511 10
567 3679 3
568 1918 4
568 3198 7
568 3530 3
569 1568 3
569 2222 2
569 1239 9
569 1536 8
569 4573 6
570 3888 3
570 3720 4
570 3912 8
571 4072 6
571 1786 8
571 1710 7
571 2211 6
571 2149 5
572 3664 9
572 1133 10
572 3254 2
572 3783 7
572 1512 2
573 2065 4
573 866 8
573 3445 5
573 4064 6
574 4349 7
574 3476 4
574 4562 3
574 1240 7
574 3499 8
575 1842 1
575 1247 6
575 1268 9
575 1085 7
576 2293 5
577 2067 5
577 2615 7
577 2988 6
578 3307 6
578 1157 5
578 1348 3
578 2915 6
579 4148 1
579 2055 10
580 4115 3
580 74 3
580 3271 4
580 1727 2
580 2890 3
581 49 10
581 948 10
582 2264 3
582 4660 7
582 3803 10
583 3270 4
584 1715 8
585 4706 3
586 2383 6
586 4186 1
587 1357 1
587 3832 6
587 4173 5
587 2864 10
587 3629 5
588 3126 4
588 1423 9
588 2000 4
589 4506 5
589 935 9
590 3826 4
590 2096 2
591 3238 5
591 2310 8
591 2135 7
591 3379 6
591 3136 2
592 4735 4
592 4297 2
592 1398 8
592 3727 7
592 91 8
593 1345 8
593 2906 2
593 2893 4
593 4194 2
594 3925 7
594 3696 1
594 3700 1
594 2909 9
594 160 4
595 4750 2
595 1366 1
595 4190 7
595 2273 5
596 2365 9
596 775 4
597 2167 2
597 3886 9
597 4944 10
598 311 6
598 1394 6
598 1971 2
598 2398 6
599 921 9
599 3830 9
599 3605 7
600 1538 8
600 3063 5
600 4409 8
600 1354 8
601 1668 8
602 4005 1
602 37 2
603 2323 2
603 1623 10
603 3957 1
603 2660 9
603 948 6
604 158 7
605 4476 3
605 2379 3
605 966 3
606 1742 8
606 1976 3
606 657 5
606 1516 5
607 1415 8
607 2262 2
608 2873 8
608 1059 1
608 4701 5
609 4285 3
609 2161 4
609 1164 6
609 755 9
610 2800 4
610 1506 2
610 3548 1
611 4036 2
611 2177 7
611 712 4
612 2613 1
612 4560 1
612 416 9
612 1108 2
612 4950 4
613 4701 3
613 4429 6
613 4927 3
613 1553 1
614 3652 8
615 2560 10
615 2663 9
616 4710 9
616 1220 4
616 3372 2
616 3054 9
616 4828 2
617 2242 2
618 1663 1
618 2730 4
619 1095 6
619 891 6
619 869 1
619 774 7
619 4823 1
620 3107 4
620 4923 7
620 2179 5
620 1080 6
621 4712 10
622 3637 5
623 4919 5
623 3493 1
623 2820 6
623 4266 6
623 3914 7
624 3337 1
624 2374 1
624 2441 10
624 2638 5
625 1886 1
625 4047 7
625 4095 3
625 3824 10
626 3526 7
626 1514 3
627 3762 5
627 4529 8
627 4208 5
627 1779 2
627 2938 1
628 2080 7
629 1630 1
629 1617 3
629 2852 4
629 617 1
630 4007 7
630 3536 5
631 2861 1
631 12 5
632 2650 8
632 4247 5
632 1145 10
632 4536 1
632 1424 8
633 1015 1
633 3142 8
634 4126 9
634 276 7
634 754 10
634 2588 1
635 688 7
635 3442 2
636 2602 2
636 1909 8
636 3106 5
637 1622 10
637 4607 2
637 3668 8
637 402 3
637 4812 7
638 3624 2
638 4217 4
638 3755 1
638 3433 7
639 3980 5
639 1940 7
639 2984 1
640 2161 8
640 4089 2
640 4896 3
640 2343 2
641 4656 7
641 3346 2
641 2259 9
642 4384 3
642 2460 4
643 2889 8
643 2788 10
643 4019 3
643 4731 7
644 834 9
645 1135 3
645 2902 10
645 4464 2
646 4536 2
646 2076 7
646 1429 7
647 4298 4
647 511 3
647 425 5
648 4005 8
648 2910 5
648 326 1
649 4014 1
649 2930 5
649 3197 3
650 1240 7
650 3476 1
651 2845 8
651 4097 7
651 3720 6
651 861 7
652 1674 3
652 3169 7
652 3538 1
652 2744 2
652 1379 8
653 3162 4
653 4218 3
654 475 6
654 2143 10
655 940 6
655 2760 2
655 3437 1
655 659 9
655 2026 2
656 3702 9
656 4543 5
656 3093 10
656 2454 5
656 4136 8
657 1516 6
658 3802 2
658 576 3
658 3287 6
658 1764 10
659 940 3
660 1349 10
660 1605 7
660 1554 9
660 1939 3
661 2521 1
661 4858 2
661 4371 2
661 2991 1
661 559 8
662 4109 1
663 3152 4
664 3672 3
664 1773 6
665 2233 1
665 4521 5
665 2983 3
665 816 7
666 3292 2
666 4716 2
666 2722 6
666 1990 2
666 3080 6
667 1104 8
667 1928 5
667 2042 5
667 2474 1
668 4960 3
668 2866 10
668 1716 9
669 1281 7
669 2964 10
670 3249 4
670 2886 10
670 4956 7
670 308 9
670 2682 1
671 1301 8
671 2070 10
672 3737 4
673 1529 1
673 4382 6
673 3690 2
673 2094 1
673 800 8
674 1255 6
674 4238 3
674 4801 3
674 468 2
674 2304 8
675 4675 10
675 282 8
676 1237 2
677 3101 5
677 3373 8
677 1944 1
678 1658 7
679 2605 4
680 3330 8
680 150 7
680 4795 6
680 1917 2
681 3848 6
682 1379 8
682 2348 8
682 3538 2
682 4737 3
683 3932 4
683 3084 2
683 2153 3
683 1669 8
684 2419 9
684 3990 9
684 3492 1
684 2093 1
685 2245 8
686 2474 3
686 1448 4
686 2042 1
686 3829 6
687 639 4
688 2539 1
688 2496 4
688 3977 6
688 3408 8
688 1945 4
689 3375 9
689 4242 1
689 1977 6
689 4569 8
690 1357 8
691 4495 5
691 274 9
691 3846 9
691 3440 1
692 496 2
692 4101 3
692 1745 1
692 909 10
693 3937 9
694 874 9
694 4590 9
694 430 4
695 2287 4
695 2672 2
695 4414 8
696 2744 2
697 711 6
697 138 8
698 4173 9
699 805 10
699 1110 9
700 1047 2
701 763 7
701 1463 7
701 2656 8
701 4592 6
702 2789 1
703 4741 6
703 4333 1
703 1932 1
703 3839 8
704 4741 2
704 3854 4
705 3432 9
705 3497 6
705 3520 4
706 2064 3
707 2997 2
707 3764 3
707 2802 9
708 3137 9
708 3181 7
708 4727 2
708 2605 4
708 779 8
709 2958 10
709 2735 6
710 1095 7
710 774 1
711 4444 9
711 2083 5
712 3194 7
712 1202 2
712 3689 5
712 790 2
713 3015 9
713 408 9
714 4056 10
714 4416 7
715 1672 8
716 2663 4
716 2308 7
716 3993 5
716 2001 4
717 1432 8
717 1120 3
717 2896 9
718 571 8
718 2546 3
719 4118 1
719 1788 8
720 4734 3
720 2225 6
720 3500 1
720 3329 5
721 1875 1
722 2605 3
723 3979 10
723 3804 3
723 1562 7
724 2311 10
724 355 6
724 3821 2
724 3864 9
724 1235 9
725 3828 10
725 1810 3
725 2964 10
725 2004 7
726 2560 4
726 2376 3
726 2663 7
726 2106 10
726 615 3
727 3521 8
727 4067 6
728 4897 4
728 1012 8
729 747 3
729 3762 1
729 475 1
729 2938 5
729 3683 3
730 4052 1
731 2685 7
731 936 1
731 417 10
732 961 6
732 1874 8
732 3354 10
732 4854 1
732 4018 3
733 3581 7
733 388 8
734 4057 5
735 4380 5
735 1706 5
735 1010 9
736 345 1
736 1396 6
736 4078 3
736 759 1
737 3361 8
737 2648 5
738 4916 2
738 3635 8
738 592 6
738 4377 5
739 2882 5
740 56 8
740 3804 8
740 2440 7
740 956 5
741 1156 10
741 4071 5
742 3129 3
742 3198 10
742 2359 9
742 1918 7
743 23 1
743 991 3
743 4355 10
744 1326 8
744 4071 1
745 2259 6
746 3282 4
746 3899 6
746 1449 9
747 3224 2
747 3762 7
747 4529 8
748 2237 5
748 2951 8
749 1562 2
749 3592 8
750 3567 2
750 2525 1
751 1389 4
751 3117 7
751 4291 5
751 2173 5
751 704 8
752 1276 8
752 3714 3
752 2345 10
753 1033 6
753 3085 2
754 1104 3
754 2148 9
755 4285 9
755 2475 9
755 1208 7
755 4461 6
755 4089 4
756 4628 7
756 3564 6
756 1218 2
756 1343 1
756 3537 4
757 848 6
757 2393 1
757 226 7
757 201 7
757 165 1
758 875 1
759 2221 10
760 350 8
760 1799 9
760 599 8
760 4830 9
761 2951 3
762 1248 6
762 2961 8
762 4104 9
762 1485 9
762 4703 9
763 3918 8
763 1935 7
763 4592 7
763 258 5
764 3494 10
764 524 6
764 4307 6
765 2828 9
765 4547 7
765 3885 7
765 1544 8
765 4418 8
766 2702 4
766 2370 3
766 3679 4
766 4203 6
766 1649 2
767 308 3
768 3556 6
768 1120 8
768 3501 3
769 221 3
769 959 9
770 657 8
771 4734 7
771 2225 6
772 501 8
772 8 7
772 4879 6
773 2360 7
773 283 2
773 223 4
773 1013 7
774 1770 5
774 2027 7
774 891 4
774 1095 4
774 1165 4
775 2773 7
776 4507 6
776 3896 2
776 2593 3
776 3001 6
777 86 10
777 4896 4
777 4394 6
778 963 8
779 771 10
779 2136 9
779 642 4
779 4727 8
779 1889 1
780 2896 5
780 1120 10
780 2328 6
781 3996 2
781 44 1
782 2645 6
782 3941 7
782 1316 6
782 4313 1
783 3668 7
783 302 8
784 3601 6
785 4936 8
785 1393 10
785 1646 10
786 1734 7
787 4504 6
787 3550 4
787 4947 4
788 1803 10
788 900 1
788 822 1
788 3315 2
788 3413 5
789 3613 4
789 2368 4
789 1242 10
789 3054 3
789 4675 10
790 3941 9
791 3013 6
791 1451 7
791 4753 1
791 2071 4
791 3264 5
792 3045 7
792 2657 2
792 4096 6
792 3331 8
792 4730 6
793 3771 2
793 3632 8
794 87 5
795 4660 10
795 1269 7
795 3803 3
795 2203 4
796 3308 5
796 1088 7
797 1711 4
797 1350 10
797 1623 9
797 2224 1
798 608 2
798 4177 3
799 3049 5
799 3688 1
799 1443 3
800 2970 3
800 4751 4
800 48 8
800 3647 3
801 608 3
801 1011 7
802 4955 2
803 223 5
803 1709 5
803 2098 6
803 2486 9
804 4909 4
805 4595 7
805 1683 7
805 3144 3
805 2117 1
806 3542 3
807 830 8
807 2470 3
808 4161 2
808 1714 10
808 4841 3
808 148 9
808 3145 9
809 1767 10
810 3302 10
810 824 7
811 4028 7
811 3434 5
811 2773 5
812 2296 2
812 2095 9
812 3994 7
812 1823 10
813 2590 8
814 2895 7
815 3272 3
815 4409 5
816 4211 9
816 2233 3
816 341 8
816 2266 2
816 4878 8
817 1812 1
817 3568 5
818 4648 8
818 2036 2
818 537 7
819 3300 1
819 2622 9
819 3572 10
819 4066 10
820 3910 10
821 106 5
821 2553 2
821 3473 8
821 1528 10
822 2181 8
822 3840 2
823 2230 10
823 4454 8
823 3700 7
824 3922 7
824 3006 1
824 460 4
824 3926 10
824 4937 2
825 3475 8
826 716 8
826 2826 1
826 2663 8
827 4885 5
827 1222 4
828 2728 3
828 2516 1
828 3503 5
828 2723 3
829 4182 9
829 1248 10
830 4789 4
830 2316 1
830 4814 1
830 4410 7
831 2224 2
831 1711 6
832 1068 4
832 249 10
832 3245 7
833 2781 3
833 4200 6
834 993 2
834 3724 5
834 4676 9
835 3771 10
835 4891 8
835 820 1
835 3513 6
835 1405 6
836 2977 8
836 3207 10
836 3969 8
836 1569 8
837 3492 7
838 4953 1
838 1223 10
838 847 10
838 2756 10
838 2609 1
839 3559 7
840 4845 2
840 3123 4
840 2187 3
840 691 10
840 3270 6
841 4818 9
841 1390 6
841 102 3
841 4583 6
841 2843 1
842 2254 7
842 4767 3
843 3040 6
843 3299 4
843 3891 1
844 4425 3
844 646 4
844 92 6
844 4199 10
844 2650 7
845 4557 9
846 3534 9
846 1814 2
846 4519 6
846 4893 3
847 886 2
847 2756 4
847 162 6
848 3611 7
848 2117 1
848 1753 4
848 347 8
849 3569 1
849 3385 9
850 4641 7
850 643 9
850 4731 10
850 550 4
850 2889 3
851 2895 8
851 1930 10
851 814 1
851 1453 3
852 4430 3
852 1458 7
852 3461 2
852 1239 9
853 89 6
853 827 8
854 3029 9
854 3009 10
854 407 6
854 2007 3
854 3008 1
855 4838 10
855 2037 7
855 4114 3
855 3831 8
856 3834 6
856 153 2
856 2517 5
856 395 10
857 2229 2
858 1104 10
858 364 1
858 1071 3
859 4275 6
859 3537 9
859 946 4
859 2544 3
860 4746 4
860 1818 5
861 3888 10
861 261 10
861 2301 2
861 3720 7
861 1844 9
862 2701 1
862 3547 5
862 3741 2
862 4657 3
863 4968 7
864 457 7
864 4467 3
864 3131 6
864 417 10
865 4387 4
865 3774 2
865 2816 3
866 1804 3
866 610 4
866 1981 8
867 3643 4
867 3402 3
867 3674 7
867 4523 7
868 1016 4
868 4564 1
868 1412 3
868 4957 8
868 4926 7
869 188 9
869 2027 8
869 599 3
869 4823 4
869 891 7
870 1299 5
871 4867 3
872 2982 3
873 4486 1
873 2470 2
873 2316 1
873 4789 6
873 1205 3
874 291 3
874 859 9
875 3003 6
875 1198 2
875 3099 4
875 4695 7
875 955 3
876 4530 3
876 3910 5
876 2643 6
877 3133 1
878 4848 3
878 2932 7
878 1672 8
878 4684 7
879 3923 2
879 3063 4
880 1272 5
880 723 5
881 4043 5
881 1421 9
881 2822 5
882 1151 2
882 2945 4
882 2428 10
882 3140 8
882 4164 5
883 1089 10
883 771 9
883 4977 3
883 380 5
883 720 3
884 2942 10
884 215 8
884 892 5
885 1636 5
885 3925 1
886 2699 5
886 759 10
886 2243 2
886 1477 3
886 2962 5
887 4351 7
887 860 1
887 1818 4
888 2347 1
889 1670 8
889 2281 10
890 4564 9
890 1412 7
891 1799 4
891 1363 9
891 599 1
891 1872 6
892 2630 2
892 1545 5
893 4754 5
893 2426 2
893 3623 3
893 2989 9
894 4865 3
894 3781 2
894 3856 2
895 3034 10
895 643 3
896 1424 3
896 4692 6
896 632 10
896 61 7
897 3645 8
898 588 9
898 4258 8
899 4004 2
899 2256 2
900 2181 7
900 1803 4
900 2777 6
900 2146 7
901 2175 3
902 159 3
902 1479 7
902 2310 6
902 120 3
903 2080 7
903 4548 7
903 3213 3
903 4102 7
903 1489 4
904 3408 7
904 1426 8
904 195 1
904 1244 9
904 4216 3
905 2223 7
906 1508 3
907 3541 4
907 1825 5
908 4348 2
909 2268 7
909 2198 5
910 1743 10
910 3517 2
910 4437 5
911 1455 9
912 4118 10
912 4596 10
912 4975 5
912 4312 9
913 4495 5
913 4099 10
913 2952 8
913 1450 4
914 2575 7
914 2439 10
914 3822 3
914 1679 9
915 3983 6
915 4366 4
916 3403 9
916 3570 6
916 3340 6
916 1795 8
916 3295 6
917 1545 1
917 2817 1
917 1923 6
917 974 2
918 962 1
918 1227 8
918 2053 6
918 1900 6
919 3818 8
919 4048 6
919 36 3
919 2792 9
919 4539 7
920 3965 10
921 1828 9
921 4637 9
921 4381 8
922 2919 6
922 2898 9
922 1387 9
922 3677 8
923 1811 8
924 2152 7
925 2456 9
925 4496 10
925 460 9
925 2635 10
925 3006 8
926 3214 7
926 2278 3
926 3158 6
926 3584 2
927 3321 1
927 3052 8
927 4084 6
927 3039 5
928 2064 3
928 1925 8
928 4909 2
928 4257 1
928 3394 6
929 1908 6
929 3203 1
929 4335 8
930 3014 6
930 4143 1
930 2525 5
930 750 7
931 3380 1
931 4941 8
931 944 9
931 2828 10
931 765 4
932 495 6
932 722 10
932 292 10
933 3380 2
933 4418 2
933 944 2
933 1957 1
933 2928 9
934 2018 6
934 1747 4
934 4662 7
934 3127 4
934 2471 5
935 2889 2
935 895 6
935 3215 7
935 428 6
935 487 8
936 161 9
936 2934 6
936 3019 7
936 3474 3
936 3431 5
937 2154 7
937 1854 9
937 410 7
938 348 5
938 937 8
938 2812 2
939 4436 6
939 250 3
940 4367 3
940 507 6
941 3418 2
941 4958 5
941 1637 6
942 3895 8
942 3367 8
942 3607 9
943 4492 3
943 3912 6
943 4314 5
943 3263 4
944 3216 10
944 2318 7
944 71 2
945 1620 8
945 2149 4
946 1924 5
947 3987 8
947 2416 8
948 4151 2
948 440 4
948 797 3
948 2224 3
949 1047 5
949 3344 8
949 4911 8
949 4038 5
949 4055 3
950 1838 6
950 2413 8
951 2903 10
951 2992 9
951 4293 6
951 3718 6
951 2251 5
952 4135 4
952 3552 1
952 1120 10
953 394 10
953 4538 1
954 3436 9
955 3099 7
955 4394 5
955 111 1
955 4354 6
955 4285 1
956 2302 6
956 4797 6
956 1503 3
957 4435 9
957 3392 7
957 479 10
957 1636 2
957 3240 4
958 329 5
959 4960 3
960 3422 6
960 2696 6
960 3078 3
960 4212 8
961 1623 6
961 2224 3
962 3890 3
962 1905 4
962 4550 8
962 863 10
963 1407 10
963 4403 2
963 2981 1
963 2916 4
963 968 8
964 569 8
965 2211 10
965 1657 2
965 480 3
966 192 10
966 3960 9
966 2379 5
967 4511 7
968 3027 1
969 864 10
969 2748 10
970 1795 1
971 3866 1
971 4327 10
971 2582 4
972 2514 6
973 3790 9
973 1241 2
973 1833 9
974 494 10
974 1923 7
974 3566 2
974 1106 9
975 4633 9
975 666 7
975 4426 2
975 2218 2
975 3223 7
976 1582 1
976 3212 8
977 2218 10
977 814 8
977 2895 6
978 3866 7
978 4412 6
979 4416 4
979 2888 3
979 4098 4
979 714 3
979 1312 9
980 1320 10
980 2179 10
980 1451 5
980 3013 1
981 2704 8
981 2260 2
981 2308 2
982 2990 7
982 3033 7
982 1053 7
983 2906 1
984 3622 3
984 3402 10
984 4296 2
984 4527 10
984 3643 4
985 3448 10
986 4947 8
986 3495 6
987 2728 1
987 2516 7
987 3678 1
987 3557 2
987 1441 9
988 559 7
989 4693 1
989 3116 7
989 2410 7
989 2754 6
990 1575 10
990 4220 6
990 1884 5
990 4274 5
991 4289 5
991 1126 4
991 1185 2
992 1820 10
992 3054 7
993 3623 10
993 2989 4
994 2254 7
994 2412 9
994 2000 2
995 321 4
995 3764 9
995 2069 7
995 2032 4
996 1941 3
996 225 3
996 3900 9
996 3409 10
997 3408 9
997 2197 10
997 2862 3
997 688 2
998 2478 5
998 3798 6
999 1892 10
1000 1769 8
1000 2982 7
1000 4800 6
1000 2965 6
1001 1923 3
1002 542 1
1003 4296 2
1003 3643 7
1003 3674 5
1003 2155 3
1004 2402 8
1004 3429 7
1004 1613 5
1005 491 4
1005 2356 4
1006 116 10
1006 2903 3
1006 2779 8
1006 1479 1
1007 3044 7
1007 3930 4
1007 2536 2
1007 3860 1
1008 4916 2
1008 4672 4
1008 1615 9
1008 4578 1
1008 1163 3
1009 4815 7
1010 1706 10
1010 2412 7
1010 4767 8
1011 613 1
1011 2566 7
1011 4701 4
1012 850 9
1012 1604 4
1012 2170 6
1013 2669 5
1013 1876 1
1013 2486 6
1013 4777 1
1013 173 4
1014 774 5
1014 1165 9
1014 3509 5
1014 4823 5
1015 4662 1
1015 4459 6
1015 149 1
1016 2969 1
1016 1661 9
1016 202 10
1016 4470 10
1017 512 5
1017 163 10
1017 2483 8
1017 862 8
1018 1526 3
1018 3535 3
1019 670 7
1019 308 4
1020 4628 5
1020 2544 5
1020 4609 4
1021 1508 6
1021 2582 5
1021 4327 1
1022 3928 2
1022 4145 8
1023 3557 1
1023 505 9
1023 178 10
1023 4640 4
1023 2267 1
1024 2434 2
1025 1400 1
1026 200 9
1026 1362 4
1027 852 9
1027 1153 9
1027 4573 8
1027 381 8
1028 1193 3
1028 3007 7
1028 2531 7
1028 3575 2
1029 4226 9
1029 3079 10
1029 2444 8
1029 4555 1
1029 1876 7
1030 3052 9
1030 140 10
1030 4109 1
1030 1829 9
1030 4084 10
1031 4889 2
1031 4057 9
1032 4696 6
1032 2754 10
1032 4860 8
1032 3232 1
1033 603 5
1034 145 8
1034 4500 1
1034 1446 2
1035 2958 10
1035 2719 7
1035 4582 7
1035 1211 2
1036 2998 1
1036 3645 5
1037 3514 3
1037 29 1
1037 672 9
1037 3681 1
1037 2747 10
1038 2900 1
1039 2892 8
1039 2542 1
1039 1953 3
1039 3807 4
1039 3384 9
1040 2095 10
1040 2296 5
1040 3405 4
1040 2951 2
1041 353 4
1041 1385 4
1041 3637 7
1041 3265 8
1042 2477 5
1042 4518 8
1042 1647 4
1042 4357 2
1043 2290 6
1043 4557 10
1044 2254 6
1044 3126 6
1044 735 4
1044 343 6
1044 2372 8
1045 4372 8
1045 1499 8
1045 1849 4
1045 1802 3
1046 2532 5
1046 321 7
1046 2997 7
1046 995 10
1047 2513 7
1047 2663 1
1047 826 1
1047 2396 2
1047 4221 1
1048 4792 2
1049 2332 4
1050 2585 1
1051 2939 8
1052 1379 1
1052 4737 7
1052 2348 6
1053 4209 7
1054 2909 6
1054 213 1
1054 823 9
1054 1796 6
1055 4000 8
1055 1942 8
1055 2810 1
1055 1532 10
1056 4023 8
1056 2084 5
1056 1167 5
1056 3353 3
1057 1892 8
1058 2474 5
1058 404 7
1058 754 1
1059 4927 2
1059 2566 1
1060 3786 7
1060 2317 5
1061 1911 7
1062 4004 5
1063 69 1
1064 2468 2
1064 2545 10
1064 1125 1
1065 100 3
1065 4485 3
1065 4652 2
1065 4678 2
1065 2787 8
1066 1148 7
1067 2969 1
1068 194 1
1068 4612 1
1068 3310 2
1068 1891 8
1068 2387 5
1069 2111 7
1070 413 2
1070 1613 4
1070 2402 1
1070 2152 1
1071 1521 1
1071 3799 6
1072 3709 9
1072 3320 2
1073 442 6
1073 761 9
1073 555 6
1073 3405 7
1074 1242 1
1075 2605 5
1075 4512 1
1075 2743 5
1075 1216 2
1076 2762 3
1077 1439 6
1077 3295 5
1077 916 6
1077 1795 5
1078 4340 1
1078 2826 9
1078 1501 10
1079 1694 10
1079 3664 6
1080 3992 9
1080 2779 4
1080 591 10
1080 1267 10
1081 4029 3
1081 2541 1
1081 1176 3
1082 3774 5
1082 265 3
1083 1481 6
1083 1149 8
1083 138 3
1083 491 4
1084 2291 4
1085 772 1
1085 588 7
1085 8 3
1086 133 3
1086 4858 5
1086 661 7
1087 4525 7
1087 3750 3
1087 4840 7
1088 3048 3
1089 2740 4
1089 1415 8
1089 2522 4
1090 2264 8
1090 4660 10
1090 2203 9
1091 1452 4
1091 4176 1
1092 1599 10
1093 1539 6
1093 4776 8
1093 3626 5
1093 939 6
1093 4529 7
1094 4966 10
1095 4830 7
1095 1799 8
1095 350 1
1095 1363 6
1096 3595 7
1096 2660 9
1096 961 8
1096 3730 6
1097 1715 3
1097 4731 6
1098 4807 8
1099 4166 1
1099 2812 10
1099 4178 1
1099 3895 8
1100 4549 2
1100 1050 7
1100 273 1
1101 4906 8
1102 695 2
1103 4270 1
1103 4055 1
1104 3829 8
1104 2518 9
1104 1928 6
1104 2042 5
1104 2148 10
1105 1145 5
1105 175 10
1105 64 7
1106 1287 7
1106 525 10
1106 2208 7
1107 696 5
1107 267 2
1107 3571 1
1107 3169 9
1107 1674 9
1108 3122 5
1108 2413 1
1108 1356 6
1108 1838 8
1108 2158 10
1109 2344 2
1109 1599 1
1109 2595 10
1110 3611 2
1110 1453 2
1110 226 5
1111 190 6
1111 796 1
1111 1088 10
1112 2143 3
1112 3845 2
1112 3875 1
1112 4222 7
1113 508 2
1113 1424 8
1113 413 10
1113 4443 6
1114 1241 8
1114 1220 7
1114 4828 7
1114 2937 10
1114 3419 8
1115 4552 6
1115 1393 3
1115 1646 1
1115 4936 10
1115 1135 2
1116 1283 10
1116 3594 2
1116 4987 6
1116 2049 3
1117 2384 2
1118 2547 7
1118 1784 8
1118 4850 10
1118 903 4
1119 3093 1
1119 4136 4
1119 656 5
1120 4933 4
1120 2075 4
1120 1172 2
1120 4135 8
1120 2485 3
1121 1038 3
1121 2047 7
1121 2099 5
1121 2949 7
1122 2704 8
1122 1614 8
1122 2663 5
1122 2396 4
1122 2308 5
1123 2974 1
1123 3842 2
1123 3549 8
1124 2478 5
1124 2580 7
1124 2355 8
1124 3816 5
1124 4610 7
1125 2895 1
1125 4426 4
1125 3292 10
1125 2775 9
1125 4633 7
1126 1616 7
1126 3757 2
1126 1848 9
1126 3542 4
1126 4289 1
1127 3254 1
1127 4369 6
1127 2130 6
1128 1562 4
1128 4797 6
1129 643 1
1129 4731 9
1129 4019 5
1129 550 2
1130 3638 2
1130 2100 3
1131 2352 8
1131 3906 7
1132 4951 7
1132 811 2
1132 4332 8
1132 252 3
1132 901 4
1133 2062 1
1133 1512 7
1133 4369 4
1133 1694 4
1134 3999 2
1134 4218 1
1134 3267 1
1135 2598 6
1135 4936 6
1135 2719 1
1135 785 3
1136 646 2
1136 523 8
1137 2370 1
1137 504 6
1137 4876 10
1137 2565 9
1137 4988 8
1138 4579 8
1138 3314 9
1139 830 8
1139 89 9
1139 1177 9
1139 4410 4
1139 556 8
1140 1024 9
1140 199 2
1140 3720 3
1141 3746 9
1141 450 9
1141 2078 8
1141 3807 1
1142 713 1
1142 1232 3
1142 4244 5
1142 4082 1
1142 24 4
1143 4764 3
1143 791 10
1143 159 6
1143 4809 6
1144 1087 9
1144 509 6
1145 4536 7
1146 1508 1
1146 4149 3
1146 3486 8
1147 4584 1
1147 995 3
1147 1197 2
1147 1088 8
1147 2997 10
1148 3508 4
1148 2974 10
1148 3842 7
1148 4001 5
1148 1041 3
1149 2083 5
1149 2356 4
1149 2835 6
1149 1481 2
1149 322 4
1150 2649 2
1150 1701 5
1150 3803 8
1150 1269 2
1150 582 1
1151 4714 10
1151 2428 1
1151 4164 1
1151 4250 10
1151 3140 2
1152 441 8
1152 388 5
1153 4430 10
1154 4825 3
1154 2823 9
1154 4005 6
1154 210 6
1154 3924 8
1155 4347 6
1155 4849 8
1155 1569 3
1156 1688 6
1156 1633 7
1156 4285 3
1157 1763 1
1157 3643 1
1157 3622 5
1158 497 1
1158 716 9
1158 2308 4
1158 2513 7
1159 4529 3
1159 1734 4
1159 2156 5
1160 3512 8
1160 4255 7
1160 4621 1
1160 4391 10
1161 4732 2
1161 4993 10
1162 4018 4
1162 961 4
1162 4151 8
1162 1711 8
1163 3511 2
1163 592 1
1164 1440 4
1164 2475 2
1164 1633 3
1164 4354 1
1164 4394 5
1165 738 9
1165 4381 10
1166 3953 10
1166 3591 3
1166 4900 4
1166 4046 2
1167 4574 4
1167 4279 2
1167 1026 3
1167 193 3
1167 4964 5
1168 2597 2
1168 280 10
1168 2305 2
1168 3443 3
1168 4758 4
1169 2929 10
1170 2339 5
1170 412 5
1170 1908 1
1170 1846 4
1171 677 7
1172 2498 5
1172 1906 6
1172 4933 6
1172 4822 3
1173 3322 10
1173 2261 6
1173 4559 8
1173 1178 7
1174 2978 7
1174 3525 5
1175 2350 3
1175 2551 9
1176 4728 8
1176 3407 7
1176 2070 7
1176 4352 2
1177 3490 8
1177 4885 10
1177 4479 2
1177 2561 9
1177 1684 2
1178 1961 5
1179 4225 1
1180 1350 6
1180 3772 9
1180 4362 3
1181 4785 3
1181 4086 9
1181 2460 10
1181 4852 10
1182 958 1
1182 1732 2
1182 9 9
1182 4670 5
1182 1517 1
1183 4797 5
1183 3979 8
1183 665 9
1183 4711 7
1183 392 2
1184 4803 6
1184 2772 7
1184 2998 3
1184 2378 5
1185 3516 5
1185 4289 8
1185 3083 9
1185 4355 1
1185 3542 9
1186 2549 3
1186 2711 9
1186 3396 8
1186 3135 4
1187 1957 2
1188 323 2
1188 1608 10
1188 551 2
1188 2861 10
1188 3962 2
1189 191 10
1189 4021 7
1189 4340 5
1189 3349 3
1190 4160 10
1190 2414 8
1190 3291 1
1190 1911 9
1191 1650 1
1191 44 8
1191 3034 4
1191 3192 9
1191 3956 9
1192 2484 6
1192 3195 9
1192 3253 5
1192 2268 2
1192 285 9
1193 3659 8
1193 3298 7
1193 2531 3
1194 946 1
1194 3537 8
1194 4275 3
1195 4321 9
1195 2596 9
1195 1891 2
1195 3285 4
1195 1504 8
1196 1435 7
1197 796 3
1197 1695 2
1198 744 9
1198 2406 2
1198 4896 6
1198 86 6
1199 1325 2
1199 4131 8
1199 3915 6
1199 1342 3
1200 2061 7
1200 1342 7
1201 80 5
1201 1486 2
1201 4455 1
1201 4705 8
1201 3 2
1202 1637 9
1202 3316 9
1202 1374 6
1202 941 8
1203 2593 9
1203 4945 4
1203 776 4
1203 3001 7
1203 3896 5
1204 371 8
1204 749 3
1205 2316 2
1205 4789 9
1205 4410 4
1205 4486 3
1206 4579 4
1206 3497 2
1206 3314 4
1207 3374 6
1207 1899 7
1207 312 9
1207 4287 7
1208 2475 2
1208 1688 7
1208 1164 9
1208 1099 3
1208 2212 5
1209 3037 4
1209 2116 7
1210 4346 10
1210 778 3
1210 3250 1
1210 3359 9
1211 1777 8
1212 4435 9
1213 194 10
1214 387 8
1214 494 6
1214 298 6
1215 1763 4
1215 1157 2
1215 3622 1
1215 2155 5
1215 867 1
1216 1181 4
1216 4704 3
1216 380 9
1216 3599 9
1217 1345 5
1217 4185 5
1218 4259 3
1219 1643 10
1220 1241 8
1220 4973 7
1220 4739 9
1220 1148 1
1220 4675 1
1221 4595 2
1221 3080 4
1221 2117 4
1221 977 8
1222 830 10
1222 4814 4
1222 873 5
1222 3490 2
1223 2219 1
1223 542 6
1223 162 1
1223 1130 4
1224 1676 7
1224 1828 7
1225 529 6
1225 3712 6
1225 1794 5
1225 2833 5
1226 598 9
1227 863 2
1227 3890 7
1227 220 10
1228 3448 1
1228 1911 4
1229 1216 7
1230 4219 10
1230 1995 10
1230 3883 6
1230 2279 5
1231 4211 6
1232 4529 10
1232 4533 7
1232 1734 5
1232 4863 7
1233 2514 1
1233 4495 4
1233 286 8
1233 691 2
1234 703 2
1234 2827 10
1234 3839 8
1235 1870 6
1236 1190 8
1236 3296 8
1236 1331 6
1236 4606 6
1236 2176 6
1237 3350 2
1237 4179 1
1237 4832 1
1237 4586 8
1238 1145 9
1238 4614 9
1238 523 2
1238 2818 3
1238 2432 4
1239 4177 9
1239 1907 8
1239 4701 5
1240 2210 1
1240 1169 2
1241 1900 2
1241 4866 1
1242 1123 5
1243 3692 9
1243 4829 9
1243 1470 3
1243 4316 9
1243 1569 3
1244 2985 4
1244 2197 4
1245 406 7
1246 3999 7
1247 4757 5
1247 343 8
1247 3230 7
1248 3882 5
1249 4505 7
1249 4190 2
1250 625 8
1250 2614 9
1250 2261 1
1251 3288 4
1251 3095 7
1252 2294 8
1253 2684 10
1253 1197 7
1253 4584 2
1253 248 4
1253 1088 3
1254 917 8
1254 892 1
1254 2591 9
1255 3558 9
1256 722 8
1256 1277 6
1256 2196 4
1256 292 9
1257 36 7
1258 4906 2
1258 1351 1
1258 4185 2
1259 4448 6
1259 546 1
1259 4312 6
1259 2573 3
1259 2850 7
1260 3608 9
1260 4235 8
1261 2580 5
1261 1124 10
1262 471 3
1262 2956 4
1263 2705 9
1263 2398 2
1263 517 7
1263 3650 10
1264 541 10
1264 3869 10
1265 3686 3
1265 2052 1
1265 4365 7
1265 540 2
1265 242 8
1266 1846 2
1266 4934 3
1266 1170 5
1267 4293 6
1267 3865 9
1268 2000 3
1268 4879 8
1269 3691 1
1269 2649 1
1269 2203 5
1270 1769 1
1270 2982 1
1270 2086 9
1270 2200 6
1271 2433 4
1271 4216 4
1271 2496 9
1271 2539 9
1271 1244 7
1272 1340 5
1273 2220 4
1274 4813 8
1274 1775 3
1275 4251 7
1276 1936 1
1277 2605 10
1277 292 2
1278 3512 6
1278 4621 6
1278 3441 8
1278 4236 7
1279 1199 10
1279 101 1
1279 1200 1
1279 2162 9
1279 2668 6
1280 3624 8
1280 3807 9
1281 1464 9
1281 1413 9
1281 2469 4
1281 604 7
1281 1810 3
1282 170 6
1282 2554 1
1282 1578 6
1282 3789 2
1282 1574 7
1283 525 1
1283 2942 2
1283 259 4
1283 2930 7
1283 1783 7
1284 3514 5
1284 29 9
1284 2747 8
1285 1057 6
1285 2715 5
1285 1380 6
1286 733 4
1286 441 4
1286 388 2
1286 4634 7
1286 326 4
1287 1054 3
1287 4070 4
1288 2478 2
1288 2355 5
1288 466 9
1288 1124 3
1289 4240 9
1289 2984 4
1290 2272 3
1290 3907 1
1290 3637 10
1290 735 4
1290 1268 3
1291 3250 6
1292 2935 3
1292 3063 4
1292 1538 7
1292 1641 3
1292 4538 9
1293 167 7
1293 3506 6
1294 3331 4
1295 786 4
1296 3474 8
1296 3651 8
1297 1417 9
1297 4817 6
1298 4090 9
1298 3629 7
1298 375 10
1298 532 6
1299 3966 5
1299 2408 4
1299 1585 7
1299 2104 6
1300 1401 7
1300 1647 2
1301 4123 1
1301 3563 3
1301 1619 7
1302 833 4
1302 2781 9
1303 4696 4
1303 4076 6
1303 370 3
1303 3232 8
1304 4549 9
1305 450 9
1306 2196 7
1306 1229 6
1306 3137 2
1306 2605 6
1307 3331 9
1307 3045 5
1307 4730 2
1307 1875 9
1308 974 7
1308 3032 10
1308 3197 9
1308 2208 8
1309 3198 7
1309 3129 6
1309 1918 3
1309 558 6
1310 625 2
1310 4387 7
1310 4095 4
1310 865 2
1311 3862 1
1311 1741 8
1311 4806 1
1311 1403 10
1312 2888 10
1312 1836 1
1312 4416 7
1312 4056 10
1312 4073 8
1313 3669 8
1314 4292 7
1315 3771 8
1315 3813 8
1316 4669 2
1317 2949 4
1317 382 10
1317 4907 4
1318 3431 5
1319 1790 6
1319 1936 8
1319 908 9
1320 2377 3
1321 1120 6
1322 2018 3
1322 1747 9
1322 3127 5
1322 4689 9
1322 3780 6
1323 2365 7
1323 4028 6
1323 2773 1
1324 2009 7
1325 4771 9
1325 3915 2
1325 2061 2
1326 1633 2
1326 4071 10
1326 1370 5
1326 4376 3
1326 422 3
1327 1889 8
1328 29 7
1328 4286 6
1328 4229 5
1328 3776 8
1328 3681 7
1329 177 3
1329 947 1
1329 309 10
1329 2452 3
1330 1159 1
1330 2949 3
1330 4244 2
1330 713 1
1330 4907 9
1331 3448 5
1332 3831 4
1333 981 5
1334 4059 4
1334 2529 4
1335 3540 10
1335 4725 5
1335 2872 6
1336 3045 3
1336 3331 2
1336 2640 2
1336 792 2
1337 3873 4
1337 3836 10
1337 3990 5
1337 3162 1
1338 4793 7
1338 3674 4
1338 557 9
1338 2920 1
1339 3270 9
1339 840 6
1339 4845 5
1339 286 7
1339 2187 7
1340 3983 8
1340 4878 6
1340 2983 2
1341 875 1
1341 2558 9
1341 3884 2
1342 4114 2
1342 4959 3
1342 855 1
1343 3179 2
1343 4259 5
1344 3102 9
1344 754 3
1345 2893 5
1345 1351 5
1345 4763 5
1346 2971 3
1346 3816 10
1346 2792 10
1346 2580 6
1346 1949 8
1347 3767 1
1347 2011 10
1347 3872 8
1347 4717 10
1348 4523 10
1348 3643 9
1348 4793 7
1349 3732 7
1349 2320 9
1349 1724 3
1349 4165 7
1349 1554 8
1350 1355 9
1350 2224 10
1350 1711 5
1351 3036 3
1351 2125 8
1351 2731 5
1351 2924 9
1351 3825 4
1352 3805 5
1352 4945 2
1352 1316 10
1352 4313 4
1353 4245 2
1353 1316 1
1353 941 6
1353 4669 9
1353 3952 8
1354 1580 5
1354 1292 9
1354 2424 3
1354 1533 3
1355 806 4
1355 4192 5
1355 991 8
1355 3165 3
1355 743 8
1356 4449 10
1356 3018 3
1356 1960 2
1357 4090 10
1357 3258 9
1357 585 7
1357 4503 9
1358 3829 4
1358 2926 7
1359 4386 9
1359 2100 5
1359 1674 4
1359 267 6
1360 2643 10
1361 2135 5
1362 1598 10
1362 4577 6
1362 2401 6
1362 3098 8
1363 4381 8
1363 4830 8
1364 4664 7
1364 2374 4
1364 4295 9
1364 624 1
1365 4566 10
1365 4382 2
1365 3690 5
1365 2329 4
1365 800 4
1366 694 1
1366 4505 5
1366 3761 6
1367 928 8
1368 1904 3
1369 3707 3
1369 1488 2
1369 506 10
1370 4071 4
1370 86 5
1370 3663 7
1370 1688 9
1371 3460 1
1372 2563 8
1372 509 10
1372 1087 10
1372 4806 4
1372 2246 2
1373 1997 1
1373 3561 4
1374 4312 1
1374 2593 8
1374 3870 4
1374 1259 6
1375 983 8
1375 3114 5
1375 3906 9
1376 2601 8
1376 1870 4
1376 4034 5
1376 3535 6
1377 3280 1
1377 2326 10
1377 4858 9
1378 357 5
1378 3330 9
1378 2287 2
1378 1648 5
1378 154 9
1379 2625 3
1379 2744 10
1380 4152 2
1380 4415 6
1380 2715 5
1380 1892 7
1380 2404 7
1381 1370 7
1382 4148 5
1382 3241 10
1382 2055 2
1383 3260 3
1383 3871 4
1383 2600 10
1383 1770 9
1383 1420 1
1384 2310 9
1385 4154 8
1385 4345 7
1385 3890 7
1385 2252 10
1386 4436 2
1386 1572 8
1386 2156 6
1387 2919 9
1387 3677 9
1387 4861 7
1387 533 2
1388 2916 6
1389 4093 3
1389 1234 5
1389 703 8
1390 4996 7
1390 3612 3
1390 626 8
1390 4818 5
1390 4431 4
1391 1995 5
1391 4348 10
1391 4219 1
1392 2497 7
1392 1976 2
1393 2958 3
1393 1211 9
1394 2554 2
1394 1578 2
1394 3348 7
1394 1736 6
1394 2257 1
1395 2763 10
1395 4754 9
1395 553 4
1395 2678 1
1395 514 5
1396 2699 8
1396 238 2
1396 759 6
1396 542 6
1396 2708 4
1397 4507 4
1397 776 7
1398 4580 7
1398 3332 10
1398 3727 3
1399 2621 10
1399 2160 10
1400 1734 10
1400 2671 8
1400 3809 7
1400 4907 10
1400 1093 7
1401 3178 10
1401 802 4
1402 3334 6
1403 925 8
1403 3302 10
1403 1639 1
1404 1128 4
1404 816 8
1404 2733 3
1404 2466 6
1404 2854 1
1405 3517 6
1406 700 1
1407 1887 2
1407 1443 2
1407 4121 2
1407 1526 2
1408 3684 9
1408 3807 5
1408 3545 7
1408 1412 10
1408 2871 8
1409 3626 7
1410 4133 7
1411 2076 8
1411 2476 10
1412 3746 9
1413 158 10
1413 1596 7
1413 3327 1
1414 1757 3
1414 4220 8
1414 3520 2
1414 2324 10
1415 2655 7
1416 3912 6
1416 4501 6
1416 4492 7
1416 4842 2
1416 454 9
1417 4340 4
1417 1614 2
1417 3993 6
1417 2124 5
1417 1189 6
1418 1463 1
1418 626 2
1419 3932 9
1419 315 8
1420 4869 5
1421 4369 3
1421 3782 2
1421 3310 6
1421 2596 1
1421 1079 1
1422 1144 9
1422 1403 3
1422 1372 5
1422 3955 5
1423 2739 1
1423 2412 7
1423 1706 10
1423 2372 8
1424 2082 2
1424 1632 2
1424 2650 6
1424 3719 8
1424 1422 9
1425 4956 10
1425 2682 10
1425 467 8
1425 3280 5
1425 3617 4
1426 1244 2
1426 3442 1
1427 2200 6
1427 3648 7
1427 1480 7
1428 217 8
1428 4849 2
1428 3969 9
1429 1087 1
1430 4008 3
1430 3523 7
1430 109 6
1430 750 6
1430 2525 2
1431 546 3
1431 3451 9
1431 4118 8
1431 3805 9
1432 4135 1
1432 2589 8
1432 2498 1
1432 2485 6
1432 4405 2
1433 3420 10
1433 3983 10
1433 2266 5
1434 4574 7
1434 3504 4
1434 4966 9
1434 1942 8
1435 2166 3
1436 2647 6
1436 1817 2
1436 1670 6
1436 459 8
1436 1700 2
1437 176 3
1437 2923 4
1437 4022 1
1438 2690 8
1438 2964 9
1439 3120 5
1439 3745 7
1439 3017 9
1440 390 4
1440 410 9
1440 4188 8
1441 2723 2
1441 2516 3
1441 2728 6
1442 3690 6
1442 4702 7
1443 641 5
1443 2309 8
1443 2901 2
1443 77 2
1443 4717 2
1444 3226 6
1444 4063 9
1444 1797 5
1445 3814 7
1445 3019 3
1445 3474 10
1446 2156 2
1447 4145 1
1447 3928 3
1448 2193 6
1448 1521 5
1448 3705 5
1448 2029 5
1448 734 10
1449 2403 8
1449 2010 6
1449 2606 10
1449 3282 2
1449 1748 7
1450 3399 4
1450 1984 4
1450 513 2
1450 3303 10
1450 2917 7
1451 1267 2
1452 1171 7
1452 2359 1
1452 1918 7
1452 2799 9
1452 3530 6
1453 666 8
1453 3080 10
1454 191 1
1454 4911 6
1454 2932 5
1454 2124 1
1455 3024 1
1455 2853 8
1455 4304 5
1455 955 6
1456 2945 10
1456 882 8
1456 590 6
1457 733 1
1457 4825 2
1457 3924 4
1457 2025 6
1458 3081 1
1458 2873 3
1459 1266 10
1459 4888 3
1459 1552 7
1459 320 4
1459 530 3
1460 4861 2
1460 2919 5
1460 2119 2
1460 3082 9
1460 920 6
1461 4972 10
1462 2381 10
1462 2523 6
1462 4129 6
1463 1174 1
1463 3918 9
1463 1935 7
1463 4184 5
1464 4127 10
1464 4301 7
1464 3828 8
1465 4736 9
1466 3501 7
1466 2448 5
1467 826 8
1468 4325 5
1468 1601 9
1468 4100 7
1469 1022 10
1469 68 1
1469 3913 6
1469 3531 3
1469 4629 9
1470 3207 10
1470 2977 5
1470 3969 5
1471 316 3
1471 865 8
1471 1173 2
1471 2261 1
1471 4359 2
1472 40 7
1472 4831 2
1472 2341 4
1473 3534 8
1473 4893 7
1473 1349 6
1473 1605 1
1474 2398 6
1474 3650 2
1474 598 9
1474 1226 10
1475 3303 2
1476 3462 7
1476 3738 10
1476 2526 4
1476 2096 2
1477 267 5
1477 1557 3
1478 4442 5
1478 4317 9
1478 492 4
1479 3529 8
1479 3124 4
1480 4597 2
1481 1768 10
1481 4491 4
1481 2093 10
1481 837 7
1481 3990 1
1482 739 10
1482 4765 5
1482 3406 2
1483 3170 7
1483 1509 2
1483 2269 10
1483 3443 10
1483 2597 10
1484 4523 9
1484 2920 2
1484 4726 7
1484 867 5
1485 4374 7
1485 4104 5
1485 1549 4
1485 3882 6
1485 2794 5
1486 4639 6
1486 2789 2
1486 480 2
1487 1852 3
1487 4718 6
1487 2972 6
1487 278 6
1487 4568 8
1488 315 9
1489 218 10
1489 623 9
1489 2087 10
1489 4736 7
1490 2454 4
1490 4872 9
1491 4555 7
1492 3983 10
1492 2440 5
1492 723 1
1492 2302 5
1493 493 5
1493 4062 8
1493 4198 7
1494 258 1
1494 535 5
1494 2978 7
1495 3289 3
1495 310 3
1495 1094 2
1495 4966 1
1495 1882 3
1496 4580 9
1496 592 9
1496 1746 5
1497 3162 2
1497 2356 8
1497 322 3
1498 2145 2
1498 3738 6
1498 3954 1
1498 1476 7
1498 2096 9
1499 4153 7
1499 3970 7
1499 2583 10
1500 1653 5
1500 1885 10
1500 3097 9
1500 2397 7
1501 2755 9
1501 3818 9
1502 3411 5
1502 1776 9
1503 4878 6
1504 3310 4
1504 4612 1
1505 3668 7
1505 3776 5
1505 143 8
1505 1328 2
1505 672 4
1506 4786 4
1506 4917 9
1506 788 8
1506 3991 5
1506 4119 3
1507 2979 5
1507 2497 4
1507 657 9
1507 930 10
1507 4816 9
1508 4709 1
1508 3593 6
1508 4412 9
1508 3486 6
1508 1462 4
1509 1889 3
1509 156 4
1509 2269 8
1509 2205 2
1510 370 4
1510 3232 1
1510 118 7
1510 4278 5
1511 2456 7
1511 1639 4
1511 925 8
1512 1891 5
1512 1504 8
1512 4281 4
1513 4205 9
1513 3666 4
1514 763 4
1515 3175 2
1515 3325 3
1515 1871 6
1515 3715 3
1516 930 7
1516 3567 9
1516 55 8
1516 109 7
1516 3487 5
1517 4884 3
1517 61 2
1518 2815 4
1518 4193 9
1518 2559 7
1518 1469 9
1519 2984 4
1519 3980 8
1519 1289 5
1520 3385 6
1520 1586 2
1520 3352 1
1520 864 6
1520 1524 4
1521 2791 2
1521 4698 9
1521 4889 8
1521 2388 10
1522 2302 1
1522 749 6
1523 87 4
1523 1354 5
1523 4843 9
1523 2346 9
1524 4691 1
1524 1586 4
1524 4298 9
1525 1846 10
1525 1898 3
1526 4717 7
1527 4655 6
1527 4649 5
1527 407 10
1527 544 4
1528 2782 7
1529 2875 9
1529 3690 1
1529 4702 4
1530 1953 2
1530 4564 8
1530 2542 9
1530 3545 6
1530 2334 4
1531 574 1
1532 1690 10
1532 4351 5
1532 3457 6
1532 2488 10
1533 1538 2
1534 3654 5
1534 4240 3
1534 2984 10
1535 4503 6
1535 1298 7
1535 2864 9
1535 519 9
1536 4927 5
1536 4430 7
1536 1239 10
1536 2856 6
1537 641 9
1537 355 7
1538 4699 8
1538 3572 7
1538 3300 4
1539 3875 5
1539 747 1
1540 1714 3
1540 148 4
1541 2678 5
1541 3623 6
1542 2900 2
1542 2619 6
1542 1025 8
1542 4082 5
1542 4907 1
1543 2508 5
1543 3038 3
1543 3299 5
1543 2885 2
1543 3891 6
1544 71 5
1544 3885 10
1544 2290 6
1544 1043 4
1545 525 8
1545 4441 6
1545 1783 7
1545 823 8
1545 974 6
1546 2195 1
1546 1716 6
1547 2208 9
1547 525 1
1547 1783 2
1547 1106 6
1547 342 10
1548 3304 4
1548 1461 9
1549 1697 6
1549 2108 1
1549 2774 3
1549 4336 5
1549 4374 7
1550 4456 1
1550 187 10
1550 944 4
1550 4941 1
1551 760 3
1551 1095 1
1551 4869 8
1552 4779 8
1552 2510 10
1552 3203 4
1552 4912 8
1552 412 10
1553 1896 9
1553 4429 9
1553 4927 1
1553 4528 4
1553 3586 10
1554 2172 10
1554 2320 10
1554 1939 9
1554 3732 3
1554 4165 9
1555 2886 3
1555 661 5
1555 3533 10
1555 2326 8
1556 4869 2
1556 3639 1
1557 3538 2
1557 3378 6
1557 4386 3
1557 2100 2
1558 1328 1
1558 402 1
1558 3065 1
1558 3849 1
1559 257 6
1559 2287 7
1559 3330 6
1559 2339 3
1559 3464 4
1560 560 8
1560 4520 10
1560 1790 1
1560 908 5
1560 1319 9
1561 1296 4
1561 18 2
1561 1893 10
1561 3431 1
1561 731 10
1562 4618 10
1562 1340 7
1562 665 3
1562 4521 3
1563 3690 10
1564 4307 1
1564 2618 2
1565 1508 6
1566 3275 1
1566 3257 7
1566 4733 4
1566 2362 2
1566 4498 5
1567 2916 7
1567 3921 3
1568 1059 4
1568 2222 2
1568 608 4
1568 4177 6
1569 4045 8
1570 2678 6
1570 2989 8
1571 3004 10
1571 266 10
1571 1561 9
1571 511 5
1571 3950 9
1572 2854 4
1573 482 7
1573 1454 1
1573 2513 5
1574 2485 1
1574 3365 5
1574 4775 5
1575 1884 7
1576 28 2
1576 2498 8
1576 4037 6
1576 780 10
1576 2075 10
1577 102 8
1577 1494 10
1577 701 3
1577 4184 9
1577 763 5
1578 780 5
1578 952 4
1578 236 5
1578 4037 4
1578 2589 5
1579 3057 4
1580 3657 6
1580 4066 4
1581 2433 2
1582 3781 9
1583 2106 7
1583 565 1
1583 1642 8
1584 1763 1
1584 1348 6
1584 557 5
1584 3307 10
1585 4022 3
1585 138 2
1585 1083 1
1585 2104 1
1586 4133 3
1586 1649 4
1586 3616 1
1586 2592 7
1587 2853 7
1587 111 8
1587 2057 6
1587 758 7
1588 4979 4
1588 1252 2
1588 1953 3
1589 2866 4
1589 2195 4
1589 1077 8
1590 714 2
1591 3577 2
1592 2713 1
1592 2302 5
1592 4618 2
1593 493 2
1593 4674 2
1593 3557 2
1593 1890 4
1593 3503 7
1594 3277 7
1594 3356 8
1594 1775 9
1595 3995 9
1596 1373 10
1596 5 1
1596 4301 2
1597 3763 10
1597 4610 1
1597 1949 4
1597 3798 9
1597 2355 7
1598 3481 10
1598 887 5
1598 3602 8
1599 1399 10
1600 4002 2
1601 2150 5
1601 2485 2
1601 1120 6
1601 4990 1
1602 3980 8
1602 4240 2
1603 3666 3
1603 268 1
1604 550 7
1604 3833 8
1604 1485 5
1605 3732 1
1606 3803 7
1607 560 10
1607 2162 7
1607 400 10
1607 3886 10
1608 2047 4
1608 4146 5
1608 4474 8
1608 3930 10
1608 1159 10
1609 3731 2
1609 1442 8
1609 3690 9
1609 2094 6
1609 2759 8
1610 2824 3
1610 3259 5
1611 3126 10
1611 4767 3
1611 994 10
1611 3398 4
1611 842 4
1612 2908 2
1613 1411 7
1614 4353 6
1614 3818 5
1614 3798 4
1614 981 5
1614 3993 4
1615 4735 7
1615 1487 1
1616 836 2
1617 802 7
1618 1795 10
1618 3295 9
1618 727 8
1619 2179 8
1619 1451 9
1619 4753 2
1619 980 7
1619 1267 1
1620 2867 8
1620 2149 8
1620 2211 6
1621 1100 1
1621 1050 9
1621 2782 9
1621 586 8
1622 2618 6
1623 3542 4
1623 4151 8
1624 81 6
1624 1614 4
1624 700 7
1625 3449 3
1626 4261 7
1626 4286 6
1626 4585 10
1626 93 4
1627 3555 4
1627 2400 4
1627 2374 1
1627 4120 8
1627 3046 7
1628 2485 10
1628 2075 8
1628 4405 2
1628 4822 6
1628 4933 3
1629 1792 5
1629 3531 6
1629 4490 9
1630 3178 5
1630 1761 7
1631 3983 9
1631 816 7
1631 3587 10
1631 4521 9
1632 2089 3
1632 4937 7
1632 824 2
1632 1861 6
1633 4020 10
1633 2212 3
1633 383 3
1633 1113 1
1633 2812 6
1634 1876 1
1634 2436 5
1635 3457 7
1635 424 3
1635 3975 5
1635 1362 9
1635 206 2
1636 3505 5
1636 2804 2
1637 4507 2
1637 2593 10
1637 399 7
1637 4312 8
1637 4448 2
1638 2954 3
1638 4973 4
1638 1041 10
1638 962 8
1638 220 10
1639 2874 2
1639 4248 9
1639 3769 1
1639 2456 6
1639 810 7
1640 790 2
1640 2593 7
1641 3456 6
1641 2239 7
1641 4681 5
1641 2894 1
1641 1030 6
1642 716 4
1642 4981 7
1642 3993 10
1643 3633 10
1643 2918 2
1644 2466 2
1644 2938 10
1644 3875 2
1644 2430 6
1644 747 9
1645 921 3
1645 4580 9
1645 760 10
1646 4940 9
1646 1211 4
1646 709 2
1647 4081 6
1648 1898 10
1648 1459 3
1648 4934 8
1649 1978 8
1649 107 5
1649 3858 2
1650 2306 4
1650 4731 10
1650 3838 5
1650 2794 1
1650 1697 4
1651 3061 2
1651 77 10
1651 4105 9
1652 1042 2
1652 128 8
1653 4837 9
1653 2397 2
1653 3097 7
1653 4962 5
1654 1065 3
1654 4652 3
1654 4678 1
1654 100 10
1655 1182 8
1656 3452 7
1656 643 2
1657 2867 7
1657 746 7
1658 2298 6
1658 3364 7
1659 4526 3
1659 3582 6
1659 4849 8
1659 217 5
1659 1616 9
1660 4108 3
1661 1280 9
1661 4768 5
1662 1896 4
1662 1059 2
1662 608 5
1663 1507 1
1663 2479 9
1663 930 8
1664 3311 4
1664 68 3
1664 2248 5
1664 1830 7
1665 1967 5
1665 1098 7
1666 2392 3
1666 12 6
1666 3930 2
1666 2139 6
1666 4615 6
1667 3195 9
1668 80 2
1668 872 2
1668 2885 6
1668 3038 2
1668 2965 7
1669 3947 1
1670 2864 1
1670 3025 10
1670 4503 1
1671 4983 6
1672 1949 4
1673 2068 2
1673 2170 6
1673 1650 7
1673 3833 5
1674 3489 3
1674 645 10
1674 267 10
1675 1967 6
1675 429 7
1676 1165 5
1676 592 7
1677 2717 6
1677 4724 2
1677 901 2
1678 3855 3
1679 4664 9
1679 3057 3
1680 1057 2
1680 3153 3
1680 3472 8
1680 3655 9
1681 1580 2
1681 1292 4
1682 4560 3
1682 404 8
1682 1104 6
1682 1108 3
1682 4950 4
1683 3611 10
1683 4680 4
1683 2117 7
1684 3490 9
1684 2316 3
1684 4479 10
1684 4789 4
1684 4410 8
1685 3428 5
1686 1455 5
1686 4354 9
1686 57 6
1686 3884 3
1686 4896 6
1687 3959 9
1687 1252 1
1687 1412 9
1688 3078 1
1688 3125 2
1688 960 7
1689 1050 9
1689 586 4
1689 630 3
1690 4994 5
1690 1818 2
1691 1109 9
1691 2904 7
1691 3168 5
1691 2595 7
1691 3160 1
1692 3985 1
1692 3562 6
1692 2107 5
1692 3214 1
1692 4204 1
1693 4256 10
1693 2762 7
1694 4281 6
1695 3894 9
1695 293 10
1695 4194 8
1695 1345 9
1696 3647 2
1696 800 9
1696 1565 1
1696 2970 4
1696 2381 7
1697 1072 5
1698 9 6
1698 4103 9
1698 958 7
1698 329 5
1698 1517 5
1699 2664 6
1699 4732 8
1699 4409 1
1699 2622 3
1700 3465 8
1701 2994 5
1701 3848 1
1702 2406 5
1703 1589 10
1703 4984 4
1703 769 2
1704 1547 7
1704 3094 4
1704 4225 7
1704 4138 4
1704 4987 6
1705 1403 1
1706 195 5
1706 3355 3
1706 3463 9
1706 1986 4
1706 4117 2
1707 547 7
1707 2270 4
1707 2278 1
1707 1827 1
1707 3214 4
1708 4345 8
1708 4142 2
1708 1986 4
1709 2436 6
1709 3079 6
1709 1013 3
1710 4072 5
1710 746 3
1710 2149 4
1710 2211 6
1711 4192 2
1712 4300 5
1713 4421 10
1713 3521 5
1713 4393 7
1714 704 1
1714 751 8
1714 4477 1
1715 4703 6
1716 2195 3
1716 3295 4
1716 916 8
1716 3649 7
1716 1795 7
1717 1901 3
1717 2313 10
1718 2105 8
1718 4700 7
1718 2035 3
1718 3695 9
1719 3332 9
1719 1487 2
1719 278 3
1720 3465 8
1720 2581 1
1720 4090 6
1720 4706 1
1721 301 9
1721 2963 8
1721 2872 8
1721 458 1
1722 3196 3
1722 4398 1
1722 4667 10
1723 1098 6
1723 1665 7
1723 1908 3
1724 2320 6
1724 3732 2
1724 4165 5
1724 2172 6
1725 2411 5
1725 4714 5
1726 3701 5
1726 507 3
1726 3136 8
1726 980 3
1726 1869 2
1727 1965 2
1727 3550 1
1727 4504 2
1727 4249 10
1727 986 8
1728 3287 10
1728 1764 7
1729 1756 5
1729 3273 4
1729 2462 7
1730 343 6
1730 3355 1
1730 234 2
1730 842 2
1731 133 7
1732 383 8
1732 844 2
1732 64 4
1733 449 5
1734 164 6
1734 371 8
1734 2440 4
1734 392 1
1735 3981 3
1735 1012 9
1735 850 5
1736 4990 4
1736 3364 7
1737 3462 2
1737 222 7
1737 295 10
1737 2145 7
1738 3389 2
1738 4827 4
1738 4012 1
1738 4855 1
1738 4588 8
1739 2157 8
1739 1120 7
1740 3763 7
1740 3344 2
1741 2351 4
1741 4806 8
1741 3922 2
1741 925 2
1742 750 8
1743 4949 9
1743 4378 5
1743 2215 3
1743 2192 3
1744 1636 9
1744 885 5
1745 1414 6
1745 207 7
1745 356 8
1745 1884 5
1745 4274 8
1746 4331 10
1746 328 1
1746 1487 6
1746 4783 10
1747 2865 9
1747 1914 2
1747 2667 4
1748 2529 4
1748 2606 2
1748 4946 6
1749 190 8
1749 1101 5
1749 1695 5
1750 1925 6
1750 881 1
1750 928 5
1751 278 8
1751 2998 5
1751 1036 10
1752 3123 7
1752 3111 5
1752 4144 9
1752 2338 10
1753 3075 9
1753 2468 3
1753 3554 4
1754 2607 5
1755 3635 5
1755 4377 8
1755 278 5
1756 3233 5
1756 3273 6
1756 2462 8
1756 2587 5
1756 3436 6
1757 4579 1
1757 3217 8
1758 2867 3
1758 1201 7
1758 1979 4
1759 186 9
1759 3308 2
1760 2274 5
1760 4910 1
1761 3099 8
1762 4607 1
1762 3084 10
1763 3402 9
1763 557 1
1763 4296 10
1763 1401 8
1763 2155 2
1764 3833 2
1764 4019 7
1764 4798 2
1765 4171 1
1765 2670 2
1765 993 5
1766 4706 4
1767 2129 9
1767 1890 7
1768 437 5
1768 3990 4
1768 4368 6
1768 2093 4
1769 2646 10
1769 1449 10
1769 965 2
1769 746 1
1769 4745 10
1770 4916 9
1770 1398 3
1770 1487 10
1770 2737 9
1770 1165 6
1771 367 6
1771 3211 7
1772 3373 5
1772 3101 5
1772 3248 5
1772 2976 7
1772 3968 2
1773 3998 7
1774 2540 1
1774 2544 2
1774 4811 2
1775 49 2
1775 2323 7
1775 3042 4
1775 3085 6
1775 2480 10
1776 1343 10
1776 946 7
1776 3179 2
1776 3564 7
1777 3293 4
1777 4350 4
1778 159 5
1779 1112 2
1779 4529 3
1780 2531 8
1780 2593 8
1780 1397 9
1781 1680 1
1782 2270 7
1783 1636 8
1783 2394 7
1783 1796 1
1784 623 7
1785 3052 4
1785 4210 7
1785 2447 3
1785 3819 4
1786 2631 9
1786 746 2
1786 3899 1
1787 391 1
1787 2381 9
1787 4149 2
1787 1150 5
1788 3575 7
1788 4448 8
1788 3007 9
1788 1028 8
1789 2142 9
1790 3886 10
1790 1936 2
1790 3010 9
1791 1708 7
1791 4542 1
1791 2053 7
1791 3265 8
1792 4629 7
1792 1964 6
1792 1830 3
1792 3531 1
1793 1430 8
1793 2898 8
1794 3642 7
1794 1765 5
1794 3712 4
1794 2451 8
1795 3017 8
1795 3745 6
1795 4067 1
1795 2235 6
1796 2907 5
1796 4417 5
1796 2230 1
1796 1212 7
1797 573 2
1797 1773 2
1798 4045 9
1798 1243 8
1798 1952 4
1798 3222 4
1799 278 10
1800 290 1
1800 2802 3
1801 4729 6
1801 1366 9
1801 2379 10
1801 1879 8
1802 3768 10
1802 316 2
1802 4372 8
1802 4387 7
1802 2425 3
1803 4088 7
1803 3840 5
1803 4224 10
1803 2777 7
1804 4119 7
1805 4982 6
1805 1826 8
1806 4609 2
1806 3564 8
1806 3537 1
1807 1858 5
1807 4826 10
1807 4647 3
1807 4915 4
1807 2271 2
1808 3238 2
1808 4293 7
1808 591 6
1809 4289 7
1809 1848 10
1809 3957 6
1809 4355 5
1809 4849 2
1810 1413 3
1810 158 5
1810 1373 1
1810 2996 6
1810 263 10
1811 4281 6
1811 2822 5
1811 2278 3
1811 2596 6
1811 1079 8
1812 537 2
1812 210 9
1812 733 1
1812 326 4
1813 3495 2
1813 2988 9
1813 2703 4
1814 3112 3
1815 3304 10
1816 4962 6
1816 478 3
1816 436 2
1816 4905 9
1816 1890 6
1817 1720 7
1817 3258 9
1817 519 8
1818 1764 9
1819 2549 4
1820 4154 9
1820 3753 10
1820 1123 3
1820 288 8
1820 4973 2
1821 358 6
1821 963 10
1822 3578 6
1822 1142 8
1823 3912 8
1823 3263 4
1823 651 10
1824 1289 7
1824 4636 8
1824 3142 10
1824 2501 3
1824 3793 4
1825 1507 8
1825 65 8
1825 1392 9
1825 3665 4
1826 430 5
1826 2811 2
1827 923 7
1827 2008 1
1827 2064 5
1827 3167 9
1828 15 4
1828 3058 9
1828 4898 9
1828 1163 7
1829 1209 6
1829 3023 8
1830 2374 6
1830 4593 3
1830 1579 3
1831 1174 6
1832 2020 5
1832 4459 9
1832 3780 2
1832 2471 1
1833 4345 6
1834 3353 2
1834 4577 8
1834 1026 6
1835 4858 1
1835 4782 4
1836 2184 10
1837 2322 2
1838 1058 7
1838 2148 3
1839 3495 8
1839 2703 6
1839 1949 5
1839 4263 1
1840 2108 10
1841 2777 5
1841 3840 7
1841 76 4
1841 2146 5
1841 2181 9
1842 1085 3
1842 3988 6
1842 1581 4
1843 3256 8
1843 1350 8
1843 3744 6
1843 3085 10
1843 948 8
1844 943 5
1844 78 7
1844 2301 5
1844 2757 4
1845 3700 10
1845 2208 8
1845 525 4
1845 4070 6
1845 2490 3
1846 4541 4
1846 1675 9
1846 1665 10
1846 1098 7
1846 2380 1
1847 2374 4
1847 1868 7
1847 1629 7
1847 462 10
1848 3582 9
1849 1802 6
1849 2859 8
1849 4557 1
1849 1904 6
1849 1250 1
1850 204 3
1850 2394 9
1851 1941 9
1851 4356 4
1851 859 7
1851 4590 3
1852 1756 5
1852 4141 2
1853 1962 7
1853 428 4
1854 2059 2
1854 3078 10
1854 2696 2
1854 4178 7
1854 3422 4
1855 4520 4
1855 2668 9
1855 1936 4
1855 4348 8
1855 2162 7
1856 1027 5
1856 3146 6
1856 4025 9
1856 3710 5
1856 3187 5
1857 3434 3
1857 2365 3
1857 252 1
1857 4332 7
1857 2773 9
1858 2268 5
1858 2697 5
1859 101 7
1859 1391 4
1860 3269 10
1860 2797 8
1861 3733 4
1861 1705 5
1861 2246 4
1862 2649 3
1863 2792 8
1863 2048 5
1863 2703 6
1864 1767 1
1864 4962 3
1865 3273 1
1865 4141 2
1865 4331 8
1865 4803 9
1866 157 9
1867 4858 6
1867 4371 2
1867 2914 3
1867 2521 9
1868 2374 2
1868 4629 7
1868 3531 10
1869 2992 8
1869 4293 5
1869 2251 6
1869 2903 9
1870 2309 10
1870 2259 8
1871 4329 1
1872 2651 2
1872 4803 6
1872 2726 2
1872 2044 7
1872 4297 10
1873 2525 1
1873 4008 5
1874 66 3
1874 3354 1
1875 4790 7
1876 4555 2
1876 4743 2
1876 2444 8
1876 3527 4
1876 4226 9
1877 1051 4
1878 122 4
1878 1704 3
1878 3094 2
1878 1116 4
1879 2005 1
1880 2724 4
1880 2052 7
1880 1265 6
1880 1789 3
1881 3282 4
1881 209 10
1881 746 8
1882 2084 2
1882 4023 3
1882 1362 9
1883 190 9
1883 2069 1
1883 1695 1
1883 1088 3
1884 314 2
1884 4274 6
1885 4424 7
1885 4674 5
1885 3678 10
1885 113 1
1886 3322 6
1886 3335 1
1886 4047 1
1887 641 10
1887 4717 3
1888 1230 3
1888 2668 2
1888 4520 9
1889 3008 10
1890 1023 10
1891 1993 1
1891 3310 1
1891 1588 7
1891 1252 5
1892 2622 1
1892 3037 1
1892 3272 6
1893 3814 3
1893 3541 8
1894 438 1
1894 1045 3
1894 1802 3
1894 1043 8
1894 1368 5
1895 4804 4
1895 4117 5
1895 997 1
1895 2420 9
1896 1826 8
1896 3528 8
1896 3820 4
1897 4609 2
1897 3179 8
1897 611 4
1897 712 1
1898 3717 2
1898 2380 1
1899 13 4
1900 2272 6
1900 2433 9
1901 4182 9
1901 3415 1
1901 3833 8
1901 2774 3
1902 2853 1
1902 960 10
1902 4020 8
1902 373 4
1903 3478 2
1903 2560 9
1903 1501 9
1904 4387 9
1905 220 9
1905 4154 7
1905 622 7
1905 2272 3
1905 1268 4
1906 4933 1
1906 2157 7
1906 4405 3
1906 2214 5
1906 4822 10
1907 1366 1
1907 4729 1
1907 1051 1
1907 1662 4
1907 2939 7
1908 4262 5
1908 1098 10
1909 2961 10
1909 3106 5
1909 3759 6
1909 4104 9
1909 3381 2
1910 1173 6
1910 316 4
1910 4559 2
1911 1536 2
1911 3146 4
1912 4321 10
1912 4170 1
1912 2107 2
1913 887 9
1913 4015 7
1913 233 2
1913 1834 1
1914 4605 5
1914 1703 9
1914 3861 10
1915 1748 2
1915 1979 2
1915 22 9
1916 1485 4
1916 2889 8
1916 4182 4
1917 1648 7
1918 3129 5
1918 3248 4
1918 2238 2
1918 677 6
1918 3968 5
1919 3825 1
1919 3000 1
1919 2924 3
1920 2369 6
1921 4374 7
1922 3451 3
1922 1374 9
1922 4118 8
1922 4669 10
1923 2230 5
1923 3392 7
1923 4417 1
1924 3564 4
1924 1637 1
1924 4259 5
1924 2746 1
1925 3455 8
1925 923 4
1925 4043 1
1925 484 6
1926 1126 1
1927 343 9
1927 3087 6
1928 1448 9
1929 1600 4
1929 1345 3
1930 2895 5
1931 1815 2
1931 2160 6
1932 4110 5
1932 2827 6
1932 3628 8
1932 1017 1
1933 2339 5
1934 3440 3
1934 4855 2
1935 597 2
1935 3305 3
1935 4361 5
1936 2668 2
1937 1168 8
1938 320 2
1938 680 4
1938 3717 5
1938 4414 3
1938 1917 5
1939 3151 2
1939 2172 2
1940 1832 1
1940 2761 10
1940 1322 4
1940 2018 8
1941 1218 5
1941 3411 6
1941 4356 9
1942 4798 7
1942 860 9
1942 636 1
1942 4746 2
1943 2759 8
1943 2043 3
1944 3968 4
1944 3373 3
1944 3248 6
1944 3101 5
1945 3087 6
1945 3442 4
1946 4427 9
1946 4481 9
1946 1457 4
1946 1152 2
1947 2108 7
1948 3120 7
1948 3035 2
1948 2623 10
1948 3745 3
1949 3818 1
1949 1251 7
1949 919 5
1949 3893 5
1950 3567 6
1951 396 8
1951 3647 2
1952 3577 1
1952 1520 10
1953 2892 9
1953 3026 5
1953 3807 9
1953 4217 4
1954 2536 2
1954 3930 1
1954 3044 2
1954 3860 3
1954 3243 3
1955 2259 3
1955 1658 10
1955 641 3
1956 1806 1
1956 4429 9
1956 2379 9
1956 1249 8
1956 4811 7
1957 438 9
1957 1250 9
1957 2318 3
1958 422 5
1958 744 9
1958 3202 6
1959 4573 7
1959 430 3
1959 2844 8
1959 3187 3
1960 1031 7
1960 734 5
1960 686 2
1960 2474 4
1960 2791 8
1961 2261 2
1961 2039 5
1961 4686 10
1961 4411 10
1962 2068 6
1962 2306 5
1962 1549 3
1962 1921 4
1963 4301 3
1964 1679 7
1964 3555 2
1964 4295 10
1965 3072 8
1965 1704 9
1965 4947 3
1965 2927 2
1965 2375 9
1966 3759 10
1966 643 2
1967 2493 5
1967 127 10
1967 3639 2
1967 4180 6
1967 760 8
1968 1089 6
1969 865 6
1969 4047 6
1969 1471 6
1970 4698 6
1971 155 9
1971 4100 5
1972 3648 1
1973 2205 6
1973 4871 2
1973 2422 9
1973 1527 6
1973 1229 1
1974 1248 6
1974 4309 3
1975 2955 7
1975 4713 6
1976 930 3
1977 4569 6
1977 1807 1
1977 3183 9
1977 3450 8
1977 3532 5
1978 1445 7
1979 4752 5
1980 3672 8
1980 1444 7
1980 3286 1
1981 2181 8
1981 610 9
1982 4019 2
1982 3415 2
1982 26 7
1982 3452 5
1983 4747 8
1983 3304 8
1983 32 9
1984 513 2
1984 536 9
1984 3399 6
1984 4683 10
1985 438 4
1985 2614 2
1985 2933 4
1985 2039 6
1986 688 7
1986 3988 10
1986 82 4
1986 3408 2
1986 2420 1
1987 780 8
1987 4405 1
1987 1906 3
1988 3849 7
1988 2747 10
1988 1037 9
1988 4286 9
1989 4331 6
1989 2587 10
1990 887 7
1990 1834 4
1990 4819 2
1990 4015 2
1990 2481 5
1991 4224 7
1991 2146 1
1991 3042 7
1991 4813 1
1991 3128 4
1992 1890 10
1992 104 8
1992 2658 7
1992 3929 2
1993 1169 9
1993 450 1
1994 2192 6
1994 389 1
1995 1200 6
1996 4257 7
1996 1694 6
1996 3455 2
1996 4369 10
1997 4772 2
1997 2342 4
1998 4774 5
1999 1501 6
1999 716 7
2000 4847 6
2000 2412 7
2000 688 8
2000 639 4
2000 3231 7
2001 3818 8
2001 2260 5
2002 233 4
2002 3313 10
2002 1754 7
2002 1717 1
2003 309 3
2003 177 8
2003 1876 10
2004 1373 7
2004 4271 8
2004 3327 5
2004 4013 7
2005 60 8
2005 1352 4
2005 4313 2
2005 17 5
2006 2856 8
2006 1051 4
2006 31 6
2007 4280 4
2007 1170 4
2007 320 1
2007 4383 2
2007 1675 5
2008 3254 3
2009 997 9
2010 4946 4
2010 3927 1
2010 2597 10
2010 2283 8
2011 3971 7
2011 3346 9
2011 3051 9
2011 745 5
2012 1863 6
2013 3738 3
2014 3590 7
2014 2039 10
2015 2798 9
2015 2143 9
2016 4738 3
2016 1845 3
2016 1783 3
2017 2478 5
2017 4610 7
2018 4407 2
2018 2020 8
2018 1948 9
2018 1703 10
2018 1914 2
2019 653 1
2019 3188 7
2019 3990 4
2020 3694 9
2020 3477 6
2020 4106 6
2020 1795 10
2021 1392 5
2022 3505 7
2023 382 6
2023 2534 1
2023 331 5
2024 2288 8
2024 2296 6
2024 1040 7
2024 3154 2
2025 3841 1
2025 2910 2
2026 1080 7
2026 159 6
2026 1869 10
2026 1143 7
2026 1778 10
2027 3511 1
2027 738 4
2027 3269 8
2028 2418 10
2028 1525 4
2028 3008 8
2029 4698 10
2029 734 10
2029 1031 2
2029 3326 1
2029 4057 3
2030 100 8
2030 4851 4
2030 4485 2
2030 3235 7
2030 4209 4
2031 3492 10
2032 4584 5
2033 939 8
2033 2058 5
2033 2733 5
2033 2047 2
2033 1522 8
2034 647 1
2034 3950 5
2034 3651 2
2034 3208 3
2035 827 6
2035 1177 7
2035 2040 9
2035 2325 7
2036 4389 9
2036 2823 2
2036 2505 9
2036 2910 8
2037 4193 8
2037 3831 2
2037 182 2
2038 2633 1
2038 3416 3
2038 3154 2
2038 2296 5
2039 2453 8
2039 3453 1
2039 4493 1
2039 4686 10
2040 2316 7
2040 1222 7
2040 556 5
2041 1828 8
2042 4057 2
2042 2029 5
2042 4698 5
2042 2791 2
2042 2388 6
2043 2523 5
2043 4576 5
2043 2381 10
2043 3486 5
2043 1150 8
2044 4297 8
2045 3103 5
2045 3830 6
2045 3233 8
2046 1354 4
2046 2140 9
2046 794 7
2046 3923 2
2046 3758 4
2047 713 8
2048 1251 7
2048 998 8
2048 4048 3
2048 2988 6
2049 1308 9
2050 3219 9
2050 4512 8
2050 3181 9
2051 2155 1
2051 2915 3
2052 2944 4
2053 1914 9
2053 195 7
2053 4879 3
2053 2985 6
2054 3675 1
2054 1588 9
2054 467 3
2054 3959 7
2054 2334 1
2055 3068 10
2055 2934 1
2055 3352 3
2055 3577 8
2055 511 1
2056 261 6
2056 570 9
2056 943 4
2057 1698 8
2057 1688 7
2058 2733 8
2059 1403 3
2059 4425 3
2059 4976 5
2059 4670 4
2060 1242 1
2060 1241 7
2060 1123 4
2060 3549 8
2060 3753 1
2061 2870 5
2061 2280 3
2061 1022 1
2061 4856 8
2061 2183 2
2062 3624 10
2063 698 7
2063 4402 3
2063 1737 3
2064 137 2
2065 4064 5
2065 3548 4
2066 3927 1
2066 3791 2
2066 2529 1
2066 3978 7
2066 4059 3
2067 4504 9
2068 1650 10
2068 1697 7
2068 643 9
2068 1485 9
2069 3909 6
2069 3114 5
2069 27 2
2069 2125 10
2070 4844 5
2070 1451 4
2070 159 2
2070 1267 7
2071 4293 4
2071 3427 7
2071 1451 6
2072 1707 4
2073 4425 4
2073 958 1
2074 1295 1
2074 4244 7
2075 4822 7
2075 2286 9
2076 3926 1
2076 3598 10
2076 1087 4
2077 1130 6
2077 267 4
2077 3378 9
2077 2263 5
2078 3150 2
2078 1280 9
2078 4217 1
2078 2202 4
2078 4551 10
2079 2924 10
2079 3177 1
2079 3426 2
2079 2731 1
2079 3825 1
2080 4736 2
2081 4565 2
2081 3652 3
2082 1422 10
2082 1403 1
2082 3302 3
2082 3021 2
2083 3232 2
2083 4491 3
2084 1974 7
2084 4577 2
2084 3313 4
2084 4964 8
2084 206 6
2085 3396 8
2085 3135 2
2085 3114 3
2086 2200 6
2086 480 5
2086 2646 9
2087 3914 10
2087 4065 9
2087 773 7
2087 3887 4
2087 3209 10
2088 4881 10
2088 3805 10
2089 4205 9
2089 4791 1
2089 4759 1
2089 3469 4
2090 1263 8
2090 4990 9
2091 4495 2
2091 583 4
2091 691 3
2091 1934 10
2091 2187 9
2092 1566 1
2092 2362 3
2092 3275 9
2092 4733 3
2092 4598 10
2093 2840 4
2093 437 2
2093 3393 3
2093 4963 7
2093 2186 9
2094 385 3
2094 2043 6
2094 2875 2
2095 261 7
2095 2845 6
2095 1416 10
2095 2953 10
2095 4842 8
2096 222 5
2097 1430 9
2097 3479 10
2097 4143 4
2098 4415 8
2098 4777 2
2098 3942 6
2099 4776 2
2099 880 6
2099 382 1
2100 1107 5
2100 4464 6
2100 3169 3
2101 514 4
2101 2077 7
2101 2670 3
2101 3770 9
2101 267 6
2102 4498 10
2103 1356 6
2103 3829 7
2103 377 4
2104 4022 8
2104 1083 2
2104 3393 2
2104 4230 3
2105 3837 1
2105 2325 10
2105 2470 9
2106 2560 5
2107 1891 2
2107 3310 5
2107 1421 9
2107 2417 6
2108 224 3
2108 184 4
2108 4887 2
2109 4810 10
2109 512 6
2109 1823 9
2109 2024 9
2109 1315 6
2110 728 1
2110 3415 7
2110 1656 8
2110 3287 4
2110 1962 4
2111 1362 4
2111 1947 3
2111 3902 7
2111 887 9
2111 1882 1
2112 4397 10
2112 3656 10
2113 2649 10
2113 3848 4
2114 3627 6
2114 2770 2
2114 4546 8
2114 944 1
2115 4434 3
2115 3500 6
2115 2262 9
2115 607 2
2116 3175 3
2116 3071 9
2116 899 9
2117 2775 4
2117 1026 9
2117 4069 10
2118 2238 1
2118 3248 1
2118 2976 3
2118 2369 9
2119 3237 7
2119 2550 9
2119 1402 7
2119 3965 7
2119 4861 4
2120 4109 4
2120 1161 8
2121 3513 7
2122 3715 3
2122 3739 1
2122 2392 8
2122 3962 4
2123 4157 7
2123 2152 2
2123 824 6
2124 2423 1
2124 1597 8
2124 1124 7
2125 3333 1
2126 2772 10
2126 2998 1
2127 2755 6
2127 500 9
2127 4340 6
2127 981 10
2127 2048 7
2128 2585 6
2128 4508 2
2128 2782 3
2128 1543 2
2128 4186 3
2129 4424 8
2129 113 9
2129 2723 6
2129 3786 5
2130 1687 7
2131 2823 3
2131 733 6
2131 818 1
2131 537 3
2132 2125 5
2132 1088 6
2132 2684 1
2132 2906 7
2133 4790 2
2134 2873 3
2135 1479 3
2135 3136 4
2135 4293 3
2136 1181 9
2136 2605 4
2136 1216 7
2136 642 5
2137 680 1
2137 4383 3
2137 432 1
2137 2801 9
2137 2493 4
2138 1828 7
2138 4898 5
2138 4735 9
2139 1734 2
2139 2227 8
2139 1007 7
2139 2734 1
2139 2023 7
2140 1580 9
2140 3300 10
2140 214 4
2140 549 6
2141 4067 4
2142 4399 6
2143 1034 6
2143 145 7
2144 3702 4
2144 656 3
2145 630 6
2146 3356 1
2146 3085 4
2147 3003 3
2148 3829 1
2149 2631 6
2149 3899 5
2149 1168 3
2149 1483 5
2150 2784 9
2150 2083 1
2150 870 5
2151 3153 8
2151 2444 8
2152 4247 4
2152 508 4
2152 4892 2
2152 175 2
2152 3469 5
2153 430 3
2153 3187 6
2153 1856 1
2153 4238 2
2153 1027 6
2154 3302 8
2154 2076 4
2155 3674 8
2155 3778 3
2155 2543 2
2156 4618 3
2156 3983 8
2157 2286 5
2157 2835 8
2157 2408 7
2157 1437 3
2157 1083 2
2158 404 7
2158 2926 8
2158 4900 5
2158 858 2
2158 2474 6
2159 3557 3
2159 3496 3
2159 493 6
2160 3986 10
2160 1992 2
2161 4157 2
2162 1200 4
2162 101 7
2162 1332 4
2162 2559 6
2163 3333 7
2163 3906 2
2163 2354 8
2164 2100 4
2164 3538 9
2164 1052 5
2165 1027 2
2166 4304 10
2166 2853 5
2166 4343 3
2166 640 10
2166 522 4
2167 2870 6
2167 1342 9
2167 1279 6
2168 1209 7
2168 2116 4
2168 899 6
2169 1260 6
2169 4297 8
2170 4845 2
2170 4104 1
2171 184 4
2172 4999 1
2172 3455 6
2172 1782 5
2173 4093 10
2173 398 7
2173 3370 1
2173 1389 7
2174 3987 9
2174 1876 3
2174 947 1
2175 3037 9
2175 3023 6
2176 2134 1
2176 1458 10
2176 1228 8
2176 674 9
2177 813 10
2177 2573 1
2177 2590 8
2177 3001 7
2177 1637 10
2178 645 3
2178 238 7
2178 1359 8
2178 3119 3
2178 162 2
2179 902 9
2179 1384 7
2179 699 1
2179 4397 4
2179 591 3
2180 433 6
2180 216 1
2181 4088 9
2181 2777 2
2181 4224 1
2182 2773 8
2182 4068 3
2183 2575 6
2183 1830 5
2183 462 7
2183 1847 9
2183 4049 8
2184 3526 4
2184 4944 8
2184 2617 6
2184 1418 2
2185 674 10
2185 569 2
2185 430 4
2185 4438 5
2186 2884 1
2187 1934 6
2187 4623 2
2187 274 4
2188 4157 10
2188 777 1
2189 1136 4
2189 1429 7
2189 175 4
2189 508 4
2190 2741 1
2190 3587 8
2191 2299 5
2191 76 3
2191 2800 8
2191 1594 7
2192 4292 6
2192 1807 1
2193 3591 3
2193 2459 10
2193 4720 4
2193 4046 1
2193 3705 9
2194 4929 6
2195 3017 1
2196 4785 5
2196 2809 8
2196 3625 10
2196 3219 2
2196 3401 1
2197 1289 10
2198 4171 7
2198 3284 9
2199 3355 4
2199 3126 3
2199 129 8
2199 2372 10
2199 4847 5
2200 571 8
2200 1889 8
2200 2766 9
2200 2283 2
2200 4687 2
2201 4994 8
2201 474 5
2201 499 4
2201 2313 2
2202 2929 5
2202 3746 6
2202 4551 7
2202 2892 2
2202 650 4
2203 2537 2
2203 4660 2
2204 1482 4
2204 739 7
2204 4128 3
2205 380 4
2205 3009 8
2205 3181 10
2205 708 9
2206 271 2
2206 1897 4
2206 694 6
2206 1851 4
2206 4476 6
2207 4964 6
2207 1947 6
2208 1212 10
2208 3417 9
2208 2230 6
2208 1998 8
2208 3240 5
2209 4081 2
2209 2382 10
2209 4357 8
2209 3785 2
2209 4799 1
2210 559 6
2210 4782 3
2211 446 8
2211 2010 5
2211 3056 8
2211 1277 10
2211 2403 10
2212 1698 2
2212 3006 1
2213 2043 5
2213 2759 3
2213 4857 5
2213 4566 9
2214 2019 9
2214 711 3
2214 3267 5
2214 2624 2
2215 2564 9
2215 1807 2
2215 4915 8
2215 3375 9
2216 2474 1
2216 667 7
2216 3102 1
2216 2148 1
2216 2518 10
2217 4593 4
2217 4120 10
2218 3554 1
2219 2749 2
2219 1759 9
2219 267 6
2220 1170 8
2221 321 4
2221 2699 1
2221 1749 9
2221 3293 7
2222 1352 2
2222 1020 6
2222 1218 4
2223 4036 4
2223 4958 2
2223 4628 2
2223 859 8
2224 991 6
2224 1848 5
2224 3242 4
2224 4192 5
2225 2460 9
2225 2740 3
2225 544 1
2225 4910 3
2225 1760 8
2226 1350 10
2226 440 10
2226 1616 2
2226 4151 7
2226 991 6
2227 4082 5
2227 4533 2
2227 4474 5
2227 1038 5
2227 2854 2
2228 4782 8
2228 2326 7
2228 540 8
2228 3249 7
2228 1265 6
2229 4410 10
2229 2102 9
2229 4486 7
2229 2316 2
2230 213 9
2230 3700 10
2230 1212 5
2230 4070 5
2230 2907 3
2231 3664 5
2231 4979 2
2231 2871 10
2232 3163 10
2232 2402 8
2232 92 4
2232 4443 9
2233 341 5
2233 573 4
2233 3939 9
2233 4140 3
2234 2946 2
2234 4301 8
2234 4256 5
2234 4445 7
2235 3488 3
2235 3017 4
2235 727 2
2235 3227 4
2235 3120 10
2236 1393 6
2237 3263 7
2237 78 9
2237 943 7
2238 3373 9
2238 1946 9
2238 1920 3
2239 1829 1
2239 2447 6
2239 2819 2
2240 1919 9
2240 3483 8
2240 1929 4
2240 2731 4
2240 3909 2
2241 2751 5
2241 3717 4
2241 720 1
2241 2196 8
2241 2422 3
2242 86 1
2242 247 2
2242 4695 1
2242 3003 9
2242 4089 7
2243 785 8
2244 101 1
2245 4565 1
2245 3200 3
2246 2351 4
2246 4806 9
2246 4840 4
2247 3529 2
2247 1384 8
2248 3337 3
2248 3531 10
2248 1868 9
2249 4598 7
2249 1177 2
2249 1048 10
2250 1978 4
2250 1571 10
2250 731 8
2251 201 8
2251 1221 7
2251 564 7
2251 3292 5
2252 997 9
2252 195 4
2252 2000 4
2253 314 5
2253 1575 2
2253 3520 10
2254 1706 6
2255 3251 1
2255 1193 7
2255 1028 3
2255 2850 8
2255 4118 1
2256 3175 3
2256 1871 5
2256 2764 1
2256 3578 6
2256 1183 1
2257 768 9
2257 2473 3
2258 3849 1
2259 1478 8
2259 3789 1
2259 486 7
2259 4990 2
2259 1474 8
2260 4263 6
2260 4048 3
2260 1179 3
2260 1251 8
2261 2869 9
2261 4686 2
2261 2995 10
2261 4493 10
2261 2925 7
2262 2509 4
2262 3749 9
2262 2384 7
2263 2902 4
2263 2243 10
2263 1111 5
2263 4552 8
2263 847 9
2264 4660 5
2264 3691 2
2264 681 1
2264 4201 10
2265 3809 9
2266 1797 10
2266 4026 3
2267 2723 1
2267 3903 2
2267 3503 4
2267 1441 2
2267 3496 3
2268 4306 5
2268 4251 1
2269 3619 9
2269 2665 9
2269 292 1
2270 3141 4
2270 1993 8
2270 4999 7
2271 4915 7
2271 2484 4
2272 195 5
2272 3355 3
2272 4024 7
2272 1244 7
2272 4216 9
2273 3179 5
2274 2672 7
2275 4891 4
2275 3771 5
2275 3813 9
2276 1443 9
2276 4717 8
2277 825 2
2277 266 10
2277 1976 8
2277 2021 9
2277 2565 5
2278 4999 5
2278 1280 5
2278 650 2
2278 2542 5
2278 3889 2
2279 2336 8
2279 3913 3
2279 1325 3
2279 1868 8
2280 1579 1
2280 1518 3
2280 4120 7
2280 1792 3
2281 3258 10
2282 874 5
2282 3179 9
2282 4811 1
2283 3644 7
2283 3401 6
2284 2525 4
2284 1516 10
2284 770 8
2285 4959 7
2285 4184 1
2285 763 8
2285 1607 1
2286 684 9
2286 1768 5
2287 429 1
2287 530 3
2287 4319 3
2287 3933 7
2288 261 2
2288 555 7
2288 2633 6
2288 4617 8
2289 2546 7
2289 292 8
2289 3170 9
2290 2614 4
2291 2232 8
2291 422 2
2291 4840 10
2291 4376 1
2291 1087 9
2292 3746 5
2292 1141 5
2292 4349 8
2293 2642 5
2293 1450 8
2293 3956 8
2293 4336 1
2293 550 7
2294 3470 1
2294 4768 4
2295 4029 9
2295 2821 9
2296 4842 9
2296 2700 1
2296 51 5
2297 875 2
2297 205 2
2297 2868 4
2297 2212 4
2298 3364 8
2298 1468 7
2298 4442 1
2298 1474 2
2298 4100 8
2299 245 10
2300 4897 9
2300 1012 3
2301 3910 4
2301 3771 1
2301 2643 2
2301 3813 10
2301 3513 10
2302 2741 1
2302 4878 2
2302 1231 8
2302 4366 5
2302 3587 10
2303 3827 10
2303 1866 10
2303 2987 4
2303 1349 9
2304 4573 1
2304 3187 8
2305 429 9
2305 1665 8
2306 224 9
2306 1752 10
2307 2610 1
2307 5 10
2307 3278 3
2307 4301 10
2307 4013 6
2308 2260 6
2308 2615 10
2309 4215 6
2309 1601 9
2310 481 2
2310 3379 3
2311 1468 4
2312 2652 3
2312 2659 7
2312 3972 5
2312 2904 8
2313 4994 7
2313 4019 4
2314 3818 10
2314 1116 5
2314 1333 6
2315 2130 6
2316 2362 8
2317 4793 7
2318 117 10
2319 202 4
2319 4926 2
2319 1661 10
2320 2278 2
2320 157 1
2320 4631 4
2320 3783 1
2321 3348 8
2321 4822 3
2321 768 9
2321 1971 1
2321 311 7
2322 4739 8
2322 40 4
2322 1472 4
2322 3508 8
2323 2977 7
2323 831 4
2324 526 2
2324 1794 8
2324 4220 1
2325 2092 4
2325 4303 10
2325 89 9
2325 344 7
2325 2249 6
2326 4371 2
2326 1867 1
2326 1086 1
2327 3371 2
2328 1172 9
2328 2485 10
2328 2784 8
2328 2498 7
2329 1090 4
2329 1021 5
2329 2381 7
2329 3543 3
2330 2547 10
2330 1489 7
2330 3887 8
2330 1465 3
2331 3144 8
2331 3075 5
2331 2393 3
2331 3371 6
2332 769 4
2332 221 5
2333 1934 9
2333 3838 3
2333 2783 8
2334 166 1
2335 4495 10
2335 4099 7
2336 1518 7
2337 2735 4
2337 1393 2
2337 3066 10
2337 4344 9
2337 1759 10
2338 41 9
2338 3303 9
2339 4898 1
2340 2252 5
2341 688 3
2341 4757 4
2341 1945 5
2341 4345 4
2342 349 1
2343 2853 7
2343 4212 5
2343 92 10
2344 1816 1
2344 478 3
2344 104 9
2345 4771 1
2346 1161 9
2347 772 4
2347 3372 9
2347 1986 4
2347 282 7
2348 1393 3
2348 4936 9
2348 2958 2
2348 2744 9
2348 4344 2
2349 2345 10
2349 4145 7
2349 1230 3
2349 1342 5
2349 1855 4
2350 4389 7
2350 303 8
2350 4446 5
2350 602 9
2351 2635 1
2351 4937 2
2351 1403 9
2351 3302 8
2352 3825 4
2353 4498 2
2353 1205 1
2353 4789 6
2354 2731 2
2355 3271 9
2355 2703 4
2355 3132 6
2356 4076 2
2356 3873 8
2356 1337 8
2356 4218 2
2356 47 10
2357 1984 5
2357 4623 2
2357 2686 3
2358 1095 3
2358 1420 1
2358 278 5
2358 3936 6
2359 1171 9
2360 2151 6
2360 3472 4
2360 1781 4
2361 2777 5
2361 1096 2
2361 2627 10
2362 2399 1
2362 4598 9
2362 3615 8
2362 3011 1
2363 2308 1
2363 3818 10
2363 2615 6
2363 4839 10
2364 1548 10
2364 436 8
2364 1890 8
2364 2950 8
2364 2723 1
2365 4028 4
2366 1932 7
2367 1676 2
2367 3639 10
2367 4869 9
2367 188 9
2368 4117 7
2368 4918 3
2369 733 7
2370 417 1
2370 606 5
2370 936 3
2370 405 6
2370 657 5
2371 4943 6
2371 2193 7
2371 4890 3
2371 2158 10
2371 1448 2
2372 3977 5
2372 4117 5
2372 1706 6
2372 2254 3
2372 1244 6
2373 1787 5
2374 3184 8
2375 2907 5
2375 1998 3
2375 543 5
2375 4947 8
2375 3495 5
2376 3667 3
2376 4263 7
2377 977 3
2377 3725 7
2378 4482 4
2378 2421 5
2378 3086 1
2378 4935 6
2379 1941 3
2379 1776 1
2380 351 2
2381 1862 10
2381 2767 4
2382 4955 4
2382 4799 1
2382 617 9
2382 3178 1
2382 1401 8
2383 1050 8
2384 188 8
2384 4625 5
2384 4869 10
2385 2934 9
2386 3486 8
2386 4273 10
2386 139 10
2386 2381 8
2387 1252 10
2387 1280 9
2387 3746 1
2387 1588 3
2388 3591 7
2388 4075 3
2389 1291 10
2389 5000 1
2389 3963 7
2390 4803 10
2390 3233 3
2391 4070 1
2391 160 7
2392 3626 7
2392 2302 7
2393 1754 10
2393 1362 9
2393 406 4
2394 3700 1
2394 2907 10
2394 3392 8
2395 4094 7
2395 2203 3
2395 795 4
2395 2381 3
2395 2994 4
2396 2308 6
2396 3164 8
2396 4231 5
2396 2971 10
2397 2723 2
2397 3447 10
2398 4990 5
2398 437 10
2399 2888 1
2399 4056 5
2400 1171 3
2401 3802 6
2401 636 7
2402 3598 5
2403 2606 2
2403 280 8
2403 3619 2
2403 429 2
2403 3791 3
2404 2122 9
2404 3572 1
2404 1292 6
2405 3755 6
2405 2078 2
2405 2202 3
2405 3026 2
2405 3470 8
2406 390 6
2406 1517 10
2406 88 10
2406 175 7
2406 2073 9
2407 4161 1
2407 3406 5
2407 4477 6
2408 2104 3
2408 3999 2
2408 1497 6
2408 1246 5
2409 4806 5
2409 2089 4
2410 4181 4
2410 1281 1
2411 2553 5
2411 839 7
2411 2128 7
2411 3473 9
2412 3231 1
2412 3463 2
2412 3980 4
2412 2985 8
2413 3102 1
2413 4877 7
2413 4237 7
2413 276 9
2413 1970 7
2414 3710 6
2414 1059 3
2414 4573 5
2415 3531 2
2415 2037 4
2416 3704 7
2416 3715 10
2416 2447 2
2417 2334 6
2417 3384 5
2417 4782 10
2418 3436 2
2418 2462 3
2418 2045 5
2419 2884 7
2419 4218 3
2419 2186 7
2420 2496 5
2420 4277 4
2421 4941 6
2421 3216 1
2421 1368 3
2421 765 10
2421 2318 2
2422 3181 5
2422 1968 1
2422 4086 1
2422 2605 9
2423 307 5
2423 2580 7
2423 36 1
2424 3039 2
2425 4387 2
2425 4032 3
2425 3768 3
2425 1904 8
2425 4557 2
2426 3066 2
2426 2178 3
2426 3736 7
2427 4523 2
2428 4714 1
2428 3473 1
2428 2945 10
2429 3805 5
2429 4975 10
2429 1637 9
2429 4945 10
2430 956 3
2430 563 7
2430 1204 6
2431 2373 9
2431 800 4
2431 2994 2
2431 3690 10
2432 523 6
2432 896 9
2432 2152 2
2432 3610 4
2433 1289 10
2433 2538 9
2433 2984 3
2433 4847 1
2434 3813 4
2435 3223 7
2435 3415 9
2435 4351 4
2435 1942 3
2435 3481 2
2436 3005 4
2436 1030 7
2437 4084 10
2437 223 1
2437 1491 1
2437 1329 3
2438 2175 5
2439 677 1
2439 2966 9
2439 3600 9
2440 3939 3
2440 1506 4
2440 2800 7
2440 4875 8
2441 3337 3
2441 4802 9
2441 2369 6
2442 4268 10
2442 1204 8
2443 4077 6
2443 964 4
2443 1941 1
2444 999 9
2444 1161 7
2444 1380 8
2444 2717 8
2445 2267 9
2445 3580 5
2445 3903 9
2445 987 9
2446 1204 7
2447 2780 7
2447 4601 1
2447 3052 4
2447 4744 3
2448 2083 8
2448 3267 2
2449 4446 5
2449 721 3
2449 3149 8
2449 3916 2
2450 721 9
2450 2400 1
2451 2243 4
2451 3378 2
2451 553 1
2452 4068 4
2452 3300 3
2453 1691 2
2453 2728 2
2453 3366 9
2453 1023 10
2454 833 5
2455 3317 1
2455 4210 2
2455 3110 10
2455 4109 5
2456 3414 10
2456 3926 6
2456 1513 3
2456 3733 9
2457 2520 9
2457 4861 3
2458 4547 6
2458 4359 8
2459 3112 9
2460 1117 6
2460 46 4
2461 4953 6
2461 1115 3
2461 3770 2
2461 2219 1
2461 4227 10
2462 3560 5
2462 3518 3
2462 944 8
2463 452 5
2463 4894 3
2463 2701 7
2463 4740 9
2464 2910 7
2464 3581 6
2465 4612 6
2465 1280 10
2466 4500 8
2467 2943 4
2467 1494 10
2467 4944 2
2467 3918 6
2468 814 6
2469 158 3
2469 1693 5
2469 1596 5
2470 1566 3
2470 3615 3
2471 4960 4
2471 1546 1
2471 4510 9
2472 1897 10
2472 3564 6
2472 2005 10
2473 4215 4
2474 3754 10
2474 3705 5
2474 4720 4
2474 1448 4
2475 4594 3
2475 4937 4
2475 4511 3
2475 92 6
2475 3934 8
2476 3719 10
2477 3099 7
2478 3288 2
2478 3132 10
2479 922 1
2479 2097 8
2480 4362 3
2480 603 5
2480 2980 2
2481 224 7
2481 1362 8
2482 4111 1
2482 4343 6
2482 3607 8
2483 3185 3
2484 3497 6
2484 4676 4
2485 3232 10
2485 3267 2
2485 3492 10
2486 3321 8
2486 16 4
2486 1892 5
2486 4724 8
2486 173 5
2487 3284 6
2487 4274 8
2488 4798 1
2488 2607 5
2488 3457 7
2488 499 4
2488 3833 1
2489 1009 6
2489 4900 1
2489 3953 5
2489 2459 7
2489 4237 10
2490 4053 1
2490 1118 8
2490 2506 10
2491 3058 2
2491 2367 8
2491 2726 8
2491 15 9
2491 412 5
2492 644 9
2492 2756 2
2492 2032 2
2492 3217 7
2493 3936 8
2493 3436 4
2493 1496 4
2494 3322 2
2494 230 2
2494 2290 10
2494 3335 1
2495 1825 9
2495 1296 3
2495 618 10
2495 930 5
2496 639 3
2497 1976 10
2497 1742 8
2497 3487 6
2497 4816 4
2498 2214 5
2499 3839 2
2499 2636 1
2499 4291 9
2499 751 1
2499 703 3
2500 104 2
2500 2317 2
2500 2129 7
2500 367 6
2501 633 8
2502 370 5
2503 1717 6
2504 1188 3
2504 2424 3
2504 4409 7
2504 879 1
2505 2639 2
2505 3924 8
2505 602 10
2505 3368 2
2506 4102 7
2506 3213 2
2506 1489 3
2507 606 5
2507 4876 9
2507 2574 3
2508 3639 2
2508 1270 9
2508 4745 3
2509 869 9
2509 2274 1
2509 3436 2
2509 429 9
2510 188 10
2510 1846 7
2510 3332 3
2510 4807 6
2511 2583 6
2511 1499 6
2511 4557 3
2511 4387 4
2511 1904 1
2512 3611 1
2512 4595 5
2512 3975 6
2512 200 8
2512 3725 7
2513 307 9
2513 122 7
2513 3288 9
2513 4981 6
2513 580 7
2514 1450 1
2514 2686 8
2514 3846 6
2514 3389 8
2514 2917 6
2515 3514 4
2516 3307 1
2516 3673 10
2516 867 4
2516 3643 4
2517 4405 3
2517 236 10
2518 2612 8
2518 4046 3
2518 4720 10
2519 2190 6
2519 1797 4
2519 3939 9
2519 4797 8
2519 4875 8
2520 3082 5
2521 4969 9
2521 379 10
2521 2991 3
2521 2142 4
2521 540 8
2522 760 5
2522 1036 3
2522 1917 4
2522 2493 4
2523 3848 4
2523 3691 7
2523 1701 5
2523 2537 8
2524 4368 3
2524 711 2
2524 2419 9
2524 1628 2
2525 2778 10
2525 3082 1
2525 1387 2
2525 3059 10
2525 2119 2
2526 295 6
2526 222 3
2526 4694 10
2527 4248 7
2527 460 1
2527 3469 1
2527 1513 5
2527 3006 8
2528 3624 8
2528 2292 6
2528 4654 3
2529 150 4
2529 1509 6
2529 3058 7
2529 2605 1
2529 2743 7
2530 3737 10
2531 3288 2
2531 3816 6
2531 2755 4
2531 3271 4
2532 3792 5
2532 1101 3
2532 2069 10
2532 4906 8
2532 2125 9
2533 1914 9
2534 2552 7
2534 1231 2
2534 3875 9
2534 939 4
2535 4964 5
2535 2607 1
2535 2922 3
2535 347 7
2536 2156 10
2536 3578 7
2537 853 3
2538 332 6
2538 3980 3
2538 2866 10
2538 2141 2
2539 3980 6
2539 3442 6
2539 3988 4
2539 2985 10
2539 1289 3
2540 1897 9
2540 3411 9
2540 4881 1
2540 1218 7
2541 3144 8
2541 1221 10
2541 2377 9
2542 3476 7
2542 1240 2
2542 141 10
2543 3778 1
2543 4518 5
2544 1640 7
2544 3418 7
2544 3904 6
2544 3816 7
2545 4472 1
2545 1717 9
2546 771 4
2546 3401 6
2546 1306 1
2546 3170 5
2546 3009 9
2547 4820 4
2547 1329 6
2547 4084 9
2547 903 1
2547 1013 6
2548 4931 3
2549 4773 5
2549 2711 5
2549 3333 8
2549 4535 9
2550 4677 9
2551 1152 1
2551 2709 2
2552 3315 2
2552 1594 9
2552 1991 1
2552 98 8
2552 831 7
2553 843 10
2553 4745 9
2554 2485 4
2554 4100 3
2554 2899 3
2554 4325 3
2554 717 6
2555 3063 1
2555 3868 7
2556 756 4
2556 1353 1
2556 912 2
2556 235 8
2557 2846 9
2557 4355 9
2558 3125 10
2558 4071 6
2559 2870 5
2559 624 6
2559 1964 1
2559 1664 1
2560 4504 8
2560 4085 1
2560 1727 7
2561 447 6
2561 2362 9
2561 1590 1
2561 4792 10
2562 140 9
2562 4951 7
2563 4544 5
2564 4676 5
2564 4647 4
2565 425 2
2565 1318 10
2565 3474 9
2565 930 4
2565 3059 3
2566 2811 10
2566 3586 6
2566 4701 4
2566 3609 10
2567 4656 8
2567 717 3
2567 2899 5
2567 1658 9
2568 4537 7
2568 4717 6
2569 3392 6
2570 4061 7
2570 2965 9
2570 3459 2
2570 4360 8
2570 1050 10
2571 3778 6
2571 4198 6
2571 85 4
2571 4640 1
2572 2892 3
2572 1252 7
2572 1996 2
2572 467 1
2573 4596 9
2573 3298 8
2574 2520 10
2574 1445 9
2574 3965 1
2574 4722 2
2575 1309 6
2576 4856 7
2576 1325 3
2576 2349 8
2576 2183 3
2576 3886 3
2577 2089 9
2577 1326 2
2578 2417 9
2578 1068 7
2578 4673 1
2579 3247 6
2580 1727 10
2580 307 3
2580 1704 5
2580 4085 4
2581 3559 3
2581 630 6
2582 4709 5
2582 582 7
2582 3543 1
2582 2767 6
2583 3496 8
2583 1399 2
2583 3557 10
2583 2771 10
2583 4198 9
2584 1475 7
2584 3303 8
2584 4683 4
2584 3399 3
2584 3268 8
2585 965 10
2585 1483 6
2586 491 1
2587 2998 9
2587 2772 10
2587 2421 1
2587 3560 10
2588 3662 2
2589 1337 3
2589 1768 8
2589 4076 9
2589 2186 8
2589 1975 4
2590 4245 9
2590 2531 10
2590 4945 7
2590 1193 8
2591 525 9
2591 3967 10
2591 1636 1
2591 3505 3
2591 204 10
2592 1296 3
2592 4861 3
2592 731 7
2592 936 9
2593 4975 10
2593 3870 3
2593 1028 6
2594 4229 2
2594 2824 7
2594 4921 1
2594 3920 4
2594 93 1
2595 3580 8
2595 3986 10
2595 178 2
2596 1993 5
2596 4321 1
2596 2294 5
2597 39 7
2597 2491 1
2598 4936 9
2598 2719 1
2599 1186 8
2600 3635 4
2601 1887 3
2601 1955 10
2601 4105 6
2602 499 7
2602 3711 10
2602 1962 1
2603 4261 4
2603 1610 10
2603 402 10
2604 354 8
2604 4610 6
2604 2048 5
2605 46 5
2605 2801 9
2605 4384 9
2606 1420 8
2606 1168 9
2606 2491 10
2606 3639 5
2606 1098 10
2607 4798 4
2608 3810 4
2608 794 10
2609 2695 2
2609 2532 6
2609 2085 9
2610 2891 3
2611 3678 7
2611 493 2
2611 4424 5
2611 1885 4
2611 510 1
2612 1473 3
2612 2542 2
2612 4893 7
2613 3662 1
2614 1023 9
2614 3824 5
2614 2039 9
2614 2995 2
2614 2728 8
2615 3550 5
2615 2677 3
2615 2703 6
2615 1704 6
2615 2927 8
2616 802 9
2617 4011 8
2617 4348 5
2618 4930 2
2618 1328 10
2618 29 4
2618 3259 2
2619 1492 9
2619 1797 10
2619 2156 5
2619 408 3
2619 2552 7
2620 4423 1
2620 4640 6
2621 4198 7
2622 4084 3
2622 4681 8
2623 4265 4
2623 4510 1
2623 4421 1
2623 4393 9
2624 2955 10
2624 138 10
2625 1115 5
2625 3338 10
2626 3647 3
2626 2523 6
2626 4566 3
2626 2043 9
2626 1269 5
2627 2660 4
2627 753 10
2627 1711 8
2627 4452 5
2627 23 8
2628 1746 8
2628 1165 3
2628 1559 4
2628 91 7
2629 2475 6
2629 875 1
2629 1164 7
2630 885 2
2630 1212 6
2630 4454 7
2630 240 5
2631 2380 2
2631 127 7
2631 2597 8
2631 1645 8
2632 959 5
2632 3227 4
2632 727 10
2632 4393 10
2633 51 7
2634 651 10
2634 4891 7
2634 452 7
2635 3414 6
2636 4093 2
2636 862 4
2636 254 1
2636 163 9
2636 2483 5
2637 1412 7
2638 721 5
2638 2133 7
2638 2359 6
2638 2551 1
2638 3924 2
2639 3331 1
2639 2309 8
2639 1291 2
2639 737 2
2640 3800 10
2640 4790 1
2641 3479 7
2641 4008 10
2641 2778 7
2641 4458 1
2641 1976 3
2642 499 1
2642 2338 8
2642 1604 2
2643 3771 4
2643 3513 7
2643 4891 1
2643 3404 8
2644 1418 2
2644 4416 10
2644 1390 2
2645 3418 2
2645 3676 4
2645 1259 10
2646 156 10
2646 1973 1
2647 4986 10
2647 3536 6
2647 3640 10
2648 4325 10
2648 3049 4
2648 3250 3
2648 778 7
2649 873 1
2649 344 4
2650 1403 8
2650 2246 6
2650 810 7
2650 4536 5
2650 1639 6
2651 2729 8
2652 85 8
2652 3986 1
2652 2611 1
2652 2500 9
2653 1230 10
2653 2162 4
2653 3104 3
2653 4490 7
2654 605 5
2654 3900 10
2654 2544 4
2654 1343 7
2654 2223 7
2655 1398 4
2655 4580 4
2655 929 3
2655 1184 6
2656 3808 2
2656 2943 7
2656 1936 2
2657 4717 9
2657 3963 4
2657 5000 10
2657 3800 4
2657 737 3
2658 2267 3
2658 3447 9
2658 85 8
2658 3580 1
2658 3496 8
2659 85 6
2659 493 4
2659 4062 4
2659 1653 3
2659 2621 8
2660 4045 4
2660 3207 9
2661 838 7
2662 4533 9
2662 392 5
2662 900 8
2662 3420 4
2663 4225 4
2663 2017 3
2663 4480 6
2663 2049 2
2663 2375 2
2664 4409 10
2665 4734 3
2665 2220 6
2665 3273 4
2665 1075 5
2666 3578 3
2666 1871 5
2666 1231 7
2667 3861 3
2667 332 6
2667 2632 4
2668 4264 9
2668 3928 7
2668 1447 5
2669 3810 10
2669 3655 10
2670 1359 6
2670 1557 9
2670 1111 9
2670 1130 1
2671 3991 7
2671 2266 6
2671 2233 6
2671 900 1
2672 1224 3
2672 4414 9
2673 3994 8
2673 1315 3
2673 464 6
2673 3720 4
2673 452 3
2674 4639 9
2674 891 9
2674 2149 1
2675 4064 2
2675 4140 9
2675 831 1
2676 4921 9
2677 2506 2
2678 290 7
2679 3642 2
2679 1745 4
2679 3520 4
2680 3741 10
2680 2296 4
2680 3416 6
2680 2633 7
2680 254 6
2681 4453 1
2681 714 9
2681 4814 10
2681 1048 4
2681 4967 5
2682 2886 10
2682 559 2
2683 1579 6
2683 2118 7
2683 3337 10
2684 445 3
2684 190 1
2684 1258 9
2685 3474 1
2685 618 3
2686 913 7
2686 4588 10
2686 2338 8
2686 2808 1
2687 106 2
2687 2411 7
2687 1483 10
2687 1456 10
2688 2853 3
2688 348 9
2688 1633 3
2688 937 4
2688 92 1
2689 1373 4
2689 1610 3
2690 2762 8
2690 4301 5
2691 77 7
2691 3921 10
2691 2916 10
2692 4940 6
2692 3843 2
2692 2744 1
2692 1135 8
2693 4318 7
2693 3913 9
2693 1579 6
2694 1645 10
2694 4434 6
2694 2793 10
2694 380 2
2695 4906 4
2695 3483 8
2695 3066 6
2695 4552 8
2696 4884 3
2696 3469 9
2697 1884 4
2697 1414 9
2697 3351 8
2698 4489 1
2698 3521 10
2698 2195 10
2698 3745 10
2698 419 7
2699 1211 3
2700 1315 7
2700 261 5
2700 4314 6
2700 4492 2
2700 199 2
2701 3405 9
2702 2525 8
2703 3240 6
2704 1106 2
2704 122 1
2705 4215 3
2705 1906 3
2705 236 8
2706 3697 4
2706 3318 8
2707 4651 1
2707 4904 3
2708 709 6
2709 3149 7
2709 3368 6
2709 4446 10
2710 2006 3
2710 4606 2
2710 2153 2
2711 100 4
2711 2787 6
2711 4209 3
2711 4904 9
2711 982 7
2712 4212 10
2712 2853 5
2712 3874 2
2712 3302 4
2713 3991 4
2713 831 5
2714 3006 1
2714 4791 3
2715 4450 5
2715 2504 6
2715 1892 8
2715 3052 8
2715 3472 6
2716 4769 3
2716 1708 6
2716 3654 2
2716 3265 7
2716 2538 4
2717 3148 3
2717 1804 9
2717 627 2
2717 1492 10
2717 939 5
2718 2906 10
2718 3426 3
2718 186 3
2719 2731 4
2719 3426 4
2719 1351 1
2720 870 5
2721 2895 8
2722 1026 2
2722 3270 3
2722 4495 8
2723 2051 9
2723 3503 4
2723 3307 2
2724 1670 6
2724 3559 9
2724 2585 3
2724 3258 3
2725 3558 10
2725 3601 1
2725 2873 6
2725 1190 1
2725 1956 10
2726 3608 1
2726 4580 7
2726 4502 3
2726 2998 10
2727 3163 7
2727 2147 4
2727 4166 6
2728 3643 4
2728 1003 5
2728 3503 8
2729 3560 6
2729 3233 2
2729 3058 4
2729 3703 10
2730 3756 9
2730 2479 10
2730 3567 7
2731 2707 9
2731 3333 3
2731 1186 9
2731 2711 10
2731 2125 3
2732 3980 2
2732 2538 9
2733 3592 9
2733 4878 1
2734 3983 5
2735 4652 5
2736 2295 10
2736 3035 2
2737 2651 3
2738 890 5
2739 3463 3
2740 3619 2
2740 2367 5
2740 2044 6
2741 4063 7
2741 1991 4
2741 341 8
2741 2065 3
2741 573 5
2742 2198 8
2742 285 2
2742 2487 4
2742 4220 8
2743 2655 7
2744 2625 4
2744 2711 3
2744 4350 3
2745 4448 3
2745 4596 7
2745 3816 1
2746 4596 9
2747 4921 8
2747 2824 4
2747 3776 2
2748 3474 7
2748 920 1
2748 3131 5
2749 3048 4
2749 1759 2
2750 842 4
2750 4117 3
2750 1324 2
2751 2651 2
2751 2614 10
2751 1852 8
2752 2181 2
2752 164 8
2752 713 7
2753 3581 9
2753 1336 10
2753 2910 9
2753 1152 4
2753 602 9
2754 2689 6
2754 4301 5
2754 637 7
2754 3668 6
2755 1547 7
2755 3288 5
2755 3240 2
2755 1124 6
2756 186 6
2756 4185 9
2756 2841 9
2756 1749 1
2757 454 5
2757 2275 3
2758 3716 7
2758 3023 2
2758 3739 1
2758 2116 1
2759 4486 7
2759 971 10
2759 4709 8
2759 978 2
2759 2537 10
2760 3982 1
2760 980 8
2760 378 6
2760 3379 6
2760 1619 7
2761 4489 3
2761 2018 4
2761 3035 5
2761 3142 2
2762 4183 2
2762 3259 5
2763 186 5
2764 4618 8
2764 2983 6
2764 786 7
2764 4907 4
2764 1631 7
2765 559 1
2766 3332 9
2766 1181 5
2767 3848 1
2767 853 4
2768 3681 3
2768 2676 3
2768 4812 3
2769 4855 10
2769 3389 2
2769 228 9
2770 3216 5
2771 367 10
2772 1368 3
2772 2318 8
2772 3518 3
2773 573 8
2773 3626 7
2774 4667 6
2774 3268 6
2774 4144 6
2774 2808 2
2775 3196 3
2775 1635 7
2775 3111 10
2776 1234 7
2776 3771 9
2776 3813 7
2776 3405 8
2776 555 5
2777 3356 10
2777 1355 10
2778 4531 9
2778 4677 5
2778 4861 5
2779 2401 6
2779 4016 10
2779 1834 4
2780 3023 10
2780 4084 2
2780 1829 3
2780 2666 9
2781 622 4
2782 4132 9
2782 3459 5
2783 3389 8
2783 2808 3
2783 4588 5
2783 1738 10
2784 2186 2
2784 2840 1
2784 3917 1
2784 2835 9
2784 3297 8
2785 2245 1
2785 2490 10
2785 3200 5
2785 2947 7
2785 3210 2
2786 402 9
2786 2258 3
2787 100 10
2787 4890 5
2788 224 5
2788 1840 4
2788 3882 3
2788 3452 8
2788 184 10
2789 4570 4
2790 1200 2
2790 2638 9
2790 1627 6
2790 677 10
2790 1679 2
2791 4815 1
2791 4237 6
2792 3550 6
2792 2067 7
2792 3210 9
2792 3798 8
2792 1124 5
2793 414 4
2793 3806 8
2793 4331 6
2794 2338 10
2794 3882 7
2795 1120 6
2795 1337 9
2795 2835 10
2796 4890 4
2796 1108 8
2796 3662 6
2796 4652 10
2796 4851 6
2797 1729 2
2797 2933 2
2797 2390 1
2797 1865 1
2797 2114 1
2798 3809 2
2798 4222 1
2799 3924 3
2799 2976 4
2799 3101 3
2799 2551 10
2799 441 1
2800 4189 10
2801 320 8
2801 3639 9
2802 1695 6
2802 2549 7
2803 3980 6
2803 3977 6
2803 2272 1
2803 3087 1
2804 4102 9
2805 3680 4
2806 4166 3
2806 1372 7
2807 3406 1
2808 4827 4
2808 4320 8
2808 4855 4
2808 4400 7
2809 4512 10
2810 2961 4
2810 762 7
2810 3268 2
2810 3882 10
2810 4104 4
2811 434 7
2811 859 1
2811 4715 9
2811 4628 8
2812 4721 8
2812 3874 2
2812 4166 10
2812 3598 10
2813 4909 6
2814 636 10
2814 4964 2
2814 550 8
2814 206 10
2815 3331 1
2816 3366 6
2816 4326 9
2816 4686 1
2817 525 1
2817 3210 1
2817 2230 8
2817 2804 5
2817 3240 8
2818 2351 5
2818 1422 7
2818 64 3
2818 4199 4
2819 4724 9
2819 3578 7
2820 2666 3
2820 2486 6
2820 2416 8
2820 4820 6
2820 2120 8
2821 4029 9
2822 1252 5
2822 2417 4
2822 4782 6
2823 721 3
2823 4215 6
2823 2648 1
2823 2449 10
2824 4930 1
2825 2550 1
2825 1392 5
2825 1445 9
2826 3700 3
2826 4987 10
2827 4657 9
2827 4723 8
2828 1961 2
2828 1173 9
2828 4062 10
2828 367 4
2828 3972 1
2829 4518 1
2829 3622 9
2829 1647 7
2829 4955 10
2829 1761 6
2830 3011 10
2831 3340 7
2831 4689 2
2832 3753 5
2832 2197 5
2833 1115 10
2833 2678 10
2834 988 6
2834 4540 1
2834 559 7
2834 4913 7
2835 4218 8
2835 3990 9
2835 2899 9
2835 2031 9
2836 3045 4
2836 870 10
2836 2916 10
2836 4790 5
2837 3968 8
2837 4481 1
2837 537 7
2837 3248 6
2838 2268 4
2838 3375 8
2838 4676 2
2838 1743 3
2838 4437 3
2839 4431 9
2839 3808 4
2839 4098 7
2839 2467 5
2839 2897 3
2840 1303 5
2841 4535 7
2842 1713 6
2842 3745 8
2842 3227 2
2842 1207 10
2842 3340 7
2843 4219 10
2843 79 8
2843 1560 3
2844 4945 5
2844 790 9
2845 3771 10
2846 969 1
2846 3019 5
2846 1893 9
2846 3582 7
2847 3690 10
2847 4660 4
2847 3811 10
2847 2537 10
2848 2780 4
2848 3110 6
2848 1209 4
2849 3529 3
2849 3144 10
2850 4115 2
2850 3271 4
2851 4875 7
2851 4854 1
2852 1655 9
2852 777 3
2852 3367 10
2852 1854 3
2852 3607 1
2853 4496 4
2853 1311 2
2853 1422 10
2854 371 6
2854 740 10
2854 3595 8
2855 3099 8
2855 744 4
2855 4089 5
2856 2960 6
2857 2925 3
2858 4417 2
2859 1653 7
2859 34 2
2860 2250 7
2861 991 7
2862 3780 10
2863 4543 4
2864 4360 8
2864 630 8
2864 295 1
2864 4186 7
2864 3619 6
2865 3227 1
2865 4393 7
2866 3521 7
2866 3120 1
2866 4393 2
2866 1795 1
2867 1973 6
2868 2853 5
2868 4188 7
2868 4840 5
2868 1198 2
2868 640 6
2869 987 3
2869 2723 9
2870 1629 8
2870 3928 3
2870 4778 3
2870 1579 1
2871 467 8
2871 3859 3
2871 2078 1
2872 4739 6
2872 4725 4
2872 2412 10
2872 353 1
2873 60 3
2874 3769 2
2874 4937 7
2874 4835 1
2875 4751 5
2875 1565 1
2875 2759 5
2876 3185 4
2876 4810 3
2876 2296 8
2877 633 9
2878 1963 2
2878 1693 6
2878 4013 1
2878 1596 1
2878 4256 8
2879 65 3
2879 2479 9
2879 3341 9
2880 4637 3
2880 3703 2
2880 4830 5
2880 3599 5
2881 2387 4
2881 3807 10
2881 249 7
2881 1504 7
2881 3545 8
2882 4161 2
2882 3406 4
2882 3781 10
2882 1714 6
2882 4239 7
2883 65 5
2883 3651 10
2883 1649 9
2883 425 6
2884 4301 5
2885 3056 2
2885 80 10
2886 1670 4
2886 4371 7
2886 4399 10
2886 1265 4
2887 401 9
2887 155 8
2887 968 7
2888 841 6
2889 4853 10
2889 536 7
2889 840 2
2889 3270 8
2889 4588 7
2890 387 7
2890 3515 9
2890 3032 2
2891 2939 8
2891 4930 6
2891 3784 4
2891 381 10
2892 4399 4
2893 3177 7
2893 4299 3
2893 4890 9
2893 2731 8
2893 1065 10
2894 3715 6
2894 3091 3
2894 2239 4
2894 2116 2
2894 4329 8
2895 3111 7
2895 3303 8
2895 1717 3
2896 3597 4
2896 4405 7
2897 1391 10
2897 1560 10
2898 4531 1
2898 3157 4
2898 2550 1
2898 2919 3
2899 1975 9
2899 653 2
2899 306 5
2899 4033 9
2899 1246 7
2900 392 5
2900 4618 9
2900 2302 3
2900 723 10
2900 3015 7
2901 437 1
2901 1246 5
2901 2586 5
2901 1394 3
2902 2337 8
2902 2707 9
2903 564 6
2903 805 6
2903 2435 7
2903 1026 7
2903 3196 4
2904 510 1
2904 4972 6
2904 2051 8
2904 2397 8
2904 828 6
2905 4544 1
2906 2103 3
2906 2787 5
2906 3036 3
2906 4851 10
2906 186 10
2907 3240 9
2908 3052 8
2909 3392 4
2909 2947 1
2909 2022 1
2910 3149 1
2910 2648 6
2911 2796 8
2911 4337 9
2912 3336 6
2913 1248 8
2914 3443 2
2915 1381 8
2916 1658 3
2917 1475 6
2917 4556 4
2917 2706 4
2918 4033 4
2919 2454 10
2919 3262 1
2920 88 7
2920 9 3
2920 2616 3
2920 196 8
2921 1163 5
2921 4180 4
2922 200 8
2922 851 8
2922 2401 6
2922 2913 2
2922 1990 7
2923 1481 6
2923 711 3
2924 3396 5
2924 2787 3
2924 1819 9
2925 3176 1
2925 1691 6
2925 3673 9
2926 2542 5
2926 3018 9
2926 1104 4
2926 1071 8
2927 3974 7
2927 2230 1
2927 4014 6
2928 3774 4
2928 4039 8
2928 4198 1
2928 4095 6
2928 2494 3
2929 156 3
2930 4053 9
2930 2909 7
2930 4328 2
2930 1744 10
2931 424 2
2931 3303 10
2932 2930 10
2933 2816 7
2933 625 5
2933 316 6
2933 2925 1
2934 4722 7
2935 4724 2
2935 4601 7
2935 811 2
2936 3144 5
2936 3080 4
2936 977 5
2937 1290 2
2938 2442 7
2938 788 8
2939 2429 1
2940 819 10
2940 2120 5
2940 3589 2
2941 4566 8
2941 2973 1
2941 1365 3
2942 885 8
2942 318 9
2942 525 2
2942 1998 4
2942 1845 1
2943 1230 7
2943 4586 5
2943 3886 10
2944 3832 3
2944 4383 6
2944 3536 8
2944 2526 6
2945 80 2
2945 3038 10
2945 843 8
2946 93 5
2946 1997 10
2947 4210 4
2948 4607 8
2948 4183 7
2948 402 4
2948 143 2
2948 4286 3
2949 164 2
2950 3557 9
2950 828 2
2950 2920 2
2950 4390 2
2950 1348 7
2951 4492 2
2951 2434 6
2951 4314 7
2951 3513 1
2951 454 8
2952 3301 5
2953 2643 9
2953 4891 2
2953 1405 3
2954 3890 6
2954 3637 1
2954 962 2
2954 1066 4
2954 1385 2
2955 2307 9
2955 4271 8
2956 474 1
2956 159 2
2956 805 3
2957 4575 1
2957 2382 6
2957 61 7
2957 1401 8
2958 4895 10
2958 3036 1
2959 1650 2
2960 546 10
2960 1553 9
2960 3221 7
2960 1941 7
2960 235 3
2961 4667 9
2961 224 2
2961 3709 8
2962 1749 4
2963 69 7
2963 3753 5
2963 4973 1
2964 1076 10
2965 209 3
2966 3096 7
2967 1725 3
2967 2128 5
2967 4360 1
2967 2553 9
2968 4351 10
2968 2201 9
2968 2607 5
2968 499 6
2968 4019 5
2969 650 7
2969 638 10
2969 3686 9
2969 1280 10
2969 2241 8
2970 2582 2
2971 3132 5
2972 1756 10
2972 4010 10
2972 4331 5
2972 4207 1
2973 1177 5
2973 4789 2
2973 4303 3
2973 1269 4
2974 4154 6
2974 2252 2
2975 3678 10
2975 493 1
2976 3916 2
2976 2464 8
2976 4446 9
2976 1336 10
2976 1152 8
2977 3241 2
2977 3679 1
2977 2055 6
2978 1792 7
2978 3531 1
2979 4531 4
2979 2641 6
2980 3242 7
2980 581 8
2980 4298 2
2981 4121 4
2981 3535 6
2981 877 4
2981 77 2
2982 2007 9
2982 4795 3
2982 2665 9
2982 1755 3
2983 816 1
2984 4421 5
2984 1322 5
2984 221 8
2984 934 1
2984 1948 6
2985 3142 6
2985 1439 9
2985 3017 5
2985 4407 1
2986 4119 10
2987 2292 4
2988 1845 5
2988 4504 1
2988 1489 6
2988 3197 2
2989 445 2
2989 1600 4
2989 2609 5
2989 2103 1
2989 1211 1
2990 100 4
2990 4890 8
2990 2413 4
2990 416 6
2990 2030 2
2991 4007 1
2991 3506 3
2991 889 5
2991 3536 2
2991 3443 10
2992 3802 6
2992 4716 2
2992 3111 9
2993 2369 8
2994 1222 4
2994 2537 3
2995 111 5
2995 2652 6
2995 1484 4
2996 1963 10
2996 2824 10
2997 4763 9
2997 3396 2
2997 1258 7
2998 4686 5
2998 1160 4
2998 3560 1
2999 3883 8
2999 2790 4
2999 4838 3
3000 114 9
3001 2677 4
3001 1863 10
3001 2208 10
3002 2864 1
3002 4173 10
3002 585 4
3002 3832 3
3003 4354 6
3003 844 8
3003 2696 7
3004 907 5
3004 2898 5
3005 4084 4
3005 3935 9
3006 460 1
3006 3469 4
3006 3926 2
3007 2067 10
3008 1095 10
3009 3605 2
3009 1746 2
3009 429 9
3009 3658 7
3010 4965 4
3011 2843 4
3011 3104 1
3011 4583 10
3011 979 10
3012 159 3
3012 4029 7
3012 3223 1
3013 2251 5
3013 4970 7
3013 977 8
3013 4351 4
3014 1387 3
3014 2520 1
3014 3523 10
3014 2919 3
3014 2898 9
3015 4362 1
3016 2551 7
3017 3694 2
3018 4237 9
3019 3567 4
3019 2525 8
3020 1743 6
3021 2527 6
3021 3926 4
3021 824 8
3021 3769 10
3022 3530 4
3022 4802 1
3023 1631 4
3023 1188 6
3024 61 9
3024 268 1
3024 4089 10
3024 4511 6
3025 2411 6
3025 2428 2
3025 821 8
3025 1224 2
3026 3031 3
3027 492 3
3027 641 8
3027 4317 4
3027 1443 5
3027 531 10
3028 4950 9
3029 1095 7
3029 4205 10
3029 3608 4
3030 2467 6
3030 1936 3
3031 3280 9
3032 4435 2
3033 2413 10
3033 4889 7
3033 4877 1
3033 3326 3
3034 1984 2
3035 4510 5
3035 3745 2
3035 727 7
3036 3396 5
3036 2711 10
3037 880 9
3037 948 5
3037 4329 1
3038 1102 7
3038 127 6
3038 4570 3
3038 278 2
3039 3037 2
3039 2666 9
3039 1231 7
3039 2116 9
3040 1102 5
3040 1648 8
3040 2651 9
3040 4383 10
3041 3319 5
3042 4362 10
3042 948 9
3042 797 4
3043 1116 8
3044 2662 2
3044 4529 7
3044 1444 7
3045 2568 1
3046 3337 2
3046 2389 10
3047 2210 9
3047 2572 9
3047 3985 4
3047 25 4
3047 166 10
3048 2990 4
3048 1104 8
3049 1736 2
3049 4591 6
3050 1893 1
3050 4289 4
3051 3650 7
3051 4037 5
3051 1299 3
3052 4366 9
3053 4519 9
3054 501 6
3054 4550 8
3054 1289 4
3054 1066 6
3054 4421 7
3055 2685 8
3056 2801 1
3056 3170 6
3056 2605 5
3056 2628 8
3056 2655 9
3057 2359 2
3058 2364 4
3058 3557 1
3058 4141 10
3058 621 8
3059 2144 3
3060 227 10
3060 2439 8
3061 4037 5
3062 2792 8
3062 3210 7
3062 342 3
3062 998 1
3062 4014 8
3063 1492 8
3063 2894 9
3064 201 6
3064 3353 2
3064 3602 10
3064 2722 5
3065 1051 8
3065 1669 7
3066 612 5
3066 2906 9
3066 186 2
3066 3036 6
3067 3503 8
3068 936 2
3068 457 7
3069 47 5
3069 4963 9
3069 4713 3
3069 3999 2
3070 3894 3
3070 3033 7
3070 4206 7
3070 2029 5
3071 323 1
3071 3962 5
3071 4797 9
3071 3325 5
3071 3810 4
3072 3594 8
3072 2703 5
3072 3210 9
3072 122 10
3072 4987 7
3073 4588 3
3073 1738 3
3074 1111 4
3074 2263 4
3074 3169 10
3074 1115 3
3075 2111 1
3075 1764 5
3075 887 4
3076 266 4
3076 3858 1
3076 3475 10
3076 3729 2
3076 1586 7
3077 2668 4
3077 2978 3
3077 258 5
3077 1679 7
3078 967 6
3078 4247 5
3078 3660 10
3079 3715 9
3079 4436 8
3080 4374 7
3081 1801 2
3081 1780 7
3081 813 9
3081 694 10
3082 3334 9
3082 920 5
3082 2863 5
3083 836 4
3083 1591 4
3083 1382 2
3083 3582 7
3083 1616 6
3084 813 5
3084 2379 8
3084 3461 4
3085 743 9
3085 693 1
3085 49 10
3085 3618 10
3085 2557 1
3086 1904 3
3087 4662 10
3087 1685 10
3088 1329 1
3088 2444 6
3089 2753 10
3090 2470 8
3090 4702 9
3090 48 1
3090 344 8
3091 2983 4
3091 1804 4
3091 3134 4
3091 4119 10
3091 797 2
3092 255 5
3092 792 2
3092 4634 9
3092 1821 2
3092 737 7
3093 2322 1
3093 3463 8
3093 1837 3
3093 3231 1
3094 525 5
3094 4441 4
3095 4070 4
3096 3391 10
3096 4488 3
3096 2238 7
3096 3248 9
3096 3101 1
3097 4188 5
3098 3268 4
3098 1549 7
3098 887 6
3098 4309 10
3098 1974 3
3099 4247 1
3099 4166 3
3099 1070 7
3100 2869 1
3101 4325 9
3101 4634 10
3101 3921 2
3102 3151 6
3102 767 3
3102 2474 2
3102 3829 3
3102 2193 3
3103 4686 5
3103 4935 5
3104 3968 4
3104 1175 9
3104 2505 1
3105 3868 10
3105 1030 10
3105 394 8
3105 1631 9
3105 1533 8
3106 3294 2
3106 286 8
3106 2794 6
3107 2117 1
3107 1267 8
3107 2579 10
3108 836 5
3108 4148 8
3109 29 9
3109 4921 3
3109 3776 2
3109 4168 10
3109 3737 4
3110 1030 5
3110 1231 7
3110 4724 8
3110 815 3
3110 2302 3
3111 3389 8
3111 4012 5
3112 1079 4
3112 2270 3
3112 767 1
3113 4987 3
3113 3210 8
3113 4225 4
3114 416 6
3114 2711 8
3115 3506 7
3115 4086 7
3116 4261 3
3116 4013 8
3116 3737 4
3116 2594 7
3117 254 10
3117 4665 5
3117 2827 6
3118 154 9
3118 4687 1
3118 760 7
3118 2411 4
3119 3538 1
3120 727 9
3120 1685 8
3120 4393 7
3121 4215 10
3121 1336 4
3121 4481 5
3121 792 3
3122 2926 3
3122 3150 1
3122 3141 4
3122 3476 6
3123 1934 4
3123 3270 2
3124 474 4
3124 2968 5
3124 4761 2
3124 4139 2
3125 824 7
3125 1429 9
3126 639 5
3127 1077 7
3127 419 3
3127 1049 5
3128 3618 3
3128 743 1
3129 2031 5
3129 2910 2
3130 3525 9
3130 2217 4
3130 1964 7
3131 3541 2
3131 417 1
3132 4947 1
3133 3061 4
3133 3990 2
3133 4405 8
3133 1282 10
3134 4632 9
3134 2191 7
3134 2800 6
3135 2990 3
3136 1248 8
3136 2931 7
3137 2041 3
3138 1384 3
3138 3075 5
3138 201 2
3138 4595 1
3139 786 2
3140 2965 6
3141 3807 3
3141 3384 8
3141 194 9
3141 2871 1
3141 1169 2
3142 4605 5
3143 3806 1
3144 200 9
3144 3371 10
3144 860 7
3145 4810 1
3145 398 9
3145 2680 8
3146 4259 10
3146 1776 7
3147 955 2
3147 3422 4
3148 603 8
3149 1299 9
3149 4346 6
3149 780 5
3149 2408 9
3149 3789 3
3150 133 8
3150 4553 5
3150 3181 7
3150 292 10
3150 2241 3
3151 4782 3
3151 3976 7
3152 3048 10
3153 3467 3
3153 2447 5
3153 365 1
3153 3923 4
3154 793 5
3154 3246 1
3154 2056 4
3154 4338 1
3155 2135 3
3155 4970 4
3155 4015 1
3155 1362 5
3155 3264 2
3156 2301 4
3157 301 8
3157 1114 10
3157 4847 10
3157 656 3
3158 185 10
3158 881 8
3159 2601 6
3159 778 3
3159 1018 4
3160 4747 1
3160 2904 1
3161 372 10
3161 79 9
3162 2186 8
3162 4301 5
3162 1303 10
3163 4269 2
3163 2874 3
3163 2082 7
3163 4544 9
3163 2714 7
3164 1489 4
3164 1465 2
3164 2208 1
3164 2820 4
3165 3569 6
3165 4467 3
3165 3677 1
3165 920 1
3166 1041 5
3166 288 2
3166 2538 3
3166 4106 5
3167 3026 10
3167 249 5
3167 3959 10
3167 4321 9
3168 4793 7
3168 3674 10
3168 3643 4
3168 1338 8
3169 3036 6
3169 1147 7
3169 4584 10
3170 2137 8
3170 3211 2
3170 621 1
3170 429 1
3170 1931 8
3171 251 8
3171 2316 10
3171 1529 3
3171 2399 2
3171 4733 7
3172 262 4
3172 4102 10
3172 4266 8
3172 3392 1
3173 431 2
3173 4593 3
3173 1342 3
3173 68 1
3173 1364 4
3174 861 3
3174 4949 2
3175 4797 2
3175 3840 8
3175 126 3
3176 3643 6
3176 4799 6
3177 4904 9
3178 3390 5
3179 623 6
3179 2755 5
3179 3200 8
3179 1124 1
3180 3529 8
3180 2468 9
3180 1362 6
3181 1846 9
3181 3203 2
3182 717 6
3182 1466 4
3182 2896 5
3182 3359 9
3182 2408 7
3183 3319 10
3183 1225 4
3183 4647 5
3183 1414 6
3183 514 1
3184 426 5
3184 3089 1
3184 537 6
3185 1884 3
3186 568 6
3186 3555 5
3186 4634 1
3186 1307 7
3186 2036 9
3187 3728 7
3187 569 8
3187 1907 9
3187 1536 10
3188 3815 1
3188 2004 2
3188 3737 8
3189 760 9
3189 2115 8
3189 2600 6
3189 4912 4
3190 2479 8
3191 3361 9
3191 4346 7
3191 963 7
3191 3359 5
3191 4537 8
3192 3452 1
3192 643 4
3192 3846 5
3192 1715 3
3193 511 8
3193 1520 1
3193 4040 2
3193 2860 1
3193 3577 9
3194 4313 3
3194 3271 7
3194 2755 4
3194 4118 4
3195 2451 9
3195 526 2
3195 3623 8
3195 3520 1
3196 4495 6
3197 4736 7
3197 1212 9
3197 1845 2
3197 262 2
3197 2804 10
3198 963 6
3198 3129 5
3199 4054 8
3199 2288 9
3200 4548 6
3201 1286 4
3201 255 4
3201 441 7
3201 2709 6
3202 3422 2
3202 3862 8
3202 2123 9
3202 967 4
3203 1746 7
3204 3924 10
3204 908 8
3204 4005 8
3204 4634 8
3205 3216 8
3206 1434 5
3206 474 3
3206 4653 3
3206 1715 10
3206 3303 2
3207 2934 2
3208 1793 1
3209 2191 5
3209 4744 9
3209 2619 5
3210 628 1
3210 1489 6
3211 4674 6
3211 178 3
3212 3741 6
3212 4765 6
3212 2636 9
3212 4239 2
3213 2552 7
3213 2058 8
3213 1680 9
3213 1329 10
3213 1161 4
3214 1169 7
3214 216 1
3215 3196 5
3215 3073 9
3215 3833 4
3216 4862 10
3217 644 1
3217 886 1
3217 3048 8
3218 388 8
3218 4079 6
3218 2036 2
3219 1527 10
3220 3545 1
3220 988 4
3220 4924 6
3220 3624 6
3220 3746 10
3221 2942 9
3222 2525 4
3222 1571 5
3222 3352 9
3223 1339 7
3223 1635 4
3224 1572 7
3225 3591 7
3226 4632 3
3227 2607 10
3227 4287 7
3227 1207 3
3227 4510 4
3228 2871 7
3228 2241 1
3228 4553 1
3228 3150 10
3229 1380 2
3229 4109 1
3229 2440 10
3229 2608 4
3230 1439 4
3231 1716 1
3231 3087 2
3232 2410 6
3232 4616 4
3232 93 8
3233 3216 8
3233 4198 3
3233 2995 4
3233 3627 6
3234 3499 10
3234 734 1
3235 4851 1
3235 3102 1
3236 4334 1
3236 3368 3
3236 4453 6
3236 3161 4
3236 3837 8
3237 656 1
3237 1119 9
3237 2060 8
3238 4680 4
3238 226 1
3239 895 2
3239 2889 4
3239 691 8
3240 1465 9
3240 223 6
3240 2120 9
3241 2934 3
3241 1410 7
3241 3431 1
3241 3569 2
3242 3262 10
3242 3567 5
3242 2557 2
3243 740 9
3243 4064 8
3244 2983 10
3244 1829 2
3245 3545 10
3245 1731 8
3245 4782 2
3245 433 10
3246 2198 4
3247 3485 9
3247 513 7
3247 829 6
3247 2357 8
3248 4079 5
3248 737 10
3248 2896 6
3248 1576 3
3249 1089 1
3249 2724 10
3249 2142 3
3250 799 3
3251 4048 8
3251 623 7
3251 2447 6
3252 3823 3
3252 4773 1
3252 364 2
3253 2695 7
3253 2268 2
3253 3565 2
3253 3074 4
3254 661 4
3254 2871 4
3254 3476 8
3254 2196 6
3255 3441 3
3256 750 3
3256 930 1
3256 2778 4
3256 1571 7
3257 1319 9
3257 2709 4
3257 602 3
3257 2839 1
3258 585 8
3258 4007 10
3258 4985 4
3259 3932 2
3259 2304 5
3259 4811 7
3259 4430 7
3260 1398 5
3261 81 10
3262 3419 9
3262 1791 9
3262 575 10
3263 3801 3
3263 3813 6
3263 454 8
3264 3596 4
3265 1268 9
3265 1423 2
3265 1546 4
3265 1271 4
3266 4277 9
3266 622 8
3266 2341 10
3266 2053 6
3267 4607 9
3267 4696 2
3267 4278 3
3267 4616 3
3268 4827 2
3269 3402 6
3270 4099 3
3270 4108 9
3270 4556 5
3271 1001 8
3271 98 10
3271 3914 5
3271 4070 10
3271 1796 10
3272 1030 2
3272 4436 7
3272 2447 7
3272 4744 1
3273 4640 4
3273 2421 3
3274 2466 9
3274 4208 5
3275 626 2
3275 2943 5
3275 2449 9
3276 4790 8
3276 1022 5
3276 4990 3
3276 2485 6
3277 3577 5
3277 3961 6
3277 3431 7
3277 1350 3
3277 3772 1
3278 3932 6
3278 4147 3
3278 1239 7
3278 349 9
3279 2840 5
3280 1265 2
3280 292 6
3280 3465 10
3280 2945 1
3280 1277 10
3281 644 8
3281 3724 5
3281 3028 5
3282 2378 7
3282 3778 1
3282 4044 1
3283 1054 10
3283 231 1
3284 2962 9
3285 202 6
3285 540 2
3285 2914 9
3285 2405 9
3286 1506 10
3287 3669 10
3287 4400 10
3287 3838 5
3287 224 9
3288 3200 3
3289 4964 2
3289 4574 6
3289 2810 1
3289 406 3
3289 1248 9
3290 1636 7
3290 3197 5
3291 694 4
3291 1568 2
3291 4406 3
3291 1536 8
3291 506 9
3292 4182 9
3292 3802 10
3292 224 6
3292 1738 1
3293 3033 1
3293 1351 6
3293 3396 2
3293 11 5
3293 4185 4
3294 4012 6
3294 1450 10
3294 3318 2
3294 1313 2
3295 727 3
3295 4265 9
3295 312 1
3296 3179 7
3297 2840 10
3297 4491 6
3297 604 4
3297 4696 4
3298 3772 3
3299 196 8
3299 3509 9
3299 2418 9
3299 2159 7
3299 1815 2
3300 1492 7
3300 1274 1
3301 3697 6
3301 1482 9
3301 4400 2
3301 3502 10
3301 4974 6
3302 3733 5
3302 1603 1
3302 268 4
3302 4791 10
3302 2456 7
3303 3406 9
3303 2706 5
3303 4477 5
3303 1540 3
3303 3389 1
3304 3777 6
3304 2317 8
3304 3986 6
3304 1992 3
3304 4721 7
3305 3555 3
3306 1163 4
3307 3390 10
3307 3607 1
3307 4799 2
3307 3622 2
3307 4254 9
3308 276 3
3308 1654 7
3309 2516 8
3309 625 8
3310 3684 4
3310 3959 4
3310 1425 8
3310 1240 8
3311 2799 7
3311 780 3
3311 1175 6
3311 322 2
3311 2575 9
3312 4335 4
3312 3625 10
3312 4655 5
3313 1754 4
3313 3996 4
3313 860 1
3313 2917 2
3313 2794 8
3314 1759 4
3314 2670 4
3314 3333 9
3315 2919 7
3316 2792 4
3316 546 7
3317 4084 4
3318 1540 7
3318 894 10
3318 4161 2
3318 4974 4
3318 3212 8
3319 2178 2
3319 4998 1
3319 834 1
3319 3362 9
3320 4477 10
3320 4827 1
3320 3846 1
3321 1112 9
3321 1848 2
3321 3315 3
3321 3242 5
3322 3786 2
3322 1003 1
3322 104 8
3322 2261 9
3323 3369 8
3323 2780 1
3323 4744 2
3324 922 9
3324 2454 2
3324 770 7
3324 2144 8
3325 2777 4
3325 4244 3
3325 551 4
3325 2392 2
3326 1009 10
3326 4720 3
3327 2762 1
3328 3431 10
3328 1318 9
3329 621 5
3329 3233 4
3330 1398 2
3330 4934 1
3330 1908 9
3330 592 3
3330 4807 9
3331 3963 2
3331 1658 5
3331 4105 9
3331 2784 9
3331 1299 10
3332 2998 8
3332 4783 10
3332 278 3
3332 933 8
3333 1838 8
3333 4057 1
3334 2736 1
3334 3442 2
3334 2872 3
3334 4200 6
3334 1791 3
3335 2516 2
3335 4103 4
3335 4726 5
3335 1761 3
3336 2373 6
3336 3731 7
3336 800 8
3336 4382 2
3336 2941 5
3337 33 5
3337 4648 2
3337 3089 5
3338 4906 10
3339 4326 6
3339 187 3
3339 3307 9
3340 4019 7
3340 3403 2
3340 727 10
3341 3479 5
3341 2097 4
3341 930 6
3341 533 10
3341 2641 10
3342 3581 4
3343 2524 4
3343 2186 2
3343 952 5
3343 3999 9
3343 517 4
3344 215 5
3344 2080 3
3344 494 3
3345 1628 2
3345 370 3
3345 1510 4
3345 3501 10
3345 4616 6
3346 1987 9
3347 4520 8
3347 4481 7
3347 3101 5
3347 4490 1
3348 669 1
3348 99 3
3349 307 8
3350 4176 1
3350 1152 1
3350 3412 3
3350 4771 8
3351 4350 8
3351 1570 5
3352 2685 5
3352 405 2
3352 1296 2
3352 3616 1
3353 3268 5
3353 3481 8
3353 2002 9
3353 2961 10
3353 3399 5
3354 4861 1
3355 3553 6
3355 688 7
3355 3127 10
3355 4459 5
3355 2235 2
3356 3965 4
3356 4133 2
3356 3474 1
3357 3528 3
3357 3411 8
3357 3779 5
3357 302 3
3357 3805 10
3358 4998 3
3358 4485 8
3359 4215 9
3360 1911 7
3361 531 5
3361 1537 4
3361 1955 10
3361 2011 2
3361 1 4
3362 3705 4
3362 3114 8
3362 3396 10
3363 3896 3
3363 2824 2
3364 2031 8
3365 3162 1
3365 3836 1
3365 491 1
3365 2186 10
3366 2975 3
3367 1087 2
3367 2714 1
3367 4382 2
3367 1411 3
3367 967 10
3368 3051 5
3368 448 10
3369 4571 10
3369 1128 8
3370 2483 7
3370 261 5
3370 4868 4
3370 1416 4
3370 3813 7
3371 3646 10
3371 286 1
3371 3759 6
3371 762 4
3371 518 1
3372 2862 4
3372 4866 6
3372 340 7
3372 2412 4
3372 2984 1
3373 1303 3
3373 486 3
3373 2899 10
3374 2393 8
3374 4844 10
3374 2335 7
3375 1111 3
3376 3799 9
3376 1349 10
3376 4909 8
3376 4698 4
3376 846 5
3377 1164 5
3377 4425 6
3377 1348 7
3377 3673 6
3378 3066 1
3378 4552 8
3378 4904 6
3378 4698 4
3378 4582 7
3379 4477 1
3380 2425 9
3380 3304 6
3380 1761 2
3380 1023 9
3381 658 1
3381 643 9
3381 4897 5
3381 3294 6
3381 2706 8
3382 8 1
3383 3843 4
3384 4562 8
3385 2641 6
3386 1234 10
3386 1823 6
3387 3982 6
3387 1248 5
3388 3292 2
3388 4964 7
3388 1450 6
3388 123 1
3389 894 10
3389 3406 2
3389 4556 5
3390 3731 6
3390 4205 10
3390 4759 10
3391 4288 4
3391 1152 5
3391 3544 8
3391 4403 7
3391 3924 6
3392 4102 3
3392 4555 6
3392 4554 1
3392 1876 5
3392 2820 1
3393 93 7
3394 3470 3
3394 559 9
3394 574 7
3394 4999 10
3394 3433 4
3395 1492 7
3395 3134 3
3395 3939 8
3396 4075 1
3396 1448 6
3396 4950 5
3396 4720 2
3397 93 10
3397 4933 10
3397 1643 3
3397 3188 10
3398 2195 7
3398 4240 1
3398 4510 9
3398 3521 8
3399 4128 7
3399 4012 10
3399 1714 5
3400 185 5
3401 1556 8
3401 3560 3
3401 2600 7
3401 1496 1
3401 4335 6
3402 2057 7
3402 2409 7
3402 4525 4
3402 1144 8
3403 4144 5
3403 2821 10
3403 3374 3
3404 2352 4
3405 454 9
3405 3020 1
3406 2633 4
3406 4545 4
3407 4016 10
3407 112 9
3407 3457 2
3408 3931 8
3409 4036 8
3409 1352 2
3409 912 9
3409 1028 3
3410 3262 10
3410 4140 9
3411 3914 2
3411 3139 7
3411 1727 6
3411 2058 8
3412 486 5
3412 1579 1
3412 1152 2
3412 2993 1
3413 440 1
3413 2480 6
3414 4303 3
3414 800 7
3414 2329 6
3415 4974 3
3415 4641 5
3415 2108 4
3416 78 10
3417 2804 2
3418 2850 2
3418 3392 7
3418 3566 2
3418 1637 2
3418 1161 9
3419 2295 2
3419 4407 7
3419 288 3
3419 1041 7
3420 76 8
3420 1803 5
3420 3998 6
3420 3840 3
3421 1241 1
3421 3477 1
3421 4861 7
3421 533 2
3421 1387 8
3422 4425 2
3422 2714 10
3422 2246 3
3422 1144 8
3423 2364 4
3423 621 7
3423 3269 6
3424 460 7
3424 4976 6
3424 4630 5
3425 2917 9
3425 2961 3
3425 1026 10
3425 200 3
3426 2029 2
3426 4877 4
3426 3396 1
3426 2787 3
3426 3662 8
3427 4477 5
3427 1656 3
3427 427 8
3428 3718 1
3428 4139 2
3429 4496 1
3429 211 1
3429 4884 2
3429 4840 4
3429 2409 4
3430 3163 2
3430 3733 7
3430 3275 3
3430 3884 10
3431 1507 9
3431 3567 9
3431 770 4
3432 796 3
3432 526 2
3432 2708 3
3432 1570 9
3432 3217 5
3433 2665 4
3433 3619 3
3433 4622 9
3433 2210 10
3433 1817 6
3434 2861 10
3434 4329 8
3434 713 9
3435 3319 4
3435 4579 8
3435 2749 9
3436 2595 1
3436 4799 4
3437 951 2
3438 4625 5
3438 4727 5
3438 3509 1
3438 1889 3
3438 1003 9
3439 734 7
3439 3135 4
3440 4619 8
3440 4827 3
3440 4108 1
3440 4841 6
3440 4478 5
3441 4640 6
3441 1442 3
3441 1647 10
3441 2770 4
3442 221 9
3442 149 4
3442 1713 7
3442 3745 2
3442 4393 3
3443 1675 5
3444 1982 7
3445 3965 5
3446 760 10
3446 278 6
3447 3903 2
3447 3307 10
3447 1613 9
3447 413 4
3448 3179 6
3448 3081 8
3448 1239 2
3449 2410 6
3449 3948 9
3449 2690 7
3449 3514 5
3449 4181 1
3450 3217 10
3451 2622 5
3451 3974 4
3451 3043 3
3451 1998 5
3452 4099 8
3452 485 10
3452 41 9
3452 2769 10
3453 1902 1
3453 4254 8
3453 1326 1
3454 1848 9
3455 3384 6
3455 2969 4
3456 1209 2
3457 4641 1
3457 4703 7
3457 536 8
3458 3559 5
3458 3040 3
3458 3510 2
3459 640 2
3459 3269 5
3459 3749 1
3459 4525 9
3460 2159 7
3461 4945 6
3461 1502 10
3461 4190 3
3461 3537 4
3462 3749 6
3462 168 1
3462 4164 3
3462 1689 3
3463 591 4
3463 3602 7
3463 4728 10
3464 3332 6
3464 2998 8
3464 4686 4
3465 4132 6
3466 3147 9
3466 4089 10
3466 1208 2
3466 3275 6
3467 2846 3
3467 98 7
3467 1295 8
3468 4366 9
3469 1508 5
3469 1365 4
3470 1720 3
3471 3091 4
3471 4601 3
3472 3657 1
3473 1483 6
3473 2154 4
3473 2563 9
3473 3163 8
3473 2982 3
3474 606 6
3474 4440 4
3474 2525 2
3475 2879 1
3475 2479 6
3475 2730 1
3475 3523 3
3476 498 3
3477 3570 1
3478 2548 3
3478 986 4
3478 4465 1
3478 4263 10
3479 2898 7
3479 69 5
3479 973 1
3479 4728 6
3479 2454 8
3480 3570 10
3480 1322 1
3480 2009 8
3480 3403 8
3481 840 4
3482 612 10
3483 2613 8
3483 1104 2
3484 4915 7
3485 1921 4
3486 3583 1
3486 1269 2
3486 4094 5
3486 2203 4
3486 2523 6
3487 656 7
3487 1387 5
3487 4879 3
3488 4421 4
3489 2079 3
3489 3036 1
3489 2371 2
3489 3135 9
3489 2598 9
3490 1566 6
3491 173 6
3491 3200 10
3491 3550 8
3491 1547 2
3492 1464 8
3492 3990 10
3492 3449 7
3492 4573 4
3493 4211 10
3493 2191 7
3493 999 7
3494 4245 10
3495 4225 1
3495 1001 9
3496 2563 7
3496 828 7
3496 3678 2
3496 1144 9
3497 1115 3
3498 1546 9
3498 4393 2
3499 3625 7
3500 2267 6
3500 1160 3
3500 3216 7
3501 1120 4
3502 808 5
3502 3854 7
3502 861 7
3502 3406 3
3503 3424 9
3503 4354 5
3503 2242 1
3503 3598 1
3503 3125 8
3504 206 3
3504 4336 9
3505 2894 2
3505 1829 4
3505 2116 5
3505 1680 4
3505 4907 5
3506 601 10
3506 2864 7
3506 4132 2
3507 3883 7
3507 2551 6
3507 4838 8
3508 1900 5
3508 3637 7
3508 1290 5
3508 1914 2
3509 4862 5
3510 4280 4
3510 4383 1
3510 1224 5
3510 295 9
3511 4236 9
3512 3216 10
3512 4799 8
3512 2888 7
3513 4915 2
3513 2215 7
3513 2192 2
3514 3784 9
3514 4025 8
3515 173 4
3515 152 5
3515 4931 10
3515 3300 6
3515 2562 6
3516 161 1
3517 1396 5
3518 509 8
3518 2312 2
3518 1886 5
3519 123 8
3519 1362 3
3519 620 10
3520 1838 10
3521 2338 9
3521 474 8
3522 427 3
3522 1717 9
3522 1339 10
3523 1460 9
3523 2821 7
3523 294 1
3523 4532 2
3523 2984 1
3524 207 4
3524 2301 1
3524 4676 7
3524 3801 9
3525 3337 8
3525 3184 4
3525 676 2
3526 1332 3
3526 3883 3
3527 3775 9
3527 2302 5
3527 788 3
3527 3739 1
3528 2087 9
3528 1636 7
3528 4313 7
3528 3043 1
3529 4035 9
3529 2774 9
3529 2468 3
3530 3267 4
3530 4405 4
3530 2498 7
3531 3555 10
3531 4120 7
3532 1414 8
3533 3211 1
3533 1014 5
3534 1412 4
3535 4696 2
3535 1497 3
3535 4135 3
3536 3269 3
3536 3639 9
3537 4610 1
3537 2746 5
3537 1863 6
3537 4609 2
3538 2103 3
3538 4940 1
3538 3033 1
3539 3006 2
3539 2381 10
3539 2635 1
3540 588 3
3540 1085 7
3540 3428 2
3541 1387 9
3541 4961 1
3541 294 8
3541 922 8
3541 4460 10
3542 281 4
3542 1470 8
3542 2934 4
3542 511 3
3543 2040 6
3543 3490 10
3543 2316 10
3544 1299 9
3545 4515 7
3546 3200 8
3546 60 2
3546 4681 4
3546 235 8
3546 3952 1
3547 4826 6
3547 4891 6
3547 4842 9
3547 199 1
3547 2271 9
3548 2919 10
3549 3508 6
3549 1077 9
3549 3574 10
3550 1283 4
3551 3469 2
3551 3922 3
3551 4692 1
3551 92 8
3552 4363 5
3553 3340 3
3553 4099 2
3554 4195 5
3554 4974 2
3555 717 8
3556 1497 2
3556 4229 3
3557 2212 2
3557 617 6
3557 3895 10
3557 3021 1
3557 3674 4
3558 4982 8
3558 3240 9
3558 2531 8
3558 3043 2
3558 399 8
3559 1852 5
3559 4132 6
3559 3443 7
3559 710 3
3559 4806 3
3560 1705 10
3560 3986 7
3560 1198 1
3560 4594 9
3561 4301 5
3561 3681 9
3561 381 6
3561 3360 7
3562 3280 8
3562 2205 10
3562 3783 8
3562 2665 3
3563 2071 8
3563 3107 7
3563 3529 4
3564 4978 6
3564 822 9
3564 546 8
3564 3271 3
3564 4820 10
3565 1749 4
3566 3417 8
3567 458 5
3567 4861 10
3567 282 7
3567 3126 1
3568 3089 8
3568 3331 10
3568 1537 5
3568 2505 9
3568 5000 10
3569 1546 8
3569 3014 1
3569 3457 1
3570 4477 6
3571 1253 10
3571 333 7
3571 2749 4
3572 98 6
3572 245 9
3572 2519 3
3572 3369 7
3573 723 1
3573 811 10
3573 4222 2
3573 2239 1
3573 901 5
3574 688 4
3575 2087 6
3576 3492 8
3576 768 9
3576 1 4
3576 1263 2
3577 2457 10
3577 3487 7
3577 2284 9
3578 797 5
3578 3242 7
3578 4026 1
3578 713 8
3579 3431 2
3579 4428 9
3579 2021 2
3580 4938 3
3580 413 7
3581 737 4
3581 1497 4
3581 3872 1
3582 2254 1
3582 294 9
3582 1119 2
3582 3387 8
3583 4634 5
3583 3257 6
3584 4204 5
3585 268 5
3585 1087 2
3585 601 8
3585 147 10
3586 2792 2
3586 1374 5
3586 2361 7
3586 4077 7
3587 961 4
3587 2065 2
3587 2055 1
3587 245 2
3587 2454 4
3588 889 8
3588 2646 3
3588 3330 3
3589 2741 1
3589 656 7
3589 3730 1
3589 2900 5
3590 1424 10
3590 2995 6
3590 2577 4
3591 2320 6
3591 3031 4
3592 3757 8
3592 3855 1
3592 4133 9
3592 1848 8
3593 2467 10
3593 4814 7
3593 827 4
3594 823 1
3595 2860 7
3596 1840 4
3596 233 4
3596 4556 10
3596 4139 1
3597 4713 1
3597 3084 2
3597 1076 10
3597 189 6
3598 4253 8
3598 925 6
3598 582 3
3599 3008 6
3599 1165 6
3599 429 5
3599 1368 3
3600 2075 7
3601 4328 7
3602 4667 10
3603 899 3
3604 697 2
3604 2183 9
3604 3346 7
3604 4952 4
3605 802 1
3605 621 4
3606 1109 3
3606 4793 5
3607 2351 5
3607 4205 3
3608 1411 3
3608 96 8
3608 1461 2
3608 1371 1
3608 3972 2
3609 4681 3
3609 4750 1
3609 2087 8
3609 1353 4
3610 4199 3
3610 4536 1
3610 175 4
3610 4759 10
3611 3073 4
3611 4577 9
3611 1656 3
3612 4419 7
3612 4114 2
3613 3265 5
3613 1833 9
3613 2974 4
3613 622 9
3613 4739 3
3614 2939 8
3615 1469 7
3616 973 6
3616 1793 8
3616 4866 3
3617 2651 9
3617 891 8
3617 196 1
3617 2587 3
3618 183 1
3618 3577 5
3618 2370 7
3618 3474 8
3619 3216 1
3619 3058 2
3620 4919 5
3620 1353 9
3620 4025 4
3621 2073 8
3621 1593 1
3622 3422 1
3622 4937 6
3622 390 1
3622 3099 9
3623 3396 8
3623 1217 4
3623 4206 9
3624 397 5
3624 4399 1
3624 1846 10
3624 3150 6
3625 3599 2
3626 2919 1
3627 4938 9
3627 1864 4
3627 1403 6
3627 4326 6
3627 2123 10
3628 4949 6
3629 1357 7
3629 3465 9
3629 4132 5
3629 4061 3
3630 3162 3
3630 2259 4
3630 4368 1
3630 3597 4
3631 2225 5
3631 3211 9
3631 2045 8
3631 746 1
3631 380 1
3632 4940 6
3632 3195 3
3632 4292 5
3633 2689 8
3634 2958 6
3634 2692 10
3634 4535 5
3635 3608 5
3635 61 10
3635 875 5
3635 1957 10
3636 47 2
3637 1271 4
3637 195 1
3637 4117 1
3638 4464 7
3638 1759 8
3638 1147 2
3638 1819 2
3638 552 5
3639 3830 1
3639 955 10
3640 188 4
3640 1676 4
3641 1897 5
3642 2101 3
3643 86 3
3643 3926 5
3644 4141 9
3644 1904 6
3644 438 2
3645 4236 7
3645 1092 8
3645 4359 1
3645 3885 2
3646 704 6
3646 3034 9
3647 4005 4
3647 2381 6
3647 2362 4
3647 3010 4
3647 2264 3
3648 3312 2
3648 523 1
3649 977 2
3649 4182 3
3650 711 1
3650 155 8
3651 3398 3
3651 4961 8
3651 4008 3
3651 3093 5
3652 3914 10
3652 999 5
3653 2729 8
3653 2364 4
3653 1860 9
3653 4695 7
3653 1741 8
3654 4106 2
3654 3570 2
3654 1948 5
3655 4521 7
3655 3434 8
3655 3983 7
3655 1785 8
3656 3124 2
3656 4426 5
3656 4970 9
3656 2488 5
3656 1728 10
3657 2190 3
3657 4026 2
3657 3962 3
3657 4529 1
3658 1648 4
3658 955 9
3659 3914 9
3659 1597 8
3660 3302 3
3660 4253 6
3660 3862 9
3660 3336 8
3661 689 5
3661 2697 9
3661 2352 3
3661 4676 7
3661 3973 4
3662 2193 3
3663 1705 3
3663 1688 6
3663 958 5
3663 824 2
3663 4544 3
3664 2262 2
3664 4924 1
3664 3933 7
3665 4143 4
3665 4016 7
3665 3654 10
3666 4094 4
3666 2943 10
3666 1790 7
3666 3680 2
3667 218 3
3667 2490 9
3667 1845 9
3667 2615 9
3668 4168 4
3668 3620 3
3668 4229 7
3668 4261 5
3668 3784 8
3669 3854 6
3669 4197 10
3669 3416 7
3669 4408 9
3669 4400 10
3670 431 9
3670 2248 6
3671 1002 1
3671 1088 4
3671 2756 1
3671 1225 5
3672 3242 4
3672 2224 2
3673 4870 1
3673 2852 7
3673 2059 6
3673 3922 9
3673 4614 2
3674 1513 2
3674 2688 9
3674 2818 8
3675 868 8
3675 1719 1
3675 1687 9
3676 4435 6
3677 2135 8
3678 978 5
3678 1630 10
3678 4296 2
3679 962 1
3679 930 10
3680 326 1
3680 1150 3
3680 297 3
3681 93 10
3682 1283 10
3683 4224 7
3683 246 1
3683 3582 5
3683 2457 4
3683 4917 10
3684 3559 10
3684 3465 9
3684 106 1
3684 3746 6
3685 1416 1
3685 1314 8
3685 2215 8
3685 862 1
3685 4437 6
3686 3402 5
3686 3727 1
3686 1872 6
3687 2138 5
3687 1675 9
3687 1165 2
3687 3233 9
3688 4405 1
3688 255 7
3688 1768 7
3688 2835 2
3689 813 4
3689 4053 4
3689 2531 4
3689 2573 8
3689 1193 7
3690 89 7
3690 3593 9
3691 2910 3
3691 4348 9
3691 1790 10
3692 3387 7
3693 2449 2
3693 4690 8
3693 4346 8
3693 4498 3
3694 1984 4
3695 4120 1
3696 1212 6
3696 4993 5
3696 3213 4
3697 2633 9
3698 3833 4
3698 4641 9
3699 2116 4
3699 3704 8
3700 4820 3
3701 3802 5
3702 2340 4
3702 4879 8
3703 4199 9
3703 328 3
3703 1513 2
3703 3086 6
3704 3587 1
3704 3997 4
3704 3757 1
3704 786 6
3705 4815 2
3706 703 7
3706 1055 1
3706 2584 3
3706 3389 8
3706 4320 10
3707 3094 3
3708 3181 8
3708 4704 10
3708 308 6
3709 704 10
3710 2436 1
3710 4356 2
3710 342 4
3710 4516 1
3711 1844 7
3711 148 7
3711 2338 4
3712 838 4
3713 1373 6
3713 3259 1
3713 3668 8
3713 1625 3
3713 3620 3
3714 2280 7
3714 2823 9
3714 1964 5
3714 3915 10
3714 4952 10
3715 3672 6
3715 2536 4
3715 382 8
3715 4091 1
3716 4244 10
3716 1126 2
3716 4026 9
3716 4211 10
3717 1676 10
3717 2402 4
3717 3653 7
3717 2364 9
3718 4855 5
3718 4974 5
3719 2943 7
3719 3469 3
3720 689 10
3720 3513 5
3720 2697 4
3720 1314 9
3720 2271 7
3721 1540 2
3722 3315 1
3722 3677 8
3722 610 10
3722 2627 9
3723 2381 1
3723 4733 2
3724 11 7
3724 276 1
3724 2125 7
3724 4057 1
3724 3177 7
3725 550 5
3726 1540 2
3726 3416 3
3726 474 8
3726 4195 10
3727 1746 3
3727 2458 7
3727 278 1
3728 1941 1
3729 3463 10
3729 3262 9
3729 3341 5
3730 639 1
3730 3855 2
3730 294 1
3731 1787 6
3731 2970 7
3731 1319 8
3731 827 8
3731 4446 7
3732 1528 10
3732 540 9
3732 4512 8
3733 4520 3
3733 3486 5
3733 1332 1
3733 1951 1
3734 3926 7
3734 2458 9
3734 544 5
3735 4078 7
3736 2990 1
3736 4900 1
3736 3333 8
3736 4877 2
3736 3773 7
3737 1331 5
3737 3461 4
3738 3312 9
3738 2411 6
3739 4878 9
3740 811 5
3740 628 1
3740 2416 4
3740 4724 6
3740 623 7
3741 3154 6
3741 2198 3
3741 1414 2
3741 2564 5
3741 4097 4
3742 3262 9
3742 1492 4
3742 252 6
3743 3923 4
3743 3998 4
3744 2034 4
3744 3193 4
3744 2097 4
3745 894 5
3745 3718 3
3745 4239 1
3745 1966 6
3745 1921 5
3746 498 2
3747 602 6
3747 2399 2
3747 2092 6
3747 2040 3
3747 2395 1
3748 1796 5
3749 2652 9
3750 1603 1
3750 4709 4
3751 2927 3
3751 4065 7
3751 2819 3
3751 4805 6
3752 925 5
3752 2650 3
3752 1455 1
3752 3955 4
3752 2232 9
3753 3780 1
3753 1713 7
3753 1439 1
3753 1041 5
3754 3732 5
3754 2334 5
3754 46 5
3754 3985 2
3754 2987 10
3755 2383 8
3755 630 7
3755 3608 2
3755 854 3
3756 4757 5
3756 4228 8
3757 4154 10
3757 2034 2
3757 3463 4
3757 55 6
3758 3930 3
3758 98 9
3758 1274 7
3758 596 10
3758 294 3
3759 894 2
3759 4868 9
3760 4696 6
3760 2896 6
3760 4278 3
3760 3836 2
3760 33 2
3761 4433 9
3761 3870 4
3761 4225 1
3761 3855 6
3762 4241 4
3762 3042 8
3762 1382 5
3762 2898 6
3762 3683 7
3763 1829 2
3764 11 7
3764 3048 10
3764 1749 2
3765 2820 1
3765 4085 10
3765 901 2
3766 637 6
3766 2419 1
3767 1576 9
3767 2840 2
3767 1971 3
3767 2448 2
3767 4713 8
3768 3777 1
3768 4296 1
3768 4862 8
3769 3593 10
3769 2649 9
3769 3583 10
3769 3733 1
3770 3482 8
3770 2796 6
3771 910 6
3772 2119 8
3772 3265 1
3772 2934 4
3773 2459 7
3773 90 3
3774 3099 6
3774 3322 2
3774 1771 8
3774 4188 5
3775 3582 6
3775 1350 3
3775 4004 5
3775 2717 8
3776 822 8
3776 2856 10
3776 1801 10
3776 4975 1
3777 3424 9
3777 4443 1
3778 4759 5
3778 4884 8
3778 2073 8
3779 1941 6
3779 3784 5
3779 4025 6
3779 1536 7
3779 4301 5
3780 2607 3
3781 4545 10
3781 2499 9
3781 1234 5
3781 4810 8
3781 4477 2
3782 2367 10
3782 3203 4
3782 4941 6
3782 2387 7
3782 4180 10
3783 3269 10
3783 1665 10
3783 141 6
3783 1530 3
3783 3458 4
3784 4573 10
3784 2003 5
3784 1239 9
3784 1662 9
3784 2856 5
3785 348 2
3785 3003 7
3785 955 4
3785 1326 1
3786 2161 6
3786 1338 8
3786 1951 6
3787 2650 2
3787 4451 2
3787 3663 2
3787 4536 4
3788 3567 10
3788 4667 8
3789 2618 8
3790 1220 4
3791 367 3
3791 1381 6
3791 4898 4
3792 3252 3
3792 90 5
3793 2889 3
3793 4865 9
3793 471 4
3794 1448 10
3794 2958 6
3794 319 2
3795 2264 8
3796 4394 2
3796 3401 8
3796 3806 1
3796 1746 9
3797 1495 2
3797 3596 10
3797 4595 10
3798 2562 1
3798 2622 2
3799 2518 7
3799 2822 4
3799 2987 7
3799 46 8
3800 4346 9
3800 3191 6
3800 1526 4
3800 2309 3
3800 155 4
3801 2958 5
3801 404 3
3802 4845 2
3802 4012 8
3802 1360 10
3803 4814 8
3803 3331 7
3804 18 10
3804 3814 9
3804 3042 8
3804 3017 10
3805 4222 4
3805 947 9
3805 4533 7
3805 880 8
3806 1599 2
3807 1102 5
3807 3040 5
3807 2587 6
3807 4782 2
3808 4120 10
3808 4215 2
3808 3162 1
3808 4346 6
3808 3766 6
3809 3780 10
3809 1948 3
3810 2983 1
3811 75 7
3811 1497 5
3812 1165 2
3812 858 7
3812 3112 7
3812 4877 5
3813 759 4
3813 4940 1
3814 533 6
3814 2454 1
3815 2690 10
3815 4313 8
3815 2676 8
3816 3113 6
3816 269 10
3816 1804 8
3816 140 7
3817 4008 8
3817 2496 6
3817 2937 1
3817 2538 8
3817 3980 7
3818 1116 4
3818 3816 9
3818 2490 1
3819 2023 8
3819 245 5
3820 3528 6
3821 4656 6
3821 641 7
3821 1810 5
3821 1907 8
3821 608 2
3822 4288 7
3822 2214 8
3823 2278 7
3823 4126 3
3824 2818 7
3825 2588 1
3825 4698 10
3825 2030 3
3825 3985 3
3825 3122 2
3826 61 6
3826 2028 9
3826 1000 2
3826 3332 10
3827 557 3
3828 941 6
3829 4969 1
3829 127 6
3829 4924 6
3829 3746 2
3830 3922 10
3830 3674 7
3831 3913 1
3832 1621 8
3832 328 5
3832 2585 1
3833 1313 5
3833 972 5
3833 4827 4
3833 840 8
3834 1284 10
3834 28 8
3835 3635 3
3836 998 7
3837 4416 4
3838 4645 4
3838 1752 5
3838 2788 2
3838 2306 9
3838 2917 6
3839 1838 5
3839 2796 1
3839 464 7
3840 3487 2
3840 1460 7
3840 3083 8
3840 3549 4
3841 2648 6
3841 4537 6
3842 4550 8
3843 1605 4
3843 1252 4
3843 4075 1
3843 774 8
3843 2193 5
3844 2313 2
3844 286 6
3845 2119 5
3845 3082 4
3845 4878 7
3845 1430 6
3846 4827 7
3846 144 7
3847 4140 3
3847 1822 1
3847 4780 4
3848 236 1
3848 3311 2
3848 3808 1
3849 4701 9
3849 1956 1
3849 874 6
3849 1061 9
3849 3411 5
3850 1547 2
3850 4353 1
3850 361 1
3850 2120 6
3850 2971 7
3851 4771 7
3852 1606 9
3853 4231 7
3853 342 4
3854 1031 6
3855 750 8
3855 3479 4
3855 657 6
3856 4006 8
3857 1339 3
3857 2235 6
3858 3965 8
3859 2380 7
3859 3402 7
3860 2778 5
3860 2224 5
3860 4211 7
3861 3379 2
3861 123 1
3861 4588 3
3861 2468 4
3861 3136 3
3862 2648 4
3862 810 6
3862 3691 10
3863 3153 3
3863 811 10
3863 2773 10
3863 3179 9
3863 3493 6
3864 2328 6
3864 1478 3
3864 1263 5
3864 3828 9
3864 1468 4
3865 1635 8
3865 4351 7
3865 4974 4
3865 2201 1
3866 2523 4
3866 3257 8
3866 4120 10
3866 151 6
3867 4002 6
3867 498 5
3867 982 7
3867 4906 1
3868 880 8
3869 3208 9
3869 3704 1
3869 4210 1
3869 4571 4
3870 4610 1
3870 1124 10
3871 824 6
3871 1989 3
3871 4586 4
3871 3147 5
3872 2690 3
3873 1458 2
3873 1303 1
3873 2840 9
3873 4033 6
3874 2905 10
3874 1442 5
3874 4751 8
3874 4840 5
3875 1063 4
3875 1472 4
3875 2860 3
3875 2794 3
3875 4543 4
3876 4116 9
3876 2362 3
3876 4404 10
3876 3647 10
3877 4678 2
3877 667 6
3877 4299 8
3877 3066 6
3877 4185 5
3878 2374 2
3878 4193 1
3879 2089 1
3879 460 4
3879 4547 9
3879 1938 10
3880 951 10
3880 1434 3
3880 3781 10
3880 4069 3
3881 2357 4
3881 762 1
3882 4741 8
3882 3294 5
3883 4593 1
3883 4488 2
3884 2076 2
3884 2343 2
3884 4382 9
3885 1849 3
3885 1894 4
3885 3097 10
3885 1441 4
3885 2290 1
3886 4933 4
3886 4719 2
3886 2993 7
3886 2133 6
3886 1437 4
3887 591 7
3887 2034 7
3887 1804 9
3887 541 2
3887 1033 6
3888 4826 3
3888 4251 10
3888 2125 8
3888 1765 10
3888 2697 6
3889 3465 3
3889 106 6
3889 4280 5
3890 2009 10
3891 4752 1
3891 3322 4
3891 4095 9
3892 688 5
3892 3753 3
3892 123 10
3892 4545 8
3893 2552 7
3893 3088 2
3893 1634 9
3893 1013 10
3893 1594 6
3894 450 1
3894 2388 3
3894 3028 6
3895 2123 1
3895 1004 9
3895 4005 1
3895 4702 6
3895 2853 5
3896 262 9
3896 4373 3
3896 3700 1
3896 4539 4
3897 1610 4
3897 4445 3
3897 1059 4
3897 3743 3
3898 3990 1
3899 374 4
3900 3594 6
3900 4590 9
3900 1784 10
3900 2552 10
3900 2361 7
3901 470 1
3901 4683 4
3901 3856 8
3902 1690 2
3902 2913 7
3902 406 1
3902 3353 5
3902 1714 1
3903 2712 6
3903 2477 5
3903 1821 6
3904 1212 6
3904 3094 1
3904 4053 3
3904 1813 9
3904 3700 2
3905 302 2
3905 1432 9
3905 2856 8
3906 921 8
3906 4075 8
3906 3591 9
3906 2459 7
3907 703 5
3907 1840 9
3908 3574 6
3908 8 1
3909 3029 4
3910 389 2
3910 334 5
3910 1046 4
3910 4292 4
3910 3169 2
3911 2586 3
3912 2271 7
3912 3801 6
3912 4949 8
3913 2449 6
3913 1120 1
3913 4634 4
3913 602 1
3914 3017 6
3914 822 10
3914 4088 3
3914 2671 2
3914 3979 4
3915 2280 8
3916 1291 1
3916 3948 8
3917 3146 10
3918 733 7
3918 3186 9
3918 4481 4
3918 3492 9
3918 3391 5
3919 441 8
3920 3700 4
3920 1813 5
3920 3528 10
3920 2856 8
3920 1465 3
3921 3297 1
3921 3834 8
3921 4476 9
3922 1951 10
3923 1340 5
3924 653 10
3924 2899 7
3925 4874 2
3925 907 4
3925 3527 2
3926 4566 1
3926 151 8
3927 1260 10
3927 3598 10
3927 2402 6
3927 1551 6
3927 2672 3
3928 1171 5
3928 3188 10
3928 2683 3
3928 4476 3
3928 63 7
3929 1864 3
3929 1157 6
3929 2456 9
3929 958 9
3929 128 5
3930 4133 7
3930 575 10
3930 4203 9
3931 4019 2
3931 959 5
3931 1049 2
3932 1400 7
3932 1028 10
3932 4724 8
3932 4373 8
3933 1676 5
3933 1645 6
3933 127 10
3933 1459 3
3933 438 8
3934 3680 8
3934 73 4
3935 2800 8
3935 1503 3
3935 3286 7
3936 2458 7
3937 4510 4
3937 3421 5
3938 4292 4
3938 3102 3
3938 652 9
3938 3018 7
3938 921 10
3939 1268 9
3939 1470 7
3939 1820 6
3939 1978 1
3940 4926 4
3941 3704 2
3941 3290 5
3942 2662 7
3942 2047 7
3942 732 5
3942 56 8
3943 1638 9
3943 1900 9
3943 1591 9
3943 3474 7
3943 610 5
3944 3829 7
3944 3254 7
3945 961 3
3945 2825 4
3945 1591 10
3945 3039 2
3945 3413 6
3946 4018 3
3947 1397 9
3948 126 1
3949 325 6
3950 3858 4
3950 4821 9
3950 770 4
3950 3567 6
3951 3406 7
3952 2080 9
3952 2919 4
3953 1692 2
3953 3031 10
3954 3009 8
3954 104 9
3954 1632 3
3954 1967 2
3955 4215 8
3955 3852 3
3955 2316 10
3955 810 6
3956 3320 3
3956 894 9
3957 3019 2
3957 82 7
3958 3859 1
3958 4383 7
3958 1688 4
3958 3824 3
3958 4913 9
3959 4297 2
3959 2220 7
3959 1311 6
3959 4751 6
3959 1113 4
3960 1179 10
3960 2034 1
3960 4533 3
3960 4762 8
3961 3679 8
3961 2919 5
3961 992 4
3961 969 10
3962 4521 6
3962 1631 10
3963 697 4
3963 1739 7
3964 717 3
3964 2635 6
3965 1129 9
3966 4491 7
3967 4154 2
3968 2568 8
3968 4356 10
3969 3127 3
3969 4703 7
3969 735 9
3970 1196 6
3970 4896 4
3970 978 3
3971 1625 6
3971 1768 8
3972 4837 5
3972 2160 8
3972 978 5
3972 3006 4
3972 2818 6
3973 1108 6
3973 1088 10
3974 4780 2
3974 3869 3
3974 1940 10
3975 4144 9
3975 499 5
3976 4217 8
3976 4443 8
3976 4631 3
3976 2614 2
3976 292 3
3977 3238 7
3977 3833 5
3977 1479 10
3977 589 1
3977 861 10
3978 3339 9
3978 429 3
3978 3936 2
3979 2284 2
3979 1126 10
3979 115 8
3979 2685 4
3979 961 2
3980 3521 3
3980 769 5
3981 3268 5
3981 1673 1
3982 3711 6
3982 3073 4
3982 2545 2
3982 3399 4
3982 1069 10
3983 2479 8
3983 4063 9
3983 3939 7
3983 2181 9
3984 3262 1
3984 579 1
3984 3341 10
3984 4861 3
3984 2898 4
3985 2991 3
3986 802 5
3986 4390 7
3986 505 6
3986 1890 7
3987 3577 1
3987 1038 6
3987 3059 4
3987 4008 10
3987 4409 9
3988 3745 2
3989 4188 6
3990 4218 9
3990 2410 5
3991 1271 4
3991 904 5
3991 831 4
3991 3093 9
3992 3833 7
3992 3854 7
3992 10 4
3992 1738 4
3992 4970 6
3993 4489 8
3993 2547 4
3994 3661 10
3994 3396 10
3994 2763 7
3994 1197 10
3994 1046 2
3995 2869 6
3996 148 3
3996 4358 6
3997 2233 7
3997 341 2
3997 3983 2
3997 3148 6
3998 343 4
3999 2594 8
3999 3784 2
4000 4019 1
4000 4492 6
4001 4506 10
4001 4322 5
4001 2538 5
4001 3890 2
4001 4459 8
4002 3635 10
4002 2711 6
4003 2560 8
4003 1283 10
4003 1863 8
4003 1308 2
4004 2226 9
4004 4876 7
4004 1842 2
4004 129 3
4005 3552 9
4005 2540 5
4005 3267 1
4006 4251 2
4006 3351 6
4006 3867 9
4006 3114 6
4006 3801 1
4007 2714 6
4007 348 6
4007 4248 3
4008 1905 5
4008 1460 2
4008 481 3
4008 40 2
4008 4293 4
4009 2717 7
4009 4883 7
4009 1290 5
4010 4642 3
4010 1894 2
4010 4493 9
4011 2594 5
4012 739 9
4013 1328 1
4013 4429 3
4013 1911 9
4013 4373 6
4014 2360 5
4014 65 2
4014 1803 10
4015 1738 3
4015 1540 2
4015 4644 2
4016 3888 3
4016 3415 8
4016 165 3
4016 2633 9
4016 3223 5
4017 3677 7
4017 3231 4
4017 220 1
4018 806 9
4018 3242 4
4018 3341 2
4018 3549 8
4019 1697 2
4019 2706 3
4019 485 2
4019 4128 2
4020 2656 5
4020 89 6
4020 4592 7
4020 3731 6
4021 2890 5
4021 4009 1
4021 2804 7
4021 685 10
4022 1249 8
4022 235 9
4022 2151 6
4023 1921 4
4023 751 6
4023 2514 4
4023 1690 1
4024 861 4
4024 41 6
4024 1884 5
4024 2471 9
4024 589 7
4025 1212 5
4025 3728 3
4025 3508 8
4025 4991 9
4026 1981 8
4026 797 3
4026 2977 3
4027 1665 6
4027 1552 5
4027 4180 8
4028 1445 10
4029 14 9
4029 2788 7
4029 4472 2
4029 3399 6
4030 3101 5
4030 437 5
4030 3941 3
4030 669 4
4030 3620 9
4031 2267 1
4031 4255 4
4032 2152 10
4032 1816 7
4033 776 4
4033 3914 8
4033 3084 3
4033 2080 3
4033 3109 9
4034 2589 5
4034 3364 2
4034 4325 7
4034 1458 2
4034 1321 8
4035 3854 8
4035 4006 2
4036 3757 3
4036 500 9
4037 3232 5
4038 3208 9
4039 4062 2
4039 111 8
4039 3160 7
4039 1087 2
4039 329 10
4040 934 4
4040 3238 4
4040 1899 2
4041 3986 7
4041 3170 3
4041 621 8
4041 921 7
4041 4613 9
4042 3526 1
4042 79 9
4042 4996 8
4042 841 8
4043 1420 6
4043 4759 3
4044 4630 6
4044 3786 7
4044 251 7
4044 2970 7
4044 1238 3
4045 1656 5
4045 2018 4
4046 1422 2
4047 3267 9
4047 1399 7
4047 4178 6
4047 809 9
4048 4671 9
4049 780 3
4049 1576 5
4049 604 4
4049 3916 4
4050 2675 1
4051 2380 9
4051 1531 7
4052 3778 2
4052 3125 7
4052 3674 3
4052 2160 7
4053 2323 4
4053 4119 10
4053 2480 1
4053 76 4
4053 98 3
4054 2827 7
4054 3741 10
4055 4878 9
4055 892 9
4055 1001 3
4056 3010 10
4056 2897 8
4056 1463 10
4057 4720 8
4058 2777 4
4058 3618 6
4059 1904 7
4059 4515 9
4059 3903 6
4060 4472 7
4060 4826 3
4060 3144 10
4060 566 6
4060 536 8
4061 2351 9
4062 1701 8
4062 2558 10
4062 2246 8
4062 1633 1
4062 1004 9
4063 1129 3
4063 266 3
4063 1423 9
4064 1591 3
4064 4018 3
4064 458 5
4064 2299 10
4065 3454 9
4065 4843 9
4065 4529 9
4065 3804 3
4066 237 8
4066 3356 8
4066 266 8
4066 4677 4
4066 3467 5
4067 2808 5
4067 4400 5
4067 398 1
4067 4161 10
4067 228 9
4068 2224 5
4068 1188 7
4069 1942 6
4069 3145 5
4069 3522 8
4070 1392 2
4070 2181 6
4070 816 5
4071 258 2
4071 1411 8
4071 1105 2
4072 2050 3
4073 4219 5
4073 3913 9
4073 3620 4
4073 1464 4
4073 2217 2
4074 4546 9
4074 931 4
4075 1939 8
4075 4280 8
4075 391 6
4075 137 7
4076 4301 8
4076 4244 6
4077 3805 6
4077 3472 9
4077 3210 1
4078 796 4
4078 1104 5
4078 1108 4
4078 3102 10
4078 2719 8
4079 4921 8
4079 31 3
4080 2098 3
4080 4529 10
4080 4970 3
4081 4643 7
4081 3647 6
4081 629 2
4081 4870 9
4081 3690 2
4082 2983 4
4082 3745 4
4082 1779 9
4082 633 9
4082 1271 6
4083 870 1
4083 437 8
4083 28 6
4083 4405 9
4084 3935 9
4084 2851 6
4084 3587 4
4084 2065 2
4084 2758 6
4085 727 7
4085 2685 9
4085 786 7
4085 957 2
4086 2007 2
4086 2274 2
4087 1897 2
4088 4829 10
4089 3267 1
4090 3163 6
4090 843 1
4090 3390 5
4090 2196 6
4090 4992 1
4091 3508 8
4091 424 1
4092 2619 2
4092 2208 1
4092 3474 2
4093 4652 10
4094 3250 10
4095 1599 1
4095 4047 3
4095 2829 7
4095 2475 8
4095 978 6
4096 155 4
4096 2720 4
4097 2198 2
4097 4350 6
4098 1585 7
4098 4120 3
4098 255 4
4099 4006 7
4099 1450 10
4100 764 4
4100 47 6
4101 1600 1
4101 1058 1
4102 3521 7
4102 2156 8
4102 3991 7
4102 4298 8
4102 3549 9
4103 3723 4
4103 2993 1
4103 3302 8
4104 4108 7
4104 2079 4
4104 1065 4
4104 1807 2
4104 3196 6
4105 1466 4
4105 684 7
4105 1282 9
4105 2485 1
4105 1662 8
4106 2218 3
4107 3591 5
4107 3070 3
4108 2301 10
4108 261 5
4109 2977 10
4109 2370 10
4109 1671 9
4109 3475 8
4110 1104 4
4110 4251 9
4110 4584 4
4111 1238 8
4111 3803 7
4112 4428 7
4112 4355 5
4112 1274 7
4112 3569 3
4112 4154 9
4113 4850 10
4113 3315 4
4113 2230 1
4113 3997 3
4113 2087 4
4114 2815 1
4114 2575 2
4114 2309 9
4114 1526 5
4114 3963 6
4115 4244 6
4115 3541 7
4115 4865 7
4115 4009 10
4116 3918 5
4116 2076 2
4117 739 9
4117 2108 8
4117 982 8
4118 4084 1
4118 2531 2
4118 2863 5
4119 2777 3
4119 589 5
4119 3582 6
4119 959 3
4120 4135 3
4121 2298 10
4121 2946 2
4121 4616 6
4121 130 9
4121 1955 4
4122 3800 7
4122 3027 4
4122 678 7
4122 952 1
4122 4215 8
4123 1728 10
4124 98 5
4124 1924 8
4124 399 8
4124 4189 2
4125 780 2
4126 4512 1
4126 1412 4
4126 4976 6
4126 308 1
4127 2540 3
4127 2515 8
4127 4286 3
4127 4607 10
4127 2258 4
4128 1073 7
4129 3297 1
4129 3650 4
4130 1966 6
4131 1337 8
4131 4607 6
4132 3509 10
4132 4660 7
4132 4223 8
4132 4935 6
4132 4718 3
4133 3679 6
4134 2442 6
4134 4722 2
4135 852 9
4136 4847 5
4136 3613 6
4136 3508 6
4136 3372 9
4137 3985 9
4137 334 4
4137 4251 6
4138 3775 1
4138 904 2
4139 4741 5
4139 3294 6
4140 4710 3
4140 3991 8
4141 2577 10
4142 2774 3
4142 2501 6
4142 3073 10
4142 943 8
4143 2412 9
4143 1268 4
4143 3907 5
4143 4846 1
4144 759 4
4145 4730 9
4145 2450 1
4145 4176 9
4146 3569 4
4146 4961 9
4146 866 4
4146 4973 4
4147 4152 1
4148 3230 10
4149 4583 10
4149 3010 7
4149 3368 6
4150 4194 5
4150 3889 5
4151 2144 8
4151 3814 4
4151 3574 3
4151 2368 3
4151 288 1
4152 2917 2
4152 1112 4
4152 1244 6
4152 3935 5
4152 2361 4
4153 3874 10
4154 575 2
4154 4501 6
4155 824 10
4155 2975 8
4155 510 4
4156 3787 1
4156 2970 5
4156 1852 1
4156 300 3
4156 4621 5
4157 4832 2
4157 3647 2
4157 2943 5
4157 4273 4
4158 4346 4
4159 4426 10
4159 4764 8
4159 1899 3
4160 1784 2
4160 2734 10
4160 3148 6
4160 1093 2
4161 3416 3
4162 4248 8
4163 3162 1
4163 941 10
4163 1464 6
4163 2133 2
4163 568 10
4164 360 10
4164 2529 3
4164 1178 10
4164 3464 6
4165 4594 5
4165 166 9
4166 4634 7
4166 1462 1
4166 1299 10
4167 4875 4
4167 4102 2
4167 594 8
4168 371 10
4168 4927 4
4168 4373 5
4169 4845 6
4169 643 1
4169 3912 7
4169 4891 10
4169 689 3
4170 2637 7
4170 1694 8
4171 3825 5
4171 3066 7
4171 2148 2
4171 157 9
4171 1759 9
4172 4138 9
4172 4435 7
4172 1489 3
4172 213 9
4173 4563 6
4173 741 6
4174 4652 4
4174 3135 9
4174 4890 10
4174 3985 2
4175 556 4
4176 1336 1
4176 1438 3
4176 3864 2
4176 1309 8
4177 4417 10
4177 2208 6
4177 4736 10
4177 831 9
4178 2203 3
4178 2668 5
4179 2709 6
4180 4578 3
4180 1849 6
4180 2928 3
4180 2212 9
4181 4607 9
4181 2645 3
4181 4127 5
4181 4025 7
4182 3150 2
4182 2221 5
4182 4645 1
4182 2588 3
4182 4731 3
4183 3776 6
4184 1906 5
4185 3859 4
4185 2465 9
4186 3500 8
4186 1023 6
4186 810 3
4186 4830 4
4186 4269 9
4187 2073 4
4188 2456 9
4189 1074 7
4189 3753 6
4189 591 1
4189 2557 6
4189 3814 5
4190 23 1
4190 2361 2
4191 3888 3
4191 3059 9
4191 4192 3
4192 3477 7
4192 4556 1
4192 4849 5
4193 2594 10
4193 93 6
4193 3544 8
4193 3186 4
4194 377 6
4194 1957 9
4194 3754 1
4194 132 8
4195 3399 8
4195 4974 4
4196 870 7
4196 1768 1
4197 3910 8
4197 4057 6
4197 1858 10
4197 2109 4
4197 4251 3
4198 3921 10
4199 1282 6
4199 3218 8
4199 3766 6
4199 2431 5
4199 3733 6
4200 82 1
4200 1114 2
4200 513 1
4201 1955 1
4201 3872 10
4202 840 1
4202 2952 9
4202 1450 8
4202 4810 7
4203 417 10
4203 3931 9
4203 894 9
4203 4467 7
4204 2886 4
4204 4985 2
4204 3097 9
4204 2159 5
4204 3734 3
4205 2431 3
4205 4709 4
4205 1563 7
4205 3364 5
4206 4916 9
4206 1645 6
4206 4823 1
4206 1009 9
4207 395 3
4207 2494 4
4207 1004 6
4207 316 4
4208 69 2
4208 4133 2
4208 3017 9
4209 3727 9
4209 4678 6
4209 1554 2
4209 1755 6
4210 959 7
4211 1825 5
4211 3227 4
4212 724 9
4213 2108 3
4213 4588 10
4213 3318 4
4213 2002 7
4214 4616 6
4214 235 6
4215 1076 8
4215 4288 3
4215 4405 7
4215 1475 7
4216 668 7
4216 4234 2
4216 4974 7
4217 3807 2
4217 2950 10
4217 2595 7
4218 2622 7
4218 4260 8
4218 611 1
4219 558 8
4219 2559 3
4219 2720 10
4219 449 9
4219 1200 10
4220 4851 5
4220 3712 1
4220 1777 2
4221 4113 3
4221 3272 4
4221 3887 7
4221 2552 4
4221 318 5
4222 405 1
4222 4099 6
4222 4510 7
4223 3267 1
4224 4189 5
4224 622 6
4224 3014 7
4225 3983 6
4225 842 4
4225 668 7
4225 1998 6
4226 794 5
4226 731 7
4226 1030 7
4226 23 5
4227 1819 6
4227 3235 7
4228 2463 6
4228 3379 4
4228 1759 2
4229 2120 8
4230 922 1
4230 1083 8
4230 3780 9
4231 606 10
4232 1939 1
4232 3885 8
4232 4418 8
4232 3476 9
4232 1817 9
4233 1863 10
4233 2135 9
4233 3508 9
4234 518 1
4234 123 9
4234 3080 7
4234 1685 2
4234 2310 1
4235 4976 8
4235 4544 8
4235 2797 3
4236 3593 6
4236 1338 5
4236 1174 9
4236 4789 8
4237 3401 4
4238 2947 2
4238 3523 10
4238 387 9
4238 4993 8
4239 4868 10
4239 1674 4
4239 163 1
4240 4309 1
4241 3270 4
4241 1795 8
4242 1250 8
4242 4205 6
4242 1163 10
4243 774 7
4243 2045 8
4243 824 6
4244 4797 3
4244 107 4
4245 1569 4
4246 3741 6
4246 4195 8
4247 1705 1
4247 2279 8
4247 2805 1
4247 1021 4
4247 2203 7
4248 1076 3
4249 3475 8
4249 3200 5
4249 543 7
4250 3954 5
4250 2390 9
4250 839 6
4250 1748 4
4251 3499 8
4251 4107 1
4251 1046 4
4251 1554 1
4251 2474 8
4252 1222 4
4253 870 2
4253 1474 9
4253 1896 2
4253 37 3
4253 3873 4
4254 1150 3
4254 776 10
4254 2329 7
4255 1120 3
4255 4020 10
4255 955 8
4255 2318 8
4255 617 3
4256 143 8
4256 3221 8
4256 1907 2
4257 1421 3
4258 44 1
4259 2980 4
4260 4240 6
4260 4958 8
4260 4352 1
4260 4045 5
4261 1805 6
4261 3295 5
4261 1837 2
4261 1706 1
4262 621 3
4263 1878 4
4264 3999 6
4264 2176 9
4264 1659 5
4265 3502 3
4265 1966 1
4265 1313 4
4265 4477 7
4265 3293 4
4266 1952 10
4267 341 10
4268 668 1
4268 1616 1
4268 2641 9
4269 873 3
4269 2635 9
4269 4566 6
4269 2094 6
4270 589 10
4270 1923 6
4270 775 6
4271 4907 4
4272 1838 8
4272 1104 9
4272 278 2
4272 3812 3
4272 1755 8
4273 4607 10
4273 4589 2
4274 4773 3
4274 3859 7
4274 2337 2
4274 333 9
4275 4189 2
4275 1897 9
4275 1124 1
4276 383 2
4276 2279 10
4276 2868 9
4276 1951 5
4277 4265 6
4277 2332 7
4277 4868 7
4277 1714 6
4278 3116 5
4278 1536 5
4278 2856 6
4278 2960 9
4278 4117 4
4279 1818 3
4279 3318 3
4279 336 8
4279 4746 5
4280 4254 7
4280 3216 10
4281 1815 10
4281 3137 9
4281 3203 10
4281 1632 6
4282 4823 8
4282 377 3
4282 3736 4
4282 3545 1
4283 4964 4
4283 982 2
4283 4773 9
4284 1329 8
4284 3387 4
4284 904 5
4284 2607 1
4284 2146 6
4285 388 10
4285 63 9
4285 1609 10
4285 4219 4
4285 4105 8
4286 3753 7
4286 4312 8
4287 666 8
4287 2769 9
4288 83 2
4288 751 3
4288 4113 1
4289 1322 4
4289 2021 10
4289 2985 5
4289 2435 4
4289 2301 2
4290 4852 4
4290 1665 2
4290 4578 8
4290 1760 9
4291 834 2
4291 2463 4
4292 645 2
4292 2958 6
4292 2749 8
4292 445 6
4292 4525 8
4293 2192 2
4293 4562 10
4293 228 9
4294 1049 2
4294 3477 1
4295 1567 4
4295 1821 1
4295 3342 5
4295 3331 1
4295 677 8
4296 2476 6
4296 3171 1
4296 89 3
4296 874 4
4296 2374 7
4297 1513 3
4297 625 3
4297 865 8
4298 3265 4
4298 3127 8
4298 425 5
4298 907 4
4298 922 6
4299 853 2
4299 774 9
4299 1412 10
4299 795 3
4300 3748 5
4300 1622 8
4301 2252 6
4301 312 8
4302 223 10
4303 75 5
4303 2888 3
4304 4696 9
4305 1104 5
4305 2178 2
4306 708 1
4306 3233 6
4306 4985 7
4307 4558 7
4307 2734 1
4308 4884 2
4308 4282 1
4309 4239 8
4309 3318 2
4309 2306 7
4309 2701 9
4310 3548 8
4310 4210 5
4310 2497 1
4310 1991 3
4310 2846 3
4311 2189 4
4312 1803 5
4312 3017 10
4313 3702 8
4313 1374 9
4314 983 3
4315 4939 2
4315 860 6
4315 3711 1
4315 2968 9
4315 2295 4
4316 1267 4
4316 3725 10
4316 201 4
4316 485 4
4317 3990 10
4317 1328 1
4317 813 10
4317 3537 9
4318 1239 1
4318 4933 6
4319 4779 5
4320 157 7
4320 4985 9
4320 1777 4
4321 166 1
4321 4692 8
4321 3922 1
4321 3181 5
4321 2274 1
4322 4662 1
4322 3408 5
4322 904 4
4323 681 9
4324 3392 10
4324 2423 8
4324 2704 3
4324 1594 4
4325 3187 3
4325 2222 4
4325 3966 3
4325 1568 7
4325 4215 1
4326 1688 2
4326 1144 7
4327 1684 5
4328 822 2
4329 1608 8
4329 907 4
4330 1877 1
4330 3869 10
4331 2933 9
4331 3680 10
4331 2089 4
4331 1178 8
4332 313 10
4333 4900 7
4333 377 2
4334 3267 6
4334 2162 6
4334 764 3
4335 1705 5
4335 1606 8
4336 1351 4
4336 3114 3
4337 46 2
4337 3384 10
4337 2028 9
4337 1102 4
4338 2079 2
4338 3483 7
4338 1356 4
4338 4720 9
4339 2816 4
4339 896 10
4339 3469 10
4339 2829 1
4339 2621 1
4340 2370 10
4340 3772 3
4341 4288 3
4342 1010 6
4343 2523 8
4343 522 10
4344 1554 7
4344 891 10
4344 1031 6
4344 3058 1
4344 1393 5
4345 149 3
4345 224 9
4346 4037 9
4346 4035 2
4346 130 9
4346 4476 4
4346 4128 2
4347 3131 8
4348 697 7
4348 4100 5
4348 2276 4
4348 2004 7
4348 388 8
4349 2456 3
4349 2853 2
4349 443 2
4349 1668 9
4349 1603 6
4350 1351 4
4351 2902 3
4351 3293 9
4351 3799 4
4352 4000 9
4353 3626 5
4353 3618 6
4353 668 3
4353 318 6
4353 3226 10
4354 2873 1
4354 155 5
4355 3677 5
4355 3308 2
4356 126 9
4357 1311 4
4358 4868 4
4359 873 5
4359 4390 1
4359 4643 8
4359 4247 10
4359 4278 3
4360 955 10
4360 3891 4
4360 1719 6
4360 3233 5
4360 4416 8
4361 1906 3
4361 2554 2
4362 3223 7
4362 575 8
4362 1820 2
4362 3569 8
4362 3813 8
4363 2031 6
4363 4589 7
4363 2304 8
4363 135 7
4364 4657 1
4364 1232 5
4365 15 7
4365 1310 2
4365 1368 5
4366 1387 4
4366 1820 2
4366 3541 2
4366 4136 9
4366 1976 10
4367 4530 4
4367 2769 8
4367 3485 2
4367 2922 6
4367 4107 4
4368 1193 4
4368 3999 5
4368 3700 3
4368 604 2
4369 925 10
4369 3499 8
4370 3543 9
4370 3449 4
4370 3883 6
4371 4360 6
4372 1282 10
4372 373 6
4372 4247 7
4372 4959 3
4373 4861 2
4373 4265 2
4373 2930 1
4374 3720 4
4374 4657 7
4374 2388 10
4374 1450 4
4374 2434 7
4375 4657 10
4375 1233 10
4376 2359 8
4376 4120 7
4377 3750 7
4377 3021 10
4377 1401 4
4377 2364 3
4377 1441 1
4378 2371 10
4378 1192 7
4378 3483 2
4378 3351 4
4379 1978 4
4379 4731 4
4379 3980 6
4379 3637 3
4379 3292 7
4380 2420 4
4380 3017 10
4380 224 5
4380 3718 8
4381 4735 8
4382 3411 9
4382 4346 9
4382 1481 6
4383 3936 3
4383 929 5
4383 1070 3
4383 592 2
4383 4254 2
4384 432 9
4384 619 5
4384 3260 5
4384 4546 5
4385 4435 8
4385 2856 6
4385 1020 1
4386 4799 7
4386 3674 5
4386 995 10
4386 3151 6
4387 3160 1
4388 1231 1
4388 1825 4
4388 1704 2
4389 697 4
4389 35 10
4389 3109 9
4389 1 10
4390 3350 4
4391 372 8
4391 2614 10
4391 2381 4
4391 1771 4
4391 3864 10
4392 2292 8
4392 1867 5
4392 3322 9
4392 4297 2
4393 464 2
4393 4209 6
4393 1947 1
4394 2345 3
4394 3297 4
4395 302 9
4395 2615 6
4395 4689 3
4396 2500 4
4397 2468 7
4397 184 6
4397 4097 10
4397 3975 7
4398 4128 2
4398 2588 2
4398 498 10
4398 321 8
4399 4706 6
4399 1436 10
4399 295 10
4399 3536 9
4400 442 4
4401 2352 10
4402 2656 9
4402 3852 10
4402 630 5
4402 3486 3
4402 702 5
4403 3343 1
4403 703 7
4404 3922 2
4404 626 8
4405 83 1
4406 3043 1
4407 4006 4
4407 4106 6
4407 4889 10
4408 2701 9
4408 2288 2
4408 1765 8
4409 740 3
4409 2984 8
4409 3042 6
4409 4133 6
4410 437 8
4410 306 9
4410 4179 7
4410 4240 1
4411 1565 7
4411 1422 2
4411 1885 4
4411 2194 2
4411 4972 4
4412 3201 10
4412 2843 10
4412 4490 10
4412 4318 2
4413 1938 8
4414 2317 3
4414 2287 3
4414 609 1
4415 1791 2
4415 1976 7
4415 1025 8
4416 4611 2
4416 419 5
4416 3553 2
4416 841 7
4416 1479 7
4417 1623 6
4417 1159 7
4417 3420 5
4417 3153 1
4418 2668 1
4419 852 7
4419 441 1
4419 1059 7
4419 3913 10
4419 4427 6
4420 4638 10
4420 1356 1
4420 1844 3
4420 3223 9
4421 172 7
4421 2434 10
4421 4810 3
4421 1934 4
4421 3457 4
4422 4246 3
4422 3642 7
4423 4838 10
4423 272 6
4423 4114 8
4423 2558 2
4424 4870 3
4424 1435 3
4424 262 4
4424 2843 6
4425 1237 3
4425 1205 9
4426 404 1
4426 1166 9
4427 492 3
4427 1331 7
4427 4034 3
4427 4022 7
4428 536 10
4428 2788 8
4428 2251 5
4428 1475 2
4429 1374 3
4429 1259 3
4429 3586 3
4430 4736 10
4431 1805 10
4431 1497 5
4431 1366 10
4432 1234 5
4432 2172 10
4432 4106 5
4432 3127 4
4433 2437 5
4433 3241 3
4433 3694 2
4433 425 8
4434 178 1
4434 3350 6
4434 4795 8
4435 2980 8
4435 1825 6
4435 3523 6
4435 3209 5
4436 1460 10
4436 536 7
4436 930 2
4436 3702 3
4437 2688 5
4437 1777 3
4438 4259 2
4438 4476 7
4438 2301 6
4439 3369 5
4439 2323 4
4439 3087 9
4439 4968 1
4439 1981 5
4440 3463 3
4440 1507 4
4440 2097 7
4440 4846 2
4440 1833 10
4441 657 3
4442 1941 3
4442 1497 9
4442 3397 4
4442 2734 6
4443 3747 5
4443 4457 8
4443 3109 2
4443 800 7
4444 2419 10
4445 2879 10
4445 575 3
4445 3677 2
4446 880 10
4447 1724 1
4447 4495 3
4447 4891 2
4447 4647 9
4447 325 2
4448 1829 2
4448 4289 9
4448 4441 4
4448 1268 3
4449 2801 1
4449 574 6
4449 4132 7
4450 2764 8
4450 474 1
4451 1508 9
4451 1906 6
4451 181 9
4451 2082 3
4452 2865 7
4452 959 9
4452 3857 2
4453 4801 10
4454 161 3
4454 3592 5
4455 397 10
4456 2595 3
4456 1399 6
4457 3766 2
4457 75 8
4457 1607 7
4458 4550 9
4459 4421 10
4460 4675 9
4461 1518 9
4461 602 2
4461 4885 7
4461 3051 4
4461 1136 9
4462 3153 1
4462 1034 2
4463 1656 3
4463 2931 6
4463 4093 9
4464 1104 1
4464 4612 1
4464 276 8
4464 995 9
4464 4773 2
4465 1663 7
4465 4960 10
4465 2961 6
4465 1914 8
4465 4080 8
4466 3578 1
4466 3095 5
4467 2863 3
4467 2021 1
4467 2968 10
4467 4816 6
4468 3139 9
4468 967 6
4469 51 3
4469 1516 5
4470 4511 6
4470 2995 3
4470 1306 2
4470 4062 3
4470 2944 1
4471 1023 3
4471 488 3
4472 3268 4
4472 4940 9
4472 3799 10
4473 2218 10
4474 172 1
4474 1430 7
4475 2537 5
4475 4087 5
4475 2638 7
4476 904 5
4476 1387 9
4477 4449 6
4477 663 6
4477 95 4
4477 3888 9
4478 2339 3
4478 4540 8
4479 745 7
4479 3331 5
4480 974 1
4481 1739 9
4481 3911 8
4482 1443 1
4482 3010 4
4482 1187 1
4483 4508 9
4484 1571 7
4484 1271 1
4484 3076 9
4484 3073 5
4484 4828 7
4485 1195 2
4485 2518 8
4486 4963 7
4486 1390 7
4486 3924 10
4487 3364 6
4487 1633 6
4487 602 3
4488 4325 7
4489 3759 9
4489 3522 4
4489 1077 8
4489 3570 4
4489 759 10
4490 4113 1
4490 4122 4
4490 1526 6
4491 1612 10
4491 2530 3
4492 3973 5
4493 4252 1
4494 1232 5
4494 2153 1
4494 3932 2
4494 387 3
4495 4617 10
4495 285 10
4495 2287 7
4495 2995 7
4495 1389 9
4496 1291 10
4497 4460 5
4497 4617 1
4497 341 8
4498 5000 4
4498 4825 9
4499 891 1
4499 1368 6
4500 2550 9
4500 98 9
4501 498 5
4501 650 1
4501 4652 8
4501 1667 5
4502 96 9
4502 4726 9
4502 1250 10
4503 4783 5
4503 1957 6
4504 3772 1
4504 3079 7
4505 3980 6
4505 4225 2
4505 4897 10
4506 4765 8
4506 2995 2
4507 2619 3
4507 2490 2
4508 4005 4
4508 2873 1
4508 4020 3
4508 3003 8
4509 4549 8
4509 2987 7
4510 1401 10
4510 1450 9
4511 4128 5
4511 2994 3
4511 2973 8
4511 3429 8
4511 4771 7
4512 854 10
4512 1606 9
4512 1701 7
4512 4759 7
4513 1390 3
4513 4100 1
4513 5000 3
4513 4403 3
4514 3547 8
4515 774 3
4515 4898 10
4515 3803 2
4516 4104 9
4516 4322 4
4516 1503 1
4516 149 10
4517 4262 3
4518 1964 8
4518 763 4
4518 4005 10
4518 1607 7
4519 1530 4
4519 2287 4
4519 2142 10
4520 3987 6
4520 3131 7
4521 4351 2
4521 4831 1
4521 1044 10
4521 8 5
4522 4309 4
4522 14 1
4522 2108 8
4523 1205 7
4523 942 7
4524 2866 2
4524 4099 10
4525 2035 4
4525 3059 2
4525 4181 9
4525 3803 4
4525 2456 8
4526 2463 4
4527 3598 8
4527 2214 3
4527 1514 6
4528 1623 5
4529 4868 10
4530 64 5
4530 3532 6
4530 1147 5
4530 4877 8
4530 2838 9
4531 3382 4
4531 4968 5
4531 2340 9
4531 4099 9
4531 4828 2
4532 4994 5
4532 3857 5
4532 4154 8
4532 3235 10
4532 498 10
4533 4143 1
4533 245 3
4533 2250 1
4533 442 10
4534 592 8
4534 3936 10
4534 2402 5
4535 3823 1
4536 344 10
4537 3399 10
4538 3939 4
4538 1404 6
4538 2168 10
4539 1923 8
4539 98 8
4540 2635 3
4540 4734 8
4540 268 5
4540 4808 1
4541 284 2
4541 3605 9
4541 4726 5
4541 1269 4
4542 228 4
4542 3379 2
4542 3102 4
4543 1247 6
4543 286 8
4543 3294 10
4544 2416 8
4545 1633 3
4545 2236 9
4545 334 1
4546 505 5
4546 3100 4
4547 617 8
4547 3866 1
4547 674 6
4547 509 8
4548 3988 8
4548 775 7
4548 3019 2
4548 2479 4
4548 3814 3
4549 156 10
4549 3147 3
4549 3560 10
4550 3694 6
4550 3087 8
4550 41 3
4551 222 1
4551 3607 1
4552 1211 2
4552 2216 4
4553 2972 7
4553 4354 9
4553 4129 1
4553 607 2
4554 3908 9
4555 2055 10
4555 3937 5
4556 2089 10
4556 4900 6
4556 4915 4
4556 2581 8
4556 3705 1
4557 1146 4
4557 1816 4
4558 610 9
4558 3356 9
4559 3331 2
4560 650 8
4560 1173 7
4560 2113 5
4560 2583 8
4560 4165 6
4561 948 9
4561 3542 3
4561 3523 9
4562 3058 2
4562 1865 1
4563 4692 10
4563 945 10
4563 2113 6
4564 1059 1
4564 3150 4
4564 698 8
4565 3467 4
4565 18 7
4566 2419 10
4566 3259 2
4567 1679 5
4567 2475 10
4567 3876 3
4567 1429 7
4567 1494 10
4568 2516 2
4568 4640 3
4568 3820 6
4569 3028 10
4569 2078 1
4570 2957 7
4570 4181 2
4571 3475 2
4572 4251 6
4572 3196 2
4573 1780 7
4574 377 1
4574 3813 1
4575 4663 10
4575 768 5
4575 3766 8
4575 1736 8
4576 2467 2
4577 2628 9
4577 909 5
4577 3239 10
4577 1282 7
4577 207 10
4578 395 3
4578 2933 1
4578 1865 1
4578 2089 3
4579 1108 8
4580 1059 9
4580 1173 6
4580 2586 7
4580 978 7
4580 4451 6
4581 4944 7
4581 4607 8
4581 3663 3
4581 717 6
4582 681 3
4582 3843 9
4582 738 7
4583 1120 10
4583 3886 1
4584 2563 4
4585 1671 1
4585 2065 9
4585 2622 1
4585 2980 10
4586 2374 6
4586 4715 5
4587 654 1
4587 3454 8
4588 893 9
4588 950 9
4588 2094 1
4589 135 9
4589 2948 6
4589 653 2
4590 2440 6
4591 2524 8
4591 1261 9
4591 3898 9
4592 2191 7
4593 4363 9
4593 1387 8
4593 4403 10
4594 4303 2
4594 4117 7
4594 3831 2
4594 4857 8
4595 3000 6
4596 1207 6
4596 387 6
4596 2937 7
4597 3366 10
4598 4488 3
4598 2666 6
4598 3316 2
4599 3226 7
4599 716 7
4599 3592 7
4599 2580 1
4600 2150 1
4600 2031 8
4600 3186 10
4601 2934 7
4601 3677 4
4602 3374 10
4602 2208 6
4602 3417 10
4602 4984 4
4603 3001 4
4603 3918 2
4603 3715 5
4603 646 4
4604 1106 1
4604 2365 10
4604 4109 3
4604 466 8
4604 1492 7
4605 2100 2
4605 1715 2
4606 3454 7
4606 1784 4
4606 1924 6
4606 4874 7
4607 2208 7
4607 2877 7
4607 688 1
4607 3914 5
4608 1232 6
4609 3208 4
4609 3689 9
4610 3483 3
4610 3434 9
4611 2706 1
4611 2087 10
4612 3684 7
4613 4010 9
4613 1173 3
4613 1250 3
4614 1892 6
4614 4593 1
4614 3831 2
4614 2186 1
4615 3881 2
4615 1479 3
4615 3757 4
4615 2542 7
4616 1759 2
4616 1680 1
4617 1823 5
4617 3829 9
4617 4525 1
4617 3823 3
4617 4232 10
4618 4298 10
4618 1242 3
4618 1797 10
4618 2902 10
4618 1335 6
4619 3158 1
4619 555 5
4619 329 3
4619 1858 4
4620 1713 1
4620 1061 9
4620 4284 10
4621 358 1
4621 3841 10
4621 2649 6
4622 3650 10
4623 982 4
4623 4934 3
4623 1482 4
4624 721 4
4624 4831 2
4624 3991 6
4624 1259 8
4624 3502 5
4625 1816 7
4625 3921 2
4626 2899 7
4627 2878 8
4627 2913 6
4627 4930 4
4627 3411 2
4627 2556 4
4628 3715 10
4628 3573 1
4628 3969 2
4629 973 9
4630 1463 1
4630 2485 6
4631 2262 4
4632 511 6
4632 3718 8
4632 301 4
4632 3855 10
4633 1690 7
4633 3711 5
4633 3596 4
4633 3293 9
4634 799 6
4634 4801 3
4635 1980 4
4635 4539 8
4635 3085 4
4635 3175 2
4636 4287 10
4636 4657 3
4636 861 8
4637 2427 4
4637 724 1
4637 2550 8
4637 1904 3
4638 4746 7
4638 1097 8
4638 728 5
4639 2274 4
4639 4168 8
4639 1922 1
4639 3608 4
4640 4394 9
4640 3213 9
4640 92 10
4640 2036 6
4641 4619 10
4641 3888 7
4642 1943 7
4642 2754 5
4642 1468 9
4642 2129 8
4642 776 7
4643 1705 4
4644 3157 7
4644 703 10
4644 485 10
4644 3097 1
4645 2381 5
4646 2373 10
4646 3808 2
4646 810 1
4646 1238 9
4646 4832 3
4647 3825 10
4647 4186 1
4647 3358 5
4647 1181 5
4647 3635 1
4648 1975 9
4648 3187 8
4648 130 2
4648 31 9
4648 1246 1
4649 1208 8
4649 1484 2
4649 1559 7
4649 3216 2
4650 3267 10
4651 4895 2
4651 2474 4
4652 1250 6
4653 397 4
4653 3741 7
4653 4872 8
4653 154 4
4653 513 6
4654 3001 3
4654 4727 9
4654 3233 5
4655 2406 9
4655 2242 1
4655 4205 10
4655 2477 6
4656 1474 8
4656 1596 3
4657 634 2
4658 305 6
4658 4677 2
4658 3418 1
4659 3708 6
4659 532 3
4659 1667 6
4659 412 5
4660 2648 8
4660 2870 2
4660 3316 1
4661 2485 5
4661 613 5
4661 4307 7
4662 233 4
4662 982 4
4662 3639 5
4662 2125 6
4663 486 1
4663 4959 8
4663 437 7
4663 1152 5
4664 3129 10
4664 1309 9
4664 2705 7
4664 2238 6
4664 2618 7
4665 1315 7
4665 4704 8
4665 1360 10
4666 1618 6
4666 3566 2
4666 4312 4
4667 3678 9
4667 4879 2
4667 154 8
4667 4333 2
4668 3227 5
4669 3293 1
4669 2097 5
4669 3855 9
4670 2432 9
4670 9 8
4670 3006 3
4670 1048 9
4670 3267 3
4671 3017 1
4671 3582 7
4671 2979 2
4672 3820 8
4672 4568 1
4672 3297 4
4672 4071 4
4673 3460 10
4673 1023 6
4673 1250 7
4674 373 10
4675 4510 6
4675 1085 8
4675 4099 1
4676 4877 6
4676 450 2
4676 562 5
4676 1393 7
4677 4428 8
4677 840 1
4677 2000 10
4677 4478 1
4677 3649 5
4678 572 1
4678 4365 4
4678 4799 2
4678 4383 4
4678 4885 5
4679 4671 10
4680 993 8
4680 3293 8
4680 840 8
4681 3991 10
4681 713 1
4681 335 3
4681 65 6
4681 3434 7
4682 4591 2
4683 2796 4
4683 2148 4
4683 4940 7
4684 4063 10
4684 1965 7
4685 4821 6
4685 973 10
4686 744 1
4687 1059 8
4687 3796 10
4688 1487 4
4688 3370 4
4688 2882 7
4688 2296 2
4688 2201 6
4689 4471 10
4689 267 10
4690 4717 6
4690 322 5
4690 3814 3
4690 225 4
4691 2934 10
4691 474 10
4691 405 5
4692 1437 5
4693 2786 4
4693 3208 1
4693 1706 7
4694 2043 8
4694 2665 1
4694 2496 10
4694 4254 10
4695 2345 10
4695 4149 5
4696 2440 7
4696 1076 9
4696 2433 6
4697 267 8
4697 1173 5
4697 3848 9
4697 1177 1
4697 1039 2
4698 3280 2
4698 1150 6
4699 2963 3
4700 801 5
4700 2325 9
4701 1033 8
4701 4448 1
4701 3076 6
4701 1124 9
4702 3803 5
4702 1965 9
4702 431 2
4702 560 6
4703 1475 5
4703 3396 9
4703 3854 2
4704 1411 3
4704 3168 7
4704 724 3
4705 1338 8
4705 867 4
4705 2728 7
4706 1160 3
4706 1411 4
4706 2567 1
4707 4970 2
4708 4731 10
4708 3372 1
4708 3419 8
4708 665 2
4708 270 7
4709 2258 8
4709 255 4
4709 885 10
4709 1491 7
4709 4048 3
4710 2338 5
4710 3238 4
4710 2335 2
4710 4106 5
4711 1423 8
4711 270 4
4711 3265 8
4712 3937 10
4712 3159 4
4713 471 5
4713 3728 3
4714 1304 4
4714 1645 1
4714 2339 7
4715 2851 9
4715 213 9
4716 1556 1
4717 4127 4
4717 3932 5
4717 1536 2
4718 3766 5
4718 778 1
4718 3472 10
4719 4105 7
4720 1705 3
4720 1198 1
4720 3837 9
4721 2144 2
4722 1233 10
4722 3294 2
4722 2252 10
4722 1490 2
4722 3842 3
4723 3608 3
4723 4781 7
4723 3396 1
4723 1181 7
4723 3433 1
4724 581 4
4725 4524 1
4726 1465 2
4726 275 1
4727 3010 2
4727 4640 8
4727 117 8
4728 1195 6
4728 1339 2
4728 2373 6
4729 1445 5
4729 3979 8
4729 233 10
4729 2034 1
4729 665 6
4730 3262 4
4730 1776 2
4731 3732 8
4731 513 6
4731 3097 4
4731 542 3
4732 4960 10
4732 4868 4
4732 3694 4
4732 825 5
4733 2031 1
4733 210 10
4733 2093 1
4733 3010 6
4733 4131 9
4734 3836 4
4734 2815 6
4734 774 7
4735 1057 1
4735 1171 5
4736 3000 5
4736 982 2
4737 3796 8
4737 1960 5
4738 4874 4
4738 4332 6
4739 123 5
4739 1242 6
4739 4855 4
4739 2796 2
4740 3302 2
4740 820 8
4741 320 1
4741 634 9
4741 4383 9
4742 3947 7
4742 3411 4
4742 2538 3
4743 3457 8
4743 3479 10
4744 789 10
4745 505 5
4745 3282 2
4745 607 4
4745 150 10
4746 1360 1
4746 1909 4
4746 1485 10
4747 3989 7
4747 4296 1
4747 1560 10
4747 426 2
4748 4785 6
4748 3605 10
4749 1662 7
4750 3200 1
4750 3372 7
4750 1781 2
4750 982 9
4750 3164 8
4751 462 6
4751 1447 4
4751 4113 10
4751 4719 3
4752 4236 1
4752 1466 6
4753 4544 4
4754 4559 3
4754 64 6
4754 4969 5
4754 3151 2
4754 4870 8
4755 2263 10
4755 2598 10
4755 1090 3
4755 585 5
4756 2886 10
4756 767 1
4756 2052 9
4756 1894 4
4757 1713 7
4758 3436 4
4758 4457 9
4758 4712 1
4758 3511 1
4758 2358 3
4759 4363 8
4760 3495 5
4760 613 5
4760 1503 9
4760 675 3
4760 4506 1
4761 4966 2
4761 4782 3
4761 1549 10
4762 1015 1
4762 727 1
4762 3991 2
4762 4467 10
4763 4692 2
4763 4209 10
4763 4549 3
4763 2970 3
4764 3306 5
4764 2545 2
4764 850 8
4764 3263 7
4764 485 3
4765 1319 7
4765 3041 5
4766 3211 5
4767 1635 9
4767 906 8
4767 2767 6
4768 621 8
4768 2540 10
4768 2057 3
4769 4108 3
4769 491 7
4769 4479 5
4769 1120 5
4769 4915 4
4770 4168 4
4771 602 6
4771 4717 8
4771 674 3
4771 2003 2
4772 3508 6
4772 4356 1
4773 3028 10
4774 4099 8
4774 4605 8
4774 4224 4
4774 279 7
4775 1586 7
4775 143 4
4775 3434 7
4775 3966 7
4775 1576 2
4776 3124 10
4777 1380 2
4777 4200 5
4777 4543 9
4777 1873 2
4777 939 5
4778 1773 6
4778 1387 5
4779 3160 7
4779 1904 4
4779 2329 8
4779 3928 2
4779 4066 2
4780 4306 9
4780 1271 10
4780 405 2
4780 4689 9
4781 4937 7
4781 1169 2
4781 2137 8
4782 3849 3
4783 2950 9
4784 437 4
4784 3918 7
4785 1615 3
4785 2972 3
4785 3551 8
4786 428 7
4786 3054 10
4786 4542 4
4786 1755 3
4787 2320 7
4787 2645 3
4787 645 9
4788 4106 4
4788 591 5
4788 1840 4
4788 1053 1
4789 611 8
4789 3502 10
4789 1059 4
4789 4400 1
4789 4035 2
4790 2946 5
4790 4400 10
4791 4317 1
4791 2004 9
4792 4446 6
4792 115 1
4792 2307 3
4793 2576 3
4793 2073 4
4793 678 3
4793 1655 1
4794 900 5
4794 4211 7
4795 388 8
4795 3356 2
4795 4586 2
4796 634 1
4796 3151 1
4797 1382 8
4797 4827 5
4797 2119 4
4797 332 6
4797 69 4
4798 1415 1
4798 3781 5
4798 2079 7
4798 686 3
4798 4296 8
4799 3728 1
4799 4892 1
4800 1710 10
4800 4669 7
4800 1205 7
4801 100 1
4801 2985 6
4801 3988 7
4802 3784 3
4802 4590 2
4802 675 6
4802 608 9
4803 1348 6
4804 2539 1
4804 827 6
4805 2139 10
4805 3788 10
4805 3718 9
4805 1123 4
4805 246 7
4806 451 4
4807 2373 1
4807 4077 4
4807 2527 3
4807 1263 5
4807 413 1
4808 91 9
4808 2771 9
4808 1491 9
4808 4062 6
4809 1234 4
4809 1723 3
4810 2451 3
4811 1335 3
4812 2206 1
4812 1706 3
4812 3939 2
4812 1780 3
4813 4016 6
4813 1362 4
4813 2706 8
4813 1984 5
4814 4797 7
4815 3228 4
4815 2294 3
4815 4926 2
4815 828 10
4815 1906 10
4816 3387 2
4816 922 9
4816 2919 2
4817 1991 9
4818 4881 5
4819 233 7
4819 3902 6
4820 2846 8
4820 55 10
4820 126 8
4820 2538 2
4821 657 3
4822 3297 7
4822 2645 7
4822 3780 2
4822 4627 6
4822 335 8
4823 1601 10
4823 1991 9
4824 4448 2
4824 2622 1
4824 3997 6
4824 2593 4
4825 4100 9
4826 4344 9
4826 3476 5
4826 3214 2
4826 2697 7
4827 4969 5
4827 1100 7
4827 3985 2
4827 1701 1
4827 4280 4
4828 3720 10
4828 3570 10
4829 4045 2
4829 129 5
4829 3127 5
4829 2055 7
4829 2685 9
4830 4394 1
4831 2079 6
4831 4955 6
4831 3070 7
4831 4798 5
4831 2381 4
4832 2966 9
4832 4770 7
4832 2964 4
4832 4854 7
4833 1562 9
4833 4346 8
4834 3586 3
4834 2165 7
4834 2856 9
4834 1893 7
4834 675 3
4835 3593 1
4835 880 10
4836 1578 1
4836 916 1
4836 4690 5
4836 2360 10
4836 2976 8
4837 4932 9
4837 3678 10
4837 3731 6
4838 4521 9
4838 1059 7
4838 568 4
4839 4847 3
4839 3164 7
4839 183 8
4840 311 7
4840 3769 3
4840 462 9
4841 3888 10
4841 484 9
4841 4916 1
4841 3416 6
4842 1531 10
4842 529 2
4843 4788 10
4843 4459 9
4844 3097 10
4844 427 9
4845 2801 5
4845 2917 5
4845 2203 5
4845 4232 9
4846 4798 10
4846 2338 4
4846 2808 10
4846 1069 5
4846 3463 6
4847 2306 6
4847 2141 9
4848 3809 9
4848 1013 3
4848 3757 8
4848 2788 2
4848 252 7
4849 4816 10
4849 457 7
4849 1302 2
4849 4510 8
4850 4202 8
4851 2871 3
4852 4718 4
4852 1144 6
4852 2433 8
4852 1514 8
4852 1422 9
4853 619 10
4853 3547 5
4853 4588 1
4853 4826 6
4854 2937 8
4854 3403 7
4855 3825 3
4856 1941 5
4856 2412 10
4856 2946 2
4856 4927 2
4857 2996 1
4857 4419 8
4857 2222 7
4857 3232 8
4858 1517 8
4858 1383 9
4858 839 9
4859 2532 10
4860 1598 9
4860 4415 2
4860 992 8
4861 2652 3
4862 3198 2
4862 623 9
4862 4955 7
4862 2217 3
4863 3059 8
4863 3744 9
4863 1690 10
4864 1752 8
4864 3617 1
4864 199 6
4864 2275 8
4865 1759 1
4865 2069 3
4865 1031 8
4865 92 5
4865 3918 7
4866 1248 7
4866 1289 7
4867 4981 7
4867 4063 9
4867 3166 6
4867 259 6
4868 4363 7
4868 3910 10
4868 3302 6
4868 175 10
4869 1082 4
4869 2311 6
4869 4695 10
4869 3390 9
4870 4114 3
4870 2447 8
4870 3872 8
4870 451 8
4870 4835 4
4871 874 5
4871 4381 2
4872 2995 9
4872 3396 7
4872 3223 3
4872 3675 4
4872 4135 3
4873 727 7
4874 292 9
4874 1819 7
4874 4064 10
4874 1445 7
4875 4994 5
4875 233 5
4875 3639 6
4875 1706 5
4875 4878 8
4876 3602 2
4876 2974 8
4876 2985 7
4877 3849 6
4877 4714 1
4878 2021 5
4878 2977 10
4879 1746 1
4879 3803 6
4879 4359 2
4880 4506 8
4881 2394 8
4881 4185 4
4882 880 1
4883 3050 2
4884 2416 8
4884 1422 9
4885 2636 3
4885 653 2
4885 98 9
4885 727 8
4885 1382 6
4886 2804 5
4886 3939 9
4886 823 9
4887 3416 7
4887 2281 3
4887 2561 4
4887 4720 1
4887 4095 10
4888 1171 5
4888 351 9
4888 4857 4
4889 4712 1
4889 4539 6
4889 2031 5
4890 3003 5
4891 1483 8
4891 2564 3
4891 4269 8
4891 3250 4
4892 1510 3
4892 870 1
4892 1239 10
4892 1366 9
4893 1039 7
4893 2152 5
4894 4292 3
4894 4338 1
4894 1238 4
4895 2058 6
4895 774 2
4895 3058 6
4896 827 6
4896 2800 6
4897 4999 4
4897 2598 5
4898 2635 2
4898 1566 7
4898 4511 10
4898 792 2
4899 2089 7
4899 4122 6
4899 2649 5
4899 3393 4
4899 2685 6
4900 617 8
4901 4303 3
4901 846 7
4901 1907 6
4901 2325 10
4901 2270 6
4902 3867 1
4903 1549 2
4903 2412 3
4903 3062 6
4903 2566 2
4903 1025 7
4904 3828 5
4905 3010 8
4905 2710 9
4905 2720 2
4905 3176 6
4905 37 1
4906 1605 3
4906 680 4
4906 2158 1
4906 2030 4
4906 4781 5
4907 3487 4
4908 3914 5
4908 1289 3
4908 720 10
4908 1632 3
4908 637 5
4909 4654 6
4910 1886 10
4911 4436 7
4911 4102 3
4911 1516 4
4912 621 5
4912 2923 9
4912 558 6
4912 4218 4
4913 1184 10
4913 1441 6
4913 498 2
4914 173 3
4914 2080 3
4914 4728 5
4914 313 6
4914 1940 5
4915 142 9
4915 4512 5
4915 1144 9
4916 1607 8
4917 1100 5
4917 3469 1
4917 1656 7
4917 4248 7
4918 3017 8
4918 3097 6
4918 3314 5
4919 3665 3
4919 3861 4
4919 3325 10
4919 4846 7
4919 2099 2
4920 3678 1
4921 874 2
4921 4715 5
4922 4651 8
4923 2913 2
4924 1219 1
4924 2306 1
4924 2061 10
4924 1468 1
4924 4892 1
4925 2973 1
4926 2007 8
4926 2509 4
4926 2671 7
4926 698 2
4927 4940 3
4927 2191 5
4928 2151 3
4928 1153 8
4928 123 8
4929 4695 5
4929 4806 2
4930 3076 1
4930 2116 9
4931 2433 8
4931 4904 1
4932 4103 5
4932 2714 3
4932 2235 6
4933 4887 5
4933 2000 7
4933 4313 6
4933 4729 5
4933 184 2
4934 3972 8
4934 4063 1
4934 1773 5
4934 113 1
4934 3653 8
4935 1371 6
4935 3010 5
4935 1578 2
4935 4590 7
4936 2113 6
4936 982 10
4937 2419 7
4937 396 6
4937 653 9
4937 3948 1
4937 1463 6
4938 4113 5
4938 2806 1
4939 4623 4
4940 1599 10
4940 3687 10
4941 4081 8
4941 422 2
4941 2853 4
4941 558 10
4942 4451 3
4942 3627 2
4942 3831 9
4942 1487 4
4942 4035 2
4943 2388 10
4943 2581 4
4943 2987 7
4943 2241 9
4944 4128 7
4944 4772 3
4944 3087 8
4944 1233 5
4944 4136 2
4945 4774 10
4946 1411 8
4946 2390 3
4946 3673 4
4946 1168 10
4947 3745 6
4948 426 10
4948 3632 5
4948 2329 6
4948 2129 10
4948 4486 1
4949 2737 10
4949 3228 3
4949 3472 4
4949 2119 4
4950 617 3
4950 3635 6
4950 3058 1
4950 3401 3
4950 420 9
4951 3578 2
4951 1848 10
4951 3439 9
4951 403 6
4951 686 5
4952 4202 7
4952 3801 6
4953 268 10
4953 3476 10
4953 2767 7
4954 3294 2
4954 3014 2
4955 4744 2
4955 3704 7
4955 164 6
4955 2090 3
4956 328 10
4956 3128 4
4956 2558 10
4956 3786 10
4957 1691 2
4957 2652 7
4958 1797 3
4958 1957 8
4959 4329 7
4959 4346 4
4959 4728 5
4959 2955 8
4959 4636 3
4960 2775 4
4960 3704 3
4960 2628 10
4960 1984 4
4961 4337 10
4962 3557 6
4963 842 9
4963 1663 2
4963 934 1
4964 893 1
4964 2751 9
4964 3669 3
4964 2788 8
4965 4903 7
4965 4230 1
4965 3979 6
4965 4481 5
4966 3635 1
4966 499 5
4966 1648 5
4966 1697 7
4966 2253 10
4967 3688 10
4968 687 10
4968 3122 9
4969 2543 4
4969 952 9
4969 4925 10
4969 3275 4
4969 1173 3
4970 972 10
4971 4350 1
4971 267 1
4971 1314 9
4971 4471 2
4972 3429 3
4972 632 9
4972 3039 3
4972 4176 10
4973 1487 10
4973 1012 7
4973 4015 3
4974 834 1
4975 4847 3
4975 2592 2
4976 778 8
4976 3676 5
4976 2877 8
4977 4852 9
4977 412 1
4977 4303 4
4978 802 1
4978 2947 5
4978 4408 5
4978 728 1
4978 309 2
4979 341 10
4979 1178 1
4979 3006 10
4979 3168 2
4980 1172 9
4980 3779 7
4980 3214 6
4981 2773 1
4982 85 5
4982 3761 7
4982 4999 10
4982 2440 7
4982 3113 8
4983 2181 10
4983 2735 8
4983 573 3
4984 862 3
4984 3449 6
4984 7 3
4984 1599 1
4985 2114 9
4986 1906 4
4987 218 1
4987 1382 10
4988 3181 2
4988 262 5
4988 4545 10
4989 3687 1
4989 2288 2
4989 1252 6
4990 1303 3
4990 2158 8
4990 2419 2
4990 3408 7
4990 788 8
4991 4993 4
4991 2340 4
4992 608 8
4992 2919 9
4992 3598 2
4993 1044 6
4993 2233 8
4993 982 5
4993 3097 7
4993 2908 4
4994 1399 7
4994 27 9
4995 546 9
4996 623 5
4997 2796 1
4997 4540 5
4997 950 10
4997 626 8
4997 3097 1
4998 2818 6
4998 1009 5
4999 3320 3
4999 4383 10
4999 800 8
4999 4317 9
5000 3361 2
