5000 0 0 1
917 1042 11
1042 3479 18
3479 4366 12
4366 1213 19
1213 967 1
967 2046 3
2046 4320 1
4320 889 13
889 3107 20
3107 2762 17
2762 3823 5
3823 1902 10
1902 3157 20
3157 4822 12
4822 4370 5
4370 3851 3
3851 1607 18
1607 341 14
341 3495 13
3495 1938 11
1938 4056 5
4056 3022 20
3022 1216 11
1216 2895 8
2895 4442 14
4442 3059 9
3059 2289 13
2289 1059 18
1059 23 13
23 4835 17
4835 434 19
434 2147 18
2147 2111 12
2111 2751 11
2751 2564 11
2564 2529 6
2529 4982 5
4982 191 2
191 1669 4
1669 4723 2
4723 4693 9
4693 4551 4
4551 1543 1
1543 4656 20
4656 2848 14
2848 4029 11
4029 2336 7
2336 3015 7
3015 1643 19
1643 3506 14
3506 2006 5
2006 3290 3
3290 936 4
936 354 6
354 611 9
611 2900 6
2900 332 10
332 3531 10
3531 4372 11
4372 4237 2
4237 4999 8
4999 4905 14
4905 4332 7
4332 1808 12
1808 1078 1
1078 1379 13
1379 1744 7
1744 2630 16
2630 1252 4
1252 2678 7
2678 4137 1
4137 3610 8
3610 2201 10
2201 4169 17
4169 1582 20
1582 802 15
802 1337 1
1337 2021 16
2021 3032 11
3032 475 7
475 3919 8
3919 3748 2
3748 2350 14
2350 141 15
141 2099 6
2099 291 5
291 2343 19
2343 1451 9
1451 12 10
12 3083 3
3083 3677 11
3677 2479 6
2479 2914 15
2914 2963 17
2963 278 17
278 117 17
117 1579 2
1579 2763 11
2763 2616 10
2616 801 2
801 4513 20
4513 4226 20
4226 4185 19
4185 4550 7
4550 2791 1
2791 1738 10
1738 1876 4
1876 861 15
861 3303 1
3303 194 7
194 552 9
552 4567 13
4567 4487 18
4487 1966 6
1966 3214 12
3214 3962 15
3962 3328 6
3328 1267 18
1267 3845 15
3845 686 3
686 1978 11
1978 1196 4
1196 618 17
618 1295 20
1295 430 20
430 4133 8
4133 2155 17
2155 1563 13
1563 2899 3
2899 4341 15
4341 1225 8
1225 4521 14
4521 272 12
272 3456 12
3456 1519 8
1519 855 11
855 4830 7
4830 1330 17
1330 351 12
351 3358 4
3358 3272 6
3272 3228 16
3228 2134 4
2134 1505 6
1505 3218 20
3218 1487 4
1487 319 2
319 3817 7
3817 4120 2
4120 3922 4
3922 2517 19
2517 978 1
978 4534 20
4534 566 16
566 432 14
432 3193 8
3193 2326 12
2326 1956 11
1956 3869 7
3869 262 8
262 4204 2
4204 2393 12
2393 1288 5
1288 2685 14
2685 2842 2
2842 1586 3
1586 3632 20
3632 1405 3
1405 710 4
710 3636 19
3636 1797 6
1797 2454 19
2454 223 1
223 835 17
835 494 1
494 4965 13
4965 1475 13
1475 1835 12
1835 1532 14
1532 1300 13
1300 4059 15
4059 4034 16
4034 4012 5
4012 370 9
370 750 1
750 3293 10
3293 2657 16
2657 4207 19
4207 1897 12
1897 1997 4
1997 1370 12
1370 2507 15
2507 3453 16
3453 3510 5
3510 1454 14
1454 4154 20
4154 4528 3
4528 4123 9
4123 4631 5
4631 3607 3
3607 2703 4
2703 4457 1
4457 1697 16
1697 3616 15
3616 2760 9
2760 4861 5
4861 4980 13
4980 984 12
984 2173 10
2173 266 12
266 1717 7
1717 2853 14
2853 2541 6
2541 3265 12
3265 2368 11
2368 2586 14
2586 2574 14
2574 700 11
700 1736 5
1736 392 12
392 455 3
455 3540 7
3540 3562 3
3562 1350 4
1350 4647 18
4647 3325 3
3325 2532 18
2532 4310 20
4310 1032 12
1032 63 10
63 4863 6
4863 2594 9
2594 4420 19
4420 4134 1
4134 2408 16
2408 2069 12
2069 2083 4
2083 2856 5
2856 4900 12
4900 1517 7
1517 2039 6
2039 175 9
175 4559 16
4559 2324 8
2324 743 11
743 473 18
473 807 4
807 2312 18
2312 965 9
965 355 6
355 958 16
958 612 19
612 1687 6
1687 691 13
691 3529 10
3529 4505 12
4505 2711 1
2711 4788 6
4788 4902 9
4902 4117 16
4117 3856 20
3856 3942 13
3942 3692 12
3692 4006 3
4006 2137 13
2137 3808 17
3808 1694 9
1694 4913 12
4913 2677 17
2677 3831 7
3831 3592 6
3592 4188 11
4188 2905 13
2905 3111 7
3111 2011 9
2011 4931 7
4931 4142 2
4142 3975 5
3975 1638 17
1638 1734 14
1734 3064 18
3064 2126 20
2126 76 14
76 1575 3
1575 1780 2
1780 369 7
369 2384 6
2384 318 14
318 3523 3
3523 3279 13
3279 4917 2
4917 308 19
308 4738 7
4738 745 6
745 3714 4
3714 4399 1
4399 3187 19
3187 644 13
644 4270 3
4270 1605 11
1605 1167 15
1167 203 12
203 1065 16
1065 2687 6
2687 3012 7
3012 4286 4
4286 1690 1
1690 4502 10
4502 2550 11
2550 4247 13
4247 1881 20
1881 3780 13
3780 2001 5
2001 3144 12
3144 3797 9
3797 411 4
411 921 6
921 1765 9
1765 3466 14
3466 3416 9
3416 4175 16
4175 307 19
307 1815 4
1815 4129 2
4129 1813 2
1813 2943 11
2943 1317 4
1317 4994 13
4994 3733 17
3733 3596 8
3596 1790 20
1790 4430 7
4430 2845 12
2845 2263 16
2263 1622 5
1622 2986 7
2986 2253 18
2253 2714 4
2714 1048 4
1048 3402 3
3402 2528 9
2528 3081 11
3081 321 6
321 1878 9
1878 3122 9
3122 2716 3
2716 2213 20
2213 935 10
935 947 20
947 657 15
657 950 11
950 2027 16
2027 89 5
89 2633 7
2633 1665 17
1665 2571 17
2571 79 15
79 334 4
334 2693 8
2693 1600 5
1600 418 15
418 2826 3
2826 3390 13
3390 73 16
73 140 3
140 3859 12
3859 1692 8
1692 4893 13
4893 3992 18
3992 2523 10
2523 2087 18
2087 128 20
128 2915 19
2915 1958 6
1958 3063 10
3063 2337 19
2337 296 20
296 212 20
212 1655 8
1655 2187 17
2187 3413 5
3413 1073 8
1073 21 5
21 4989 20
4989 1165 12
1165 4463 9
4463 1644 2
1644 219 15
219 2283 8
2283 597 20
597 4889 16
4889 3148 4
3148 775 14
775 4934 5
4934 3898 19
3898 240 13
240 509 10
509 4904 14
4904 4445 6
4445 4597 2
4597 2897 15
2897 1776 8
1776 1793 18
1793 59 2
59 1967 7
1967 4336 17
4336 3532 16
3532 2701 3
2701 3244 7
3244 991 14
991 4461 13
4461 1132 2
1132 2470 18
2470 1374 3
1374 4234 20
4234 2833 11
2833 4276 15
4276 4219 15
4219 4707 13
4707 3541 10
3541 2783 15
2783 1367 8
1367 52 9
52 1995 20
1995 2707 17
2707 925 16
925 3756 9
3756 4412 19
4412 698 8
698 4920 20
4920 1814 1
1814 1662 1
1662 4976 8
4976 2893 9
2893 1425 15
1425 4156 10
4156 3425 9
3425 3333 16
3333 4949 14
4949 4058 7
4058 1091 10
1091 2562 20
2562 3573 3
3573 4617 8
4617 1147 4
1147 4161 2
4161 3685 15
3685 587 10
587 137 10
137 3308 18
3308 2158 8
2158 4921 3
4921 2239 11
2239 904 14
904 2525 3
2525 184 17
184 4545 20
4545 2358 4
2358 2237 3
2237 3295 17
3295 2761 20
2761 2113 4
2113 1778 6
1778 4939 11
4939 2796 3
2796 4159 7
4159 871 20
871 3417 5
3417 2505 15
2505 2814 2
2814 3445 5
3445 3729 13
3729 510 4
510 330 5
330 4919 20
4919 3345 12
3345 169 10
169 1896 14
1896 1028 18
1028 3210 6
3210 661 2
661 857 7
857 92 12
92 4164 17
4164 3359 8
3359 4205 15
4205 1848 8
1848 2258 7
2258 4627 3
4627 1439 16
1439 1249 7
1249 3313 20
3313 3950 15
3950 2008 2
2008 724 15
724 1130 19
1130 121 20
121 3740 15
3740 1627 2
1627 1423 18
1423 2024 13
2024 3088 19
3088 4036 8
4036 2296 20
2296 1986 14
1986 1233 5
1233 560 18
560 301 15
301 2333 5
2333 2831 5
2831 1474 18
1474 4241 12
4241 305 9
305 3585 5
3585 2219 19
2219 4383 19
4383 4240 2
4240 828 4
828 4972 15
4972 1745 5
1745 27 11
27 4259 1
4259 4007 16
4007 441 14
441 4090 7
4090 7 8
7 3128 19
3128 1299 19
1299 4801 9
4801 1554 4
1554 2964 12
2964 3624 15
3624 2835 4
2835 1707 13
1707 1228 18
1228 2876 6
2876 3618 15
3618 1309 1
1309 968 13
968 3346 6
3346 3119 2
3119 3462 5
3462 652 7
652 3411 7
3411 2129 10
2129 4541 7
4541 2436 17
2436 768 4
768 1977 5
1977 2821 1
2821 788 12
788 4884 3
4884 1614 17
1614 4 18
4 525 16
525 1343 8
1343 4052 4
4052 3080 16
3080 1884 10
1884 3420 10
3420 2026 2
2026 4321 13
4321 1144 20
1144 1030 8
1030 285 16
285 2497 3
2497 3852 12
3852 3755 3
3755 261 18
261 1729 15
1729 699 19
699 4535 12
4535 4160 16
4160 900 9
900 3123 19
3123 3000 1
3000 3957 18
3957 1079 3
1079 1668 15
1668 4916 3
4916 2931 9
2931 4224 16
4224 1219 17
1219 3801 20
3801 2516 3
2516 564 5
564 3380 4
3380 785 12
785 3606 9
3606 1482 13
1482 4762 19
4762 4032 10
4032 67 6
67 3216 12
3216 3760 2
3760 4423 15
4423 419 20
419 4941 14
4941 4233 9
4233 4557 20
4557 640 20
640 277 20
277 1485 18
1485 157 16
157 1169 12
1169 2919 19
2919 3056 8
3056 4558 10
4558 2306 11
2306 4948 8
4948 2708 12
2708 1045 1
1045 695 3
695 2295 5
2295 357 13
357 2294 3
2294 1205 13
1205 4009 14
4009 2887 3
2887 333 19
333 4842 20
4842 1728 6
1728 250 1
250 3970 18
3970 4441 16
4441 467 5
467 2755 15
2755 3795 11
3795 4426 10
4426 3473 15
3473 1747 14
1747 2068 18
2068 2651 5
2651 405 10
405 1224 18
1224 6 8
6 1296 3
1296 3181 4
3181 113 17
113 538 3
538 1912 7
1912 2380 1
2380 438 8
438 3963 13
3963 236 20
236 3722 16
3722 4998 2
4998 951 5
951 3170 7
3170 93 8
93 384 2
384 746 14
746 4731 17
4731 1852 1
1852 2372 18
2372 3707 4
3707 3619 13
3619 161 10
161 1509 10
1509 578 12
578 938 20
938 1571 5
1571 3038 13
3038 1979 19
1979 4158 11
4158 3969 5
3969 2196 15
2196 1495 20
1495 1036 14
1036 1812 7
1812 4406 14
4406 4466 7
4466 2145 2
2145 4149 16
4149 3415 14
3415 3375 19
3375 29 9
29 3175 7
3175 3136 10
3136 3916 15
3916 4444 17
4444 2984 5
2984 3130 15
3130 4084 20
4084 4380 14
4380 1380 19
1380 1479 14
1479 2537 8
2537 2203 3
2203 692 2
692 4834 18
4834 3574 5
3574 1333 8
1333 795 12
795 3208 20
3208 4356 7
4356 602 1
602 937 6
937 2885 19
2885 4113 13
4113 1043 9
1043 4772 13
4772 1178 11
1178 3304 18
3304 4509 14
4509 4526 11
4526 371 13
371 3356 11
3356 1596 16
1596 887 6
887 3803 2
3803 2944 1
2944 952 14
952 16 13
16 1504 15
1504 2570 17
2570 3850 10
3850 4831 11
4831 2618 17
2618 310 17
310 3251 17
3251 4783 11
4783 275 6
275 1442 1
1442 3487 1
3487 1215 17
1215 3895 9
3895 4620 18
4620 2232 5
2232 4347 17
4347 4775 4
4775 1186 13
1186 559 9
559 2819 9
2819 3188 11
3188 4657 18
4657 2054 1
2054 856 15
856 672 10
672 2234 12
2234 165 4
165 2656 19
2656 4387 5
4387 4450 13
4450 3470 20
3470 3608 1
3608 653 10
653 863 9
863 297 8
297 4491 7
4491 3010 20
3010 2713 20
2713 894 3
894 2327 4
2327 1446 14
1446 1535 18
1535 3074 12
3074 387 7
387 4786 18
4786 3013 17
3013 2277 15
2277 270 2
270 4843 16
4843 2329 12
2329 3710 9
3710 647 14
647 4064 17
4064 3738 8
3738 1784 15
1784 1035 13
1035 431 11
431 2502 16
2502 703 10
703 2300 11
2300 3179 5
3179 1443 14
1443 3388 8
3388 864 3
864 1263 4
1263 2994 5
2994 4856 4
4856 943 19
943 2865 5
2865 2412 10
2412 545 16
545 2019 18
2019 2548 6
2548 2246 5
2246 2100 15
2100 2414 2
2414 4097 1
4097 4473 14
4473 495 12
495 2710 6
2710 3812 5
3812 1880 10
1880 2951 19
2951 2495 8
2495 3349 14
3349 3090 16
3090 2745 3
2745 2966 1
2966 4235 12
4235 2034 9
2034 376 12
376 3484 12
3484 4873 19
4873 3102 19
3102 1011 8
1011 798 1
798 784 8
784 3979 14
3979 4661 14
4661 4859 19
4859 3299 6
3299 2773 2
2773 3786 6
3786 2862 5
2862 356 15
356 3483 18
3483 1673 6
1673 1141 13
1141 3491 19
3491 4556 16
4556 1691 15
1691 2777 9
2777 2989 20
2989 882 11
882 2608 18
2608 4719 14
4719 383 9
383 866 14
866 3595 9
3595 44 4
44 273 17
273 1974 2
1974 3474 10
3474 4048 4
4048 1685 11
1685 2043 3
2043 1102 11
1102 3840 14
3840 413 10
413 1417 6
1417 551 4
551 3894 11
3894 2157 8
2157 3713 10
3713 2112 10
2112 1713 16
1713 2010 19
2010 2089 2
2089 2749 8
2749 4098 16
4098 4985 12
4985 2732 12
2732 3245 20
3245 940 3
940 230 9
230 1623 15
1623 1499 20
1499 3152 7
3152 4114 6
4114 3727 4
3727 3827 12
3827 511 5
511 818 14
818 4675 1
4675 1272 4
1272 1795 16
1795 4626 8
4626 4040 14
4040 2643 20
2643 3761 1
3761 53 16
53 873 3
873 845 18
845 2461 7
2461 1381 12
1381 3504 17
3504 1769 11
1769 443 17
443 2878 11
2878 2140 4
2140 1858 2
1858 3597 10
3597 593 14
593 2417 14
2417 3665 7
3665 4360 17
4360 3236 16
3236 2561 4
2561 3052 7
3052 637 20
637 3878 2
3878 3439 13
3439 1237 20
1237 3073 6
3073 3286 14
3286 3319 2
3319 182 1
182 4035 15
4035 1123 13
1123 1789 1
1789 4658 17
4658 3237 11
3237 4673 15
4673 2565 16
2565 306 2
306 4768 4
4768 2426 3
2426 3783 17
3783 3764 12
3764 1853 20
1853 669 19
669 876 20
876 3230 20
3230 874 12
874 1110 7
1110 1376 12
1376 342 7
342 3113 19
3113 4484 3
4484 1705 18
1705 4478 17
4478 2405 7
2405 4740 1
4740 2776 4
2776 4570 3
4570 4482 14
4482 2410 2
2410 1565 18
1565 4805 20
4805 2349 8
2349 3751 6
3751 2901 15
2901 806 19
806 3899 7
3899 2723 5
2723 4867 8
4867 2389 7
2389 3924 12
3924 3412 9
3412 3164 10
3164 2175 13
2175 3133 3
3133 1407 16
1407 1494 4
1494 4419 20
4419 2891 3
2891 541 13
541 3547 7
3547 1238 9
1238 3206 9
3206 2923 1
2923 3361 18
3361 2133 11
2133 3662 14
3662 4653 11
4653 1477 6
1477 70 7
70 479 11
479 3418 5
3418 2740 1
2740 1285 18
1285 2823 4
2823 3448 20
3448 4553 16
4553 1387 6
1387 87 18
87 972 16
972 3435 18
3435 4017 7
4017 1247 7
1247 4313 4
4313 4798 19
4798 2644 4
2644 3331 2
3331 1714 19
1714 1574 1
1574 3663 17
3663 543 8
543 4167 9
4167 646 7
646 1874 20
1874 3874 17
3874 156 9
156 41 20
41 3432 4
3432 1636 10
1636 1666 20
1666 2581 18
2581 1811 3
1811 3614 10
3614 1544 2
1544 930 16
930 3467 19
3467 830 2
830 1735 4
1735 345 9
345 2627 1
2627 1345 16
1345 2209 11
2209 4045 9
4045 1909 15
1909 4334 10
4334 1827 17
1827 851 5
851 3699 15
3699 274 10
274 2178 9
2178 3684 2
3684 2272 3
2272 4163 14
4163 4933 9
4933 336 14
336 1578 3
1578 2230 6
2230 45 10
45 4153 1
4153 3905 8
3905 2238 14
2238 1175 7
1175 836 15
836 3937 19
3937 2925 6
2925 315 2
315 1457 10
1457 4328 14
4328 3796 9
3796 3311 20
3311 433 16
433 561 4
561 2735 1
2735 2639 6
2639 2463 10
2463 409 8
409 4322 11
4322 4354 20
4354 2242 6
2242 4542 10
4542 2864 14
2864 2836 20
2836 3620 11
3620 1718 16
1718 2262 19
2262 4562 19
4562 1763 13
1763 2066 19
2066 4252 19
4252 3282 11
3282 515 13
515 1072 8
1072 1545 19
1545 3670 20
3670 1274 7
1274 1801 8
1801 820 12
820 1681 8
1681 4448 12
4448 2050 12
2050 2332 2
2332 19 6
19 1480 16
1480 3790 1
3790 696 19
696 1817 17
1817 24 4
24 454 20
454 146 18
146 3788 11
3788 2423 8
2423 1989 11
1989 4947 13
4947 4759 3
4759 3222 6
3222 3569 1
3569 1056 14
1056 2736 8
2736 2859 9
2859 1560 18
1560 4529 14
4529 1557 14
1557 1044 4
1044 1217 11
1217 1139 8
1139 779 3
779 1209 14
1209 3763 12
3763 2142 1
2142 3135 19
3135 1066 1
1066 2244 7
2244 4746 14
4746 4408 6
4408 3892 11
3892 99 10
99 4803 14
4803 4614 6
4614 1308 19
1308 471 16
471 77 2
77 2094 11
2094 4857 14
4857 1109 8
1109 3139 3
3139 171 4
171 1430 11
1430 3854 6
3854 3972 2
3972 4215 12
4215 1518 10
1518 3881 16
3881 4002 10
4002 391 16
391 1943 7
1943 4062 5
4062 4736 3
4736 3223 14
3223 1506 10
1506 1014 4
1014 1576 14
1576 1715 18
1715 2251 17
2251 3843 2
3843 4112 1
4112 3401 20
3401 941 3
941 3749 14
3749 3889 9
3889 2117 13
2117 4993 2
4993 1810 18
1810 2999 3
2999 3690 13
3690 4827 8
4827 687 6
687 2968 12
2968 4136 14
4136 4564 1
4564 3593 3
3593 1162 9
1162 3224 17
3224 4459 10
4459 4050 20
4050 4718 8
4718 3568 2
3568 2838 20
2838 2278 2
2278 3105 3
3105 4704 5
4704 3348 4
3348 421 19
421 4003 9
4003 789 3
789 2960 12
2960 227 4
227 3387 3
3387 4109 2
4109 98 10
98 1447 19
1447 3630 6
3630 186 10
186 1976 3
1976 901 6
901 1047 10
1047 1328 12
1328 849 13
849 4821 10
4821 2980 3
2980 4025 18
4025 4781 11
4781 4966 2
4966 4467 1
4467 4181 13
4181 1907 3
1907 1486 11
1486 4146 11
4146 2810 18
2810 1458 17
1458 1437 10
1437 4014 3
4014 4713 11
4713 2150 6
2150 3352 9
3352 738 13
738 1401 12
1401 2254 7
2254 1675 14
1675 1004 19
1004 4157 5
4157 4841 14
4841 65 7
65 457 13
457 2355 18
2355 3259 19
3259 1211 16
1211 3204 9
3204 3018 11
3018 4071 6
4071 3995 20
3995 3447 5
3447 754 7
754 3598 9
3598 490 4
490 3296 17
3296 2484 10
2484 3298 18
3298 1926 4
1926 4271 15
4271 777 15
777 4795 2
4795 2625 17
2625 518 17
518 3623 3
3623 1850 5
1850 2954 15
2954 1921 16
1921 1481 18
1481 3289 19
3289 1698 18
1698 1618 9
1618 2635 19
2635 1885 17
1885 3480 15
3480 4297 15
4297 1001 18
1001 2075 1
2075 1521 13
1521 3974 15
3974 742 4
742 4299 3
4299 3693 6
3693 1512 19
1512 502 14
502 202 2
202 172 11
172 2501 11
2501 127 9
127 8 14
8 1720 2
1720 2071 8
2071 1289 13
1289 1823 17
1823 2029 20
2029 3046 2
3046 2992 3
2992 2526 13
2526 4644 12
4644 3437 10
3437 3162 4
3162 2429 8
2429 615 7
615 3084 5
3084 3857 3
3857 2765 11
2765 4756 5
4756 401 6
401 3040 14
3040 4979 10
4979 244 17
244 1388 20
1388 982 19
982 2877 5
2877 1306 5
1306 3911 17
3911 1708 3
1708 3977 3
3977 4485 1
4485 1752 20
1752 1895 17
1895 4584 10
4584 58 12
58 3789 17
3789 252 2
252 2918 13
2918 1188 15
1188 2388 1
2388 1816 4
1816 2825 15
2825 3468 9
3468 4776 4
4776 2451 3
2451 4462 6
4462 3069 9
3069 2428 13
2428 3108 10
3108 3590 14
3590 311 8
311 2611 2
2611 1392 18
1392 1975 20
1975 2596 13
2596 635 4
635 2220 20
2220 2575 17
2575 1838 7
1838 2375 14
2375 2536 7
2536 1383 14
1383 4211 4
4211 572 9
572 4298 12
4298 4343 17
4343 201 20
201 2928 12
2928 4331 10
4331 3149 6
3149 4784 10
4784 4810 17
4810 4344 16
4344 2659 18
2659 279 6
279 132 1
132 4066 20
4066 2808 17
2808 4379 3
4379 1191 15
1191 4053 2
4053 1142 8
1142 2093 17
2093 101 18
101 1243 4
1243 2690 3
2690 4571 8
4571 800 18
800 4096 1
4096 4403 14
4403 3372 5
3372 3199 4
3199 3736 6
3736 4880 12
4880 832 5
832 4512 4
4512 1894 9
1894 4293 9
4293 3875 15
3875 3588 6
3588 4475 3
4475 4695 8
4695 4735 6
4735 4779 11
4779 239 2
239 4540 8
4540 2947 17
2947 3138 17
3138 625 2
625 4715 19
4715 2107 13
2107 969 6
969 4375 16
4375 2101 17
2101 200 20
200 2870 17
2870 2489 10
2489 3771 19
3771 3910 3
3910 3828 4
3828 4891 13
4891 4326 11
4326 1244 6
1244 1467 19
1467 1429 11
1429 624 12
624 2394 10
2394 532 6
532 2301 4
2301 791 1
791 1473 16
1473 4705 20
4705 759 16
759 3800 15
3800 2434 10
2434 2785 18
2785 2920 9
2920 3093 2
3093 4721 8
4721 2930 11
2930 4819 1
4819 2547 19
2547 3698 2
3698 3921 16
3921 2573 12
2573 1462 18
1462 2753 17
2753 1594 4
1594 1283 20
1283 1873 14
1873 2882 20
2882 1290 8
1290 1501 7
1501 939 20
939 2959 15
2959 2241 17
2241 253 20
253 2446 15
2446 1400 16
1400 480 2
480 1570 6
1570 573 14
573 1008 18
1008 620 17
620 3332 11
3332 1106 12
1106 3683 10
3683 2226 9
2226 1194 18
1194 103 11
103 1825 6
1825 1163 11
1163 423 5
423 3664 7
3664 1656 7
1656 1625 16
1625 4236 15
4236 556 17
556 2767 11
2767 4767 11
4767 242 1
242 2212 20
2212 747 7
747 4131 1
4131 3724 2
3724 954 17
954 1140 17
1140 4720 18
4720 4792 17
4792 14 17
14 2567 1
2567 142 10
142 2080 6
2080 4515 8
4515 4135 1
4135 4820 4
4820 2200 3
2200 539 15
539 3221 2
3221 546 10
546 1037 11
1037 3534 11
3534 1900 7
1900 3141 12
3141 683 13
683 501 14
501 1834 10
1834 2342 10
2342 2053 2
2053 1748 17
1748 4590 11
4590 704 5
704 4855 8
4855 3904 14
3904 558 1
558 3159 8
3159 2727 4
2727 3784 20
3784 2070 8
2070 4874 6
4874 1647 12
1647 4991 16
4991 580 16
580 3098 16
3098 528 16
528 4424 11
4424 537 20
537 4888 9
4888 3772 8
3772 3826 20
3826 2045 19
2045 1879 16
1879 2255 20
2255 4428 11
4428 2518 18
2518 2448 7
2448 2662 1
2662 4373 3
4373 4294 13
4294 123 11
123 51 3
51 3929 5
3929 375 1
375 547 12
547 1363 20
1363 1104 19
1104 2935 13
2935 1787 8
1787 2863 5
2863 4770 5
4770 880 18
880 4435 12
4435 3579 19
3579 1145 3
1145 3621 5
3621 3643 1
3643 2756 9
2756 3174 2
3174 4065 18
4065 259 10
259 1947 19
1947 3829 14
3829 13 7
13 3393 16
3393 1016 14
1016 3552 19
3552 2374 11
2374 3421 1
3421 2286 14
2286 4381 20
4381 1148 14
1148 4458 19
4458 1688 14
1688 3570 11
3570 4611 5
4611 1 17
1 1360 17
1360 1159 5
1159 3739 15
3739 133 9
133 1200 12
1200 4953 8
4953 4969 18
4969 2585 18
2585 3759 19
3759 4883 20
4883 3702 20
3702 3112 12
3112 3336 12
3336 292 17
292 811 6
811 3745 4
3745 1871 18
1871 3513 1
3513 3169 13
3169 159 5
159 1555 11
1555 195 14
195 3278 7
3278 3546 17
3546 1087 12
1087 867 12
867 1415 15
1415 1352 5
1352 4946 15
4946 1999 5
1999 4453 7
4453 4439 2
4439 269 19
269 2706 19
2706 210 9
210 3519 14
3519 493 5
493 3363 9
3363 3384 5
3384 4771 5
4771 1987 9
1987 4397 4
4397 251 12
251 289 18
289 1845 10
1845 4780 4
4780 3907 3
3907 2249 8
2249 34 14
34 2592 1
2592 2705 16
2705 1168 13
1168 948 10
948 3185 5
3185 2719 10
2719 2769 20
2769 2683 1
2683 4481 16
4481 512 7
512 638 18
638 727 11
727 595 16
595 80 1
80 4429 19
4429 2049 20
2049 517 20
517 2482 20
2482 3285 6
3285 360 11
360 2533 18
2533 1994 1
1994 2772 6
2772 869 17
869 3644 20
3644 4872 1
4872 4852 19
4852 2031 8
2031 2452 11
2452 3806 1
3806 1287 1
1287 1069 5
1069 2478 17
2478 1103 1
1103 4981 18
4981 2747 9
2747 3787 5
3787 4302 7
4302 4824 19
4824 2228 3
2228 2916 8
2916 2345 15
2345 322 5
322 3984 6
3984 3229 6
3229 2717 5
2717 2252 9
2252 435 1
435 2058 18
2058 955 12
955 1819 17
1819 542 6
542 2817 3
2817 1731 11
1731 3270 6
3270 4349 7
4349 428 8
428 2752 15
2752 3451 20
3451 1055 10
1055 660 2
660 815 20
815 1911 6
1911 614 10
614 3477 2
3477 2612 14
2612 1630 4
1630 1131 18
1131 3900 14
3900 4364 16
4364 3374 4
3374 152 10
152 3890 5
3890 3458 8
3458 1522 13
1522 808 7
808 3008 15
3008 3836 19
3836 3694 4
3694 4607 3
4607 2781 16
2781 4353 11
4353 2156 18
2156 1083 10
1083 4388 3
4388 4210 9
4210 302 20
302 3647 2
3647 4648 13
4648 1440 16
1440 1394 4
1394 713 2
713 2245 15
2245 2646 7
2646 1465 6
1465 4350 1
4350 842 10
842 2020 3
2020 2320 6
2320 3646 3
3646 1523 10
1523 3066 3
3066 2360 20
2360 3443 6
3443 3720 4
3720 3502 19
3502 2450 5
2450 693 2
693 549 16
549 953 3
953 3982 12
3982 4903 10
4903 2222 17
2222 2438 17
2438 4085 10
4085 1846 20
1846 3326 16
3326 831 4
831 3025 20
3025 1077 1
1077 2413 19
2413 129 16
129 4296 3
4296 1931 18
1931 162 1
162 4983 19
4983 3934 9
3934 650 16
650 427 16
427 2367 19
2367 656 16
656 233 15
233 1877 18
1877 4638 17
4638 2784 10
2784 4708 8
4708 1888 9
1888 1792 9
1792 3938 18
3938 173 5
173 942 11
942 2221 10
2221 843 12
843 3968 13
3968 2037 19
2037 3137 13
3137 2942 18
2942 1597 20
1597 1927 17
1927 388 15
388 3055 15
3055 1971 3
1971 3314 19
3314 3485 1
3485 4632 14
4632 4961 19
4961 4533 3
4533 323 9
323 1282 2
1282 4122 5
4122 4312 14
4312 1393 20
1393 397 7
397 682 2
682 281 6
281 2491 1
2491 827 3
827 1756 15
1756 3276 8
3276 422 8
422 1970 7
1970 3307 9
3307 2692 12
2692 2165 4
2165 4287 6
4287 1026 18
1026 126 15
126 1761 3
1761 241 15
241 264 15
264 4926 14
4926 2416 20
2416 4702 13
4702 2970 16
2970 2609 1
2609 1254 20
1254 2734 19
2734 1919 15
1919 1436 17
1436 1161 7
1161 4547 3
4547 31 19
31 2247 3
2247 300 18
300 651 7
651 3990 15
3990 881 6
881 3939 2
3939 2805 18
2805 3283 11
3283 1050 8
1050 3163 5
3163 2387 18
2387 3626 13
3626 3909 20
3909 2766 8
2766 1183 10
1183 4850 12
4850 2582 20
2582 4260 12
4260 1567 8
1567 2558 12
2558 1018 9
1018 3516 15
3516 4043 9
4043 329 16
329 2271 19
2271 2934 3
2934 4560 12
4560 2098 13
2098 61 1
61 627 15
627 649 8
649 39 7
39 3190 18
3190 2539 16
2539 1214 12
1214 3893 20
3893 3340 2
3340 3116 19
3116 2902 18
2902 3861 18
3861 1472 19
1472 366 11
366 3153 14
3153 2669 11
2669 2104 4
2104 964 4
964 3778 12
3778 4743 1
4743 1107 6
1107 2988 11
2988 1433 2
1433 4589 1
4589 3611 2
3611 1674 13
1674 4823 4
4823 4532 10
4532 2888 4
2888 2038 3
2038 1354 15
1354 524 20
524 271 15
271 3156 17
3156 1031 16
1031 2998 18
2998 2279 12
2279 1025 7
1025 3870 3
3870 4787 16
4787 3424 2
3424 3405 7
3405 483 19
483 2084 14
2084 1469 13
1469 3912 2
3912 1854 3
1854 1206 11
1206 4773 9
4773 1928 10
1928 4923 15
4923 3824 3
3824 1569 15
1569 2162 12
2162 3147 17
3147 3658 18
3658 2091 15
2091 3261 11
3261 1326 12
1326 1742 8
1742 1925 4
1925 2896 5
2896 4140 11
4140 870 11
870 4667 13
4667 4075 10
4075 3810 9
3810 2579 11
2579 3785 15
3785 108 12
108 1727 16
1727 816 2
816 2328 18
2328 2758 1
2758 2780 3
2780 2164 11
2164 3234 10
3234 4651 14
4651 1573 11
1573 4967 19
4967 3872 5
3872 1703 13
1703 4272 5
4272 771 12
771 1329 4
1329 3816 13
3816 4023 7
4023 294 10
294 1637 14
1637 2583 3
2583 2754 2
2754 1583 1
1583 1610 16
1610 585 7
585 2431 13
2431 735 14
735 1006 15
1006 4413 5
4413 2503 3
2503 3127 9
3127 2488 13
2488 2880 11
2880 3194 8
3194 4398 8
4398 4289 10
4289 3452 10
3452 4864 2
4864 4655 8
4655 407 3
407 1432 20
1432 4817 11
4817 18 18
18 4748 8
4748 4057 7
4057 1070 17
1070 1539 17
1539 2028 19
2028 2682 19
2682 2634 11
2634 813 11
813 4878 2
4878 1855 16
1855 1180 8
1180 4115 6
4115 2065 2
2065 4217 19
4217 2987 4
2987 994 9
994 3522 15
3522 2850 19
2850 4138 14
4138 1090 1
1090 4254 7
4254 3158 13
3158 1957 4
1957 492 5
492 4749 4
4749 2268 19
2268 3952 13
3952 2929 8
2929 2315 11
2315 4752 6
4752 2435 3
2435 674 7
674 1276 12
1276 4577 19
4577 2208 20
2208 4860 13
4860 4020 9
4020 452 7
452 1408 12
1408 1628 12
1628 2600 12
2600 1349 5
1349 681 2
681 1538 12
1538 2965 19
2965 3371 9
3371 4722 3
4722 3399 17
3399 2867 15
2867 4825 4
4825 4703 16
4703 622 9
622 4076 16
4076 1483 6
1483 282 13
282 520 7
520 3807 12
3807 3655 20
3655 2469 3
2469 1152 2
1152 2078 10
2078 1229 3
1229 840 2
840 1646 20
1646 763 18
763 4885 18
4885 2321 1
2321 3125 17
3125 1847 15
1847 4068 18
4068 1561 20
1561 4493 12
4493 2637 9
2637 198 13
198 666 12
666 1456 9
1456 956 3
956 966 19
966 2973 11
2973 3927 9
3927 3482 18
3482 737 10
737 3578 9
3578 3792 19
3792 4907 4
4907 2939 13
2939 2191 4
2191 4275 19
4275 3768 11
3768 3946 8
3946 2546 16
2546 553 15
553 2971 1
2971 628 9
628 1939 17
1939 1051 16
1051 2720 20
2720 2601 11
2601 4992 18
4992 2530 2
2530 1207 12
1207 2119 17
2119 2728 6
2728 4518 6
4518 4554 11
4554 314 6
314 1800 7
1800 3860 8
3860 4229 17
4229 2640 14
2640 1459 9
1459 4318 4
4318 3189 5
3189 3627 20
3627 3776 12
3776 1829 6
1829 1193 1
1193 1844 10
1844 1887 19
1887 4355 1
4355 1898 18
1898 2449 12
2449 3847 1
3847 1851 10
1851 183 9
183 1641 13
1641 2022 15
2022 4024 14
4024 3226 15
3226 4573 15
4573 3853 6
3853 3297 2
3297 2146 19
2146 3186 17
3186 4679 5
4679 3253 15
3253 4663 3
4663 1236 6
1236 5 14
5 1195 9
1195 1411 8
1411 4427 14
4427 5000 6
5000 4832 6
4832 1489 2
1489 2605 9
2605 1508 3
1508 3885 20
3885 4037 18
4037 4200 5
4200 3637 14
3637 2917 20
2917 2666 4
2666 4319 4
4319 1716 2
1716 3330 20
3330 2866 20
2866 2097 13
2097 2302 3
2302 3327 1
3327 1012 5
1012 1984 7
1984 1953 5
1953 817 12
817 2584 5
2584 353 15
353 2285 4
2285 1868 4
1868 3086 16
3086 920 2
920 2725 6
2725 4595 10
4595 1676 6
1676 4895 7
4895 4826 4
4826 2422 9
2422 2799 15
2799 4266 12
4266 4103 19
4103 468 6
468 3732 5
3732 4602 17
4602 290 19
290 3342 10
3342 148 4
148 4697 15
4697 3550 7
3550 2359 19
2359 4696 18
4696 37 7
37 2139 18
2139 3809 7
3809 1313 6
1313 3292 17
3292 604 19
604 1542 19
1542 1864 17
1864 1702 13
1702 2481 19
2481 1344 12
1344 3151 10
3151 2680 13
2680 3254 19
3254 1649 7
1649 4799 14
4799 3180 11
3180 928 6
928 3544 3
3544 211 12
211 3496 13
3496 812 3
812 769 1
769 3212 11
3212 496 3
496 4464 3
4464 347 8
347 2724 1
2724 4624 2
4624 4477 10
4477 1492 1
1492 3277 14
3277 557 2
557 3994 19
3994 1322 10
1322 2366 3
2366 2370 6
2370 1861 18
1861 3407 16
3407 3429 14
3429 4288 17
4288 2689 7
2689 1899 14
1899 4514 14
4514 4425 10
4425 2115 9
2115 4162 15
4162 1227 6
1227 2152 4
2152 2396 18
2396 2704 11
2704 190 4
190 3669 14
3669 1530 7
1530 102 2
102 4492 6
4492 2668 2
2668 1259 20
1259 249 13
249 975 18
975 2124 1
2124 2267 17
2267 3986 16
3986 4516 5
4516 3635 13
3635 390 11
390 4684 12
4684 4314 15
4314 1533 15
1533 2874 14
2874 4757 6
4757 1743 19
1743 3867 11
3867 440 6
440 3629 4
3629 3721 17
3721 469 5
469 3121 19
3121 2378 12
2378 368 11
368 1040 18
1040 574 7
574 2879 16
2879 3058 3
3058 4091 6
4091 4316 15
4316 4307 13
4307 819 5
819 1670 14
1670 2395 11
2395 247 14
247 3660 14
3660 4971 4
4971 4483 6
4483 4228 20
4228 3114 9
3114 4281 14
4281 328 17
328 913 11
913 1164 7
1164 2841 7
2841 460 2
460 2840 11
2840 1005 12
1005 1981 1
1981 2095 2
2095 2231 10
2231 4818 11
4818 1020 13
1020 3734 19
3734 4951 13
4951 4436 17
4436 30 3
30 4778 20
4778 4782 6
4782 4401 9
4401 1179 6
1179 1704 7
1704 3419 11
3419 1935 20
1935 3030 4
3030 3584 1
3584 284 20
284 3428 15
3428 2216 11
2216 3176 4
3176 3357 19
3357 1208 18
1208 3246 7
3246 4899 7
4899 2545 4
2545 4495 4
4495 2779 14
2779 4172 12
4172 50 18
50 1463 1
1463 4645 13
4645 3078 2
3078 1063 5
1063 4732 7
4732 1024 9
1024 2590 15
2590 1777 20
1777 3841 17
3841 2580 14
2580 2543 19
2543 4178 11
4178 3641 12
3641 2787 6
2787 1351 20
1351 208 10
208 2955 18
2955 295 3
295 3459 9
3459 462 17
462 1314 13
1314 1404 10
1404 3469 20
3469 149 16
149 1312 11
1312 4049 12
4049 3813 12
3813 4330 16
4330 3100 10
3100 4093 3
4093 3486 5
3486 2486 2
2486 362 14
362 4912 18
4912 4572 7
4572 3422 7
3422 4486 20
4486 4605 5
4605 365 14
365 1723 12
1723 3691 6
3691 4011 8
4011 2067 6
2067 1832 7
1832 4074 5
4074 3385 16
3385 1427 9
1427 2163 2
2163 962 18
962 711 8
711 4674 13
4674 3925 20
3925 4613 2
4613 1525 14
1525 4033 18
4033 2291 5
2291 1336 15
1336 2759 17
2759 1239 8
1239 1632 18
1632 3256 19
3256 4191 14
4191 1633 19
1633 1339 5
1339 3567 2
3567 4698 20
4698 1859 12
1859 4284 18
4284 1843 16
1843 601 17
601 2109 10
2109 153 14
153 1129 6
1129 671 6
671 4126 2
4126 2500 11
2500 3028 3
3028 3009 4
3009 1528 6
1528 298 15
298 3240 12
3240 3341 4
3341 1875 10
1875 2215 15
2215 481 7
481 57 8
57 1074 13
1074 3454 7
3454 224 15
224 2589 4
2589 1962 20
1962 410 11
410 3752 19
3752 505 8
505 3281 11
3281 2176 14
2176 4612 20
4612 1929 11
1929 2679 12
2679 3118 10
3118 766 7
766 1598 10
1598 985 6
985 530 6
530 3622 18
3622 2128 20
2128 499 10
499 2136 15
2136 151 19
151 1584 18
1584 897 16
897 3832 18
3832 268 14
268 3687 3
3687 4622 15
4622 781 3
781 854 19
854 1809 14
1809 2722 15
2722 3575 18
3575 3688 6
3688 4639 14
4639 2498 2
2498 2079 3
2079 4184 5
4184 1701 5
1701 3497 5
3497 725 5
725 42 14
42 1270 18
1270 4683 3
4683 860 7
860 3117 10
3117 3076 8
3076 548 6
548 3324 10
3324 1075 19
1075 1448 11
1448 2373 10
2373 1281 4
1281 4839 9
4839 1197 15
1197 4087 7
4087 946 15
946 2441 14
2441 2205 18
2205 716 2
716 2397 11
2397 3815 3
3815 4875 17
4875 2626 2
2626 2569 16
2569 3231 18
3231 2494 16
2494 3805 18
3805 1645 16
1645 3382 8
3382 2303 10
2303 3944 17
3944 2770 18
2770 793 15
793 2418 13
2418 1511 7
1511 2957 18
2957 2615 3
2615 4950 12
4950 3315 20
3315 181 15
181 2457 17
2457 1428 1
1428 3386 14
3386 534 14
534 3667 4
3667 313 2
313 56 15
56 3099 17
3099 4968 4
4968 3728 18
3728 2709 17
2709 555 5
555 9 4
9 4974 1
4974 3811 5
3811 4166 14
4166 1754 18
1754 2048 4
2048 2407 12
2407 690 6
690 4549 15
4549 2143 8
2143 588 4
588 4148 3
4148 420 15
420 3798 15
3798 3712 14
3712 1418 16
1418 850 2
850 1856 5
1856 220 9
220 4785 4
4785 4213 18
4213 1149 9
1149 1138 7
1138 2563 1
2563 4508 7
4508 731 3
731 4182 15
4182 4959 2
4959 2361 6
2361 1757 16
1757 2977 10
2977 4604 18
4604 4285 11
4285 3594 3
3594 4434 18
4434 3335 12
3335 1654 8
1654 4680 11
4680 1593 4
1593 3312 7
3312 2456 11
2456 4724 15
4724 4476 19
4476 1484 16
1484 4717 4
4717 3316 3
3316 3373 4
3373 4262 10
4262 2130 10
2130 3184 10
3184 2764 2
2764 155 12
155 4669 4
4669 213 10
213 2086 1
2086 2074 11
2074 4405 20
4405 4896 4
4896 2195 3
2195 4692 3
4692 2798 3
2798 4633 2
4633 3120 18
3120 1682 11
1682 862 15
862 3233 5
3233 2390 15
2390 1491 19
1491 2334 10
2334 3007 2
3007 4520 5
4520 116 14
116 2386 16
2386 2120 18
2120 1268 11
1268 3536 13
3536 4290 8
4290 1488 18
1488 1758 14
1758 508 2
508 373 2
373 1058 7
1058 303 4
303 2854 13
2854 1294 8
1294 4013 12
4013 4813 16
4813 4026 5
4026 3498 6
3498 4490 16
4490 3219 12
3219 4417 18
4417 783 13
783 3753 15
3753 1397 16
1397 4369 15
4369 382 19
382 1865 20
1865 3967 3
3967 4193 19
4193 3591 8
3591 3762 20
3762 899 18
899 1740 6
1740 4625 12
4625 1652 20
1652 633 7
633 1631 16
1631 1355 1
1355 143 19
143 193 5
193 1634 18
1634 2014 9
2014 4886 9
4886 4396 11
4396 3615 11
3615 489 15
489 324 10
324 2843 9
2843 2945 12
2945 981 2
981 381 2
381 3065 3
3065 3945 2
3945 288 7
288 645 18
645 2206 18
2206 1321 17
1321 2924 10
2924 4253 2
4253 2673 9
2673 4192 12
4192 2649 6
2649 3659 9
3659 3871 16
3871 1906 2
1906 4392 11
4392 363 4
363 3020 2
3020 1060 16
1060 744 7
744 1092 18
1092 3394 17
3394 3463 1
3463 2597 7
2597 3855 5
3855 25 15
25 883 5
883 2861 16
2861 3675 4
3675 1726 20
1726 2846 10
2846 4282 13
4282 2504 18
2504 2184 16
2184 697 20
697 1133 9
1133 910 4
910 4996 6
4996 3640 7
3640 168 17
168 3155 7
3155 1932 6
1932 3773 6
3773 4139 4
4139 3436 5
3436 4870 12
4870 3004 2
3004 1883 11
1883 3242 13
3242 760 1
760 4676 14
4676 2602 1
2602 2922 18
2922 694 9
694 705 5
705 799 20
799 3235 1
3235 919 9
919 1550 13
1550 4070 3
4070 3717 20
3717 729 7
729 1890 7
1890 2033 2
2033 911 5
911 1318 17
1318 714 2
714 1908 8
1908 1331 11
1331 491 10
491 3142 20
3142 2440 14
2440 1945 10
1945 1944 12
1944 4359 13
4359 4866 19
4866 3092 16
3092 3731 19
3731 2958 19
2958 4421 5
4421 4301 8
4301 316 14
316 3366 1
3366 4077 16
4077 1146 6
1146 2849 15
2849 3741 11
3741 617 5
617 255 18
255 2824 11
2824 385 16
385 1591 2
1591 4238 16
4238 2153 15
2153 4517 11
4517 488 1
488 1478 18
1478 2227 15
2227 1606 4
1606 3765 16
3765 3651 17
3651 3291 1
3291 62 11
62 609 16
609 993 19
993 1510 17
1510 346 1
346 757 16
757 1461 1
1461 826 18
826 1375 3
1375 4716 4
4716 4618 20
4618 1901 2
1901 2789 12
2789 893 19
893 3682 1
3682 2737 3
2737 3091 4
3091 2522 8
2522 4016 1
4016 125 7
125 3438 9
3438 4538 13
4538 3368 7
3368 88 19
88 3862 17
3862 1667 12
1667 1558 1
1558 4124 16
4124 3343 5
3343 2210 14
2210 2629 4
2629 3033 15
3033 4151 9
4151 1581 18
1581 642 11
642 4911 13
4911 1266 19
1266 4080 2
4080 1502 15
1502 3965 7
3965 2398 15
2398 4566 5
4566 1750 1
1750 4970 8
4970 3926 13
3926 3876 16
3876 619 12
619 1222 18
1222 4030 10
4030 1733 5
1733 1768 6
1768 3301 9
3301 2135 6
2135 3539 15
3539 1833 12
1833 2325 2
2325 4083 10
4083 4995 14
4995 4145 19
4145 416 17
416 3257 10
3257 124 9
124 1684 20
1684 2911 16
2911 1930 13
1930 4527 9
4527 2121 8
2121 4230 3
4230 630 4
630 1709 6
1709 740 6
740 1771 20
1771 2047 15
2047 1201 14
1201 2519 11
2519 4777 3
4777 379 10
379 822 10
822 1613 14
1613 3511 15
3511 4582 1
4582 1438 15
1438 1589 5
1589 844 7
844 90 5
90 426 10
426 429 20
429 1893 14
1893 2588 8
2588 3737 20
3737 2044 6
2044 3709 14
3709 2365 11
2365 4978 18
4978 3576 16
3576 1804 5
1804 4609 12
4609 3631 16
3631 2544 13
2544 565 11
565 4646 9
4646 134 15
134 4338 6
4338 2194 20
2194 2445 5
2445 3287 19
3287 243 20
243 3920 2
3920 176 15
176 3029 6
3029 4623 11
4623 3014 13
3014 1830 16
1830 4416 9
4416 2667 8
2667 3571 4
3571 1828 6
1828 3928 14
3928 3072 2
3072 1749 11
1749 1325 7
1325 3195 16
3195 4524 13
4524 1805 16
1805 4758 12
4758 3793 9
3793 3830 1
3830 386 14
386 4374 12
4374 4418 15
4418 1386 9
1386 2913 16
2913 3075 16
3075 3582 6
3582 4504 11
4504 2051 8
2051 1257 14
1257 2483 14
2483 3398 19
3398 3873 1
3873 4440 13
4440 4745 7
4745 4659 13
4659 2401 9
2401 497 13
497 868 2
868 4382 4
4382 4069 4
4069 192 5
192 1849 13
1849 1587 14
1587 4879 4
4879 3835 18
3835 3652 16
3652 4248 16
4248 4128 7
4128 3252 14
3252 1870 20
1870 2007 16
2007 3109 3
3109 4102 9
4102 3280 5
3280 3196 2
3196 2339 16
2339 3115 13
3115 4670 7
4670 2894 10
2894 772 5
772 4586 20
4586 485 16
485 2792 15
2792 4206 3
4206 2860 15
2860 69 15
69 1969 13
1969 4714 16
4714 3661 17
3661 662 5
662 990 3
990 3696 1
3696 1221 18
1221 3649 20
3649 571 1
571 4747 20
4747 924 14
924 4390 10
4390 1918 15
1918 1369 18
1369 3320 6
3320 91 18
91 147 14
147 4543 8
4543 1174 9
1174 983 19
983 109 8
109 506 5
506 4930 14
4930 841 11
841 2953 19
2953 4812 19
4812 2566 11
2566 4443 6
4443 4997 13
4997 1746 16
1746 1680 6
1680 4278 18
4278 482 13
482 2800 3
2800 2622 16
2622 918 16
918 4737 12
4737 2926 2
2926 2265 9
2265 3031 7
3031 4141 8
4141 4386 14
4386 2949 20
2949 1347 10
1347 4761 2
4761 3255 20
3255 2995 7
2995 3941 15
3941 2287 2
2287 4943 5
4943 2961 15
2961 4499 3
4499 2686 9
2686 4106 8
4106 2318 11
2318 1923 9
1923 3264 15
3264 4928 9
4928 1794 16
1794 1577 7
1577 231 13
231 3182 6
3182 4395 6
4395 1640 15
1640 4132 12
4132 3053 8
3053 1869 19
1869 3365 10
3365 4358 15
4358 4802 6
4802 2018 14
2018 728 5
728 3545 19
3545 926 10
926 4963 11
4963 4170 13
4170 3605 20
3605 4649 11
4649 340 18
340 3410 12
3410 2506 14
2506 1619 9
1619 2757 10
2757 4594 9
4594 136 13
136 3833 9
3833 4592 19
4592 144 20
144 4507 13
4507 4041 13
4041 3708 10
3708 2269 18
2269 970 18
970 3404 15
3404 992 11
992 2721 13
2721 3961 7
3961 2871 3
2871 4422 18
4422 1826 7
1826 3956 15
3956 2180 5
2180 1062 18
1062 2376 10
2376 1015 17
1015 4829 1
4829 3377 20
3377 179 2
179 3757 5
3757 4865 7
4865 1353 10
1353 3580 13
3580 722 13
722 2056 20
2056 1724 1
1724 1679 10
1679 2691 8
2691 3959 6
3959 685 13
685 1626 14
1626 679 13
679 2578 3
2578 187 5
187 327 12
327 4588 19
4588 3457 2
3457 2607 15
2607 1223 14
1223 2223 14
2223 4952 18
4952 3197 19
3197 1076 13
1076 909 14
909 4044 6
4044 177 16
177 2192 7
2192 3537 14
3537 32 20
32 3232 5
3232 4689 13
4689 1866 2
1866 933 12
933 1310 10
1310 2059 17
2059 2042 2
2042 2557 8
2557 3930 6
3930 248 5
248 3527 16
3527 1368 11
1368 478 2
478 326 15
326 1279 8
1279 1860 11
1860 3082 18
3082 4455 1
4455 1226 14
1226 350 3
350 2647 18
2647 245 4
245 1242 6
1242 678 1
678 84 20
84 631 5
631 2092 9
2092 3160 5
3160 3146 19
3146 2106 7
2106 2941 20
2941 2778 9
2778 218 16
218 2102 2
2102 1807 11
1807 2742 7
2742 221 18
221 437 2
437 335 15
335 4637 14
4637 1071 2
1071 4548 8
4548 709 6
709 3521 9
3521 707 10
707 3747 10
3747 4073 17
4073 4789 11
4789 1395 17
1395 2974 9
2974 446 9
446 767 8
767 43 13
43 2653 16
2653 3879 7
3879 3465 8
3465 945 10
945 4958 18
4958 4061 1
4061 3205 15
3205 4576 4
4576 3268 5
3268 1770 15
1770 2444 19
2444 4988 3
4988 3094 13
3094 1660 8
1660 2909 13
2909 4376 20
4376 659 16
659 1775 4
1775 3168 4
3168 2641 4
2641 2844 8
2844 4212 5
4212 26 4
26 3471 13
3471 2816 12
2816 4378 10
4378 3132 19
3132 105 14
105 4519 17
4519 4536 4
4536 1409 13
1409 1153 14
1153 4267 11
4267 4630 3
4630 749 2
749 2921 19
2921 412 14
412 1617 4
1617 2346 12
2346 204 3
204 1963 19
1963 632 17
632 3238 5
3238 1258 18
1258 3884 7
3884 4753 16
4753 1566 13
1566 1891 16
1891 4790 8
4790 3396 1
3396 1248 4
1248 17 19
17 4944 6
4944 4005 16
4005 3077 6
3077 1604 12
1604 2555 12
2555 4176 7
4176 2632 12
2632 1785 15
1785 28 15
28 3743 3
3743 4804 8
4804 3039 8
3039 235 14
235 4800 14
4800 2606 14
2606 516 2
516 739 2
739 2459 18
2459 3882 9
3882 3049 4
3049 1362 17
1362 2595 10
2595 2521 16
2521 4116 9
4116 3880 11
3880 1125 9
1125 2936 18
2936 1612 4
1612 78 15
78 2280 11
2280 3865 8
3865 2671 18
2671 3395 10
3395 540 10
540 3492 11
3492 2807 17
2807 2161 12
2161 2744 3
2744 1470 19
1470 723 9
723 3140 5
3140 2348 16
2348 2186 12
2186 3642 11
3642 4666 13
4666 1365 15
1365 3430 10
3430 163 7
163 2015 19
2015 3192 7
3192 1421 20
1421 1796 18
1796 4809 14
4809 2811 20
2811 2225 13
2225 4469 10
4469 2464 11
2464 3645 9
3645 4342 8
4342 2105 20
2105 3305 1
3305 4283 12
4283 2299 8
2299 1601 15
1601 500 8
500 582 9
582 447 19
447 1007 2
1007 3243 10
3243 1993 19
1993 359 8
359 2305 19
2305 4474 20
4474 907 9
907 590 12
590 4960 6
4960 2341 17
2341 2322 1
2322 1013 11
1013 2674 3
2674 2411 4
2411 1181 10
1181 934 19
934 1982 16
1982 1503 9
1503 3572 2
3572 38 5
38 4351 18
4351 2610 3
2610 1342 5
1342 837 16
837 2508 14
2508 3042 2
3042 3844 18
3844 4599 9
4599 1689 9
1689 4894 5
4894 2485 18
2485 3423 8
3423 3381 14
3381 1253 13
1253 4197 6
4197 3583 13
3583 2730 19
2730 1836 7
1836 1033 10
1033 4686 3
4686 1568 12
1568 3034 1
3034 4105 1
4105 3329 2
3329 2694 8
2694 2940 2
2940 4415 5
4415 521 5
521 3262 15
3262 2889 10
2889 4361 6
4361 2073 12
2073 1235 18
1235 3978 9
3978 2652 20
2652 3888 12
3888 338 19
338 1920 13
1920 3947 12
3947 2593 8
2593 3704 15
3704 3041 7
3041 3775 20
3775 3820 8
3820 2122 14
2122 4808 17
4808 4092 4
4092 3494 18
3494 4173 17
4173 2552 20
2552 1892 10
1892 474 20
474 74 8
74 1562 15
1562 2556 14
2556 748 15
748 2794 2
2794 4031 3
4031 583 6
583 584 13
584 2937 8
2937 1651 4
1651 150 13
150 3512 19
3512 4569 6
4569 3211 1
3211 4706 11
4706 888 18
888 1340 12
1340 3779 1
3779 2828 14
2828 581 2
581 2270 13
2270 130 1
130 3725 15
3725 1067 12
1067 3367 19
3367 3673 3
3673 761 1
761 2979 4
2979 1246 18
1246 536 6
536 2114 2
2114 4751 12
4751 166 20
166 2138 19
2138 54 10
54 3520 6
3520 1455 15
1455 1096 11
1096 2872 14
2872 49 7
49 626 19
626 2496 4
2496 732 19
732 639 4
639 1232 16
1232 1023 8
1023 1553 14
1553 2499 5
2499 4327 1
4327 2273 3
2273 658 14
658 3183 16
3183 3819 12
3819 1940 13
1940 4699 4
4699 3548 6
3548 1426 17
1426 629 1
629 3284 12
3284 544 11
544 3770 7
3770 2591 1
2591 733 7
733 3131 11
3131 1592 17
1592 3695 5
3695 2559 16
2559 4730 9
4730 476 9
476 4986 12
4986 1114 3
1114 1192 14
1192 4563 20
4563 263 13
263 309 15
309 535 17
535 1158 7
1158 2549 5
2549 3360 10
3360 2551 20
2551 1105 4
1105 2427 1
2427 1305 10
1305 4794 6
4794 3955 2
3955 3167 12
3167 1759 9
1759 2956 7
2956 2063 11
2063 2013 10
2013 2655 14
2655 449 15
449 3804 15
3804 3758 10
3758 2400 9
2400 4665 11
4665 3414 13
3414 741 17
741 4323 15
4323 1085 5
1085 3061 18
3061 2159 11
2159 885 17
885 470 9
470 717 7
717 4606 3
4606 4232 19
4232 3999 18
3999 2439 11
2439 2857 5
2857 2790 11
2790 670 17
670 1323 2
1323 792 1
792 3481 10
3481 4437 14
4437 414 5
414 915 5
915 3726 2
3726 2466 13
2466 107 10
107 3202 7
3202 2264 5
2264 1303 17
1303 4039 11
4039 3672 11
3672 2172 19
2172 1064 17
1064 1057 18
1057 2174 8
2174 2809 18
2809 2421 2
2421 3241 1
3241 4174 13
4174 3449 9
3449 2214 20
2214 1657 14
1657 2274 10
2274 3220 14
3220 1806 6
1806 3555 9
3555 4922 16
4922 4008 3
4008 1712 4
1712 680 14
680 4393 9
4393 3441 1
3441 349 10
349 568 20
568 361 6
361 2462 7
2462 1452 18
1452 3674 17
3674 3742 3
3742 1527 8
1527 4438 6
4438 4815 2
4815 636 6
636 987 17
987 2197 7
2197 2082 9
2082 4303 17
4303 914 14
914 4274 5
4274 1135 10
1135 1730 18
1730 4072 15
4072 1629 1
1629 2962 5
2962 927 13
927 2189 13
2189 94 6
94 1476 7
1476 877 20
877 4575 9
4575 3903 8
3903 2490 16
2490 2261 12
2261 1260 17
1260 1416 17
1416 1490 9
1490 2169 10
2169 3037 16
3037 715 2
715 1185 6
1185 2648 20
2648 1961 7
1961 4833 9
4833 3877 5
3877 2170 5
2170 3154 4
3154 1284 12
1284 1936 6
1936 4511 7
4511 4245 19
4245 2088 12
2088 3499 7
3499 4218 13
4218 393 9
393 1121 13
1121 3849 12
3849 734 15
734 1913 12
1913 4190 5
4190 4742 12
4742 1695 6
1695 1513 15
1513 1134 8
1134 4244 10
4244 4694 19
4694 1732 17
1732 2202 13
2202 3777 20
3777 3191 4
3191 1204 2
1204 1842 7
1842 3351 14
3351 3754 17
3754 4216 5
4216 833 4
833 1620 11
1620 1389 9
1389 425 5
425 3949 6
3949 790 19
790 949 14
949 287 8
287 2000 9
2000 1269 7
1269 3706 14
3706 3478 5
3478 276 1
276 3586 1
3586 2432 3
2432 2813 3
2813 2465 12
2465 4887 3
4887 2697 19
2697 4221 6
4221 2664 13
2664 3310 3
3310 1764 16
1764 2636 5
2636 4409 1
4409 2248 2
2248 2576 9
2576 1034 6
1034 1293 15
1293 751 3
751 3027 2
3027 1779 9
1779 895 7
895 2123 8
2123 4198 9
4198 1564 1
1564 3671 3
3671 2385 20
2385 4411 13
4411 4333 17
4333 2475 5
2475 4208 4
4208 2458 13
2458 847 20
847 3891 14
3891 853 18
853 1029 19
1029 4337 15
4337 4987 8
4987 2663 10
2663 3989 20
3989 46 10
46 3883 9
3883 718 2
718 4876 14
4876 4433 18
4433 48 5
48 4862 2
4862 1261 13
1261 1027 13
1027 2468 2
2468 4628 12
4628 4700 5
4700 3203 7
3203 4892 4
4892 3966 17
3966 3455 7
3455 206 13
206 1234 9
1234 3490 2
3490 4660 9
4660 3887 4
3887 4257 14
4257 4924 18
4924 852 6
852 2672 17
2672 2620 1
2620 4574 7
4574 4845 19
4845 2509 18
2509 3045 16
3045 3633 15
3633 3997 5
3997 999 2
999 4506 19
4506 4225 9
4225 655 4
655 4710 2
4710 415 2
415 4837 18
4837 1514 18
1514 3543 19
3543 4089 19
4089 4881 20
4881 603 5
603 3378 11
3378 4000 3
4000 1762 12
1762 2363 4
2363 2906 20
2906 1663 1
1663 529 10
529 222 15
222 2661 18
2661 424 5
424 2665 2
2665 3376 8
3376 3769 20
3769 896 17
896 4479 14
4479 1172 14
1172 4844 18
4844 1406 19
1406 1341 10
1341 164 17
164 4110 10
4110 1116 16
1116 2948 19
2948 1520 10
1520 3735 14
3735 3354 8
3354 4451 15
4451 2748 20
2748 358 15
358 4171 7
4171 436 10
436 2377 20
2377 47 2
47 4619 12
4619 3165 12
3165 4955 19
4955 4671 2
4671 286 18
286 4906 16
4906 4621 13
4621 4636 16
4636 1334 1
1334 1549 19
1549 504 15
504 3553 18
3553 395 13
395 4601 2
4601 3723 14
3723 100 11
100 2718 5
2718 4100 17
4100 2017 4
2017 3681 2
3681 3171 19
3171 477 9
477 4754 10
4754 4265 20
4265 4201 5
4201 2553 15
2553 1082 1
1082 1434 18
1434 3802 1
3802 4838 4
4838 226 8
226 1084 1
1084 3565 3
3565 3973 10
3973 71 18
71 4539 7
4539 487 19
487 2515 7
2515 613 11
613 3750 18
3750 3124 12
3124 4871 17
4871 2310 11
2310 586 5
586 2217 20
2217 2712 1
2712 1251 12
1251 120 12
120 4028 5
4028 1422 12
1422 3047 11
3047 1359 10
1359 824 5
824 2154 20
2154 2487 8
2487 3370 6
3370 377 3
377 607 12
607 4568 3
4568 1097 10
1097 1889 16
1889 3767 15
3767 1595 4
1595 160 8
160 389 19
389 3515 1
3515 4365 18
4365 4243 17
4243 2108 4
2108 2357 19
2357 2443 15
2443 4898 15
4898 4690 6
4690 2236 1
2236 4561 8
4561 4402 7
4402 1471 17
1471 2480 6
2480 1922 20
1922 531 11
531 3711 12
3711 4038 12
4038 2284 3
2284 2729 8
2729 3476 3
3476 4345 2
4345 3258 12
3258 1937 14
1937 1402 17
1402 4936 12
4936 320 15
320 1464 3
1464 814 16
814 2812 19
2812 1831 11
1831 11 2
11 4335 2
4335 1608 7
1608 1275 20
1275 2715 15
2715 1108 9
1108 3680 15
3680 4915 9
4915 1319 8
1319 3589 17
3589 2319 12
2319 331 6
331 2675 14
2675 2474 12
2474 764 7
764 174 2
174 4222 13
4222 4858 14
4858 1661 6
1661 726 14
726 265 4
265 1781 17
1781 3 3
3 527 10
527 1155 15
1155 2658 6
2658 1010 10
1010 4744 5
4744 4340 9
4340 2171 16
2171 3460 5
3460 931 10
931 1113 1
1113 3403 14
3403 4579 16
4579 898 19
898 2116 12
2116 2681 10
2681 3953 12
3953 823 3
823 3822 14
3822 4261 5
4261 1988 15
1988 664 2
664 4727 15
4727 4088 6
4088 1706 12
1706 3936 5
3936 3730 15
3730 3668 12
3668 3057 15
3057 2402 14
2402 905 4
905 2369 4
2369 4460 17
4460 4814 18
4814 4565 13
4565 2224 7
2224 97 19
97 3535 15
3535 3863 1
3863 3334 5
3334 258 16
258 4725 17
4725 2910 3
2910 575 17
575 2467 15
2467 1839 9
1839 1904 3
1904 339 8
339 961 5
961 1413 18
1413 1658 15
1658 2684 12
2684 1611 7
1611 2527 14
2527 1298 5
1298 1710 17
1710 4910 17
4910 4890 14
4890 72 14
72 4496 15
4496 3746 17
3746 890 11
890 3442 5
3442 2695 1
2695 4497 17
4497 2886 19
2886 3306 12
3306 872 1
872 3560 3
3560 4001 12
4001 394 2
394 1824 17
1824 3036 20
3036 1546 15
1546 563 16
563 199 19
199 1320 7
1320 787 7
787 293 17
293 3518 12
3518 3902 4
3902 1959 9
1959 2855 11
2855 3433 1
3433 4325 11
4325 1941 20
1941 3846 2
3846 4927 16
4927 884 12
884 2603 18
2603 648 11
648 3648 14
3648 1580 3
1580 4384 3
4384 1468 5
1468 3530 8
3530 3322 6
3322 4938 3
4938 66 9
66 2471 17
2471 4909 3
4909 977 15
977 3266 10
3266 3150 11
3150 2364 20
2364 4701 8
4701 4678 5
4678 3260 17
3260 2997 7
2997 3173 15
3173 610 9
610 810 9
810 4082 5
4082 450 20
450 1311 17
1311 2540 7
2540 4629 16
4629 1385 1
1385 2881 8
2881 283 7
283 4652 9
4652 2700 4
2700 106 6
106 1493 12
1493 1559 13
1559 4935 1
4935 1609 12
1609 3209 19
3209 1358 12
1358 576 2
576 3559 16
3559 2313 6
2313 2240 10
2240 3503 1
3503 3364 6
3364 4249 1
4249 1177 19
1177 1942 14
1942 3987 12
3987 2125 17
2125 3217 20
3217 3006 5
3006 439 4
439 1955 2
1955 4643 9
4643 957 13
957 579 12
579 3017 15
3017 402 17
402 916 13
916 378 11
378 4918 12
4918 2908 5
2908 1949 1
1949 4729 12
4729 720 11
720 865 12
865 4766 10
4766 1683 4
1683 2148 12
2148 1798 20
1798 3913 10
3913 2660 14
2660 256 9
256 158 9
158 3701 16
3701 1338 18
1338 2514 13
2514 445 13
445 3021 8
3021 2193 16
2193 2782 18
2782 3269 5
3269 4603 11
4603 1615 6
1615 891 12
891 2040 17
2040 2424 12
2424 4306 12
4306 1111 4
1111 3868 17
3868 1373 7
1373 507 15
507 4848 20
4848 3563 11
3563 1093 15
1093 4807 16
4807 1189 13
1189 912 3
912 1552 8
1552 2233 15
2233 4329 13
4329 4127 19
4127 608 14
608 1725 17
1725 4305 11
4305 960 1
960 2151 18
2151 4107 12
4107 1271 17
1271 4295 2
4295 1038 17
1038 2510 19
2510 374 7
374 2288 19
2288 1791 8
1791 3060 13
3060 673 13
673 444 12
444 3273 2
3273 2204 19
2204 809 1
809 417 10
417 2560 8
2560 3932 18
3932 2795 12
2795 1398 17
1398 3528 9
3528 3317 17
3317 770 18
770 4147 6
4147 4202 10
4202 4734 1
4734 3003 12
3003 254 11
254 2185 5
2185 4641 8
4641 4196 4
4196 1124 10
1124 1590 19
1590 4194 13
4194 3964 6
3964 4431 2
4431 178 3
178 2741 10
2741 3104 19
3104 4144 12
4144 3087 14
3087 3794 14
3794 1737 11
1737 406 2
406 4410 3
4410 2362 14
2362 3656 3
3656 3602 2
3602 1403 12
1403 170 12
170 762 19
762 1507 2
1507 4209 2
4209 3839 19
3839 3085 7
3085 3678 16
3678 3201 15
3201 3542 19
3542 1277 10
1277 1372 3
1372 3505 5
3505 1531 8
1531 2081 8
2081 2307 8
2307 3915 5
3915 3071 10
3071 654 1
654 3106 19
3106 22 2
22 2382 15
2382 3526 16
3526 2391 12
2391 1973 12
1973 592 2
592 4546 14
4546 3577 1
3577 2654 9
2654 859 14
859 2235 2
2235 2927 12
2927 2379 12
2379 15 11
15 4793 19
4793 1450 3
1450 1803 12
1803 2903 14
2903 2183 5
2183 4468 1
4468 3051 1
3051 3799 18
3799 996 12
996 4273 9
4273 2118 19
2118 3166 1
3166 4964 9
4964 2688 18
2688 986 15
986 461 12
461 2538 6
2538 1203 16
1203 408 5
408 2638 6
2638 2433 14
2433 1700 15
1700 215 18
215 1837 3
1837 1176 16
1176 3834 14
3834 1441 18
1441 2834 15
2834 2281 6
2281 2460 11
2460 1003 18
1003 665 2
665 2524 18
2524 2002 13
2002 4797 11
4797 1262 17
1262 458 10
458 846 10
846 304 8
304 908 3
908 675 19
675 3514 8
3514 3440 12
3440 3097 9
3097 1094 6
1094 2257 14
2257 778 12
778 4018 18
4018 4308 3
4308 2830 16
2830 1218 9
1218 3400 19
3400 104 1
104 3700 15
3700 3988 14
3988 4407 17
4407 4763 3
4763 1910 10
1910 4846 12
4846 1357 5
1357 641 19
641 600 4
600 1231 13
1231 3609 14
3609 3161 15
3161 1356 16
1356 3886 3
3886 3369 14
3369 1410 16
1410 2512 5
2512 4348 17
4348 3288 16
3288 2875 14
2875 599 17
599 2873 20
2873 4391 19
4391 4654 11
4654 2032 17
2032 1822 12
1822 4940 12
4940 1081 15
1081 4709 19
4709 879 16
879 4687 16
4687 4739 10
4739 3657 20
3657 1120 2
1120 1348 16
1348 2347 1
2347 2542 17
2542 1307 6
1307 3068 9
3068 3263 8
3263 1772 1
1772 796 9
796 2218 18
2218 1616 1
1616 1741 19
1741 1431 8
1431 1621 11
1621 3676 6
3676 2535 12
2535 684 11
684 4263 19
4263 4537 10
4537 1671 18
1671 4954 10
4954 228 6
228 2473 16
2473 189 14
189 1857 4
1857 4882 7
4882 4465 17
4465 3551 18
3551 2933 20
2933 2062 3
2062 3344 1
3344 2613 4
2613 1190 7
1190 1648 4
1648 3581 5
3581 4616 6
4616 1998 15
1998 4189 9
4189 1151 14
1151 4280 2
4280 4945 2
4945 878 9
878 3408 18
3408 4449 1
4449 4596 11
4596 451 10
451 4079 1
4079 3095 2
3095 688 7
688 3472 9
3472 4055 10
4055 216 4
216 2110 19
2110 2731 19
2731 706 17
706 3446 15
3446 1693 8
1693 4291 13
4291 4279 7
4279 4251 10
4251 4292 7
4292 4094 12
4094 2144 17
2144 3689 10
3689 2250 7
2250 2338 7
2338 2425 4
2425 4095 11
4095 4765 7
4765 1917 6
1917 4578 1
4578 2883 8
2883 3639 17
3639 2950 11
2950 2621 3
2621 463 5
463 3079 14
3079 380 2
380 135 8
135 1378 19
1378 4231 11
4231 3601 5
3601 4063 19
4063 591 19
591 2399 11
2399 1371 8
1371 606 4
606 2035 15
2035 829 5
829 3274 19
3274 825 20
825 1366 4
1366 2978 3
2978 4155 13
4155 399 13
399 185 16
185 4367 3
4367 1526 19
1526 598 18
598 1210 20
1210 4086 12
4086 4796 2
4796 3302 8
3302 2309 12
2309 1099 1
1099 4250 2
4250 3842 12
3842 246 5
246 4853 3
4853 712 18
712 3225 18
3225 2990 14
2990 10 8
10 3213 8
3213 68 5
68 4635 17
4635 3464 16
3464 96 19
96 1414 12
1414 976 18
976 4897 4
4897 1297 2
1297 2696 15
2696 2354 6
2354 4990 13
4990 86 13
86 2624 7
2624 1137 5
1137 299 19
299 2085 19
2085 4447 13
4447 4942 6
4942 780 20
780 3654 15
3654 234 20
234 1924 19
1924 2837 20
2837 20 14
20 1722 1
1722 3406 5
3406 3409 12
3409 1000 16
1000 3337 7
3337 3766 16
3766 4400 17
4400 3392 3
3392 4363 2
4363 774 5
774 2531 10
2531 2952 4
2952 1786 12
1786 2076 20
2076 730 6
730 4975 13
4975 989 11
989 3557 11
3557 2938 5
2938 4385 19
4385 2699 3
2699 4580 9
4580 2403 14
2403 1534 10
1534 3993 8
3993 1886 11
1886 839 14
839 2259 17
2259 4108 14
4108 643 14
643 1753 2
1753 1916 12
1916 3625 20
3625 1304 7
1304 1882 4
1882 1964 7
1964 4503 16
4503 4828 8
4828 1766 8
1766 3744 11
3744 663 10
663 214 10
214 4973 17
4973 2746 10
2746 4300 8
4300 2437 15
2437 1773 8
1773 4668 1
4668 139 2
139 1002 3
1002 3129 14
3129 3383 11
3383 4104 12
4104 773 2
773 1184 5
1184 110 13
110 2199 11
2199 2818 10
2818 4688 13
4688 1053 1
1053 1041 1
1041 4908 6
4908 2356 5
2356 2907 1
2907 3019 20
3019 1332 6
1332 4932 1
4932 1021 3
1021 2852 18
2852 4195 11
4195 33 8
33 398 18
398 4256 15
4256 4309 2
4309 3089 13
3089 367 7
367 2733 13
2733 2141 10
2141 944 4
944 2198 5
2198 4099 16
4099 4242 5
4242 1199 20
1199 4555 18
4555 1324 14
1324 453 9
453 3048 14
3048 2806 18
2806 4078 4
4078 229 1
229 442 19
442 60 8
60 3981 10
3981 1171 11
1171 2179 1
2179 1867 8
1867 2243 9
2243 1086 13
1086 238 1
238 2599 11
2599 3247 13
3247 4929 8
4929 484 8
484 64 13
64 4672 15
4672 4277 17
4277 3866 3
3866 2330 2
2330 312 20
312 3309 2
3309 1954 14
1954 4769 14
4769 3954 11
3954 1996 14
1996 1361 14
1361 4977 13
4977 1127 3
1127 1948 20
1948 4531 10
4531 4750 12
4750 3604 15
3604 4791 15
4791 3178 18
3178 459 16
459 4051 3
4051 1112 1
1112 498 20
498 4640 6
4640 1537 3
1537 1678 5
1678 4456 6
4456 3838 17
3838 3933 14
3933 1143 12
1143 1173 8
1173 3321 5
3321 596 5
596 3275 3
3275 1739 8
1739 1412 13
1412 400 11
400 1156 10
1156 3613 17
3613 2869 6
2869 3096 13
3096 3650 6
3650 4733 3
4733 2030 6
2030 188 1
188 4119 7
4119 794 7
794 1659 1
1659 4317 8
4317 2568 13
2568 2642 1
2642 2316 10
2316 2096 18
2096 1951 13
1951 95 13
95 702 11
702 1991 10
1991 1840 13
1840 906 13
906 2775 16
2775 2406 6
2406 3267 8
3267 2577 1
2577 2822 18
2822 3587 4
3587 1721 18
1721 4682 10
4682 3391 15
3391 1396 20
1396 3250 5
3250 4600 7
4600 3101 19
3101 2472 8
2472 2604 17
2604 4060 11
4060 3024 20
3024 797 12
797 4304 17
4304 979 16
979 1273 20
1273 205 20
205 4111 19
4111 3427 20
3427 2788 19
2788 1435 19
1435 589 9
589 3450 1
3450 2768 8
2768 971 2
971 3067 10
3067 3980 2
3980 4587 9
4587 2229 9
2229 2167 17
2167 1449 12
1449 1256 19
1256 3971 10
3971 4591 6
4591 3043 6
3043 929 3
929 4760 5
4760 3172 17
3172 902 4
902 2293 18
2293 848 7
848 1547 2
1547 922 20
922 2493 16
2493 2786 14
2786 2598 12
2598 1862 19
1862 3917 5
3917 2003 5
2003 1335 4
1335 1170 20
1170 634 11
634 3821 7
3821 1327 15
1327 225 9
225 2103 5
2103 3666 18
3666 2166 1
2166 1399 19
1399 1500 18
1500 1017 18
1017 858 8
858 4741 3
4741 1529 18
1529 75 1
75 3901 16
3901 4394 9
4394 3558 7
3558 2260 9
2260 2371 17
2371 4121 9
4121 4389 8
4389 145 18
145 4914 20
4914 758 16
758 786 19
786 4664 5
4664 4816 11
4816 466 11
466 3603 4
3603 4868 9
4868 1054 5
1054 4214 4
4214 1872 7
1872 4544 13
4544 3931 9
3931 85 12
85 4494 1
4494 2331 18
2331 2476 20
2476 55 19
55 1719 18
1719 2976 13
2976 3825 10
3825 82 13
82 3638 18
3638 3338 3
3338 3001 12
3001 2820 5
2820 4125 8
4125 1699 4
1699 3774 10
3774 4368 1
4368 3426 18
3426 567 1
567 3923 4
3923 2290 20
2290 3271 1
3271 4851 19
4851 2182 4
2182 1187 5
1187 2513 19
2513 3294 14
3294 1390 1
1390 2188 11
2188 1100 14
1100 4877 3
4877 752 10
752 4957 15
4957 3300 19
3300 4010 5
4010 3044 8
3044 2297 12
2297 2036 4
2036 4021 13
4021 988 15
988 3951 5
3951 1548 8
1548 1316 12
1316 2453 12
2453 2 11
2 232 13
232 2985 20
2985 3718 3
3718 4246 6
4246 112 17
112 1540 20
1540 1445 20
1445 3026 1
3026 472 2
472 3488 14
3488 1602 10
1602 755 18
755 2868 1
2868 3716 8
3716 3339 6
3339 995 11
995 562 15
562 932 16
932 2801 15
2801 1572 12
1572 83 4
83 2623 10
2623 923 7
923 1664 2
1664 2292 18
2292 3837 3
3837 2419 15
2419 2554 12
2554 1292 7
1292 3397 8
3397 621 2
621 1524 14
1524 1774 2
1774 3653 15
3653 3525 10
3525 2323 9
2323 4264 8
4264 526 9
526 3103 14
3103 2969 14
2969 2534 3
2534 4362 13
4362 998 14
998 4811 20
4811 804 3
804 4956 3
4956 4726 8
4726 4269 5
4269 2912 2
2912 2415 2
2415 1599 20
1599 2447 18
2447 3227 3
3227 2738 14
2738 2127 7
2127 2804 17
2804 3517 2
3517 2335 4
2335 1588 6
1588 4677 9
4677 554 3
554 2016 16
2016 2160 3
2160 2041 12
2041 3533 16
3533 4472 5
4472 118 16
118 3948 10
3948 3070 20
3070 111 19
111 4925 11
4925 1039 12
1039 2211 16
2211 4755 9
4755 3501 17
3501 1315 12
1315 974 17
974 404 5
404 736 20
736 4854 12
4854 1126 3
1126 4315 16
4315 4712 9
4712 1377 13
1377 2676 10
2676 2702 4
2702 4581 16
4581 3991 3
3991 2750 9
2750 3239 4
3239 1278 14
1278 1863 5
1863 2650 4
2650 1302 12
1302 1992 5
1992 1019 13
1019 756 9
756 3198 2
3198 1061 3
1061 2352 15
2352 3686 8
3686 3617 20
3617 4081 3
4081 3858 11
3858 1952 7
1952 1677 6
1677 513 10
513 154 13
154 4352 9
4352 1933 14
1933 2771 20
2771 3023 20
3023 3353 13
3353 4847 5
4847 3564 17
3564 2420 20
2420 1965 11
1965 280 18
280 1301 16
1301 1536 3
1536 3507 15
3507 1639 3
1639 4165 16
4165 533 17
533 1095 15
1095 2520 4
2520 2064 14
2064 3556 17
3556 4552 18
4552 3897 1
3897 344 11
344 2587 13
2587 2025 13
2025 1291 14
1291 1128 10
1128 1009 13
1009 267 5
267 1686 9
1686 1049 20
1049 1980 8
1980 3864 5
3864 2803 10
2803 1391 6
1391 1250 11
1250 3814 20
3814 4530 10
4530 4324 9
4324 4143 18
4143 1154 17
1154 2858 15
2858 4255 14
4255 3818 9
3818 2815 13
2815 3983 3
3983 753 14
753 2698 18
2698 257 6
257 2381 18
2381 3561 9
3561 3914 3
3914 2442 10
2442 1080 12
1080 570 7
570 4346 4
4346 2057 13
2057 2492 20
2492 2892 13
2892 456 10
456 1653 5
1653 1122 14
1122 2932 11
2932 503 8
503 4022 1
4022 4480 4
4480 2847 4
2847 196 14
196 2340 9
2340 4130 8
4130 4510 9
4510 2743 17
2743 4183 2
4183 1950 10
1950 2004 18
2004 4118 11
4118 4432 11
4432 3035 3
3035 2645 20
2645 4608 10
4608 2311 4
2311 1788 15
1788 1346 7
1346 1821 15
1821 2797 5
2797 3508 12
3508 2061 20
2061 2982 18
2982 1960 3
1960 3697 15
3697 138 19
138 4452 10
4452 1136 5
1136 3998 16
3998 4937 11
4937 3493 8
3493 514 8
514 4471 3
4471 4728 11
4728 35 12
35 838 8
838 2898 4
2898 701 9
701 2983 5
2983 343 14
343 2430 3
2430 1903 4
1903 1818 6
1818 4150 3
4150 2884 2
2884 4585 20
4585 4642 9
4642 2981 6
2981 364 9
364 4525 1
4525 2055 7
2055 3940 1
3940 1052 18
1052 1382 8
1382 1820 10
1820 2005 15
2005 4177 14
4177 1603 16
1603 1968 8
1968 1515 12
1515 4258 15
4258 2308 1
2308 577 6
577 1516 7
1516 197 19
197 3524 7
3524 1101 3
1101 2353 11
2353 834 10
834 3355 14
3355 167 20
167 4067 15
4067 963 15
963 2975 7
2975 1220 12
1220 1420 14
1420 2774 19
2774 217 18
217 3719 12
3719 4662 3
4662 2009 18
2009 1424 19
1424 3791 7
3791 4498 1
4498 4019 20
4019 2177 10
2177 4774 15
4774 2207 9
2207 2996 5
2996 3958 3
3958 1046 14
1046 4046 9
4046 3431 17
3431 3110 15
3110 1255 11
1255 4168 20
4168 1915 11
1915 1767 20
1767 1230 5
1230 3434 13
3434 2851 19
2851 2052 18
2052 1711 7
1711 4186 1
4186 4806 14
4806 2827 6
2827 4042 9
4042 2275 14
2275 3126 12
3126 2409 12
2409 3500 9
3500 4500 2
4500 1541 14
1541 3703 8
3703 4180 20
4180 119 1
119 325 19
325 4311 7
4311 1650 16
1650 4179 7
4179 3781 11
3781 765 15
765 4849 7
4849 1115 19
1115 3628 1
3628 1453 9
1453 1241 2
1241 623 7
623 1760 4
1760 2972 19
2972 2282 15
2282 3489 20
3489 131 12
131 2266 6
2266 1905 14
1905 3943 17
3943 4220 16
4220 2131 2
2131 209 20
209 348 14
348 821 10
821 4357 10
4357 3985 10
3985 4869 1
4869 2946 5
2946 2614 11
2614 4962 4
4962 4414 7
4414 3323 14
3323 2077 6
2077 1068 18
1068 2383 4
2383 3350 12
3350 3600 18
3600 708 2
708 4470 20
4470 3679 12
3679 3715 4
3715 1946 16
1946 4681 7
4681 1782 1
1782 4223 7
4223 3612 20
3612 1556 17
1556 1022 20
1022 4610 3
4610 3249 13
3249 2829 8
2829 2344 17
2344 569 18
569 352 14
352 4047 16
4047 3475 3
3475 3848 2
3848 3538 16
3538 3976 6
3976 677 10
677 115 8
115 803 19
803 4101 12
4101 1245 12
1245 1089 18
1089 1585 19
1585 1119 13
1119 2619 8
2619 1841 11
1841 4501 18
4501 4593 9
4593 1783 9
1783 1799 6
1799 4339 5
4339 4454 19
4454 689 17
689 448 6
448 1914 5
1914 3002 4
3002 260 20
260 2993 16
2993 4488 17
4488 892 7
892 3177 7
3177 3062 5
3062 3935 7
3935 114 16
114 875 16
875 2477 6
2477 3996 19
3996 4634 15
4634 980 8
980 1624 15
1624 4764 14
4764 40 12
40 2631 18
2631 1198 10
1198 3134 8
3134 1419 19
1419 1150 1
1150 2726 20
2726 4685 18
4685 4711 18
4711 2181 2
2181 2317 11
2317 719 3
719 81 16
81 1672 5
1672 1160 15
1160 1696 15
1696 519 19
519 1990 14
1990 2739 5
2739 207 1
207 4650 17
4650 3554 12
3554 3054 7
3054 667 12
667 805 17
805 903 3
903 3145 12
3145 36 20
36 3005 11
3005 4901 13
4901 4268 12
4268 1166 16
1166 1264 16
1264 1985 20
1985 1983 15
1983 1460 20
1460 1182 16
1182 1497 5
1497 997 13
997 2890 16
2890 2304 19
2304 2149 15
2149 1098 4
1098 2793 2
2793 2832 14
2832 3782 13
3782 1088 13
1088 4489 1
4489 2839 3
2839 2670 17
2670 3050 7
3050 4227 9
4227 973 2
973 3207 2
3207 4004 12
4004 464 6
464 1635 11
1635 372 12
372 721 14
721 2060 5
2060 1118 9
1118 4199 16
4199 1802 19
1802 486 15
486 2455 5
2455 522 14
522 4377 17
4377 4446 14
4446 668 14
668 1212 1
1212 2392 10
2392 2617 16
2617 1444 1
1444 1755 9
1755 3705 17
3705 2628 13
2628 403 10
403 550 19
550 2190 8
2190 3362 20
3362 886 5
886 2168 11
2168 3634 15
3634 3379 14
3379 1384 4
1384 1466 16
1466 4371 18
4371 4523 18
4523 180 3
180 122 9
122 3906 8
3906 337 9
337 4615 14
4615 3016 13
3016 2276 11
2276 523 12
523 317 15
317 4836 13
4836 3549 11
3549 2904 14
2904 1551 4
1551 2132 5
2132 3389 1
3389 1364 16
1364 1934 18
1934 3599 15
3599 4583 12
4583 959 13
959 2572 7
2572 782 18
782 3215 10
3215 1265 13
1265 2256 20
2256 4152 17
4152 2351 8
2351 1498 12
1498 605 9
605 4691 14
4691 3318 18
3318 2967 5
2967 2404 3
2404 3908 18
3908 1751 20
1751 4840 14
4840 2012 1
2012 2023 15
2023 1240 11
1240 4187 1
4187 1972 4
1972 396 13
396 1157 12
1157 3566 9
3566 4054 14
4054 3960 11
3960 3461 11
3461 1642 16
1642 2314 2
2314 465 1
465 4984 8
4984 2511 19
2511 2090 16
2090 3347 2
3347 4015 20
4015 4239 1
4239 2072 20
2072 4522 2
4522 676 3
676 1286 17
1286 1117 7
1117 3918 10
3918 2298 4
2298 1280 16
1280 4027 16
4027 4203 10
4203 3248 9
3248 3444 13
3444 594 11
594 3011 1
3011 4598 3
4598 1496 4
1496 3143 7
3143 237 8
237 3896 6
3896 3509 9
3509 2991 2
2991 3200 17
3200 4404 8
4404 1202 15
1202 2802 11
2802 776 11
776 616 4
616 917 20
1 133 3
1 1159 2
2 112 4
3 4744 1
3 4340 9
3 2171 5
3 1155 10
3 1010 6
4 4052 6
4 3420 7
5 2605 8
6 438 8
6 2380 6
6 538 6
6 3181 6
7 3624 7
7 4801 4
7 1299 5
7 2964 4
8 2992 1
8 1289 9
8 3046 7
8 2071 1
8 2029 1
9 3811 5
9 2048 9
9 4166 2
9 2407 7
10 976 9
10 68 3
10 4635 1
10 96 5
10 1414 5
11 1275 6
11 2715 2
11 4915 10
11 1108 6
11 1608 4
12 2963 7
12 2914 3
12 117 9
12 278 7
12 3677 6
13 3552 5
13 3421 4
14 2080 6
14 4820 8
15 3051 1
15 4468 10
16 2570 10
16 310 6
16 3251 5
17 2632 4
17 4176 4
18 2028 9
19 454 2
20 3409 6
21 4463 4
21 219 9
22 1973 6
22 3526 2
22 3577 1
22 4546 8
23 2751 10
23 2147 6
23 2529 3
23 2111 3
24 3788 3
24 2423 2
25 4282 2
26 2816 9
26 4536 10
26 4519 5
26 4378 4
27 4090 6
27 4007 8
27 1299 6
27 7 6
27 1554 6
28 3039 2
28 4800 3
28 2606 5
28 235 5
28 4804 2
29 3130 10
29 4084 7
29 3916 10
29 3136 6
29 4444 1
30 1179 3
31 881 7
31 3939 6
31 2805 8
31 3990 8
32 1310 7
32 933 1
33 2733 5
34 948 8
34 1168 3
35 2430 9
35 1903 5
35 343 8
35 2898 10
36 1264 9
37 604 6
37 1313 10
37 3809 3
37 3292 7
38 2610 10
38 2508 3
38 1342 7
38 3844 10
38 837 4
39 2902 3
39 3116 8
39 3893 5
39 1214 7
40 4685 5
40 3134 3
40 1150 6
40 1198 10
41 3614 9
41 1544 2
41 1666 6
41 1811 8
41 2581 4
42 4683 5
42 3324 2
42 860 2
42 548 10
43 3465 4
43 4958 6
43 4061 6
43 3205 5
43 3879 10
44 2043 1
44 1102 5
45 836 1
45 1175 10
45 3937 3
46 4862 5
46 4433 3
46 48 10
46 1261 3
46 718 10
47 4906 4
47 4621 8
47 4955 2
48 1027 10
48 4628 8
48 4700 5
49 732 3
50 1063 2
50 4732 7
50 4645 5
50 2590 5
50 3078 6
51 375 2
51 1104 3
52 3756 9
52 698 3
53 2461 6
53 3504 7
53 443 2
53 1381 5
54 732 9
55 3001 7
55 82 2
55 2976 5
55 3638 8
55 3338 6
56 9 3
57 410 1
57 1962 10
57 3752 9
57 2589 6
58 1188 2
58 2825 4
58 2388 2
58 1816 10
59 3532 4
59 4336 7
59 3244 1
59 4461 5
60 2243 7
61 3340 6
61 3116 5
61 649 9
61 3190 4
62 1510 8
62 346 1
63 4420 4
63 2069 4
63 2408 9
63 2083 6
63 2594 3
64 4277 3
64 1954 2
64 2330 1
65 1211 1
65 3018 5
65 2355 9
65 3204 5
66 4701 1
67 4423 2
67 3760 8
67 4233 3
68 3464 7
68 4897 4
68 976 4
68 1414 5
69 3696 9
70 2740 10
70 2823 6
71 613 1
71 3750 9
71 487 3
71 3124 7
72 3442 5
72 890 3
72 4497 9
72 2886 9
72 3746 4
73 1692 9
73 4893 7
73 2523 9
74 4031 2
74 2556 10
74 584 9
74 748 6
75 4394 4
75 4121 6
75 2260 9
76 3523 9
77 1109 4
77 1430 10
77 4857 7
77 3139 6
77 171 1
78 2807 4
78 3865 8
78 2671 6
78 3492 7
79 418 10
80 2482 10
81 1160 10
81 2739 2
82 2820 8
83 2292 6
83 2419 1
84 2941 5
84 2106 8
84 2778 2
84 2092 10
85 55 8
85 2820 9
85 3338 8
85 2476 4
85 2976 10
86 4447 8
86 4942 6
86 780 3
86 1137 6
87 4017 9
87 4798 1
88 1667 10
88 3343 2
88 2629 4
88 2210 6
89 79 9
89 2826 7
89 1665 3
90 429 5
90 3709 9
90 2044 3
90 2588 1
90 3737 1
91 506 5
91 1174 8
91 4930 1
91 109 3
91 983 4
92 4627 2
92 1439 9
92 3359 7
92 2258 4
92 4205 6
93 4731 2
93 3707 9
93 3619 5
94 1260 9
94 2261 9
94 4575 9
94 3903 1
94 877 4
95 3267 5
95 906 3
95 1840 4
96 1297 7
96 4990 4
96 2354 9
97 2910 1
97 575 1
98 1976 6
99 1308 9
99 471 3
99 3854 7
99 4614 1
100 2017 10
100 3171 2
100 4100 3
100 477 6
100 3681 10
101 4096 5
101 4403 6
102 2267 8
102 2668 7
102 975 8
102 1259 3
103 1625 1
103 1656 7
103 4236 5
103 3664 10
104 4846 1
105 4630 4
106 576 7
106 4935 7
106 1358 2
106 3209 1
107 1303 6
107 1064 5
108 816 7
108 2328 1
108 2758 2
108 3234 5
109 2566 6
109 4930 8
110 1053 5
110 1041 5
111 974 5
111 2211 8
111 1315 6
111 3501 2
111 4755 1
112 1602 7
113 1912 2
113 236 3
113 3722 10
113 2380 9
113 3963 5
114 2477 7
114 4634 1
115 1119 7
115 1089 9
115 4101 9
115 1245 5
115 2619 4
116 4290 3
116 1268 6
117 2616 1
117 2763 10
117 801 2
117 4513 9
117 4226 4
118 974 3
118 1039 1
118 736 5
118 111 8
119 3781 9
119 4849 1
119 4311 1
120 1422 8
120 3047 1
120 824 5
120 2154 8
121 2296 9
122 317 2
122 2276 2
123 2863 3
123 4770 2
124 1930 2
124 2911 5
125 4151 3
125 3033 5
125 3343 3
125 88 6
125 2629 9
126 2970 3
126 4926 3
127 1289 5
128 212 7
128 2337 6
128 296 5
129 427 4
130 3673 8
130 1246 9
130 761 1
130 2979 9
130 1067 9
131 2131 7
131 348 2
131 3943 5
131 4220 8
131 209 7
132 4053 6
132 4379 6
132 1142 2
132 1191 4
133 3702 7
133 2585 10
133 3759 8
134 243 1
135 1371 7
135 2399 1
135 3601 9
136 4041 5
136 4592 10
136 3708 9
136 144 4
137 184 8
137 904 7
138 3998 3
138 1136 6
139 3383 2
139 110 8
139 773 6
140 128 2
140 3992 5
140 2087 3
140 4893 9
141 278 1
141 2479 8
142 4515 4
142 4135 4
142 3221 4
142 2200 4
143 3615 6
143 4396 2
143 1634 2
143 489 6
143 4886 3
144 3404 2
144 992 1
144 2269 4
144 4041 6
145 466 6
145 4664 10
145 786 1
146 3569 4
146 4947 8
146 4759 6
146 3222 3
147 2953 7
147 4997 3
147 2566 6
147 506 4
148 37 10
148 1542 6
148 4696 1
148 2139 9
149 4049 6
149 4330 1
149 4093 4
149 3486 1
149 3813 7
150 4706 2
150 3779 10
150 1340 1
150 4569 3
151 781 2
151 3832 5
151 268 5
151 3687 2
151 897 4
152 3694 6
152 3836 3
152 3458 7
152 1522 8
153 2500 10
153 4126 5
153 3028 1
154 3023 3
155 4896 6
155 2195 6
156 1544 7
156 1666 4
156 930 1
156 1811 3
157 2919 8
157 4558 2
158 2782 7
158 2514 1
158 3021 8
158 445 10
159 1415 2
159 867 5
160 2357 9
160 4365 3
161 938 2
161 1979 8
162 3934 6
163 3192 1
163 1796 6
163 1421 6
163 4809 6
164 3354 4
164 2948 3
165 653 2
165 3608 7
166 639 6
166 732 10
166 1096 6
166 3520 8
166 2872 10
167 963 10
168 4870 3
168 4139 1
168 3436 1
168 3004 1
169 3359 9
169 4164 6
169 4627 2
170 4209 8
170 3201 6
170 3839 4
171 3854 8
171 4002 7
172 4644 1
172 127 9
172 8 10
172 1289 2
172 2992 8
173 2221 2
173 2037 2
173 843 8
173 3968 8
174 4858 3
174 265 1
174 1661 8
174 1781 9
175 807 3
175 473 10
176 4623 1
177 4689 7
177 1866 9
178 1737 10
178 4144 1
178 3104 1
179 4865 6
179 3580 7
179 1724 1
180 2276 3
180 1551 9
180 317 4
181 1428 10
181 56 3
181 3386 7
181 534 5
181 3667 7
182 2565 5
182 4673 6
182 1789 6
183 2022 6
184 2237 5
184 2761 4
184 3295 8
184 2113 10
185 3302 1
185 4796 2
185 1210 2
186 1328 6
187 2223 9
187 4952 8
187 4588 8
187 2607 7
187 3457 7
188 4317 7
188 2642 3
189 3551 7
189 2062 10
190 975 6
190 249 2
190 4492 3
190 3635 8
191 4551 2
191 2848 6
191 1543 1
191 4693 4
192 4879 6
192 3652 10
192 3835 10
192 1587 8
192 4248 8
193 4396 7
194 4487 3
194 3328 7
195 3546 3
195 1352 10
195 867 5
195 1087 2
196 1950 2
196 4183 4
196 2004 9
197 2353 5
197 4067 3
197 834 1
198 956 8
198 1456 9
199 3902 6
199 1959 2
199 3518 8
200 3910 8
200 3771 8
200 4891 4
201 4331 5
201 4784 2
202 4644 2
202 2526 5
202 3437 1
202 127 10
202 2071 4
203 2687 9
203 4286 10
203 4502 8
204 3238 4
204 4753 6
204 3884 9
204 632 6
205 3450 10
205 2768 4
206 4257 1
206 4924 9
206 852 6
206 3887 2
206 3490 9
207 3054 4
207 667 8
207 3145 9
208 3469 4
208 295 1
208 1314 4
208 1404 8
209 2946 1
209 4869 9
209 2614 5
209 821 10
210 4771 2
210 493 10
210 4397 8
210 1987 5
211 812 3
211 769 8
211 3212 4
211 496 3
211 4464 4
212 3413 5
213 2074 6
213 2798 3
214 4668 7
215 2460 1
216 4279 3
216 3446 3
216 706 9
217 2009 9
218 335 1
218 2742 1
219 3898 10
219 597 6
219 4934 2
219 775 2
219 3148 2
220 731 6
220 2563 1
221 1071 1
221 3521 2
221 335 6
221 4637 7
222 3376 7
223 1532 5
224 1962 4
224 3752 10
224 3281 3
225 2166 10
225 1399 8
225 858 3
226 487 8
226 613 8
227 1047 8
227 186 8
227 1328 6
227 901 4
227 1447 7
228 1648 10
228 2933 10
228 1857 10
228 189 7
229 3247 7
229 1086 2
229 1867 10
229 3981 6
230 3727 6
230 511 7
230 1499 3
230 3827 6
231 1640 6
231 4132 7
231 4395 4
231 3053 1
232 3718 6
232 1540 9
232 1445 1
232 1602 1
233 1888 5
233 4708 4
234 3406 9
234 1722 1
234 2837 10
234 20 4
234 3409 9
235 2606 3
235 3049 1
235 739 2
235 2459 1
236 4731 9
236 951 4
236 746 10
236 3170 9
237 3509 2
237 4404 4
237 3200 8
237 2991 3
238 3866 2
238 1954 4
238 312 1
239 2947 10
239 3138 8
239 625 7
240 1776 7
240 4445 4
240 4597 4
240 4904 4
241 2609 4
241 2416 8
241 4702 9
241 4926 1
241 2970 8
242 747 3
242 1140 5
242 3724 3
242 4720 9
242 954 9
243 3029 9
244 2877 1
245 2106 5
245 2092 7
245 2742 5
246 68 2
246 2354 3
247 4228 9
247 328 3
247 4281 2
248 1279 8
248 3082 6
248 326 8
248 1368 1
249 2267 6
249 3986 10
249 390 10
250 3473 7
250 4441 7
250 4426 3
250 467 6
250 3795 7
251 2249 2
252 2825 5
253 1008 5
253 620 4
254 3964 8
254 1124 2
254 4641 3
254 1590 2
254 4194 2
255 4517 2
255 488 3
256 2040 2
256 2782 4
257 3561 5
257 570 6
257 3914 2
258 2910 8
258 1904 3
258 575 6
259 2374 7
259 3829 9
259 1148 3
259 3552 5
259 3393 8
260 3062 6
260 114 5
260 3935 9
261 3000 10
261 900 2
261 3123 6
261 699 3
261 4160 7
262 1586 4
262 2842 1
262 2393 2
263 2549 9
263 535 8
263 2551 3
263 1105 5
263 1158 7
264 2609 7
265 931 4
265 2658 1
265 1155 5
266 2541 4
266 2586 8
266 2853 7
267 2803 2
267 1391 2
267 1049 5
267 1250 7
267 3864 7
268 2722 6
268 4622 5
269 34 1
270 1784 7
270 647 8
270 2329 3
271 3870 7
271 4787 4
271 1031 7
271 2998 2
272 4830 9
272 351 10
272 855 10
272 1330 5
272 1519 5
273 4048 3
273 3840 5
273 1685 10
273 1102 8
274 2272 1
274 4163 6
275 4347 7
276 2432 5
276 4221 8
276 4887 6
276 2697 1
276 2813 2
277 2919 3
277 157 9
277 1169 9
277 2306 9
278 4226 2
278 2791 8
278 4550 3
279 2093 9
280 1536 1
280 3507 9
280 1639 2
281 1970 9
281 1756 9
281 3276 4
282 1229 7
283 1609 8
283 3209 9
284 3246 8
284 1208 3
284 3357 8
284 2216 9
285 4535 9
285 3755 6
285 699 10
285 3123 10
286 1549 4
286 4621 5
286 1334 2
286 4636 9
286 504 4
287 2664 6
287 2813 10
288 2673 4
288 4253 8
288 1321 4
288 2206 3
289 3185 4
289 1168 3
290 37 10
290 1864 1
290 2139 4
290 2481 7
290 4697 9
291 2914 6
291 1876 2
291 1451 7
291 4226 4
292 1871 7
292 867 4
292 1415 9
293 3433 5
294 585 6
294 2583 2
294 1583 5
294 2431 7
294 1610 5
295 3486 3
295 1314 4
295 462 2
296 21 6
296 3413 8
297 3010 1
297 1446 10
297 2713 3
297 1535 8
298 1875 2
298 3752 8
298 1962 3
298 410 4
299 3409 5
299 3654 5
299 4447 9
300 2805 1
301 3585 8
301 2831 1
302 1394 3
302 1440 1
302 4648 10
303 4026 9
303 1294 5
303 3498 3
304 3514 7
305 4972 8
305 4240 9
305 4383 3
305 1745 7
306 669 1
306 2426 2
307 4994 7
308 4399 10
308 644 2
308 745 5
308 4270 4
308 3714 5
309 2549 3
310 4783 2
311 2596 6
312 4977 10
312 1954 10
312 1996 10
312 1361 9
313 3728 6
313 588 1
313 3099 7
314 3189 4
315 433 3
316 617 6
316 255 8
316 3741 7
316 4077 10
317 1364 10
317 3389 6
318 1605 9
318 4738 4
318 4399 1
318 3714 10
318 644 8
319 566 2
319 2517 3
319 3922 10
320 1831 8
320 1319 10
321 935 2
321 2213 4
321 947 10
322 2252 2
322 435 3
322 955 7
322 3229 8
323 1393 8
324 3065 2
325 1650 1
325 4179 10
325 765 3
325 3781 4
326 1860 8
327 3457 2
327 3197 1
327 1223 6
327 2607 1
328 2840 3
328 2841 9
329 4560 10
330 3345 8
330 1249 10
330 3359 10
330 4205 8
331 3 7
331 1781 4
331 1661 10
332 4332 5
332 4905 7
332 4237 5
332 4999 5
332 1808 3
333 2755 2
333 1747 2
333 2651 1
334 140 2
334 2523 10
334 3390 1
334 2826 10
335 3747 10
336 315 9
337 523 9
337 2276 9
338 3704 6
338 3041 3
338 3775 4
338 3947 5
339 2527 6
339 1413 8
339 2684 2
339 1611 3
339 1298 3
340 136 1
340 2506 3
341 1216 10
342 4740 3
342 2405 6
342 1705 2
343 1818 5
344 1128 9
345 1909 1
345 1827 9
346 1461 6
346 4716 9
347 557 6
347 4624 6
347 4477 10
348 3985 4
348 4869 2
349 1452 3
349 2462 10
349 1527 7
350 678 2
350 84 6
351 1505 8
351 3272 8
351 3218 9
351 3228 2
351 2134 3
352 677 6
352 3538 8
352 3475 7
352 3976 2
352 115 10
353 3086 7
353 4595 7
354 1078 2
354 1379 10
354 1744 3
354 4999 8
355 2711 5
355 612 1
355 3529 9
355 691 5
356 2777 7
356 3491 3
356 4556 8
357 4009 6
357 1205 5
357 1747 4
358 4619 7
358 286 6
358 2377 3
358 3165 4
358 4671 9
359 4960 10
359 2341 2
360 1994 6
361 3742 10
361 4815 6
361 4438 1
362 365 9
362 4605 5
362 1723 3
362 4486 5
363 744 6
363 2597 8
363 1060 1
363 1092 4
364 2005 6
364 1382 9
365 3385 6
365 4074 7
365 1832 5
365 3691 4
366 4743 7
366 1107 7
367 2198 9
368 4316 2
368 2879 9
368 3058 8
368 4307 1
369 203 8
370 4207 1
370 1897 10
370 1370 1
371 887 6
371 16 7
371 1596 1
371 3803 6
371 952 6
372 1802 10
373 2854 8
374 444 6
374 3060 5
374 3273 4
374 673 4
375 2863 10
376 3102 3
376 798 9
376 4873 7
376 1011 2
377 1595 5
377 1097 2
377 3767 1
377 1889 4
378 1949 1
379 1438 4
379 4582 2
379 1613 9
379 1589 8
380 591 2
380 3274 5
380 4231 4
381 2649 6
381 645 9
382 4193 10
382 899 3
383 44 7
384 1852 2
384 2372 9
384 4731 4
385 488 7
385 2227 4
385 2153 3
385 4238 8
385 1478 5
386 1386 7
386 4504 10
387 1035 9
387 4064 10
388 3314 5
388 3485 8
388 4533 2
389 2108 4
389 2443 8
389 4365 4
390 1743 3
390 1533 10
390 3867 5
391 1014 1
391 3223 4
391 4736 8
391 4062 3
391 1576 3
392 3540 2
392 3562 7
392 2532 5
392 1350 7
392 3325 5
393 1695 1
394 199 3
395 477 3
396 1642 7
396 4054 6
396 2314 6
396 3960 6
397 4287 4
398 367 8
398 4099 6
398 2733 10
398 4242 7
398 4309 1
399 4086 8
399 3302 5
399 246 8
400 2030 3
400 3096 6
400 3650 4
401 3911 6
402 4918 3
402 865 4
403 2190 3
403 3634 10
403 886 6
404 1126 8
404 4315 2
404 4854 5
404 4712 4
404 1377 9
405 3170 8
405 1912 8
405 538 6
405 3722 6
405 3181 3
406 762 2
406 1403 9
406 3656 2
407 4748 2
408 2460 7
408 3834 9
408 1003 8
408 665 1
408 1176 5
409 2864 5
409 4542 10
410 1929 7
410 3281 6
410 505 8
410 4612 6
411 4994 1
411 307 1
411 4175 4
411 3466 7
412 1566 6
412 204 8
412 1258 6
412 3884 10
412 4753 5
413 2157 2
414 3726 4
415 3378 2
416 2911 1
416 630 5
416 2121 6
416 4527 4
417 3528 6
418 2087 9
418 140 8
418 1655 4
418 1692 4
418 4893 4
419 640 1
419 4557 2
419 4233 6
419 4558 8
419 277 5
420 4785 2
420 1856 3
420 220 2
420 2563 3
420 3712 10
421 849 5
421 186 3
422 2165 5
422 1026 7
422 3307 4
422 4287 2
422 126 2
423 556 1
424 896 7
424 4479 3
425 3310 7
426 2588 1
426 2365 7
427 173 10
427 233 4
428 660 7
428 815 6
428 3451 4
428 614 1
429 3737 5
429 3709 5
429 4978 6
430 2155 1
430 4521 5
430 1563 8
430 2899 7
430 1225 2
431 3179 2
431 2300 8
431 864 5
431 1443 5
432 1288 1
432 3632 3
432 262 5
432 3869 9
433 2735 2
433 4354 5
433 2463 6
434 191 7
434 4982 1
434 2564 1
435 542 3
435 955 10
435 1731 10
436 4955 1
436 3165 9
436 286 9
437 4073 1
437 4548 2
437 1071 10
437 3747 9
437 3521 10
438 1979 3
438 3170 2
438 161 2
438 2372 2
439 402 6
439 957 8
439 865 2
439 916 10
440 1040 4
440 3058 9
441 4801 4
442 2243 9
442 2330 7
443 593 10
443 3597 6
443 2140 5
443 2417 4
443 3665 10
444 417 1
444 2204 7
445 891 3
445 4603 2
445 2782 6
446 43 3
446 945 9
446 1770 6
446 3205 9
447 359 4
447 1013 10
448 4488 4
448 3002 9
449 3414 7
449 4323 1
450 2540 7
451 3446 4
451 4055 1
451 2110 4
451 688 7
452 1538 2
452 681 1
453 60 10
453 1954 6
454 2859 1
454 3569 4
454 3222 5
454 1560 1
454 4947 1
455 4310 2
455 1350 3
455 3562 5
456 4480 8
456 503 10
456 2932 3
456 4022 2
456 1122 3
457 3204 1
457 1211 10
458 304 8
458 2257 4
458 675 8
458 1094 8
458 908 10
459 498 3
459 4456 1
459 1112 5
460 2231 6
461 1700 7
461 1003 10
461 215 4
461 2638 10
462 4330 5
462 3486 5
462 3469 5
462 3813 5
463 2978 8
463 4063 10
463 3601 9
463 606 4
463 591 6
464 486 8
464 522 6
464 4377 7
465 4239 1
465 3347 4
465 2072 6
466 1872 10
466 1054 5
466 4868 3
466 4214 10
467 3473 5
468 2139 2
468 604 2
468 4602 1
469 2378 4
470 3999 4
470 2790 2
470 2857 8
470 2439 6
471 1014 3
471 4062 3
471 3139 3
471 171 7
472 1602 1
473 1687 7
473 355 8
473 4788 3
473 2312 3
474 2556 6
474 2937 1
474 150 5
474 888 10
474 2828 1
475 4550 10
475 1451 2
475 1738 7
476 309 4
476 2551 5
477 1434 4
478 1279 2
478 350 8
478 678 9
478 2647 9
478 84 3
479 4553 7
479 1285 1
479 2823 6
479 3448 1
480 1008 4
480 573 9
480 3683 10
480 620 6
480 1106 4
481 3752 5
482 2622 2
482 2926 2
482 4737 4
482 2265 3
482 3031 6
483 1206 1
484 4531 8
484 4769 3
484 312 4
484 1948 10
484 1127 4
485 1969 2
486 668 8
487 613 2
487 2310 9
487 4871 1
487 3124 7
487 586 9
488 3291 8
488 62 9
489 2924 1
489 3945 8
490 777 4
490 2484 2
491 4359 10
491 1945 2
491 2440 6
491 1944 6
492 2929 6
492 4752 6
492 2435 1
492 2315 5
492 3952 8
493 251 8
493 4771 6
493 3384 10
494 4034 4
494 1532 6
495 2495 3
495 3090 9
495 1880 6
495 3349 2
496 3994 6
496 557 4
497 1849 9
497 4128 9
498 4456 1
498 1143 8
498 3838 9
498 1537 10
499 2722 7
499 268 9
499 3832 3
499 1584 2
499 854 10
500 907 6
500 1007 10
500 934 4
500 2322 8
500 447 7
501 704 10
501 4590 3
501 2342 6
502 2429 9
502 615 1
503 4480 6
503 4130 8
503 2004 1
503 4510 8
503 4183 1
504 2718 1
504 226 3
505 3118 1
506 841 7
507 912 6
507 3563 5
508 4490 2
509 4445 10
510 2258 7
511 1795 8
511 4040 4
512 595 3
512 517 10
512 360 7
512 727 6
513 2420 6
513 1933 6
513 1965 5
514 2983 2
514 2884 5
514 701 8
514 343 7
514 35 4
515 1545 1
515 3670 1
515 1801 9
516 3882 7
516 2521 2
516 1362 10
517 360 8
518 2954 1
518 1481 4
518 3289 6
519 207 4
520 2469 2
521 2073 1
521 2652 9
521 3978 3
522 1444 4
522 1212 3
522 2617 9
522 4446 10
523 959 4
523 3389 1
523 4836 3
524 3156 1
524 4773 2
524 1206 9
524 4787 10
524 3424 6
525 3080 5
525 4052 5
525 1884 9
525 3420 8
526 2534 1
526 4811 3
526 4362 3
526 804 5
527 4744 6
527 3460 2
528 3826 7
529 1406 6
530 2128 8
530 897 9
531 4038 5
531 3476 7
531 2729 1
531 2284 1
532 1473 8
532 791 7
532 2434 6
532 3800 2
532 759 3
533 3556 10
533 4552 9
534 4785 10
534 3798 4
534 4549 1
534 1856 3
535 2427 5
535 2551 6
535 2549 9
536 4751 3
536 2138 5
536 639 2
537 3826 9
537 2255 7
537 3772 1
537 2045 2
537 4428 8
538 746 6
538 3170 4
538 384 3
538 938 9
539 683 10
539 3141 7
539 546 4
540 2744 3
540 1470 3
540 2807 10
540 723 8
541 3662 2
541 2133 9
541 3361 4
541 2923 4
541 1238 10
542 3270 3
543 1811 1
543 41 6
543 1666 2
543 1544 5
543 2581 8
544 3695 10
544 3131 2
544 1592 1
544 733 10
545 2246 1
546 501 8
546 3141 10
546 2342 8
546 1900 4
547 2863 8
547 880 3
547 1104 6
548 1197 5
549 1846 1
549 2438 3
549 4085 9
550 886 10
550 3634 8
550 1384 2
550 2168 2
551 2089 7
551 2157 4
551 1713 8
551 3713 8
552 3214 3
553 628 8
553 1939 9
553 2720 6
553 1051 4
553 2601 7
554 3948 7
554 3533 4
555 4166 7
555 2048 10
555 1754 3
555 3811 5
555 690 6
556 4792 2
556 2212 2
556 4767 8
556 4131 2
557 3429 9
557 2370 5
558 4874 1
558 2727 6
558 3784 10
558 1647 8
558 2070 6
559 672 6
559 2054 5
560 828 3
560 3585 8
560 4972 2
560 4383 9
560 27 7
561 2864 7
561 3620 4
562 83 7
562 2554 5
563 293 8
563 1320 3
563 2855 3
564 67 3
564 3606 4
564 785 1
564 4762 9
565 1830 1
566 3636 8
566 4204 4
567 2182 2
567 2513 1
567 2290 10
567 3271 9
568 4815 7
568 2197 6
568 2462 6
569 115 8
570 2004 6
570 4480 6
570 2892 9
571 4390 2
571 91 8
571 924 4
571 1369 7
571 1918 9
572 4810 7
572 3149 4
572 4784 5
573 3332 4
573 3683 3
574 4091 2
574 1670 6
574 3058 10
574 819 5
575 1904 6
575 1839 7
575 1413 1
575 1611 8
576 2240 1
576 2313 4
576 1177 9
577 1101 10
577 3524 2
578 3038 9
578 3969 1
578 2196 2
579 865 9
579 1949 5
579 916 5
579 4729 1
580 2255 2
580 2448 8
580 2518 9
581 2114 2
582 1993 5
583 1651 8
583 1340 6
584 2114 8
584 888 2
584 2270 8
584 4569 5
585 1006 10
586 824 10
586 2712 5
586 4028 5
587 1778 1
588 4213 7
588 420 7
588 1149 8
589 3980 8
589 971 9
589 3067 3
590 1013 8
591 3274 5
591 2035 7
591 606 9
592 2379 1
592 2654 5
593 637 6
594 1202 8
595 2482 5
596 188 9
596 2642 8
596 1412 7
596 3096 2
597 4904 2
597 3898 9
598 2309 4
598 3302 4
598 1099 5
598 4796 5
599 1081 3
599 1822 9
599 4654 5
599 2032 10
599 4940 4
600 3609 1
601 1962 7
601 1528 5
601 410 5
601 4126 4
602 4772 4
602 3304 10
602 4113 3
602 1043 7
602 2885 7
603 4000 1
603 2363 5
603 529 7
604 2481 1
604 1864 5
605 2967 4
606 825 1
606 1366 10
607 160 8
607 4365 6
607 3767 10
607 2357 8
607 389 2
608 2151 8
608 4295 3
608 960 10
609 1901 7
610 2881 10
610 4082 6
610 4629 10
610 1311 1
610 450 5
611 1808 10
611 332 7
611 2630 3
612 4788 8
612 691 7
613 586 1
614 3374 3
615 401 6
615 4979 7
616 967 9
617 1591 2
617 4517 10
618 2899 6
618 4133 3
618 4521 1
618 430 10
619 3301 1
619 4030 4
619 1768 8
619 2135 9
620 2226 10
620 3664 10
620 1106 8
620 3683 9
620 1825 3
621 526 5
621 1774 5
621 2323 1
621 3525 1
622 282 4
622 2078 10
622 3807 4
622 2469 6
622 840 3
623 2972 5
623 1905 4
623 4869 4
624 2301 3
624 4705 3
624 2785 7
624 3093 6
625 969 8
626 1023 8
626 1232 3
626 2499 6
626 732 5
627 2539 8
627 1472 9
627 3190 8
627 3153 1
627 2902 4
628 1051 9
628 4992 1
628 1207 6
629 733 1
629 309 2
630 2519 9
630 1201 3
630 4777 6
630 2047 7
630 740 9
631 218 3
632 1566 2
632 1258 5
632 4753 9
632 4790 1
633 2843 7
634 858 3
634 2103 1
634 4741 9
634 1017 9
634 3666 4
635 2536 7
635 1838 8
635 2375 6
635 4211 5
636 2082 2
636 2197 5
636 4303 2
636 4274 6
636 1135 4
637 1237 1
638 360 8
638 595 6
638 2482 8
639 4327 8
640 4948 1
640 2919 1
641 1356 9
642 4080 6
642 3965 5
643 1916 7
643 1304 1
643 1882 5
643 4503 7
643 3625 2
644 1605 1
644 1167 1
645 2673 3
645 4253 2
645 4192 8
645 2924 9
645 2649 5
646 3874 6
646 3467 2
646 1666 8
646 156 4
647 1035 4
647 3179 10
647 864 4
647 1443 4
648 1580 4
648 4938 9
648 3530 10
648 4384 8
648 1468 2
649 366 4
650 4638 3
650 4708 7
650 3938 3
651 1050 2
651 3939 5
651 3283 9
652 1977 7
653 297 2
653 3074 8
653 4786 5
653 1035 3
653 3013 9
654 859 10
654 2927 3
654 2379 3
654 2391 9
654 4468 2
655 1514 9
655 3543 9
656 1888 4
656 942 4
656 843 4
656 4708 9
656 2221 3
657 3859 8
657 73 9
657 334 10
658 4699 7
658 1426 4
658 3548 6
658 1940 1
659 2844 4
659 3471 6
659 3168 6
660 1911 9
661 4627 4
661 2258 1
662 4390 4
662 983 7
662 1221 7
662 109 6
663 2199 1
663 2356 10
663 4688 8
664 1706 10
664 4088 9
665 2002 1
665 908 5
666 3482 10
666 3927 6
666 737 7
666 2973 6
667 4268 5
667 1985 2
667 1983 4
667 3145 8
667 903 2
668 2628 7
668 3705 3
668 2617 6
668 2392 10
668 1444 6
669 1705 3
669 3230 3
670 414 7
671 410 10
671 3009 4
671 298 1
671 1962 3
671 1875 10
672 863 3
672 2656 5
672 1263 1
673 1398 5
673 770 7
673 809 7
674 1538 8
674 452 6
674 681 6
675 3097 6
675 2257 4
676 2298 10
676 1117 9
676 4203 10
677 1245 2
677 1799 4
677 4501 7
678 1807 2
678 4637 2
679 3197 2
680 987 3
680 2197 2
680 3742 2
681 3399 9
681 2965 3
681 3371 8
681 2867 1
682 126 1
682 4926 4
682 1970 8
682 241 1
682 3307 4
683 2342 6
683 1748 9
683 4991 4
683 704 10
684 1857 1
684 2062 3
685 327 3
685 679 10
686 855 10
686 351 8
686 272 3
687 1162 9
687 4136 8
687 4459 6
687 3593 3
688 3446 4
688 4094 10
688 1693 2
689 3002 5
689 3177 5
689 114 1
689 2477 4
689 875 3
690 1138 8
690 220 10
690 4785 7
690 588 3
690 4213 4
691 2711 3
691 3856 5
691 4505 5
691 4117 7
692 1333 9
692 795 10
693 3982 1
693 1077 3
693 2438 7
693 953 5
694 3235 1
694 4070 7
695 3181 4
695 1728 2
696 3222 5
697 1932 8
698 4976 7
698 2893 7
699 3000 7
699 3957 10
699 1079 6
699 3123 5
699 900 4
700 4310 3
700 392 6
700 1032 1
700 2069 8
700 2083 5
701 2430 5
701 1903 1
701 1818 5
701 2884 5
701 4585 5
702 1840 8
702 2406 2
702 3267 6
702 2775 10
703 1263 5
703 3179 4
703 3388 7
703 2994 2
704 2070 5
704 4991 2
704 1647 5
704 2448 1
704 3784 6
705 3717 4
705 919 7
705 729 6
705 4070 8
706 4292 3
706 4251 6
706 4291 4
706 1693 6
706 4094 7
707 1770 7
707 945 9
708 4223 4
708 1946 4
708 4681 8
709 3205 8
709 3094 7
709 4576 10
709 945 8
710 1300 5
711 3925 4
711 4033 3
711 4613 10
711 1336 7
712 4635 10
713 2320 1
713 2020 10
714 2440 8
714 3142 7
714 3731 7
714 4359 3
715 3154 10
715 4833 2
715 2648 8
715 3877 2
715 2170 1
716 2626 9
716 2494 5
716 4875 6
716 2569 4
717 2790 4
717 3999 8
717 2857 4
717 4232 1
718 4862 6
719 1160 9
719 1985 8
720 3913 1
721 1444 8
722 327 9
722 685 2
722 2691 5
722 679 8
723 1365 7
723 2348 2
723 3642 1
724 1423 4
725 1075 2
726 898 1
726 2171 7
726 2658 4
726 4340 10
726 2116 2
727 517 4
727 3285 9
727 4429 3
728 3605 5
728 926 7
728 4170 2
728 340 2
729 714 2
729 3142 10
729 3731 7
729 1945 2
730 3557 6
731 4959 10
731 2361 2
731 2977 5
731 4285 6
731 4604 3
732 1940 9
733 476 6
733 1592 10
734 1513 3
735 2880 3
735 3127 6
735 4413 5
735 2488 2
736 4712 5
736 1126 7
737 4907 5
737 3792 1
737 2191 10
738 4841 9
738 65 5
738 2254 6
739 2595 3
739 3049 2
739 1362 6
739 2521 4
740 1589 8
740 379 3
740 1201 4
741 885 3
741 717 8
742 3162 8
742 2526 1
742 2501 1
743 2312 7
743 691 6
744 3855 9
745 4399 2
745 1167 6
745 2687 4
746 3707 7
746 1979 2
746 1509 3
747 14 1
748 3512 9
749 3884 10
749 1566 5
749 1891 3
750 2507 6
750 4207 9
751 895 4
751 3671 10
751 1564 4
752 4021 6
753 4432 3
753 1950 10
753 4183 10
753 503 9
754 490 2
754 2625 6
754 1481 9
755 2419 8
756 1061 9
756 4081 7
757 1901 8
757 2789 3
757 1375 8
757 4716 3
758 4544 7
758 4664 3
758 4816 4
758 4214 4
758 1872 5
759 2785 8
759 2434 9
760 3717 2
760 714 3
761 658 8
761 2138 3
761 3520 5
762 3085 8
763 4493 6
763 2321 9
763 1847 9
764 931 1
765 1760 7
766 985 2
766 4622 6
767 3268 1
767 4988 7
767 4061 5
767 1770 9
767 3465 8
768 525 9
768 4052 8
768 788 1
769 496 1
769 1899 1
769 1861 5
770 4196 4
771 1583 2
772 4206 2
772 1969 5
772 1221 10
772 990 8
772 662 8
773 2199 1
773 110 3
774 1786 6
774 4975 9
774 2938 9
774 2076 7
774 730 9
775 240 2
775 2897 3
776 3479 6
776 1213 7
777 518 7
778 4846 9
778 3700 9
778 2830 6
778 104 4
779 3763 6
779 2142 2
780 234 7
781 3575 7
781 3688 7
781 2498 2
782 605 7
783 4193 3
784 4859 1
784 3299 5
784 2773 9
785 4423 6
785 3216 3
785 67 9
786 4816 5
787 884 8
787 3846 7
788 1144 2
788 1343 10
789 1447 1
789 98 4
789 901 4
789 1976 2
790 3478 9
790 3310 6
790 2697 6
790 1269 3
790 2664 10
791 3093 1
791 2920 7
791 4721 1
792 915 3
792 3726 1
792 1064 9
792 3202 9
793 2615 1
794 2642 7
795 4113 4
795 937 7
795 4772 6
795 1043 9
795 371 5
796 1621 10
797 979 5
797 3427 5
797 2768 5
797 3067 1
798 1673 10
799 729 1
799 3731 9
799 714 1
799 3142 4
800 4880 10
800 3736 6
800 832 1
800 4403 6
800 3372 1
801 2791 6
801 1876 3
801 4185 9
802 12 3
802 2021 4
802 4550 10
803 1119 3
803 1585 10
803 2619 1
804 4269 1
804 2912 4
804 2447 1
805 1460 4
805 1983 10
805 1166 4
805 4901 3
806 3412 8
806 2389 10
806 2723 5
807 4902 9
808 2156 8
808 3694 9
809 1124 1
809 770 2
809 3932 7
810 1385 7
810 450 9
810 2881 9
810 2540 7
810 1311 5
811 1352 6
811 3169 9
811 195 8
812 4464 4
813 4115 6
813 1855 3
814 1831 9
814 1108 9
814 2715 5
815 3477 1
816 2164 9
816 3234 4
816 4651 9
816 2780 5
817 2725 5
817 353 4
817 3086 3
818 1795 5
818 4040 3
819 1164 3
820 19 7
820 1560 7
820 454 8
820 146 8
820 3222 1
821 4869 1
821 2946 9
821 3985 4
822 1589 3
822 3511 4
822 1438 7
822 4582 2
823 664 7
823 3730 8
824 3767 4
824 2357 8
825 1414 1
825 4897 8
826 2789 5
826 1901 4
827 2609 5
827 2416 1
827 2165 7
828 4007 4
828 2964 6
828 1299 1
828 3624 7
829 185 10
829 3302 6
830 2272 6
831 1877 8
831 1888 2
831 2221 5
831 173 3
831 843 8
832 3588 3
833 2697 10
833 2664 7
834 963 3
834 1420 6
834 2975 2
834 1220 7
835 1475 2
835 1370 4
836 2463 6
836 409 5
836 2925 8
836 3311 8
837 3042 6
837 3844 1
837 2485 9
837 1689 1
838 343 5
839 1964 3
839 3744 1
840 2637 8
840 763 6
840 737 6
840 1847 9
841 4443 9
841 1680 5
841 4812 8
841 4997 5
842 2360 5
843 2037 2
843 2942 1
843 1927 2
844 1893 2
844 2588 4
844 1804 8
844 3737 5
844 3709 7
845 443 8
845 3665 5
845 2878 9
845 1381 1
845 1858 7
846 2257 9
846 778 9
846 908 4
846 1218 10
846 2830 3
847 4337 7
848 1862 6
848 2598 9
848 2493 9
848 2786 8
848 922 4
849 4025 8
849 4467 7
850 3335 8
850 1149 1
850 2361 5
850 1138 9
850 4785 10
851 4163 1
851 3684 1
851 336 9
851 2230 10
852 3045 6
852 3633 9
852 4574 8
853 4433 6
853 1261 9
853 718 6
853 46 9
854 2722 2
855 566 2
856 2865 8
857 3313 8
857 724 6
858 2260 3
859 3051 2
859 2927 7
860 1075 6
860 1448 5
860 2373 9
861 3214 7
861 3845 5
861 4487 4
861 4567 9
862 1491 2
862 2334 5
862 3007 4
863 3013 9
864 2865 6
864 4856 5
864 2412 3
864 2994 9
864 943 2
865 2148 5
865 2660 6
865 256 3
865 1683 10
866 1974 7
867 1352 6
867 4439 4
867 269 4
867 1999 9
868 4069 10
868 3652 6
869 2452 9
869 3806 10
869 2031 1
869 1287 9
870 3810 10
870 4075 4
871 2505 1
871 510 6
871 330 7
871 3445 7
871 2258 5
872 787 1
873 593 7
873 1237 2
873 3236 4
873 2417 2
874 4484 2
874 1376 7
874 3113 6
874 342 10
875 4764 4
875 40 1
876 4570 1
876 4482 3
876 4478 6
876 874 1
876 342 8
877 1416 6
878 2731 6
878 4596 7
878 4291 1
879 2542 4
879 1120 10
879 4739 10
880 3579 10
881 1050 9
881 3283 2
881 2805 5
882 3595 10
882 3840 2
883 1726 5
883 2504 1
883 2184 7
883 2846 7
883 4282 4
884 1580 10
885 107 2
885 3202 3
885 2466 2
885 2857 8
886 3634 7
887 3850 4
887 3251 1
887 1504 6
887 952 1
888 3673 1
888 761 5
888 2270 7
889 4370 3
889 3823 2
889 1902 9
889 3157 2
890 2886 2
890 4497 8
890 2695 7
890 3306 7
891 4306 10
891 507 4
892 1150 7
892 2631 5
892 4634 2
892 3935 3
892 1624 3
893 88 3
893 3438 4
894 1535 2
895 1564 2
895 4198 8
896 1406 10
896 4844 7
896 4110 6
896 1172 8
897 4622 3
897 1809 8
897 781 7
897 2079 6
897 2498 8
898 2681 8
898 3936 10
899 1631 2
899 2945 5
899 2843 3
900 2931 7
900 3000 5
900 4916 9
900 1668 10
900 1079 1
901 4966 6
902 2786 6
903 1983 2
903 1182 5
904 4939 5
904 2796 1
905 2224 2
906 3267 3
906 3587 9
907 2322 6
908 600 7
908 3400 6
909 177 6
909 3232 2
909 1866 4
909 32 9
910 3004 7
910 4139 4
911 1331 1
911 3731 6
912 4329 9
912 2233 4
912 960 8
912 2151 3
913 1981 10
913 2095 1
913 1020 4
914 1629 10
915 1303 9
915 1064 9
915 2172 10
915 1057 8
915 4039 6
916 2660 3
917 1213 5
917 2046 3
917 4366 4
918 2949 8
918 4141 6
919 4359 5
919 1331 8
919 2033 5
920 2799 10
921 1815 9
922 1335 4
922 1862 3
922 2786 4
922 2003 10
922 3917 10
923 2554 1
924 91 8
924 1369 8
924 2953 3
924 109 1
925 3425 4
925 1814 7
926 3605 2
926 3833 4
926 340 2
926 136 8
926 1619 9
927 94 2
927 1490 10
927 1476 7
927 4575 5
927 2261 8
928 3212 4
928 557 9
928 4477 5
929 3917 8
929 1862 5
930 3699 9
930 2272 2
930 1578 9
931 3936 10
932 1292 3
933 2059 8
933 1279 5
933 2042 3
933 2557 8
933 326 5
934 3042 3
934 3572 1
934 837 10
935 657 5
935 3992 2
935 79 9
935 1692 9
936 332 1
936 2678 5
936 2900 5
937 1043 8
937 4772 5
937 4113 6
938 4158 5
938 1979 6
938 1495 6
938 3038 9
938 2196 3
939 480 8
939 1656 3
939 253 6
939 2226 10
940 4675 6
940 3152 2
940 53 2
941 2117 8
941 3889 5
941 3690 3
942 3314 8
943 2412 7
943 2548 8
943 2019 1
944 4099 2
944 453 1
944 1324 8
945 3205 6
945 2444 4
946 1645 3
946 3815 5
946 2397 6
946 4875 4
946 3231 1
947 2693 6
947 1655 5
947 21 3
947 2571 4
948 4481 9
948 2769 3
948 360 3
948 2683 5
948 2719 9
949 4409 4
949 2432 8
949 2664 9
949 3310 6
950 3992 10
950 418 5
951 746 3
951 1979 8
951 3969 6
951 93 4
952 3251 10
953 2438 5
953 4085 10
953 4903 5
954 2080 4
955 1731 3
955 660 6
955 815 2
955 3477 7
956 4907 2
956 3927 7
957 378 10
957 2660 6
957 865 10
958 4902 10
958 3529 4
959 3215 10
959 1751 5
959 3908 3
960 2510 2
960 4295 9
961 1298 8
961 1611 2
962 4613 10
962 3256 9
962 1632 10
962 3925 4
963 1220 1
963 217 2
964 4589 8
964 1433 9
964 1107 7
964 2988 4
964 4743 2
965 612 10
965 4902 4
965 2137 2
966 3578 3
966 3927 5
966 2939 2
966 3792 10
967 2762 2
967 3851 7
967 4320 6
967 889 3
968 788 3
969 1244 8
970 3961 7
971 4587 6
972 4798 4
972 1247 9
972 3331 8
973 1444 1
974 2702 2
975 4516 10
975 390 9
975 3867 2
975 3635 10
975 1743 1
976 2696 3
976 4990 10
976 1137 6
976 1297 5
977 3150 2
977 4701 8
978 2393 6
978 1797 8
978 1405 2
978 3636 10
978 4204 6
979 2167 10
979 971 10
979 4587 8
979 2788 3
980 1198 1
980 4685 2
981 645 9
982 1708 9
982 3977 6
982 4485 7
982 1306 1
982 1752 10
983 841 2
983 506 7
983 2566 10
984 2586 3
984 2574 9
984 2856 1
985 3832 6
985 3622 5
985 3688 7
985 725 4
985 151 9
986 2638 7
986 408 1
987 914 4
988 1316 2
988 2 9
989 2403 7
989 2699 8
989 2938 4
989 1534 3
990 4543 8
990 571 7
990 4390 6
990 1221 8
990 91 8
991 2833 5
991 1374 10
991 4276 7
991 1132 1
992 2180 1
992 1826 10
992 3961 6
993 893 4
993 2629 5
993 1375 8
993 4538 6
993 1667 2
994 4138 10
994 1957 4
994 3158 3
995 2623 3
996 408 3
996 2688 1
996 4964 4
996 2638 2
997 2304 3
997 2149 7
997 2832 6
997 1098 1
997 3782 4
998 4269 4
998 2738 4
999 415 1
999 603 2
999 4837 7
999 4710 2
999 3543 8
1000 1786 6
1000 730 6
1000 2076 5
1000 3392 5
1001 8 8
1002 3383 1
1002 1053 2
1002 773 9
1003 3097 10
1004 3018 9
1004 2355 1
1004 3259 5
1005 2095 7
1005 3734 4
1005 4818 3
1005 2231 4
1005 1020 4
1006 2503 5
1006 3127 9
1006 3194 3
1007 590 3
1007 907 7
1007 1993 9
1007 2305 8
1008 2767 4
1008 2226 5
1008 4236 2
1009 1391 6
1010 4340 9
1010 3936 3
1010 931 10
1011 3483 10
1011 4859 1
1011 784 10
1011 356 3
1012 3086 3
1012 2285 5
1012 1868 6
1012 2725 6
1012 1953 5
1013 1503 8
1013 38 3
1013 4894 2
1013 1342 4
1014 2251 10
1014 941 4
1014 3401 10
1015 4865 8
1016 4381 2
1016 4458 8
1016 3421 6
1016 1148 10
1017 4914 10
1018 4560 5
1018 649 9
1018 4043 5
1018 3340 10
1018 2098 3
1019 1677 10
1020 30 4
1020 3419 5
1020 1704 8
1021 33 10
1021 944 8
1022 2619 3
1022 3976 3
1022 803 7
1022 3538 1
1022 4101 7
1023 2499 9
1023 3819 7
1023 629 1
1023 658 9
1024 2580 1
1025 3405 2
1025 3424 9
1025 4787 3
1026 241 3
1026 2970 2
1027 3203 3
1027 3966 1
1027 4628 3
1027 4892 3
1028 724 10
1028 1249 7
1028 1848 1
1028 2024 7
1029 4862 10
1029 46 1
1029 4987 8
1029 3989 7
1029 1027 5
1030 3000 2
1030 3957 9
1030 4916 2
1030 261 7
1030 699 4
1031 1469 8
1032 2039 4
1033 2694 5
1034 3027 4
1034 2385 6
1034 4198 8
1034 1564 3
1035 4856 6
1035 1443 5
1035 943 2
1035 703 1
1035 2548 10
1036 2145 1
1036 4406 8
1036 3375 7
1037 4855 8
1037 2518 9
1038 4196 5
1039 1377 3
1040 1164 6
1040 2879 1
1041 4932 1
1042 3823 6
1042 1902 2
1043 4509 3
1043 952 9
1044 1066 10
1044 3135 5
1044 2244 10
1045 2295 4
1045 3038 10
1045 1728 8
1046 4168 4
1046 1767 9
1046 3110 6
1047 4966 10
1047 4181 6
1047 4146 7
1047 4781 6
1047 849 10
1048 334 8
1048 418 7
1048 4893 7
1048 4989 6
1048 219 9
1049 3864 10
1050 2766 6
1050 1183 7
1050 3909 5
1051 2601 5
1052 1515 7
1052 2005 2
1052 1603 10
1052 1968 4
1052 4177 2
1053 1324 10
1053 1021 4
1054 3638 5
1055 815 6
1055 2612 2
1055 4607 9
1056 1217 6
1057 4174 4
1058 4013 5
1058 4813 8
1058 3219 2
1059 2336 6
1059 2848 6
1059 2529 2
1059 1543 1
1060 4282 5
1061 3617 9
1061 1952 2
1062 1015 2
1062 2056 6
1062 3757 2
1063 2787 6
1063 2580 3
1064 3449 4
1065 4286 9
1065 4502 4
1066 4062 4
1066 99 7
1067 732 7
1067 3673 2
1067 2114 3
1067 761 8
1068 3715 2
1068 4223 2
1068 3679 6
1069 1103 5
1070 813 9
1070 4115 9
1070 1855 2
1070 2065 9
1071 4376 5
1071 4073 5
1071 945 6
1072 1801 9
1072 4529 3
1073 2283 3
1073 3148 1
1073 775 6
1073 4989 3
1074 4622 1
1074 3118 2
1074 2589 8
1075 4087 10
1076 1279 10
1076 248 2
1076 2192 1
1077 129 7
1077 388 6
1077 843 9
1078 1252 6
1078 3610 2
1078 4137 9
1079 4224 4
1079 3801 2
1079 4916 5
1080 1122 7
1081 3263 10
1081 1772 4
1081 3657 4
1082 3565 4
1082 613 9
1082 4838 10
1082 3973 9
1082 3124 10
1083 2320 3
1083 302 5
1083 2245 6
1083 4648 3
1084 1422 4
1084 3750 10
1085 717 2
1086 2330 1
1087 2719 6
1088 1444 4
1088 4227 7
1089 1841 9
1090 1538 7
1090 3952 8
1090 681 3
1091 1147 1
1091 3573 5
1091 4161 7
1091 587 8
1091 3685 9
1092 3463 8
1092 2861 3
1092 2184 10
1092 2846 2
1093 1189 7
1093 608 2
1093 4295 1
1094 3886 1
1094 3700 10
1095 2064 5
1096 3131 7
1096 1553 10
1096 732 4
1097 2443 7
1097 4898 5
1097 2108 10
1097 3767 6
1098 2839 5
1098 1088 5
1098 1444 10
1098 4227 7
1098 973 5
1099 2624 10
1099 4897 9
1099 86 10
1100 4010 8
1100 4021 5
1100 2297 6
1100 1540 2
1100 3300 2
1101 1420 1
1101 3355 8
1101 1424 8
1102 413 9
1102 1713 5
1103 4824 2
1103 2228 4
1103 2916 8
1103 4302 10
1103 3787 1
1104 1787 8
1104 3579 1
1104 4770 4
1105 1759 1
1105 4794 6
1105 2956 6
1105 3167 9
1105 3955 5
1106 423 8
1106 2767 5
1106 1163 9
1107 4532 3
1107 3611 1
1107 1433 2
1108 4915 8
1108 3 4
1108 3589 2
1108 2319 6
1109 3972 8
1109 1014 1
1109 3889 10
1109 2117 9
1109 4736 2
1110 4484 1
1110 4478 1
1110 3113 4
1111 4848 7
1111 1373 1
1111 2510 1
1111 960 7
1111 1271 1
1112 2642 5
1112 1739 8
1112 3321 6
1112 1173 1
1113 3057 2
1113 3730 7
1113 3822 7
1113 2681 9
1113 3668 9
1114 2063 10
1115 623 1
1115 4869 9
1116 358 6
1117 1280 7
1117 4027 1
1117 3248 3
1118 1212 3
1119 4501 10
1119 4339 3
1119 1841 2
1119 1783 10
1120 2542 9
1120 1307 5
1120 3263 6
1121 1732 6
1121 1134 6
1121 1695 3
1121 4190 9
1122 2847 8
1122 196 9
1123 669 10
1124 3964 5
1124 3104 2
1125 2671 5
1125 723 1
1125 78 2
1126 2676 3
1126 4712 7
1126 1377 4
1126 2702 10
1127 3178 9
1127 4750 8
1127 3604 3
1128 3814 10
1128 4143 1
1128 1250 7
1128 1391 1
1128 4530 4
1129 1962 5
1130 4259 6
1130 1554 3
1130 27 5
1130 2219 4
1130 1299 7
1131 3694 9
1132 1374 8
1132 4219 10
1132 4276 9
1132 4707 7
1132 4234 2
1133 4870 7
1133 3731 7
1133 1883 1
1134 3191 2
1134 4694 8
1134 2202 8
1135 2189 9
1136 2884 3
1136 4150 3
1137 2076 8
1137 3406 1
1137 2699 9
1138 4285 4
1139 3139 2
1139 3972 2
1140 4820 9
1140 4135 1
1140 142 5
1140 683 8
1141 2608 7
1142 4096 2
1143 1659 1
1143 4119 10
1143 3650 9
1143 3321 1
1144 1219 7
1144 4762 8
1144 4160 2
1144 4224 8
1144 699 6
1145 3174 8
1145 2374 8
1145 3643 10
1145 3393 7
1146 62 1
1147 3308 9
1147 2525 3
1147 1778 1
1148 1688 3
1148 1200 9
1148 3702 8
1149 3335 3
1149 4285 4
1149 4434 6
1149 731 4
1149 1757 9
1150 4685 1
1150 4711 3
1150 1985 10
1150 1160 10
1150 719 5
1151 706 5
1152 4885 3
1152 4275 10
1152 1561 1
1152 3125 6
1153 2346 8
1153 749 7
1154 3818 3
1155 931 9
1155 4340 8
1156 4733 5
1156 2869 2
1157 1642 8
1157 2314 8
1157 4054 2
1157 3960 3
1157 3461 2
1158 2551 9
1158 1305 2
1159 133 3
1160 1264 6
1161 3909 7
1161 2387 6
1161 31 8
1161 3163 10
1162 3568 10
1162 2278 10
1162 4718 4
1162 4050 3
1163 747 10
1163 2767 6
1163 2200 8
1163 683 1
1163 4767 6
1164 4778 3
1165 4934 9
1165 775 6
1165 3148 4
1165 219 2
1165 240 4
1166 1497 7
1166 1983 8
1166 997 6
1166 1985 2
1166 1460 4
1167 2550 2
1167 2001 3
1167 4502 10
1168 3285 3
1168 4481 2
1169 2306 3
1169 3056 6
1169 4948 6
1169 1045 10
1170 4214 5
1170 4868 3
1170 466 7
1171 312 8
1171 1361 7
1172 2748 7
1172 164 3
1172 2948 3
1172 3354 2
1173 596 10
1173 3650 4
1173 400 1
1174 2953 9
1174 4812 1
1174 918 1
1175 4542 10
1175 409 4
1175 3796 2
1175 3311 8
1176 2834 8
1176 2281 2
1176 3097 1
1176 2460 4
1177 3217 9
1177 916 2
1177 957 3
1178 887 10
1178 16 8
1178 1504 2
1178 4783 6
1178 3803 10
1179 284 9
1180 4217 6
1180 1090 6
1181 3572 10
1182 4227 7
1182 1755 10
1182 973 2
1182 4489 5
1182 2839 1
1183 1018 5
1183 1567 4
1183 3340 8
1183 2582 8
1184 60 1
1184 1171 4
1185 1961 8
1185 2170 9
1185 3877 4
1185 4833 10
1185 1284 3
1186 1443 8
1186 2994 3
1186 653 2
1186 2234 5
1187 1540 1
1187 4010 9
1187 3044 8
1187 1100 9
1187 4021 6
1188 1816 2
1188 3468 2
1189 3060 7
1190 4280 10
1190 706 5
1190 1151 5
1190 1998 5
1191 1142 4
1191 101 10
1191 2093 3
1192 2956 9
1192 1158 1
1192 1305 3
1193 2449 9
1193 4355 7
1193 1898 4
1193 1851 9
1194 1825 8
1194 546 7
1195 5000 1
1195 1489 8
1195 4832 5
1195 1508 7
1196 1288 10
1196 1563 4
1197 946 1
1197 2205 1
1198 1696 2
1199 2330 2
1199 1954 7
1200 2585 9
1200 3759 9
1200 4883 4
1201 3737 4
1202 3107 6
1203 778 4
1203 1231 7
1203 2830 10
1203 2524 7
1204 1389 7
1205 1912 3
1205 2887 10
1205 3722 3
1205 4842 3
1205 1224 4
1206 2162 5
1206 3824 9
1207 3627 6
1207 1800 5
1207 2728 3
1207 3860 7
1208 2545 9
1208 2779 9
1208 4172 10
1209 4746 6
1209 1066 6
1210 2309 8
1210 3842 10
1210 86 2
1210 2624 7
1210 4897 6
1211 1481 1
1211 3995 6
1211 754 1
1212 2617 9
1212 1444 6
1212 1755 3
1212 3705 1
1213 4320 9
1213 4822 1
1214 3116 2
1214 3340 1
1214 3861 9
1215 4775 8
1216 2111 10
1217 4614 6
1217 4408 2
1217 1014 4
1217 2244 9
1217 2142 1
1218 4763 5
1218 600 5
1218 4407 3
1218 3886 4
1219 785 3
1219 277 7
1220 4498 2
1220 4662 4
1220 3719 6
1220 2774 6
1221 1347 9
1222 3301 1
1222 1833 3
1222 3539 5
1223 933 5
1223 3197 10
1224 3619 3
1224 1852 8
1224 4406 3
1225 3358 9
1225 2326 4
1225 1519 1
1226 1071 6
1226 4548 1
1226 659 1
1227 440 7
1227 4684 9
1227 3635 2
1227 2124 1
1227 4492 7
1228 4224 3
1229 1561 9
1229 2973 2
1229 1646 3
1230 4186 4
1230 4806 7
1231 1356 6
1231 2512 1
1231 1410 3
1231 3886 7
1231 3161 7
1232 4699 5
1232 2559 10
1232 4986 7
1232 3770 1
1233 4972 1
1234 3633 5
1234 4257 6
1234 852 4
1234 4660 2
1235 1920 7
1236 1195 8
1236 4200 5
1236 1508 3
1237 4673 9
1237 182 5
1237 4768 6
1238 4653 3
1238 1477 9
1238 3662 4
1239 1633 1
1239 4698 1
1239 4191 3
1240 1972 7
1240 465 6
1240 2314 2
1240 4522 3
1241 2266 2
1241 2131 7
1241 4220 9
1241 4962 8
1242 2092 5
1242 221 3
1242 1660 4
1242 335 7
1242 1775 7
1243 4475 8
1243 3199 6
1243 832 9
1243 4403 10
1243 4880 2
1244 2930 2
1244 3800 3
1245 875 10
1245 1119 3
1246 2138 2
1246 166 4
1246 4699 9
1247 1574 3
1248 739 8
1249 724 6
1249 4259 7
1249 4007 4
1249 1130 10
1249 4801 5
1250 3818 1
1250 4530 1
1250 2858 3
1251 1359 10
1251 607 2
1251 377 8
1252 4137 10
1252 2201 5
1253 3583 9
1253 2694 3
1253 2940 2
1253 4686 5
1254 1161 10
1254 3909 3
1255 4186 5
1255 1915 9
1255 1230 2
1255 2827 3
1256 2003 8
1257 3873 10
1257 4659 3
1257 2401 1
1257 4745 1
1258 1248 6
1258 1891 4
1258 1566 3
1259 3058 7
1259 4757 5
1259 2124 5
1259 1040 5
1259 4684 10
1260 3877 8
1261 1234 3
1262 4348 3
1262 3161 7
1263 545 2
1263 2412 5
1263 4856 4
1263 2548 3
1263 2019 7
1264 2304 6
1264 2839 8
1264 3782 2
1264 2670 8
1265 2351 1
1265 4152 3
1265 4691 10
1265 3318 4
1265 2967 1
1266 4970 3
1267 2326 10
1267 2454 4
1267 3456 4
1267 1563 8
1268 2854 4
1268 508 5
1269 3586 1
1269 1764 5
1270 3117 9
1270 2441 10
1271 3087 1
1271 444 1
1271 1590 8
1272 4040 6
1272 3504 7
1272 2643 2
1272 3761 4
1272 1381 3
1273 4587 10
1273 971 9
1273 589 4
1273 4111 5
1273 1435 5
1274 1557 5
1275 2116 7
1275 3 4
1275 2474 3
1275 2675 10
1275 3680 8
1276 2965 4
1276 1408 8
1276 2867 3
1276 1538 4
1276 3371 6
1277 2307 6
1277 2081 3
1277 1531 9
1277 3505 5
1278 4081 8
1278 1019 8
1278 1061 6
1278 1677 6
1278 756 7
1279 2092 8
1279 4212 5
1279 4637 2
1279 4073 8
1280 3011 9
1281 1645 8
1281 2303 4
1281 2494 7
1282 397 4
1282 2970 1
1282 682 6
1282 4287 9
1283 2226 9
1283 939 4
1283 2241 7
1284 2088 3
1285 3331 9
1285 1247 5
1285 4017 3
1286 3918 10
1286 4027 1
1286 776 3
1287 2747 8
1287 2252 6
1287 2916 4
1288 1586 10
1289 2992 3
1289 2526 10
1290 620 3
1290 1900 9
1290 253 5
1290 242 2
1290 704 7
1291 1391 9
1291 3983 5
1291 4530 9
1291 2815 5
1292 1774 3
1292 1599 6
1293 1779 2
1293 2385 8
1294 3498 10
1294 4417 4
1294 3219 10
1294 4490 6
1295 855 7
1295 3193 6
1295 2899 2
1295 3636 10
1295 1956 4
1296 3722 5
1297 86 8
1297 3406 10
1298 4497 2
1298 3746 3
1298 4910 1
1298 890 4
1298 872 6
1299 1554 9
1299 1228 2
1299 2964 10
1300 370 10
1300 1997 8
1300 1370 3
1300 1897 3
1301 1095 10
1301 533 10
1301 2520 6
1302 756 2
1302 1677 10
1303 3672 7
1303 2214 3
1303 2174 4
1304 1766 10
1304 663 7
1305 3955 3
1305 2063 3
1305 3167 3
1305 2956 1
1306 1752 7
1306 1895 9
1307 2535 3
1308 2094 6
1308 4459 7
1308 1430 7
1308 391 10
1308 4215 8
1309 2306 2
1310 478 3
1310 326 3
1310 4637 5
1310 4455 10
1311 4652 3
1311 1358 5
1312 3813 1
1312 4093 3
1312 3100 5
1312 3486 8
1312 4330 3
1313 1864 9
1313 1702 10
1313 1542 3
1313 3151 3
1313 1344 8
1314 1312 9
1314 4605 6
1315 2750 8
1316 4246 6
1316 2 6
1316 3026 3
1316 1540 7
1317 1790 7
1317 3733 1
1318 1945 3
1318 2440 3
1318 3092 6
1318 491 6
1318 1331 9
1319 3460 3
1319 1661 4
1320 66 4
1320 4927 4
1321 2673 4
1321 2649 6
1321 4253 1
1321 3871 6
1322 1861 7
1322 2370 6
1322 2689 10
1323 1303 9
1323 1057 5
1323 3449 8
1324 4929 1
1324 3247 5
1324 1086 7
1324 1361 7
1325 4524 10
1325 386 4
1325 4758 4
1326 4667 10
1326 2579 10
1326 2896 4
1327 1500 4
1327 75 2
1328 4181 8
1328 1907 4
1329 4023 6
1330 1288 9
1331 1944 7
1331 4421 1
1331 3092 9
1331 2440 1
1332 3048 7
1332 1199 9
1332 60 7
1332 484 7
1332 1021 10
1333 4356 7
1333 2570 3
1333 1043 8
1333 4526 3
1333 4509 2
1334 1084 5
1334 3750 1
1334 487 1
1335 1054 1
1336 1843 5
1337 3032 10
1337 1876 9
1337 1579 6
1338 3021 9
1339 1962 6
1340 581 3
1340 130 9
1340 4699 5
1341 4171 3
1341 436 4
1341 4636 1
1342 4894 6
1342 4415 4
1342 1568 3
1343 3080 4
1343 4321 9
1343 1884 10
1343 3420 1
1343 1144 1
1344 3180 10
1344 3254 8
1344 1649 8
1345 2230 10
1345 336 5
1346 2797 8
1346 1960 7
1347 3255 4
1347 2961 6
1347 2287 5
1347 2995 7
1348 1772 9
1348 684 7
1348 4882 7
1349 1229 3
1350 2083 4
1350 4863 6
1350 63 7
1351 3691 5
1351 1314 4
1351 4330 3
1351 3100 9
1351 365 4
1352 1168 10
1352 1999 2
1352 4453 10
1352 4439 3
1353 248 7
1353 1368 10
1353 2223 8
1353 32 1
1353 3232 2
1354 1206 3
1354 1854 9
1354 3156 2
1354 2998 9
1355 3945 9
1355 381 10
1355 193 7
1355 1634 1
1355 1321 10
1356 1410 1
1357 3288 3
1357 3369 3
1357 1356 9
1357 1231 1
1357 600 4
1358 402 2
1358 2125 2
1358 2514 5
1359 2443 4
1359 2154 5
1359 1097 9
1359 3370 5
1360 292 7
1360 3739 10
1360 133 10
1360 811 1
1360 3336 7
1361 1537 2
1361 1948 10
1361 1112 6
1361 4456 8
1362 2280 8
1362 723 6
1362 2521 6
1362 2348 5
1362 3395 1
1363 3393 7
1363 1200 6
1363 3552 3
1363 1148 4
1363 2374 3
1364 4691 5
1364 605 10
1364 2256 10
1365 2225 10
1365 4809 3
1365 2464 5
1365 3192 8
1365 1421 3
1366 1526 3
1366 2309 1
1366 4853 3
1366 712 7
1367 4949 6
1367 3756 4
1367 2707 4
1367 2893 10
1367 1995 3
1368 4988 7
1368 2742 5
1369 3255 9
1369 4930 4
1369 4386 1
1369 983 6
1370 4154 8
1370 4123 3
1370 3510 5
1370 4528 5
1371 3274 1
1371 3464 2
1371 3654 7
1372 3071 1
1372 2081 4
1373 4107 3
1373 2233 7
1374 3541 4
1374 4707 10
1374 4219 8
1375 1901 4
1375 3862 10
1375 3438 5
1375 2210 7
1375 3343 6
1376 4478 10
1376 4570 3
1376 4740 1
1377 3991 2
1377 1278 6
1377 3239 6
1377 2702 8
1378 712 5
1379 1252 8
1379 4137 9
1379 2630 7
1379 1582 5
1379 2201 1
1380 692 9
1380 2885 10
1380 795 5
1380 4509 4
1381 2561 9
1382 4258 3
1382 2005 4
1382 4177 2
1382 1968 10
1383 3149 9
1384 337 7
1384 4691 1
1385 891 10
1385 378 5
1385 3503 2
1385 1683 7
1385 3209 5
1386 2483 3
1387 972 8
1387 1714 6
1388 4485 3
1388 252 6
1388 1306 7
1388 2388 5
1388 1188 7
1389 2000 10
1389 4221 10
1389 790 2
1389 2248 10
1390 4021 9
1390 752 2
1390 3044 7
1391 3035 7
1391 753 3
1391 4510 1
1391 2004 2
1392 2575 2
1392 572 7
1392 4344 8
1393 1756 10
1393 1161 7
1393 1919 6
1394 3066 7
1394 4350 4
1394 3443 4
1394 2646 2
1394 842 6
1395 2909 4
1395 4958 2
1395 3268 4
1395 3879 2
1396 4060 7
1396 2604 3
1396 3024 8
1397 4886 3
1397 3615 2
1397 2649 3
1397 1740 2
1397 1321 1
1398 4202 7
1398 4431 8
1398 3104 7
1398 3317 5
1398 4147 10
1399 85 3
1399 4664 1
1399 3901 1
1399 2260 6
1400 1834 10
1400 501 9
1400 1900 8
1400 3724 4
1400 4767 4
1401 4157 5
1401 1481 1
1402 726 4
1403 3542 7
1403 3839 4
1403 1507 6
1404 362 9
1404 4486 8
1404 4049 3
1404 4330 2
1404 365 10
1405 1997 9
1406 3047 10
1407 1238 4
1407 2923 9
1407 3547 5
1408 1646 8
1408 3927 10
1408 1349 2
1408 3792 5
1409 4630 9
1409 3884 1
1409 17 5
1410 2875 5
1410 599 2
1410 4940 9
1410 3263 3
1410 1822 1
1411 5000 10
1411 1489 8
1411 2605 10
1411 1508 1
1412 1951 7
1412 1659 7
1412 2642 2
1412 2316 9
1413 2684 10
1414 1722 6
1414 4975 5
1414 989 6
1414 2085 2
1414 3409 6
1415 210 2
1415 517 4
1415 4946 6
1415 269 8
1416 4833 3
1416 3877 9
1417 3894 2
1417 3245 1
1417 2089 4
1417 2112 7
1418 3312 1
1419 2317 1
1419 4489 10
1419 2726 1
1420 4019 8
1421 4469 8
1421 2811 1
1421 4809 2
1422 3515 10
1422 4243 5
1422 824 6
1422 4561 6
1423 1233 7
1423 2296 7
1423 3088 5
1423 560 3
1423 1986 2
1424 2996 3
1424 2207 6
1425 4161 8
1425 3685 7
1426 2063 2
1427 1525 6
1427 1528 10
1428 850 5
1428 731 5
1429 3093 1
1429 2920 4
1430 391 7
1430 4002 6
1431 684 8
1431 2535 5
1432 1180 10
1432 4878 3
1433 1674 4
1433 2038 9
1433 4823 9
1433 3611 4
1434 3124 1
1435 3450 7
1435 4587 8
1436 3990 5
1437 738 10
1437 457 8
1438 565 9
1439 4007 3
1439 2333 4
1439 3585 3
1439 2219 5
1440 3720 7
1440 3443 10
1440 4350 5
1440 713 7
1440 2450 7
1441 2281 8
1442 4347 3
1442 165 3
1442 3388 9
1442 856 4
1443 545 8
1443 2246 7
1443 4856 10
1443 2019 2
1443 2865 10
1444 3705 5
1444 886 3
1444 1384 10
1444 4691 3
1445 2419 7
1445 472 3
1445 1292 3
1445 2868 3
1446 387 8
1446 703 6
1446 4786 7
1446 270 8
1447 4821 3
1447 4025 8
1447 2980 1
1447 186 5
1448 2494 10
1448 716 8
1448 1281 4
1448 2569 9
1448 2626 7
1449 858 1
1450 2183 7
1450 3799 6
1450 4468 3
1450 3051 5
1450 996 5
1451 4513 6
1451 1966 1
1452 987 6
1453 1905 8
1453 4414 1
1453 4220 9
1454 4457 3
1454 4631 3
1455 4986 8
1455 4699 2
1455 1114 8
1455 1426 3
1455 3695 5
1456 3792 7
1456 4275 1
1457 3311 6
1457 2242 10
1457 561 6
1457 433 7
1458 2625 4
1458 3298 8
1459 3776 6
1460 4377 8
1460 3634 4
1460 1098 3
1460 523 2
1461 2522 2
1462 1873 7
1463 3691 2
1463 1312 3
1464 4340 8
1464 764 1
1465 842 3
1465 1523 4
1466 1934 6
1466 2572 7
1466 3599 3
1466 3318 6
1467 3698 2
1467 791 8
1468 3260 7
1469 1569 2
1469 3147 3
1470 2811 10
1470 3645 9
1470 1796 6
1471 4038 10
1471 1937 7
1471 3258 9
1471 1922 5
1471 2284 7
1472 2988 8
1472 1674 3
1472 3824 4
1473 4721 4
1473 2785 6
1473 3800 7
1473 3093 10
1473 759 6
1474 4259 2
1474 1554 9
1474 4240 5
1475 750 6
1475 1300 10
1476 2170 1
1476 3037 8
1476 1490 6
1476 3903 2
1476 2088 9
1477 1247 1
1477 4313 2
1478 346 5
1479 4356 2
1479 3574 2
1479 4783 7
1480 1817 4
1480 3222 8
1480 4759 4
1481 4297 1
1482 4948 1
1482 1169 2
1483 3927 1
1483 3807 9
1483 1152 8
1484 3373 5
1484 3316 2
1484 2764 3
1484 2130 9
1484 4262 6
1485 3795 5
1486 4713 9
1487 370 7
1488 3753 7
1488 3219 4
1488 373 5
1488 4417 9
1489 2917 9
1489 3885 9
1489 4200 3
1489 1508 9
1489 4037 10
1490 3037 2
1490 2170 10
1490 1961 5
1490 3877 9
1490 4833 5
1491 116 8
1491 2386 1
1491 1758 2
1491 1294 8
1492 1861 5
1492 2366 10
1492 2370 1
1493 2125 5
1493 3559 4
1493 2514 1
1493 3209 3
1493 3217 8
1494 1574 3
1494 1238 8
1494 2923 10
1494 4653 7
1494 2891 10
1495 4444 9
1495 692 8
1495 4509 1
1496 1213 8
1496 776 8
1496 3479 7
1496 4404 10
1496 3509 10
1497 4615 10
1497 2149 6
1497 4583 3
1497 2628 8
1497 2168 8
1498 2967 7
1498 3318 1
1498 3908 5
1498 4840 3
1499 818 10
1499 3827 6
1499 4675 3
1500 4868 3
1500 85 2
1501 4236 10
1501 4991 9
1501 242 7
1501 1570 3
1502 3876 8
1502 1750 1
1502 4566 1
1502 3926 4
1503 3423 9
1503 3262 1
1503 2610 5
1503 4351 3
1503 1568 1
1504 4831 7
1504 310 5
1504 2618 6
1505 3922 5
1506 3843 2
1506 4459 1
1506 1810 8
1506 4136 5
1506 3889 6
1507 1277 5
1508 2666 6
1508 3637 10
1508 4037 8
1509 1036 8
1510 4716 10
1510 4618 8
1510 125 9
1510 4538 2
1511 2457 10
1511 56 2
1511 4785 4
1511 3315 6
1512 982 3
1512 3857 10
1512 3911 4
1512 3046 9
1513 2248 7
1513 276 1
1513 287 5
1513 949 9
1514 3376 10
1514 1762 4
1514 529 4
1514 1663 7
1514 603 7
1515 577 2
1516 1220 7
1516 2975 2
1516 4019 4
1517 691 7
1517 965 9
1518 3223 4
1518 4459 10
1518 4112 9
1518 1576 8
1519 1797 1
1519 2134 6
1520 4636 6
1520 4906 4
1520 1549 10
1520 286 3
1520 436 8
1521 502 3
1522 3443 3
1522 4607 6
1523 3502 2
1523 2360 3
1523 2450 8
1524 3103 2
1525 4191 5
1525 3256 1
1526 1722 1
1526 1924 1
1527 2189 5
1527 3903 5
1527 94 8
1527 1730 6
1527 877 3
1528 4612 6
1529 4544 4
1529 3558 8
1529 1054 7
1529 2260 4
1530 975 5
1531 22 4
1531 2235 9
1532 4207 5
1532 2507 1
1532 3293 10
1532 4012 5
1532 4123 8
1533 4091 1
1533 4757 10
1533 1743 9
1533 3629 6
1533 1164 9
1534 3744 7
1534 2199 3
1534 4688 2
1534 1886 10
1534 2259 8
1535 2329 5
1536 1639 8
1536 4165 7
1536 1095 8
1536 2064 2
1536 344 3
1537 1143 1
1538 3399 3
1538 4703 2
1539 1180 2
1539 2682 2
1539 1855 4
1539 2634 6
1539 813 6
1540 995 5
1541 3781 4
1541 4180 5
1542 3151 9
1542 2680 7
1542 3180 9
1542 3544 4
1543 2336 7
1543 1643 10
1543 4029 8
1544 274 8
1544 4542 6
1545 1681 7
1545 3569 5
1545 3892 2
1545 3222 2
1546 3530 4
1546 977 8
1546 2997 10
1547 634 6
1547 2371 6
1547 2003 2
1547 1529 7
1548 3488 10
1549 1084 2
1550 1944 4
1550 4421 4
1550 1318 8
1550 2440 1
1550 1945 8
1551 4152 8
1551 1498 6
1551 1364 1
1551 2967 1
1552 4329 5
1552 1271 4
1552 4295 8
1552 1725 10
1552 374 1
1553 2013 5
1553 629 3
1553 1940 5
1553 3183 6
1553 3284 4
1554 3618 10
1554 1228 6
1554 3624 8
1555 2706 7
1555 2592 8
1555 3185 5
1555 360 3
1555 269 2
1556 803 1
1557 4050 7
1557 1943 9
1557 3972 1
1557 1109 6
1557 779 10
1558 2210 6
1559 4766 9
1559 445 4
1560 4803 10
1560 2251 3
1560 2117 8
1560 2838 1
1560 4736 9
1561 2973 9
1561 2637 8
1561 3482 1
1562 150 10
1563 3228 1
1564 2475 3
1564 2385 7
1564 4333 3
1564 4411 8
1565 3924 2
1566 3882 10
1566 2595 4
1567 329 7
1567 3861 3
1567 649 8
1568 3329 2
1568 521 7
1568 2940 8
1568 4105 3
1569 2579 2
1569 2896 9
1569 1326 6
1569 1742 3
1569 3658 7
1570 2080 6
1571 1979 4
1571 1495 3
1571 2196 10
1571 1036 6
1571 4509 10
1572 3525 10
1573 771 2
1573 3816 7
1573 4023 5
1573 1329 1
1573 4272 5
1574 3620 5
1574 1735 10
1574 3467 7
1574 2272 8
1574 2178 3
1575 4502 10
1576 3401 7
1576 3889 4
1577 4802 5
1577 1640 7
1577 4358 7
1578 3905 7
1578 3311 4
1578 3937 5
1578 2463 8
1578 836 4
1579 4513 9
1580 3260 4
1580 3322 9
1580 4629 5
1580 66 9
1580 2997 3
1581 3876 4
1581 1768 8
1581 3539 8
1582 4487 1
1583 4413 5
1583 2880 10
1583 2503 2
1583 2431 8
1584 42 2
1585 4634 10
1585 1150 8
1585 3935 6
1585 40 4
1585 114 1
1586 4631 4
1587 1870 3
1587 3252 8
1587 3835 7
1587 4128 7
1587 4248 5
1588 2702 8
1589 3631 1
1589 1893 9
1589 426 4
1590 2741 2
1590 1403 8
1591 1510 9
1591 1461 7
1591 4517 1
1592 2063 10
1592 4730 4
1592 1192 10
1592 309 2
1592 535 6
1593 3184 8
1594 2080 3
1594 1625 4
1595 4243 2
1595 3515 9
1595 389 2
1595 4690 8
1596 653 2
1596 275 5
1597 4547 10
1597 4632 4
1597 31 1
1597 4287 8
1598 4622 3
1598 268 4
1598 1197 3
1599 2738 5
1599 3517 8
1599 2335 5
1599 2804 4
1600 2915 7
1600 597 8
1600 3992 8
1600 3859 9
1601 2411 7
1602 526 2
1602 1599 2
1602 3517 10
1602 1774 10
1603 167 10
1603 1420 8
1604 4800 3
1605 4994 9
1606 125 8
1606 4151 10
1606 3368 1
1606 3343 9
1606 1667 5
1607 4056 8
1607 1059 9
1607 1216 4
1608 2116 2
1608 4915 8
1608 174 6
1608 3057 5
1609 1798 1
1610 1006 10
1610 3127 5
1610 4864 10
1610 735 3
1610 4413 6
1611 66 10
1611 4910 10
1612 2186 7
1613 1804 1
1613 134 9
1613 4609 8
1613 3709 1
1613 2365 2
1614 277 7
1614 785 5
1615 3868 5
1615 2233 2
1615 1403 8
1616 3344 6
1617 3396 10
1617 1248 7
1618 1289 1
1618 1521 9
1618 1001 9
1618 8 7
1618 3046 3
1619 2721 1
1619 2871 8
1619 3961 4
1619 4594 9
1620 2465 2
1620 3478 7
1620 895 8
1621 4263 10
1622 4893 3
1622 140 3
1622 73 9
1622 2087 6
1623 4675 6
1623 873 4
1623 3152 3
1624 4489 9
1624 2670 9
1625 1140 10
1625 2767 9
1625 4820 1
1626 4376 4
1626 1223 6
1626 4536 6
1626 4689 2
1627 4036 6
1627 441 5
1627 968 1
1627 2831 2
1627 3624 2
1628 840 2
1628 3399 10
1628 198 6
1628 4493 8
1629 3499 5
1629 1936 2
1629 3154 9
1630 3374 7
1630 808 2
1631 288 6
1631 744 7
1631 645 5
1631 4253 5
1632 3567 2
1632 1633 1
1632 410 5
1632 3752 10
1632 3281 9
1633 2679 7
1634 489 2
1634 324 7
1634 2924 9
1634 3065 10
1634 2843 7
1635 403 9
1635 959 10
1636 3467 9
1636 3699 2
1636 4163 3
1636 2864 9
1636 274 2
1637 2431 9
1638 2550 3
1639 1095 1
1640 2018 5
1640 4358 4
1640 4802 5
1640 3365 10
1640 1869 8
1641 3226 10
1641 3853 8
1641 4573 4
1641 4024 7
1642 4984 2
1642 2298 2
1642 3918 7
1643 4137 2
1643 1379 1
1643 1808 3
1643 3290 10
1644 509 10
1644 3148 3
1645 2303 8
1645 1511 6
1645 2418 2
1645 3944 5
1646 3768 4
1646 3578 3
1647 4888 1
1647 3826 7
1647 2518 10
1648 4945 8
1649 3212 6
1649 769 8
1649 3994 3
1649 4464 3
1650 4849 5
1650 1760 3
1651 2979 4
1652 697 1
1652 3394 7
1652 4253 6
1652 2673 8
1653 4118 1
1653 4130 8
1653 2743 6
1653 4432 5
1654 155 7
1654 4476 8
1654 2456 10
1654 4692 3
1654 2195 4
1655 3413 7
1655 2283 8
1655 1776 6
1656 4373 3
1657 1712 4
1657 3220 10
1657 4008 8
1658 3150 7
1658 872 10
1658 2695 3
1659 2316 8
1659 2096 1
1659 95 2
1659 1951 10
1660 3132 2
1660 26 7
1660 2641 7
1660 2844 6
1661 3953 6
1662 3333 1
1662 4156 1
1662 3308 5
1662 3685 10
1662 4161 2
1663 2515 10
1664 3653 8
1664 2447 7
1665 2187 3
1665 59 2
1666 1811 4
1666 274 1
1666 2864 7
1667 3343 3
1667 642 10
1667 3876 6
1668 277 1
1668 1219 2
1669 936 7
1669 3290 6
1669 2201 2
1669 4656 10
1669 2336 6
1670 4483 2
1670 2840 4
1670 3734 5
1670 3114 6
1671 2731 9
1672 3054 9
1672 519 7
1672 667 9
1672 2839 10
1672 2304 1
1673 3474 3
1674 4532 4
1674 271 6
1675 3289 6
1675 2484 5
1675 4841 10
1675 2954 8
1676 468 3
1677 154 2
1677 2520 9
1677 3507 1
1678 3267 7
1679 17 2
1679 2042 6
1679 659 2
1679 3884 6
1679 2607 4
1680 3031 8
1680 2995 4
1680 2961 7
1680 2287 2
1680 4737 10
1681 2050 1
1681 4759 1
1681 1817 6
1682 1294 6
1682 1268 7
1682 1758 1
1682 2390 3
1682 1058 10
1683 3701 10
1683 445 5
1683 2514 1
1683 2660 5
1683 256 3
1684 2519 9
1684 4777 5
1685 230 6
1685 940 4
1685 2010 2
1686 3814 7
1686 2645 10
1686 503 6
1687 4902 9
1687 2137 1
1688 195 2
1688 159 3
1688 1168 1
1689 4415 8
1689 1568 3
1690 4247 5
1690 2550 5
1691 44 10
1691 2608 1
1691 2157 4
1691 551 8
1692 296 4
1692 1958 8
1693 3689 9
1693 4292 3
1694 3831 1
1694 3111 8
1694 4188 8
1694 3592 1
1695 3351 5
1695 2202 10
1695 2664 3
1695 2475 7
1696 4836 6
1696 1444 4
1696 3050 1
1696 805 4
1697 700 10
1697 4861 10
1697 2760 3
1697 2173 1
1697 4980 1
1698 4297 7
1698 3162 7
1698 3437 8
1698 1512 9
1698 2877 10
1699 1100 9
1699 3271 9
1699 3426 9
1699 567 8
1699 1390 8
1700 908 3
1701 860 2
1701 4875 7
1701 3324 1
1701 1197 9
1702 3407 6
1702 2689 2
1702 928 7
1702 4624 9
1702 2724 5
1703 4289 5
1703 1637 7
1703 585 8
1703 2583 10
1703 4023 2
1704 3428 7
1705 4740 9
1706 905 2
1706 2224 7
1706 3668 2
1707 1728 1
1707 2306 4
1707 788 4
1708 1188 3
1709 4609 4
1709 3737 6
1709 1589 10
1709 2519 6
1709 4582 7
1710 4496 4
1710 872 8
1710 3560 7
1710 787 4
1710 890 7
1711 4806 7
1711 4042 3
1712 1416 5
1712 1260 7
1712 4303 4
1712 393 1
1712 349 10
1713 3245 8
1713 2089 7
1713 4098 6
1714 3620 9
1715 2117 1
1715 4112 9
1716 1012 9
1716 1984 3
1716 1868 4
1716 2285 2
1716 2302 3
1717 2586 3
1718 515 6
1718 1763 8
1718 3282 1
1719 2820 5
1719 82 2
1720 3437 9
1721 3250 10
1722 1786 7
1722 3766 10
1722 3392 9
1722 3557 9
1722 2076 10
1723 4011 10
1723 4074 10
1723 3385 4
1724 4378 10
1725 809 1
1725 2288 9
1726 1883 5
1726 697 6
1727 4967 1
1727 4289 1
1727 2164 10
1727 3234 5
1727 2503 10
1728 4441 10
1728 3970 10
1729 4535 10
1729 3795 6
1730 1134 8
1730 1260 10
1730 1416 2
1730 1695 1
1731 1055 7
1731 1911 7
1731 614 1
1731 815 9
1731 3836 3
1732 3191 5
1733 2135 5
1733 2325 9
1733 3539 8
1733 1833 7
1733 3301 1
1734 203 10
1734 308 5
1734 1575 7
1734 3279 7
1735 2463 8
1735 409 6
1735 4045 6
1736 3540 7
1736 473 4
1737 762 2
1737 3526 1
1737 3542 6
1737 3915 10
1737 1372 2
1738 1966 5
1739 3250 10
1739 3613 5
1740 4192 9
1740 4421 2
1740 3945 7
1740 3004 5
1740 3615 1
1741 4263 3
1741 4537 7
1741 4465 3
1742 2579 8
1742 870 9
1742 3810 3
1742 4667 7
1742 3785 3
1743 4281 2
1744 1337 4
1744 2678 7
1745 1299 1
1745 250 5
1745 3618 9
1745 3128 9
1746 4386 3
1746 3031 2
1746 2926 10
1746 2686 4
1747 2145 3
1747 405 4
1747 3170 8
1747 2372 8
1748 2448 8
1748 4373 5
1748 4888 10
1749 386 4
1750 619 5
1750 1833 1
1750 4030 10
1750 1222 7
1750 3876 1
1751 2072 9
1751 1286 9
1751 2012 3
1751 4015 4
1752 2451 2
1753 3019 5
1753 1053 4
1753 1324 9
1753 1041 9
1753 214 9
1754 731 1
1754 3798 5
1755 337 6
1755 1934 3
1755 3634 1
1755 523 4
1755 550 1
1756 126 8
1756 3909 7
1756 2165 4
1756 2416 4
1756 2734 2
1757 4434 9
1757 3594 3
1757 4285 4
1757 4604 2
1758 4813 8
1758 1294 6
1758 3219 3
1758 3753 9
1758 4490 4
1759 2013 1
1759 3804 7
1759 449 5
1759 3414 8
1759 741 8
1760 2131 7
1760 3489 1
1760 3943 10
1760 4220 9
1761 3626 5
1762 1406 1
1762 1341 4
1762 436 8
1763 1557 10
1763 146 8
1763 1274 1
1763 1801 7
1763 454 9
1764 1293 7
1764 1034 4
1765 4994 2
1765 3416 9
1765 3733 2
1765 1815 8
1765 3596 1
1766 944 1
1767 4806 10
1767 3126 1
1768 2135 3
1768 4083 3
1768 1833 5
1769 2565 4
1769 182 5
1769 3052 2
1769 4360 1
1770 2909 4
1770 2844 10
1771 844 3
1771 4777 1
1772 1741 7
1773 3247 5
1773 139 4
1774 3103 7
1774 2534 8
1774 4269 1
1774 2912 4
1775 4212 6
1775 4378 4
1775 3471 7
1775 1409 6
1776 1132 4
1776 3541 1
1776 2470 1
1776 4461 8
1777 2580 9
1777 2543 3
1777 4178 3
1777 3641 1
1778 4007 2
1778 3359 6
1778 4205 2
1778 871 3
1779 2123 9
1779 2458 9
1780 3733 6
1780 203 3
1780 4994 8
1780 644 2
1780 3012 3
1781 1155 2
1781 4579 4
1782 3976 6
1782 1985 4
1782 4339 1
1782 4454 10
1782 4101 10
1783 4339 1
1784 2019 3
1784 3388 2
1784 545 7
1784 4473 4
1784 2246 10
1785 3642 9
1785 1421 3
1786 839 7
1786 1886 8
1786 2199 4
1786 989 6
1787 880 1
1787 2374 8
1787 4435 2
1787 1016 2
1788 2982 8
1788 138 4
1788 4585 4
1788 3508 4
1789 306 1
1789 3230 7
1789 4768 10
1789 669 5
1790 2253 7
1790 2087 1
1790 73 2
1791 3528 10
1792 173 10
1792 881 3
1792 4533 4
1793 1374 8
1793 1967 4
1794 4963 1
1794 3365 3
1794 4170 6
1794 231 4
1794 2757 1
1795 873 6
1796 3645 5
1796 2225 7
1796 2811 1
1796 4469 2
1796 4342 3
1797 3607 1
1798 1111 3
1798 2424 4
1798 3701 10
1798 2193 3
1798 4603 2
1799 2726 10
1799 1985 9
1799 1150 6
1800 2640 5
1800 1459 6
1800 3776 4
1800 1829 8
1801 2278 7
1801 77 3
1801 2838 1
1801 1056 7
1802 550 10
1802 2628 5
1802 3318 6
1802 1466 6
1802 2455 1
1803 3799 8
1803 408 3
1803 4468 3
1804 1830 2
1805 3793 4
1805 386 10
1805 3398 3
1806 877 3
1807 3471 1
1807 437 4
1807 4061 3
1808 4567 9
1809 4184 4
1810 2838 2
1810 3690 6
1811 2463 2
1811 2864 8
1812 3415 7
1812 4466 10
1812 3375 3
1812 2145 1
1812 4149 2
1813 1622 5
1813 1048 6
1813 2845 7
1813 3596 5
1813 1790 6
1814 2525 7
1815 1655 7
1816 3069 1
1816 2451 6
1817 3843 4
1817 4736 1
1817 1560 10
1817 3135 1
1818 1382 3
1819 4349 6
1819 428 2
1820 1515 4
1820 1220 9
1820 4177 5
1820 1603 3
1821 2061 7
1821 1960 5
1821 3697 4
1821 2982 7
1821 138 10
1822 1741 8
1822 3551 8
1822 4954 4
1822 879 6
1822 2542 8
1823 3437 7
1823 2992 6
1824 3150 10
1824 3902 2
1825 4131 2
1825 1037 4
1826 2691 8
1827 433 1
1827 4542 7
1827 2178 2
1828 3195 2
1828 4758 6
1828 4524 9
1829 4573 9
1829 3297 8
1830 1828 9
1831 1608 3
1831 3460 9
1831 4222 3
1831 3668 2
1831 3730 9
1832 1427 6
1833 2047 9
1833 630 10
1833 124 1
1833 4145 7
1833 4527 6
1834 123 8
1834 4770 3
1834 2863 10
1834 4855 3
1834 4373 6
1835 2507 10
1835 4207 1
1835 1997 4
1835 2703 9
1836 3888 6
1836 3034 9
1836 2652 2
1837 1094 1
1837 599 2
1838 1383 2
1838 4211 6
1838 2536 5
1838 4784 8
1839 2886 10
1840 1396 1
1840 2406 10
1840 4600 1
1840 3267 5
1841 2726 8
1841 1983 5
1841 1783 7
1842 276 6
1842 1389 8
1842 4198 5
1842 3754 5
1842 2664 7
1843 3281 4
1843 3752 10
1843 2176 10
1843 3832 10
1843 3622 5
1844 1851 8
1844 1898 9
1845 3907 6
1846 173 8
1846 233 8
1846 388 7
1847 4275 2
1847 1561 2
1848 1986 4
1848 3950 6
1848 1249 5
1848 3624 2
1849 4128 7
1850 1289 4
1850 3162 8
1850 1481 1
1850 1921 6
1850 1001 10
1851 3297 1
1851 3853 6
1851 4024 3
1852 161 3
1853 4484 6
1853 874 8
1853 4740 8
1853 2349 3
1854 1742 7
1854 2758 7
1855 1152 9
1855 4115 4
1855 840 5
1855 2078 2
1855 1646 9
1856 4213 1
1856 731 9
1856 4604 7
1856 155 9
1857 2933 6
1857 2062 5
1857 2613 1
1857 3344 1
1857 4465 9
1858 4673 3
1859 4126 2
1859 2500 2
1859 2215 8
1859 1843 6
1859 2679 6
1860 678 4
1860 84 2
1860 1660 2
1860 4376 9
1861 3429 8
1862 2166 4
1862 1054 4
1863 154 5
1863 4081 3
1863 1301 6
1864 2481 7
1864 1861 5
1865 4421 4
1865 4192 5
1865 1355 2
1866 4519 4
1866 3471 7
1866 2941 4
1867 4929 4
1867 2330 3
1867 2642 5
1867 3247 4
1867 1086 10
1868 2139 1
1868 2725 1
1868 4826 7
1868 4103 6
1868 4595 3
1869 3410 4
1869 340 4
1869 4802 6
1870 3280 6
1870 4102 2
1870 3115 9
1871 3519 7
1871 1087 4
1871 34 1
1871 493 1
1872 2331 8
1872 1719 4
1872 1100 6
1872 3931 7
1873 4590 8
1873 2212 4
1873 2053 1
1873 1825 9
1873 528 1
1874 3905 2
1874 156 3
1874 41 7
1874 4322 3
1875 4612 8
1875 1598 10
1875 2176 5
1875 2589 3
1876 1196 5
1876 3218 5
1876 262 4
1876 3358 8
1877 2037 7
1877 323 7
1877 4708 10
1877 1888 6
1877 2221 3
1878 657 9
1878 4893 3
1878 947 1
1878 2213 10
1879 4428 5
1880 3090 4
1880 4235 8
1881 2001 4
1882 4688 7
1883 714 8
1883 2440 1
1883 4301 8
1884 699 6
1884 4321 8
1884 4032 10
1885 2992 10
1885 2526 6
1886 1753 2
1886 1021 8
1887 2146 1
1887 2022 9
1887 183 2
1887 2449 3
1887 1898 6
1888 843 8
1888 422 7
1888 1472 9
1888 4043 3
1888 1050 2
1889 160 3
1889 4561 6
1889 389 7
1890 4301 3
1890 255 8
1890 1944 3
1890 3142 10
1890 2958 4
1891 2280 7
1892 658 10
1892 3779 7
1892 3183 6
1893 3737 3
1893 4978 5
1893 2044 3
1894 4475 7
1894 3875 5
1895 4776 6
1895 3789 7
1895 3590 4
1895 2451 7
1896 4259 6
1896 1299 1
1896 560 1
1896 1228 2
1896 1745 9
1897 3616 6
1897 4861 1
1897 4631 1
1897 3453 8
1897 2507 9
1898 2022 5
1898 4679 7
1899 1040 6
1899 2152 1
1900 3098 5
1900 3159 1
1900 528 4
1901 1222 2
1901 3301 9
1902 1543 4
1902 23 3
1902 4370 10
1903 1420 4
1903 4642 5
1903 2308 4
1903 2981 3
1903 4585 1
1904 3560 2
1904 4890 8
1905 4962 7
1906 1726 1
1906 3855 4
1906 3394 3
1906 1092 8
1906 2504 3
1907 3289 3
1907 2954 4
1907 2254 2
1908 491 9
1909 1827 6
1910 3551 8
1910 4263 2
1911 3694 1
1911 3008 4
1911 4353 4
1911 808 10
1912 4998 6
1912 3415 1
1912 1571 1
1913 4221 7
1913 833 6
1913 2432 3
1913 4742 2
1914 980 9
1914 892 10
1914 1696 3
1914 1150 5
1914 4634 9
1915 3434 4
1915 3126 1
1915 1230 4
1916 1021 3
1916 4242 4
1916 3048 7
1916 1304 8
1917 4063 6
1917 2978 3
1918 2995 9
1918 2686 4
1918 1347 3
1918 4943 4
1919 3116 8
1919 300 7
1919 329 2
1919 4260 4
1919 1183 9
1920 3775 2
1920 3704 3
1920 3041 3
1920 3820 10
1920 2593 7
1921 742 10
1922 1402 6
1922 726 6
1922 3258 2
1923 1640 4
1923 4358 2
1923 136 5
1924 2259 3
1924 1324 2
1924 20 4
1924 3766 6
1924 4400 1
1925 3785 2
1926 1921 3
1927 1919 4
1927 241 8
1927 397 3
1927 2165 5
1928 2896 5
1928 3147 4
1929 4622 1
1930 4609 4
1930 1613 2
1930 740 4
1931 3163 7
1931 656 7
1931 2221 9
1932 4870 3
1932 4139 3
1932 3436 1
1932 1883 2
1932 4301 6
1933 2420 5
1933 4847 7
1933 3353 9
1934 4691 3
1934 3908 3
1934 1240 7
1934 1498 10
1935 3246 9
1935 1463 10
1935 50 9
1935 2216 4
1935 2779 1
1936 4218 2
1936 2088 10
1937 3460 8
1938 4442 1
1938 2289 6
1938 2895 7
1939 4229 1
1939 2119 7
1940 535 7
1940 3131 4
1941 648 2
1941 1683 1
1941 4384 2
1941 891 3
1941 1385 2
1942 378 1
1942 3006 3
1942 2660 7
1943 4050 2
1943 1810 6
1943 2838 1
1944 4421 2
1944 2958 4
1945 617 9
1946 2477 10
1947 1168 2
1948 4456 7
1949 1111 1
1949 2040 10
1949 1373 6
1949 4848 3
1949 4306 10
1950 3035 4
1950 4608 10
1950 2645 2
1950 2311 1
1951 2577 5
1951 2775 8
1951 4682 10
1951 4600 6
1952 3507 2
1952 3556 6
1953 2422 6
1953 3809 1
1953 604 3
1953 3732 5
1953 2799 5
1954 2316 1
1955 1683 2
1955 865 5
1955 3563 3
1956 1288 4
1956 2703 3
1956 4457 3
1956 2685 4
1957 4907 4
1957 3482 10
1957 763 6
1957 840 5
1957 2078 6
1958 4889 9
1958 1073 1
1958 2187 8
1958 1776 1
1959 283 10
1960 343 2
1961 1936 10
1961 4511 2
1961 3499 5
1961 4218 1
1962 1197 3
1962 766 2
1963 17 8
1964 1086 8
1964 2199 7
1965 4510 10
1965 344 8
1965 4255 4
1965 3983 10
1965 2064 4
1966 4457 6
1966 855 7
1966 2899 4
1967 2701 5
1967 2833 2
1967 4219 10
1967 3532 10
1967 3541 6
1968 4498 5
1968 1516 9
1968 2975 6
1968 2996 8
1968 1220 9
1969 1347 1
1969 983 6
1970 1761 7
1970 4926 6
1970 2692 3
1970 1026 9
1971 1393 8
1971 3485 1
1971 4961 8
1972 3347 8
1972 2090 4
1972 4598 2
1972 1117 7
1972 3566 4
1973 996 4
1974 443 1
1974 2643 3
1974 3236 4
1975 1383 8
1975 2220 7
1975 4298 7
1975 4211 1
1976 4713 1
1976 4821 8
1976 518 7
1976 3162 4
1977 1668 5
1977 2306 2
1977 564 8
1977 2497 1
1977 1614 8
1978 2899 9
1978 2173 6
1978 4457 7
1979 692 2
1979 2984 3
1979 3574 7
1979 3415 7
1979 3130 2
1980 4022 6
1980 4118 10
1980 4480 5
1981 2779 10
1981 4818 6
1981 3030 2
1982 3262 3
1982 2610 8
1982 4894 2
1983 1551 7
1983 2276 10
1983 3050 9
1984 496 6
1985 2617 6
1985 4152 7
1985 550 5
1985 1088 7
1985 396 10
1986 3473 10
1987 289 8
1987 34 6
1988 4460 8
1988 575 3
1988 3863 10
1988 3535 5
1988 3936 3
1989 2244 6
1990 4901 8
1990 2839 8
1990 4227 8
1991 1721 8
1991 4587 6
1991 1273 6
1992 3507 9
1993 4599 7
1993 4894 4
1993 4415 8
1994 2817 10
1994 1069 4
1995 4545 10
1995 4921 1
1995 184 6
1995 587 2
1996 1127 7
1996 2096 4
1997 3607 6
1998 2338 1
1998 3446 8
1998 4945 7
1999 948 10
1999 2533 10
1999 1987 1
1999 512 5
2000 1564 8
2000 4411 4
2001 307 10
2001 3416 5
2001 4994 6
2001 1813 1
2001 4175 7
2002 1410 3
2002 3551 9
2002 4018 9
2003 2476 3
2003 3300 10
2004 2645 4
2004 2311 7
2004 1788 8
2004 4432 1
2004 3035 8
2005 197 2
2005 217 4
2005 167 3
2005 834 5
2005 1046 9
2006 4999 9
2007 3280 2
2007 3196 2
2008 560 8
2008 4259 2
2009 2996 7
2010 4098 10
2010 940 7
2010 4985 1
2010 3245 7
2011 3064 8
2011 1065 4
2011 2687 9
2012 616 3
2012 2298 7
2012 4366 5
2012 3347 2
2012 4320 7
2013 4665 9
2013 3999 1
2013 3202 7
2013 470 8
2013 3414 3
2014 3065 7
2014 3945 8
2014 2945 5
2014 489 2
2015 2811 6
2015 3305 7
2016 736 1
2016 1039 3
2017 4754 10
2017 3171 4
2017 3802 3
2017 226 10
2018 4041 5
2019 2414 7
2020 3066 3
2021 3083 4
2021 1330 6
2021 278 3
2022 3297 6
2022 3226 1
2022 4573 1
2022 3853 3
2023 3444 2
2023 3918 9
2024 2372 3
2024 301 8
2025 1128 8
2025 4480 10
2026 277 2
2026 3056 9
2026 2306 5
2027 21 2
2027 4463 2
2028 2634 9
2028 1229 5
2028 1152 7
2029 2429 8
2029 3162 2
2029 2526 10
2029 4644 8
2029 2992 6
2030 2822 8
2030 1659 10
2030 2568 5
2031 1731 10
2032 1348 3
2032 4291 7
2032 3263 2
2032 1081 4
2033 4866 3
2033 3366 3
2034 798 1
2034 230 5
2034 3299 1
2034 2773 8
2034 940 3
2035 1324 6
2035 1137 9
2036 3103 9
2036 2868 1
2036 83 8
2036 4811 7
2036 995 8
2037 31 10
2037 4926 8
2038 271 6
2038 4140 5
2038 1742 8
2038 4651 6
2038 3234 2
2039 807 6
2040 4306 6
2040 1038 4
2040 809 9
2040 2204 1
2041 4712 10
2041 1126 3
2041 4081 2
2041 4472 3
2041 1863 5
2042 631 10
2043 2157 1
2043 230 10
2044 1804 10
2044 2365 4
2044 3631 10
2044 1830 4
2044 4416 7
2045 2448 9
2045 4428 10
2045 2518 2
2045 4373 10
2046 2201 10
2046 1252 5
2046 2564 7
2047 379 6
2048 155 5
2048 4285 5
2048 1418 1
2048 4182 10
2048 4680 7
2049 4302 2
2049 660 2
2049 2252 1
2050 2736 6
2050 4408 6
2051 4248 10
2051 3115 4
2051 2483 9
2051 1587 5
2051 4102 4
2052 2275 4
2052 2409 3
2052 4806 2
2053 4770 5
2053 2045 7
2053 2727 10
2054 2277 8
2055 4774 6
2055 3524 4
2055 1515 7
2056 1076 2
2057 1346 4
2057 2645 4
2057 2892 6
2057 4608 10
2058 3451 3
2058 4353 5
2058 428 7
2059 2557 1
2059 2106 4
2059 26 9
2059 2092 9
2059 2816 3
2060 2455 5
2061 834 7
2062 1151 8
2062 4189 7
2062 3408 6
2062 1998 2
2063 1712 3
2064 344 1
2064 3897 3
2064 1128 2
2064 4324 1
2065 3578 10
2065 3522 6
2065 1090 9
2065 2973 4
2066 1943 3
2066 1014 3
2066 515 8
2067 3281 8
2067 3752 2
2067 481 7
2067 2589 9
2067 2215 5
2068 692 2
2068 3170 10
2069 4117 7
2069 691 3
2069 807 3
2070 528 9
2070 2045 2
2070 1879 9
2071 615 3
2071 2029 5
2071 4644 10
2071 3162 8
2072 1286 5
2073 3041 4
2074 2798 4
2074 4896 3
2074 2195 9
2074 4633 9
2074 3120 2
2075 742 8
2076 2938 8
2076 4975 4
2077 1585 3
2077 3679 3
2077 2383 6
2077 2477 1
2077 1783 6
2078 2973 5
2078 1646 8
2079 2457 7
2079 4087 3
2079 3231 6
2079 3805 4
2079 716 8
2080 1037 10
2080 546 1
2080 2342 1
2081 859 9
2081 3106 1
2081 4546 3
2082 1416 8
2082 3499 4
2082 3903 1
2082 3351 2
2083 2324 8
2083 1687 1
2083 4788 7
2084 870 2
2084 3824 2
2084 1742 9
2085 20 3
2085 234 1
2086 2854 10
2086 373 10
2087 2337 6
2087 1132 9
2088 1695 9
2089 4985 3
2089 4098 6
2090 4015 5
2090 1286 10
2091 4075 9
2092 2778 5
2092 2742 1
2093 832 10
2093 4735 4
2093 3199 5
2093 2690 6
2093 3736 4
2094 3854 10
2094 4112 7
2095 4172 4
2095 4778 1
2095 50 9
2096 2167 3
2096 589 3
2096 4600 5
2096 2406 6
2096 3391 4
2097 4602 9
2097 290 9
2097 4103 6
2097 4895 2
2098 627 10
2099 3328 7
2100 2034 7
2101 3698 6
2102 1660 2
2103 3338 2
2103 1699 9
2104 3611 9
2104 2279 6
2104 2162 7
2105 1993 3
2105 2322 6
2106 3521 8
2106 437 2
2107 4705 6
2107 2301 8
2107 2785 1
2107 2547 4
2108 2236 8
2108 2443 10
2109 410 9
2109 3382 8
2110 4292 3
2110 2425 7
2111 4723 7
2111 936 2
2112 2565 4
2112 1795 1
2113 2333 1
2114 476 6
2114 4730 9
2115 2841 1
2115 2378 9
2115 4314 10
2115 2395 5
2115 4782 6
2116 4727 6
2116 3863 6
2116 3936 9
2116 905 10
2117 4718 6
2117 4050 1
2117 3105 7
2117 3593 5
2117 2838 1
2118 665 8
2119 3189 4
2119 3860 5
2119 1459 7
2119 1829 8
2120 4813 9
2120 303 1
2121 1709 10
2121 3631 7
2121 2588 8
2121 1830 8
2121 4609 9
2122 658 5
2123 4337 4
2123 3891 8
2124 3635 7
2124 390 7
2124 4314 5
2125 4918 5
2125 809 5
2125 2424 1
2126 4917 5
2126 2087 10
2127 1588 2
2127 4581 8
2127 2335 9
2127 2702 7
2128 1511 2
2128 1197 5
2129 277 2
2129 3080 1
2129 525 8
2129 4052 9
2129 285 1
2130 213 6
2130 4896 2
2130 2086 6
2131 821 10
2131 3985 4
2131 4414 3
2131 4869 9
2131 3323 9
2132 4152 3
2132 2012 6
2132 1751 2
2132 1157 6
2132 3599 9
2133 4045 9
2133 3331 10
2133 2823 1
2134 710 5
2134 432 9
2134 4123 5
2135 1613 4
2135 2325 10
2135 4338 3
2136 2770 9
2137 4931 2
2137 3831 4
2138 1592 3
2138 3520 10
2138 3284 9
2138 349 3
2139 496 6
2139 3496 5
2139 4624 8
2139 3407 4
2140 3783 1
2140 669 2
2140 342 1
2140 4673 5
2141 2316 4
2142 2251 2
2142 4718 9
2142 1506 2
2142 77 9
2142 4803 4
2143 4508 3
2143 4182 6
2143 1757 4
2143 2977 8
2144 1917 1
2144 2425 9
2144 4095 9
2145 4380 1
2145 4444 5
2145 3136 5
2146 4832 5
2146 2605 9
2146 4663 7
2146 4037 1
2147 1643 4
2147 4905 9
2147 4693 3
2147 2021 1
2147 3531 7
2148 2040 5
2148 3839 3
2149 2168 10
2149 2839 1
2149 3362 1
2150 1211 7
2150 2625 5
2150 3995 7
2150 3289 9
2151 3505 4
2151 1531 10
2151 406 8
2151 4144 7
2152 4281 6
2153 3301 1
2153 757 8
2153 1558 4
2154 1471 5
2155 4457 8
2155 978 4
2156 1077 2
2156 2360 9
2157 4570 1
2158 4939 10
2158 2358 3
2158 2525 3
2159 680 8
2159 470 1
2159 2466 6
2159 1657 5
2160 1965 1
2160 4143 5
2161 3192 8
2161 163 4
2161 4283 6
2161 2225 5
2161 723 6
2162 1742 6
2162 4667 5
2162 3785 3
2162 1925 3
2162 2896 8
2163 3752 5
2163 1239 1
2164 4967 6
2165 1761 9
2165 1254 2
2165 3163 10
2165 2416 6
2166 4021 10
2166 1500 8
2166 3271 3
2166 4914 2
2166 2188 8
2167 4591 8
2167 3558 3
2167 75 7
2167 3044 9
2167 3043 1
2168 2314 1
2168 1240 6
2169 715 10
2169 4511 6
2170 4218 9
2170 2475 3
2170 4216 3
2170 4244 10
2171 3668 8
2171 3535 7
2171 823 9
2171 3822 8
2171 1113 6
2172 2421 1
2172 1452 8
2172 2197 3
2172 1490 8
2172 680 3
2173 1032 7
2174 4174 4
2174 2214 1
2174 3241 6
2174 2421 3
2174 1657 6
2175 3467 10
2176 716 7
2176 3832 4
2176 151 2
2177 1046 1
2177 4046 8
2177 1255 8
2178 3937 3
2178 2230 9
2178 3311 5
2179 596 9
2179 2472 3
2180 4829 7
2180 3082 10
2180 4789 2
2180 945 9
2181 1240 2
2181 1551 3
2181 4371 7
2181 519 1
2182 1100 5
2183 3166 1
2184 3741 1
2184 385 2
2184 3366 5
2184 3092 5
2184 1932 8
2185 1590 1
2185 4431 9
2185 2741 2
2186 163 7
2186 1421 9
2186 2225 3
2186 4469 7
2187 4889 3
2187 4989 9
2187 597 2
2187 1165 4
2187 240 1
2188 4726 7
2188 4362 2
2188 3026 6
2188 752 1
2189 1620 5
2189 2813 6
2189 4244 8
2189 4511 2
2190 886 4
2190 2298 3
2190 4984 8
2191 4992 6
2192 678 5
2193 1277 2
2194 3029 1
2194 1830 3
2194 3287 6
2195 1758 5
2195 508 9
2195 3753 9
2195 2390 4
2195 3536 7
2196 4406 2
2196 3415 4
2196 4509 7
2197 4742 9
2197 914 9
2197 3777 4
2198 2096 1
2198 2316 10
2198 4555 7
2199 1021 7
2199 4688 5
2199 2141 1
2199 484 4
2200 4874 5
2200 1900 2
2201 4550 5
2201 12 1
2201 4487 8
2202 4221 5
2202 2813 2
2202 3706 6
2202 425 10
2203 431 3
2203 1596 6
2203 1504 2
2203 3356 9
2203 602 2
2204 3964 7
2204 2560 8
2204 3104 8
2205 181 10
2206 2924 1
2207 3126 4
2208 2939 1
2209 2463 2
2209 3684 4
2210 619 8
2211 1019 4
2211 404 9
2212 3904 4
2212 4792 5
2212 880 6
2212 2448 1
2212 1748 10
2213 1073 3
2213 4904 2
2213 1776 4
2214 4244 4
2214 2697 1
2214 1913 8
2214 3499 3
2215 4622 5
2215 3454 7
2215 4639 10
2216 2787 2
2216 4495 3
2216 3691 6
2216 4899 2
2217 726 1
2217 377 4
2218 878 3
2218 3551 1
2218 4954 8
2218 4537 2
2219 250 1
2220 4211 5
2220 4343 4
2220 4784 6
2220 1383 4
2221 827 5
2221 2491 9
2221 366 6
2222 1756 4
2222 4961 1
2222 2609 6
2222 3909 8
2223 2909 8
2223 4988 8
2223 4789 4
2223 4073 9
2223 478 6
2224 4890 6
2224 339 3
2224 3535 5
2225 4415 10
2225 359 9
2226 2448 6
2226 1647 10
2226 1140 1
2226 2080 1
2226 4515 7
2227 3033 5
2227 1201 5
2228 614 1
2228 1731 3
2228 3451 7
2228 2058 5
2228 3694 6
2229 2260 1
2229 2868 1
2230 4354 8
2231 4330 7
2231 4049 7
2232 2019 1
2233 3526 9
2234 2865 3
2234 4473 6
2234 4786 3
2235 4964 4
2236 726 3
2236 898 3
2236 320 4
2237 441 3
2237 2761 8
2237 2113 6
2237 1249 3
2237 3624 9
2238 561 6
2238 2463 6
2238 4542 6
2238 1457 3
2239 2814 9
2239 1474 6
2239 3295 9
2239 441 8
2239 4090 10
2240 3217 10
2240 1177 5
2240 1683 6
2240 3364 7
2241 3579 4
2241 4991 3
2242 2864 3
2242 1801 8
2242 1274 2
2242 454 9
2243 2167 1
2243 4929 2
2243 3604 9
2243 1659 1
2244 1109 5
2244 3854 3
2245 2450 3
2245 1077 2
2245 4085 1
2245 1465 4
2245 2438 9
2246 4097 5
2247 2098 9
2247 651 5
2247 366 2
2247 4043 4
2248 4208 9
2248 847 7
2248 1034 6
2248 4411 10
2249 815 4
2250 591 3
2251 3401 1
2251 2838 8
2252 4085 8
2252 3477 10
2252 3720 10
2253 4276 8
2253 4889 10
2253 1644 1
2254 1521 7
2254 1708 3
2254 2526 8
2254 1823 9
2255 2448 9
2255 4373 4
2255 2518 5
2255 4294 4
2256 4027 4
2257 1081 2
2257 4348 1
2257 3369 8
2257 4654 3
2257 1410 8
2258 4801 5
2258 2372 1
2258 3950 3
2258 4007 4
2259 1127 8
2259 4078 9
2259 229 6
2259 773 4
2260 4389 9
2261 2648 5
2261 2475 2
2262 4827 2
2262 171 10
2262 4215 4
2263 3898 6
2264 1961 6
2265 2995 10
2265 4141 7
2265 2287 2
2265 2949 3
2266 1150 6
2266 821 2
2266 1068 10
2267 4757 8
2267 4091 4
2268 2929 6
2268 1276 10
2268 1538 9
2269 1395 7
2269 1015 5
2269 1062 8
2269 4865 9
2269 2871 3
2270 3903 7
2270 1940 6
2270 3548 3
2271 4560 5
2271 2669 1
2271 649 3
2271 366 7
2272 4542 1
2272 1457 10
2272 433 4
2272 3311 4
2273 1629 3
2273 2013 2
2274 1260 4
2274 4575 2
2274 1806 8
2274 3037 7
2275 765 3
2275 4500 7
2275 4180 10
2275 1541 3
2276 776 10
2276 3011 4
2276 1240 2
2276 2351 10
2276 1902 2
2277 3738 1
2277 784 6
2277 230 10
2277 2966 3
2278 4003 4
2278 901 2
2278 2960 1
2278 4821 10
2279 3824 3
2279 108 10
2279 3147 9
2279 1928 1
2279 2896 8
2280 2225 8
2281 4018 2
2281 4709 2
2281 3263 9
2282 1783 3
2282 348 9
2283 2897 7
2283 4219 7
2283 4336 5
2284 726 9
2284 931 1
2284 1402 2
2284 4936 3
2284 3258 5
2285 920 2
2285 769 7
2285 1676 3
2286 4946 2
2286 517 3
2287 2318 7
2287 2686 3
2287 2961 1
2287 4106 6
2288 2795 3
2288 673 4
2289 1966 4
2289 4567 1
2289 332 7
2289 4723 9
2290 2182 10
2290 2419 10
2290 1100 4
2290 3044 10
2290 562 6
2291 499 2
2291 2079 3
2291 1598 5
2292 1599 5
2292 1292 5
2292 2127 7
2292 2554 3
2293 1170 6
2293 2003 2
2293 567 10
2293 466 9
2294 3130 3
2294 467 1
2294 2651 4
2294 4731 7
2294 333 7
2295 4426 6
2295 3175 4
2296 4158 5
2296 4149 10
2297 3026 8
2298 2762 8
2299 4361 3
2299 3034 5
2299 2485 5
2300 1673 5
2301 3800 8
2301 4705 9
2301 3698 7
2302 4514 10
2302 2680 7
2302 1040 3
2302 211 3
2302 1164 2
2303 2770 5
2303 9 7
2304 4840 9
2304 4583 1
2304 2572 3
2304 3509 9
2305 3381 6
2305 4415 2
2305 1181 3
2305 2940 6
2305 38 3
2306 3969 2
2306 3795 8
2307 592 7
2307 3526 5
2307 3799 10
2308 2207 7
2308 4168 10
2308 4774 2
2308 4186 2
2309 2076 6
2309 2259 10
2309 4929 9
2309 839 5
2310 265 5
2310 4744 6
2311 963 10
2311 2430 7
2312 3831 4
2312 355 10
2313 1955 10
2313 1372 1
2313 3017 5
2314 3011 2
2315 2435 5
2316 4760 1
2316 3450 7
2316 3267 5
2317 2967 6
2317 973 10
2318 248 5
2318 3708 2
2319 3403 3
2319 527 3
2319 2474 5
2319 1988 3
2319 2116 9
2320 3982 9
2320 173 1
2320 3066 3
2320 2037 2
2321 553 2
2321 4992 5
2321 966 7
2321 956 2
2322 4105 7
2322 3888 4
2323 2804 2
2323 2127 4
2323 2335 5
2323 4811 5
2324 1694 10
2324 965 10
2325 1589 2
2326 266 2
2326 4861 6
2327 1795 3
2328 1703 4
2329 2994 9
2329 230 8
2330 2869 8
2330 1862 3
2331 1390 6
2331 55 10
2331 2820 7
2331 3338 10
2332 2251 10
2332 2117 9
2332 4736 9
2332 2838 9
2332 4614 6
2333 1299 6
2333 441 2
2334 4520 1
2334 783 8
2334 4490 10
2335 1039 5
2335 4712 7
2335 3948 2
2335 1278 2
2335 2676 8
2336 4169 7
2336 4457 10
2336 2201 10
2336 861 6
2336 4550 9
2337 1793 2
2337 1073 8
2337 4219 8
2337 2470 1
2338 591 10
2338 399 7
2339 983 2
2339 4930 3
2339 1221 9
2339 924 3
2340 2430 10
2340 2645 9
2340 4608 9
2340 4118 1
2340 4183 7
2341 3423 9
2341 1568 3
2341 1982 4
2342 1647 7
2343 117 6
2343 266 6
2343 3677 6
2344 3475 5
2344 4634 2
2344 2631 6
2344 886 9
2345 31 8
2345 422 5
2346 739 9
2346 2459 3
2346 3880 8
2347 1998 9
2347 1741 8
2347 3551 1
2348 2464 2
2348 4960 7
2349 3924 5
2349 3133 10
2349 3467 4
2349 806 6
2349 4867 5
2350 1797 4
2350 1267 8
2350 1697 7
2351 4598 6
2351 1751 2
2351 4822 2
2352 1677 10
2352 3617 7
2353 1420 4
2353 4067 8
2354 229 6
2354 1722 5
2354 86 5
2354 4975 10
2355 754 5
2355 3018 1
2356 2316 1
2356 398 6
2357 1471 4
2357 1010 9
2357 823 9
2358 3970 1
2358 4159 1
2359 4464 5
2359 2139 1
2359 928 7
2359 1861 3
2359 3496 1
2360 953 10
2360 2413 2
2360 3982 8
2360 2438 1
2360 843 2
2361 4680 3
2361 4692 1
2361 2130 4
2361 4633 6
2361 2195 2
2362 762 3
2362 1372 5
2362 4209 5
2362 3839 4
2363 3769 3
2363 4110 9
2363 424 6
2363 436 6
2364 450 9
2364 2881 6
2365 3072 7
2365 3576 6
2365 3571 4
2365 1805 1
2366 2689 5
2366 1899 2
2366 1861 3
2367 2491 6
2367 1254 6
2367 1761 3
2368 3562 3
2368 4134 7
2368 612 9
2368 4900 6
2368 473 7
2369 1710 10
2369 4565 6
2369 339 6
2370 3407 2
2370 2689 6
2370 574 3
2371 4914 10
2371 1540 3
2372 938 9
2372 3619 7
2373 4604 1
2373 2418 7
2373 4875 10
2373 220 2
2373 4959 2
2374 4611 1
2375 201 4
2375 4344 10
2375 2659 1
2375 4298 10
2375 4810 8
2376 221 8
2376 4376 2
2376 4958 4
2377 2718 5
2377 1549 1
2377 3165 5
2377 2217 3
2378 1040 3
2379 4273 8
2379 908 4
2379 3166 2
2379 2903 3
2380 4783 2
2380 3251 9
2380 1036 7
2380 384 7
2380 3170 6
2381 2311 10
2381 456 2
2381 1080 5
2381 2892 7
2381 2340 6
2382 2524 2
2382 3400 7
2383 1946 9
2383 3996 3
2383 689 5
2384 2687 4
2384 3733 9
2384 334 3
2385 2475 7
2386 4013 10
2386 1294 9
2386 1758 2
2387 3909 7
2387 4260 2
2387 4043 9
2387 627 4
2387 39 8
2388 2596 5
2388 3069 4
2388 311 10
2388 2825 2
2388 3468 8
2389 3467 8
2389 1407 8
2389 3547 9
2389 2175 10
2390 3762 2
2390 1321 4
2390 3659 8
2391 2379 9
2391 1081 2
2392 1240 1
2392 1364 5
2393 2507 6
2393 4457 6
2393 4123 6
2393 1405 6
2394 2301 7
2395 4049 10
2395 1981 9
2395 1777 6
2396 3058 3
2396 2879 5
2397 3805 1
2397 4875 8
2398 4230 6
2398 822 8
2398 3072 4
2398 1768 8
2398 1830 7
2399 2243 9
2399 4750 7
2399 1112 8
2400 4232 2
2400 470 4
2400 2174 6
2400 4606 10
2401 192 7
2401 4128 7
2401 3109 7
2401 3252 9
2401 1870 5
2402 2695 4
2402 884 8
2402 97 5
2402 3260 2
2403 2243 10
2403 589 6
2404 2046 1
2404 3851 6
2404 1902 4
2404 4187 7
2405 1565 10
2406 2822 10
2406 1721 7
2406 3391 3
2406 2577 7
2407 1856 9
2407 3120 4
2407 2456 10
2407 2854 5
2407 508 10
2408 1065 5
2408 3808 9
2408 4117 10
2408 958 8
2408 612 10
2409 1541 2
2409 325 9
2409 4180 9
2410 2389 9
2410 1574 8
2410 409 6
2411 1689 10
2411 1982 4
2411 3844 8
2411 4351 9
2411 3042 3
2412 3727 8
2412 4675 8
2412 2100 8
2413 4702 8
2413 649 5
2413 4260 5
2414 376 2
2415 4581 4
2415 1061 7
2415 4255 7
2415 3239 2
2415 4510 10
2416 2970 9
2416 39 5
2417 1237 4
2417 3052 9
2418 862 10
2418 3811 2
2419 1301 5
2420 1220 7
2420 2858 9
2421 2274 1
2421 3499 2
2421 3449 6
2421 3037 7
2421 4008 4
2422 3544 4
2422 3994 5
2423 4947 4
2423 3593 2
2423 3569 2
2423 3568 4
2423 4821 2
2424 1398 9
2425 2243 1
2425 1366 3
2425 1112 3
2426 2405 4
2427 4742 6
2427 949 6
2427 1135 9
2427 568 4
2428 2536 9
2428 2220 3
2428 2611 10
2428 2575 7
2428 3149 6
2429 2596 5
2429 3789 6
2429 2428 1
2430 1420 6
2430 1516 4
2430 197 8
2430 1820 8
2430 4046 10
2431 4413 6
2431 2488 6
2431 3194 10
2431 2880 4
2431 1006 1
2432 4887 9
2432 4221 2
2433 3097 3
2434 2930 4
2434 4819 10
2434 4721 4
2435 622 9
2435 4703 10
2436 4224 6
2437 3838 8
2438 2582 7
2438 1970 2
2439 915 4
2439 2197 1
2439 2697 9
2439 3202 9
2439 4039 7
2440 3291 3
2440 617 9
2440 1581 5
2440 2789 1
2441 1149 2
2442 834 5
2442 4937 4
2442 4118 8
2442 2932 8
2443 4744 10
2443 1661 4
2443 3 5
2443 1113 2
2443 3730 1
2444 3094 6
2444 4212 1
2444 2816 6
2445 1828 4
2445 4623 7
2445 3014 4
2446 546 10
2446 3098 3
2446 1647 3
2446 4767 7
2446 3904 10
2447 3507 8
2447 4677 6
2447 3239 4
2448 4770 4
2448 547 9
2448 4373 2
2449 5 1
2449 3253 5
2449 183 3
2450 2221 6
2450 3982 9
2451 2928 9
2451 2428 8
2451 4298 7
2451 4343 10
2451 4331 2
2452 3968 1
2452 2717 10
2452 2221 8
2452 2345 8
2453 2211 4
2453 1278 3
2454 4154 4
2454 1835 6
2454 3453 7
2454 3293 8
2454 2657 9
2455 2012 3
2455 3362 5
2455 180 6
2455 782 3
2456 4896 6
2456 373 5
2456 4262 2
2456 508 6
2457 2195 8
2457 4724 4
2458 4660 9
2458 4862 2
2458 4876 10
2459 4666 7
2460 3657 7
2460 599 6
2460 304 2
2460 4407 10
2460 2933 7
2461 876 5
2461 4035 7
2462 4438 10
2462 4833 5
2462 4575 4
2462 2082 2
2462 1476 7
2463 2117 10
2463 1681 6
2463 4215 1
2463 1557 5
2463 515 9
2464 3775 8
2464 1342 1
2464 4894 5
2464 2073 2
2464 2105 9
2465 1764 7
2465 2636 9
2465 1293 5
2466 2214 9
2467 1904 1
2467 787 7
2467 3306 3
2467 199 6
2468 3455 2
2468 206 1
2468 4700 8
2468 3966 10
2469 4885 3
2470 3425 1
2470 698 10
2470 4976 1
2470 4707 9
2471 2540 2
2471 4678 3
2471 2997 10
2471 2881 3
2472 2229 7
2472 3043 5
2472 1273 9
2472 2788 3
2472 4060 3
2473 4929 10
2473 4291 8
2473 706 3
2473 4251 10
2474 3403 9
2474 3936 1
2474 2658 10
2474 2116 5
2474 4460 6
2475 847 2
2475 3203 5
2475 1027 6
2475 3633 1
2476 4125 4
2476 752 2
2477 4227 4
2477 1198 10
2478 808 1
2478 1254 7
2479 117 5
2479 1966 9
2479 2763 9
2479 855 8
2479 3214 6
2480 4858 4
2480 2171 6
2480 2910 9
2481 3544 10
2481 1164 10
2481 3151 2
2482 1994 8
2483 4440 6
2483 3109 4
2483 3873 6
2483 4659 2
2483 4128 7
2484 1001 1
2485 4197 10
2486 716 6
2486 4639 4
2486 3240 9
2487 3767 9
2488 4289 5
2488 3452 8
2488 4655 7
2489 4891 8
2489 2930 9
2489 3910 10
2489 1467 6
2490 4190 3
2490 4660 10
2490 4216 6
2491 1026 2
2492 4022 2
2492 3035 10
2493 786 3
2493 3338 10
2493 1054 5
2494 2418 4
2494 3762 2
2495 940 3
2495 4235 9
2496 2475 8
2496 3819 7
2497 900 3
2497 699 3
2497 261 1
2497 3473 5
2497 1169 5
2498 2441 5
2498 2130 1
2498 793 8
2499 3877 8
2499 3695 10
2499 4323 3
2499 1085 10
2500 4612 8
2500 4087 7
2500 481 9
2500 766 6
2501 1289 3
2501 1838 3
2502 1443 2
2502 3827 3
2502 3483 1
2502 2414 4
2502 818 1
2503 407 10
2504 1932 10
2504 3640 5
2505 1848 6
2505 2372 2
2505 2258 6
2506 2180 5
2506 3708 1
2507 266 5
2507 4528 1
2507 4861 6
2508 4105 6
2508 4415 9
2508 3423 6
2509 424 4
2509 2363 7
2510 3317 9
2510 3915 7
2510 1791 3
2511 594 3
2511 4598 4
2512 4537 5
2512 1348 9
2512 4279 8
2512 2032 4
2512 3263 10
2513 472 8
2514 2040 7
2514 3087 6
2515 4690 10
2515 726 3
2515 905 6
2515 2116 5
2515 3334 4
2516 4558 4
2516 3969 6
2516 3181 3
2516 3970 8
2517 2454 5
2517 4788 7
2518 375 3
2518 195 6
2518 159 9
2519 3576 1
2519 4524 10
2519 3830 1
2520 2587 2
2520 1980 3
2521 3192 3
2521 3430 7
2521 3645 9
2521 723 8
2522 4124 6
2522 1266 1
2522 3343 5
2522 4030 4
2522 3539 9
2523 509 3
2523 3898 3
2523 1374 7
2523 3148 8
2523 4889 10
2524 1431 7
2524 1231 8
2524 2535 6
2524 878 4
2525 1848 10
2525 4007 7
2525 4158 3
2525 828 2
2525 3740 5
2526 3040 7
2527 3530 5
2527 3260 6
2527 4496 3
2527 648 9
2527 4325 3
2528 4445 7
2528 3333 2
2528 3390 10
2529 1252 7
2530 4832 9
2530 1898 2
2530 3226 10
2530 3627 7
2531 4791 2
2531 839 8
2531 1882 3
2531 3450 10
2531 2746 1
2532 2594 4
2532 2312 1
2532 3111 6
2532 3529 1
2533 1055 1
2534 1599 7
2534 2352 9
2534 4677 2
2535 3344 7
2535 3274 3
2535 1173 5
2535 4796 7
2535 68 7
2536 4331 7
2536 3149 9
2536 201 6
2536 4344 2
2537 4834 6
2537 1263 4
2537 1623 10
2537 894 9
2537 3304 7
2538 1410 2
2538 2542 6
2538 2281 3
2538 2032 6
2538 228 4
2539 1472 8
2539 3893 7
2539 2091 1
2539 1433 4
2539 1925 1
2540 1385 1
2540 3913 4
2540 2204 10
2540 3678 8
2541 1687 10
2541 2312 5
2541 3529 2
2541 3540 8
2542 4155 6
2542 1964 3
2543 3100 4
2544 3014 9
2545 2580 6
2545 3691 7
2545 4093 3
2546 3885 10
2547 4770 6
2548 230 3
2548 2417 7
2548 845 9
2548 2710 2
2549 2857 1
2550 3466 1
2550 1644 7
2550 418 4
2550 1622 8
2550 140 4
2551 1620 1
2552 2270 7
2552 3695 6
2552 4742 2
2552 2063 4
2553 1595 10
2553 586 7
2554 2815 6
2554 2587 6
2554 2420 4
2554 2211 10
2555 3743 3
2555 28 8
2556 3512 7
2556 130 8
2556 4706 4
2556 1067 5
2557 4988 2
2557 2106 9
2557 4789 4
2557 3160 6
2557 1395 2
2558 271 5
2558 3516 9
2558 329 8
2558 964 5
2559 1305 1
2559 2189 1
2559 895 5
2559 2427 7
2560 4144 8
2560 1124 9
2560 254 4
2561 3783 2
2561 3073 9
2561 637 1
2561 3439 1
2561 4740 10
2562 2796 7
2562 2239 2
2563 1654 1
2563 1321 2
2563 3120 6
2563 4253 5
2563 4026 1
2564 2678 1
2564 3506 3
2565 2272 1
2565 1705 10
2565 4740 9
2565 4867 2
2566 2287 1
2566 2949 10
2567 4946 2
2567 2200 8
2567 3141 6
2568 2768 7
2568 4587 8
2568 95 7
2569 1754 10
2570 275 5
2570 3251 4
2570 4347 3
2570 1442 5
2571 775 10
2571 1165 6
2571 509 10
2571 1374 9
2571 296 9
2572 3509 2
2572 4404 9
2572 4522 4
2572 4137 4
2572 1643 3
2573 3221 5
2573 4888 8
2573 880 1
2573 2662 7
2573 867 9
2574 4900 1
2574 2550 10
2575 4571 8
2575 1142 5
2575 279 1
2575 3199 4
2576 4837 9
2576 1234 6
2576 4876 8
2576 3543 7
2576 1261 7
2577 3391 3
2577 3250 7
2577 1396 4
2577 2472 10
2577 3101 8
2578 245 9
2578 2223 8
2578 1775 8
2579 4748 6
2579 4878 10
2579 4272 7
2579 1727 4
2580 1832 4
2580 2569 10
2580 2626 10
2580 2955 10
2581 409 2
2581 99 10
2581 391 1
2582 1469 3
2582 1107 8
2582 366 3
2582 3658 8
2583 4398 8
2583 3127 4
2583 2880 4
2583 18 10
2584 2481 3
2584 4514 3
2584 2139 6
2584 2725 9
2584 3342 1
2585 811 1
2585 1415 5
2586 4420 8
2586 2011 1
2586 2523 10
2586 2137 1
2586 59 9
2587 4642 2
2588 3928 1
2588 3631 1
2588 4524 10
2588 2365 9
2588 565 10
2589 3184 8
2589 4959 7
2589 3231 4
2589 4434 2
2590 2291 7
2590 3813 9
2590 508 3
2590 4191 2
2591 1416 2
2591 2385 10
2591 636 3
2591 4563 5
2592 512 4
2592 727 6
2592 3185 3
2592 4607 5
2592 1069 2
2593 3820 7
2593 3041 5
2593 2122 4
2593 3183 1
2594 3692 8
2594 2677 6
2594 4286 9
2594 2687 2
2594 4788 5
2595 2811 8
2595 540 1
2596 4880 3
2597 3773 7
2597 4139 6
2598 1529 4
2598 3517 6
2598 1500 5
2598 3338 2
2599 4977 8
2599 498 1
2599 2642 4
2599 2330 6
2599 3096 8
2600 3768 2
2600 1152 7
2600 2321 3
2600 3946 9
2600 3807 4
2601 2530 10
2601 1800 6
2601 2917 7
2601 5 8
2602 4421 3
2602 255 5
2603 450 7
2603 2540 4
2603 1338 5
2603 1798 6
2603 402 9
2604 3043 8
2604 4587 5
2605 1676 6
2605 2285 2
2605 4826 4
2606 1470 9
2606 2225 8
2606 1982 9
2606 3865 10
2606 4283 8
2607 1860 5
2607 4044 10
2607 3205 4
2607 1071 7
2607 17 4
2608 4673 6
2608 3597 10
2608 230 9
2608 2043 8
2609 2091 1
2609 3163 4
2609 39 9
2609 3861 7
2609 1018 6
2610 2730 6
2610 2593 8
2611 2375 3
2611 4053 2
2611 2928 1
2611 4343 10
2612 4648 2
2613 4990 3
2614 4223 3
2615 2130 8
2615 1484 10
2615 4724 9
2615 1758 5
2616 1978 5
2616 4528 1
2617 1751 6
2618 165 4
2618 4387 10
2618 3487 7
2618 559 1
2619 861 9
2620 4671 3
2620 3047 10
2621 2167 6
2621 1678 4
2621 135 7
2621 1414 5
2621 3250 1
2622 4737 1
2622 136 1
2623 2419 4
2623 3983 4
2623 3525 3
2623 2912 6
2623 1965 7
2624 3993 9
2624 4591 5
2624 3654 4
2625 4584 2
2625 502 2
2625 2536 5
2625 8 9
2626 2854 7
2627 3699 3
2628 1972 3
2628 4027 5
2629 3301 5
2629 740 7
2629 630 7
2629 1709 7
2629 2121 4
2630 3218 3
2630 2616 1
2631 1983 7
2631 4615 10
2631 3347 9
2632 1836 2
2633 775 2
2633 3859 9
2634 3927 9
2634 3482 4
2634 2973 9
2634 956 1
2634 1090 3
2635 4485 4
2635 4644 8
2635 3162 4
2636 1034 8
2636 3966 10
2637 737 10
2637 956 1
2637 3578 6
2637 3627 3
2637 3946 5
2638 4940 2
2638 665 8
2638 4308 6
2638 1307 5
2638 3097 10
2639 901 9
2639 77 9
2639 1718 4
2640 4200 8
2640 2146 10
2640 3776 6
2640 4024 9
2640 4037 6
2641 4944 5
2642 1862 6
2642 3300 1
2643 306 6
2644 4448 4
2644 1544 3
2644 1072 10
2644 2627 9
2644 99 5
2645 4067 5
2646 953 10
2646 842 7
2646 129 4
2647 2459 7
2648 3754 3
2648 2475 9
2648 1695 3
2649 697 5
2649 3773 5
2649 3092 5
2649 2846 5
2649 4282 4
2650 756 10
2650 154 9
2650 267 8
2651 3415 5
2652 658 1
2653 3205 7
2654 2118 5
2654 2927 6
2654 2433 2
2654 3657 7
2655 1712 3
2655 915 9
2656 1443 5
2656 703 7
2656 3608 7
2656 3010 8
2656 2277 5
2657 984 7
2657 3607 10
2657 3831 4
2657 700 5
2657 1065 6
2658 3936 4
2658 4088 10
2658 3260 5
2658 2681 2
2659 4880 2
2659 101 6
2660 170 5
2660 3317 8
2660 1124 8
2660 4306 9
2661 4479 7
2661 4906 1
2661 436 5
2661 3354 10
2661 3165 7
2662 1016 1
2662 547 4
2662 1787 9
2662 3929 10
2663 4862 5
2663 4433 6
2663 999 1
2663 1027 5
2664 4924 1
2664 2123 5
2665 2377 7
2665 4171 4
2665 4906 8
2665 1549 4
2666 1864 2
2666 3342 10
2666 4595 10
2667 1749 6
2668 3721 1
2668 4049 5
2668 3641 5
2668 3660 9
2669 407 9
2669 1727 8
2669 1569 2
2670 486 8
2671 3492 7
2671 2299 7
2671 4960 6
2672 726 10
2672 4028 3
2672 2171 1
2673 3004 2
2673 3366 8
2673 4282 4
2674 1235 2
2674 3572 5
2674 1033 6
2675 4340 7
2675 3730 6
2675 2224 9
2675 890 3
2675 3822 2
2676 3239 6
2676 4581 9
2677 2905 8
2677 3592 1
2677 3111 3
2677 1065 3
2678 1579 10
2678 4457 9
2678 4830 5
2679 2205 10
2679 4683 1
2679 1448 8
2679 3324 8
2680 1670 2
2680 1861 4
2680 4624 3
2680 819 7
2680 3058 8
2681 2527 7
2681 2910 7
2681 961 3
2682 4885 5
2682 3125 9
2682 1207 1
2683 512 2
2683 4085 4
2684 3209 4
2684 4927 7
2684 3266 8
2684 2514 3
2684 809 6
2685 710 10
2685 4123 2
2685 1997 10
2685 3510 7
2686 350 1
2686 3757 3
2686 4132 2
2687 2826 1
2687 3148 8
2688 246 9
2688 1998 1
2688 2062 1
2689 4307 9
2689 4228 7
2690 4475 2
2690 832 6
2690 3875 5
2690 4403 2
2691 2941 6
2691 1279 3
2691 2844 7
2691 4689 4
2691 32 6
2692 2988 10
2692 1050 10
2692 2038 2
2692 1183 10
2692 61 5
2693 4989 3
2693 2087 2
2693 418 6
2694 3820 6
2694 1940 4
2695 4927 10
2695 3518 7
2695 2886 4
2696 2531 4
2697 751 5
2697 1779 4
2697 726 2
2697 1293 1
2697 4340 10
2698 2177 5
2698 570 3
2698 1420 8
2699 3917 10
2700 891 7
2700 1277 5
2700 1189 5
2701 2707 4
2701 4234 1
2702 1278 6
2702 513 4
2702 1061 3
2702 3239 10
2703 4788 8
2704 249 1
2704 819 7
2704 368 2
2705 1877 4
2705 2683 4
2705 2719 6
2705 3968 8
2706 1888 9
2707 4058 3
2707 3333 3
2708 1333 5
2708 3136 3
2708 3175 10
2708 1571 4
2709 1149 6
2709 3871 3
2709 4166 6
2709 4785 4
2710 2862 3
2710 784 9
2710 1623 7
2710 3483 6
2711 3942 5
2711 3692 10
2711 3856 8
2711 4006 5
2712 2681 6
2712 2284 3
2713 818 1
2714 2528 4
2714 2693 6
2714 657 10
2715 4261 3
2715 72 3
2715 4890 5
2715 1413 10
2716 4276 2
2717 843 3
2717 3502 2
2717 4364 9
2717 3982 8
2718 2357 4
2718 4265 3
2718 3334 7
2718 4028 7
2718 3515 1
2719 869 5
2719 1792 6
2719 1050 1
2720 1207 1
2720 3342 7
2720 4464 7
2721 4212 9
2721 4422 2
2721 945 3
2722 1701 9
2723 2823 4
2723 4798 3
2723 70 6
2724 4425 1
2724 3407 9
2724 2152 9
2725 1313 2
2725 1676 4
2726 396 5
2727 4874 2
2727 1087 9
2727 1363 3
2727 3278 9
2727 537 10
2728 1898 5
2728 4200 8
2728 3860 9
2728 4037 1
2729 898 3
2729 931 7
2729 3936 6
2730 476 9
2730 4665 10
2730 1260 8
2730 4092 6
2730 3695 9
2731 839 9
2731 4292 3
2731 246 2
2731 712 6
2731 1143 3
2732 1789 3
2732 845 8
2732 1795 2
2733 1199 7
2733 2868 3
2733 4977 3
2734 1031 1
2734 3658 6
2734 4547 6
2734 1025 3
2734 108 3
2735 3972 2
2735 1480 3
2735 1066 5
2736 4827 3
2737 4995 2
2737 1733 9
2737 2588 5
2738 4925 1
2738 4352 4
2738 1377 9
2739 1934 5
2739 403 1
2739 1460 8
2739 1384 10
2740 4448 5
2741 3071 5
2742 4789 5
2743 2005 3
2743 4046 6
2743 2353 8
2743 2884 9
2744 3329 8
2745 3299 4
2745 376 6
2745 1237 10
2745 784 2
2745 2140 4
2746 4668 10
2747 3270 1
2747 1055 7
2747 3451 7
2748 2910 2
2748 395 3
2748 824 10
2748 2171 1
2749 2732 5
2749 2878 8
2749 4040 3
2749 4658 4
2750 2645 2
2750 2743 1
2751 611 3
2752 3458 1
2752 1911 3
2752 3694 7
2752 2612 2
2752 2646 10
2753 1999 3
2753 103 8
2754 1538 3
2754 4217 3
2755 795 6
2755 1380 8
2755 3170 5
2755 2068 6
2756 2719 3
2757 3082 8
2757 3268 7
2757 4212 10
2757 3232 4
2757 3757 5
2758 2164 9
2759 946 1
2759 3575 8
2759 2109 7
2759 725 5
2760 1065 10
2760 175 10
2760 140 1
2760 4445 10
2761 2505 10
2761 3359 1
2762 4029 6
2762 3851 9
2762 2678 10
2762 1738 8
2763 4134 10
2763 194 3
2763 1032 3
2764 4633 1
2764 4396 2
2765 3040 1
2765 1708 8
2765 1816 9
2766 4743 9
2766 2539 9
2766 4667 4
2766 1925 3
2767 4720 3
2767 4135 9
2767 3772 9
2767 1748 9
2768 3067 9
2768 3917 9
2769 2772 2
2769 843 4
2769 1888 5
2769 2416 4
2770 2615 1
2770 9 9
2770 1757 5
2771 2858 3
2771 1965 2
2771 3353 1
2771 3719 3
2771 4498 1
2772 1846 10
2772 942 6
2772 3644 9
2772 1103 1
2772 1077 3
2773 3840 8
2773 1713 8
2773 4570 3
2774 4168 8
2775 4600 4
2775 4111 8
2775 145 6
2775 797 8
2776 2735 7
2776 1407 2
2776 1457 9
2777 637 4
2778 3471 8
2778 3521 3
2779 4639 8
2780 18 7
2780 1610 3
2780 4651 5
2781 1465 4
2781 4533 9
2782 3678 3
2782 1093 2
2782 170 8
2782 3085 6
2783 3128 9
2783 2562 8
2783 4920 4
2783 3729 3
2783 4259 2
2784 3190 1
2784 1674 3
2784 1761 10
2785 3698 2
2785 2547 2
2786 995 7
2786 154 1
2786 3556 2
2786 4010 10
2787 2498 7
2787 3832 10
2788 4394 5
2788 4591 3
2789 4016 7
2789 2522 3
2790 2197 2
2790 3441 9
2791 552 10
2791 1487 2
2792 4943 3
2792 571 9
2793 959 4
2794 658 2
2794 1620 10
2794 4751 4
2795 2391 9
2795 3317 10
2795 1277 6
2796 1130 1
2796 3740 2
2796 510 7
2796 4224 2
2796 4972 3
2797 4150 4
2798 3773 10
2799 4697 10
2799 3180 2
2799 3550 1
2799 3254 7
2799 4602 10
2800 4141 5
2800 3082 4
2800 2056 2
2801 1278 2
2801 2750 10
2802 4366 3
2802 1697 2
2802 1643 4
2802 861 10
2803 1820 9
2804 4755 4
2804 1126 7
2804 3198 3
2805 4823 1
2805 649 8
2805 2271 2
2805 3261 7
2806 2568 8
2806 1840 4
2806 3271 1
2807 3183 6
2807 4686 2
2807 3423 10
2807 4283 1
2808 4475 1
2809 3849 9
2810 3789 3
2810 1437 10
2810 1720 5
2810 3040 1
2811 1920 1
2811 3381 3
2811 3820 3
2811 3583 3
2811 1253 1
2812 3589 8
2813 3863 3
2813 3936 4
2814 27 10
2814 330 4
2814 4205 2
2815 2892 5
2815 1653 4
2816 4536 1
2816 3882 5
2816 1153 4
2816 412 7
2816 17 2
2817 4260 7
2817 2450 9
2817 152 4
2818 1954 6
2818 3247 1
2819 2548 7
2820 923 8
2820 1445 7
2820 755 8
2821 2295 9
2821 4423 2
2821 67 9
2821 3380 6
2821 1884 9
2822 2472 2
2823 4553 2
2823 1574 3
2823 1072 10
2823 830 3
2824 4416 2
2824 243 2
2824 1589 8
2825 4096 7
2825 3590 9
2825 1392 10
2826 3413 3
2826 597 9
2827 325 1
2827 2077 6
2827 3781 3
2828 4216 3
2828 2123 3
2829 3379 9
2829 1624 9
2829 4685 7
2829 4320 10
2829 3634 8
2830 4954 3
2831 1707 2
2831 3795 5
2831 3216 5
2832 3509 7
2832 959 9
2832 2967 8
2833 4259 9
2833 4949 4
2833 4920 5
2834 1357 3
2834 104 5
2834 600 2
2835 1045 6
2836 2050 1
2836 3593 7
2836 4564 6
2836 19 1
2836 1274 10
2837 4932 1
2837 4385 9
2837 3247 1
2838 615 3
2838 1976 5
2838 4781 8
2838 2428 5
2839 1496 1
2840 1063 3
2840 4191 10
2840 4093 3
2840 1179 9
2840 2067 8
2841 716 5
2841 2195 6
2842 710 10
2842 4980 10
2842 4788 4
2843 381 8
2843 4870 6
2844 2280 3
2844 1836 1
2844 3882 8
2844 2595 5
2845 1692 9
2845 3333 3
2845 4989 9
2845 1132 7
2846 2184 1
2846 491 4
2846 4139 1
2846 3640 6
2846 3731 1
2847 3035 4
2848 700 3
2848 4226 8
2848 4169 6
2849 125 10
2850 3371 6
2851 4501 9
2851 2619 4
2852 4309 2
2852 398 9
2852 995 10
2853 2594 8
2854 4282 8
2854 4625 1
2854 1397 10
2854 3092 2
2854 2649 5
2855 770 2
2856 3975 3
2857 3499 3
2857 670 4
2857 1961 1
2857 2170 8
2857 2490 9
2858 3035 9
2858 2004 7
2858 570 3
2858 2005 3
2859 2388 7
2859 1306 7
2859 186 4
2859 4025 10
2859 2220 2
2860 4812 6
2861 1478 4
2861 3033 7
2861 4030 7
2861 1146 1
2862 873 5
2862 4675 8
2862 2643 1
2862 940 6
2862 1123 6
2863 3174 5
2863 4435 8
2863 3552 2
2864 2980 4
2864 3690 5
2864 1306 3
2864 2928 7
2864 2244 8
2865 3102 5
2865 4873 2
2866 4191 9
2866 2396 4
2866 328 3
2866 2854 6
2867 4907 4
2867 4076 7
2867 1847 9
2868 4183 5
2868 3239 5
2868 3897 8
2869 3067 8
2870 2394 9
2870 2547 4
2870 880 5
2870 2920 6
2870 1244 6
2871 707 5
2871 2557 5
2871 335 2
2871 2671 4
2872 1476 7
2872 4218 6
2873 4687 9
2873 4279 9
2873 879 8
2874 3867 8
2874 4732 6
2875 4094 1
2875 4280 8
2876 4224 4
2876 1343 10
2876 1079 2
2877 2536 4
2877 4571 10
2877 2611 8
2877 4343 4
2877 2596 10
2878 3972 8
2879 2841 9
2879 4091 4
2879 819 7
2880 4289 5
2880 4864 10
2880 407 1
2880 4398 9
2880 3452 3
2881 4329 7
2882 3546 7
2882 580 2
2882 1555 1
2883 3993 2
2883 591 1
2884 2353 10
2885 653 7
2885 275 10
2885 3803 2
2885 952 1
2886 1798 8
2886 4701 3
2886 2603 3
2886 1941 6
2887 384 1
2887 746 6
2887 2984 10
2887 1747 8
2888 2162 6
2888 4878 9
2889 1426 9
2889 4808 2
2890 4980 6
2890 4237 1
2890 2351 10
2890 2670 4
2890 2404 3
2891 4163 9
2891 1943 6
2891 3569 10
2891 1811 3
2891 2644 9
2892 1950 2
2892 963 8
2892 1960 2
2893 441 8
2893 1130 10
2894 2647 1
2894 3031 3
2894 4761 3
2894 983 1
2895 4551 2
2896 1070 8
2897 4234 2
2897 2113 4
2897 4545 4
2898 1101 9
2898 2177 7
2898 3791 6
2898 1420 5
2898 1767 10
2899 59 10
2899 3293 8
2900 2678 10
2901 471 9
2901 1681 8
2901 19 4
2901 3282 10
2902 3810 1
2902 1326 2
2902 2279 1
2902 3611 8
2902 2162 9
2903 3344 7
2904 4370 4
2904 4203 4
2905 4934 5
2905 4889 6
2905 3390 1
2905 4286 8
2906 2116 3
2907 596 3
2907 2096 5
2907 3391 4
2908 1552 2
2908 1531 4
2908 2795 2
2909 3041 9
2909 1365 4
2910 3036 7
2910 4144 1
2910 1177 1
2910 1590 8
2910 2782 10
2911 176 1
2912 2352 7
2912 4585 10
2912 2353 3
2912 4662 9
2913 2483 6
2913 1870 9
2913 3582 5
2914 2069 4
2914 4528 9
2914 266 3
2914 3303 8
2915 904 7
2915 3295 5
2916 3340 5
2916 815 1
2917 4281 1
2917 2097 2
2917 2397 4
2918 4462 1
2919 3969 7
2919 1571 2
2920 4819 9
2920 4721 4
2921 4116 2
2921 3183 2
2921 3049 9
2921 2671 9
2922 2789 10
2922 617 6
2922 1331 10
2923 1430 3
2923 3972 3
2924 4139 1
2925 3135 9
2926 2686 5
2926 2941 10
2927 1722 1
2927 4853 4
2927 4596 7
2927 1671 9
2928 279 6
2928 3149 1
2928 4880 2
2929 553 9
2929 1229 6
2929 2600 1
2930 4435 10
2930 547 3
2930 1462 8
2930 1016 2
2931 4509 6
2932 1903 8
2932 2207 8
2932 4183 1
2932 196 7
2933 1099 3
2933 4279 1
2933 1173 3
2934 1354 5
2934 1472 8
2934 2888 2
2934 870 9
2935 4770 4
2935 2769 4
2935 4953 4
2935 4946 2
2936 934 8
2936 2299 4
2936 3642 6
2936 1920 7
2937 49 3
2937 3903 6
2937 3725 7
2938 1886 5
2938 4587 5
2938 3450 9
2938 3980 4
2938 4591 6
2939 2666 6
2939 2397 6
2940 309 1
2940 535 9
2940 2549 3
2940 3494 2
2941 2921 1
2941 28 1
2941 707 9
2941 2974 2
2942 1025 5
2943 4276 1
2943 3333 6
2944 4856 8
2944 653 9
2944 2412 4
2944 3388 6
2945 4996 1
2945 3004 10
2945 2789 6
2945 2846 6
2945 4077 4
2946 3323 3
2946 677 7
2946 114 3
2947 4381 4
2947 4435 10
2948 4671 6
2948 1359 6
2948 824 7
2948 2712 8
2948 1334 5
2949 26 9
2949 4455 9
2949 2287 2
2949 678 5
2950 3587 8
2950 4111 4
2951 876 9
2951 2089 10
2951 2565 8
2951 3483 5
2951 4098 3
2952 95 8
2953 2871 7
2953 2346 10
2954 1823 8
2954 3789 3
2955 1312 10
2955 1723 9
2955 2569 8
2955 1294 1
2955 1404 3
2956 4742 6
2956 2439 8
2957 3316 9
2957 4026 7
2957 303 9
2957 4182 5
2957 2977 4
2958 62 8
2959 259 9
2959 556 5
2959 2342 3
2959 3332 4
2959 4135 2
2960 2429 6
2960 3437 10
2961 3205 8
2961 1660 5
2961 2102 9
2961 2778 3
2961 1869 4
2962 287 8
2963 4830 10
2963 861 9
2964 4535 1
2965 2973 8
2965 4825 6
2966 3761 5
2966 3439 7
2966 2461 9
2966 874 10
2967 4015 4
2967 2564 7
2967 1240 1
2968 4050 9
2968 4003 9
2968 4966 10
2968 789 6
2968 3593 7
2969 344 7
2969 2041 3
2969 1301 4
2969 3617 8
2969 2650 8
2970 2279 8
2970 2579 8
2971 3496 3
2971 1508 10
2971 2728 10
2971 2680 3
2971 1645 10
2972 2072 10
2972 1364 8
2973 4319 7
2973 3768 5
2973 4275 4
2973 2666 2
2973 737 5
2974 3880 10
2974 1836 4
2974 3704 8
2975 1541 1
2975 3434 8
2975 3500 10
2975 3719 9
2975 4186 7
2976 4851 9
2976 2025 2
2976 3271 3
2976 1390 9
2977 2195 5
2977 2456 1
2977 3594 9
2977 4680 9
2978 1886 3
2978 3981 8
2978 2076 7
2978 1210 6
2978 3766 10
2979 1712 6
2979 3695 3
2979 741 8
2980 2254 5
2980 4781 6
2980 1907 2
2980 1486 2
2980 2954 2
2981 3958 2
2981 4046 2
2981 1220 6
2982 577 8
2982 197 8
2982 2774 6
2982 1968 1
2982 1136 6
2983 2177 7
2983 1915 2
2983 4501 10
2984 297 2
2984 4786 7
2985 2868 4
2985 4811 8
2985 4352 1
2985 4712 4
2986 935 9
2986 4904 9
2986 296 4
2986 2833 2
2987 1716 8
2987 2601 3
2987 1408 3
2988 1326 6
2988 1727 8
2988 1854 1
2989 3245 10
2990 1954 8
2990 1137 5
2990 1659 1
2990 1924 5
2991 616 9
2991 3303 8
2992 1392 5
2992 2825 3
2993 550 10
2993 1364 6
2993 81 10
2993 4227 10
2993 805 4
2994 818 9
2995 3160 4
2995 3205 9
2995 248 8
2995 2180 1
2996 4180 3
2996 1541 2
2996 3126 5
2996 2851 10
2997 507 9
2997 3364 10
2997 810 9
2998 966 7
2998 1583 3
2999 2968 4
2999 687 3
3000 4441 10
3000 277 4
3001 3958 3
3001 2041 6
3001 1664 9
3002 594 6
3002 4137 7
3003 3087 3
3003 1531 7
3003 1124 8
3003 4431 6
3004 1461 8
3004 3741 1
3004 4970 2
3004 3291 1
3004 617 4
3005 4522 3
3005 605 5
3006 4127 3
3006 2307 5
3006 4643 10
3007 491 3
3007 1488 10
3008 3066 5
3009 3231 5
3009 716 10
3009 56 1
3010 2405 7
3010 2548 8
3010 2994 3
3010 3783 9
3011 4980 3
3011 3107 8
3011 3157 1
3012 1690 1
3012 1132 5
3013 2735 1
3013 3286 4
3013 1011 9
3013 1623 9
3013 4360 9
3014 3873 7
3014 4440 1
3015 1379 5
3016 861 4
3016 1280 9
3016 605 9
3017 3868 7
3017 3913 2
3017 960 9
3018 1289 6
3018 3046 1
3018 777 5
3018 3149 10
3019 4741 7
3019 1965 1
3019 1664 1
3020 4139 5
3020 1883 6
3020 125 9
3020 744 9
3020 3773 9
3021 1403 8
3021 1722 10
3021 2002 10
3022 4513 3
3022 2895 5
3022 191 2
3022 2111 1
3022 1579 3
3023 3818 8
3024 1719 1
3024 4591 10
3024 3971 8
3024 1054 8
3024 3001 10
3025 61 9
3025 2902 6
3025 422 2
3025 1393 3
3026 1420 8
3027 4628 6
3027 4924 2
3028 3688 7
3028 1149 4
3028 4959 4
3029 497 3
3029 3398 2
3029 3571 1
3029 2667 7
3029 3873 2
3030 3428 7
3030 2545 1
3030 4172 8
3031 3527 1
3031 2686 3
3031 3757 1
3031 204 1
3032 291 7
3032 2711 1
3032 3532 2
3032 1132 7
3032 3636 9
3033 3876 1
3033 619 2
3033 1581 8
3033 630 6
3034 1135 7
3034 1620 5
3034 3262 10
3034 3499 4
3034 568 7
3035 4046 3
3035 3781 10
3036 1552 6
3036 1338 6
3036 1373 1
3036 3021 2
3036 4249 6
3037 4710 3
3037 46 3
3037 3586 2
3037 751 3
3038 310 7
3038 647 7
3038 4062 4
3038 275 4
3039 540 7
3039 1181 2
3040 3977 6
3040 201 10
3040 3736 3
3041 3819 7
3041 1426 1
3041 4092 7
3042 3978 6
3042 3329 7
3042 1940 7
3043 4741 1
3043 1390 2
3043 4389 9
3044 3814 2
3045 896 3
3046 615 8
3046 3736 3
3046 1752 8
3046 2526 6
3046 2093 6
3047 1922 8
3047 1706 3
3047 3668 8
3047 3678 1
3048 4914 9
3048 2406 2
3049 163 1
3049 568 3
3049 3492 5
3049 1135 10
3050 1466 6
3050 4446 5
3050 523 2
3051 1003 7
3052 342 9
3052 4673 9
3053 2816 7
3053 3708 2
3053 2506 4
3053 970 9
3053 144 2
3054 3145 9
3054 3157 1
3054 1496 9
3054 4550 4
3055 3909 9
3056 3473 3
3056 4347 2
3056 1442 8
3057 2881 6
3057 1038 6
3057 1959 1
3057 1737 7
3058 1005 5
3059 2147 7
3059 140 6
3059 2111 2
3059 4237 7
3060 3526 4
3061 2439 5
3061 3260 8
3062 3207 2
3062 3134 2
3062 2477 8
3063 3244 4
3063 2964 7
3063 925 7
3064 904 2
3064 1848 5
3064 1575 8
3064 4934 2
3064 1605 10
3065 2958 5
3065 4238 4
3065 1901 10
3065 697 7
3066 3909 8
3066 3810 10
3066 129 6
3066 1727 9
3066 953 5
3067 3239 7
3067 2260 7
3068 4279 5
3068 596 9
3068 1648 8
3068 796 2
3068 4537 3
3069 279 4
3069 311 5
3069 3372 4
3069 1392 3
3069 101 4
3070 963 3
3070 1278 9
3070 4022 1
3070 4324 5
3071 996 6
3071 4292 6
3071 908 7
3071 4119 2
3071 1450 9
3072 3830 6
3072 1386 1
3072 3196 9
3072 4879 10
3072 3115 8
3073 3237 10
3073 4163 5
3073 4354 2
3073 4478 10
3074 647 1
3074 2461 10
3074 1795 6
3075 4761 5
3075 2894 6
3075 4248 4
3075 497 4
3076 4839 4
3076 899 5
3076 2615 8
3076 4087 6
3076 3594 7
3077 1730 7
3077 4415 9
3077 2197 3
3078 2958 3
3078 1632 2
3078 1314 5
3078 491 4
3079 591 7
3079 3300 5
3079 312 2
3079 2316 1
3080 419 10
3080 1571 5
3080 67 5
3080 2708 4
3080 856 8
3081 1967 10
3081 2213 5
3081 1793 9
3081 1425 6
3082 105 5
3082 2778 7
3083 4521 3
3083 2541 6
3083 2137 8
3083 2134 7
3083 1717 2
3084 3468 5
3084 1191 10
3084 4344 9
3084 244 8
3085 2382 9
3086 3429 8
3087 4709 9
3087 3577 10
3087 654 4
3087 406 7
3087 2362 4
3088 3170 6
3088 301 2
3089 3971 7
3089 1954 8
3089 4143 2
3089 3043 9
3089 1840 4
3090 2112 9
3091 429 10
3092 2121 6
3092 488 10
3093 2518 9
3093 3826 8
3093 2592 9
3093 2255 10
3093 159 9
3094 4575 9
3094 535 7
3095 1412 2
3095 216 8
3095 1449 2
3096 1721 2
3096 4760 10
3096 3043 8
3096 145 9
3097 4095 6
3097 2933 2
3097 4279 9
3097 4292 10
3098 537 10
3098 4458 5
3098 2706 9
3098 2374 7
3099 1932 4
3099 9 8
3099 2130 10
3099 588 8
3100 4605 3
3100 1723 3
3100 2079 1
3101 4019 3
3101 4067 2
3101 82 6
3101 1046 4
3101 1602 8
3102 3597 3
3102 3299 3
3103 2771 4
3103 4662 4
3103 513 2
3103 257 4
3103 4581 9
3104 3085 7
3104 3505 5
3105 1447 9
3106 1659 3
3106 4280 8
3106 839 2
3106 2688 5
3106 976 4
3107 4528 6
3107 430 9
3107 3823 5
3107 1738 3
3108 4211 10
3108 4810 2
3108 101 9
3108 3199 1
3108 1975 9
3109 4812 1
3109 2287 3
3109 4930 3
3109 2894 10
3110 1841 3
3111 4972 2
3111 1622 3
3111 3466 3
3111 2372 9
3111 1778 7
3112 3546 5
3112 1845 1
3112 2706 8
3112 2683 2
3112 195 7
3113 1430 7
3113 2244 7
3113 3620 8
3113 1457 2
3113 2242 5
3114 2787 3
3114 1339 5
3115 4576 6
3116 3234 1
3116 2780 4
3116 3153 3
3117 3876 4
3117 2390 10
3117 3773 4
3117 1491 2
3118 4724 8
3119 1571 4
3119 4557 9
3119 2129 2
3119 2196 1
3120 116 7
3120 4230 2
3121 2589 6
3121 3752 5
3121 4692 9
3122 2897 5
3122 1299 3
3122 2027 8
3122 2213 10
3123 2656 8
3123 4423 1
3123 3136 2
3123 692 1
3123 1442 4
3124 931 9
3124 824 5
3125 3578 2
3125 37 6
3125 737 7
3126 209 6
3126 2072 4
3127 4748 6
3127 407 7
3127 4115 4
3127 813 3
3127 2987 6
3128 3969 1
3128 1333 8
3128 4762 9
3128 4032 2
3128 695 3
3129 1954 5
3130 4526 8
3130 4775 1
3130 1333 4
3130 4380 2
3131 568 2
3132 2807 4
3132 4469 9
3132 3882 4
3132 2462 9
3133 2332 9
3133 3911 8
3134 4711 6
3134 2132 3
3134 1672 7
3134 2298 3
3134 4835 10
3135 3139 4
3136 270 9
3137 397 4
3137 2934 1
3137 1433 1
3137 1026 1
3138 159 7
3138 200 3
3138 3698 1
3138 103 2
3139 3889 10
3139 3162 4
3140 3131 8
3140 3819 4
3140 476 4
3140 4283 7
3141 501 1
3141 2053 5
3141 2727 8
3142 4030 7
3142 4077 6
3142 3029 10
3143 861 3
3143 3293 1
3144 2087 9
3144 3733 9
3144 597 10
3144 1073 3
3144 2283 5
3145 1240 7
3145 1902 5
3146 338 10
3146 4894 7
3146 4244 8
3147 4140 4
3147 1855 3
3147 4748 7
3147 1727 9
3147 4967 6
3148 4972 10
3148 4627 1
3148 4007 10
3148 3216 3
3148 2835 1
3149 1243 4
3149 4512 7
3149 4475 9
3149 2093 10
3150 1338 2
3150 2908 4
3150 2081 1
3151 4490 6
3152 2643 2
3152 3761 2
3152 4675 8
3152 1795 6
3153 1031 7
3154 2636 1
3155 4145 7
3155 617 10
3155 124 4
3155 1591 4
3155 3731 8
3156 4651 9
3156 2488 6
3157 4056 8
3157 4169 9
3157 4029 1
3158 1483 3
3158 3407 7
3159 3283 4
3160 4536 5
3160 2844 5
3160 3268 6
3161 2875 7
3161 4292 7
3161 1081 2
3162 3040 8
3162 2918 3
3162 2536 2
3162 4343 4
3163 108 9
3163 3870 4
3164 4857 6
3164 561 9
3164 1827 9
3164 1243 3
3165 931 5
3165 3334 6
3165 1084 3
3165 4265 8
3165 504 5
3166 3247 2
3166 1964 5
3167 3999 10
3167 3742 9
3167 3220 1
3167 3478 1
3168 3192 5
3168 2305 6
3168 3478 3
3168 2636 5
3168 1452 2
3169 4823 2
3169 3806 5
3169 843 6
3169 4453 1
3170 3010 5
3170 4772 4
3170 3619 9
3170 1495 10
3171 160 10
3171 4579 5
3171 3 1
3172 4125 3
3173 2235 10
3173 3794 9
3173 3678 4
3173 3799 8
3174 869 5
3174 259 2
3174 3739 6
3175 3665 5
3175 4473 4
3175 1380 1
3175 3236 6
3176 1024 5
3176 3498 8
3177 1983 7
3177 3290 5
3177 973 3
3177 4764 4
3178 3338 3
3178 3096 9
3179 306 7
3179 1880 1
3179 2089 1
3179 2034 3
3180 2787 5
3180 1020 7
3180 2152 5
3180 819 9
3180 3734 3
3181 2878 6
3182 4267 9
3182 945 8
3182 4132 9
3183 4575 4
3183 790 6
3183 1490 1
3183 2202 5
3184 4396 4
3185 1637 8
3185 3261 5
3185 2252 5
3185 2769 7
3186 5 1
3186 4037 6
3186 1236 5
3187 4461 2
3187 1045 9
3187 4234 6
3188 1376 2
3188 376 3
3188 3597 5
3188 2773 3
3188 297 7
3189 2285 9
3189 1887 1
3189 5 1
3189 3186 8
3190 4923 3
3190 4589 8
3190 585 8
3190 3927 7
3190 2634 9
3191 4845 5
3191 265 6
3191 4028 6
3191 2000 2
3191 1764 8
3192 4415 2
3192 1836 7
3192 1982 4
3192 3877 4
3192 2664 3
3193 3012 1
3193 3869 5
3194 4864 7
3194 4748 2
3195 3793 8
3195 4440 9
3195 4758 5
3195 1870 2
3195 4930 4
3196 482 9
3197 1836 1
3197 26 5
3197 4800 8
3197 4833 7
3198 4642 1
3198 3564 5
3198 1009 5
3198 2815 2
3198 2005 1
3199 1894 10
3199 3588 5
3199 4475 2
3199 3875 4
3200 455 9
3200 2678 8
3200 2111 4
3201 2654 7
3201 2382 1
3201 2144 3
3202 2636 8
3203 3966 1
3204 4331 5
3204 2596 1
3204 401 10
3205 659 10
3205 1775 8
3205 3903 4
3206 3889 1
3207 721 5
3207 1934 3
3207 2351 6
3207 465 3
3207 1213 2
3208 431 5
3208 2277 3
3208 3152 6
3208 2100 5
3209 599 1
3210 4158 3
3210 1571 5
3210 1249 8
3210 788 3
3210 4627 7
3211 1085 7
3211 544 3
3212 2152 9
3212 4425 5
3212 328 8
3212 2395 10
3212 1861 5
3213 1041 6
3213 3604 1
3213 4769 1
3214 3218 4
3214 2173 8
3214 223 1
3214 984 5
3215 1213 6
3216 4347 8
3216 4426 7
3216 1728 5
3217 3657 9
3218 1300 6
3218 4893 10
3218 2574 9
3219 2673 6
3219 1461 4
3220 4511 6
3220 415 2
3220 4833 5
3221 2585 10
3221 2766 8
3221 1145 4
3221 1018 1
3222 1066 5
3222 4211 9
3223 789 2
3223 3690 10
3223 4979 6
3223 227 10
3224 4821 3
3224 401 9
3224 4781 3
3225 4741 3
3226 1676 8
3226 3885 6
3226 4826 1
3226 1868 9
3226 4200 1
3227 1220 5
3227 1391 5
3228 2173 2
3228 3636 3
3228 1644 6
3229 1971 8
3229 4632 10
3229 3626 7
3229 4787 6
3230 1306 6
3231 2184 3
3231 3099 6
3231 4692 1
3231 313 6
3232 1891 3
3232 3132 3
3233 2120 8
3233 3741 1
3233 2014 8
3233 193 3
3234 3452 9
3235 1581 2
3235 3195 4
3236 3286 9
3236 2272 7
3236 471 7
3236 2736 7
3237 342 7
3237 4482 5
3237 4653 10
3237 1752 9
3238 2606 2
3238 3041 4
3238 2073 8
3238 1730 1
3238 2459 3
3239 1122 8
3239 2847 1
3239 1049 2
3239 1302 2
3239 1952 9
3240 2086 4
3240 56 6
3240 3386 4
3241 2171 9
3241 1010 3
3241 4628 8
3242 88 2
3242 4440 3
3242 3920 2
3242 386 6
3243 2122 2
3243 590 8
3243 1836 2
3243 1730 4
3243 4361 10
3244 1778 1
3244 1091 6
3244 4032 8
3244 2525 5
3244 2295 5
3245 3311 2
3245 4658 1
3245 1858 9
3245 2561 4
3245 3761 1
3246 1740 2
3246 3100 8
3246 1239 8
3246 4178 6
3247 4119 8
3247 4640 1
3247 1951 7
3247 2820 5
3247 4021 6
3248 2802 8
3248 1078 7
3248 2899 4
3248 1065 6
3248 861 3
3249 2739 2
3249 2111 5
3249 605 9
3249 802 7
3249 611 5
3250 1664 2
3250 4394 6
3250 3126 5
3251 275 5
3251 3388 2
3252 1369 4
3252 1347 1
3252 3320 2
3252 2800 1
3253 1195 2
3253 3815 3
3254 2095 9
3254 3986 8
3254 4314 3
3254 2152 2
3255 221 7
3255 218 3
3255 659 3
3255 2180 3
3256 4683 1
3256 1448 2
3256 3667 5
3256 4839 10
3257 386 5
3257 3835 1
3257 4978 9
3257 4758 1
3257 2519 6
3258 1108 7
3259 1142 5
3259 4271 1
3259 2825 5
3259 1752 3
3259 4810 3
3260 1385 8
3260 1493 8
3260 2199 1
3261 1006 2
3261 2929 9
3262 349 3
3262 717 7
3262 2122 10
3262 309 6
3263 1693 5
3263 4263 2
3263 3409 2
3263 400 4
3263 4897 9
3264 4833 7
3264 2844 9
3264 1640 1
3264 4438 5
3264 749 8
3265 724 1
3265 63 2
3265 3831 10
3265 4224 1
3265 2856 1
3266 2731 3
3266 1840 7
3267 2604 6
3268 2956 9
3269 417 1
3269 1189 8
3270 3982 6
3271 2771 4
3271 1187 1
3272 250 2
3272 1848 7
3272 2295 1
3272 4276 8
3272 3898 5
3273 3087 1
3273 3689 5
3273 4687 5
3273 178 9
3274 4942 1
3274 2330 8
3274 2096 5
3275 3427 2
3275 1377 8
3275 804 7
3275 1841 8
3275 702 6
3276 4923 7
3276 4787 1
3277 4732 7
3278 3363 9
3279 2826 1
3279 4270 8
3279 4426 3
3280 105 4
3280 4507 9
3280 1826 2
3280 3168 2
3281 4870 3
3281 2130 6
3282 4053 3
3282 3108 10
3282 4512 8
3282 3437 7
3282 1975 1
3283 1472 7
3284 4340 1
3284 4393 6
3285 3477 7
3285 1026 2
3285 4043 10
3285 3055 2
3286 2735 6
3286 342 3
3286 3690 7
3287 386 9
3288 3044 1
3288 1998 7
3288 1786 7
3288 1693 1
3288 68 6
3289 2918 6
3289 1289 10
3289 127 4
3289 3084 4
3290 4487 8
3290 2760 6
3291 2121 5
3291 2135 1
3291 4609 4
3291 4151 7
3291 3926 5
3292 1020 1
3292 2787 10
3292 3486 10
3292 3752 8
3292 4778 5
3293 3012 4
3293 2826 2
3293 935 8
3293 4247 2
3294 4925 10
3295 3375 1
3295 161 8
3296 2029 10
3296 3590 7
3296 4644 9
3297 3734 5
3297 3327 5
3298 4776 9
3299 1557 1
3299 1718 7
3300 2534 1
3301 4745 5
3301 1930 8
3301 4069 5
3301 426 9
3301 4930 7
3302 4897 9
3302 1537 7
3302 3744 3
3302 1127 1
3302 3250 1
3303 4900 6
3303 1967 8
3303 79 1
3304 371 10
3304 2277 5
3304 952 10
3304 1446 10
3304 2412 9
3305 2170 10
3306 4938 8
3307 964 6
3307 3611 1
3308 4972 9
3308 3417 4
3309 2868 4
3309 1840 2
3310 726 5
3310 2620 5
3310 4628 10
3311 4136 8
3311 2735 10
3311 4746 6
3311 2859 8
3312 1740 1
3312 4970 5
3312 2673 9
3312 2544 8
3312 3539 8
3313 4762 3
3313 467 2
3313 27 8
3314 1161 7
3314 4287 5
3314 323 5
3315 420 3
3315 2074 8
3316 155 2
3317 3839 2
3317 3794 3
3317 2081 10
3317 3104 8
3318 2021 8
3318 351 7
3319 2928 9
3319 2428 6
3319 2050 10
3320 1660 8
3320 506 10
3320 4637 9
3320 4499 1
3321 188 8
3321 2004 5
3321 2256 3
3322 912 8
3322 960 7
3322 977 7
3322 3913 8
3322 2660 1
3323 1972 4
3323 1496 10
3323 3134 9
3324 1133 2
3324 1682 9
3325 4597 7
3325 1249 2
3326 2221 1
3326 585 1
3326 3147 6
3326 3156 7
3327 353 5
3327 1953 1
3327 3809 6
3327 268 6
3327 3277 1
3328 432 4
3328 4893 7
3328 2657 5
3328 2905 3
3328 1405 7
3329 3203 5
3329 4218 8
3329 2465 5
3329 3887 2
3329 4563 10
3330 2303 3
3331 1072 1
3331 820 7
3331 77 3
3331 4298 6
3331 454 8
3332 1688 7
3332 3904 9
3332 3784 3
3332 103 8
3332 1879 7
3333 4240 4
3333 3417 9
3333 1848 1
3333 2358 8
3334 3503 3
3334 1021 10
3334 3306 7
3334 3260 3
3334 2818 3
3335 2456 3
3335 2924 10
3335 3873 9
3336 2592 5
3336 3405 3
3336 2612 4
3336 811 4
3336 2747 9
3337 1886 8
3337 1786 10
3337 4975 1
3337 4587 9
3338 456 8
3339 344 3
3339 4642 8
3340 2503 5
3340 2119 2
3340 3127 5
3341 985 1
3342 769 7
3342 3151 2
3343 4623 2
3343 3115 3
3343 429 10
3343 3109 8
3343 1201 1
3344 829 10
3344 2425 8
3344 4449 3
3344 1366 5
3345 1439 1
3345 1028 8
3345 4801 2
3345 4233 10
3345 301 5
3346 285 3
3346 2919 10
3346 3597 9
3346 3850 5
3346 1343 10
3347 776 4
3348 2150 1
3349 342 8
3349 1381 9
3349 3727 2
3349 2923 1
3349 2417 4
3350 2276 8
3350 448 1
3350 4054 1
3350 1751 6
3350 3134 7
3351 4700 1
3351 2636 4
3351 4340 5
3351 1034 10
3351 4924 5
3352 2918 4
3353 2892 4
3353 456 5
3353 1250 6
3354 2307 5
3354 3201 5
3354 4918 7
3354 4196 8
3355 4498 9
3355 4774 6
3355 4849 9
3355 2827 3
3355 4501 4
3356 1795 9
3356 3761 9
3356 1673 3
3356 2140 2
3356 1237 6
3357 4172 2
3358 3162 9
3358 4528 5
3359 1299 2
3359 1627 10
3359 3170 8
3360 415 1
3361 336 6
3361 4781 3
3361 4167 5
3361 1345 3
3361 2463 1
3362 3107 5
3362 1966 8
3362 4027 1
3362 3823 5
3363 2719 3
3363 3261 10
3363 1006 9
3363 4780 7
3363 4607 4
3364 3085 4
3365 3605 7
3365 3833 6
3365 728 4
3366 3033 9
3366 1461 5
3366 1558 2
3366 642 2
3366 88 7
3367 2979 3
3367 94 4
3367 2549 10
3368 4527 9
3369 4954 7
3369 3302 7
3369 3392 2
3369 2032 3
3370 3863 10
3370 4579 7
3371 3815 5
3371 1864 1
3371 3927 9
3371 3768 9
3371 622 3
3372 4293 8
3372 4735 4
3373 2074 2
3373 2130 9
3373 3631 7
3374 693 9
3375 471 2
3375 876 10
3375 1795 3
3375 3236 2
3376 3104 10
3377 1076 6
3377 4548 6
3377 540 5
3377 2607 2
3378 2515 1
3378 2369 1
3378 824 1
3379 3228 5
3379 2900 6
3379 240 9
3380 640 4
3380 1495 6
3381 2652 7
3381 309 4
3381 1836 8
3381 3414 10
3381 476 4
3382 3945 10
3383 3558 8
3384 869 7
3384 815 3
3385 1075 8
3385 1197 6
3385 2457 7
3385 3575 4
3385 1294 5
3386 3498 10
3386 2195 1
3386 4253 9
3387 186 5
3388 1810 6
3388 3135 7
3388 3139 5
3388 2034 1
3389 4343 4
3390 1692 6
3390 1745 5
3391 2003 1
3391 3248 2
3391 1872 10
3391 2975 1
3391 1915 1
3392 3048 10
3392 3744 8
3392 1529 5
3392 2371 1
3393 811 3
3393 1994 2
3393 2592 3
3393 3909 3
3393 843 9
3394 1146 4
3394 2184 2
3394 4870 8
3395 1620 2
3395 3742 5
3396 3775 2
3396 1426 9
3396 2280 7
3396 78 2
3397 2771 7
3397 3353 1
3397 4608 5
3397 1278 4
3397 834 5
3398 2287 8
3398 1347 8
3398 1870 2
3398 3280 10
3398 4102 2
3399 3805 6
3399 1829 2
3399 1984 1
3399 1861 7
3400 4537 8
3401 132 10
3401 101 8
3401 1392 2
3402 560 7
3403 3657 9
3404 1279 7
3404 177 6
3404 335 2
3405 3578 10
3405 4885 5
3405 763 6
3405 2084 2
3406 2472 8
3406 1534 6
3406 989 1
3406 3980 1
3407 1164 6
3407 3114 10
3407 3832 4
3407 1899 7
3408 2978 4
3408 1964 6
3408 1112 9
3409 1220 1
3409 85 2
3410 1395 1
3410 1860 9
3410 2778 3
3411 2145 2
3411 3574 2
3411 4873 8
3412 2838 6
3413 113 8
3413 3136 5
3413 2219 10
3413 2237 7
3413 2295 9
3414 1027 10
3414 2962 10
3414 4924 7
3415 2944 5
3415 1243 10
3415 901 5
3415 3487 9
3416 1776 7
3416 2187 3
3416 2783 6
3416 3136 9
3417 306 2
3418 345 5
3418 4163 2
3419 88 1
3420 3010 4
3420 3665 6
3420 2054 5
3420 3170 6
3421 3163 3
3422 3753 2
3422 1075 8
3422 1525 1
3422 716 3
3422 3688 2
3423 206 3
3423 1416 6
3424 3768 1
3424 3151 9
3425 3088 8
3425 3359 6
3425 4160 2
3426 3300 8
3426 2188 5
3426 4081 6
3426 4168 4
3427 3814 2
3427 2167 9
3428 850 2
3428 3184 9
3428 2924 6
3428 946 4
3429 3100 1
3429 3567 6
3429 2704 5
3430 1961 6
3431 3134 6
3432 687 3
3432 2836 2
3432 4331 10
3432 2254 9
3432 2980 6
3433 4546 6
3433 912 7
3433 3701 10
3433 3913 5
3434 1150 5
3434 1068 1
3435 1072 3
3436 2044 1
3436 760 5
3437 2877 2
3438 88 4
3438 2961 1
3438 2210 8
3438 2544 5
3439 1407 3
3439 77 7
3439 2463 7
3439 1109 3
3439 4653 7
3440 2938 6
3440 4750 9
3441 4862 2
3441 3478 4
3441 2261 5
3442 3530 10
3442 445 2
3442 1385 3
3442 3269 1
3443 2988 7
3443 2221 4
3443 4287 5
3444 4861 2
3445 4062 6
3446 1537 2
3447 1512 7
3448 391 1
3448 454 5
3448 274 1
3449 905 1
3449 1293 5
3449 2402 10
3449 2818 10
3449 3351 2
3450 2476 1
3450 533 1
3450 1420 9
3450 3821 9
3450 4389 9
3451 4122 5
3451 1522 10
3452 2078 9
3452 1855 6
3452 840 2
3453 4123 8
3453 4902 9
3454 1448 9
3454 985 3
3454 499 9
3454 4253 8
3454 548 4
3455 4636 10
3455 265 6
3455 164 4
3455 3668 2
3456 4904 8
3456 4012 10
3456 3592 9
3456 494 3
3457 4960 8
3457 1034 6
3457 3381 2
3457 2299 4
3458 4043 5
3459 4633 1
3459 4417 7
3459 3728 5
3459 2626 4
3460 1468 3
3460 3322 2
3461 861 10
3462 4 2
3462 3487 3
3462 1479 9
3462 333 10
3463 3731 2
3463 3029 3
3464 1424 8
3465 26 8
3465 3742 5
3465 4794 6
3465 3880 7
3466 376 6
3466 746 6
3467 3223 9
3468 1142 7
3468 572 5
3469 3575 10
3470 2246 10
3470 2100 4
3471 2490 5
3471 3191 7
3471 3077 1
3471 3704 2
3472 2642 1
3473 2372 8
3474 3286 6
3474 3230 2
3474 3840 10
3474 3727 4
3474 3597 2
3475 803 10
3475 4685 2
3476 912 6
3476 1706 8
3476 764 8
3476 1781 4
3476 1402 2
3477 4967 6
3477 2221 7
3477 3647 6
3477 2222 1
3478 810 3
3478 1324 8
3478 3953 10
3479 2899 1
3480 3789 5
3481 1936 6
3481 2197 2
3481 884 9
3481 97 5
3481 4742 1
3482 1984 1
3482 4490 9
3482 4832 2
3482 1868 5
3482 2724 5
3483 4331 5
3483 201 9
3483 1417 3
3483 1407 4
3483 1243 6
3484 44 9
3484 3547 1
3484 3670 9
3484 2428 3
3485 323 4
3486 2121 8
3486 534 10
3486 2048 7
3486 1418 2
3486 4026 5
3487 4873 1
3487 230 10
3487 3236 2
3487 3188 4
3487 3090 3
3488 3239 5
3488 3719 1
3488 456 7
3489 2631 7
3489 4454 2
3489 2072 1
3490 852 7
3490 4845 5
3491 3595 7
3491 413 5
3491 4673 2
3491 4570 7
3491 866 9
3492 1284 4
3492 3913 4
3492 1385 4
3493 1711 8
3493 1541 7
3493 2072 8
3493 4223 10
3493 2726 1
3494 1389 3
3494 3131 9
3494 1293 9
3494 2962 10
3494 309 5
3495 4204 10
3495 4234 1
3495 4513 3
3495 1065 6
3495 1300 3
3496 3385 9
3497 2441 5
3497 1138 6
3497 2843 6
3497 3920 10
3497 1281 3
3498 491 5
3498 3631 8
3499 3953 9
3499 3334 8
3499 852 8
3500 1115 3
3500 3985 7
3500 2131 6
3500 131 5
3500 3703 8
3501 3110 4
3501 533 4
3501 3431 2
3501 3818 5
3501 2774 7
3502 2896 5
3502 1006 4
3502 4632 3
3503 3217 3
3504 3467 2
3504 1816 7
3505 2577 5
3505 3048 2
3505 246 1
3505 675 10
3505 4682 10
3506 2312 8
3507 2847 10
3507 1788 4
3508 325 8
3508 3935 4
3508 2946 5
3508 1220 10
3509 1848 9
3509 743 1
3510 4502 9
3511 2544 1
3511 2044 4
3511 1828 3
3511 1805 3
3511 4978 1
3512 4606 4
3512 1305 2
3512 891 5
3512 2159 2
3513 553 6
3514 1190 9
3514 4733 6
3514 4774 9
3514 1788 9
3515 1113 3
3515 3668 6
3515 2729 4
3516 1031 9
3516 870 8
3516 1928 9
3516 2896 1
3517 1154 7
3517 131 6
3517 4352 1
3517 2892 8
3517 1965 6
3518 1493 10
3518 2654 1
3518 1385 3
3518 1959 5
3518 1358 6
3519 3644 9
3519 3363 10
3519 329 9
3519 2600 5
3520 48 10
3520 1085 3
3520 1476 9
3520 3822 8
3520 2013 8
3521 3041 10
3522 4875 10
3522 1898 6
3522 2787 2
3523 4893 9
3523 4801 1
3523 418 10
3523 4383 4
3524 167 4
3524 1364 7
3524 677 6
3525 2025 7
3525 2442 7
3526 3051 6
3526 1021 9
3527 1242 2
3527 415 6
3527 437 7
3527 1961 5
3528 3344 10
3529 4006 4
3530 1659 3
3530 4194 9
3530 2822 8
3530 3266 5
3530 400 9
3531 4905 1
3531 4999 8
3532 698 8
3532 4920 3
3532 1249 3
3532 2405 4
3533 280 8
3533 963 7
3534 3768 1
3534 3806 2
3535 2873 9
3536 1201 5
3536 373 5
3536 4517 6
3536 489 6
3537 4742 3
3537 723 10
3537 4212 1
3537 1385 2
3538 875 7
3538 805 10
3538 4567 4
3538 3303 6
3538 4634 2
3539 1347 6
3540 3529 8
3540 441 7
3540 3012 1
3540 3692 2
3541 795 3
3541 2426 3
3541 2814 2
3541 4149 1
3541 876 10
3542 665 10
3542 4662 7
3542 228 1
3542 2235 10
3542 3250 4
3543 2171 9
3543 222 4
3543 1922 3
3543 3378 1
3544 2378 4
3544 3099 4
3544 2440 7
3545 4576 6
3545 2660 6
3545 631 7
3546 2747 4
3546 2758 1
3546 2769 8
3546 1522 8
3547 2980 7
3548 4862 8
3549 3918 3
3549 967 6
3549 2967 10
3549 4835 10
3550 731 1
3550 1944 2
3550 2498 10
3551 2403 1
3551 214 10
3551 1498 4
3552 2706 5
3553 100 7
3553 3515 7
3553 3936 6
3553 3668 3
3553 2443 10
3554 2529 4
3555 4710 10
3555 4862 9
3555 3633 6
3555 3586 5
3555 4221 9
3556 570 8
3557 3507 10
3557 1840 1
3557 4022 4
3558 2335 4
3558 3103 10
3559 1338 7
3559 3369 10
3559 1822 10
3559 3444 5
3559 1590 10
3560 4766 9
3560 839 5
3560 2855 7
3561 4177 4
3561 3703 9
3561 1818 9
3561 4223 3
3561 4525 10
3562 2755 3
3562 2833 8
3562 2897 2
3562 2296 4
3563 178 1
3563 665 5
3563 4853 9
3563 229 7
3563 4975 4
3564 2077 8
3564 2256 8
3565 1155 5
3566 3823 2
3567 4434 1
3568 1289 5
3568 2954 3
3569 2736 3
3569 3789 3
3569 4293 5
3569 401 3
3569 4966 8
3570 1847 10
3570 3759 7
3570 1352 3
3570 843 9
3571 1325 4
3572 2013 7
3573 4921 5
3573 1299 5
3573 3375 9
3574 4661 6
3574 1457 3
3574 53 10
3574 2918 10
3574 2426 10
3575 4785 2
3575 4182 5
3575 3231 9
3575 313 4
3575 4813 2
3576 1325 4
3576 565 6
3576 3196 3
3577 3866 4
3577 906 6
3577 3507 2
3577 461 10
3577 2696 7
3578 1164 2
3578 4697 10
3579 4532 9
3579 3451 7
3580 26 6
3580 4044 1
3580 1695 7
3581 3302 3
3581 1371 8
3581 4279 3
3582 1369 10
3582 3835 7
3582 4997 5
3583 2000 9
3583 3414 2
3584 2789 7
3584 4549 4
3584 1201 7
3584 3312 9
3584 2074 9
3585 4772 1
3585 1495 2
3585 2651 2
3586 1324 1
3586 4340 3
3586 2458 5
3587 3864 10
3587 4357 3
3587 2041 9
3588 239 4
3588 625 4
3588 159 9
3588 200 5
3589 1120 2
3589 1177 10
3589 4744 1
3589 2193 10
3589 1093 1
3590 4810 10
3590 1894 1
3590 4475 5
3591 1613 3
3591 1830 9
3591 4886 7
3592 3484 4
3593 3387 2
3593 3468 6
3594 1654 3
3594 4886 4
3594 4139 7
3595 2220 9
3596 1958 9
3596 2833 1
3596 2714 4
3596 471 9
3596 2358 2
3597 2859 9
3597 306 2
3597 2736 9
3598 201 2
3598 101 8
3598 200 10
3598 4795 9
3598 2992 10
3599 3823 9
3600 1551 4
3600 3538 6
3601 1100 2
3601 1324 7
3602 1599 9
3602 1286 4
3602 4531 9
3602 906 1
3602 312 8
3603 1664 2
3603 4183 10
3603 2331 8
3604 1767 8
3605 4028 5
3605 3168 8
3605 1062 10
3605 4422 10
3605 2225 10
3606 3375 9
3607 2550 2
3607 3942 7
3608 784 10
3608 2710 7
3608 3764 3
3609 498 1
3609 3318 5
3609 1366 9
3610 1517 5
3610 3413 2
3610 1797 7
3611 1984 10
3611 1928 3
3611 585 4
3612 4615 2
3612 2707 10
3613 1529 4
3614 4379 7
3614 3069 8
3614 4993 10
3614 315 3
3615 4416 2
3615 3394 9
3615 2673 3
3615 3659 8
3615 3773 8
3616 935 8
3616 1644 5
3616 2337 6
3617 4118 4
3617 1128 7
3618 250 9
3618 900 7
3618 3080 3
3618 593 7
3618 371 10
3619 692 10
3619 2502 2
3619 3889 1
3619 1816 6
3619 1457 5
3620 3468 4
3620 3977 5
3620 2918 1
3621 2902 6
3621 4043 10
3621 3968 4
3621 3745 3
3621 31 8
3622 3811 3
3623 2388 8
3623 615 9
3623 279 1
3624 3216 6
3624 2656 4
3625 4973 6
3625 1002 5
3626 3627 9
3626 3810 5
3626 1855 7
3626 1742 2
3626 1459 2
3627 4436 6
3627 2449 9
3627 4622 2
3628 2314 8
3629 4622 7
3630 4467 8
3630 3447 1
3630 4343 3
3631 4524 9
3631 3928 8
3632 4788 8
3632 223 2
3633 504 8
3633 905 4
3633 931 3
3634 3950 10
3634 3413 4
3635 1491 5
3635 4813 5
3635 716 4
3635 3486 8
3636 4863 5
3636 1690 8
3637 2095 5
3637 1633 5
3637 2584 5
3638 736 8
3638 3353 9
3638 3837 2
3638 472 5
3639 95 2
3639 503 6
3639 1117 6
3640 4527 3
3640 3115 3
3640 4080 6
3640 1768 1
3640 2519 4
3641 2709 4
3641 1281 1
3641 4639 4
3641 3315 2
3642 3034 1
3643 2758 3
3643 585 10
3643 3326 10
3643 3153 2
3644 428 2
3645 3381 8
3645 1135 1
3645 4415 7
3646 1025 1
3646 1107 2
3646 281 4
3647 649 4
3647 1742 2
3647 3909 1
3647 2582 1
3647 4085 8
3648 3269 7
3648 2623 5
3648 2741 6
3649 3527 8
3649 918 1
3649 3082 4
3649 1153 6
3649 1076 4
3650 4914 1
3651 3521 9
3651 1667 5
3651 1684 7
3652 482 3
3652 335 6
3652 2056 2
3652 3192 2
3652 109 9
3653 4150 1
3653 3897 6
3653 1677 10
3654 971 6
3654 3172 4
3654 3533 10
3654 1968 4
3654 2340 8
3655 4068 8
3655 3544 10
3655 2601 2
3656 700 10
3656 3507 1
3656 834 7
3656 4765 10
3656 4528 2
3657 1648 7
3657 2399 6
3657 3271 3
3657 4977 4
3657 2085 5
3658 3127 3
3658 1925 3
3659 3398 5
3659 168 6
3659 3280 10
3659 609 7
3660 4483 4
3660 208 3
3660 1314 7
3660 3691 7
3660 1962 1
3661 4833 9
3661 852 7
3661 983 4
3662 2178 6
3663 3590 7
3663 3139 3
3663 4512 5
3664 2342 1
3664 649 3
3664 1415 4
3664 375 6
3665 1895 3
3665 1715 1
3665 2463 5
3665 2980 8
3665 3439 9
3666 3026 10
3666 4956 6
3666 1788 5
3667 1294 10
3667 1484 9
3667 2544 6
3667 850 4
3668 1324 8
3669 1929 3
3669 3030 9
3670 779 7
3671 100 3
3671 4660 9
3671 4814 8
3672 2125 2
3672 734 5
3672 1948 8
3672 3997 3
3673 1468 3
3673 2499 4
3673 1284 5
3673 4411 1
3674 2465 1
3674 1732 8
3674 4575 4
3675 1833 10
3675 4504 4
3676 2338 10
3676 4973 9
3676 2316 5
3676 2472 10
3676 216 4
3677 2856 10
3678 1115 9
3678 2473 7
3679 4835 4
3679 1782 1
3679 4836 8
3680 3317 9
3680 4727 7
3680 4643 8
3680 406 4
3680 4546 5
3681 2855 6
3681 1706 6
3681 2402 2
3681 4365 6
3682 4943 7
3682 4582 5
3682 4102 5
3683 4720 10
3683 1947 7
3683 649 7
3683 2727 1
3683 4743 2
3684 2735 3
3685 1423 1
3685 873 8
3685 2372 7
3685 4205 8
3685 3618 7
3686 2009 4
3686 2982 8
3686 3864 3
3686 4118 10
3686 1933 4
3687 2048 7
3687 731 10
3687 3688 10
3687 3498 3
3688 1133 7
3688 899 1
3688 4886 3
3688 2014 2
3688 3944 10
3689 1371 8
3689 145 6
3690 1047 9
3691 3033 10
3691 4622 10
3691 1645 1
3691 4182 2
3691 4213 1
3692 2550 10
3692 376 6
3692 2043 5
3693 4293 4
3693 3149 6
3693 1191 5
3694 4140 9
3694 4533 9
3695 2620 10
3695 1695 10
3696 3255 5
3696 2941 2
3696 2995 7
3696 3376 8
3697 1642 6
3697 3958 9
3698 2902 6
3699 279 5
3699 1816 1
3699 1072 4
3700 4668 10
3701 1639 2
3701 1173 1
3701 3019 6
3701 4329 8
3702 2416 6
3703 2131 5
3703 465 7
3703 3489 7
3703 623 2
3704 3131 8
3704 1527 6
3704 3936 7
3704 4665 7
3704 1269 6
3705 2090 3
3705 2897 10
3705 2190 6
3705 1738 5
3705 2336 1
3706 3839 8
3707 4050 6
3707 4564 6
3708 741 9
3708 3364 7
3709 2956 3
3709 2265 8
3709 4978 3
3709 4586 10
3709 144 5
3710 2414 4
3711 4579 2
3711 1402 1
3712 3132 7
3712 3753 4
3713 1565 2
3713 4360 4
3713 4768 7
3713 1769 6
3713 4529 5
3714 3359 9
3714 3388 4
3714 1776 8
3714 4084 7
3715 616 10
3716 621 4
3716 4677 7
3716 2645 3
3717 1890 2
3717 62 5
3717 491 4
3718 4255 7
3719 1711 4
3719 1115 1
3719 2726 5
3719 4984 6
3719 1905 5
3720 1349 2
3720 2285 2
3720 1846 8
3721 2924 1
3721 4440 6
3722 2838 7
3722 3236 8
3722 3895 7
3722 2928 3
3723 2660 4
3723 4329 1
3723 2852 4
3723 339 10
3724 3579 4
3724 1140 7
3725 476 7
3725 166 4
3725 3563 5
3725 3613 9
3725 4216 2
3726 2636 9
3726 3220 5
3726 4218 8
3727 3878 8
3727 1237 2
3727 2561 4
3728 3798 1
3728 1491 1
3729 828 3
3730 3846 9
3730 1767 10
3730 2733 5
3730 665 2
3730 4596 3
3731 4416 3
3731 4077 5
3731 3033 3
3732 1461 9
3733 3585 6
3733 587 1
3733 1707 9
3734 3184 4
3734 3419 5
3734 3176 1
3735 4067 2
3735 3609 9
3735 2096 10
3736 2533 4
3736 2719 7
3736 2769 5
3737 4174 2
3737 243 3
3737 726 9
3738 4163 8
3738 2548 2
3738 2375 7
3738 4048 3
3739 4057 3
3739 553 6
3739 3907 4
3740 874 3
3741 2287 10
3741 3876 5
3741 243 4
3741 893 10
3741 1771 6
3742 3306 1
3742 2540 10
3742 1730 2
3742 2658 7
3743 4887 4
3744 4973 4
3745 1522 7
3745 1555 9
3746 3017 9
3746 4325 1
3746 2064 4
3746 2229 10
3747 1770 10
3747 3471 10
3748 4445 3
3749 1698 9
3749 2150 2
3749 800 9
3749 4003 5
3749 1708 3
3750 1595 3
3751 1188 2
3751 2388 10
3751 4313 4
3751 3910 7
3752 899 4
3752 1294 2
3753 1355 4
3753 924 10
3754 3543 8
3754 1029 2
3754 1951 9
3754 2330 8
3754 2881 9
3755 3878 4
3756 467 1
3756 874 1
3756 3236 7
3756 4161 7
3757 3192 9
3758 2082 10
3758 1029 1
3759 3810 6
3759 3893 6
3759 1970 3
3759 269 9
3760 856 6
3760 165 10
3760 250 10
3760 4775 9
3761 471 3
3761 3789 1
3761 1486 9
3762 1558 1
3762 491 6
3762 4970 6
3763 3568 2
3763 4475 4
3763 4462 1
3764 1895 4
3764 4293 9
3764 4484 3
3765 1201 9
3765 17 10
3765 4303 2
3766 1230 4
3766 570 7
3766 4847 2
3767 3542 9
3767 1531 1
3767 160 5
3767 4727 4
3768 4314 2
3768 1861 9
3769 1373 5
3769 960 3
3769 726 6
3769 2118 7
3769 2108 9
3770 4100 1
3771 3828 6
3771 4435 5
3771 1244 5
3771 1462 1
3772 2705 9
3772 1087 10
3772 2252 1
3772 1688 4
3773 2956 7
3773 3876 2
3774 1915 10
3774 4186 3
3775 680 6
3775 3586 7
3775 2063 10
3775 3949 7
3775 3863 2
3776 3327 3
3777 3887 4
3777 3543 5
3778 4864 8
3778 1573 8
3779 2475 3
3779 1158 4
3780 3313 9
3781 2404 3
3781 4835 10
3781 3134 10
3781 689 3
3782 2802 6
3782 3963 7
3782 2617 5
3782 4004 4
3782 465 9
3783 4553 6
3784 4946 1
3784 4424 7
3784 1069 3
3784 1104 7
3784 537 2
3785 813 1
3785 4398 5
3785 1861 3
3785 1610 1
3785 1800 8
3786 876 3
3786 3152 4
3786 2777 6
3786 4408 6
3786 1545 3
3787 3836 5
3787 2780 1
3787 4075 3
3787 4140 3
3787 542 3
3788 3875 2
3788 4979 8
3788 239 8
3788 401 2
3789 279 3
3790 1557 1
3791 765 5
3791 1541 4
3792 2302 8
3792 1702 9
3792 4832 9
3793 4248 9
3793 1386 3
3793 4106 3
3793 868 3
3793 1849 4
3794 1190 5
3794 4498 9
3794 170 3
3795 4064 6
3795 3889 10
3795 3916 6
3795 3069 5
3795 887 8
3796 1518 3
3796 4066 10
3796 2242 2
3796 3084 7
3796 2451 2
3797 1495 10
3797 798 2
3797 4801 1
3798 2135 2
3799 1176 9
3799 4022 7
3799 2512 10
3799 3676 6
3800 2286 9
3800 660 6
3800 4721 7
3801 401 7
3801 419 1
3801 2575 9
3801 2596 10
3802 4938 6
3802 3668 5
3803 4163 5
3803 2405 3
3803 4097 2
3803 789 10
3804 470 2
3805 488 10
3805 4285 8
3805 3731 4
3806 4037 6
3807 2544 10
3807 2407 8
3807 3660 10
3807 4524 1
3808 2687 1
3808 4859 9
3808 593 4
3809 2843 1
3809 4011 1
3809 1828 8
3809 4524 3
3809 1227 10
3810 2164 10
3811 1149 10
3811 3731 9
3811 2047 7
3812 4167 10
3813 2143 6
3814 2005 4
3814 217 8
3814 3818 5
3814 4324 3
3815 488 8
3815 3092 4
3815 617 6
3816 4825 9
3817 3390 4
3817 4154 2
3817 3922 10
3817 1586 1
3817 2173 9
3818 3703 3
3818 1950 5
3819 2197 3
3820 680 6
3820 3203 2
3820 3131 3
3821 1250 9
3821 2447 9
3821 3271 3
3821 1054 5
3822 1468 1
3823 4835 6
3823 319 9
3823 2687 8
3823 1978 6
3824 3226 5
3824 249 10
3824 2780 5
3824 4138 9
3824 2530 3
3825 3533 6
3825 3035 7
3825 2477 6
3826 1069 7
3826 3552 6
3826 4883 3
3826 1947 4
3827 4740 4
3827 4478 5
3827 687 5
3827 2417 1
3827 182 1
3828 2434 3
3828 3826 2
3829 1055 2
3829 1354 10
3830 1660 3
3830 3582 8
3831 4053 3
3831 1838 3
3832 3876 10
3832 2626 4
3833 3527 9
3833 2721 9
3833 3471 2
3834 599 4
3834 4945 10
3835 3031 9
3835 4694 2
3835 4960 7
3835 1724 5
3835 2941 3
3836 2734 1
3837 2996 10
3837 1291 3
3837 1278 8
3837 623 5
3838 2822 4
3838 2229 9
3838 794 4
3838 2061 1
3838 3434 9
3839 2391 4
3839 4449 2
3840 4408 3
3840 940 4
3840 2117 1
3840 4768 2
3841 295 5
3841 3196 5
3842 2331 4
3842 2403 8
3843 518 7
3843 4053 7
3843 3875 2
3843 800 2
3843 3749 2
3844 338 7
3844 2427 3
3844 535 1
3844 3966 8
3844 1779 4
3845 4426 6
3845 4344 3
3845 2687 6
3845 473 3
3846 1358 4
3846 417 5
3846 178 4
3847 1164 2
3847 2378 10
3847 3407 1
3848 1240 7
3848 2083 9
3848 1958 10
3848 2685 3
3849 3027 6
3849 3460 2
3850 2300 6
3850 818 9
3850 1417 10
3850 4626 1
3851 2594 8
3851 4029 4
3851 1405 8
3851 4219 5
3852 3105 9
3852 3356 1
3852 2735 2
3852 1079 5
3852 4096 2
3853 2680 1
3853 373 4
3853 3728 6
3853 2386 8
3854 3387 10
3855 4618 10
3856 4675 6
3857 3040 8
3857 4344 1
3857 1188 8
3857 360 4
3858 3814 5
3858 4847 8
3858 3500 8
3858 2404 1
3859 3895 10
3860 2397 6
3860 1195 6
3860 4832 7
3861 3194 3
3861 2605 3
3861 1702 2
3861 604 10
3862 1733 6
3862 3535 10
3863 60 9
3863 1292 5
3863 1915 1
3863 2774 3
3863 4760 1
3864 2564 8
3864 4764 9
3864 821 2
3865 648 4
3865 1398 8
3865 283 7
3866 3239 3
3866 1678 10
3866 344 8
3867 469 10
3867 4213 4
3867 2879 2
3868 4555 8
3868 3247 3
3868 2642 9
3868 400 1
3868 2795 5
3869 3540 2
3869 418 5
3869 2677 5
3870 3419 5
3870 1861 5
3870 3125 9
3870 628 2
3870 2546 7
3871 26 6
3871 4106 6
3872 2682 6
3872 4697 7
3872 3946 6
3873 4879 2
3873 3192 3
3873 3082 1
3873 1347 2
3873 105 7
3874 2954 2
3875 4981 4
3875 4770 2
3875 4353 3
3875 1145 6
3875 1555 7
3876 4978 2
3876 1870 7
3876 844 1
3876 4576 9
3876 4761 7
3877 2369 1
3877 2813 8
3878 1698 10
3879 2795 4
3879 3201 1
3879 1027 10
3879 3217 5
3880 4317 8
3880 1124 2
3880 1468 9
3881 3084 10
3881 3401 1
3881 3623 4
3881 244 7
3882 3868 1
3883 852 5
3883 999 4
3883 3887 6
3883 265 10
3883 2468 7
3884 1156 5
3884 4640 4
3884 1033 3
3884 2280 7
3885 1645 2
3885 328 1
3885 1861 9
3885 4477 2
3885 4778 7
3886 234 10
3887 2363 8
3888 2524 5
3889 1618 8
3889 615 10
3889 2575 9
3889 4297 4
3889 8 10
3890 4547 4
3890 2539 7
3890 681 4
3890 3156 8
3890 3163 6
3891 436 10
3891 2515 6
3891 1113 7
3892 1943 5
3892 101 8
3892 1576 4
3892 2533 2
3893 2078 8
3893 2866 2
3894 2389 10
3894 4746 3
3894 3910 8
3894 4768 7
3894 1486 4
3895 672 6
3895 2463 2
3895 3439 9
3896 4259 6
3897 689 8
3897 3983 5
3897 1419 1
3897 4046 9
3897 4452 1
3898 864 9
3898 3415 3
3898 3244 7
3899 336 10
3899 3084 6
3899 1823 5
3899 1430 9
3900 388 9
3900 2609 6
3900 1031 5
3900 2998 9
3900 1569 8
3901 217 10
3901 1952 9
3901 2057 5
3902 3006 4
3902 461 5
3902 3096 9
3902 374 1
3902 3551 10
3903 4295 3
3903 853 7
3903 2330 7
3903 206 8
3903 824 5
3904 880 8
3905 3630 8
3905 4062 5
3905 1894 6
3905 2575 8
3906 4187 10
3906 2895 7
3907 2583 5
3907 2452 6
3907 1055 9
3907 3787 5
3907 2880 2
3908 2298 7
3908 594 2
3909 4200 6
3909 928 10
3910 2037 1
3910 4424 6
3910 3147 2
3911 635 9
3911 3149 8
3911 2375 2
3911 2596 2
3912 468 6
3912 4832 5
3912 2637 1
3913 3096 6
3913 3446 5
3913 4654 3
3914 434 9
3914 1453 8
3914 4498 10
3914 2847 4
3915 1786 10
3915 3391 4
3915 2975 1
3916 3812 9
3916 165 10
3917 2650 7
3917 1122 3
3918 392 10
3918 3248 6
3918 1370 10
3918 3111 9
3918 266 1
3919 2283 1
3919 4513 9
3919 1644 8
3920 707 5
3921 4122 1
3921 3156 6
3921 14 9
3921 2162 4
3922 494 8
3922 4420 9
3922 1697 8
3922 3193 2
3923 3103 6
3923 3035 10
3923 1950 6
3923 4510 9
3924 3204 2
3925 313 10
3925 499 3
3925 2390 4
3926 4745 10
3927 4875 7
3928 3706 9
3928 4438 9
3928 136 6
3929 638 8
3929 2221 2
3929 2162 10
3930 4073 8
3930 1710 8
3930 2189 9
3930 4688 9
3931 875 1
3931 4046 7
3931 4022 2
3931 1588 1
3931 2972 3
3932 4468 4
3932 2624 6
3933 3818 9
3933 765 1
3933 3427 2
3934 1152 5
3934 2091 2
3934 1050 5
3934 2037 3
3934 4532 8
3935 519 5
3935 4583 4
3936 3021 7
3936 3980 1
3937 1763 3
3937 1142 5
3937 1243 3
3937 561 8
3938 88 6
3938 1864 3
3939 4778 2
3940 1117 10
3941 4802 5
3941 177 5
3941 1062 4
3942 3812 1
3942 165 4
3942 2893 9
3942 1769 7
3943 473 6
3943 2258 8
3944 4415 7
3944 2044 3
3944 1833 8
3944 714 2
3944 4879 5
3945 4139 3
3945 4930 2
3945 3242 4
3946 4417 10
3946 155 3
3946 3429 2
3947 2122 3
3948 756 10
3948 2815 8
3949 3866 1
3949 436 7
3949 1111 7
3949 3951 4
3950 4007 1
3950 2838 2
3950 2984 3
3951 4598 10
3952 3691 9
3952 2704 4
3952 3291 1
3953 4587 8
3953 996 1
3953 878 8
3953 3577 2
3953 3528 1
3954 1529 7
3954 3300 6
3955 293 8
3955 865 8
3956 679 9
3956 2648 6
3956 4127 1
3956 3820 2
3956 4794 4
3957 4347 7
3957 3251 1
3957 1728 4
3957 3722 2
3957 3621 6
3958 4550 7
3958 3500 7
3958 4357 4
3958 719 6
3959 2578 8
3959 2807 6
3959 2468 3
3959 3154 6
3960 140 2
3961 3360 8
3961 1015 6
3961 439 1
3962 376 8
3962 2708 2
3962 4012 10
3962 4123 8
3962 4889 2
3963 53 2
3963 70 7
3963 1623 7
3963 2865 10
3964 3126 7
3964 2852 1
3964 3500 10
3964 246 10
3965 4128 7
3965 4804 9
3966 1663 5
3966 2818 10
3966 2774 1
3967 3343 7
3967 868 3
3967 609 9
3968 604 2
3968 956 10
3968 2780 3
3968 975 10
3968 2929 3
3969 2859 8
3970 894 3
3970 818 6
3971 2293 2
3971 4362 7
3971 154 8
3971 3043 2
3971 4269 3
3972 4062 7
3973 2774 10
3973 3126 5
3973 2515 8
3973 3476 8
3974 4644 2
3974 1816 8
3974 252 6
3974 4481 5
3974 2416 3
3975 140 2
3976 1983 7
3976 2574 9
3977 3468 8
3978 3936 8
3978 3446 5
3978 1234 1
3979 3763 10
3980 4362 4
3980 4046 10
3980 1540 4
3981 2750 10
3981 2415 8
3982 2396 8
3982 1459 10
3982 956 10
3982 2231 7
3982 3156 2
3983 1642 6
3983 2743 9
3984 4684 2
3984 1461 5
3984 2998 8
3984 397 3
3984 1984 8
3985 886 1
3985 4152 6
3986 4724 10
3987 3834 4
3988 4897 5
3988 4250 4
3989 4433 9
3989 665 3
3990 3768 7
3990 1864 8
3991 196 1
3992 3574 4
3992 301 9
3993 944 8
3993 2352 9
3993 3814 8
3994 2007 10
3994 3575 9
3994 2486 1
3994 2494 2
3994 4875 6
3995 3093 6
3996 2670 5
3996 1384 3
3996 2304 10
3997 824 6
3997 1422 6
3997 4898 1
3997 4546 6
3997 2473 10
3998 2762 6
3999 906 9
4000 320 4
4001 3987 8
4001 1648 2
4001 4682 1
4002 3046 8
4002 2690 5
4002 1823 7
4002 635 2
4002 1885 2
4003 1823 6
4003 4379 10
4003 800 5
4004 1496 5
4004 1364 4
4004 2312 3
4004 3303 3
4005 60 1
4005 3045 1
4005 3334 1
4005 3689 9
4006 3619 5
4006 1439 5
4007 692 10
4007 357 10
4007 545 2
4007 3801 2
4007 2931 6
4008 839 5
4009 1036 5
4010 765 1
4011 508 10
4011 9 8
4012 1383 5
4012 2760 8
4012 657 10
4013 4282 9
4013 4041 2
4013 4524 2
4013 4151 1
4013 4359 3
4014 1885 2
4014 2706 4
4015 4487 9
4016 2995 10
4016 2956 5
4016 662 10
4017 2451 5
4017 3874 1
4017 3905 4
4017 2575 1
4018 4094 2
4018 1526 10
4018 2021 4
4019 4371 1
4019 2827 3
4019 903 8
4019 3157 6
4020 2874 10
4020 3297 3
4020 3544 5
4020 4663 5
4020 3120 8
4021 3617 2
4021 3525 6
4021 4774 10
4021 4480 2
4022 1983 6
4022 2311 9
4022 1821 6
4022 3524 3
4022 4370 7
4023 211 8
4023 1646 10
4023 37 3
4024 3706 3
4024 642 10
4025 1521 7
4026 983 7
4027 3562 2
4027 1697 8
4028 1127 2
4029 1697 6
4030 1421 4
4030 2641 8
4031 3777 6
4031 3936 3
4032 4450 9
4033 3142 2
4033 4102 3
4033 3497 1
4033 4943 9
4034 2117 3
4034 3972 8
4035 2659 8
4036 2651 4
4037 2679 4
4038 1772 8
4038 2307 3
4039 4216 4
4040 3924 9
4040 201 6
4040 1188 4
4040 2410 9
4041 3689 9
4041 3645 5
4041 2399 5
4041 2385 9
4041 1942 4
4042 1280 2
4042 3323 8
4042 2839 6
4042 3707 3
4043 4140 1
4043 3482 1
4043 328 2
4044 4249 5
4044 3178 4
4044 521 3
4044 1422 5
4045 1557 10
4046 2201 2
4046 3444 5
4047 2405 10
4047 2842 3
4048 2272 9
4048 3911 6
4048 342 2
4048 502 6
4048 1392 3
4049 4396 7
4050 3289 9
4050 2575 5
4050 401 1
4050 572 8
4051 114 4
4051 188 1
4051 4816 1
4051 2275 5
4052 4462 3
4052 58 5
4052 3760 9
4052 4842 4
4053 2719 2
4053 3870 2
4053 4946 10
4054 4159 7
4055 825 6
4055 3126 6
4056 855 2
4057 2841 9
4057 2441 6
4057 3578 5
4057 4318 5
4058 2876 2
4058 3128 4
4059 2897 5
4059 1392 9
4059 1211 3
4060 1599 2
4060 2743 5
4061 400 2
4061 2284 4
4061 1785 8
4062 4467 7
4062 4297 5
4063 4853 4
4063 205 5
4063 1445 3
4063 1711 7
4064 4098 1
4065 2115 5
4065 3867 5
4065 1533 4
4065 3816 9
4066 737 6
4066 553 4
4066 37 3
4066 1555 3
4066 1847 3
4067 2351 2
4067 434 8
4068 2637 8
4068 1179 3
4068 4875 2
4068 1201 5
4069 2648 5
4069 94 8
4069 4694 4
4069 4216 5
4069 4563 5
4070 619 10
4071 3137 3
4071 2228 1
4071 1523 6
4071 2935 7
4071 966 7
4072 4208 10
4072 256 6
4072 4546 9
4072 996 5
4073 3888 8
4073 2116 1
4073 2822 9
4074 4639 5
4074 499 6
4074 3301 10
4074 255 10
4074 2361 6
4075 4907 6
4075 731 3
4075 1844 4
4076 4669 4
4076 2079 2
4076 4314 4
4076 628 8
4076 4697 10
4077 642 5
4078 4868 5
4078 2868 6
4078 2869 4
4078 903 6
4079 2335 7
4079 2371 9
4080 124 7
4081 4521 7
4082 3323 6
4082 1737 2
4082 4095 4
4082 2009 6
4083 3511 6
4083 4978 7
4084 3690 8
4084 4163 4
4084 306 2
4084 647 1
4085 4254 4
4085 3025 2
4085 61 2
4085 4023 3
4085 3578 1
4086 1537 5
4087 4943 7
4088 444 5
4088 1413 10
4088 4807 7
4089 2852 9
4089 2108 8
4089 3515 8
4089 2718 1
4089 898 3
4090 3916 10
4091 2095 5
4091 3114 4
4091 1832 3
4092 4257 9
4092 4660 4
4092 3915 1
4093 4833 10
4094 3948 10
4095 773 9
4095 2804 7
4095 1541 1
4095 4581 10
4096 585 5
4096 1888 7
4096 3326 4
4096 4540 1
4096 869 2
4097 2209 10
4097 687 9
4097 1494 5
4098 1853 5
4098 132 8
4098 4776 2
4098 2643 9
4099 196 6
4100 1385 10
4101 1497 7
4102 4303 3
4102 3884 9
4103 2945 3
4103 3688 3
4104 1449 3
4105 3936 10
4105 3376 4
4105 535 8
4105 1629 5
4106 4361 9
4106 4291 9
4107 2077 1
4108 344 10
4108 2969 3
4108 2127 3
4108 3250 6
4108 773 9
4109 490 1
4109 172 10
4109 2254 9
4109 3598 7
4110 908 2
4110 3648 4
4111 2275 3
4111 4522 9
4111 2420 8
4111 1046 7
4112 1521 1
4112 2491 10
4112 4715 5
4112 4025 3
4113 3135 4
4113 1718 7
4113 3608 5
4114 2133 3
4114 4736 5
4114 4644 3
4114 3149 8
4115 4011 7
4115 1757 2
4116 1689 8
4116 2166 4
4116 1231 8
4117 2928 7
4117 2272 9
4117 2157 4
4118 963 4
4118 2046 5
4118 2311 6
4118 1738 6
4119 1872 3
4119 2676 1
4119 1078 7
4119 3948 10
4120 262 9
4120 3216 1
4120 3547 5
4120 2463 2
4120 4062 2
4121 4183 5
4121 2201 1
4121 4677 9
4121 4914 10
4121 1390 3
4122 241 2
4122 2078 10
4122 3870 5
4122 61 9
4122 3307 3
4123 4673 4
4123 4387 5
4123 2710 6
4123 1425 4
4123 3439 6
4124 4576 5
4125 3300 5
4125 2851 4
4126 2280 3
4126 3877 3
4126 3115 9
4126 1146 8
4126 3132 2
4127 1078 1
4127 96 5
4127 2472 6
4127 2688 3
4127 4144 8
4128 3915 1
4128 1234 9
4128 3404 8
4129 4993 1
4129 669 9
4129 941 8
4129 1618 10
4129 2428 3
4130 1515 3
4130 1966 7
4130 4962 6
4130 2564 4
4130 3719 5
4131 501 9
4131 4435 5
4132 4988 10
4132 4409 1
4132 2330 7
4132 1948 1
4133 2656 6
4134 301 10
4135 422 4
4136 777 7
4136 2278 6
4136 2954 9
4136 2029 10
4137 3590 1
4137 1519 8
4137 4420 2
4138 2584 10
4138 4184 4
4138 1428 8
4139 1064 3
4139 3741 10
4139 1293 3
4140 2397 7
4140 1899 2
4140 407 5
4141 312 8
4141 3053 8
4141 144 7
4142 2428 8
4142 3313 7
4142 4270 7
4142 2034 5
4142 4163 1
4143 4258 5
4143 2308 2
4143 4404 1
4143 1198 2
4143 855 5
4144 4640 4
4144 238 2
4144 4168 3
4144 2137 2
4145 3168 2
4145 909 4
4146 1823 1
4146 241 1
4146 3283 9
4147 2391 6
4147 3602 7
4148 3471 8
4148 373 4
4149 1055 10
4149 1472 3
4149 2394 5
4149 4098 5
4150 616 7
4150 2336 3
4150 4984 4
4150 3434 8
4150 1985 1
4151 1396 5
4151 3633 7
4151 3252 1
4151 4576 3
4152 3922 2
4153 1512 1
4153 3854 8
4153 1069 10
4154 2332 7
4154 1666 7
4155 4806 7
4155 1821 2
4156 2117 2
4156 4775 10
4156 3740 7
4156 2516 3
4157 4770 10
4157 4891 4
4158 1055 5
4158 1838 8
4158 4715 4
4159 3387 3
4159 4827 1
4159 2414 3
4160 4570 1
4161 67 6
4161 518 3
4161 4736 1
4162 4476 5
4162 4582 2
4162 2764 6
4162 3469 4
4163 4136 1
4163 3854 1
4164 1035 6
4164 2643 1
4164 3624 9
4165 1049 2
4165 2046 6
4165 3719 9
4165 4150 7
4165 4530 1
4166 3033 5
4166 2082 5
4166 3737 8
4166 248 2
4166 4625 8
4167 4993 3
4167 1109 8
4167 4053 3
4167 201 6
4167 941 2
4168 3248 10
4169 4224 8
4169 3244 4
4169 1032 1
4169 3812 1
4170 2062 6
4170 4361 3
4170 3548 4
4171 4754 2
4171 4725 1
4172 4669 1
4173 2114 4
4173 4744 9
4173 4232 1
4173 476 8
4174 1498 10
4174 4898 1
4174 2442 5
4174 4393 8
4174 877 2
4175 3313 7
4176 451 7
4176 3730 7
4176 3668 10
4177 131 9
4177 3015 4
4177 2052 1
4177 719 1
4177 4227 7
4178 3868 4
4178 2953 5
4179 4869 5
4179 1778 10
4179 3943 4
4179 175 9
4179 3248 1
4180 892 3
4180 2657 3
4180 4764 2
4180 2762 6
4180 4487 1
4181 1107 8
4181 800 5
4181 2596 10
4181 1847 4
4181 1792 4
4182 4813 7
4182 4896 7
4182 1870 4
4183 1717 3
4183 3998 4
4183 1032 8
4183 3703 7
4184 1870 8
4184 386 10
4185 2905 5
4185 3148 3
4185 4426 1
4185 1032 3
4186 1068 3
4186 2918 9
4186 3851 8
4187 2511 2
4188 1238 9
4188 4994 5
4189 1659 2
4189 2975 5
4189 1220 10
4190 2382 6
4190 3503 10
4190 189 10
4190 4700 6
4191 1883 10
4191 3028 9
4191 2504 9
4191 2764 4
4191 3920 8
4192 4392 2
4192 2082 6
4193 3920 4
4193 488 3
4193 1963 9
4194 2090 7
4194 3679 2
4195 1202 9
4196 592 9
4196 3274 3
4196 2604 2
4196 1998 8
4196 4366 5
4197 1564 2
4197 4760 1
4198 395 9
4199 1582 5
4200 1533 3
4200 3219 10
4200 1716 2
4201 776 8
4201 823 9
4201 4858 2
4201 2154 8
4201 2151 2
4202 4500 10
4202 1420 4
4202 1599 9
4202 2473 10
4203 1225 6
4203 2630 7
4204 2089 6
4204 3636 2
4204 828 6
4204 873 9
4204 4980 6
4205 2635 6
4205 2024 10
4205 3710 10
4205 3783 10
4206 2108 8
4206 4443 6
4207 2570 3
4207 3236 1
4208 2217 6
4208 265 1
4208 2199 7
4209 3323 5
4209 451 10
4209 214 2
4209 3250 8
4209 1498 6
4210 50 4
4211 880 7
4211 4695 8
4211 4043 2
4211 4344 10
4211 1243 8
4212 3391 6
4212 751 5
4212 4342 2
4213 4416 10
4213 914 8
4214 2820 9
4214 2069 7
4215 2896 3
4216 484 4
4216 531 1
4217 3762 10
4218 3239 9
4218 1468 5
4218 3754 2
4218 1862 4
4219 4805 3
4219 1868 8
4220 4426 9
4220 2657 7
4221 3543 9
4221 453 7
4221 395 7
4221 4088 6
4221 1540 10
4222 1862 5
4222 3839 2
4222 2379 5
4223 3623 8
4223 3148 2
4223 1079 9
4224 4444 4
4224 3889 10
4224 4857 4
4224 3401 6
4225 4038 1
4225 575 5
4226 4919 6
4227 2021 9
4227 1697 4
4227 2904 7
4228 1893 9
4228 3301 10
4228 4625 6
4228 2995 3
4228 3082 8
4229 5000 3
4230 3819 9
4230 4283 7
4230 4637 9
4230 1365 3
4231 3177 3
4231 4010 10
4231 3347 6
4231 3248 2
4231 2564 10
4232 4977 7
4232 2718 7
4232 1468 2
4233 4775 2
4234 6 7
4234 2158 10
4234 3356 5
4235 637 6
4235 146 4
4236 3621 7
4236 3938 5
4236 2612 6
4237 2678 1
4237 4567 5
4238 1849 8
4239 967 9
4239 4234 10
4239 161 6
4240 4584 1
4240 585 7
4240 3113 5
4240 3038 8
4241 311 9
4242 2577 3
4242 794 2
4242 4750 5
4242 344 9
4242 4269 7
4243 912 10
4244 4168 2
4244 3397 7
4245 664 9
4246 3023 9
4246 3026 8
4246 2077 10
4246 3002 3
4247 1446 8
4247 3749 7
4247 4775 9
4248 1595 7
4248 3692 2
4249 2820 9
4249 2630 10
4249 2599 10
4249 1372 7
4250 3126 5
4250 4125 3
4250 1774 6
4250 4741 10
4250 3050 3
4251 4180 6
4251 2141 6
4251 1184 8
4251 3558 5
4252 2859 9
4252 4524 7
4252 4540 8
4253 659 3
4254 763 3
4255 2258 8
4255 3356 5
4255 2982 9
4256 873 4
4256 589 8
4256 2774 2
4257 2002 2
4257 1706 9
4257 160 4
4258 4054 8
4258 4187 4
4258 1985 3
4259 532 1
4260 3118 2
4260 1561 1
4260 468 1
4260 1542 6
4260 3424 2
4261 3273 10
4261 3868 5
4261 1424 1
4261 3628 4
4261 3581 4
4262 1779 3
4262 4421 9
4263 4760 5
4263 1954 9
4263 1086 8
4263 4292 4
4263 2613 6
4264 3697 2
4264 1639 4
4264 2996 3
4264 4081 7
4265 170 4
4265 2116 7
4265 2804 6
4266 3429 2
4266 1709 3
4266 2604 6
4267 4279 10
4267 2432 3
4267 3642 7
4268 2762 10
4268 3509 8
4268 597 9
4268 3193 7
4268 4015 5
4269 3803 10
4269 1582 5
4269 2614 6
4269 2678 4
4270 3950 10
4270 4444 10
4270 2876 8
4271 1720 5
4271 3590 7
4271 2075 4
4271 4066 10
4271 869 9
4272 4758 10
4272 928 5
4272 2121 1
4273 3858 9
4273 458 3
4273 2166 5
4274 4433 6
4275 2728 5
4276 4259 8
4276 4421 8
4276 4517 4
4277 2308 7
4278 1122 3
4278 144 5
4278 1949 10
4278 2871 6
4278 1231 1
4279 280 3
4280 2415 2
4280 4010 5
4280 3095 2
4280 3302 1
4281 1830 1
4281 3873 1
4281 497 7
4281 2543 3
4282 868 6
4282 4814 6
4282 2519 10
4283 810 5
4283 4411 6
4283 3351 8
4284 1768 7
4284 3334 8
4284 3082 9
4284 220 6
4285 2199 9
4285 1869 9
4285 3155 8
4285 1368 4
4286 1792 3
4287 4075 9
4287 1761 3
4287 2579 4
4288 3635 5
4288 2180 2
4288 1807 8
4289 4425 5
4289 1294 9
4289 3873 8
4289 1164 10
4290 4742 2
4291 2868 10
4291 1039 9
4291 1127 1
4292 3557 7
4292 4760 7
4293 3189 1
4293 3485 2
4293 4697 6
4293 2249 7
4293 249 9
4294 975 9
4294 289 9
4294 4907 9
4295 2804 7
4295 3293 5
4296 4748 6
4297 3909 10
4297 2536 4
4297 3163 6
4297 1816 6
4297 3199 4
4298 1555 6
4298 4403 10
4298 4810 10
4298 4379 8
4298 3149 3
4299 1006 5
4299 1953 9
4300 4760 6
4300 1517 4
4300 2351 7
4300 3275 3
4300 1678 8
4301 4279 10
4301 2868 4
4302 1844 8
4302 3939 3
4303 1559 6
4304 2064 1
4305 140 4
4305 1410 6
4306 1788 3
4306 2472 3
4307 4369 2
4308 4155 9
4308 189 3
4308 400 2
4308 246 1
4308 4531 9
4309 119 4
4309 3507 8
4309 1399 2
4309 1582 2
4310 1713 9
4311 2021 4
4312 2998 3
4312 1984 1
4313 3663 5
4313 2252 1
4313 4933 9
4314 3536 1
4314 243 7
4314 3071 8
4314 1226 4
4315 3998 4
4315 4324 4
4316 1777 1
4316 4128 7
4316 4778 10
4317 902 7
4317 3837 9
4318 3627 2
4319 2135 1
4319 3291 9
4319 3660 1
4319 168 1
4319 868 9
4320 2919 7
4320 2838 5
4320 775 3
4320 1196 1
4320 2113 7
4321 3867 10
4321 2931 10
4322 101 5
4322 2864 10
4322 779 3
4322 1191 6
4322 975 10
4323 3799 5
4323 878 8
4323 170 10
4323 2908 6
4324 3474 8
4324 3632 5
4324 3783 6
4324 1212 9
4325 4544 5
4325 2978 5
4325 4053 6
4325 4654 8
4326 3658 5
4326 2705 1
4326 3929 7
4327 4337 10
4327 4596 10
4327 2910 5
4327 1135 5
4327 196 4
4328 132 8
4328 4799 4
4328 127 10
4329 1165 2
4329 4487 10
4329 216 6
4329 1419 9
4330 2498 1
4330 3320 7
4330 2303 1
4330 3233 5
4331 2942 7
4332 1579 6
4332 691 10
4332 2541 7
4332 4528 10
4332 3585 3
4333 3057 1
4334 1056 5
4335 3514 3
4335 1468 1
4335 4797 10
4335 4853 8
4335 1311 8
4336 1747 1
4337 4710 2
4337 3769 4
4337 3165 6
4338 3490 6
4338 2691 1
4338 4628 10
4339 980 5
4339 1032 9
4340 4042 10
4340 3021 5
4340 3472 7
4340 3087 5
4340 4848 7
4341 2994 2
4341 3052 7
4342 3507 5
4342 2658 9
4342 2510 9
4343 1243 8
4344 604 4
4345 1917 3
4345 4050 8
4346 3011 3
4346 3509 7
4347 3388 9
4348 3781 6
4348 3015 2
4348 1603 3
4348 756 5
4348 1081 8
4349 693 1
4349 4093 9
4349 427 6
4350 4605 5
4350 4787 2
4350 3944 4
4351 3351 4
4351 2906 3
4351 4894 4
4352 4029 3
4352 266 1
4352 3727 3
4352 396 8
4352 4685 5
4353 3872 8
4353 4826 9
4353 3419 3
4353 2028 5
4354 731 9
4354 2355 8
4354 3105 1
4354 4037 1
4354 777 4
4355 3876 1
4356 1795 10
4356 1560 4
4356 3736 9
4356 943 1
4357 4441 5
4357 434 8
4357 532 1
4358 2820 3
4358 770 2
4359 4659 1
4359 3034 4
4360 4784 10
4360 4275 4
4360 3911 10
4360 490 2
4360 87 3
4361 2975 4
4361 3414 4
4361 170 1
4362 4223 10
4362 1599 6
4362 194 5
4362 984 1
4362 3216 2
4363 2574 2
4363 1841 1
4363 217 9
4363 2822 6
4363 1220 2
4364 2431 1
4365 2729 9
4365 3676 2
4365 3528 2
4366 3710 5
4367 1753 2
4367 4446 10
4367 3842 2
4367 4389 2
4368 526 5
4368 2659 10
4368 4188 6
4368 3653 3
4369 4659 5
4369 714 1
4369 1634 4
4369 2170 6
4370 2711 7
4370 645 10
4370 2525 3
4371 3960 1
4371 1280 5
4371 59 8
4371 2594 2
4372 355 10
4372 2703 4
4373 2267 1
4373 2667 2
4374 376 2
4374 3434 6
4374 4745 5
4375 2503 5
4375 815 7
4376 2599 4
4377 1296 9
4377 6 6
4377 117 2
4378 2202 6
4378 726 1
4378 3101 5
4379 3405 9
4379 2971 7
4379 3125 2
4380 3236 3
4380 3052 2
4380 3356 7
4381 1971 9
4382 3057 4
4383 113 6
4383 454 10
4384 4498 10
4384 2577 4
4384 2875 2
4384 3524 6
4385 1767 6
4385 2096 4
4385 4121 3
4386 1785 5
4386 1182 10
4386 4694 9
4386 3460 4
4386 4411 5
4387 2267 4
4387 1066 3
4387 1535 5
4387 1035 4
4388 2014 3
4388 4260 2
4388 2841 6
4388 1492 6
4389 3227 1
4390 960 6
4391 2869 4
4391 4691 4
4391 758 1
4392 4333 8
4392 4174 5
4392 4469 4
4392 2868 7
4392 3583 9
4393 4028 8
4393 4247 9
4393 4898 10
4394 2918 6
4394 3506 10
4394 1032 7
4395 1359 9
4396 2811 7
4397 2841 7
4397 769 1
4397 366 6
4398 3301 6
4398 2171 1
4399 3175 5
4399 2835 5
4400 1694 8
4400 797 5
4400 1302 8
4400 3290 8
4400 4315 8
4401 2385 3
4401 4301 3
4401 2082 4
4401 4282 9
4402 4144 4
4403 2245 8
4404 4534 9
4404 2428 7
4404 1417 9
4405 3351 8
4405 346 10
4405 4625 3
4405 2636 9
4406 3179 9
4406 2735 1
4406 2732 8
4407 2256 5
4407 75 7
4407 3218 8
4408 3158 3
4408 3270 9
4408 4857 8
4408 4050 2
4408 2987 7
4409 4391 6
4409 2869 5
4410 1187 4
4411 3964 1
4411 1093 2
4411 2310 4
4411 4389 3
4411 575 3
4412 3093 5
4412 2878 10
4412 2461 6
4413 248 3
4413 3255 3
4413 1855 9
4413 2929 7
4414 1624 7
4414 3619 8
4415 3767 1
4415 3609 3
4415 476 3
4416 3109 8
4416 2894 5
4416 3483 10
4417 2816 9
4417 3471 9
4418 4342 1
4418 2157 9
4418 4543 7
4419 3405 5
4419 4653 10
4419 4553 10
4419 4895 6
4419 2581 4
4420 4006 10
4420 4902 1
4421 3168 3
4421 2198 7
4421 2340 1
4422 2807 7
4422 2102 5
4422 2606 9
4423 431 10
4423 1560 3
4423 4098 4
4423 653 8
4424 2752 3
4424 3759 10
4424 1339 4
4425 1723 6
4425 2281 2
4426 502 2
4426 4297 8
4426 1681 6
4427 3994 1
4427 497 5
4428 3643 2
4428 2539 1
4428 1148 2
4429 1637 5
4429 1829 10
4429 4353 4
4430 184 10
4430 4441 2
4430 759 9
4430 2412 6
4430 4768 1
4431 4060 4
4431 82 3
4431 2137 7
4432 4203 6
4432 3509 1
4432 319 2
4433 2681 8
4433 1406 6
4434 4390 8
4434 1369 1
4434 3397 10
4434 2490 8
4435 3285 9
4435 3127 4
4435 2488 10
4436 1239 5
4436 4178 2
4436 4875 8
4436 4782 10
4436 1149 7
4437 4561 2
4438 1493 4
4438 2527 2
4438 4325 1
4439 3806 6
4440 1886 9
4440 3747 7
4440 992 4
4441 1443 3
4442 3456 2
4442 775 4
4442 4426 1
4442 79 6
4443 1213 4
4443 1410 1
4443 3865 3
4444 2859 8
4444 2429 2
4444 3135 7
4444 4518 8
4445 2405 4
4445 1367 10
4446 1240 2
4446 2024 3
4447 730 9
4447 3035 6
4447 3489 6
4448 1518 2
4448 2704 7
4448 186 2
4448 1001 2
4449 1952 5
4450 4098 2
4451 3293 10
4451 4774 7
4452 4239 10
4452 4475 3
4452 2087 7
4452 277 5
4453 2247 8
4454 2611 6
4455 4376 4
4455 4173 2
4456 4297 3
4456 115 2
4457 593 1
4457 1109 6
4458 4872 1
4458 4533 4
4459 3480 5
4459 4260 1
4459 1927 4
4459 1388 4
4459 4287 3
4460 3260 4
4460 238 9
4461 3034 9
4461 1020 3
4461 815 5
4462 3326 2
4462 2659 1
4462 2536 9
4463 330 8
4464 4684 5
4464 4739 2
4464 3594 10
4465 3328 3
4465 3321 5
4465 4503 1
4466 2327 9
4466 4184 5
4466 3637 2
4466 2301 1
4466 2966 3
4467 2854 4
4467 2315 9
4467 4589 2
4467 4971 1
4467 3086 1
4468 139 1
4468 1643 8
4468 1964 10
4469 3515 10
4469 3999 7
4469 4216 1
4469 3749 7
4469 4929 4
4470 1439 7
4470 980 1
4471 4500 5
4471 3011 3
4471 2511 4
4472 3740 2
4472 2420 7
4473 836 5
4473 3439 5
4473 1789 8
4473 4062 7
4474 2322 7
4475 4715 7
4475 4735 5
4476 1113 4
4476 1301 2
4476 2004 7
4476 2248 6
4476 4887 3
4477 3320 1
4477 4630 1
4477 2787 8
4477 3641 2
4478 3361 4
4478 1308 3
4479 3917 4
4479 2357 1
4479 3515 7
4479 923 5
4480 23 8
4480 2012 6
4480 689 8
4480 1496 4
4480 775 3
4481 2934 1
4481 4679 1
4481 3644 4
4481 173 1
4481 2612 5
4482 3387 3
4482 4343 2
4482 3578 2
4482 2859 3
4482 1909 7
4483 868 6
4483 2441 8
4483 4206 3
4483 3377 8
4484 4867 2
4484 2980 8
4484 1494 6
4485 1939 5
4486 4659 3
4486 1962 7
4486 1270 7
4487 4979 7
4487 3938 10
4487 495 7
4487 1188 10
4488 2326 10
4489 2931 4
4490 90 8
4491 1944 8
4492 4930 7
4492 26 4
4492 350 2
4493 1754 6
4493 3254 1
4494 4972 4
4494 2897 5
4494 4597 5
4494 967 9
4495 2504 3
4495 2199 8
4495 860 10
4495 4622 2
4496 1672 4
4496 4739 2
4497 2323 2
4497 4147 9
4497 4371 2
4497 1507 6
4498 2237 9
4498 4268 4
4499 1779 2
4500 1288 2
4500 3314 3
4501 4152 3
4501 3918 4
4502 1289 7
4502 1888 10
4502 1480 1
4503 4531 10
4503 3044 7
4503 64 4
4504 43 3
4504 1767 6
4505 4512 8
4506 222 7
4507 3997 1
4507 3548 6
4507 1192 1
4508 90 4
4508 1559 9
4509 3013 4
4509 2918 3
4510 4634 7
4510 4056 9
4510 1497 9
4511 2620 4
4511 2510 7
4512 429 3
4512 3297 3
4512 3629 2
4512 3635 9
4512 4057 10
4513 2550 8
4514 2457 3
4514 552 6
4514 3557 4
4514 3446 6
4515 468 1
4515 4560 5
4516 4845 8
4516 176 4
4516 2457 1
4516 1962 4
4516 1279 5
4517 4742 9
4517 4269 6
4517 2409 6
4517 4073 8
4518 2022 10
4518 2449 7
4518 1870 8
4519 3645 3
4519 4790 7
4519 359 8
4520 4438 8
4520 2250 4
4520 4814 2
4521 1532 8
4521 63 4
4521 1519 8
4521 1001 7
4522 1289 2
4522 3328 2
4522 2139 3
4522 2783 5
4523 3016 1
4523 3531 7
4523 2289 6
4524 2975 3
4524 2444 3
4525 3707 2
4526 4293 5
4526 1720 2
4526 2349 2
4526 2611 5
4527 582 4
4527 396 8
4527 4475 10
4527 2102 1
4528 1535 8
4528 1142 9
4528 3413 9
4528 820 1
4528 2254 8
4529 3810 3
4530 2262 10
4531 2131 5
4531 3707 10
4532 497 8
4533 2609 10
4534 4098 9
4534 3736 6
4535 2306 9
4536 2419 9
4537 3507 9
4538 296 10
4538 4705 10
4539 66 2
4539 4269 1
4539 2148 4
4539 2473 8
4540 3747 4
4541 4857 8
4541 1861 8
4541 1614 7
4541 2758 2
4542 4403 2
4542 3222 5
4542 3352 5
4542 2546 5
4542 4115 3
4543 4370 2
4544 4583 7
4545 127 6
4545 1761 2
4546 128 10
4546 2785 4
4546 1485 2
4547 3180 6
4547 4992 2
4547 2888 4
4548 4769 1
4548 723 4
4549 3364 6
4549 3527 1
4549 2729 8
4549 993 1
4550 4331 1
4550 1563 2
4550 1330 7
4550 3040 8
4551 319 10
4551 3727 3
4552 4117 1
4552 3248 5
4552 1157 7
4552 3389 3
4553 2612 9
4554 1844 3
4555 2179 7
4555 4522 10
4555 348 4
4555 2477 10
4556 1142 5
4556 4781 7
4557 1720 8
4557 87 3
4557 856 1
4557 2639 2
4557 4215 4
4558 2980 2
4558 4200 2
4558 4491 1
4558 1673 1
4559 4328 2
4559 2031 6
4560 483 6
4561 756 9
4561 4668 8
4562 4644 1
4562 1244 2
4563 717 4
4563 1788 2
4563 905 5
4563 4769 2
4564 3261 7
4564 4713 6
4564 2481 6
4564 1850 4
4565 879 5
4565 450 9
4565 4352 6
4565 570 9
4565 2623 9
4566 1361 5
4567 3869 2
4567 950 9
4567 2230 1
4568 2257 4
4568 4687 8
4568 4973 10
4568 2447 1
4569 3770 2
4569 3266 7
4569 3530 5
4570 515 8
4571 3261 5
4571 2444 1
4571 3477 10
4571 4959 5
4571 435 2
4572 2921 3
4572 1277 4
4573 4016 1
4573 1492 8
4574 2804 2
4574 3300 6
4574 3730 1
4574 2729 8
4575 1933 4
4576 4019 9
4576 2214 10
4576 445 9
4577 2302 2
4577 4228 4
4577 1411 9
4577 3100 6
4577 3550 4
4578 3783 3
4578 889 10
4578 2827 2
4578 1046 1
4578 2733 1
4579 2771 1
4579 878 5
4580 821 6
4581 161 3
4581 514 5
4582 3884 5
4582 4727 10
4582 2544 1
4582 2978 6
4582 1695 9
4583 2277 2
4583 2011 7
4583 3729 3
4583 938 7
4584 4254 6
4584 4533 10
4584 2916 1
4584 2452 4
4584 2780 1
4585 3500 1
4585 2839 4
4586 1680 8
4587 4877 9
4588 4455 5
4588 3124 7
4588 4411 2
4589 1279 6
4589 386 3
4589 488 10
4590 928 5
4590 4969 6
4590 1777 2
4590 3578 10
4590 2780 3
4591 2786 9
4591 3827 9
4591 3764 10
4591 4914 3
4591 2083 5
4592 2997 2
4592 606 5
4592 415 7
4592 4472 3
4593 1202 9
4593 4487 6
4593 3125 9
4594 3527 3
4594 4378 6
4594 1377 7
4594 3455 8
4595 4716 1
4595 2205 2
4595 3240 6
4596 2912 6
4596 1697 3
4597 4109 1
4597 3585 2
4598 3139 5
4598 2928 10
4598 1295 1
4598 561 8
4598 553 3
4599 1121 9
4599 1372 3
4599 1863 6
4599 2688 10
4600 2702 8
4601 3152 6
4601 1471 8
4602 899 6
4603 2843 9
4604 1737 5
4604 2673 2
4604 4369 10
4604 751 2
4605 2770 3
4605 406 2
4606 4111 4
4606 2487 9
4606 114 4
4606 1289 9
4607 3646 7
4607 3768 8
4607 3576 7
4607 3085 9
4608 1744 6
4608 1972 6
4608 4186 9
4608 1136 5
4609 91 10
4609 2719 4
4609 3740 3
4609 3320 4
4610 3424 2
4610 2258 3
4610 1330 5
4611 1207 9
4611 4655 1
4611 4624 10
4611 397 8
4612 4785 9
4612 2210 9
4613 3065 9
4614 2058 9
4614 3911 9
4614 682 6
4614 4981 7
4614 3452 1
4615 782 4
4615 776 10
4615 4161 2
4615 4623 3
4616 3653 5
4617 252 9
4617 4375 3
4617 2394 9
4618 3757 7
4618 3499 10
4618 3835 6
4618 2774 4
4619 1143 6
4619 1783 6
4619 4546 8
4619 533 4
4619 2132 2
4620 4859 4
4620 593 10
4620 2029 2
4620 2838 4
4620 4459 6
4621 531 7
4621 377 6
4621 120 3
4621 613 5
4622 3004 7
4623 2978 8
4623 4658 10
4623 4474 6
4624 4282 3
4624 3131 1
4624 993 7
4625 1086 10
4625 4887 10
4625 4338 4
4626 669 8
4626 4966 10
4626 2954 2
4626 2947 4
4626 4933 5
4627 3569 2
4627 3722 5
4627 3090 3
4628 3126 2
4629 451 10
4630 2458 10
4631 3152 7
4631 511 8
4632 2888 10
4632 3307 6
4632 1925 4
4632 2247 6
4632 4037 8
4633 1355 7
4633 3471 3
4633 3132 2
4634 4444 1
4634 4370 4
4634 1370 3
4635 4441 4
4635 780 8
4635 3157 3
4635 2472 4
4635 4489 10
4636 160 5
4637 4082 6
4637 2946 5
4637 2636 9
4638 2599 9
4638 4532 7
4639 3394 7
4639 1807 5
4639 3631 10
4639 3490 2
4639 4190 9
4640 2201 5
4640 8 4
4640 2296 1
4640 82 3
4640 2868 3
4641 1143 10
4641 1291 4
4641 4976 3
4641 1190 1
4642 2929 2
4643 2316 5
4644 3857 1
4644 2909 6
4645 2490 9
4645 3803 3
4645 4212 5
4645 1744 5
4646 1660 9
4646 2672 2
4647 3468 7
4647 3856 8
4647 279 4
4648 248 9
4648 1716 6
4648 1877 3
4648 4145 4
4649 4291 1
4649 4105 5
4649 4460 8
4650 1736 4
4650 2783 9
4650 2984 5
4650 2173 8
4650 3599 9
4651 840 7
4651 2881 1
4651 2504 3
4652 3710 5
4652 1683 10
4653 2334 5
4653 2037 8
4654 1230 6
4655 1138 4
4656 4142 10
4656 3345 1
4656 1976 4
4656 2140 8
4657 1035 10
4658 4013 3
4658 3737 2
4659 1655 9
4659 1046 6
4659 3992 7
4659 2157 8
4660 684 5
4660 1611 6
4660 1603 9
4660 3648 4
4660 97 1
4661 1681 6
4662 3479 7
4662 3975 3
4662 2710 2
4662 2093 5
4662 1823 5
4663 3511 2
4663 2422 5
4664 594 10
4664 4788 6
4664 2858 2
4664 4712 2
4664 3738 6
4665 4840 1
4665 3476 2
4665 1053 10
4665 4940 6
4665 1659 3
4666 2076 9
4667 2076 5
4667 2503 5
4667 1027 3
4667 3627 10
4668 3971 3
4669 1280 9
4669 1836 7
4669 1564 10
4669 1476 6
4670 3378 3
4670 4119 7
4670 1189 1
4670 4563 7
4670 4898 5
4671 2144 2
4671 389 2
4671 4662 5
4672 1983 6
4672 3610 4
4672 3831 2
4673 1816 1
4673 4229 7
4673 2928 7
4673 3223 1
4674 1758 2
4674 2334 10
4674 987 9
4674 221 5
4675 3311 1
4675 2389 1
4675 3133 9
4675 2935 3
4676 590 5
4677 1061 6
4677 2405 7
4678 2316 8
4679 3544 8
4679 3058 7
4679 4073 1
4680 491 5
4680 2224 6
4680 4106 6
4680 1033 6
4681 4012 4
4681 1795 1
4681 1847 10
4681 2336 3
4681 3977 8
4682 514 5
4682 202 2
4682 4893 7
4682 3824 6
4683 4688 5
4683 3233 3
4683 4964 4
4683 4013 8
4683 531 9
4684 1823 2
4684 4253 3
4684 4666 2
4685 3145 6
4685 3193 5
4685 881 8
4685 392 6
4686 2927 5
4686 4898 10
4687 1540 6
4687 4685 4
4687 3043 4
4688 2568 3
4688 3162 8
4689 163 4
4689 3087 1
4689 2941 3
4689 4544 9
4690 4807 6
4691 1215 5
4691 2887 3
4692 2386 9
4693 4237 8
4693 3578 7
4693 4873 5
4693 3052 10
4694 3767 6
4694 4844 8
4694 3507 1
4694 2665 9
4695 1326 8
4695 3771 4
4695 1200 4
4696 1777 4
4696 1058 1
4696 3527 2
4697 265 5
4697 4087 1
4697 1339 7
4697 2726 10
4697 3980 1
4698 944 7
4698 4814 9
4698 1270 6
4699 406 5
4699 2729 7
4699 2189 8
4700 2116 4
4700 3824 9
4700 286 7
4700 3214 7
4701 4471 7
4701 4652 6
4702 4073 5
4702 881 2
4702 4182 4
4702 4425 8
4703 4898 7
4703 852 6
4703 3628 3
4704 2947 9
4704 1462 1
4705 4787 6
4705 1864 5
4705 3870 9
4706 1941 1
4706 4769 5
4707 336 2
4707 2596 5
4707 3921 9
4707 2998 7
4708 4272 1
4709 4441 1
4709 3587 4
4709 85 8
4709 4109 7
4710 3239 10
4710 2229 2
4710 1021 7
4710 2599 2
4711 3248 2
4711 4650 10
4711 4570 8
4711 691 9
4712 2918 9
4713 1675 10
4713 4655 7
4713 4795 7
4713 3084 4
4714 4507 10
4714 312 2
4714 1672 2
4714 2527 4
4715 1947 2
4715 2995 4
4715 1069 7
4716 3082 2
4716 2506 4
4716 3619 7
4716 3897 2
4716 507 9
4717 1849 3
4717 1764 6
4717 1476 7
4718 4540 6
4718 3732 7
4718 3283 1
4718 3018 8
4719 329 8
4719 1894 1
4719 4713 1
4719 3439 8
4720 4969 9
4720 1461 4
4720 1861 1
4721 2271 1
4721 2998 2
4722 3927 8
4722 183 7
4722 2588 5
4723 79 4
4723 801 10
4723 2977 8
4724 3799 5
4724 923 10
4724 677 2
4724 3104 3
4725 2511 6
4726 4966 7
4727 1115 6
4727 2574 7
4727 128 2
4727 2237 1
4728 2055 4
4729 1230 3
4729 1590 4
4729 3525 2
4730 4389 2
4730 4574 2
4730 3247 5
4731 2234 8
4731 4781 7
4731 4540 7
4732 1293 7
4733 280 10
4733 503 3
4733 752 10
4733 1767 7
4733 1519 8
4734 3355 8
4734 1992 2
4734 3598 7
4734 465 6
4735 3156 9
4736 4085 8
4736 777 5
4737 2653 6
4737 3131 1
4737 3351 7
4737 1253 10
4738 1474 3
4738 1035 10
4738 3208 6
4739 3703 6
4739 684 6
4740 3125 10
4740 3467 6
4740 2272 5
4741 2847 2
4741 2147 1
4742 3716 4
4742 3306 8
4742 4460 2
4742 3553 5
4742 575 2
4743 30 2
4744 1618 7
4744 4490 9
4744 4682 8
4745 1880 1
4745 439 7
4745 3223 8
4746 126 5
4746 1312 10
4746 1660 4
4746 4818 9
4746 3482 10
4747 2310 6
4748 4427 10
4748 2260 8
4748 3306 9
4748 1633 8
4748 2811 3
4749 1981 6
4749 2014 2
4750 4764 2
4750 432 10
4750 4050 2
4750 145 3
4750 2132 1
4751 4323 5
4751 1663 6
4752 1344 7
4753 2197 1
4754 4522 1
4754 4186 5
4754 4480 6
4754 502 10
4755 2851 8
4755 1650 4
4755 2833 5
4756 2988 10
4756 4776 5
4756 4073 3
4756 781 9
4756 210 6
4757 2889 3
4757 349 5
4757 2974 2
4758 1781 6
4758 1019 8
4759 3116 8
4759 2958 6
4759 3974 9
4759 2882 2
4760 2405 1
4761 2296 8
4761 1951 4
4762 3608 10
4762 3889 7
4762 2451 8
4762 2546 9
4763 1399 4
4763 2818 7
4763 1950 5
4763 1751 7
4764 88 1
4764 1354 4
4764 105 5
4764 1967 9
4765 1607 8
4765 4022 4
4765 3650 2
4765 4914 8
4766 1093 8
4766 4077 2
4766 1905 1
4767 4307 3
4767 880 7
4767 831 5
4767 1103 1
4767 1138 9
4768 3621 9
4768 1911 6
4768 2596 4
4768 1407 6
4769 1250 7
4769 2687 3
4769 2914 10
4769 4984 2
4769 4370 2
4770 3635 3
4771 2924 6
4771 3720 3
4772 3304 4
4772 3878 10
4772 2612 10
4772 1827 6
4772 2481 1
4773 899 9
4773 3261 9
4773 1564 9
4773 1558 10
4773 716 8
4774 455 9
4774 1206 2
4775 4524 10
4775 4953 5
4775 3010 5
4775 3439 7
4775 4322 7
4776 1868 8
4777 4090 6
4777 3083 1
4778 1541 5
4778 1010 1
4778 3530 8
4779 1352 8
4779 2679 6
4779 329 2
4779 3904 7
4779 4590 7
4780 4533 9
4780 4886 8
4780 4748 7
4781 1086 5
4781 3805 6
4781 2998 2
4781 4512 5
4781 3335 5
4782 348 4
4783 4758 7
4783 561 1
4783 19 9
4783 3972 8
4784 3986 3
4784 1005 10
4784 993 10
4785 374 6
4785 2690 5
4785 3915 5
4785 3335 6
4786 2961 8
4786 1457 5
4786 4322 3
4786 2242 2
4787 1803 6
4787 3033 6
4788 4516 6
4788 159 4
4788 1025 7
4788 4673 6
4788 1850 9
4789 1420 8
4789 2088 4
4789 95 4
4789 2811 3
4789 2972 2
4790 4441 10
4790 4710 1
4791 2457 3
4791 1872 7
4791 2019 9
4791 3134 1
4791 197 2
4792 512 9
4792 2045 7
4793 4836 5
4794 2620 7
4794 1791 9
4794 1960 4
4794 915 3
4794 406 3
4795 800 10
4796 1088 7
4796 1758 9
4796 3897 8
4796 3111 5
4797 4189 4
4797 597 5
4798 1217 1
4798 4540 8
4798 3749 2
4798 2637 1
4798 1654 6
4799 4109 6
4799 2048 9
4800 3225 6
4800 859 7
4800 1207 8
4801 1343 2
4801 4776 2
4802 3168 7
4803 1312 6
4803 3516 9
4803 186 3
4803 4476 5
4804 3583 3
4804 450 8
4804 3602 1
4804 4218 8
4804 1253 9
4805 3881 4
4806 2387 6
4806 973 8
4806 2710 10
4806 2701 10
4807 8 4
4807 1061 1
4807 4078 1
4807 675 9
4807 3468 4
4808 2141 1
4808 2297 10
4808 3764 1
4808 4221 9
4809 417 6
4809 4265 1
4810 4275 6
4810 4353 4
4811 2707 8
4811 2408 5
4812 2654 5
4812 2743 1
4812 4558 7
4812 4003 8
4813 4073 8
4813 2235 6
4813 2189 4
4814 4781 8
4814 1998 6
4814 1751 2
4814 561 5
4814 2338 6
4815 3273 3
4815 425 4
4815 4987 9
4816 1439 7
4816 676 9
4816 4186 5
4816 3339 6
4816 4339 6
4817 4727 4
4817 1033 5
4817 4216 8
4817 2559 1
4818 4658 5
4818 4555 7
4818 255 4
4818 2365 4
4818 2822 10
4819 4946 4
4819 2494 1
4819 1561 7
4819 4639 4
4819 3658 10
4820 2431 2
4820 1569 7
4820 422 9
4821 3482 8
4821 155 8
4822 2225 6
4822 3034 2
4822 4169 7
4822 1695 3
4823 3082 9
4823 3100 4
4823 2804 5
4823 3767 4
4824 2067 4
4824 1693 4
4824 2281 3
4824 3109 1
4825 2139 2
4826 4476 10
4826 2667 5
4826 987 7
4826 1541 9
4826 2789 2
4827 2245 4
4827 1447 9
4828 33 9
4828 1171 1
4828 758 4
4828 1143 4
4828 348 8
4829 1021 6
4829 4387 5
4829 859 2
4829 1409 2
4830 4297 4
4830 700 9
4831 2095 7
4832 928 4
4833 4214 1
4833 4365 10
4834 3895 5
4834 3878 7
4834 3732 2
4835 2773 6
4835 3736 2
4836 2220 8
4836 4260 3
4836 4404 4
4836 1240 9
4836 3827 1
4837 2472 10
4837 312 3
4837 778 4
4837 4171 3
4837 665 10
4838 2198 8
4838 2405 1
4838 905 2
4838 3036 3
4839 3262 5
4840 659 5
4841 816 7
4841 3904 6
4841 716 4
4841 1040 9
4841 1919 4
4842 1509 8
4842 2249 6
4843 1715 7
4843 3223 5
4843 845 9
4843 3283 5
4844 1678 8
4845 1165 8
4845 1998 7
4845 3565 5
4845 4890 5
4846 1307 7
4847 4161 8
4847 3328 10
4848 4672 2
4848 2019 1
4849 333 5
4849 3069 6
4850 3820 7
4851 4324 6
4851 4048 4
4851 2405 3
4852 1927 7
4852 2543 1
4852 3082 4
4852 4140 9
4853 4740 2
4853 2884 8
4853 1213 4
4854 3556 2
4854 4661 3
4855 716 3
4855 4043 4
4855 953 8
4856 4533 4
4856 3361 8
4856 2643 1
4856 669 5
4856 993 2
4857 4435 1
4857 2719 8
4857 899 7
4858 4460 9
4858 3274 8
4858 2548 6
4858 891 2
4859 1583 2
4859 2626 10
4859 1209 3
4859 1077 9
4860 1587 1
4860 1368 7
4860 1152 5
4860 1268 5
4860 1869 10
4861 4445 1
4861 3950 3
4862 3553 10
4862 4144 6
4862 4125 8
4862 1610 3
4863 1347 2
4863 3505 3
4863 4097 5
4863 3808 4
4864 1484 8
4864 2065 4
4864 1944 2
4864 4887 7
4865 1568 6
4865 286 1
4865 1249 2
4865 4688 3
4865 85 10
4866 3966 7
4866 2353 4
4866 3888 10
4866 1110 6
4867 2250 6
4867 1631 10
4867 409 1
4867 3222 2
4867 4045 5
4868 2041 8
4868 3975 6
4868 1481 6
4868 3992 7
4869 1800 3
4869 1909 2
4869 721 7
4870 2415 8
4871 2530 2
4871 2490 3
4871 1507 6
4871 1737 3
4872 1165 9
4873 2389 3
4873 4140 8
4873 26 1
4874 2988 9
4875 3928 5
4875 1849 1
4875 4279 2
4876 3017 5
4876 3172 6
4877 1952 10
4878 3652 10
4878 2141 3
4879 1952 8
4879 2217 1
4879 1980 8
4880 4679 1
4881 2550 8
4881 3507 6
4881 4769 9
4881 3730 6
4882 1383 10
4883 524 10
4883 3968 8
4883 4504 5
4884 3578 5
4884 1383 7
4884 2375 4
4884 4786 3
4884 3473 7
4885 3142 3
4886 2005 7
4887 3602 7
4887 4587 3
4888 4115 2
4888 4011 3
4888 1849 8
4889 3588 1
4889 1443 5
4890 3295 3
4890 876 9
4890 4194 2
4890 2430 2
4891 674 3
4891 1200 1
4891 3904 1
4892 3969 4
4892 3677 2
4893 3437 4
4893 2928 2
4893 4066 5
4893 1554 4
4893 4234 1
4894 1021 8
4894 848 2
4894 4308 6
4895 4522 6
4895 4925 1
4896 632 9
4896 4067 8
4897 4908 6
4897 2565 3
4897 1127 2
4897 691 5
4898 1095 8
4899 2214 4
4899 385 10
4900 1610 1
4900 2836 10
4900 2312 3
4900 3486 10
4901 669 3
4901 4344 7
4902 2923 6
4902 3223 8
4903 4319 7
4904 2045 1
4905 2069 2
4905 1769 9
4906 2875 1
4907 478 5
4907 2409 3
4907 56 5
4907 4625 9
4908 3096 3
4908 4849 8
4908 401 7
4908 2041 7
4908 3578 7
4909 4766 6
4910 3349 6
4910 4782 4
4910 1631 8
4910 3412 8
4910 2933 7
4911 243 9
4911 4054 1
4911 4930 10
4911 4570 5
4912 1540 2
4912 1307 2
4912 922 1
4913 3208 5
4914 4489 9
4915 3271 1
4915 2579 5
4915 202 5
4915 2780 5
4915 4487 10
4916 1801 2
4916 2260 4
4916 4424 6
4916 2970 8
4917 3909 2
4918 344 2
4918 1379 5
4918 608 5
4919 4096 1
4919 3597 10
4920 3843 6
4920 2690 9
4921 469 7
4921 1447 8
4921 61 1
4921 443 10
4921 454 10
4922 2458 7
4922 1732 6
4922 2116 7
4922 2746 8
4923 2163 2
4923 1373 6
4923 1631 10
4923 1242 3
4924 2623 8
4924 1250 5
4925 3727 3
4925 2198 8
4925 1346 8
4926 4579 10
4926 4166 1
4926 4778 6
4926 3203 6
4927 3126 3
4927 2520 10
4927 1364 7
4927 3217 1
4928 17 8
4928 3163 5
4929 855 5
4929 3280 9
4929 3632 3
4929 2931 7
4929 4726 1
4930 4389 9
4930 2918 7
4931 3629 10
4932 1985 3
4932 3616 8
4932 1354 9
4932 4204 6
4932 1876 5
4933 2244 3
4933 754 2
4934 4103 5
4934 2329 8
4934 3970 9
4934 2419 9
4934 1909 4
4935 3556 3
4935 3689 4
4935 202 5
4936 2812 6
4936 3126 5
4937 4534 5
4937 3862 7
4937 1443 8
4938 2735 7
4938 553 10
4938 2795 4
4939 1895 4
4939 2644 3
4940 1675 10
4940 3533 1
4940 3001 7
4940 2473 1
4940 3910 10
4941 209 4
4941 4444 10
4941 4369 1
4941 3248 3
4941 4564 10
4942 3023 8
4942 2403 8
4942 1220 5
4942 743 5
4942 55 3
4943 629 1
4943 2274 9
4943 2035 7
4944 2357 1
4944 4317 9
4944 890 4
4945 3040 3
4945 1705 6
4945 2324 3
4946 4967 10
4946 1321 7
4946 552 2
4946 2473 3
4946 1957 9
4947 296 4
4947 348 4
4947 1311 8
4948 2175 8
4948 1789 3
4948 4661 6
4948 2089 10
4948 1005 2
4949 4115 8
4949 4192 10
4949 4037 2
4949 4992 2
4949 2987 9
4950 4790 4
4951 1150 1
4951 1120 7
4952 2742 1
4952 2815 8
4952 837 10
4952 1595 9
4952 2542 2
4953 3870 2
4953 638 8
4953 2846 3
4954 4300 7
4954 2416 1
4955 869 2
4955 159 6
4956 2839 1
4956 1279 5
4957 995 5
4957 2541 8
4958 2822 5
4959 161 5
4960 3191 5
4960 1250 3
4961 3226 8
4962 3616 10
4963 4046 7
4963 2062 7
4963 2192 7
4964 4891 1
4964 4664 1
4965 4721 5
4965 1823 7
4965 1803 6
4965 2332 7
4966 3809 6
4966 1539 6
4966 2302 1
4966 1349 5
4967 2637 8
4967 444 3
4967 2399 2
4968 4189 1
4968 4571 1
4968 4924 4
4968 2604 8
4968 4390 5
4969 714 4
4969 1542 2
4969 2933 5
4969 2407 10
4969 2435 4
4970 1539 3
4970 442 8
4970 4029 7
4970 987 7
4970 3434 2
4971 2787 5
4971 2118 1
4971 706 9
4971 2868 8
4971 3641 5
4972 336 6
4972 2772 8
4972 2659 4
4972 2920 10
4973 4760 9
4973 4847 8
4973 803 6
4973 3818 1
4973 3801 5
4974 4508 6
4974 1657 4
4974 4443 8
4974 3864 9
4974 2127 4
4975 4385 4
4975 4183 10
4975 4362 8
4976 1289 9
4976 1512 1
4976 3761 9
4976 2355 7
4977 1921 8
4977 36 2
4977 348 5
4978 4411 7
4978 1559 2
4978 1982 9
4978 4519 1
4978 2549 2
4979 4787 3
4979 4091 1
4980 3352 9
4980 1050 9
4980 1675 6
4980 2300 5
4981 4638 3
4982 219 3
4983 1344 8
4983 2402 4
4983 682 6
4983 1704 4
4983 3253 2
4984 2495 10
4984 1025 3
4984 3262 3
4984 3254 5
4985 518 4
4985 4217 2
4985 1026 3
4986 1250 4
4986 4841 7
4987 742 10
4987 4125 3
4987 2167 3
4987 4038 7
4987 1003 1
4988 4346 9
4988 3868 6
4988 95 7
4988 2331 7
4988 2730 9
4989 625 10
4989 4775 9
4989 557 10
4989 4712 1
4990 3467 10
4990 4404 1
4990 4494 3
4991 2452 6
4991 4453 4
4991 1459 3
4991 2267 6
4992 4386 5
4992 662 3
4992 3637 9
4992 1150 6
4993 3297 10
4994 4467 7
4994 3375 8
4994 3898 5
4994 4989 9
4995 1292 5
4995 1679 8
4996 3034 10
4996 1426 1
4996 1955 1
4996 1057 3
4996 3964 5
4997 3362 9
4997 2991 8
4997 1088 3
4997 2248 7
4998 3690 3
4998 1254 7
4998 4343 2
4998 2869 7
4999 4856 7
5000 420 1
