5000 0 0 1
2014 3906 6
3906 1200 2
1200 994 8
994 1766 8
1766 2718 14
2718 149 2
149 1855 17
1855 2787 7
2787 2093 17
2093 4189 12
4189 3262 12
3262 552 18
552 4316 17
4316 313 20
313 2481 3
2481 2137 15
2137 3931 4
3931 4000 4
4000 180 1
180 393 19
393 96 2
96 900 13
900 2566 1
2566 1910 8
1910 481 18
481 1757 6
1757 1006 12
1006 2487 15
2487 4215 4
4215 1612 20
1612 479 2
479 2166 9
2166 4480 2
4480 3502 14
3502 4596 9
4596 4555 12
4555 3439 16
3439 1397 2
1397 495 17
495 3150 6
3150 1401 14
1401 4075 8
4075 58 3
58 2294 6
2294 3557 19
3557 4336 13
4336 3294 9
3294 1708 7
1708 1992 1
1992 2591 10
2591 1922 6
1922 2441 9
2441 2808 7
2808 1435 6
1435 3237 6
3237 331 20
331 2144 4
2144 3436 5
3436 3270 4
3270 3461 18
3461 1257 16
1257 330 3
330 3581 19
3581 505 15
505 4606 2
4606 2207 18
2207 2339 15
2339 3356 10
3356 4270 18
4270 2094 15
2094 3525 1
3525 3859 3
3859 4575 4
4575 766 1
766 344 15
344 3264 20
3264 2036 20
2036 1762 13
1762 2769 15
2769 2308 12
2308 1085 6
1085 233 6
233 4159 2
4159 967 2
967 1148 4
1148 69 11
69 2625 20
2625 3526 11
3526 3720 18
3720 1769 4
1769 432 2
432 1354 7
1354 4274 12
4274 3018 9
3018 4282 14
4282 4184 9
4184 710 6
710 4066 6
4066 444 13
444 502 13
502 3817 14
3817 1663 18
1663 1 8
1 3377 9
3377 4335 7
4335 3001 11
3001 3355 19
3355 219 2
219 3730 20
3730 1983 4
1983 926 18
926 511 14
511 2049 1
2049 972 8
972 3088 17
3088 3790 11
3790 3739 17
3739 87 18
87 2414 17
2414 1175 9
1175 4633 11
4633 3295 12
3295 213 11
213 4217 2
4217 668 17
668 1749 18
1749 4281 1
4281 4150 14
4150 4775 9
4775 2883 20
2883 4140 9
4140 1207 19
1207 2829 3
2829 793 12
793 3628 1
3628 3404 6
3404 3375 15
3375 4720 10
4720 3 17
3 1101 3
1101 546 3
546 360 18
360 3473 19
3473 3893 15
3893 2775 12
2775 1591 20
1591 944 8
944 2680 19
2680 1813 20
1813 2859 10
2859 1141 5
1141 4820 15
4820 3160 9
3160 983 9
983 3478 11
3478 2541 17
2541 2634 2
2634 4236 10
4236 4077 20
4077 1556 3
1556 4060 20
4060 2983 15
2983 1493 12
1493 3266 11
3266 1674 2
1674 4445 7
4445 3977 13
3977 2083 7
2083 1593 5
1593 2450 13
2450 1316 7
1316 705 14
705 2875 19
2875 3955 4
3955 1194 19
1194 4278 13
4278 2446 5
2446 161 15
161 4674 13
4674 4825 1
4825 3348 11
3348 3474 10
3474 1484 9
1484 1701 8
1701 2347 3
2347 4196 8
4196 2517 18
2517 3629 11
3629 4649 16
4649 4108 5
4108 2279 20
2279 4767 12
4767 2605 10
2605 1362 4
1362 1431 9
1431 1576 19
1576 239 9
239 4401 12
4401 1312 8
1312 775 15
775 2205 6
2205 674 13
674 2101 16
2101 1459 12
1459 4524 18
4524 2695 11
2695 4691 4
4691 3796 13
3796 2556 8
2556 2369 9
2369 1690 6
1690 2531 9
2531 4133 4
4133 1730 15
1730 402 20
402 1029 14
1029 4931 20
4931 462 17
462 4851 4
4851 4031 16
4031 1837 4
1837 2501 13
2501 2561 7
2561 4892 18
4892 4907 13
4907 4247 19
4247 3989 4
3989 520 4
520 3042 18
3042 3878 1
3878 2265 7
2265 4945 10
4945 3625 11
3625 4308 1
4308 3839 5
3839 2169 20
2169 1007 9
1007 2327 17
2327 3184 3
3184 828 5
828 4998 17
4998 3809 7
3809 3762 8
3762 279 9
279 1309 1
1309 2409 13
2409 435 10
435 2884 20
2884 4205 20
4205 557 5
557 1453 2
1453 75 9
75 135 15
135 1871 16
1871 4511 11
4511 2885 9
2885 2415 17
2415 243 8
243 3579 7
3579 2607 13
2607 3776 19
3776 3990 6
3990 1174 10
1174 4325 6
4325 1646 11
1646 1932 2
1932 155 8
155 2814 18
2814 1545 18
1545 3253 11
3253 3228 11
3228 3339 2
3339 4332 13
4332 1054 4
1054 4967 15
4967 2713 6
2713 1595 7
1595 2065 7
2065 2148 12
2148 2682 5
2682 1074 9
1074 4828 13
4828 886 5
886 1736 20
1736 1357 17
1357 2957 3
2957 1710 18
1710 31 18
31 3226 5
3226 3273 17
3273 840 4
840 4935 18
4935 4637 8
4637 1366 19
1366 3318 4
3318 1134 16
1134 1388 10
1388 3221 13
3221 1817 7
1817 2439 13
2439 2132 13
2132 3498 8
3498 714 3
714 4390 6
4390 3874 6
3874 2677 18
2677 448 5
448 1840 5
1840 4023 14
4023 4764 9
4764 4314 17
4314 3672 17
3672 4329 11
4329 1555 9
1555 333 5
333 3858 2
3858 2245 14
2245 2667 18
2667 3712 7
3712 4553 16
4553 1957 7
1957 1632 3
1632 4991 17
4991 4241 19
4241 1933 15
1933 4641 13
4641 1027 19
1027 3635 4
3635 2910 10
2910 1569 11
1569 4088 4
4088 1403 2
1403 3252 10
3252 4293 7
4293 3876 16
3876 3070 2
3070 2958 6
2958 1887 2
1887 3288 11
3288 3094 19
3094 4685 5
4685 4958 8
4958 2366 11
2366 2572 12
2572 631 15
631 2581 16
2581 3365 16
3365 3258 8
3258 363 14
363 1026 9
1026 4406 13
4406 3331 10
3331 3180 1
3180 908 3
908 934 18
934 4840 8
4840 3944 9
3944 2522 5
2522 2842 6
2842 2716 7
2716 1619 2
1619 3709 3
3709 3491 3
3491 1040 8
1040 3394 18
3394 3745 20
3745 1487 19
1487 2626 12
2626 1508 9
1508 688 17
688 2183 20
2183 2389 2
2389 4610 6
4610 1264 6
1264 3103 19
3103 801 14
801 2574 11
2574 2371 19
2371 111 14
111 4647 13
4647 3085 2
3085 3784 7
3784 4048 20
4048 716 15
716 4548 4
4548 4988 11
4988 2229 20
2229 4731 2
4731 3653 9
3653 895 9
895 4036 6
4036 3323 5
3323 1503 1
1503 2764 13
2764 4063 6
4063 2072 13
2072 722 19
722 4054 16
4054 3260 18
3260 2773 16
2773 1973 10
1973 3794 17
3794 3865 7
3865 4112 13
4112 3059 12
3059 4479 3
4479 442 18
442 2549 2
2549 2367 14
2367 2991 7
2991 2539 14
2539 2063 15
2063 6 18
6 910 7
910 1653 3
1653 1321 16
1321 3343 7
3343 1410 1
1410 4780 18
4780 2082 6
2082 1573 3
1573 2440 6
2440 700 2
700 3675 10
3675 626 1
626 3275 19
3275 36 1
36 2209 7
2209 3129 5
3129 3782 3
3782 3845 19
3845 1086 11
1086 1854 5
1854 4834 2
4834 3324 11
3324 1885 18
1885 3409 17
3409 3067 1
3067 1882 11
1882 2372 7
2372 3465 14
3465 2985 16
2985 4986 11
4986 424 4
424 4237 15
4237 30 9
30 175 11
175 2809 18
2809 2974 1
2974 3832 11
3832 2484 1
2484 1539 6
1539 3546 19
3546 3213 10
3213 4855 8
4855 1911 1
1911 476 5
476 3111 3
3111 4473 7
4473 4666 6
4666 4404 15
4404 1119 7
1119 4168 15
4168 945 5
945 1777 20
1777 97 14
97 4095 1
4095 2975 20
2975 1713 12
1713 890 3
890 23 2
23 3038 6
3038 1093 3
1093 4905 18
4905 280 14
280 197 6
197 4557 19
4557 1360 5
1360 4100 9
4100 4109 14
4109 4939 10
4939 3451 16
3451 4370 12
4370 2172 8
2172 2852 20
2852 4872 14
4872 4763 17
4763 4301 5
4301 1070 13
1070 4287 2
4287 1600 9
1600 33 9
33 823 6
823 2529 4
2529 4798 1
4798 4975 6
4975 1061 1
1061 93 16
93 1604 8
1604 2807 15
2807 4018 19
4018 747 5
747 164 12
164 1411 11
1411 12 15
12 1210 16
1210 4952 6
4952 4423 13
4423 770 6
770 4123 9
4123 2563 10
2563 4138 16
4138 2056 6
2056 4055 20
4055 379 20
379 606 19
606 3231 14
3231 2184 14
2184 3909 13
3909 1900 15
1900 283 6
283 2015 11
2015 2608 4
2608 1743 15
1743 215 7
215 928 18
928 3875 11
3875 1167 15
1167 1935 6
1935 3601 20
3601 733 20
733 2783 16
2783 3445 12
3445 4310 11
4310 3605 14
3605 2337 16
2337 4526 9
4526 3384 12
3384 4086 2
4086 3191 9
3191 1823 17
1823 2816 1
2816 4091 16
4091 2192 16
2192 4111 1
4111 1131 1
1131 4366 13
4366 708 17
708 166 10
166 3183 5
3183 1398 4
1398 3786 18
3786 3337 9
3337 3807 5
3807 2246 16
2246 4300 19
4300 2263 7
2263 1515 15
1515 746 18
746 3162 8
3162 2163 6
2163 2138 11
2138 2168 4
2168 3930 3
3930 220 8
220 254 6
254 2705 2
2705 2543 3
2543 4279 19
4279 2966 5
2966 1379 5
1379 1889 1
1889 139 12
139 1550 11
1550 1944 10
1944 1276 5
1276 2328 7
2328 3368 1
3368 2254 1
2254 4441 7
4441 2739 9
2739 4965 12
4965 2351 3
2351 3194 10
3194 713 6
713 3285 14
3285 3751 16
3751 1305 9
1305 4166 10
4166 3279 12
3279 2504 3
2504 2934 17
2934 2744 11
2744 1001 20
1001 3455 2
3455 1919 20
1919 2155 10
2155 3144 5
3144 3163 16
3163 1252 17
1252 292 4
292 4550 6
4550 1455 5
1455 3217 19
3217 2167 20
2167 1271 3
1271 2290 2
2290 4330 13
4330 609 14
609 2631 11
2631 3146 19
3146 3374 17
3374 1133 4
1133 2929 14
2929 450 13
450 3019 13
3019 1530 10
1530 1013 12
1013 1846 20
1846 4396 18
4396 2804 12
2804 4782 13
4782 2202 3
2202 4535 11
4535 642 18
642 4804 7
4804 3020 9
3020 422 12
422 211 5
211 2889 12
2889 4595 8
4595 488 11
488 2887 1
2887 4110 2
4110 296 9
296 3139 3
3139 634 2
634 4327 15
4327 735 19
735 2416 14
2416 2352 1
2352 65 14
65 3125 9
3125 3971 5
3971 3062 6
3062 693 14
693 1650 15
1650 1857 2
1857 2747 10
2747 2688 3
2688 1048 17
1048 2762 6
2762 1491 4
1491 3735 1
3735 2000 14
2000 1960 9
1960 1588 8
1588 269 14
269 3029 14
3029 8 17
8 767 16
767 1462 2
1462 4280 2
4280 2567 8
2567 426 13
426 1870 14
1870 1903 20
1903 3962 4
3962 3563 15
3563 4078 12
4078 529 20
529 1939 8
1939 2933 4
2933 4984 19
4984 4363 5
4363 4711 2
4711 1014 3
1014 3495 13
3495 816 6
816 3147 3
3147 1574 2
1574 2872 20
2872 4216 8
4216 3181 1
3181 1798 2
1798 2002 10
2002 4204 7
4204 4997 16
4997 2380 2
2380 2831 14
2831 4593 4
4593 4624 15
4624 943 18
943 4432 12
4432 3810 3
3810 121 10
121 32 17
32 1118 17
1118 3170 13
3170 788 17
788 2128 3
2128 1800 3
1800 4065 14
4065 2280 17
2280 930 6
930 645 14
645 2576 20
2576 163 16
163 264 7
264 2160 12
2160 2639 7
2639 3783 14
3783 3187 12
3187 4228 19
4228 3078 19
3078 2954 2
2954 423 6
423 3834 17
3834 4608 19
4608 3454 7
3454 3272 6
3272 2533 18
2533 2968 10
2968 3994 3
3994 1948 1
1948 2835 12
2835 2508 8
2508 41 2
41 2179 9
2179 3988 18
3988 2583 12
2583 4646 8
4646 3098 18
3098 1570 11
1570 2962 3
2962 1315 10
1315 4309 7
4309 4359 16
4359 174 12
174 3689 11
3689 4297 8
4297 452 6
452 3240 9
3240 4934 19
4934 592 2
592 1439 8
1439 3736 9
3736 224 7
224 3113 14
3113 4131 15
4131 4454 4
4454 1755 14
1755 752 8
752 2467 13
2467 1970 18
1970 1504 9
1504 2656 11
2656 4981 14
4981 2820 11
2820 277 3
277 2720 17
2720 572 9
572 1281 13
1281 503 9
503 1408 17
1408 960 12
960 2824 20
2824 737 8
737 4611 13
4611 3948 8
3948 2130 4
2130 3238 10
3238 2272 10
2272 3638 12
3638 1369 15
1369 2612 4
2612 3326 18
3326 4328 18
4328 675 17
675 3061 16
3061 3417 19
3417 906 7
906 2258 14
2258 2084 11
2084 762 3
762 3939 5
3939 336 17
336 3093 1
3093 3405 18
3405 4377 8
4377 176 9
176 4352 10
4352 2224 16
2224 2061 11
2061 1223 17
1223 3640 5
3640 4949 15
4949 3116 9
3116 2730 11
2730 374 8
374 3293 7
3293 2790 16
2790 3553 6
3553 3702 20
3702 381 3
381 4556 16
4556 3346 16
3346 3216 3
3216 1032 2
1032 4810 20
4810 2316 10
2316 665 2
665 1080 17
1080 4706 12
4706 4092 5
4092 3154 8
3154 147 18
147 1971 8
1971 380 11
380 3304 11
3304 428 2
428 632 18
632 3015 4
3015 4908 19
4908 4923 3
4923 427 11
427 4554 6
4554 1340 6
1340 1072 6
1072 1623 7
1623 1320 4
1320 1585 20
1585 3602 15
3602 3353 17
3353 3438 12
3438 684 10
684 4221 7
4221 3224 19
3224 3087 16
3087 122 18
122 2971 5
2971 2578 5
2578 2532 15
2532 847 13
847 1241 18
1241 4400 11
4400 3808 20
3808 1213 18
1213 2945 5
2945 199 7
199 2598 4
2598 4634 4
4634 1950 11
1950 2759 9
2759 195 10
195 3539 5
3539 2895 14
2895 1699 3
1699 262 12
262 1549 7
1549 4334 5
4334 1346 8
1346 3123 19
3123 465 20
465 3912 13
3912 973 14
973 2554 8
2554 1044 11
1044 1416 9
1416 864 18
864 2685 18
2685 732 20
732 3678 19
3678 718 7
718 3823 10
3823 4397 1
4397 852 1
852 4254 20
4254 4090 15
4090 3333 5
3333 72 16
72 916 13
916 327 15
327 3569 13
3569 4573 7
4573 306 9
306 2855 11
2855 4322 2
4322 2727 19
2727 1655 12
1655 3585 13
3585 49 2
49 499 19
499 4103 7
4103 1291 8
1291 470 20
470 3372 15
3372 1739 9
1739 4571 1
4571 2145 5
2145 1081 13
1081 2503 12
2503 736 6
736 4499 2
4499 4797 6
4797 791 4
791 4403 3
4403 959 12
959 522 7
522 1513 8
1513 4722 13
4722 1389 7
1389 679 4
679 1945 1
1945 59 18
59 1794 4
1794 982 20
982 1845 15
1845 3757 14
3757 107 20
107 4694 14
4694 1108 18
1108 2548 19
2548 389 17
389 2683 12
2683 1915 1
1915 3267 1
3267 2757 10
2757 3917 14
3917 2701 14
2701 3511 5
3511 4481 3
4481 4285 4
4285 518 8
518 620 1
620 4016 14
4016 1526 5
1526 3047 10
3047 1502 6
1502 232 17
232 3422 3
3422 2226 19
2226 141 9
141 783 13
783 1884 2
1884 3630 10
3630 4925 16
4925 4460 16
4460 839 12
839 1414 4
1414 3913 14
3913 2234 8
2234 2751 4
2751 3456 14
3456 3297 17
3297 3541 18
3541 484 13
484 2851 4
2851 1638 19
1638 2893 15
2893 4527 6
4527 4861 4
4861 1224 15
1224 4 7
4 1066 6
1066 3413 16
3413 3594 16
3594 2060 14
2060 4005 4
4005 1201 9
1201 4268 6
4268 4686 14
4686 2628 6
2628 2162 6
2162 3673 19
3673 4240 14
4240 3564 13
3564 2269 20
2269 508 20
508 1277 9
1277 2796 10
2796 2106 8
2106 1965 5
1965 4696 1
4696 760 4
760 3414 6
3414 2218 13
2218 4144 15
4144 3513 3
3513 595 9
595 4139 4
4139 417 4
417 3360 8
3360 2329 1
2329 4517 13
4517 3057 15
3057 725 16
725 561 19
561 717 15
717 3131 4
3131 400 4
400 4777 2
4777 1828 17
1828 4796 9
4796 539 9
539 1648 7
1648 922 1
922 2930 12
2930 297 8
297 1430 14
1430 3855 8
3855 1456 14
1456 2411 19
2411 3679 16
3679 324 2
324 2311 6
2311 467 7
467 2232 17
2232 1441 18
1441 2177 5
2177 661 10
661 4307 2
4307 4153 16
4153 672 19
672 1878 17
1878 2029 8
2029 4769 12
4769 2913 17
2913 2732 2
2732 4298 3
4298 3592 13
3592 3846 9
3846 2752 4
2752 860 19
860 4900 2
4900 4996 15
4996 1541 1
1541 1558 8
1558 4132 18
4132 3452 17
3452 667 10
667 4845 6
4845 1522 17
1522 4727 16
4727 2385 3
2385 2941 17
2941 3598 20
3598 387 15
387 4561 17
4561 3578 13
3578 332 18
332 4586 2
4586 4012 10
4012 2698 5
2698 325 3
325 4491 17
4491 4383 10
4383 1191 6
1191 2126 5
2126 3251 12
3251 245 12
245 241 5
241 2777 15
2777 3883 3
3883 4371 1
4371 4831 11
4831 874 11
874 2708 18
2708 711 13
711 3862 12
3862 909 14
909 4398 19
4398 2902 6
2902 47 4
47 2587 18
2587 1924 18
1924 1891 8
1891 227 13
227 4668 18
4668 285 2
285 217 3
217 2943 11
2943 2261 1
2261 1856 20
1856 4858 17
4858 4233 4
4233 2301 10
2301 2650 4
2650 1314 20
1314 4093 1
4093 2862 9
2862 3965 1
3965 1372 15
1372 340 9
340 2728 19
2728 2580 20
2580 1038 14
1038 2304 16
2304 4761 6
4761 364 16
364 1790 4
1790 3215 4
3215 4098 4
4098 4868 12
4868 3135 2
3135 1097 13
1097 3863 2
3863 4393 7
4393 4485 6
4485 289 14
289 3744 12
3744 1377 6
1377 4230 6
4230 2953 19
2953 730 2
730 3852 10
3852 686 7
686 1609 8
1609 413 18
413 1913 16
1913 872 8
872 4676 7
4676 1098 4
1098 263 8
263 4968 17
4968 67 18
67 3758 16
3758 1874 1
1874 1553 11
1553 4823 7
4823 2482 18
2482 74 16
74 1434 19
1434 616 8
616 3415 12
3415 4010 8
4010 229 13
229 3308 15
3308 2206 16
2206 2495 10
2495 3358 18
3358 1436 14
1436 4944 10
4944 170 6
170 82 13
82 3599 18
3599 1189 14
1189 1864 12
1864 318 5
318 4565 20
4565 2349 8
2349 3752 11
3752 2674 8
2674 1186 8
1186 4681 3
4681 3908 8
3908 901 13
901 2996 9
2996 4178 5
4178 2960 6
2960 4732 18
4732 3023 1
3023 19 12
19 3204 18
3204 4206 1
4206 2812 12
2812 4969 18
4969 183 5
183 3044 11
3044 859 14
859 3066 20
3066 4431 2
4431 86 7
86 3588 8
3588 3829 5
3829 1946 9
1946 1557 12
1557 2704 2
2704 3196 13
3196 483 5
483 4149 16
4149 225 1
225 4264 1
4264 2099 9
2099 3056 15
3056 3437 10
3437 2140 7
2140 3759 12
3759 418 18
418 1989 14
1989 1477 3
1477 593 2
593 4017 5
4017 2675 10
2675 4488 12
4488 1672 1
1672 3039 1
3039 2547 20
2547 4263 8
4263 2657 20
2657 388 12
388 2900 3
2900 4161 17
4161 1858 6
1858 2108 14
2108 3548 11
3548 3430 20
3430 523 15
523 2213 16
2213 1041 15
1041 3545 20
3545 1327 18
1327 3869 16
3869 4500 9
4500 3193 1
3193 2059 17
2059 534 8
534 3534 11
3534 1292 2
1292 3077 15
3077 1060 13
1060 4839 7
4839 4386 19
4386 2743 9
2743 1816 4
1816 4838 15
4838 1627 1
1627 151 8
151 76 16
76 2635 5
2635 4452 10
4452 2417 4
2417 784 4
784 2185 16
2185 1155 7
1155 2525 8
2525 3608 17
3608 4748 5
4748 45 6
45 2671 3
2671 4040 20
4040 3805 2
3805 4672 18
4672 440 8
440 1249 14
1249 1869 14
1869 2150 13
2150 2788 9
2788 1318 8
1318 267 5
267 4783 1
4783 278 18
278 2993 5
2993 1016 7
1016 3891 3
3891 2396 8
2396 3164 17
3164 1880 9
1880 3284 7
3284 309 19
309 3276 2
3276 190 17
190 3836 10
3836 1687 6
1687 1792 4
1792 2600 4
2600 3921 12
3921 2461 18
2461 4542 5
4542 61 7
61 3406 4
3406 2488 18
2488 3814 18
3814 447 10
447 4152 10
4152 2444 6
2444 2766 20
2766 1079 14
1079 2435 6
2435 2528 9
2528 4659 8
4659 3427 4
3427 3464 9
3464 826 19
826 3696 16
3696 3366 15
3366 3941 16
3941 4848 4
4848 1263 18
1263 2462 4
2462 1258 7
1258 2474 17
2474 2497 2
2497 4714 18
4714 1432 17
1432 3622 10
3622 443 4
443 4418 16
4418 337 8
337 2023 15
2023 955 11
955 2318 5
2318 738 2
738 4752 6
4752 1665 1
1665 4349 19
4349 4235 10
4235 4971 9
4971 2676 20
2676 134 1
134 54 13
54 3309 2
3309 1226 18
1226 1497 12
1497 3964 14
3964 2593 3
2593 1698 18
1698 1520 3
1520 3565 9
3565 153 12
153 1886 2
1886 2870 13
2870 291 11
291 3693 6
3693 3654 1
3654 4630 20
4630 2846 3
2846 1299 3
1299 1811 8
1811 2905 3
2905 3996 15
3996 4613 10
4613 1284 19
1284 756 6
756 2986 19
2986 4853 15
4853 3036 3
3036 1633 15
1633 1113 20
1113 1164 12
1164 2712 16
2712 4029 12
4029 882 7
882 2039 17
2039 1618 14
1618 2302 14
2302 368 1
368 3175 4
3175 753 16
753 3947 12
3947 841 19
841 3806 7
3806 2938 5
2938 4926 2
4926 52 2
52 4734 10
4734 554 6
554 4361 11
4361 2740 19
2740 2127 16
2127 1637 7
1637 4520 19
4520 1634 9
1634 38 1
38 676 19
676 696 8
696 1215 15
1215 4381 6
4381 83 12
83 3243 10
3243 3271 1
3271 411 2
411 549 2
549 2741 19
2741 3503 1
3503 2057 11
2057 1499 3
1499 4715 1
4715 1247 20
1247 2110 3
2110 3447 4
3447 2300 16
2300 77 6
77 3082 16
3082 316 6
316 4439 15
4439 1719 16
1719 1452 9
1452 1751 14
1751 3787 5
3787 4665 16
4665 3126 7
3126 1084 19
1084 1689 2
1689 3970 3
3970 3442 16
3442 3242 13
3242 3857 1
3857 2211 1
2211 207 1
207 4355 4
4355 1868 9
1868 3269 10
3269 1956 11
1956 4243 12
4243 3697 6
3697 4877 15
4877 4212 12
4212 4165 16
4165 1420 9
1420 4642 17
4642 1853 9
1853 3652 18
3652 3418 3
3418 2033 3
2033 4107 19
4107 4844 5
4844 1597 8
1597 4751 19
4751 1008 6
1008 545 5
545 2277 12
2277 4778 9
4778 3711 7
3711 3708 1
3708 4745 16
4745 181 3
181 2924 17
2924 2223 11
2223 641 4
641 492 5
492 1964 12
1964 4331 5
4331 1923 20
1923 644 13
644 4574 4
4574 2199 8
2199 749 15
749 3071 16
3071 3305 7
3305 3211 13
3211 3528 13
3528 1842 7
1842 2702 19
2702 2143 11
2143 3597 6
3597 4013 13
4013 751 2
751 1977 18
1977 3004 10
3004 2266 16
2266 2068 19
2068 3888 6
3888 4987 10
4987 3928 5
3928 4781 9
4781 4395 11
4395 610 20
610 1375 15
1375 569 13
569 3227 20
3227 4436 15
4436 4583 18
4583 4712 19
4712 4194 16
4194 366 17
366 4292 8
4292 3008 17
3008 3261 16
3261 3556 8
3556 4427 14
4427 3396 17
3396 2802 13
2802 3489 16
3489 1295 4
1295 1568 2
1568 2843 6
2843 2431 4
2431 2510 14
2510 4614 9
4614 2445 6
2445 4948 16
4948 2876 13
2876 1440 13
1440 2114 4
2114 4006 18
4006 1076 5
1076 4600 9
4600 2443 4
2443 2037 10
2037 603 3
603 2610 1
2610 1765 20
1765 2113 6
2113 2520 12
2520 594 17
594 2095 9
2095 489 14
489 150 6
150 3301 4
3301 521 6
521 4913 14
4913 4837 20
4837 2089 5
2089 968 6
968 1625 13
1625 1142 18
1142 1122 17
1122 969 9
969 4846 5
4846 3764 13
3764 2988 12
2988 1433 2
1433 3329 6
3329 3311 16
3311 2043 17
2043 4653 4
4653 29 1
29 1422 10
1422 4889 17
4889 1165 11
1165 300 9
300 3141 6
3141 2186 18
2186 1288 17
1288 4083 1
4083 1577 14
1577 4195 13
4195 3935 13
3935 1706 16
1706 2992 3
2992 3892 11
3892 4225 6
4225 2771 2
2771 1639 7
1639 3530 3
3530 1955 6
1955 4568 11
4568 4338 6
4338 849 17
849 3663 19
3663 4849 8
4849 1012 11
1012 1833 5
1833 3075 12
3075 4518 10
4518 274 9
274 777 20
777 4771 14
4771 2429 20
2429 4508 17
4508 3350 12
3350 4311 6
4311 1613 20
1613 4405 2
4405 3429 5
3429 3050 9
3050 2928 13
2928 4680 3
4680 4803 19
4803 1722 4
1722 2041 17
2041 3922 1
3922 1783 5
1783 3827 5
3827 2737 12
2737 3408 10
3408 3903 2
3903 715 16
715 1589 19
1589 3256 1
3256 4464 11
4464 4181 18
4181 915 9
915 4496 5
4496 4779 10
4779 475 6
475 4244 1
4244 2735 1
2735 2947 17
2947 829 2
829 1644 3
1644 2092 5
2092 2571 17
2571 2815 4
2815 2200 15
2200 4904 20
4904 2425 6
2425 2448 5
2448 2100 20
2100 3051 17
3051 2926 11
2926 3549 8
3549 4483 5
4483 3795 17
3795 1330 18
1330 126 14
126 4255 12
4255 3206 5
3206 2231 10
2231 4604 19
4604 3688 5
3688 145 15
145 194 14
194 4121 3
4121 885 15
885 3381 3
3381 3378 8
3378 133 11
133 1859 19
1859 1337 18
1337 532 5
532 3641 8
3641 4753 13
4753 914 7
914 3497 20
3497 2686 18
2686 3483 12
3483 4414 19
4414 2079 13
2079 655 18
655 246 13
246 4920 18
4920 1594 11
1594 270 1
270 328 10
328 2592 8
2592 3844 19
3844 2087 4
2087 819 17
819 2026 5
2026 4989 20
4989 3277 3
3277 4304 9
4304 625 12
625 1300 19
1300 3848 2
3848 282 13
282 4435 18
4435 434 18
434 3774 8
3774 3385 9
3385 3999 19
3999 3734 10
3734 4080 17
4080 2021 13
2021 4791 6
4791 1986 8
1986 3997 1
3997 583 2
583 3952 10
3952 3685 6
3685 1563 2
1563 1844 2
1844 657 13
657 4357 2
4357 4757 9
4757 11 1
11 4192 1
4192 3398 17
3398 18 7
18 628 3
628 3441 4
3441 1158 7
1158 995 13
995 3499 18
3499 4578 9
4578 3595 15
3595 884 1
884 2115 8
2115 1363 18
1363 977 10
977 2652 12
2652 883 1
883 1649 18
1649 2792 12
2792 2774 5
2774 2119 15
2119 2651 1
2651 3870 9
3870 682 20
682 321 14
321 3263 9
3263 4529 14
4529 1729 1
1729 1907 14
1907 4021 7
4021 1425 3
1425 2410 4
2410 1987 7
1987 2666 16
2666 3002 17
3002 1270 17
1270 2633 4
2633 3466 16
3466 4208 15
4208 799 3
799 4324 7
4324 1793 9
1793 599 11
599 1094 18
1094 2489 8
2489 4818 19
4818 2370 6
2370 3926 17
3926 757 6
757 1004 2
1004 4507 3
4507 4789 11
4789 1328 17
1328 2602 13
2602 4749 3
4749 3440 10
3440 2867 15
2867 4364 12
4364 2970 10
2970 2008 8
2008 3651 5
3651 478 13
478 2028 17
2028 1067 2
1067 208 5
208 458 9
458 2844 13
2844 4532 19
4532 2490 14
2490 3341 8
3341 1251 10
1251 1138 9
1138 4878 15
4878 519 1
519 3407 8
3407 2259 10
2259 3287 16
3287 3402 20
3402 3898 6
3898 702 1
702 2850 11
2850 2668 17
2668 459 5
459 4289 7
4289 16 14
16 3619 16
3619 1266 14
1266 2208 5
2208 79 13
79 3367 11
3367 989 7
989 4729 11
4729 201 18
201 2463 1
2463 1494 13
1494 3583 8
3583 880 12
880 3421 4
3421 437 19
437 2420 14
2420 4253 6
4253 772 2
772 2165 20
2165 1657 4
1657 981 4
981 3151 3
3151 1821 7
1821 1720 17
1720 2399 18
2399 1045 7
1045 911 10
911 2317 7
2317 1000 16
1000 3340 2
3340 4667 18
4667 1548 20
1548 4974 12
4974 670 11
670 1105 5
1105 2038 5
2038 395 20
395 4229 1
4229 4170 6
4170 78 20
78 4373 17
4373 3571 8
3571 527 13
527 2918 10
2918 3239 3
3239 1737 11
1737 1088 7
1088 1218 18
1218 4599 12
4599 542 14
542 1228 3
1228 451 12
451 2678 16
2678 2405 4
2405 3750 3
3750 2238 16
2238 2502 2
2502 2760 4
2760 3055 1
3055 4074 8
4074 477 4
477 3487 7
3487 3086 8
3086 3296 15
3296 582 14
582 420 7
420 1774 11
1774 81 9
81 3246 3
3246 1596 3
1596 2383 3
2383 4741 16
4741 4799 12
4799 4693 12
4693 1058 11
1058 3274 4
3274 348 10
348 1831 14
1831 1021 20
1021 2040 16
2040 1130 4
1130 4487 13
4487 1516 5
1516 315 12
315 3611 10
3611 15 3
15 924 14
924 4940 17
4940 1681 5
1681 3507 13
3507 2494 2
2494 2289 14
2289 487 4
487 4880 14
4880 2011 4
2011 4456 1
4456 216 12
216 707 17
707 3967 7
3967 1176 16
1176 307 17
307 2869 20
2869 2124 15
2124 3493 2
3493 4191 17
4191 947 11
947 1110 18
1110 2915 20
2915 695 6
695 2980 5
2980 57 20
57 3124 8
3124 4119 10
4119 724 1
724 1341 6
1341 1246 11
1246 2687 9
2687 401 3
401 2322 13
2322 1686 10
1686 2354 20
2354 1624 2
1624 567 17
567 4203 12
4203 2660 14
2660 4376 17
4376 2939 1
2939 1640 11
1640 2860 13
2860 3984 13
3984 4172 8
4172 378 3
378 1888 2
1888 394 4
394 744 14
744 186 15
186 3043 18
3043 3543 15
3543 933 6
933 1598 20
1598 3148 13
3148 3504 16
3504 4929 13
4929 3033 3
3033 4843 17
4843 535 17
535 742 6
742 3411 13
3411 276 5
276 1780 18
1780 1732 19
1732 1929 5
1929 1018 18
1018 3621 11
3621 2940 20
2940 927 13
927 3555 10
3555 1920 17
1920 338 15
338 985 6
985 4856 16
4856 838 4
838 978 16
978 1146 3
1146 3065 16
3065 3475 1
3475 4183 11
4183 1684 1
1684 159 20
159 2912 6
2912 2112 3
2112 2577 2
2577 3532 17
3532 1050 2
1050 3916 14
3916 1448 15
1448 3506 3
3506 3101 3
3101 60 3
60 4916 3
4916 3209 3
3209 3317 6
3317 2091 16
2091 1203 10
1203 4533 3
4533 2240 6
2240 3108 5
3108 3214 19
3214 596 10
596 1232 17
1232 4061 5
4061 807 1
807 210 7
210 3684 16
3684 100 2
100 1629 8
1629 2878 14
2878 3248 12
3248 1160 4
1160 2882 13
2882 2020 18
2020 2908 4
2908 1892 6
1892 1510 12
1510 2978 17
2978 1290 20
1290 3303 5
3303 889 20
889 1170 10
1170 4654 1
4654 748 7
748 4703 6
4703 138 4
138 2019 4
2019 4478 13
4478 4125 7
4125 1607 12
1607 1507 12
1507 1268 18
1268 2142 8
2142 1229 14
1229 4546 4
4546 2768 13
2768 4707 17
4707 37 12
37 1322 12
1322 1294 6
1294 558 13
558 4936 16
4936 2684 1
2684 3551 9
3551 2118 18
2118 2287 4
2287 2906 15
2906 3379 8
3379 1709 10
1709 1293 15
1293 1348 4
1348 1829 2
1829 3185 12
3185 3428 14
3428 2767 3
2767 4443 4
4443 1449 4
1449 430 14
430 789 18
789 1917 8
1917 4495 17
4495 4160 1
4160 3669 4
3669 4409 8
4409 4800 11
4800 471 20
471 3529 11
3529 4662 9
4662 2800 5
2800 4448 15
4448 1480 5
1480 4591 1
4591 1319 8
1319 2493 17
2493 4570 7
4570 1952 11
1952 1297 18
1297 4320 14
4320 4277 13
4277 123 4
123 136 13
136 898 11
898 617 11
617 2042 7
2042 4421 1
4421 2603 12
2603 341 7
341 2088 3
2088 2540 7
2540 1304 18
1304 1417 20
1417 472 11
472 2856 12
2856 4375 13
4375 3880 16
3880 2455 4
2455 699 13
699 3523 3
3523 2622 9
2622 2692 3
2692 1940 13
1940 3932 10
3932 3176 15
3176 3364 9
3364 132 9
132 50 10
50 2653 17
2653 3393 5
3393 4961 13
4961 2937 16
2937 504 14
504 4943 15
4943 365 11
365 1111 10
1111 3510 10
3510 2361 6
2361 1847 8
1847 2742 15
2742 4220 19
4220 4245 5
4245 2305 20
2305 3873 16
3873 3945 4
3945 1611 1
1611 4043 3
4043 1089 8
1089 3505 19
3505 2575 4
2575 1274 9
1274 3768 9
3768 104 6
104 4644 5
4644 3901 16
3901 4265 14
4265 3561 7
3561 62 13
62 3923 4
3923 1282 8
1282 4941 14
4941 1256 17
1256 20 8
20 3031 6
3031 2422 9
2422 902 1
902 1801 10
1801 2404 8
2404 2326 2
2326 2649 20
2649 2233 9
2233 115 1
115 1367 18
1367 2640 1
2640 988 11
988 986 6
986 4242 2
4242 719 7
719 1466 5
1466 4101 9
4101 3457 9
3457 2470 8
2470 1754 4
1754 2925 13
2925 3868 2
3868 415 6
415 10 3
10 3016 8
3016 4890 12
4890 4128 4
4128 2104 1
2104 1137 9
1137 4468 4
4468 3011 17
3011 3907 18
3907 4811 6
4811 1378 20
1378 286 18
286 4621 3
4621 1424 15
1424 3799 10
3799 4626 2
4626 1808 13
1808 2604 8
2604 818 11
818 2888 6
2888 2950 20
2950 4145 5
4145 1998 2
1998 2944 3
2944 678 3
678 907 20
907 4156 4
4156 1109 20
1109 2715 16
2715 2320 12
2320 1643 20
1643 2255 14
2255 4129 1
4129 1488 15
1488 2871 18
2871 4117 1
4117 2052 15
2052 3956 13
3956 247 16
247 3741 13
3741 4547 7
4547 1741 5
1741 4506 13
4506 461 18
461 1521 7
1521 659 18
659 1697 16
1697 1278 17
1278 3320 14
3320 891 19
891 2176 5
2176 1143 7
1143 2212 5
2212 2452 1
2452 4957 17
4957 2797 11
2797 4759 1
4759 3458 6
3458 4581 11
4581 44 17
44 1867 15
1867 894 2
894 4424 6
4424 3157 18
3157 89 13
89 3867 3
3867 1464 13
1464 4467 12
4467 3212 16
3212 2791 15
2791 1622 7
1622 1087 1
1087 2260 13
2260 3649 5
3649 3966 15
3966 3171 8
3171 3559 18
3559 4358 13
4358 565 16
565 4701 3
4701 4545 1
4545 4669 13
4669 3197 12
3197 2387 18
2387 2342 13
2342 576 2
576 2645 5
2645 1342 8
1342 2281 2
2281 1703 9
1703 3219 16
3219 3099 16
3099 178 16
178 169 14
169 1283 17
1283 1166 18
1166 266 19
266 1865 5
1865 720 4
720 3749 9
3749 1670 9
1670 3278 7
3278 1610 18
1610 2203 4
2203 1564 13
1564 1820 20
1820 2899 20
2899 2198 12
2198 4675 16
4675 3877 17
3877 2976 5
2976 4962 9
4962 948 6
948 4222 15
4222 1345 16
1345 469 11
469 3102 19
3102 949 19
949 4620 5
4620 831 4
831 1969 5
1969 1705 20
1705 4291 2
4291 1332 4
1332 53 6
53 1373 8
1373 3820 11
3820 990 1
990 1715 12
1715 3022 18
3022 4824 3
4824 3714 13
3714 369 7
369 4628 8
4628 2107 4
2107 3973 12
3973 2170 2
2170 4313 10
4313 2721 20
2721 4709 2
4709 3788 15
3788 3677 5
3677 235 20
235 4094 20
4094 4559 5
4559 1019 15
1019 3801 3
3801 903 16
903 3119 2
3119 3643 1
3643 2066 5
2066 1683 11
1683 4027 16
4027 4475 13
4475 1055 10
1055 40 3
40 1483 12
1483 4450 20
4450 3718 10
3718 1512 11
1512 4954 11
4954 2323 7
2323 3173 7
3173 2644 13
2644 2989 7
2989 404 1
404 2714 9
2714 3937 6
3937 2707 6
2707 580 20
580 322 17
322 2877 4
2877 4003 13
4003 1059 20
1059 3866 3
3866 1156 5
1156 39 4
39 4894 7
4894 1758 15
1758 2555 20
2555 1895 2
1895 517 20
517 815 2
815 4057 18
4057 778 20
778 4049 12
4049 1351 3
1351 4881 4
4881 2067 5
2067 1636 20
1636 1206 1
1206 2778 7
2778 2864 13
2864 3840 20
3840 4231 15
4231 1092 8
1092 526 8
526 4793 1
4793 1614 18
1614 4126 6
4126 257 9
257 3469 9
3469 4163 3
4163 4976 14
4976 3812 4
3812 1443 19
1443 584 8
584 222 20
222 4130 18
4130 2364 8
2364 2341 20
2341 2465 17
2465 3946 19
3946 4622 15
4622 3120 7
3120 1254 14
1254 3133 3
3133 1711 1
1711 4656 2
4656 2268 15
2268 1760 4
1760 3347 20
3347 1090 19
1090 4197 10
4197 3115 18
3115 1400 8
1400 70 3
70 258 14
258 961 1
961 4716 18
4716 3072 9
3072 2275 7
2275 1102 13
1102 2146 4
2146 3127 19
3127 4374 6
4374 2073 1
2073 2244 6
2244 4433 3
4433 2527 1
2527 3728 2
3728 4760 5
4760 3982 10
3982 1159 3
1159 2854 7
2854 1925 18
1925 1525 20
1525 1898 6
1898 3797 10
3797 2486 20
2486 2053 16
2053 4983 6
4983 1250 6
1250 4026 5
4026 1571 2
1571 1393 8
1393 2458 15
2458 4852 9
4852 3896 11
3896 2332 17
2332 2973 20
2973 4651 19
4651 2613 4
2613 4950 13
4950 1426 13
1426 4854 17
4854 1329 10
1329 2257 12
2257 614 20
614 993 19
993 4399 8
4399 1083 12
1083 4239 1
4239 2873 15
2873 4785 7
4785 998 3
998 2551 15
2551 2005 17
2005 2105 3
2105 3789 13
3789 1428 2
1428 102 8
102 117 2
117 4928 8
4928 1786 4
1786 4927 8
4927 4601 10
4601 953 5
953 547 17
547 2335 11
2335 3142 14
3142 3856 17
3856 830 18
830 3433 3
3433 4272 12
4272 2892 3
2892 904 3
904 2710 7
2710 3998 1
3998 4661 4
4661 4812 14
4812 4973 6
4973 3387 19
3387 3881 4
3881 3591 10
3591 764 19
764 4718 6
4718 2178 2
2178 429 14
429 4639 10
4639 1990 16
1990 3596 3
3596 3208 12
3208 1350 2
1350 1405 4
1405 4867 19
4867 4058 12
4058 1197 11
1197 2344 5
2344 4860 20
4860 4451 17
4451 1317 2
1317 673 11
673 4014 19
4014 3899 8
3899 3623 9
3623 897 8
897 2514 17
2514 3587 18
3587 3300 8
3300 1505 6
1505 4438 1
4438 1144 1
1144 2568 18
2568 1928 14
1928 3369 7
3369 1242 11
1242 2863 18
2863 4312 9
4312 293 5
293 1307 17
1307 4650 1
4650 129 19
129 2193 18
2193 615 6
615 1551 14
1551 4025 2
4025 355 2
355 2491 1
2491 1605 10
1605 866 5
866 3490 12
3490 4740 14
4740 2278 14
2278 3648 2
3648 574 10
574 410 4
410 4419 3
4419 640 13
640 2964 8
2964 2456 16
2456 4162 12
4162 212 7
212 2391 17
2391 946 20
946 4552 3
4552 290 11
290 403 4
403 2922 15
2922 373 7
373 4910 3
4910 3247 14
3247 2102 20
2102 2403 6
2403 4755 20
4755 652 20
652 2643 13
2643 1815 8
1815 1830 20
1830 3166 3
3166 1082 16
1082 2331 12
2331 3777 17
3777 2542 4
2542 4362 17
4362 2204 4
2204 2537 11
2537 167 10
167 193 16
193 4084 11
4084 2696 17
2696 619 16
619 798 3
798 4697 6
4697 2690 20
2690 1017 20
1017 3690 18
3690 1678 16
1678 963 16
963 3765 13
3765 1115 10
1115 1064 6
1064 2274 17
2274 4064 20
4064 1575 5
1575 1427 13
1427 2516 8
2516 4378 10
4378 2505 5
2505 2373 15
2373 463 3
463 2123 13
2123 2418 15
2418 506 3
506 2833 9
2833 3207 18
3207 4598 12
4598 284 6
284 2564 8
2564 1331 1
1331 4930 15
4930 2197 5
2197 4428 1
4428 3719 2
3719 570 13
570 412 3
412 1465 5
1465 3558 2
3558 4652 9
4652 2661 17
2661 1486 12
1486 304 13
304 3642 3
3642 654 3
654 2894 12
2894 3259 15
3259 3831 6
3831 2111 3
2111 4033 16
4033 2307 4
2307 4827 12
4827 1371 14
1371 4019 12
4019 3032 10
3032 822 18
822 3747 2
3747 1590 15
1590 2249 6
2249 550 9
550 3659 20
3659 1023 3
1023 3040 6
3040 4430 15
4430 2886 19
2886 3958 11
3958 2756 3
2756 454 8
454 177 5
177 3371 15
3371 2907 11
2907 4113 9
4113 188 18
188 2753 20
2753 398 5
398 3179 1
3179 2832 18
2832 2595 19
2595 1095 1
1095 2935 19
2935 618 15
618 1358 7
1358 2632 20
2632 563 12
563 3647 3
3647 1234 1
1234 4765 20
4765 600 12
600 2423 18
2423 494 11
494 2972 20
2972 1691 6
1691 3397 20
3397 3778 13
3778 2356 4
2356 1279 12
1279 1682 6
1682 3198 13
3198 3006 3
3006 4200 9
4200 3890 2
3890 2427 3
2427 2174 6
2174 2722 20
2722 727 8
727 4056 11
4056 3424 19
3424 4895 4
4895 1927 19
1927 971 7
971 13 20
13 2754 16
2754 1471 19
1471 2397 1
2397 160 6
160 2407 15
2407 3137 12
3137 3328 12
3328 4154 14
4154 2987 7
2987 2868 1
2868 3620 16
3620 1391 3
1391 2664 18
2664 881 3
881 2665 17
2665 234 18
234 2012 2
2012 4625 7
4625 3159 3
3159 294 1
294 200 15
200 3000 8
3000 4956 10
4956 480 11
480 2298 12
2298 2158 17
2158 553 13
553 3084 10
3084 4758 9
4758 4730 8
4730 3575 18
3575 970 9
970 2299 12
2299 4947 16
4947 362 9
362 4348 12
4348 1152 19
1152 4437 1
4437 3463 6
3463 4519 8
4519 3250 15
3250 2264 18
2264 1881 13
1881 1991 17
1991 172 10
172 2426 12
2426 1527 14
1527 3986 12
3986 3769 7
3769 339 10
339 1005 17
1005 4032 2
4032 607 11
607 4750 5
4750 3919 15
3919 3434 5
3434 2697 13
2697 1243 4
1243 1814 20
1814 3976 9
3976 3830 11
3830 4317 14
4317 1446 16
1446 1695 9
1695 1902 16
1902 4850 6
4850 354 20
354 2449 19
2449 954 18
954 3265 12
3265 4605 4
4605 55 14
55 1894 5
1894 3835 14
3835 701 12
701 4354 16
4354 938 20
938 311 18
311 4465 20
4465 2149 2
2149 1770 12
1770 555 8
555 3255 18
3255 1587 11
1587 3010 7
3010 3889 7
3889 1873 3
1873 3645 10
3645 2378 17
2378 2270 18
2270 1395 7
1395 1458 11
1458 397 9
397 1248 14
1248 1531 1
1531 3107 1
3107 1707 9
1707 896 19
896 2823 5
2823 3448 18
3448 4256 11
4256 3722 13
3722 3376 18
3376 850 19
850 165 16
165 4053 16
4053 4176 7
4176 1554 16
1554 1285 4
1285 1236 12
1236 787 2
787 214 20
214 2619 18
2619 2196 3
2196 182 10
182 2813 7
2813 4817 19
4817 721 4
721 3423 13
3423 209 7
209 1916 10
1916 3706 14
3706 3089 6
3089 680 8
680 4677 4
4677 4009 11
4009 1822 17
1822 4267 1
4267 2546 14
2546 4413 8
4413 3425 6
3425 768 18
768 1804 19
1804 4774 11
4774 4875 2
4875 352 14
352 3800 7
3800 1734 6
1734 1335 6
1335 4833 17
4833 2881 10
2881 2880 19
2880 3671 3
3671 2047 5
2047 2536 1
2536 3395 19
3395 1245 10
1245 3732 10
3732 1904 3
1904 3132 1
3132 1444 10
1444 1947 4
1947 2195 7
2195 3334 3
3334 2509 9
2509 2152 12
2152 1782 10
1782 4577 2
4577 2187 15
2187 349 16
349 3416 2
3416 1543 4
1543 1836 13
1836 4284 1
4284 1296 12
1296 445 12
445 3737 17
3737 2848 2
2848 2194 1
2194 3885 4
3885 2558 20
2558 3617 11
3617 1361 6
1361 1599 5
1599 1231 4
1231 1802 15
1802 622 12
622 3981 15
3981 3902 4
3902 4980 18
4980 2838 1
2838 1536 17
1536 750 12
750 2032 18
2032 2377 3
2377 3514 7
3514 4259 9
4259 2034 4
2034 346 5
346 2016 17
2016 3476 2
3476 4039 6
4039 703 16
703 851 8
851 4873 1
4873 2748 6
2748 3241 13
3241 3686 6
3686 4786 16
4786 3290 6
3290 729 9
729 3443 1
3443 1748 9
1748 358 12
358 3524 5
3524 1506 18
1506 877 19
877 2096 12
2096 4342 9
4342 2252 20
2252 4402 1
4402 3205 19
3205 4351 12
4351 1961 3
1961 3477 9
3477 3911 9
3911 781 6
781 2623 7
2623 4643 6
4643 228 10
228 116 4
116 361 9
361 3980 2
3980 2395 11
2395 4429 9
4429 71 18
71 4584 20
4584 2473 20
2473 1517 18
1517 2109 3
2109 3257 5
3257 356 12
356 34 8
34 892 10
892 685 10
685 3028 3
3028 268 6
268 803 10
803 3963 15
3963 780 13
780 48 9
48 4187 6
4187 1343 4
1343 3568 14
3568 4458 14
4458 240 19
240 2629 5
2629 3220 7
3220 4919 9
4919 1127 12
1127 1128 6
1128 3554 17
3554 653 15
653 3905 1
3905 4276 7
4276 4865 16
4865 4870 6
4870 996 15
996 4082 5
4082 923 20
923 4640 14
4640 871 6
871 1630 9
1630 4213 4
4213 2519 16
2519 3847 2
3847 3804 15
3804 4118 5
4118 1225 6
1225 4412 7
4412 3918 4
3918 3045 2
3045 407 17
407 774 5
774 1479 5
1479 1238 16
1238 2247 2
2247 4938 9
4938 2982 11
2982 1752 10
1752 524 17
524 1795 14
1795 2125 2
2125 1438 6
1438 763 19
763 3149 2
3149 4389 8
4389 4784 14
4784 3699 5
3699 2573 16
2573 1220 4
1220 1481 16
1481 3616 9
3616 2579 8
2579 2646 17
2646 1509 19
1509 2081 7
2081 3838 19
3838 2515 8
2515 1033 15
1033 1849 7
1849 17 19
17 2007 1
2007 656 13
656 613 15
613 1583 2
1583 4261 12
4261 1303 16
1303 1788 17
1788 3603 14
3603 666 15
666 4911 9
4911 3352 1
3352 1764 12
1764 820 17
820 119 1
119 3925 15
3925 2921 19
2921 1654 20
1654 957 19
957 1325 20
1325 578 9
578 1511 2
1511 2159 4
2159 1287 7
1287 1490 18
1490 3117 2
3117 4207 3
4207 804 16
804 776 10
776 2506 19
2506 662 14
662 1835 13
1835 4440 5
4440 2795 8
2795 4770 3
4770 920 15
920 342 16
342 3188 19
3188 1460 3
1460 800 7
800 334 10
334 3953 16
3953 3097 7
3097 1943 12
1943 2866 9
2866 496 3
496 4569 16
4569 698 19
698 1547 13
1547 1255 14
1255 525 1
525 974 9
974 3738 16
3738 2826 3
2826 4415 11
4415 1404 9
1404 3143 15
3143 4891 17
4891 1767 16
1767 3960 13
3960 1712 16
1712 3733 1
3733 3717 9
3717 956 1
956 2164 7
2164 3695 17
3695 250 2
250 1937 1
1937 2896 2
2896 1985 16
1985 4687 1
4687 854 4
854 3940 15
3940 3363 8
3363 2188 17
2188 3972 8
3972 4002 2
4002 515 8
515 1586 20
1586 1679 2
1679 3590 11
3590 2045 11
2045 913 6
913 1824 4
1824 1185 3
1185 1579 7
1579 2594 5
2594 1723 20
1723 2286 16
2286 189 5
189 2523 7
2523 3021 15
3021 647 14
647 4368 16
4368 2891 15
2891 3537 1
3537 3894 17
3894 991 3
991 2726 10
2726 887 10
887 2865 2
2865 2965 13
2965 796 5
796 2436 16
2436 4609 18
4609 3942 1
3942 455 3
455 305 9
305 2589 17
2589 446 1
446 1716 14
1716 3244 9
3244 1474 15
1474 562 8
562 314 5
314 1179 7
1179 1676 11
1676 3658 19
3658 507 10
507 2997 10
2997 740 6
740 4391 3
4391 4999 19
4999 4602 1
4602 3691 5
3691 101 9
101 1565 15
1565 2734 15
2734 4733 19
4733 2956 16
2956 1071 10
1071 2121 15
2121 4503 15
4503 3189 7
3189 2319 11
2319 3527 3
3527 2709 8
2709 2904 10
2904 4046 18
4046 4664 20
4664 99 3
99 2521 18
2521 4993 12
4993 4655 3
4655 3519 4
3519 1469 17
1469 3136 15
3136 409 15
409 9 9
9 1423 17
1423 2903 17
2903 3382 6
3382 3026 2
3026 4829 16
4829 1906 11
1906 530 11
530 3721 4
3721 1567 13
1567 1073 6
1073 2217 17
2217 90 19
90 2524 19
2524 3520 1
3520 4164 13
4164 1163 7
1163 919 2
919 4673 15
4673 2313 5
2313 1126 1
1126 2901 6
2901 3174 17
3174 817 15
817 142 16
142 865 16
865 1140 6
1140 2288 5
2288 3092 12
3092 2134 11
2134 3550 7
3550 1930 4
1930 3195 4
3195 1406 20
1406 4719 14
4719 1195 9
1195 4273 14
4273 2120 11
2120 3299 10
3299 962 14
962 421 10
421 4842 10
4842 4726 6
4726 1009 6
1009 543 4
543 1326 6
1326 834 17
834 4157 2
4157 3054 4
3054 4137 6
4137 4283 7
4283 4347 3
4347 1621 8
1621 3165 18
3165 1275 13
1275 367 20
367 4879 15
4879 1196 12
1196 4106 4
4106 2035 7
2035 3182 16
3182 3335 18
3335 2251 4
2251 2075 2
2075 4713 1
4713 2806 17
2806 4590 9
4590 2157 6
2157 1789 1
1789 2723 8
2723 1230 2
1230 2839 7
2839 848 9
848 1901 8
1901 4901 15
4901 512 2
512 3104 1
3104 4612 11
4612 439 3
439 1999 8
1999 691 10
691 1838 20
1838 1559 18
1559 4345 19
4345 148 1
148 3710 15
3710 4011 13
4011 4742 8
4742 1020 2
1020 2550 19
2550 4959 2
4959 728 5
728 2636 2
2636 773 14
773 566 1
566 43 8
43 28 11
28 4505 18
4505 4903 16
4903 2793 3
2793 3974 19
3974 4768 19
4768 1803 12
1803 273 4
273 4921 2
4921 2241 9
2241 203 2
203 4582 6
4582 3069 9
3069 1693 9
1693 2570 14
2570 941 16
941 3471 2
3471 4306 7
4306 3607 20
3607 1899 4
1899 1666 6
1666 4629 4
4629 1843 6
1843 1106 10
1106 4689 10
4689 1457 1
1457 4251 5
4251 4167 19
4167 384 19
384 3494 3
3494 2478 10
2478 3627 18
3627 1472 10
1472 1253 11
1253 3574 10
3574 4572 12
4572 4515 19
4515 1763 17
1763 3705 15
3705 2230 4
2230 3079 17
3079 4269 18
4269 4122 2
4122 1063 12
1063 1306 16
1306 2136 15
2136 4469 14
4469 2984 14
2984 868 15
868 731 18
731 2659 5
2659 3470 13
3470 1135 4
1135 649 12
649 46 2
46 1601 11
1601 2312 8
2312 1926 3
1926 3501 9
3501 1659 15
1659 3780 14
3780 4210 18
4210 4937 11
4937 2518 4
2518 154 20
154 3121 4
3121 4071 17
4071 3312 1
3312 608 11
608 4070 19
4070 4051 18
4051 4966 15
4966 4924 16
4924 3683 5
3683 4116 5
4116 1308 14
1308 1725 5
1725 2401 10
2401 4180 15
4180 2412 16
2412 843 3
843 2078 20
2078 310 1
310 260 13
260 1190 20
1190 1352 8
1352 4226 8
4226 4617 7
4617 329 1
329 4148 10
4148 1492 12
1492 1776 14
1776 4563 17
4563 1392 8
1392 824 18
824 98 10
98 624 16
624 4725 1
4725 1364 13
1364 1980 2
1980 937 13
937 4869 12
4869 811 7
811 3012 6
3012 510 18
510 1496 16
1496 2324 9
2324 3338 5
3338 809 17
809 3083 5
3083 3872 13
3872 3327 19
3327 4724 9
4724 3178 17
3178 812 2
812 3234 3
3234 876 19
876 1875 12
1875 2729 18
2729 3615 18
3615 3819 16
3819 3742 17
3742 2597 19
2597 4836 7
4836 2847 17
2847 4683 8
4683 106 14
106 4795 3
4795 3479 16
3479 2694 16
2694 1893 20
1893 464 2
464 4808 17
4808 2642 19
2642 559 1
559 4174 18
4174 3091 16
3091 1489 13
1489 382 12
382 3816 10
3816 577 14
577 575 17
575 4688 9
4688 4179 5
4179 253 3
253 3577 3
3577 4073 7
4073 456 18
456 4477 8
4477 3419 4
3419 1696 6
1696 4896 1
4896 3667 12
3667 2076 5
2076 3400 6
3400 1344 14
1344 4512 9
4512 2557 8
2557 2064 19
2064 1685 2
1685 3600 3
3600 2368 2
2368 2530 4
2530 1437 13
1437 1993 13
1993 2296 14
2296 120 13
120 3535 14
3535 3282 20
3282 1936 2
1936 4321 4
4321 4497 10
4497 244 5
244 3887 4
3887 3680 14
3680 94 16
94 4182 18
4182 3993 8
3993 4631 2
4631 4444 18
4444 3105 12
3105 2584 16
2584 3449 5
3449 3538 10
3538 782 6
782 162 15
162 1193 7
1193 1047 16
1047 1461 8
1461 4523 18
4523 4635 14
4635 3692 13
3692 2173 10
2173 4004 18
4004 637 17
637 1162 3
1162 979 15
979 2507 9
2507 2388 11
2388 2382 1
2382 4746 8
4746 3637 6
3637 3172 14
3172 486 3
486 3934 18
3934 2837 10
2837 1850 13
1850 1984 7
1984 2582 20
2582 2116 9
2116 474 4
474 2025 11
2025 2475 17
2475 636 19
636 2479 9
2479 536 20
536 3589 20
3589 1153 15
1153 3992 15
3992 651 8
651 2055 7
2055 1742 3
1742 500 1
500 1953 6
1953 256 3
256 230 9
230 3307 10
3307 4476 11
4476 491 11
491 3861 7
3861 1482 19
1482 658 5
658 2786 14
2786 4977 17
4977 3095 9
3095 3186 5
3186 171 13
171 1450 11
1450 3957 8
3957 1056 4
1056 2898 7
2898 4946 1
4946 4735 14
4735 4821 10
4821 3289 12
3289 105 6
105 4953 18
4953 4564 9
4564 3291 9
3291 4539 20
4539 810 13
810 3202 16
3202 226 13
226 769 20
769 2761 13
2761 4096 17
4096 4346 2
4346 3392 5
3392 4492 14
4492 3319 16
3319 1724 18
1724 2466 17
2466 2336 5
2336 2306 2
2306 940 10
940 4699 6
4699 1976 6
1976 3753 15
3753 3854 20
3854 3482 6
3482 1184 10
1184 1181 9
1181 125 18
125 4260 6
4260 813 6
813 2758 8
2758 4380 6
4380 3399 11
3399 3488 4
3488 1049 17
1049 2662 10
2662 861 3
861 4558 8
4558 2297 2
2297 2333 3
2333 4885 13
4885 3041 15
3041 4147 2
4147 2499 6
2499 3332 3
3332 1826 13
1826 156 10
156 1652 11
1652 1117 10
1117 4022 5
4022 4766 14
4766 602 16
602 870 14
870 4323 1
4323 3771 4
3771 2617 4
2617 4037 12
4037 745 15
745 1667 4
1667 2214 10
2214 3389 18
3389 2135 9
2135 490 13
490 1966 13
1966 2585 14
2585 1188 7
1188 3779 20
3779 4466 15
4466 1680 12
1680 1478 14
1478 921 16
921 3567 10
3567 4579 3
4579 3027 8
3027 3943 5
3943 3761 12
3761 690 1
690 2468 6
2468 2857 7
2857 4915 10
4915 3825 11
3825 1139 16
1139 2799 1
2799 1799 15
1799 3879 11
3879 1578 16
1578 4692 8
4692 2406 7
2406 2969 4
2969 2434 7
2434 3245 8
3245 743 8
743 533 12
533 4516 1
4516 7 9
7 3521 16
3521 1208 6
1208 726 18
726 419 12
419 3572 8
3572 3929 18
3929 3014 12
3014 2271 2
2271 1675 14
1675 1355 4
1355 4866 19
4866 2765 14
2765 1796 1
1796 2552 6
2552 1311 5
1311 3560 16
3560 1744 17
1744 2834 1
2834 712 8
712 4864 20
4864 3576 18
3576 4776 19
4776 4883 19
4883 697 18
697 1010 9
1010 353 14
353 2544 2
2544 1562 6
1562 3613 11
3613 1775 20
1775 3509 11
3509 4912 4
4912 281 10
281 551 9
551 3927 9
3927 1718 13
1718 2010 10
2010 2995 5
2995 4455 9
4455 441 10
441 1053 3
1053 2338 13
2338 4434 9
4434 2353 16
2353 3314 18
3314 3531 8
3531 1546 13
1546 238 19
238 4030 17
4030 3650 3
3650 1514 13
1514 1841 9
1841 2437 10
2437 4955 16
4955 1797 10
1797 2745 9
2745 2044 12
2044 2706 14
2706 4528 3
4528 2946 10
2946 1533 17
1533 1498 1
1498 237 10
237 3860 10
3860 3991 1
3991 4250 16
4250 4684 10
4684 1323 8
1323 431 10
431 396 7
396 184 18
184 4028 1
4028 1851 14
1851 4303 18
4303 917 2
917 370 1
370 4449 9
4449 3837 5
3837 323 20
323 2951 20
2951 858 7
858 2733 19
2733 2243 17
2243 1062 10
1062 2616 7
2616 3052 13
3052 185 5
185 2310 18
2310 4736 4
4736 114 6
114 1217 3
1217 1259 7
1259 2442 13
2442 3037 6
3037 1132 20
1132 2818 15
2818 4773 16
4773 4035 6
4035 3472 12
3472 4461 3
4461 2911 2
2911 4171 20
4171 4257 17
4257 124 4
124 295 15
295 2746 3
2746 3453 1
3453 1528 3
1528 485 1
485 4963 4
4963 4739 7
4739 3639 7
3639 4902 5
4902 3533 7
3533 2923 6
2923 3910 7
3910 2920 6
2920 1182 15
1182 1768 2
1768 4099 4
4099 497 5
497 2599 12
2599 1747 15
1747 3773 14
3773 3073 14
3073 1673 14
1673 1324 7
1324 1269 11
1269 1260 18
1260 3781 12
3781 1647 15
1647 3009 5
3009 4151 1
4151 4462 5
4462 2428 9
2428 1542 13
1542 4343 17
4343 158 8
158 935 4
935 1781 4
1781 1161 1
1161 1909 5
1909 2357 4
2357 893 1
893 2171 17
2171 3698 20
3698 3344 9
3344 4815 2
4815 3229 5
3229 1658 10
1658 482 15
482 1879 11
1879 3633 18
3633 137 6
137 1334 1
1334 3190 17
3190 931 15
931 2438 15
2438 5000 3
5000 3841 17
3841 2822 7
2822 3664 5
3664 2731 4
2731 929 11
929 3286 12
3286 4185 12
4185 173 15
173 759 20
759 1981 20
1981 4188 16
4188 1168 5
1168 950 19
950 1921 15
1921 528 20
528 473 10
473 21 19
21 797 19
797 1825 9
1825 493 8
493 3110 6
3110 984 10
984 3254 17
3254 4388 17
4388 1746 5
1746 287 11
287 513 1
513 436 12
436 2235 17
2235 1104 5
1104 1861 11
1861 303 14
303 785 11
785 3007 2
3007 4493 14
4493 589 19
589 1805 6
1805 2376 14
2376 1339 19
1339 4576 20
4576 992 16
992 4047 13
4047 3938 16
3938 4809 3
4809 4209 10
4209 966 16
966 4190 7
4190 140 9
140 68 10
68 3431 20
3431 1572 15
1572 4536 5
4536 1233 20
1233 3961 5
3961 4142 8
4142 4252 6
4252 2560 12
2560 1025 15
1025 4501 16
4501 3210 6
3210 1978 1
1978 390 5
390 1390 2
1390 3118 5
3118 4001 15
4001 1407 11
1407 3949 6
3949 1387 6
1387 1442 13
1442 3766 16
3766 4585 4
4585 1370 19
1370 1603 7
1603 2074 9
2074 1890 10
1890 2512 6
2512 1381 18
1381 3915 18
3915 2432 1
2432 1912 17
1912 4365 2
4365 1265 17
1265 2285 15
2285 236 14
236 2077 13
2077 4498 16
4498 3380 14
3380 4420 13
4420 1537 9
1537 4728 16
4728 3048 8
3048 2750 14
2750 2215 14
2215 805 19
805 1205 16
1205 771 6
771 837 10
837 109 9
109 414 15
414 371 12
371 1700 9
1700 1359 18
1359 1467 9
1467 1116 17
1116 4266 15
4266 4486 20
4486 1848 1
1848 4525 15
4525 2559 2
2559 4841 2
4841 1704 11
1704 2811 19
2811 146 20
146 3298 7
3298 4459 15
4459 3632 15
3632 4052 14
4052 4115 3
4115 754 2
754 1145 3
1145 2672 20
2672 4587 3
4587 1454 10
1454 2562 12
2562 1664 12
1664 4471 5
4471 825 8
825 2284 14
2284 457 9
457 4411 14
4411 4822 9
4822 1386 3
1386 4738 2
4738 4463 11
4463 3481 3
3481 2614 3
2614 4695 15
4695 1954 17
1954 4721 4
4721 1445 11
1445 2340 9
2340 867 18
867 855 19
855 317 19
317 2830 12
2830 2457 17
2457 3760 3
3760 650 15
650 4087 18
4087 1662 15
1662 2781 19
2781 1262 8
1262 4580 11
4580 4408 12
4408 627 19
627 827 10
827 1967 5
1967 1538 16
1538 35 9
35 2325 16
2325 4104 14
4104 3871 17
3871 1384 16
1384 1219 7
1219 4294 19
4294 976 3
976 689 17
689 509 2
509 544 17
544 4367 13
4367 1677 17
1677 3950 19
3950 4932 8
4932 3618 1
3618 4530 2
4530 1862 17
1862 1169 18
1169 814 18
814 3444 11
3444 2500 16
2500 4234 4
4234 2182 13
2182 1616 3
1616 4416 9
4416 1096 19
1096 1261 20
1261 531 6
531 4193 4
4193 218 18
218 4146 8
4146 2669 17
2669 629 8
629 231 9
231 3512 6
3512 3370 10
3370 1123 6
1123 2346 6
2346 3614 18
3614 2046 4
2046 2050 11
2050 2003 5
2003 538 13
538 2828 4
2828 2236 19
2236 1147 12
1147 1500 5
1500 1065 15
1065 1333 8
1333 1524 4
1524 694 16
694 2909 16
2909 741 7
741 343 20
343 1036 8
1036 2393 19
2393 635 1
635 585 13
585 1661 18
1661 301 17
301 2703 7
2703 1385 8
1385 3746 5
3746 4663 9
4663 2273 16
2273 3676 14
3676 408 1
408 4835 5
4835 84 4
84 1759 10
1759 1914 5
1914 3562 1
3562 4510 20
4510 2085 15
2085 1778 11
1778 2596 7
2596 4538 2
4538 1934 15
1934 3081 4
3081 4645 6
4645 2914 4
2914 3586 6
3586 3432 10
3432 113 5
113 875 8
875 2526 5
2526 4615 6
4615 999 16
999 2699 1
2699 2658 10
2658 4540 4
4540 1997 7
1997 3723 8
3723 3515 12
3515 248 7
248 3726 20
3726 4494 2
4494 3236 10
3236 372 3
372 1273 14
1273 1827 16
1827 3540 13
3540 4045 1
4045 4410 19
4410 2981 12
2981 1030 13
1030 2693 3
2693 4288 4
4288 4081 4
4081 4007 19
4007 3155 13
3155 3582 13
3582 2545 13
2545 3983 13
3983 3460 3
3460 918 10
918 4089 13
4089 2780 7
2780 4177 20
4177 1852 18
1852 4876 16
4876 1949 14
1949 1402 13
1402 3114 4
3114 4340 20
4340 2069 15
2069 1183 3
1183 1642 18
1642 4933 15
4933 3068 19
3068 25 10
25 677 7
677 302 1
302 4337 14
4337 1692 16
1692 1057 4
1057 3713 18
3713 1151 2
1151 3516 16
3516 3168 13
3168 4994 5
4994 1204 16
1204 3900 5
3900 3978 9
3978 3822 12
3822 1280 6
1280 1028 17
1028 255 8
255 386 12
386 3446 16
3446 4474 5
4474 4871 13
4871 375 7
375 1002 13
1002 3035 9
3035 85 20
85 1222 19
1222 2841 3
2841 2794 7
2794 1806 16
1806 598 16
598 2749 11
2749 3811 11
3811 4857 15
4857 4425 7
4425 4042 2
4042 4679 12
4679 2630 13
2630 3793 2
3793 91 5
91 3468 11
3468 1941 14
1941 4922 19
4922 223 12
223 2030 3
2030 2453 6
2453 4136 13
4136 4888 16
4888 3979 5
3979 3138 7
3138 4350 6
4350 1566 8
1566 3192 4
3192 1003 18
1003 4232 3
4232 755 6
755 704 19
704 1962 16
1962 2772 16
2772 1544 6
1544 460 6
460 3715 19
3715 3954 13
3954 1812 3
1812 2216 8
2216 2154 5
2154 2131 8
2131 205 11
205 2990 2
2990 4062 8
4062 4744 4
4744 3609 12
3609 514 7
514 4214 13
4214 2782 6
2782 64 6
64 516 4
516 4972 4
4972 648 12
648 2798 11
2798 2054 4
2054 3662 16
3662 2949 20
2949 2454 20
2454 3987 20
3987 932 3
932 4884 16
4884 3547 8
3547 3390 3
3390 2355 3
2355 259 17
259 4050 15
4050 1606 4
1606 548 20
548 1974 5
1974 4318 10
4318 1651 17
1651 1396 13
1396 4248 2
4248 3522 19
3522 586 12
586 706 7
706 1876 19
1876 3342 6
3342 1051 12
1051 633 4
633 952 5
952 2879 4
2879 4085 4
4085 2654 18
2654 3496 18
3496 836 18
836 4020 13
4020 3707 7
3707 4592 20
4592 1412 17
1412 587 2
587 3388 20
3388 261 2
261 1617 18
1617 3230 17
3230 2248 17
2248 3748 7
3748 4127 11
4127 1883 3
1883 3610 9
3610 2222 9
2222 2897 6
2897 2295 17
2295 4034 16
4034 2292 9
2292 2090 17
2090 4509 3
4509 1733 4
1733 1602 20
1602 2618 9
2618 4898 20
4898 4705 2
4705 4970 8
4970 639 20
639 605 9
605 802 9
802 4537 2
4537 3756 13
3756 4951 10
4951 4097 1
4097 2276 13
2276 1383 7
1383 4830 15
4830 2789 15
2789 2334 17
2334 1177 9
1177 3644 6
3644 987 14
987 4660 10
4660 3593 8
3593 92 7
92 453 3
453 3156 9
3156 1560 3
1560 3467 1
3467 671 15
671 2477 8
2477 4302 10
4302 846 6
846 3383 12
3383 1532 12
1532 1413 18
1413 4638 3
4638 1475 3
1475 2845 5
2845 4807 15
4807 3167 10
3167 4446 15
4446 862 10
862 1908 11
1908 4790 15
4790 3130 2
3130 3828 7
3828 1313 20
1313 2460 5
2460 3140 19
3140 1107 7
1107 541 5
541 792 2
792 2390 6
2390 2141 19
2141 1628 5
1628 3821 17
3821 3544 17
3544 3646 14
3646 1561 8
1561 1877 17
1877 2738 1
2738 2476 1
2476 4801 16
4801 3225 3
3225 3886 8
3886 3969 15
3969 899 14
899 2459 15
2459 4392 8
4392 2955 17
2955 1897 19
1897 3920 14
3920 3459 2
3459 252 7
252 597 6
597 4295 17
4295 1042 2
1042 4514 6
4514 3731 8
3731 1338 4
1338 1463 9
1463 80 17
80 4202 12
4202 3626 18
3626 4173 7
4173 1149 1
1149 1365 1
1365 1031 12
1031 3727 17
3727 2776 4
2776 3349 11
3349 3351 12
3351 4069 18
4069 2890 19
2890 3687 16
3687 1994 2
1994 3824 13
3824 3968 16
3968 4453 15
4453 4960 10
4960 1958 4
1958 779 13
779 3668 8
3668 1688 2
1688 3767 18
3767 1214 14
1214 319 9
319 581 3
581 3682 12
3682 3897 7
3897 3666 10
3666 4607 12
4607 3995 19
3995 2927 11
2927 857 6
857 692 2
692 1615 4
1615 4541 4
4541 4249 17
4249 2606 17
2606 4134 1
4134 3740 14
3740 406 10
406 3815 4
3815 1069 2
1069 4990 14
4990 1212 5
1212 1125 6
1125 1415 11
1415 1519 8
1519 3074 6
3074 3770 8
3770 1626 10
1626 3566 17
3566 3518 14
3518 4636 13
4636 4918 3
4918 1157 11
1157 2480 19
2480 312 11
312 2051 16
2051 1518 14
1518 1112 3
1112 2836 17
2836 2948 16
2948 204 20
204 3508 3
3508 3361 17
3361 3842 3
3842 1172 14
1172 3161 19
3161 2408 15
2408 3570 18
3570 2421 5
2421 4560 14
4560 2031 2
2031 2080 15
2080 4114 18
4114 1419 10
1419 4198 16
4198 1726 14
1726 2227 7
2227 687 12
687 2024 10
2024 1368 18
1368 2609 6
2609 4567 8
4567 4670 11
4670 2805 20
2805 2 5
2 4238 10
4238 2932 9
2932 2569 8
2569 2931 10
2931 112 14
112 1336 9
1336 2129 17
2129 1968 7
1968 3109 15
3109 3313 16
3313 4710 19
4710 3373 7
3373 4385 11
4385 2755 18
2755 888 19
888 3325 12
3325 4708 19
4708 2201 13
2201 1942 5
1942 3813 8
3813 4299 12
4299 3849 14
3849 2291 3
2291 2719 17
2719 2819 5
2819 433 16
433 873 4
873 2825 16
2825 2874 1
2874 2615 6
2615 4893 7
4893 4369 8
4369 1136 1
1136 3330 6
3330 833 12
833 4158 7
4158 3843 4
3843 2784 14
2784 4882 15
4882 1037 19
1037 2471 14
2471 1540 3
1540 357 1
357 2801 1
2801 3660 5
3660 3486 10
3486 1534 8
1534 591 15
591 3292 4
3292 2700 11
2700 359 5
359 1473 9
1473 2433 17
2433 2919 19
2919 3310 19
3310 4914 14
4914 1728 14
1728 326 14
326 2097 15
2097 2402 16
2402 2724 17
2724 4678 2
4678 808 4
808 1582 10
1582 498 17
498 3306 18
3306 4102 12
4102 4627 20
4627 2977 8
2977 4863 2
4863 1376 11
1376 879 5
879 2638 17
2638 2384 4
2384 630 7
630 3412 11
3412 4899 15
4899 3169 5
3169 3701 5
3701 2018 3
2018 2242 10
2242 4319 14
4319 4044 17
4044 4682 19
4682 4979 7
4979 4504 19
4504 391 7
391 2062 18
2062 416 15
416 878 10
878 4271 4
4271 3435 4
3435 1192 17
1192 3480 7
3480 1668 2
1668 942 15
942 2999 12
2999 1972 7
1972 1995 4
1995 681 12
681 821 10
821 2785 13
2785 2153 14
2153 128 6
128 2103 5
2103 4551 15
4551 1035 5
1035 3791 12
3791 4862 8
4862 4218 16
4218 2483 14
2483 4120 6
4120 3631 17
3631 1771 5
1771 3232 3
3232 3096 6
3096 3199 20
3199 3802 20
3802 2086 16
2086 2022 4
2022 320 11
320 2942 18
2942 3492 18
3492 4690 1
4690 251 12
251 2627 11
2627 980 16
980 2496 2
2496 3345 15
3345 4219 2
4219 2681 5
2681 3076 6
3076 4544 19
4544 4286 13
4286 806 8
806 2952 15
2952 1608 6
1608 2961 13
2961 3100 11
3100 4754 19
4754 4772 14
4772 588 14
588 1860 16
1860 1052 18
1052 3128 20
3128 2513 19
2513 2601 7
2601 2853 9
2853 2309 7
2309 2374 14
2374 1298 18
1298 1631 11
1631 3936 5
3936 4407 14
4407 3134 5
3134 3391 12
3391 2379 15
2379 734 20
734 1694 10
1694 1872 20
1872 1671 17
1671 2180 7
2180 385 5
385 845 6
845 1240 4
1240 1839 18
1839 4737 2
4737 1702 20
1702 191 15
191 26 1
26 152 7
152 1409 2
1409 1863 4
1863 4296 1
4296 110 12
110 4618 6
4618 3053 5
3053 2181 11
2181 1418 13
1418 2916 17
2916 3850 6
3850 4262 11
4262 2009 19
2009 4470 2
4470 3024 12
3024 2637 18
2637 335 9
335 2936 4
2936 4105 20
4105 3403 15
3403 571 11
571 2994 14
2994 2963 14
2963 3763 17
3763 3703 3
3703 299 13
299 2447 10
2447 623 10
623 4076 2
4076 1818 16
1818 4623 20
4623 3235 11
3235 2122 15
2122 3573 16
3573 4382 19
4382 4394 11
4394 844 20
844 3552 3
3552 168 3
168 187 16
187 1785 14
1785 2586 17
2586 2663 9
2663 3775 20
3775 4387 14
4387 3914 6
3914 2375 12
2375 2358 9
2358 4814 20
4814 4344 9
4344 4199 3
4199 298 12
298 2071 6
2071 3772 6
3772 202 13
202 4356 5
4356 4341 20
4341 1810 15
1810 1988 15
1988 1198 7
1198 2398 2
2398 1046 9
1046 4985 20
4985 3003 7
3003 2210 15
2210 4543 4
4543 1078 12
1078 2386 2
2386 3017 20
3017 144 8
144 4917 11
4917 2424 10
2424 965 11
965 951 18
951 3080 18
3080 3200 5
3200 1982 1
1982 3661 18
3661 709 16
709 3013 16
3013 1660 12
1660 1451 8
1451 3634 9
3634 2691 19
2691 3729 14
3729 4531 4
4531 856 14
856 2565 11
2565 2001 4
2001 1656 18
1656 3864 4
3864 2303 3
2303 1918 18
1918 3803 8
3803 556 17
556 4223 17
4223 192 10
192 4794 18
4794 2365 7
2365 2156 20
2156 3321 9
3321 2553 14
2553 63 19
63 1951 14
1951 832 14
832 3112 6
3112 3354 2
3354 22 18
22 2189 19
2189 56 3
56 1301 17
1301 3833 17
3833 2511 4
2511 3818 3
3818 88 13
88 2763 11
2763 2250 16
2250 1150 17
1150 1180 19
1180 4169 11
4169 1495 14
1495 4224 19
4224 4702 10
4702 438 18
438 3222 19
3222 2360 6
2360 4326 15
4326 3670 14
3670 4024 4
4024 3792 2
3792 3536 16
3536 1645 7
1645 1374 4
1374 1129 3
1129 2641 9
2641 1124 14
1124 1832 15
1832 3064 2
3064 2343 18
2343 863 1
863 2717 18
2717 573 12
573 1068 3
1068 2534 13
2534 2048 1
2048 3386 20
3386 4426 6
4426 4186 18
4186 265 1
265 4723 1
4723 2362 20
2362 3959 7
3959 4513 18
4513 1485 9
1485 2394 6
2394 2237 13
2237 3665 17
3665 1103 5
1103 2419 14
2419 2430 18
2430 271 19
271 1178 8
1178 198 18
198 399 18
399 2472 13
2472 4353 5
4353 1199 9
1199 2350 15
2350 1154 8
1154 4982 2
4982 3090 15
3090 130 20
130 2027 18
2027 376 19
376 1731 16
1731 1791 8
1791 1100 12
1100 1356 2
1356 345 13
345 51 12
51 3316 20
3316 2161 19
2161 196 6
196 4632 15
4632 179 3
179 842 4
842 1216 7
1216 4658 4
4658 73 5
73 3203 6
3203 2282 20
2282 4832 17
4832 1717 17
1717 4964 4
4964 4442 15
4442 4671 2
4671 2689 3
2689 4909 17
4909 2262 5
2262 1310 15
1310 1592 14
1592 537 12
537 3606 9
3606 2228 4
2228 4275 3
4275 272 18
272 1447 16
1447 1738 8
1738 3145 3
3145 405 18
405 3249 3
3249 3049 7
3049 1272 7
1272 1470 7
1470 383 7
383 1979 15
1979 2133 8
2133 4417 9
4417 786 5
786 2413 10
2413 1735 10
1735 4847 19
4847 5 7
5 24 3
24 958 17
958 1075 19
1075 853 18
853 564 5
564 3754 10
3754 4489 13
4489 3485 1
3485 392 7
392 4143 8
4143 2538 13
2538 1114 1
1114 2151 11
2151 3933 6
3933 221 17
221 4597 20
4597 1353 9
1353 4874 11
4874 3420 15
3420 466 9
466 347 9
347 1380 1
1380 601 9
601 3725 16
3725 669 20
669 794 11
794 611 5
611 761 17
761 3895 20
3895 1034 10
1034 2400 16
2400 4290 1
4290 4594 13
4594 4502 13
4502 3152 16
3152 1211 20
1211 3005 15
3005 4805 4
4805 2013 4
2013 2725 19
2725 3724 1
3724 2611 3
2611 646 4
646 3223 7
3223 2535 9
2535 1773 14
1773 2004 13
2004 2967 1
2967 4704 20
4704 3612 14
3612 1302 3
1302 4603 7
4603 4068 16
4068 2147 4
2147 2711 1
2711 3904 13
3904 795 4
795 108 18
108 1753 19
1753 3851 10
3851 242 15
242 4816 15
4816 2621 9
2621 2098 18
2098 3153 14
3153 1787 17
1787 308 17
308 4072 3
4072 2492 12
2492 3656 19
3656 638 2
638 2256 1
2256 3681 3
3681 1620 7
1620 2381 11
2381 1121 7
1121 3158 9
3158 3853 19
3853 3882 3
3882 351 16
351 4372 20
4372 3410 6
3410 4227 6
4227 2469 2
2469 1221 6
1221 4521 9
4521 4175 14
4175 3357 18
3357 2363 19
2363 2321 20
2321 1022 9
1022 1120 16
1120 2803 7
2803 1209 11
1209 4792 3
4792 1349 18
1349 2330 7
2330 2139 3
2139 1244 8
1244 4787 6
4787 925 12
925 723 10
723 1187 13
1187 27 20
27 1580 14
1580 4717 7
4717 4743 1
4743 1239 10
1239 1011 1
1011 1227 2
1227 1235 16
1235 4819 18
4819 739 13
739 3063 18
3063 1931 2
1931 3122 6
3122 3336 1
3336 3924 14
3924 3046 6
3046 4522 7
4522 2190 11
2190 3743 12
3743 4015 7
4015 4211 4
4211 4562 7
4562 2451 14
2451 4246 5
4246 1476 19
1476 1535 20
1535 1959 7
1959 3657 8
3657 131 7
131 2058 7
2058 1171 8
1171 3426 16
3426 288 12
288 758 17
758 1963 15
1963 3283 19
3283 4588 6
4588 3798 2
3798 2239 5
2239 1237 18
1237 4992 4
4992 3302 2
3302 3884 14
3884 3975 17
3975 4447 9
4447 765 17
765 1784 15
1784 4619 14
4619 4566 1
4566 1641 7
1641 468 8
468 1173 19
1173 4422 15
4422 1714 9
1714 2253 8
2253 2849 10
2849 2590 12
2590 3233 5
3233 66 13
66 4384 8
4384 4859 17
4859 3362 18
3362 1024 11
1024 1501 1
1501 2017 13
2017 1289 12
1289 4339 7
4339 4549 1
4549 997 20
997 4333 17
4333 206 12
206 579 11
579 3674 8
3674 3542 9
3542 2810 13
2810 2267 11
2267 1669 19
1669 2498 13
2498 2117 18
2117 3985 12
3985 4141 3
4141 4484 13
4484 4315 4
4315 2858 1
2858 1382 1
1382 869 6
869 2840 8
2840 4788 5
4788 4482 3
4482 4258 18
4258 643 15
643 4360 2
4360 2219 3
2219 2348 14
2348 2191 8
2191 2979 14
2979 2283 19
2283 4135 7
4135 1091 1
1091 3218 6
3218 4067 13
4067 3462 9
3462 4657 2
4657 425 11
425 3716 6
3716 905 2
905 3704 19
3704 127 11
127 1584 5
1584 14 1
14 1286 3
1286 249 19
249 604 18
604 1745 15
1745 3500 12
3500 4457 2
4457 4305 4
4305 4995 18
4995 4041 6
4041 2736 19
2736 2670 18
2670 1043 17
1043 4008 6
4008 3450 1
3450 4490 11
4490 2225 18
2225 3106 9
3106 2345 10
2345 1772 10
1772 4886 11
4886 1834 5
1834 4906 18
4906 1039 6
1039 1523 7
1523 1905 20
1905 1938 12
1938 3785 13
3785 1975 7
1975 3694 10
3694 4806 15
4806 2998 5
2998 2647 17
2647 1468 2
1468 2655 10
2655 4756 20
4756 3177 6
3177 3755 20
3755 1347 16
1347 2293 17
2293 2485 16
2485 1740 9
1740 3604 18
3604 4155 15
4155 3517 6
3517 3268 11
3268 2679 1
2679 4887 11
4887 4648 19
4648 118 18
118 621 6
621 568 16
568 664 10
664 4813 14
4813 3201 4
3201 350 2
350 2006 3
2006 42 11
42 275 19
275 2861 15
2861 4942 3
4942 3401 3
3401 157 3
157 1896 13
1896 95 12
95 2648 12
2648 3280 17
3280 2315 1
2315 4897 6
4897 1807 18
1807 2917 18
2917 1267 4
1267 103 11
103 4698 16
4698 1552 11
1552 660 12
660 4534 2
4534 1756 7
1756 2359 11
2359 1721 18
1721 1779 14
1779 939 12
939 936 2
936 2392 1
2392 1399 6
1399 1727 14
1727 3826 6
3826 1202 19
1202 2821 14
2821 4038 18
4038 3315 20
3315 1996 5
1996 1394 4
1394 1099 14
1099 4762 16
4762 3951 16
3951 2221 8
2221 449 17
449 3700 4
3700 2070 13
2070 4201 18
4201 3025 5
3025 377 4
377 683 15
683 2464 14
2464 3636 13
3636 1077 17
1077 2620 4
2620 4747 18
4747 560 1
560 1635 3
1635 3034 20
3034 1015 15
1015 1529 14
1529 3655 1
3655 1429 1
1429 1750 15
1750 964 12
964 4616 13
4616 3322 8
3322 1581 16
1581 663 4
663 3580 4
3580 3060 5
3060 2624 16
2624 1866 7
1866 2673 9
2673 2817 15
2817 3359 8
3359 835 11
835 2827 7
2827 2175 17
2175 2779 10
2779 790 17
790 1421 9
1421 3058 9
3058 143 3
143 540 16
540 912 3
912 1819 8
1819 4079 18
4079 1809 10
1809 3030 17
3030 501 20
501 4589 20
4589 4379 17
4379 2588 9
2588 4059 3
4059 4826 17
4826 3281 16
3281 2314 11
2314 4124 14
4124 4700 10
4700 2959 1
2959 612 4
612 2770 11
2770 4978 3
4978 1761 6
1761 975 9
975 3484 18
3484 4472 18
4472 4802 14
4802 590 15
590 2220 4
2220 3624 17
3624 3584 11
3584 2014 8
1 3730 6
2 2569 5
2 2931 10
2 2129 8
2 1336 7
3 360 9
3 2775 4
4 3594 10
5 3754 10
5 958 7
5 1075 9
5 4489 7
6 1653 2
6 1410 10
7 726 10
7 1208 9
7 3929 8
8 2567 1
8 426 3
9 1906 5
9 3026 7
9 3382 10
9 4829 9
10 4890 1
10 4128 10
10 4468 4
10 1137 4
11 18 10
11 3441 2
11 1158 1
12 4952 8
12 2563 1
12 4138 3
12 4123 6
13 1471 5
13 3328 1
13 2397 1
13 2407 9
14 4305 1
14 1745 8
14 4457 4
14 604 8
15 3507 7
15 487 4
15 4940 8
15 1681 7
15 2289 7
16 1266 9
16 4729 1
16 989 2
16 79 7
16 3367 9
17 4261 6
17 1788 9
17 1303 2
17 656 3
17 613 9
18 1158 8
19 859 8
19 183 1
20 2649 9
20 2404 5
20 902 3
21 1825 1
21 984 9
22 56 9
23 4557 10
23 280 6
23 4905 7
23 197 1
23 1093 2
24 3485 5
24 1075 7
24 3754 10
25 302 6
25 1151 1
25 1692 8
25 3713 4
26 110 10
26 1863 3
26 4296 7
26 3053 10
27 1239 2
27 1011 6
28 4768 9
28 273 5
29 4889 7
29 1288 2
29 3141 3
30 1539 9
30 2974 8
30 3546 8
30 2484 2
30 2809 2
31 4935 10
31 1366 4
31 4637 9
32 2128 9
32 2280 9
32 4065 10
32 788 5
32 1800 10
33 1604 10
34 803 6
34 3028 9
34 3963 1
35 976 5
36 1854 4
36 1086 8
37 4936 7
38 4381 10
38 3243 7
39 517 5
40 4450 1
40 3173 1
41 3988 9
41 3098 6
41 2583 6
41 4646 8
41 2962 10
42 2861 5
42 3401 3
42 1896 8
43 4505 9
43 4582 1
43 2241 4
43 203 9
43 273 7
44 894 2
44 89 2
44 1464 6
45 3805 4
46 3501 7
46 4210 3
46 3780 8
46 1659 1
46 1926 3
47 217 4
47 1924 2
48 3220 3
48 2629 6
49 470 2
49 3372 2
50 365 5
50 2937 1
50 4943 2
50 3393 6
51 196 3
51 1216 8
51 4632 1
51 2161 8
51 842 9
52 554 10
52 4520 3
52 2740 4
52 4361 2
52 2127 5
53 3714 9
54 1497 2
54 3964 1
55 4465 6
56 2250 4
56 88 10
57 1341 2
57 724 4
57 1246 5
57 4119 3
58 3557 3
58 4336 1
58 1708 10
59 982 3
59 1845 9
59 3757 10
59 4694 9
60 4533 4
60 2091 4
60 3317 1
60 3209 2
60 2240 1
61 3814 1
61 2766 7
61 447 2
61 4152 8
62 2404 2
62 1256 9
62 2233 6
63 832 8
63 3112 9
63 88 3
63 3354 5
64 2054 7
65 693 3
65 1650 10
65 1857 2
66 1289 3
66 3362 6
66 4859 2
66 2017 6
67 74 5
68 3961 10
68 1572 4
68 4252 10
69 1769 4
70 2146 5
70 1102 7
70 2275 9
70 3072 7
70 961 3
71 2473 8
72 327 10
73 1717 9
73 4442 10
73 4832 10
73 4964 1
74 4010 5
74 616 4
74 2206 1
74 229 2
75 2415 4
75 243 6
76 4452 3
77 316 6
77 4439 1
78 2918 8
78 527 6
78 3239 10
78 3571 1
79 4729 8
79 989 2
79 201 8
79 3583 7
80 1365 8
81 2383 3
81 1058 10
81 1596 6
81 4693 5
81 4799 9
82 318 6
82 2349 7
83 3503 4
83 411 2
83 549 3
84 4510 5
84 1914 9
84 3562 1
85 2841 5
85 598 3
85 2794 10
85 1806 10
85 3811 1
86 483 4
87 4217 8
88 2250 6
88 4169 8
88 1150 9
88 1180 8
89 3212 7
89 1087 3
89 1622 9
90 3520 8
91 4136 9
91 2030 9
92 3156 3
93 747 4
93 12 1
93 1411 4
93 164 2
93 4018 7
94 3993 2
94 3449 3
94 4444 6
95 1267 9
95 3280 8
95 4897 10
95 2315 10
95 2917 4
96 1006 10
96 481 6
96 1910 8
96 2487 8
97 1713 7
98 1980 6
98 811 8
98 4869 7
98 4725 2
99 4655 2
100 1160 2
100 2882 2
100 3248 9
100 2908 4
101 2734 7
101 2121 5
101 4503 8
101 2956 9
101 1071 7
102 4928 2
102 4927 3
103 660 1
103 1756 6
103 2359 3
104 3901 5
104 1256 2
104 115 10
105 3202 1
105 4564 9
105 226 8
106 2694 7
106 2642 3
106 464 8
106 3479 4
106 4808 10
107 3267 6
107 1915 9
107 2548 2
107 2683 7
107 389 5
108 242 7
108 2098 1
108 4816 9
108 3153 6
108 3851 6
109 1700 4
109 1359 7
109 4266 9
109 371 9
110 3850 10
110 2181 6
110 3053 9
111 4988 4
111 4048 10
111 716 5
112 3109 1
112 2129 8
112 3373 5
112 1968 4
112 4710 6
113 2699 8
113 4540 2
114 2818 1
114 1259 5
115 4242 2
115 2640 9
115 988 5
115 719 4
115 986 9
116 71 6
116 3980 8
117 547 2
117 1786 8
117 953 5
117 2335 10
118 350 5
118 4813 1
118 2006 8
119 578 4
120 4321 5
120 4497 3
121 788 4
121 1118 4
121 264 2
121 163 2
121 2576 8
122 4400 3
122 2578 2
123 617 10
123 898 3
123 2603 8
124 2746 5
125 1049 7
125 813 10
125 2758 8
125 3399 1
126 145 7
126 3688 8
126 194 9
127 4995 4
127 2670 2
127 1286 9
128 2483 9
128 4862 3
128 1035 9
129 1605 7
129 1551 4
130 376 2
130 345 8
130 1731 5
130 1100 7
130 1791 1
131 758 4
131 3426 6
131 288 7
131 1171 1
131 1963 2
132 4961 8
132 1111 7
132 2361 2
132 2742 6
132 504 9
133 1337 4
133 914 1
133 3497 9
134 3309 8
134 1497 5
135 243 1
136 2603 5
136 2088 7
137 3190 7
138 1507 7
138 1268 4
139 3368 6
139 1276 1
139 1944 5
139 4441 3
140 3961 5
141 4925 5
141 3630 1
141 839 9
141 1884 10
142 3550 3
142 2288 4
142 3092 5
142 2134 4
142 1930 2
143 1819 1
143 4079 7
143 501 7
144 3080 5
144 1982 1
144 951 2
145 1859 7
145 3378 10
145 1337 5
145 914 2
145 3497 8
146 1145 7
146 4115 1
147 632 10
147 380 1
148 4011 1
148 4742 3
149 552 6
149 4316 2
149 4189 8
150 968 6
151 2417 7
151 1155 5
151 2635 2
151 4452 4
151 2525 9
152 2916 7
153 3693 8
153 2870 5
153 4630 8
153 2846 2
154 4071 1
155 3339 6
155 1545 2
155 3228 3
156 870 6
157 1552 6
157 1756 10
157 1721 1
158 893 2
159 1448 6
159 2577 7
160 2987 3
160 3620 4
160 3137 6
160 2868 10
161 2347 1
161 1484 6
162 3692 9
162 4635 2
162 1461 7
162 1047 10
162 4523 4
163 4228 7
163 3187 5
164 606 1
164 12 10
164 4055 1
164 4123 9
165 1285 1
165 787 6
165 4176 8
165 1554 7
165 214 8
166 2246 1
167 4697 2
167 619 5
167 798 3
168 1785 1
168 4387 7
169 720 2
169 1670 1
169 1166 3
169 266 10
169 1865 6
170 1186 7
170 1864 5
171 2898 3
171 1056 3
171 4946 6
171 4735 8
171 4821 5
172 339 1
173 528 3
173 1921 3
173 4188 6
173 950 2
173 1981 10
174 3240 7
175 2974 1
175 3832 2
176 4949 3
176 3640 3
176 2061 3
177 2753 1
177 4113 10
177 188 4
177 398 7
177 3179 2
178 720 4
178 1283 7
179 1216 1
180 2566 7
180 4215 9
181 4331 5
182 3706 7
182 4817 10
182 721 7
182 3423 3
183 859 1
183 86 5
183 3066 6
183 4149 4
183 483 4
184 3837 7
185 1132 8
185 1259 8
185 4773 7
185 3037 8
185 3472 1
186 3504 3
186 933 10
186 1598 9
187 3775 6
187 3914 9
188 2832 8
188 1095 3
188 2595 6
188 3179 8
188 398 2
189 3537 7
190 3921 5
190 4542 1
190 2600 9
191 3024 5
191 152 10
191 1409 9
192 3354 10
192 1951 10
192 3112 6
193 619 1
194 2686 7
194 532 7
194 1859 2
194 885 10
194 914 3
195 1699 8
195 2895 4
195 1346 10
196 1216 1
196 4964 6
196 1717 4
196 4832 10
197 4100 9
197 3451 10
197 4939 7
197 4370 8
198 2350 4
198 2472 9
198 4982 5
198 1154 7
198 1199 10
199 262 10
200 3084 5
200 4956 4
200 553 5
200 480 8
200 2298 8
201 1494 4
201 2420 7
201 3421 7
201 437 8
202 1046 10
203 941 5
203 2570 4
204 1172 3
204 3161 9
204 2408 7
204 3570 8
204 3842 3
205 2782 4
205 4062 3
205 514 6
206 2810 2
206 2498 1
207 3697 1
207 4877 5
208 2844 3
208 1138 9
208 3341 9
209 4677 10
209 680 3
209 1822 7
210 1510 3
211 296 9
211 3139 3
211 2887 4
212 946 8
213 1749 9
213 2883 3
214 721 9
214 1822 4
214 4677 10
214 2813 9
214 3089 9
215 733 8
216 3493 4
216 3967 6
216 2869 4
216 2124 1
216 1176 7
217 4858 9
217 2301 9
217 2261 3
217 4233 5
218 3512 5
218 2669 8
218 231 8
219 511 7
219 972 8
220 2705 10
220 2966 6
221 3420 4
221 1380 7
221 466 8
221 347 9
222 2364 6
223 4888 4
223 4350 2
224 2467 2
224 4454 4
225 3056 10
226 4492 1
226 3319 1
226 2761 2
226 4346 2
226 4096 1
227 4093 10
227 4858 6
227 2650 6
228 1517 8
228 3257 10
229 1436 3
229 4944 1
230 2786 10
230 491 4
231 2346 10
231 3370 5
231 3614 8
231 2050 5
232 1414 10
233 967 8
233 1769 5
233 3720 3
233 2625 4
233 1148 2
234 553 2
234 480 10
234 294 5
235 1019 6
235 3801 3
236 4728 1
236 4420 10
236 3380 3
237 396 9
237 4684 2
237 1323 1
238 1797 5
238 3650 10
238 2437 7
238 4955 3
238 1841 10
239 2205 8
239 674 2
239 1312 7
240 3220 5
241 711 8
241 874 3
242 2098 3
243 3776 1
243 1646 1
243 1174 4
243 2607 1
243 3990 8
244 3538 7
244 2584 2
244 3105 4
245 2902 6
245 711 6
246 270 1
246 2087 6
246 3844 10
246 1594 5
247 4506 8
248 3236 10
248 3540 1
248 1827 8
248 372 2
248 4494 1
249 4995 5
249 3500 5
249 4457 4
250 854 7
250 3940 2
250 2896 3
250 1985 4
250 4687 8
251 2681 7
251 3345 7
251 980 1
252 4295 3
253 456 5
253 1696 10
253 4477 9
253 4896 1
254 1889 8
254 2966 7
254 2543 2
254 139 9
254 1379 5
255 3446 9
255 4871 9
255 4474 7
255 1002 6
256 3186 6
257 222 2
257 1443 8
257 4976 2
258 1102 3
258 4716 7
259 1974 6
259 1396 7
259 1606 1
260 4226 6
260 1352 1
260 1492 1
260 329 7
261 3610 1
261 2248 4
261 4127 6
262 973 5
262 3912 6
262 1346 1
263 3308 8
263 3758 2
263 1553 5
264 3783 7
264 3187 10
265 3959 8
265 4513 3
265 2237 7
265 2362 3
266 1670 6
267 1016 2
267 2993 3
267 3164 2
267 3891 5
268 780 6
268 4187 3
268 3220 2
269 2567 3
269 8 10
269 3563 8
269 426 1
269 4280 9
270 2026 1
270 2592 5
270 4989 8
270 3844 6
271 399 1
272 1272 6
272 1738 5
272 3145 10
272 3249 3
272 3049 2
273 3069 8
273 4306 4
273 4582 8
273 3471 6
274 1613 9
274 3350 2
274 2429 3
274 4508 3
275 2917 6
275 3401 3
275 2359 8
275 4897 5
276 3621 10
277 2824 8
277 1408 2
277 503 8
278 2396 9
278 3284 3
278 3891 1
278 1016 1
278 3164 7
279 2409 7
279 2884 2
279 435 2
280 1360 4
280 2172 2
280 4872 9
281 2010 10
281 2995 7
281 441 10
281 3927 1
282 434 3
282 3774 6
282 3385 9
283 733 2
283 3445 3
284 4428 9
284 2197 8
284 4930 1
284 1331 10
285 4093 10
285 4858 6
286 4626 1
286 1424 3
286 818 8
287 436 3
287 303 7
287 1861 4
287 785 2
288 3283 3
288 3798 3
288 1963 9
289 1377 4
290 2922 1
290 2403 3
291 1299 5
291 2846 10
291 2905 10
291 1811 1
291 3654 5
292 1271 9
293 4025 4
293 615 5
294 4956 8
294 3575 7
294 4730 8
294 3084 4
295 4963 2
295 3639 5
296 2416 3
297 2311 6
297 324 8
297 3855 3
298 4356 3
298 3003 10
298 2210 4
298 4985 8
299 4623 7
299 4076 2
299 2122 7
300 1288 6
301 1385 9
302 3713 7
302 1692 3
302 3516 10
302 1057 10
303 3007 7
303 589 2
304 3831 10
305 562 10
305 314 6
305 1474 4
306 499 6
306 3372 4
307 2915 7
307 3493 2
307 1110 10
307 2124 3
307 4191 3
308 1620 10
308 3681 5
308 2256 8
308 2492 7
308 3656 3
309 190 7
309 1792 7
310 4563 2
310 1190 7
310 1492 4
310 1776 3
311 1587 5
311 3010 3
312 3842 3
312 2948 3
312 204 10
312 1518 4
313 2137 8
313 1910 2
313 1612 5
313 393 2
314 507 6
314 4391 8
314 3658 8
314 740 2
314 2997 3
315 2494 2
315 2011 10
315 924 8
315 4940 2
316 1751 2
316 3126 1
316 3787 8
317 2457 10
317 650 5
318 2674 10
319 3995 4
319 3666 4
319 3897 5
319 4607 10
320 4544 5
321 1729 5
321 1907 4
321 2410 4
322 3866 9
322 4894 7
322 4003 9
323 858 4
324 2177 10
324 2232 3
324 1441 2
325 711 5
325 1191 4
326 2402 6
326 808 3
326 2724 10
326 4678 8
326 498 1
327 499 9
327 2145 4
327 1655 5
327 2855 7
328 3844 7
328 4989 1
328 2087 1
329 1776 4
329 1392 5
329 98 6
330 2339 8
331 3270 6
331 1257 6
332 909 6
333 3712 10
334 3097 7
334 2866 10
335 4105 9
335 3403 1
335 3763 6
335 571 9
335 2994 10
336 3640 3
336 3116 8
336 2730 7
337 4349 5
337 738 5
337 4752 9
337 2318 2
337 955 8
338 1146 10
339 3919 6
339 3434 10
340 1038 5
341 2540 4
342 3953 8
342 1460 3
342 334 10
342 800 3
342 1943 7
343 301 5
344 1085 5
344 233 1
344 2769 6
344 1762 1
345 4442 5
345 2282 1
345 3316 7
345 4658 6
345 1717 6
346 851 5
346 4873 1
346 3476 8
346 4039 8
346 703 3
347 3725 7
347 761 5
347 601 4
347 669 1
348 4487 1
349 445 8
349 1836 10
349 1543 7
349 3737 2
350 939 4
350 4534 10
350 660 6
350 2359 6
350 1807 9
351 4521 8
352 1734 5
352 2881 1
352 4833 8
352 1335 9
353 1562 7
353 3509 9
353 3613 5
353 4912 6
354 3265 1
354 954 1
354 1894 2
354 4605 4
354 4465 4
355 3648 4
355 4740 7
355 3490 6
355 2278 6
355 1605 8
356 4458 10
356 4919 4
356 3220 5
357 591 3
357 3292 9
357 3486 4
357 1534 4
357 2700 9
358 1506 4
358 4342 9
358 2252 9
358 2096 10
359 1728 4
360 944 4
360 2775 10
360 1591 7
361 1517 1
362 4519 3
362 1152 2
363 3331 6
363 3180 2
363 908 4
363 4840 8
363 934 2
364 3215 6
364 1097 4
364 3135 4
364 4098 2
365 4220 6
365 2361 5
365 4245 3
365 2742 7
365 3510 5
366 3556 4
366 4427 3
366 2802 5
366 3261 7
366 3008 2
367 2035 5
367 2251 4
367 3182 7
368 753 6
368 2938 7
368 3806 9
368 3947 10
369 2107 7
369 4709 6
370 2243 9
371 1359 4
371 4266 9
371 1467 3
372 1030 2
372 2981 4
372 4045 1
372 1827 6
373 2102 9
373 652 7
373 3247 8
373 2643 9
373 4755 4
374 3702 6
374 3346 1
374 3553 3
374 381 1
374 2790 5
375 85 5
375 3811 2
375 4857 4
376 3316 3
376 2282 1
376 842 1
376 4832 8
377 1077 7
377 2620 4
377 3636 1
377 4747 2
377 560 10
378 4929 10
379 2015 2
380 632 1
380 428 1
380 3015 9
380 4923 7
380 427 4
381 2316 8
381 3216 2
382 4179 2
382 4477 8
382 1696 7
382 4896 4
382 3577 8
383 2133 4
383 4417 2
383 786 7
383 1735 7
384 3574 8
384 4572 3
385 1409 3
385 152 2
385 1839 1
385 26 4
386 375 8
386 4425 9
386 85 5
386 1806 1
387 2698 3
388 3548 1
388 2108 7
388 523 2
388 3430 2
388 1858 6
389 3267 8
389 3511 7
389 3917 10
389 2701 4
390 1442 3
390 3118 9
391 3435 3
391 416 7
391 878 1
391 3480 1
392 221 4
392 4597 10
392 3420 10
393 1757 4
393 479 8
393 4480 3
393 1910 10
394 186 7
394 4929 2
394 3543 10
395 1088 8
395 3571 1
395 3239 2
395 2918 1
396 2243 2
396 4028 9
397 3107 7
397 3448 2
397 1707 5
397 2823 7
397 896 5
398 1095 7
398 1358 9
398 618 1
398 2595 1
398 2832 1
399 1154 5
399 2350 2
400 922 10
400 2930 5
401 1624 2
402 462 5
402 4851 2
402 2501 1
403 4755 2
403 4910 1
404 322 4
404 3866 3
405 4417 10
405 1470 9
405 2413 8
406 4990 10
406 1212 3
406 1125 3
406 1415 3
407 2247 2
407 1752 8
408 2596 4
408 1778 9
408 1914 9
409 4829 4
409 1567 9
410 946 3
410 640 3
410 2964 6
410 2456 1
411 2057 5
411 2741 1
411 1247 1
411 1499 5
412 4652 1
412 3642 3
412 304 3
412 3831 3
412 3558 1
413 4968 10
413 3758 1
414 4841 4
415 1137 7
415 286 7
416 942 1
417 3057 7
417 4517 5
417 725 8
417 717 9
418 2675 3
418 1477 3
418 4488 8
418 593 10
419 1675 3
419 2271 2
420 4799 2
420 3246 4
420 3274 6
420 1021 8
421 834 4
421 1326 1
421 543 1
421 1009 2
422 634 1
422 296 3
422 2416 8
422 2887 5
423 3994 2
423 3272 5
423 3454 5
423 2968 4
424 4855 3
424 2809 4
424 2484 4
424 476 10
425 3704 8
425 1745 4
426 529 6
426 3962 2
427 1340 5
427 1320 4
427 1623 5
428 427 1
428 4908 5
428 3015 2
429 1405 9
429 3596 1
429 1990 10
429 1350 1
429 3208 10
430 4160 6
430 1917 1
430 4800 9
431 3037 1
431 2310 2
432 4184 5
432 4282 4
432 710 3
432 4066 10
432 3018 5
433 2825 1
434 4080 5
434 3385 5
434 4791 8
435 75 4
435 4205 3
435 1646 9
436 1861 6
436 1805 3
436 785 7
437 1657 9
437 2165 5
437 4253 2
437 772 10
437 3151 1
438 4024 2
439 148 2
439 1838 3
439 4742 6
439 4345 4
440 1869 7
440 3891 4
441 2338 8
441 3314 6
441 2353 9
442 2367 5
442 2063 7
442 1410 7
443 1665 8
443 134 10
444 1663 10
445 2558 9
446 314 10
447 2766 8
448 4314 10
448 4023 9
448 4329 10
449 3025 7
449 377 8
449 1635 9
449 2620 2
450 1846 3
451 2405 1
451 2760 7
451 3750 4
452 1439 7
452 3736 4
453 3467 7
453 4302 5
454 2753 3
454 188 3
454 2935 2
454 2907 4
455 3658 4
455 3691 9
456 3400 6
456 4896 7
456 3419 4
457 1386 10
457 4738 6
457 2614 8
457 3481 9
457 4822 8
458 1138 1
458 4532 4
458 3341 4
459 16 8
460 2131 1
461 891 10
462 1837 8
463 284 7
463 4598 2
463 506 5
464 1489 5
464 3091 7
465 864 5
465 2554 8
465 1044 9
465 973 4
465 2685 9
466 1034 5
466 761 6
467 4153 7
467 1441 1
468 3233 1
468 1714 1
469 831 2
469 4291 8
469 1705 7
470 736 3
470 1081 9
470 2145 2
470 2503 4
471 4591 1
471 4662 2
472 699 8
473 303 2
473 1746 1
474 2475 4
474 536 10
475 2571 8
475 2092 5
475 2735 2
476 1119 9
476 4168 2
477 4693 5
477 582 8
477 420 2
477 3274 1
477 3296 5
478 519 9
478 4878 3
478 458 4
478 3341 3
479 3502 7
479 4480 8
479 1397 4
480 3084 7
480 4730 5
480 2158 5
481 4215 7
481 1612 9
481 3502 5
481 2487 7
481 1397 4
482 3633 5
483 418 8
483 4264 5
483 3056 10
484 4861 8
484 2893 1
484 1638 1
484 4527 6
484 1224 1
485 3639 1
485 2923 9
485 3533 10
485 3910 2
486 474 8
486 2837 7
486 2582 7
486 1984 6
486 1850 5
487 3493 8
487 2869 10
487 4456 9
488 3125 10
488 3139 3
489 4913 4
489 1142 3
489 968 5
490 2585 9
490 3779 5
490 1188 9
490 1478 2
491 3186 1
492 2199 3
492 749 9
492 4331 10
492 4574 3
492 1923 8
493 1861 4
493 3254 6
493 303 10
493 513 4
494 1279 8
494 1691 2
494 2356 6
494 3397 6
494 1682 2
495 58 10
495 1992 5
495 2294 5
495 2591 10
495 1401 2
496 525 8
496 974 5
496 698 10
497 3073 1
497 1747 1
497 3773 7
498 2977 5
498 879 10
499 3372 5
499 1291 6
499 470 4
500 658 6
500 3095 10
501 4826 2
502 926 9
502 3377 3
502 3730 2
503 2130 5
503 737 7
503 4611 2
504 1111 2
504 4245 3
504 2361 7
505 3356 6
506 4428 6
506 2197 9
507 4602 1
507 101 7
507 3691 6
508 1965 2
508 2796 8
508 4696 2
508 2106 10
509 4932 4
510 809 9
510 3872 3
510 3327 2
511 3739 3
511 3790 2
511 2414 8
511 3088 2
512 2550 6
513 1104 7
513 2235 10
514 2949 6
515 1679 10
515 1185 8
515 2045 3
515 3590 4
516 2949 4
516 2054 7
516 648 6
516 3662 2
516 2454 1
517 2067 9
517 4049 6
518 3047 2
519 2259 10
520 3878 10
521 1122 2
521 2089 10
522 4722 1
522 3757 10
522 1845 10
522 4694 9
522 1945 6
523 3545 5
523 3193 2
523 1041 4
523 3869 1
523 1327 9
524 1438 9
524 3149 8
524 763 6
524 4784 1
524 2125 7
525 4891 7
525 1404 4
525 3738 10
525 3143 2
526 2364 7
526 2341 6
526 4126 4
526 3469 3
526 257 6
527 4599 8
527 1737 2
527 542 3
527 3239 4
527 1088 4
528 3110 1
528 1805 10
529 4363 2
529 2933 4
530 1073 2
530 4164 7
531 2828 2
531 2346 8
532 914 5
532 3483 1
532 4414 10
532 4753 7
532 3497 2
533 3929 3
533 7 10
533 1355 4
533 1675 5
533 3014 4
534 4386 4
535 3555 7
535 1780 8
535 276 8
536 1153 8
536 2055 4
536 500 9
536 3992 2
536 1742 2
537 383 2
537 4275 3
537 2413 7
537 3049 1
538 1147 2
538 1500 4
538 2236 9
538 1065 1
539 324 8
539 2177 1
539 1456 2
539 661 1
539 467 4
540 501 6
540 4589 3
541 3646 9
541 1628 3
541 2390 9
541 2141 7
542 2678 8
542 582 8
542 3487 1
542 4074 1
542 4693 1
543 4137 6
543 3054 10
543 4157 1
544 1677 7
544 1862 2
544 4932 8
544 4530 6
545 4331 2
545 2924 7
545 4745 1
546 2680 9
547 3856 4
547 4272 6
548 4248 6
548 4318 9
548 1396 10
548 586 4
548 1651 10
549 3503 9
549 1499 5
549 2110 6
549 4715 4
550 2886 7
550 1023 2
551 441 6
551 2338 1
551 2995 7
551 2010 2
551 3314 7
552 1401 5
552 3931 3
552 495 2
552 2487 2
552 1992 9
553 3575 6
553 970 2
553 4730 3
553 4758 1
554 38 7
554 1637 7
554 2127 8
554 1634 2
555 3645 1
555 3010 7
555 2378 5
555 3889 6
556 2365 9
556 3112 1
556 88 1
557 4511 10
557 2607 9
557 2814 9
557 3776 6
557 1174 3
558 2906 8
559 382 2
560 1750 2
560 1429 2
560 3034 6
560 3655 3
560 1015 5
561 2177 5
562 1565 1
563 2356 10
564 601 7
564 221 8
564 1114 1
564 761 2
564 4874 3
565 4545 5
565 4669 3
565 2387 2
565 576 6
566 28 1
567 2939 3
567 3984 8
567 2660 2
567 4376 8
567 2860 2
568 2861 10
569 4712 6
569 4194 9
569 2802 1
569 3008 8
570 1371 1
570 1465 10
570 4827 7
571 4623 5
571 3235 5
571 3703 5
571 3573 9
571 1818 6
572 1369 1
572 3638 3
573 3386 8
573 265 10
573 4186 8
573 2534 7
574 2391 4
574 4552 1
574 2922 1
575 4179 5
575 4477 10
575 1696 2
575 253 7
575 3667 10
576 3219 6
576 178 9
577 253 5
577 3577 3
577 4073 7
577 4477 4
578 804 1
578 4207 2
579 3542 1
579 2498 10
580 2067 9
580 4057 10
580 1636 10
580 4049 1
580 815 9
581 4607 5
581 3897 2
581 857 8
582 2494 4
582 1021 5
583 4757 6
583 1844 5
583 1563 1
584 4130 4
585 2703 3
585 301 3
585 2273 2
585 1385 2
586 1051 4
586 1876 7
586 633 5
587 1617 3
587 1883 7
587 3610 5
588 2513 3
588 3128 1
588 1052 5
588 2309 2
588 2853 9
589 1339 5
589 3938 4
589 4047 5
589 992 6
589 4576 4
590 2014 8
590 3906 1
591 3310 6
591 359 7
591 2724 3
592 224 3
592 2467 10
593 2547 10
593 4263 8
593 2675 5
593 3039 7
593 4488 3
594 969 6
594 968 10
594 489 2
594 3764 10
594 2089 9
595 2329 8
596 807 3
597 4514 4
597 1338 8
597 1042 3
597 3731 5
597 1463 10
598 2630 3
598 3811 7
598 4425 4
598 4857 3
598 4042 2
599 4818 6
599 2489 5
600 4200 7
601 669 10
601 611 6
601 3895 3
601 761 8
602 1667 3
602 4323 4
602 4037 7
603 150 3
603 2089 4
603 1142 7
603 4846 4
604 4041 9
604 3500 7
605 4951 2
606 3445 8
606 2184 10
607 2697 3
607 3976 2
607 3434 6
607 1243 9
607 3919 3
608 1308 7
608 3683 10
609 3374 1
609 1133 10
610 569 3
610 3489 9
610 3008 1
610 4436 8
611 4502 6
611 2400 7
611 3895 6
611 4594 5
612 1761 8
612 4472 6
612 4802 3
612 3484 3
612 975 10
613 1788 7
613 4261 8
613 666 5
613 4911 3
614 4399 9
614 1083 9
614 4785 5
614 998 6
615 3648 10
615 4025 7
615 1605 7
615 866 10
615 2278 1
616 2495 8
617 2540 2
618 3198 2
618 4765 4
618 1682 8
618 563 7
619 2690 8
619 3690 7
619 4697 9
619 963 7
620 1414 7
620 2226 7
620 3047 3
620 3422 7
620 1502 4
621 2861 8
621 660 2
621 3401 3
622 750 3
623 3573 7
623 4382 1
623 4623 2
623 3235 8
624 937 3
624 3012 2
624 1364 5
624 1980 5
624 811 10
625 3997 6
625 1986 5
625 4791 2
625 3734 4
626 1885 1
626 1086 3
626 3129 7
626 3324 2
626 4834 10
627 1538 1
627 509 1
628 3499 6
628 4578 4
629 2003 3
630 3701 4
631 3944 5
632 1585 10
632 4923 9
632 3602 7
632 1320 1
633 2879 6
633 4085 8
633 836 7
634 65 3
634 3125 8
635 4835 10
636 2898 1
636 1953 5
636 3095 4
636 4735 4
636 3589 3
637 2382 8
637 4746 7
638 1121 8
638 3158 3
638 2381 9
639 4951 6
639 4830 7
639 802 7
640 290 8
640 2391 9
640 2456 7
640 4162 8
641 3305 8
641 3528 9
642 2887 9
643 2283 5
643 2219 1
643 2191 3
643 2979 1
644 3211 9
644 3305 7
644 749 5
644 2199 6
645 2968 10
645 3834 1
645 423 6
645 3078 2
646 2535 3
646 1773 3
646 2004 2
646 2967 4
646 3612 9
647 2891 6
648 2454 5
648 2949 8
649 2312 5
650 1662 3
650 1262 6
650 627 6
650 4580 10
650 4408 8
651 2786 4
651 658 9
651 1056 1
652 2331 5
653 996 2
654 4033 7
655 3997 5
655 2026 8
656 578 10
657 3441 7
657 3398 2
657 4192 9
658 3095 7
658 4735 9
658 4821 9
658 3186 8
659 2212 4
659 3320 6
659 1143 8
659 2176 6
660 1779 8
660 939 3
660 1721 5
660 1756 3
660 936 10
661 2913 6
661 4153 6
661 1878 7
661 672 1
662 4440 3
662 2795 8
663 2817 6
663 2624 2
664 3201 8
665 3154 5
665 428 8
665 632 3
665 1585 6
665 147 2
666 820 2
666 804 4
666 3352 10
666 3925 3
666 119 3
667 2385 10
667 387 9
667 1522 1
667 4727 4
667 3598 1
668 4281 1
668 2883 1
668 4775 6
668 4150 9
668 1207 10
669 3005 8
669 761 6
669 1211 1
669 4502 3
669 3895 5
670 2038 6
670 78 2
670 3239 5
670 4599 5
671 4638 2
672 4298 1
672 2732 4
672 2029 4
673 897 9
673 3587 2
674 4691 1
675 762 3
676 4715 9
676 3503 10
676 3243 9
676 3447 8
677 3516 6
677 4994 4
677 3713 3
677 3900 6
678 1643 7
679 3757 3
680 4267 9
681 4862 6
681 3631 3
682 1270 5
682 4529 1
682 4021 7
683 1077 2
683 2620 4
683 4747 4
683 3034 8
683 3636 8
684 4400 10
684 847 10
684 122 3
685 1128 6
686 1874 3
687 2805 3
687 4567 9
687 1368 4
687 4670 5
688 801 10
688 1264 6
688 3103 5
688 2574 8
688 2389 1
689 544 2
690 2857 5
690 1139 10
690 2799 8
690 3825 9
691 148 3
691 4742 2
691 1020 3
691 1559 2
692 3740 5
693 1048 8
693 2688 5
693 2747 5
693 1857 8
694 741 3
694 2703 4
694 4663 8
695 4119 1
695 401 8
696 83 10
696 2110 3
697 3613 4
698 1767 8
699 2692 4
699 3364 6
699 3932 2
699 2622 1
699 1940 4
700 3782 5
700 1885 6
700 3409 8
700 2209 7
701 3010 9
701 3889 1
701 938 8
701 4465 7
701 555 3
702 4729 3
702 1494 5
703 3241 7
704 4062 9
704 2772 9
704 2131 6
704 3954 7
704 2782 7
705 4674 1
705 1484 10
705 4278 9
705 2347 1
705 1194 4
706 4020 7
706 836 9
706 1051 3
706 3707 9
706 3342 8
707 2322 4
707 401 9
708 2263 2
709 1660 6
709 2691 6
709 3634 7
709 1451 6
710 3739 7
711 2587 7
711 4858 9
711 909 5
711 2902 10
711 217 9
712 4776 10
712 1010 9
712 3613 5
712 3576 3
712 353 8
713 2934 9
713 1305 9
714 2677 10
714 1555 1
714 4023 4
715 4779 4
715 915 1
715 4496 1
716 2229 6
716 4731 8
717 1441 2
717 2177 5
717 324 8
718 4397 3
719 3457 3
720 1820 1
720 1610 1
720 3278 7
720 1564 3
720 2203 3
721 3425 8
721 3089 7
721 3706 8
721 4009 6
722 2773 2
722 3260 4
722 1973 5
723 1580 10
723 4819 1
724 2860 4
724 3984 8
724 2322 8
725 2029 9
725 324 6
725 3846 5
725 4796 6
725 661 3
726 2765 3
726 4866 6
726 3014 5
726 2552 10
727 971 9
727 1471 5
728 273 10
728 566 9
729 1506 10
729 358 5
729 1748 3
730 74 4
731 1659 9
731 3780 8
732 4090 2
732 4397 2
732 852 7
732 4254 3
733 3384 6
733 3605 9
733 4526 9
734 110 6
734 4737 1
734 1240 10
734 2916 5
734 845 4
735 1048 1
735 1857 5
735 2747 4
736 1845 8
736 4694 6
736 791 9
736 3757 5
737 3238 3
737 2272 6
737 1369 9
738 4235 5
738 1665 3
739 1931 7
739 3122 2
739 3046 4
739 3336 4
739 4522 10
740 4733 6
740 3189 5
741 585 7
741 4510 5
742 3555 8
743 1744 8
743 4516 6
744 3504 9
745 2135 8
745 1188 4
745 2585 9
746 2138 4
746 2966 7
746 3930 1
746 2705 4
746 254 4
747 2563 1
748 138 6
748 4546 2
749 2702 4
749 3528 7
750 2034 2
750 3514 4
750 851 9
750 703 10
750 346 8
751 2068 7
751 2266 7
751 3928 7
752 4981 8
752 1970 6
753 841 7
754 4587 9
754 2562 4
755 4214 5
756 3036 3
756 2712 4
757 4507 10
757 2602 9
757 3440 1
757 1328 2
758 4992 3
758 2239 5
758 3798 2
759 1168 9
759 3110 4
759 1921 2
760 4144 9
761 4290 1
761 4502 2
762 3405 4
762 3553 6
762 3702 8
763 4784 8
763 1220 4
763 1481 1
763 3699 4
763 4389 5
764 1350 9
764 1405 2
764 4867 2
764 3208 8
764 3596 5
765 2253 1
765 4566 3
765 3233 8
765 66 7
765 4422 6
766 967 6
767 2933 9
767 4280 2
767 426 9
768 4875 1
769 3319 3
769 4346 4
770 379 6
770 606 2
770 4138 6
770 2563 3
770 2056 7
771 146 8
771 1467 10
771 1848 6
771 1359 5
771 109 5
772 1821 7
772 1657 9
773 3974 1
774 2247 8
775 2101 2
775 2369 2
775 1690 3
775 1459 8
775 2695 9
776 3188 7
776 3953 10
776 342 2
777 2429 6
777 4311 6
777 1613 8
778 2778 8
778 4881 4
778 1206 1
779 3897 7
780 240 2
780 4458 3
780 653 1
780 4187 7
781 356 7
782 979 5
783 3630 9
783 839 3
783 3913 9
783 4925 10
784 4748 7
784 1155 3
785 4209 1
785 3938 7
785 1339 1
786 564 9
786 392 6
786 1735 9
786 4489 2
786 958 8
787 4817 6
788 2576 2
788 423 2
789 471 10
790 4379 9
790 540 1
791 679 1
792 3544 7
792 1561 2
792 3646 8
792 1628 4
792 2141 9
793 944 2
794 4805 3
795 242 2
795 3656 4
795 3681 2
796 455 5
796 740 9
796 4609 2
796 4503 9
796 101 5
797 589 4
798 1678 1
798 3765 4
798 3690 1
798 1017 3
799 2489 9
799 1793 9
799 757 6
800 3738 9
800 2866 8
800 2826 7
801 4731 7
801 895 6
801 3784 5
802 3756 3
802 4830 7
802 2276 9
802 4951 8
803 4458 4
804 3143 8
804 525 6
804 1404 2
805 4486 8
806 1608 7
806 2961 3
806 4772 1
807 2908 4
807 3303 8
807 3248 5
807 2882 8
807 1160 9
808 4863 8
808 2977 1
808 3701 5
808 4627 3
809 3327 7
809 812 10
809 3872 7
809 3178 2
809 3234 8
810 3319 6
811 3327 10
812 2729 8
812 876 7
812 3742 2
813 1049 2
813 4380 5
813 3488 4
813 2662 1
814 1096 1
814 2182 6
814 2500 9
815 2778 6
816 1574 4
816 4216 10
816 1798 5
817 865 10
818 907 6
818 1998 3
818 2950 6
818 1643 1
818 2944 4
819 4791 8
820 3960 10
820 3097 9
820 3925 9
820 1943 4
821 4551 10
821 1771 9
821 3631 9
821 2153 5
822 3040 5
822 2886 6
822 2249 2
823 164 9
823 4138 7
823 12 2
823 2563 4
824 3234 1
824 3178 4
824 1364 2
824 2729 3
825 4463 10
825 4822 6
825 3481 9
825 457 5
826 4848 3
827 4104 4
827 3871 6
828 75 10
828 557 10
828 1309 9
828 3809 3
828 4205 7
829 2200 8
830 904 4
831 1332 3
832 88 1
832 1150 5
832 3354 1
832 2250 4
833 4882 7
833 2471 7
833 1037 1
833 3843 6
834 4283 9
834 3165 10
834 1621 6
835 912 7
836 1883 2
837 4525 5
837 1704 5
838 3475 8
838 1684 1
838 1146 10
838 4183 2
839 3456 10
840 1134 5
841 2938 4
841 554 5
842 4832 7
843 824 1
843 1776 1
843 811 3
843 1364 7
844 4814 9
845 2637 7
845 26 7
846 4807 3
846 1475 9
846 1413 6
846 4638 5
846 1532 4
847 2945 2
847 2598 8
848 2550 5
848 439 9
848 4345 7
848 728 2
849 1012 8
849 4518 8
849 274 9
849 3075 10
850 768 4
851 3686 3
851 729 8
851 3241 5
852 3333 1
853 3895 3
853 221 5
853 392 1
853 3933 5
853 4597 3
854 2045 8
854 4002 9
854 3363 9
854 515 2
855 35 5
856 3803 3
856 2303 7
856 1918 6
856 1656 1
857 1125 4
857 1519 4
857 406 1
858 1062 9
858 3472 9
858 3037 2
858 2616 2
859 4264 9
859 3588 8
859 4149 2
859 4017 6
860 1541 7
860 1558 4
860 667 9
861 2499 4
862 2460 10
863 4186 4
864 3569 2
864 718 1
864 916 8
864 2145 7
865 2134 7
866 373 3
866 3648 4
866 2391 2
866 2922 5
867 509 4
867 1862 9
867 2325 6
867 4087 6
867 650 10
868 4210 2
868 4937 4
869 2979 1
869 4482 9
869 2348 3
869 2191 7
869 2283 1
870 2135 8
871 3804 1
871 1225 8
871 2519 7
871 4213 3
872 1553 6
872 229 10
872 3758 2
872 2482 8
873 2874 10
873 2615 4
873 3330 9
873 1136 4
873 4893 8
874 1856 2
875 2699 5
875 1997 2
876 3742 6
876 4836 10
876 2729 3
877 4351 9
877 1961 1
877 4402 6
877 4342 6
877 3205 1
878 3435 7
878 1192 2
878 1668 9
878 2999 8
879 4899 2
879 2018 6
880 1821 10
880 3151 8
880 981 7
880 4253 6
881 3575 8
881 3084 4
881 4947 1
881 3000 5
881 2012 7
882 52 4
882 3806 5
882 3947 8
882 2938 9
883 2792 5
883 3870 6
883 2651 1
883 2774 8
883 2119 3
884 1649 5
885 2686 6
886 31 2
887 1565 1
888 3849 1
888 3813 3
888 2201 1
888 4299 10
888 1942 9
889 1229 7
889 748 5
889 1507 3
889 4654 3
890 4301 9
890 4287 1
891 4957 1
891 2212 1
891 1143 2
891 2452 10
891 2797 9
892 3568 9
892 803 4
893 482 5
893 3344 1
893 3698 8
894 2791 6
894 3157 3
894 1622 3
895 722 10
895 1503 8
895 2072 5
895 3323 1
895 2764 3
896 768 6
897 2568 1
897 1505 3
897 1144 5
897 3587 4
898 3364 1
898 2603 2
898 1417 6
898 341 5
899 3459 4
900 481 4
900 3557 3
900 479 2
901 3023 10
901 183 5
901 19 5
901 859 1
901 2960 10
902 2326 5
902 2640 3
902 4242 8
902 2649 3
903 1683 1
903 1055 4
903 2066 9
904 3387 1
904 3998 5
904 4973 10
904 4661 3
904 3881 4
905 127 10
905 4041 9
905 3500 1
905 1745 1
906 3702 1
906 3216 1
907 4129 8
908 2842 1
908 1619 4
909 2587 9
909 4668 5
910 4780 1
910 1321 5
910 1573 2
910 1410 9
910 2082 1
911 670 8
911 1000 10
911 4667 9
911 4974 2
911 1548 7
912 1809 9
913 2286 10
913 1579 3
913 1723 7
913 189 7
914 4414 7
914 2686 4
914 3997 2
914 3483 8
914 655 4
915 2200 7
915 4904 3
915 2571 1
915 4779 2
915 1644 10
916 679 4
916 1739 1
916 306 10
916 4694 6
917 3037 8
918 4876 1
918 4177 6
919 817 4
919 3174 1
919 2313 6
919 865 8
919 1126 7
920 1460 4
921 2468 4
921 1139 9
921 3027 8
921 2857 4
921 690 5
922 1878 8
922 2411 1
922 1456 6
922 2177 10
923 2519 3
924 2869 4
924 4456 5
924 4880 6
924 487 1
924 2289 5
925 4743 1
925 1227 9
925 3063 7
926 4150 6
926 3790 9
926 2883 9
926 668 10
926 4281 1
927 3475 8
927 4856 6
927 978 8
927 1920 3
928 3445 5
928 2783 6
928 3384 4
928 3605 10
928 733 3
929 3007 8
930 1948 6
930 3834 4
930 2576 4
930 2968 8
930 2160 9
931 3841 3
932 4248 10
932 259 6
933 535 1
933 3033 4
933 3504 3
933 4929 7
934 2522 8
935 3633 5
935 893 7
935 2357 6
936 2821 2
936 1727 4
936 4038 7
936 1399 6
937 3083 3
937 4724 7
938 2149 10
939 2392 6
939 1394 7
940 1976 5
940 3854 9
940 1184 1
940 1181 7
941 1899 8
941 4629 9
942 1035 7
943 3272 3
943 645 5
943 2576 9
943 121 2
944 983 2
945 1093 5
945 4100 5
946 2922 9
946 2403 5
946 403 1
946 4910 4
946 3777 7
947 2939 6
947 3984 5
947 2915 6
947 2322 6
948 1705 10
948 53 5
949 2107 7
949 1373 3
950 589 3
950 1104 7
950 513 4
950 528 1
951 3634 6
951 3013 1
952 4020 2
952 3610 9
953 2335 4
953 764 7
953 904 4
953 4272 6
954 3889 7
954 4605 4
954 4465 6
954 701 8
955 2676 2
956 1985 2
956 250 8
956 515 7
956 1679 6
956 1937 2
957 3738 10
957 3960 7
957 1943 6
958 601 1
958 1380 4
958 2538 6
959 4722 1
960 3238 3
961 2146 4
961 2275 7
961 3127 10
961 1102 7
962 367 10
962 1326 10
963 1575 9
963 1064 4
963 1427 8
963 2274 1
964 3060 8
964 3580 5
965 709 8
965 3729 2
965 3661 10
965 3803 5
965 1918 1
966 1025 8
967 2625 6
967 432 3
967 3526 10
967 710 9
967 4066 2
968 1122 2
968 3764 10
968 2988 8
968 969 7
969 3329 9
969 3311 2
970 2264 9
970 4437 8
970 4947 6
970 4519 10
971 3620 5
971 1471 7
971 2987 1
972 2883 7
972 4217 5
972 4150 9
973 3678 6
973 3823 5
973 1416 4
973 1945 5
973 499 6
974 4891 9
974 3143 2
974 1767 2
974 4415 5
974 1404 2
975 994 9
975 590 6
975 3906 6
975 2220 10
975 4472 4
976 1677 10
976 1616 7
976 4367 5
976 1169 2
977 1649 4
978 1448 7
979 2388 5
980 4544 3
980 4219 7
980 3076 8
981 1821 8
982 3757 5
982 4694 8
982 2701 7
983 2634 9
983 4077 8
984 2235 9
985 2577 4
986 1466 4
986 3868 7
986 4101 2
986 2470 3
986 719 9
987 2477 5
988 4145 5
988 3907 7
989 1720 2
989 4253 10
990 3714 10
990 2107 6
990 4709 1
990 3973 3
990 369 1
991 796 5
991 3691 2
991 887 3
992 4501 1
992 966 6
992 4809 6
992 1025 9
993 998 10
993 4239 9
993 4785 10
993 2873 3
993 2551 9
994 4075 4
994 495 8
994 3557 7
995 4578 5
995 2792 10
995 1649 1
995 1363 3
996 3918 1
996 1630 9
996 4213 6
996 3804 4
996 3847 1
997 3674 2
997 1669 10
998 4928 9
998 3789 9
998 4927 6
999 1997 4
1000 4667 9
1000 395 5
1000 4373 8
1001 3144 7
1002 598 3
1002 4425 3
1002 4136 2
1003 2131 1
1003 755 5
1004 4749 7
1005 1814 5
1005 3434 10
1005 607 1
1005 3976 3
1005 4750 6
1006 2294 3
1006 1401 5
1006 495 8
1006 1397 2
1006 4215 8
1007 3253 6
1007 4205 8
1007 4325 2
1007 4998 6
1008 3711 9
1008 3211 6
1009 4283 4
1010 4434 4
1011 4522 4
1011 3122 9
1011 3336 4
1012 4405 7
1012 3350 3
1012 1613 5
1012 3075 10
1013 2202 2
1014 3181 9
1014 4997 7
1014 4216 4
1014 2002 6
1014 816 7
1015 3322 9
1015 2624 7
1015 1750 8
1015 4616 5
1016 3164 8
1017 1115 8
1018 1684 5
1018 4856 6
1018 927 1
1018 1146 10
1019 40 4
1020 4505 4
1020 3471 9
1021 15 6
1022 4792 8
1022 1349 4
1023 2886 8
1023 188 6
1023 3958 8
1023 2756 5
1024 1289 6
1024 4333 9
1025 1390 1
1025 1978 4
1026 4840 5
1027 2910 8
1027 1403 5
1027 4293 3
1027 4088 8
1028 3468 6
1028 2749 1
1028 2841 7
1028 4871 5
1029 2501 9
1030 2545 1
1030 3155 4
1030 4007 5
1030 4081 2
1031 3687 5
1031 3351 5
1031 3349 2
1031 2776 1
1031 4069 4
1032 1072 5
1032 3438 8
1032 1320 4
1032 427 9
1032 4554 10
1033 17 3
1034 3152 6
1034 4594 1
1035 2483 1
1035 4862 1
1036 408 8
1036 301 8
1036 1385 1
1036 2273 9
1037 1540 9
1037 808 5
1037 2700 3
1038 4485 4
1038 364 4
1038 3215 6
1038 4761 8
1038 3863 9
1039 3694 1
1040 2389 9
1040 1264 7
1041 534 8
1041 4500 5
1042 1463 5
1043 3450 7
1044 2503 8
1044 718 2
1044 1845 7
1044 306 9
1045 1774 5
1046 3003 4
1047 2173 6
1047 4004 10
1047 4523 3
1048 1960 4
1048 1491 3
1049 4558 1
1049 3041 1
1050 4533 4
1050 2240 3
1051 2879 2
1051 2897 3
1051 836 8
1051 3707 4
1051 3610 1
1052 2309 4
1052 1298 6
1053 3314 1
1053 4434 1
1054 2065 1
1054 2713 7
1055 2877 1
1055 3718 6
1056 4953 3
1056 105 6
1057 1204 7
1057 3900 4
1058 2289 3
1058 15 8
1058 2011 4
1058 315 1
1059 2778 5
1060 2743 4
1060 151 4
1060 1627 4
1060 4386 2
1060 4838 4
1061 2056 5
1061 747 1
1061 4123 10
1061 1210 5
1061 3605 7
1062 185 6
1063 4937 6
1063 2984 5
1063 3780 8
1063 2518 4
1063 4210 2
1064 1575 1
1064 1427 7
1065 301 3
1065 2393 1
1065 1524 3
1065 1036 3
1066 4005 6
1066 4268 6
1067 4878 3
1067 3287 8
1067 4532 8
1067 3402 3
1067 519 6
1068 2362 9
1068 3386 5
1068 2048 9
1068 3959 10
1068 4426 5
1069 1519 10
1070 4975 10
1071 2319 6
1071 3527 9
1071 2904 1
1071 3189 9
1072 1585 9
1072 3353 9
1072 684 9
1073 1163 4
1073 2313 3
1073 817 1
1073 90 5
1073 3174 8
1074 2957 5
1074 31 5
1074 840 9
1075 3895 5
1075 1380 4
1075 611 10
1075 3420 10
1076 1122 4
1077 3580 8
1077 1635 3
1077 3322 8
1078 1660 8
1078 1918 6
1078 3634 3
1079 3464 10
1079 4848 8
1080 3015 8
1080 3353 5
1080 4092 2
1080 3602 8
1080 4908 10
1081 982 6
1081 4722 1
1081 107 3
1081 1389 5
1081 3267 7
1082 2542 1
1082 3777 7
1082 2204 6
1083 953 9
1083 1428 10
1083 4601 6
1083 2551 1
1083 998 8
1084 3242 5
1084 3970 1
1084 3442 5
1084 3857 7
1084 2211 4
1085 1354 5
1085 1983 9
1085 3526 4
1085 444 7
1085 4066 3
1086 1882 6
1087 565 10
1088 487 9
1088 3246 4
1088 2289 1
1089 1367 10
1089 3901 1
1089 719 9
1090 961 7
1090 258 4
1090 4716 5
1090 2146 7
1091 1745 5
1091 3716 2
1091 425 6
1091 4067 6
1091 127 9
1092 4126 2
1092 1614 1
1092 3120 6
1093 2172 10
1093 4939 2
1094 3440 1
1094 2370 3
1094 4818 3
1095 600 10
1095 1691 7
1095 4200 6
1096 1500 2
1096 2003 1
1096 2050 3
1097 2953 1
1097 3744 10
1097 289 9
1097 4485 10
1098 1434 6
1098 3358 9
1099 3636 1
1099 4747 8
1099 2620 3
1100 4909 2
1100 2262 5
1100 2689 8
1101 4236 9
1102 4374 4
1102 2527 10
1102 3127 9
1102 4433 8
1103 1199 6
1103 2350 3
1103 4982 10
1103 2472 7
1104 992 1
1104 4190 4
1105 3493 7
1105 4456 4
1105 2918 8
1105 1218 2
1106 3574 3
1106 384 6
1107 2476 8
1107 3821 6
1107 792 2
1107 1561 7
1108 3047 4
1108 1915 7
1108 2701 9
1108 3267 9
1108 4481 8
1109 1488 5
1109 1643 1
1109 2255 4
1109 4129 6
1110 724 7
1110 57 7
1110 2980 1
1110 4172 9
1111 2305 6
1112 4560 6
1112 3361 9
1112 3508 4
1112 1172 8
1112 2421 4
1113 1618 9
1113 4926 8
1113 2302 4
1113 52 3
1114 669 3
1114 4502 7
1114 601 7
1114 4290 2
1114 1211 7
1115 1427 2
1115 4378 9
1115 463 6
1115 2505 4
1115 2274 8
1116 1704 6
1116 1848 6
1116 4525 6
1116 4841 7
1116 2559 2
1117 490 1
1117 1966 10
1117 2214 9
1118 930 10
1118 3272 4
1118 2576 7
1119 4100 1
1119 4939 8
1119 4763 6
1120 2330 7
1121 3357 9
1121 4175 7
1121 3410 3
1122 29 9
1122 4889 3
1122 4653 6
1122 3311 3
1123 2050 3
1123 2046 8
1123 1500 1
1123 1147 8
1123 538 4
1124 2534 3
1124 3064 3
1125 3770 10
1125 3074 1
1126 3092 3
1126 1406 4
1126 1140 4
1126 142 6
1127 3918 8
1128 996 5
1128 871 3
1129 1832 1
1129 2343 7
1129 265 6
1129 4186 4
1129 863 8
1130 4456 2
1130 3507 10
1130 216 6
1130 4940 10
1130 2124 5
1131 3930 5
1131 2263 6
1131 2168 7
1131 3162 1
1132 2911 9
1132 4035 1
1132 4773 2
1132 4461 6
1132 4171 3
1133 2804 4
1134 3498 9
1134 714 7
1135 2312 3
1135 46 3
1135 3780 3
1136 1534 2
1136 2801 10
1136 591 1
1136 3486 6
1137 1424 6
1138 3407 7
1138 702 7
1139 2406 6
1139 1578 7
1139 2969 6
1139 4692 1
1140 1930 4
1141 3160 9
1141 2634 1
1141 2541 9
1141 4077 3
1142 4083 7
1142 3329 8
1142 1288 6
1143 2797 1
1143 4957 1
1143 2452 9
1143 4581 5
1144 3369 4
1144 4312 5
1144 1928 4
1144 1242 2
1144 293 1
1145 1454 9
1145 4587 3
1146 3532 1
1146 159 9
1146 3475 1
1146 1448 2
1147 4510 2
1147 4835 6
1147 4538 10
1147 1914 6
1147 84 2
1148 3526 5
1148 3720 9
1148 1769 5
1149 3349 9
1150 1495 5
1150 3222 2
1151 3900 2
1151 1204 6
1151 4994 10
1152 1991 9
1153 3392 7
1153 4735 10
1153 1450 3
1154 3090 3
1155 3608 5
1155 4040 7
1156 2778 9
1156 4894 9
1156 778 2
1156 1895 9
1157 1112 6
1157 4560 2
1158 884 1
1158 977 6
1159 1525 7
1159 1898 3
1160 2908 5
1160 1510 8
1161 3633 8
1161 1879 5
1161 3190 4
1161 3344 4
1162 2382 8
1162 3637 1
1163 2901 2
1163 3195 9
1163 2120 2
1164 2938 1
1164 4520 6
1164 4029 4
1164 4381 4
1165 1577 6
1166 4675 4
1166 1865 10
1166 1820 9
1167 3191 8
1167 3605 3
1168 1390 5
1168 68 9
1168 992 1
1168 4536 8
1168 21 10
1169 2085 5
1169 2046 1
1169 3746 7
1169 2703 9
1170 4478 7
1170 4125 1
1171 1237 7
1172 2031 6
1172 4560 8
1172 2080 8
1172 3570 8
1172 2408 5
1173 66 10
1173 1714 2
1173 3233 2
1174 1545 2
1175 4281 8
1175 4150 8
1175 4775 4
1175 3295 4
1176 744 1
1176 1686 10
1176 4119 1
1176 378 9
1177 92 6
1177 453 1
1177 3156 1
1178 2262 1
1178 2161 6
1178 4353 9
1178 1356 10
1178 130 5
1179 3189 2
1180 4224 7
1180 4024 6
1180 4702 1
1180 438 4
1181 1049 2
1181 4885 7
1181 2333 4
1181 3332 9
1181 4260 3
1182 4099 2
1183 4994 8
1183 677 10
1184 4323 8
1185 3021 1
1185 189 5
1186 19 3
1186 2812 1
1186 4732 8
1186 3066 2
1186 2960 5
1187 4819 10
1187 3336 6
1187 3046 2
1188 2468 5
1189 483 10
1189 19 2
1189 3023 7
1189 2812 1
1190 98 6
1190 824 5
1191 2261 7
1192 2999 5
1192 1035 9
1192 1972 3
1192 681 7
1192 1668 3
1193 4523 5
1193 3637 5
1193 4004 2
1194 4825 7
1194 3348 8
1194 2347 6
1194 4674 10
1194 3629 8
1195 1621 9
1195 4842 2
1195 834 3
1196 3182 4
1196 2251 3
1197 1317 2
1198 2210 7
1199 130 10
1199 1154 8
1199 1356 5
1199 4671 9
1200 149 7
1200 4000 6
1200 4316 9
1200 2481 6
1200 2294 5
1201 4240 7
1201 2162 10
1201 4686 7
1202 1394 3
1202 4762 9
1203 3108 9
1203 4061 3
1203 2908 2
1203 2240 6
1203 210 5
1204 2841 9
1204 2749 5
1204 4871 8
1205 3298 3
1205 2562 7
1206 1614 8
1206 257 2
1206 4231 2
1207 4720 3
1207 2634 6
1207 983 5
1207 1813 6
1208 3014 1
1208 4866 2
1208 3572 2
1208 419 8
1209 925 2
1210 4138 1
1210 3909 10
1210 3445 8
1210 4310 5
1210 2608 2
1211 2013 4
1211 4805 2
1211 2611 10
1211 646 2
1212 4636 4
1213 3912 10
1214 3815 4
1214 4918 4
1214 3995 4
1214 1069 1
1214 4990 10
1215 3243 4
1215 3503 8
1215 83 1
1215 1247 6
1216 4442 6
1216 4964 3
1217 3037 4
1217 124 7
1217 1132 2
1218 924 5
1219 689 10
1219 2050 1
1219 4663 4
1219 1261 7
1219 3618 2
1220 2646 3
1220 2579 2
1220 2081 9
1220 1509 10
1220 3838 7
1221 2363 1
1222 3793 2
1222 4425 4
1223 381 1
1223 3702 1
1223 3553 5
1223 2316 8
1224 2269 5
1224 2060 2
1224 4686 6
1224 4240 4
1224 1066 10
1225 3918 1
1225 3045 3
1225 774 1
1226 3964 4
1226 1520 4
1226 1698 2
1226 153 7
1227 3924 7
1227 3336 5
1228 2678 6
1229 4707 2
1229 1322 5
1229 2684 3
1229 558 10
1230 728 8
1230 2636 10
1231 703 7
1231 1748 6
1231 2032 7
1232 4478 2
1232 2019 10
1232 1294 3
1233 1978 7
1233 390 7
1233 3118 2
1233 3210 3
1233 4142 6
1234 2427 7
1234 1279 4
1234 3890 8
1235 739 4
1236 4677 2
1237 765 9
1237 3233 10
1237 3975 4
1238 763 4
1238 4784 9
1238 4389 1
1238 1481 7
1238 524 4
1239 2190 8
1239 1227 4
1239 1931 1
1239 3063 1
1240 26 2
1241 864 9
1242 2922 1
1243 1902 1
1244 739 5
1244 1931 7
1244 4743 6
1245 1947 8
1245 2195 7
1246 1640 4
1246 2939 5
1246 4376 9
1246 401 7
1247 77 9
1247 1084 6
1247 3787 1
1247 1719 7
1247 3126 4
1248 3107 9
1248 4256 10
1248 352 8
1248 1707 3
1248 2823 10
1249 1880 10
1249 2788 10
1249 2396 3
1250 4852 3
1250 2332 2
1250 1571 1
1250 2458 9
1251 459 4
1252 1271 10
1252 3374 9
1253 3705 2
1253 3079 7
1253 4572 4
1253 1763 4
1253 4515 8
1254 4656 8
1254 2268 5
1254 3347 10
1254 1760 3
1254 1711 2
1255 4415 3
1256 415 1
1256 1998 4
1256 1801 10
1256 3457 3
1257 3581 8
1257 4606 3
1257 3525 6
1257 3859 4
1258 3622 9
1258 2497 9
1258 1665 1
1258 134 4
1259 3472 6
1260 2428 7
1260 3009 4
1260 1542 8
1260 1647 7
1261 301 1
1261 4538 10
1261 4193 2
1261 1934 3
1262 3950 10
1262 1862 1
1262 976 6
1262 1219 6
1263 2497 7
1264 2764 10
1264 3794 7
1264 2371 5
1265 3048 1
1265 2077 10
1265 4420 6
1265 4728 8
1265 2215 3
1266 1774 2
1266 1720 10
1267 939 1
1267 3951 8
1267 2392 8
1267 1721 2
1268 3551 1
1268 1322 2
1268 2906 3
1268 1294 4
1268 37 8
1269 3344 9
1269 3781 6
1269 3633 2
1269 893 5
1269 158 4
1270 4324 5
1270 1328 7
1270 4749 2
1271 3374 1
1272 466 8
1272 2538 9
1272 2013 2
1273 2981 1
1273 3540 1
1273 2693 4
1274 3868 5
1274 4890 1
1274 1643 7
1275 2157 5
1275 2035 6
1275 4713 7
1276 2351 5
1276 4441 7
1276 3368 10
1277 3414 9
1278 2176 6
1278 3867 6
1278 891 8
1278 4759 9
1279 4200 5
1279 3198 4
1279 3890 3
1280 375 8
1280 255 6
1280 4350 1
1280 4425 8
1281 1408 7
1281 3238 10
1281 2612 9
1281 2824 10
1281 2272 5
1282 4468 6
1282 1801 1
1282 678 3
1283 1865 8
1283 1820 5
1283 4675 7
1283 266 2
1284 3947 10
1285 4413 10
1285 1822 4
1285 1916 8
1285 1804 9
1286 1745 6
1286 2670 10
1287 776 1
1287 4207 7
1287 2506 3
1287 3097 5
1287 3738 3
1288 1577 2
1289 206 6
1289 3542 7
1289 2810 6
1289 3674 10
1289 1669 1
1290 558 3
1290 889 6
1291 4797 9
1291 1945 10
1291 1108 4
1291 982 6
1292 4748 5
1292 2525 3
1292 1155 7
1293 1449 9
1293 1829 2
1293 3185 8
1294 2906 9
1295 2843 4
1295 2510 8
1295 2431 9
1295 4948 10
1295 4614 5
1296 703 2
1296 1802 3
1296 2194 2
1296 2558 6
1296 1748 5
1297 1417 8
1297 2042 9
1297 2361 3
1297 2088 8
1298 4407 9
1299 756 6
1300 1986 6
1301 3222 1
1301 88 10
1302 3904 3
1302 4068 1
1302 108 6
1302 2147 9
1302 795 1
1303 334 2
1303 2506 1
1303 4415 2
1303 3738 1
1304 3176 7
1304 2742 4
1305 1001 6
1305 2504 7
1305 3144 7
1306 731 10
1307 410 10
1307 946 9
1307 2922 10
1307 615 6
1308 4180 9
1308 3012 7
1308 3234 5
1308 310 9
1308 2401 1
1309 3339 5
1309 1453 2
1309 2884 8
1310 564 2
1310 1075 3
1311 3576 2
1312 2556 9
1312 4133 7
1313 2390 10
1314 364 4
1314 2728 9
1314 2580 8
1314 2304 2
1314 4761 2
1315 174 10
1315 1439 4
1316 161 10
1316 4767 9
1316 2347 1
1316 1484 4
1317 1928 4
1317 4014 10
1318 1880 2
1318 278 10
1318 2396 5
1318 309 5
1318 3164 1
1319 1417 9
1319 1304 7
1320 2945 3
1320 1241 1
1320 3224 10
1321 1410 5
1321 700 5
1321 2082 6
1322 430 2
1322 1293 10
1323 2818 1
1323 917 1
1323 2616 2
1323 396 2
1324 4343 2
1324 1647 1
1324 931 2
1325 496 9
1325 2795 3
1325 334 6
1325 525 6
1325 3738 2
1326 2723 3
1326 4157 9
1326 1621 8
1327 4386 1
1327 534 4
1327 2743 4
1327 2059 7
1327 1292 9
1328 4364 6
1328 4749 8
1328 2970 1
1328 3440 2
1328 2008 6
1329 102 2
1329 4867 8
1329 2551 6
1330 3277 10
1330 583 8
1330 4255 5
1330 4920 6
1330 1594 4
1331 4652 5
1331 4019 5
1332 3820 8
1332 2107 4
1332 1715 2
1332 4628 3
1333 2909 6
1333 2273 4
1334 3841 6
1335 3395 10
1335 2880 10
1335 3671 8
1336 4385 10
1336 4710 6
1336 1968 10
1336 3109 8
1337 4304 6
1338 3824 4
1338 3727 5
1339 1390 1
1339 4252 9
1339 3938 5
1340 199 10
1340 4634 1
1340 262 4
1341 567 3
1342 169 4
1342 266 8
1342 3278 4
1342 1703 10
1343 3220 2
1343 3918 6
1343 2629 2
1344 2557 3
1345 3022 2
1345 1373 3
1346 4499 5
1346 3333 6
1346 2685 7
1347 4155 6
1347 3517 10
1347 1740 5
1348 1449 5
1348 2767 4
1348 4443 3
1348 430 5
1349 723 1
1349 4819 8
1349 925 4
1350 1317 9
1351 1092 8
1351 2067 6
1352 3327 6
1352 2729 10
1352 1392 4
1352 510 5
1352 3012 2
1353 1211 9
1353 1380 5
1353 794 1
1354 4282 2
1354 4066 3
1355 3576 10
1355 2552 7
1356 73 1
1357 4637 10
1358 1279 8
1358 3890 9
1358 2174 8
1359 2672 2
1359 1848 5
1360 4370 1
1360 3451 8
1361 3981 6
1361 2377 10
1361 3205 4
1361 358 2
1361 3241 7
1362 4524 9
1362 239 10
1362 2556 6
1363 3870 6
1363 2119 1
1363 1328 9
1363 2410 4
1364 4724 9
1365 3968 4
1365 1994 8
1365 4453 9
1365 4960 8
1366 3858 6
1366 4314 4
1366 3498 6
1366 333 5
1366 2439 3
1367 415 7
1367 1424 9
1367 719 8
1367 1378 6
1367 1998 5
1368 4670 10
1368 1336 2
1368 3109 8
1368 2 6
1369 762 8
1369 336 6
1369 3417 1
1369 906 1
1369 675 3
1370 2074 1
1370 1381 9
1370 3915 4
1371 3659 8
1371 188 8
1371 2249 1
1372 1038 5
1372 4393 9
1372 1790 9
1372 4485 2
1373 3714 7
1373 2107 6
1374 3959 10
1374 4723 5
1374 2472 4
1375 2445 4
1376 2384 2
1376 2638 1
1376 4979 4
1376 2018 5
1376 4319 8
1377 3415 5
1378 1488 8
1379 713 1
1379 2934 10
1379 3285 6
1379 3194 10
1379 2351 4
1380 646 5
1381 4420 3
1381 4498 10
1382 1286 9
1382 2979 7
1382 905 9
1383 2789 3
1383 671 8
1383 3644 8
1383 3156 2
1384 218 10
1385 1778 6
1385 1914 9
1385 3562 3
1385 2273 8
1386 4721 8
1386 3481 2
1386 2614 9
1386 4463 10
1387 4420 4
1387 1370 3
1387 2432 1
1387 2074 2
1388 2132 2
1389 3917 8
1389 3757 5
1390 1912 5
1390 1407 5
1391 2298 3
1391 2299 10
1391 294 7
1391 2665 5
1391 1152 4
1392 2324 1
1393 4651 2
1393 4852 4
1394 683 2
1395 2047 7
1395 4256 3
1395 1531 3
1395 3448 3
1396 836 5
1396 1412 9
1396 1883 1
1396 586 9
1397 1708 7
1397 2294 5
1397 1922 7
1397 4075 3
1397 2808 4
1398 4300 2
1398 3337 8
1398 2246 3
1398 1515 9
1399 1099 6
1400 2073 1
1401 1992 2
1401 1922 5
1401 4336 5
1401 2294 4
1401 2441 1
1402 1183 2
1402 1642 6
1402 3713 9
1402 2749 9
1402 4340 2
1403 3070 10
1403 2958 3
1403 3288 7
1403 4293 3
1404 3717 4
1404 3733 4
1404 1767 10
1404 1712 3
1405 3300 6
1405 2514 4
1405 3369 9
1405 4451 5
1405 1928 1
1406 1009 9
1406 1621 7
1406 4726 7
1406 4283 4
1407 3048 7
1407 2077 3
1407 1537 9
1407 4365 9
1408 2130 6
1409 2181 6
1409 4470 3
1410 2209 1
1410 2440 4
1410 3409 3
1411 2056 6
1411 2184 5
1411 1900 4
1412 2222 10
1412 3388 3
1412 2295 6
1412 1883 8
1412 3230 3
1413 4446 6
1413 1475 1
1413 2845 2
1413 3167 8
1414 3456 8
1414 2234 2
1415 3518 8
1415 4636 10
1415 3770 5
1415 3566 6
1416 107 10
1416 852 8
1416 1291 7
1416 1389 1
1417 3364 7
1417 4220 7
1418 4262 10
1418 2009 3
1419 2931 9
1420 4844 4
1421 4059 8
1422 1288 1
1422 4083 7
1423 3382 7
1423 1073 4
1423 3026 10
1424 2944 1
1424 1998 7
1424 907 3
1424 2950 2
1425 4364 9
1425 1987 6
1425 3002 1
1426 2710 2
1426 993 10
1426 4601 7
1427 4598 6
1428 764 8
1428 4867 5
1429 3322 6
1430 2177 9
1430 3679 7
1430 2232 8
1430 324 8
1431 1312 9
1431 4691 1
1431 2101 1
1431 2369 7
1432 3565 10
1432 1226 9
1432 1886 9
1432 2023 5
1432 1698 9
1433 4083 1
1433 4889 7
1433 2043 8
1434 2206 6
1434 1436 6
1434 229 5
1434 4010 1
1435 3270 5
1435 3356 5
1435 330 3
1435 4270 3
1435 2144 7
1436 4149 4
1436 2099 4
1436 859 8
1436 82 3
1437 3680 3
1437 3449 5
1437 3887 7
1437 2296 5
1438 1849 1
1438 613 6
1439 1504 2
1439 4981 4
1439 2467 5
1440 3764 3
1440 1076 5
1441 2732 6
1441 4307 6
1441 661 7
1442 1370 4
1442 1912 2
1442 1603 7
1442 4728 7
1443 4622 2
1443 2364 10
1443 3946 3
1443 2465 8
1444 3334 8
1444 4577 4
1444 2152 6
1444 1782 1
1444 2195 6
1445 531 4
1446 938 9
1446 4850 10
1446 4605 9
1446 701 3
1447 3420 7
1447 1735 2
1447 5 10
1448 1203 10
1449 472 4
1449 4800 8
1449 2742 6
1449 3669 5
1449 2493 9
1450 4946 10
1450 3289 5
1450 4953 9
1450 4821 2
1451 856 4
1451 2691 9
1451 2303 3
1451 3729 8
1451 3803 9
1452 3442 2
1452 3126 9
1452 4665 9
1452 3857 3
1453 2814 6
1453 3579 2
1454 457 3
1454 4463 5
1455 3374 3
1456 4307 7
1456 4298 8
1457 4572 7
1457 4167 7
1457 3705 4
1457 1472 7
1457 2478 8
1458 2880 6
1458 4256 3
1458 2881 5
1458 3800 2
1459 2695 8
1459 3796 10
1459 2556 10
1460 3733 6
1461 2173 9
1462 4711 7
1462 2933 6
1463 1994 1
1463 3349 10
1463 1031 4
1464 3649 1
1464 2260 9
1464 565 8
1464 3212 3
1464 4669 7
1465 304 9
1465 4652 8
1465 2661 7
1465 3642 3
1465 2111 2
1466 2925 3
1466 3868 2
1467 754 9
1467 1704 8
1467 3632 9
1467 1848 8
1467 1454 4
1468 2293 9
1468 4155 9
1468 1740 10
1468 1347 2
1469 142 10
1469 1073 6
1469 3382 5
1470 669 10
1470 4417 8
1471 3137 5
1471 172 3
1471 2407 9
1471 3575 2
1472 154 1
1473 326 10
1473 498 10
1473 2724 3
1473 2097 8
1474 3658 5
1475 3140 5
1475 1908 6
1475 3167 3
1475 4446 8
1475 862 8
1476 3657 1
1476 1959 4
1476 765 10
1477 3039 7
1477 3430 10
1477 2213 2
1478 2969 9
1478 1578 2
1479 2579 7
1479 3149 4
1479 656 5
1480 1847 1
1480 1952 10
1481 2081 4
1481 2579 4
1481 2646 1
1481 2515 1
1481 1509 4
1482 4539 4
1482 2761 4
1482 2898 9
1482 1056 6
1482 3186 10
1483 1512 10
1483 3718 4
1483 2323 4
1483 2644 5
1484 4196 10
1484 4649 2
1485 2350 5
1486 3642 3
1486 1371 2
1486 3259 6
1486 654 3
1487 4112 2
1488 2052 4
1488 3956 2
1488 3741 1
1489 4688 5
1489 1696 6
1489 3419 5
1489 4073 10
1490 515 7
1490 1835 7
1490 4207 6
1490 2826 2
1490 1404 8
1491 426 10
1491 1588 3
1491 3962 1
1491 3563 10
1491 767 6
1492 3819 5
1492 98 6
1493 4445 6
1493 2450 10
1493 3977 10
1493 1674 4
1494 437 6
1495 3670 3
1495 2360 3
1495 4326 9
1496 1875 4
1496 3615 1
1496 809 4
1496 3872 6
1496 4836 5
1497 1520 4
1497 4630 3
1497 2846 8
1497 3693 10
1498 4303 2
1498 2243 8
1498 323 2
1498 2733 4
1498 1132 2
1499 3242 6
1499 1247 4
1499 316 5
1499 2211 4
1500 635 2
1500 84 6
1501 2117 3
1501 4333 5
1502 3913 8
1502 3630 3
1502 1414 5
1502 484 6
1503 2072 10
1503 3260 8
1503 1973 2
1503 2773 10
1503 3865 3
1504 4611 8
1504 3638 6
1504 277 6
1505 4552 9
1505 3369 7
1506 4342 4
1506 3911 3
1506 4351 5
1506 4458 7
1506 4643 1
1507 2684 4
1508 111 1
1509 3603 2
1509 3838 5
1509 3738 9
1510 430 3
1510 558 4
1510 2768 8
1511 3960 6
1511 1937 2
1511 2594 6
1511 698 10
1511 4569 3
1512 3866 5
1512 322 3
1512 3173 10
1512 404 1
1513 4481 6
1514 2745 5
1514 2044 2
1514 4955 10
1515 3194 7
1515 3163 2
1515 3368 4
1515 220 2
1515 3144 1
1516 2915 8
1516 2354 5
1517 4187 6
1517 48 4
1518 3161 9
1518 2031 1
1518 2836 5
1518 2408 10
1518 4198 6
1519 4636 1
1519 3518 3
1519 4918 3
1519 1626 5
1519 3566 6
1520 3996 6
1520 4853 6
1520 1299 4
1520 1811 5
1520 2905 3
1521 4545 8
1521 3458 1
1522 2385 4
1523 1975 1
1523 3694 1
1524 2909 3
1524 585 4
1524 2393 2
1524 1914 7
1525 4852 5
1525 1250 9
1525 4983 1
1525 1571 4
1526 4696 7
1527 1814 3
1528 3073 6
1529 1866 4
1529 3060 7
1529 1750 7
1529 1581 7
1529 1429 7
1530 2202 9
1530 296 9
1530 3020 8
1530 1846 5
1530 2804 3
1531 768 3
1532 2738 6
1533 2616 2
1533 396 10
1533 2442 10
1534 2433 4
1534 4899 9
1534 2724 3
1535 1963 4
1535 3233 8
1535 3798 2
1535 288 5
1536 3290 4
1536 2034 5
1536 2252 10
1536 1961 9
1537 4486 1
1538 3512 6
1538 4104 1
1538 4416 5
1539 476 4
1539 3213 7
1539 1119 2
1539 3111 6
1539 4763 10
1540 4914 2
1540 4102 6
1540 4627 4
1540 4678 8
1541 2385 4
1541 325 5
1541 4845 10
1541 4561 3
1541 667 9
1542 1161 1
1542 158 8
1542 3344 9
1542 931 2
1542 3229 7
1543 3686 8
1543 3241 2
1543 3514 3
1543 3981 9
1544 2054 10
1544 2131 4
1544 2949 9
1544 3609 7
1544 2990 9
1545 4967 3
1545 3339 8
1546 3650 6
1546 1841 9
1546 2437 8
1546 4528 1
1546 2044 10
1547 1586 1
1548 1021 9
1549 1655 4
1550 2744 6
1550 4965 2
1550 3368 7
1550 1001 4
1551 3490 8
1552 2821 6
1552 1429 6
1552 3580 7
1553 3599 10
1553 4149 8
1553 229 2
1554 1335 5
1554 768 6
1554 4817 2
1554 4413 7
1555 3712 3
1555 4553 8
1555 3858 5
1555 2245 5
1556 1316 3
1557 593 9
1558 667 7
1558 3452 6
1559 3710 2
1560 541 10
1560 1561 6
1561 2738 7
1561 4801 8
1561 3969 4
1562 1718 7
1563 1363 1
1563 1328 8
1564 2976 10
1564 2899 10
1564 4675 2
1565 1071 2
1565 3189 6
1565 4046 9
1565 4503 5
1565 2709 4
1566 4214 3
1567 4842 2
1567 3182 9
1568 2510 4
1569 3070 2
1569 1403 8
1569 4293 6
1569 3288 2
1570 503 6
1570 2820 6
1570 1504 1
1570 224 2
1571 4854 1
1571 4239 6
1572 390 1
1572 1370 7
1572 2432 10
1573 626 7
1574 4204 7
1574 4997 1
1574 2002 10
1574 1798 10
1574 3181 4
1575 4598 9
1575 2197 8
1576 1029 10
1576 775 6
1576 2695 4
1577 3935 9
1577 4225 1
1577 1706 7
1577 2992 2
1578 4516 5
1579 189 9
1579 3537 3
1579 3021 6
1579 647 1
1579 991 9
1580 4819 6
1580 3336 4
1581 912 7
1582 2977 8
1582 4504 6
1582 2018 4
1582 630 8
1583 956 1
1583 3143 8
1583 3738 8
1583 578 1
1584 2225 6
1584 1745 6
1584 4995 7
1584 4008 10
1585 2598 4
1585 3224 2
1585 3353 10
1585 2971 3
1586 2523 8
1586 647 9
1586 3021 7
1587 2270 5
1587 1395 6
1587 3889 8
1587 3645 3
1588 3495 7
1588 426 6
1588 2567 10
1588 1462 8
1589 915 5
1589 4779 2
1589 2815 3
1589 4496 10
1590 3958 5
1590 2595 5
1590 454 7
1591 3160 1
1591 4278 1
1591 1194 7
1591 2680 8
1591 1141 4
1592 3933 4
1592 272 2
1592 4597 9
1592 3223 7
1593 2695 2
1593 4278 2
1593 4767 2
1593 2369 2
1594 625 1
1595 3226 9
1595 1134 1
1596 4940 10
1596 3611 5
1596 2289 7
1596 1058 8
1597 545 10
1597 3528 8
1597 1008 8
1597 4331 10
1597 2199 5
1598 535 5
1598 3504 3
1598 1780 6
1598 276 7
1598 4929 4
1599 4980 7
1600 606 10
1600 4018 3
1601 3780 6
1601 4937 3
1601 4210 10
1602 4970 1
1602 605 6
1602 2276 1
1602 639 10
1603 1537 4
1603 3380 7
1603 4498 4
1603 4728 9
1604 4952 4
1604 2056 4
1605 4755 2
1605 212 7
1605 3490 2
1606 2654 1
1606 1876 2
1606 2090 10
1607 4160 6
1607 699 2
1608 3128 7
1608 4754 9
1608 3100 1
1609 4944 5
1609 4010 9
1610 1820 4
1610 3877 4
1610 948 5
1611 62 1
1611 4129 1
1611 2950 6
1612 2441 9
1612 1708 4
1612 4480 8
1612 1257 5
1612 3439 7
1613 3429 6
1613 3050 10
1613 4680 2
1613 1722 7
1613 2928 2
1614 4163 6
1615 1212 3
1616 585 7
1616 84 7
1617 1883 5
1618 52 10
1618 3947 1
1618 676 7
1619 3865 10
1619 2371 3
1619 1487 8
1619 801 5
1620 1022 3
1620 4175 5
1620 3357 9
1620 3882 7
1621 4106 9
1621 2636 9
1622 948 3
1623 1044 2
1623 3585 1
1624 3984 4
1624 4843 2
1624 1640 2
1624 4376 8
1625 3311 4
1625 2043 10
1626 4560 1
1626 2031 1
1626 1157 4
1626 3518 7
1626 2421 7
1627 3805 1
1627 784 4
1628 2459 4
1628 1877 5
1628 3459 2
1628 3544 1
1628 899 8
1629 2906 10
1629 558 9
1629 3379 6
1629 2908 1
1629 430 4
1630 1225 6
1630 3804 5
1630 4118 8
1630 3045 4
1631 734 9
1631 1240 6
1631 3134 10
1631 4407 2
1632 1027 4
1632 4241 6
1632 4293 8
1633 2712 1
1633 77 2
1633 2741 6
1634 1084 6
1634 1452 3
1634 1751 2
1634 696 9
1634 2057 8
1635 663 4
1635 4616 5
1636 3133 4
1636 4976 7
1636 2364 2
1636 1760 10
1637 3082 8
1637 1751 4
1638 1066 5
1638 1277 5
1639 1613 5
1639 1955 6
1639 4405 4
1639 4849 6
1640 1888 1
1640 3543 3
1640 378 5
1640 3033 7
1641 4339 5
1641 206 7
1642 2841 2
1643 3956 7
1643 3741 1
1643 2052 9
1643 247 3
1643 1741 3
1644 2200 7
1644 4904 7
1644 2448 1
1645 2282 3
1645 2343 3
1645 2717 5
1646 1545 9
1646 2065 10
1646 3228 9
1647 158 1
1648 3679 7
1648 3846 6
1648 297 2
1648 2029 3
1649 1270 2
1649 2651 3
1649 682 3
1650 3735 6
1650 767 4
1650 2762 3
1650 426 10
1650 2933 8
1651 3610 9
1651 1876 1
1651 4085 2
1652 921 1
1653 4780 5
1653 1885 7
1653 3324 7
1654 496 10
1654 956 6
1654 334 3
1655 499 6
1655 4403 10
1655 2503 8
1656 192 8
1657 1774 2
1657 4974 7
1657 911 5
1657 2399 10
1657 1548 6
1658 1334 3
1659 2518 9
1659 4937 3
1659 4071 2
1659 4210 1
1659 154 6
1660 3634 8
1661 3562 2
1661 4835 1
1661 84 6
1661 1914 5
1662 531 1
1663 3730 3
1663 511 7
1664 4695 5
1664 4738 10
1664 4463 5
1664 2340 7
1664 825 5
1665 2846 5
1666 3494 7
1666 1106 4
1666 2478 7
1666 3574 9
1667 2468 3
1667 2135 4
1668 1972 9
1668 2999 3
1668 1771 6
1668 2483 8
1668 4551 4
1669 3985 2
1669 2117 1
1670 1345 7
1670 369 8
1671 4470 4
1671 4262 1
1671 2009 7
1672 2213 1
1672 2657 3
1673 1334 1
1673 1161 8
1673 929 6
1673 931 1
1674 3977 10
1675 353 2
1675 4866 10
1676 3189 7
1676 507 10
1676 3527 6
1676 3691 10
1677 4530 7
1678 1115 4
1678 4378 4
1678 463 3
1679 1824 3
1679 1185 2
1680 2969 4
1680 3943 4
1680 921 4
1680 2271 5
1680 4516 4
1681 216 4
1681 4880 8
1682 4200 1
1682 2427 9
1682 2722 9
1683 1156 4
1683 3718 3
1684 4061 5
1685 1993 8
1685 2368 6
1685 3993 9
1686 186 6
1686 276 10
1686 742 6
1686 1640 3
1686 567 5
1687 3921 5
1687 2600 7
1687 3814 6
1687 2766 8
1688 4918 8
1689 2211 6
1689 4355 4
1689 3857 10
1689 207 10
1689 4877 4
1690 462 7
1690 4133 4
1690 4931 7
1690 2501 8
1691 3006 5
1691 2722 9
1691 2427 1
1691 4200 8
1692 4888 5
1692 4042 1
1692 2749 8
1692 3713 9
1693 4515 6
1693 1899 9
1693 941 10
1693 1457 9
1693 1843 1
1694 385 2
1694 1671 6
1695 1873 4
1695 3255 4
1696 1344 1
1697 3320 5
1697 3219 4
1697 948 4
1697 1867 1
1697 3212 4
1698 1633 7
1698 676 8
1698 2938 2
1698 2986 3
1699 3678 5
1699 1794 3
1699 3912 8
1700 1664 7
1700 1445 3
1701 2517 9
1702 4618 5
1702 4382 2
1702 26 3
1702 2009 9
1703 1705 5
1703 169 5
1703 266 1
1704 3632 3
1704 4738 8
1704 1386 3
1705 1373 8
1705 369 6
1705 53 9
1706 1613 5
1706 4405 3
1706 1639 9
1706 2771 2
1706 1722 8
1707 768 3
1707 3395 2
1707 3671 6
1708 2591 6
1708 1435 9
1708 3270 10
1709 3880 2
1709 2856 8
1709 471 10
1709 3669 1
1709 1940 8
1710 1555 4
1710 4637 2
1710 2667 3
1711 3115 3
1711 3127 5
1712 4687 3
1712 2891 1
1713 3038 10
1713 2608 1
1713 4310 1
1713 1900 9
1713 4138 4
1714 4859 5
1714 1024 7
1714 1669 6
1714 66 3
1715 4628 3
1715 2107 1
1715 3973 8
1716 4999 6
1716 1565 2
1716 101 9
1716 2734 3
1716 2956 5
1717 4909 9
1717 4442 4
1717 2689 2
1717 1310 6
1718 2995 10
1718 3531 1
1719 1868 2
1720 2918 7
1721 2392 2
1722 2737 10
1722 3827 5
1722 3922 4
1722 3903 5
1722 3408 4
1723 2865 3
1724 4558 10
1724 1049 7
1724 2758 5
1724 3332 7
1724 4323 2
1725 3327 4
1725 1190 10
1725 4869 1
1726 4670 5
1726 2 7
1726 2932 9
1727 3315 4
1727 2624 5
1728 4319 3
1729 3002 3
1730 4931 6
1730 4892 7
1730 4851 5
1730 4907 9
1730 462 8
1731 3933 3
1731 392 3
1732 1684 7
1732 4061 2
1732 1510 9
1732 838 1
1733 2845 4
1734 3132 1
1734 2880 5
1734 1904 2
1735 24 1
1736 2677 7
1736 1710 5
1736 4390 5
1736 4314 1
1737 1021 7
1738 611 6
1738 1075 3
1738 761 2
1738 1114 7
1738 1034 3
1739 3511 5
1739 4499 5
1739 2503 5
1739 3047 5
1740 3268 6
1740 2679 8
1741 4669 9
1742 4821 9
1742 2761 6
1742 3095 9
1743 2337 5
1743 1167 5
1744 3314 8
1745 4305 2
1745 4457 5
1745 4041 7
1745 2670 8
1746 2560 4
1746 3118 5
1746 390 6
1746 2077 2
1746 3431 1
1747 1879 5
1748 803 8
1748 1961 9
1748 240 2
1748 877 7
1749 4775 4
1749 4140 4
1749 1813 3
1750 4079 1
1750 1581 8
1750 3060 8
1751 4877 9
1751 1689 6
1751 2211 2
1751 3126 7
1752 3097 7
1753 2492 6
1754 1424 2
1754 286 8
1754 415 9
1754 4129 8
1754 2104 6
1755 2258 4
1755 3939 6
1756 1202 1
1757 505 1
1758 4049 3
1758 1760 4
1759 4510 9
1759 1778 9
1760 4374 9
1761 3150 9
1761 4000 10
1762 4159 8
1763 4122 10
1763 4210 9
1764 3590 8
1764 3925 9
1764 2891 7
1765 1625 10
1765 2043 7
1765 3141 2
1765 1142 1
1766 2487 6
1766 1757 2
1766 1708 6
1766 2294 1
1767 250 9
1767 3590 4
1768 137 3
1768 497 2
1768 3007 2
1769 3377 9
1769 87 8
1769 2414 8
1769 3001 5
1770 1804 2
1770 4875 2
1770 2047 3
1771 3199 6
1772 4906 4
1772 1039 1
1772 1938 8
1773 4816 5
1773 3153 10
1774 947 3
1774 4741 9
1774 348 10
1774 1516 2
1774 487 2
1775 3531 2
1775 281 3
1775 4912 10
1776 3872 9
1777 890 9
1778 3586 5
1778 3081 8
1778 1934 6
1779 683 7
1779 3636 3
1779 3315 1
1779 1635 4
1780 1510 7
1780 978 5
1781 3633 9
1782 1836 2
1782 1802 3
1783 715 3
1783 2815 1
1783 2571 3
1783 4496 2
1783 475 3
1784 4859 5
1785 4387 10
1785 3914 7
1785 2358 9
1785 3775 4
1786 4973 6
1787 1209 8
1787 1187 8
1787 4792 3
1787 1620 6
1787 1227 7
1788 662 10
1788 804 9
1789 1803 1
1789 1230 8
1790 4485 9
1790 2953 4
1790 3863 10
1790 3135 8
1791 4909 8
1791 405 10
1791 4143 4
1792 1079 9
1792 447 7
1792 61 3
1792 2444 10
1793 2370 2
1793 4749 4
1794 2851 2
1794 232 9
1794 2893 10
1794 1845 5
1794 4925 1
1795 119 8
1795 4569 4
1796 3314 8
1796 1311 9
1797 2442 4
1797 2706 4
1797 2946 10
1797 1533 4
1798 4593 1
1798 4204 3
1798 2380 4
1798 4997 1
1798 4624 2
1799 3521 10
1799 4692 3
1800 2160 7
1800 3994 5
1801 4101 4
1801 1424 3
1801 986 7
1801 4242 4
1802 4351 8
1802 781 4
1802 4402 9
1802 358 5
1802 4786 2
1803 2478 6
1803 3069 7
1803 3471 8
1804 2047 1
1805 4728 8
1805 4190 10
1805 1537 2
1805 4498 9
1806 3979 2
1807 1727 3
1808 3741 10
1808 3197 6
1808 4145 3
1808 2944 9
1809 2314 8
1809 2588 10
1809 4059 8
1809 3281 5
1810 3803 6
1810 1918 6
1810 1660 9
1811 2938 3
1812 2054 3
1812 2949 5
1812 514 5
1812 2131 1
1813 983 1
1813 4060 6
1813 4077 9
1814 3265 4
1815 3166 10
1815 2537 2
1815 798 8
1815 2331 7
1815 2542 3
1816 3608 7
1816 2671 5
1816 1627 3
1816 76 5
1817 333 8
1818 2122 7
1818 4394 6
1818 844 8
1818 3235 3
1819 3030 8
1819 2959 6
1819 4700 2
1819 4059 10
1820 3877 7
1820 4675 10
1821 1831 4
1821 1640 4
1821 924 4
1821 57 10
1822 352 4
1822 2047 7
1822 4413 8
1823 708 5
1823 1131 6
1823 4111 9
1824 2523 10
1824 507 3
1824 455 7
1824 2121 2
1825 2077 7
1825 3110 3
1825 1390 10
1826 4579 7
1827 2693 2
1827 1030 10
1827 3983 8
1827 2545 6
1828 467 3
1828 3846 8
1828 922 4
1828 539 4
1828 2752 9
1829 430 4
1829 3428 6
1830 3777 9
1830 619 5
1830 2204 1
1831 4880 3
1831 3504 7
1832 4513 6
1832 4723 10
1832 1485 5
1833 1722 8
1833 1783 2
1833 4771 6
1834 1905 3
1834 1523 3
1835 3097 9
1835 3188 3
1835 4770 7
1836 1961 2
1836 3477 6
1837 2561 7
1838 2550 7
1838 3471 9
1838 4959 6
1838 4903 10
1838 4011 7
1839 4382 10
1839 2916 4
1839 3024 2
1840 1555 6
1840 3858 5
1840 4553 6
1840 4314 3
1840 4764 9
1841 4035 10
1841 4028 1
1841 1132 5
1842 4013 7
1843 1472 7
1843 4122 9
1843 3312 1
1844 2115 9
1844 2792 5
1844 2633 3
1844 977 9
1845 484 10
1845 3917 1
1845 518 2
1845 2683 9
1846 2804 10
1846 4535 10
1847 4220 2
1847 4245 1
1847 1611 4
1847 3873 1
1847 3945 7
1848 3298 8
1848 3481 9
1848 4721 7
1848 1386 1
1848 3632 5
1849 804 10
1849 1185 2
1849 2045 4
1849 776 4
1849 525 5
1850 1153 6
1851 3052 2
1851 3472 7
1851 917 10
1852 1949 4
1853 4751 9
1853 1008 6
1853 2033 9
1854 2372 7
1854 1885 7
1855 3262 6
1856 4233 9
1857 3029 8
1858 3548 7
1858 1327 9
1858 1816 7
1859 270 5
1859 1986 8
1859 3685 8
1859 2592 5
1860 1298 10
1860 2601 3
1860 2637 1
1861 1407 4
1862 3081 8
1862 4510 2
1862 3676 4
1863 4618 7
1863 4470 4
1863 3053 3
1863 2009 9
1864 3588 3
1864 4565 9
1864 4681 10
1864 483 7
1864 4732 8
1865 2899 4
1865 4222 9
1865 990 10
1865 2170 10
1865 4675 3
1866 2827 5
1866 1819 3
1867 3102 8
1867 89 9
1867 469 2
1867 1705 3
1868 1956 6
1868 4877 5
1868 4165 8
1868 4243 8
1869 190 5
1869 3464 9
1869 1079 9
1869 3891 4
1870 3962 6
1870 4984 8
1870 4363 5
1871 3990 5
1871 2148 4
1871 1174 6
1871 3339 5
1872 1409 10
1872 26 5
1872 1839 4
1873 1248 9
1873 1458 1
1873 3395 8
1873 3448 9
1873 2881 3
1874 2213 3
1875 2597 10
1876 3388 8
1877 3886 3
1877 899 1
1877 2476 3
1878 3592 9
1878 3846 4
1878 4769 9
1878 2732 4
1879 2731 2
1879 3664 5
1879 2438 10
1879 1334 10
1879 5000 3
1880 2462 7
1880 3406 9
1880 2528 6
1881 3434 6
1881 2697 9
1882 4986 10
1882 2974 3
1882 4855 7
1882 2985 9
1882 1539 2
1883 2222 4
1884 2234 9
1884 4460 7
1884 3456 3
1885 4855 7
1885 3832 3
1885 2974 7
1885 2372 2
1886 3996 1
1887 4685 6
1887 631 2
1887 2366 5
1887 2572 9
1888 4929 9
1888 2768 6
1888 1920 6
1888 338 3
1888 1732 7
1889 2351 10
1889 3194 6
1889 1550 1
1890 1537 1
1890 3632 10
1890 4486 3
1891 1856 3
1891 4668 6
1891 4093 3
1892 558 5
1892 4160 2
1893 4688 5
1893 2642 1
1893 4477 9
1894 352 2
1894 2536 6
1894 1804 2
1894 1947 4
1895 4716 5
1895 3812 3
1895 2341 3
1896 3951 7
1896 936 3
1896 1721 7
1897 4514 6
1898 1571 3
1898 3896 3
1898 1250 4
1898 1393 2
1899 868 1
1899 608 5
1899 1306 3
1899 3079 4
1900 3445 5
1900 1743 2
1901 439 8
1901 691 10
1901 2636 6
1901 148 8
1902 3010 6
1902 3448 8
1902 3395 3
1903 4984 3
1904 3686 2
1904 4402 9
1905 3694 8
1905 2647 10
1906 2120 4
1906 1930 7
1906 2075 1
1907 2666 9
1907 1425 9
1908 1107 9
1908 2141 1
1908 2390 9
1908 2460 3
1909 1658 10
1909 931 6
1909 3344 1
1909 3190 3
1910 2144 5
1910 4215 1
1911 4404 8
1911 4666 3
1911 4905 4
1911 23 4
1911 945 6
1912 2077 4
1912 1467 1
1912 236 2
1913 4500 3
1914 1778 3
1914 4538 4
1915 2757 7
1915 2701 8
1915 4481 9
1915 4285 4
1915 3511 5
1916 2546 8
1916 4009 2
1917 471 5
1917 4662 7
1917 4160 9
1917 4591 10
1918 3112 10
1918 1180 5
1918 3222 6
1918 1150 2
1918 2189 1
1919 4330 2
1919 2929 5
1919 3374 4
1919 1271 3
1919 4550 8
1920 1203 3
1920 3303 8
1921 4498 7
1921 4190 10
1921 1978 2
1921 3254 2
1922 3270 9
1922 1257 1
1922 3525 8
1923 4574 3
1923 1842 5
1923 2266 1
1923 3597 6
1923 2702 6
1924 4093 2
1924 3744 8
1924 2862 3
1924 2943 7
1924 4868 10
1925 4927 6
1925 1393 5
1925 2613 3
1925 998 4
1926 1308 3
1927 4437 3
1927 4750 10
1927 294 10
1927 3265 9
1928 2643 1
1928 2922 10
1928 2331 10
1928 3777 1
1929 2112 10
1929 4703 10
1929 1268 9
1929 2091 9
1930 1195 5
1930 4726 8
1930 1230 5
1930 2636 2
1930 4347 10
1931 3743 10
1931 4522 6
1932 3228 3
1932 2814 4
1932 1388 10
1933 1027 4
1934 2699 9
1935 4086 1
1935 4526 8
1936 1461 7
1936 782 1
1936 3449 1
1936 244 2
1937 2045 7
1937 1723 5
1937 3940 9
1937 1824 10
1938 2647 6
1938 3694 7
1938 1975 4
1939 1014 5
1939 4711 6
1939 4984 7
1939 4204 9
1939 4216 3
1940 1611 10
1940 1111 6
1940 3364 1
1940 3510 6
1941 1566 6
1942 4299 3
1942 2291 1
1942 3849 6
1943 854 7
1943 2164 4
1943 913 1
1943 4415 7
1943 3960 5
1944 3368 8
1944 1001 4
1944 4441 9
1944 3751 6
1945 1414 6
1946 593 10
1946 4161 6
1946 418 3
1947 1836 9
1948 3240 3
1948 1504 1
1948 3113 6
1948 41 4
1948 3689 2
1949 3900 4
1949 2630 10
1950 1277 8
1950 4334 7
1950 982 4
1950 1224 7
1950 2234 1
1951 1301 7
1951 2511 2
1951 22 5
1952 4145 9
1952 2361 10
1952 4943 6
1953 4821 6
1953 4953 1
1954 4146 1
1954 2703 5
1954 4645 7
1955 4849 4
1955 3075 8
1956 4642 5
1956 4212 2
1956 4877 10
1956 3697 4
1957 1403 3
1957 3252 1
1957 1027 9
1957 2572 4
1958 3361 3
1959 3426 6
1959 4384 4
1960 1798 1
1960 4624 6
1961 892 6
1961 781 4
1961 34 10
1961 2623 2
1962 3715 8
1962 2782 8
1963 3798 5
1964 2266 4
1964 751 1
1964 2143 3
1965 417 10
1965 3513 7
1965 2218 6
1965 3414 1
1966 4516 9
1966 3027 4
1966 921 6
1966 3943 6
1967 1147 10
1967 2273 4
1967 1123 1
1967 2500 5
1968 4385 7
1968 888 9
1968 3313 4
1969 3973 5
1969 4709 5
1969 2721 8
1969 369 6
1969 1019 7
1970 4810 1
1970 3293 8
1970 2656 9
1970 2730 5
1971 3123 3
1971 1950 6
1971 4240 5
1971 4686 2
1972 1035 5
1972 2785 7
1972 4551 8
1972 2086 7
1973 2549 10
1974 1617 10
1974 3496 7
1974 4085 8
1974 3522 5
1974 4592 8
1975 1347 4
1975 4806 3
1975 3604 9
1975 1740 2
1976 3482 3
1976 4558 5
1977 3928 1
1977 2266 9
1977 2068 7
1977 3888 10
1977 4987 3
1978 1387 8
1979 564 6
1979 3420 5
1980 809 4
1980 876 9
1981 236 2
1981 2562 10
1981 1390 3
1981 4809 7
1982 3803 10
1982 2691 3
1982 3013 4
1983 2680 2
1983 944 3
1983 2634 7
1984 3289 7
1984 536 6
1984 474 2
1984 2116 9
1985 1723 10
1985 2997 6
1985 4368 1
1985 4602 5
1985 854 3
1986 18 7
1986 2633 3
1986 2602 7
1986 1987 3
1986 4192 5
1987 1793 6
1987 3002 7
1987 4324 10
1988 2386 9
1988 4702 5
1988 2398 2
1989 2900 7
1989 4488 2
1989 593 2
1989 76 6
1990 4058 9
1990 1928 5
1990 1505 8
1990 1242 6
1990 2922 2
1991 55 1
1991 4605 4
1991 3830 4
1991 1814 2
1991 4032 4
1992 4270 8
1992 4606 9
1992 344 1
1992 3270 10
1993 3887 1
1993 244 4
1993 782 1
1993 120 4
1993 4497 10
1994 779 1
1994 3968 5
1995 3802 1
1995 1771 10
1995 2483 9
1996 1866 5
1996 1529 10
1996 683 5
1996 3636 8
1997 4410 7
1997 4007 10
1997 3155 3
1998 1643 4
1998 4547 3
1999 773 4
1999 868 10
1999 3607 7
1999 1693 9
2000 4711 5
2000 4204 9
2000 3783 5
2000 767 2
2000 3029 5
2001 3818 1
2001 438 5
2001 1918 5
2002 4624 3
2003 741 2
2004 4816 4
2004 1753 9
2004 3153 1
2004 3681 6
2005 764 8
2006 377 1
2006 1015 1
2006 1807 9
2006 1394 3
2006 939 1
2007 800 4
2007 4440 4
2007 647 8
2007 1404 4
2007 3021 6
2008 3407 10
2008 4532 2
2008 3341 2
2008 1494 5
2009 3024 1
2009 3235 3
2009 2994 4
2010 2044 10
2010 1053 6
2010 2437 3
2010 1546 8
2011 378 10
2012 2299 2
2012 4730 5
2013 1753 5
2013 2967 7
2013 3153 6
2013 3724 9
2013 2535 2
2014 96 9
2015 3191 9
2015 1743 3
2015 4111 7
2016 729 10
2016 3290 5
2016 3911 1
2016 1506 3
2016 2748 8
2017 4339 2
2017 4315 9
2018 4319 6
2018 391 2
2018 4979 3
2018 4682 9
2019 1294 7
2019 2742 8
2019 3551 9
2019 2684 3
2020 2856 7
2020 889 2
2021 4818 5
2021 1270 5
2021 1363 2
2021 3997 6
2022 2496 5
2022 2627 3
2023 4853 5
2023 153 9
2023 1299 4
2023 1226 5
2024 2931 8
2024 2291 1
2025 1953 9
2025 1450 4
2025 2479 5
2026 2602 9
2027 537 8
2027 1731 2
2027 4442 8
2028 2259 6
2029 3846 9
2029 2732 10
2029 3592 3
2029 4298 3
2030 3138 10
2030 1566 2
2031 1336 8
2031 4385 10
2031 3109 9
2031 4238 5
2031 1726 5
2032 1506 3
2032 3514 10
2032 2034 1
2032 4259 9
2032 346 5
2033 2266 10
2033 641 5
2033 4013 8
2033 3528 6
2034 4786 9
2035 3335 2
2035 2806 6
2035 4713 1
2035 4590 4
2036 983 5
2036 2414 3
2036 4066 7
2036 2308 9
2036 2634 10
2037 4405 9
2037 4889 7
2037 4653 7
2037 2089 4
2038 4456 7
2038 4229 10
2038 4119 8
2038 1774 9
2038 1110 8
2039 1634 4
2039 4361 2
2039 3806 9
2039 4877 3
2040 4929 6
2040 2915 1
2040 2322 1
2040 2869 9
2040 338 8
2041 715 10
2041 2100 2
2041 2092 9
2042 1304 7
2042 2742 3
2043 300 8
2044 2243 2
2044 1132 10
2044 2616 10
2045 2865 10
2045 2956 4
2046 1065 2
2046 694 6
2046 2273 9
2046 1934 5
2046 301 6
2047 4402 5
2047 3477 7
2048 1485 4
2048 2350 2
2049 3739 2
2049 2775 8
2049 4060 9
2050 1524 6
2050 2596 2
2051 1419 6
2052 247 3
2053 102 6
2053 4651 10
2053 1329 1
2053 2873 6
2054 2454 5
2054 932 5
2054 4050 4
2055 4346 10
2055 171 3
2055 3861 10
2055 3957 7
2055 491 8
2056 379 6
2056 2263 4
2056 2015 8
2057 4844 3
2057 1084 6
2057 316 5
2057 1420 8
2058 3283 3
2058 1024 5
2058 4333 6
2058 2858 9
2059 3608 2
2060 2106 9
2060 4686 7
2060 2796 1
2060 4268 8
2061 684 6
2061 847 7
2061 199 3
2062 1972 2
2062 821 1
2062 3435 6
2062 3096 2
2062 4120 1
2063 476 8
2063 4100 5
2063 1573 3
2064 3637 2
2064 2584 1
2064 1993 9
2064 637 8
2065 3672 3
2065 1555 2
2066 257 7
2066 2465 8
2066 4954 8
2066 1102 7
2067 1760 8
2067 1092 9
2067 1254 5
2068 3928 4
2068 3008 6
2068 4395 7
2068 610 2
2068 1375 1
2069 3900 7
2070 1429 7
2070 560 7
2070 4747 3
2070 3322 7
2071 3003 7
2071 202 5
2072 2549 10
2072 2063 4
2072 4112 4
2072 2539 10
2073 4433 3
2073 2527 4
2073 3728 7
2074 3048 3
2074 4463 8
2074 2750 6
2074 754 10
2074 2828 6
2075 2478 2
2075 2806 6
2075 3471 8
2075 273 1
2076 4746 4
2076 4497 8
2076 1162 1
2076 3680 9
2077 3380 3
2077 3048 6
2077 1386 8
2077 2750 6
2078 4836 4
2078 937 5
2078 4725 7
2079 4920 10
2079 3952 1
2079 328 8
2079 3870 8
2079 282 10
2080 2227 5
2080 1336 5
2080 3849 6
2080 1968 2
2080 4299 10
2081 3603 7
2082 4237 7
2082 424 7
2082 2209 7
2082 4100 3
2082 3675 7
2083 1312 9
2083 4649 10
2083 674 2
2083 239 2
2084 1072 9
2084 4400 8
2084 176 8
2085 875 6
2085 4007 2
2085 4645 9
2085 4615 5
2086 4772 3
2086 4690 6
2087 2652 7
2087 3734 10
2087 4749 7
2088 1304 3
2088 50 3
2088 1847 9
2088 2856 5
2088 4961 1
2089 300 1
2090 862 3
2091 4533 2
2091 1229 8
2092 4904 6
2092 2448 7
2092 2200 2
2092 2425 5
2093 2481 7
2093 1769 10
2093 4336 5
2093 3581 1
2093 4316 1
2094 1983 2
2094 3018 6
2094 766 9
2095 3429 1
2095 4083 7
2096 2252 8
2096 2623 1
2097 4627 1
2097 498 1
2097 3701 9
2098 1239 6
2098 1121 4
2098 2381 2
2098 4819 5
2099 2900 6
2099 1477 10
2099 593 10
2099 3430 9
2100 3795 9
2100 2926 3
2100 583 1
2100 1594 9
2101 4133 3
2101 2556 8
2101 3796 4
2102 619 2
2102 652 5
2102 2204 4
2102 2331 10
2103 4218 6
2104 818 8
2104 2871 6
2105 2335 4
2105 4639 6
2105 2922 4
2105 953 7
2105 4718 1
2106 860 1
2106 4769 7
2106 3592 1
2106 2177 9
2107 3677 9
2107 4313 4
2107 3788 3
2108 1292 10
2108 534 6
2108 4386 1
2108 2743 2
2109 1128 4
2109 34 7
2109 871 1
2109 4919 7
2109 3905 9
2110 3787 7
2110 3126 2
2111 3659 1
2111 3032 3
2111 2307 7
2111 2935 2
2111 4200 3
2112 596 5
2113 968 10
2113 2771 3
2114 1165 6
2114 1076 10
2115 1270 6
2115 2652 5
2115 478 6
2115 1657 7
2116 2025 7
2116 1742 8
2116 4735 4
2116 171 4
2116 3186 3
2117 4484 6
2117 2858 4
2117 869 1
2118 4043 6
2118 2361 7
2118 3932 5
2118 1319 1
2118 4443 9
2119 4529 6
2119 2867 7
2119 1793 7
2119 1907 4
2119 3341 4
2120 3335 9
2120 2251 2
2121 2709 8
2121 4046 8
2121 3189 10
2121 2319 10
2122 844 7
2122 4344 9
2122 4394 10
2122 187 5
2122 4814 9
2123 284 1
2123 1331 3
2123 1371 8
2123 2249 8
2123 4930 3
2124 3984 5
2124 2768 6
2124 1640 4
2125 991 2
2125 1460 10
2125 3188 6
2125 647 7
2126 245 6
2126 3744 8
2126 2902 6
2127 2211 2
2127 4331 4
2128 1755 5
2129 3849 1
2130 4949 3
2130 3093 1
2131 3547 6
2131 2782 5
2131 2798 9
2132 3635 6
2132 4088 9
2132 4764 10
2132 1632 10
2133 1114 7
2133 2967 3
2133 2725 1
2133 4874 1
2133 5 4
2134 2806 2
2135 3943 8
2135 3779 6
2136 868 7
2137 1757 6
2137 96 9
2137 505 8
2137 479 7
2138 254 7
2138 3368 8
2139 4717 4
2139 1187 1
2139 3122 1
2139 3743 7
2139 1931 4
2140 4500 3
2140 388 10
2140 1041 7
2140 523 8
2140 3430 7
2141 899 4
2141 1463 7
2141 4801 1
2141 3351 1
2142 2622 7
2142 4570 8
2143 4436 8
2143 2266 9
2143 1977 6
2144 3525 4
2144 330 4
2144 4606 5
2144 766 5
2145 107 5
2145 59 10
2146 4433 1
2146 4760 9
2146 3728 5
2147 2492 10
2147 638 6
2147 2098 2
2147 2621 3
2148 840 10
2149 2880 10
2149 4256 10
2150 826 7
2150 3921 10
2150 2993 10
2151 3724 4
2151 2492 5
2151 646 3
2152 2748 9
2152 4402 5
2152 4342 10
2152 3554 6
2152 3885 5
2153 2483 3
2153 4218 9
2153 4120 9
2154 2782 10
2154 1617 10
2154 932 10
2154 1974 9
2155 450 2
2155 292 9
2155 3217 5
2155 1455 8
2156 1301 5
2156 3792 1
2156 438 3
2156 2189 3
2157 2550 7
2157 1306 2
2157 3494 9
2158 1902 10
2158 172 3
2158 2697 10
2158 4465 8
2158 2426 6
2159 1579 2
2159 455 6
2159 4440 4
2160 3783 9
2160 2954 3
2160 3078 5
2160 423 6
2161 853 5
2161 794 10
2161 4805 1
2161 669 5
2161 3933 9
2162 2177 9
2162 3564 10
2163 1379 4
2163 2504 6
2163 4965 9
2164 507 10
2165 3033 10
2165 981 6
2165 527 2
2166 4596 5
2166 3439 8
2166 4555 2
2166 1708 9
2166 3502 9
2167 3374 7
2168 2966 4
2168 254 7
2168 2744 3
2169 1545 9
2169 4205 8
2169 435 2
2169 2245 2
2170 4709 7
2170 235 8
2171 4815 5
2171 1879 7
2171 3190 1
2171 3344 10
2172 1061 7
2172 4975 6
2173 2507 9
2173 1984 4
2173 2388 2
2174 4519 9
2174 2665 2
2174 1881 4
2174 3463 8
2174 3976 9
2175 790 1
2175 4379 10
2176 565 1
2177 1878 5
2177 4727 7
2177 860 9
2177 4132 6
2177 4561 4
2178 1505 2
2178 2204 8
2178 293 10
2178 1815 2
2178 167 6
2179 2130 3
2179 2467 10
2179 503 8
2179 277 5
2179 4646 5
2180 4105 8
2180 571 3
2180 26 4
2181 3914 2
2181 2375 5
2182 2914 1
2182 113 7
2182 1914 6
2183 3794 4
2184 1743 1
2184 3605 9
2184 3930 6
2185 4672 7
2185 3464 9
2185 4040 7
2185 4748 5
2185 45 6
2186 2928 5
2186 1639 5
2186 4904 2
2186 915 2
2187 729 1
2187 1536 5
2187 4351 10
2187 4873 6
2187 3737 7
2188 4046 3
2188 2709 10
2189 3833 4
2189 3222 5
2189 1301 3
2190 1476 8
2191 1286 6
2191 3462 7
2191 3704 1
2191 3500 4
2191 2736 3
2192 2744 10
2193 3690 9
2193 3648 6
2193 410 7
2193 4362 3
2194 3981 9
2194 4643 5
2195 3885 10
2195 3205 5
2195 781 5
2195 1782 9
2195 622 7
2196 4833 3
2196 3205 4
2196 680 2
2197 1691 3
2197 618 4
2197 654 6
2198 2976 8
2198 4962 10
2198 1373 8
2199 3888 4
2199 4436 3
2199 2068 10
2199 4987 4
2200 3549 5
2200 1594 1
2200 1844 1
2201 2825 9
2201 3813 7
2201 1136 8
2201 2291 4
2202 3139 7
2202 3020 9
2203 53 1
2203 3022 5
2203 4675 8
2203 4628 5
2204 2516 2
2204 2373 3
2205 4892 3
2205 2561 3
2205 1730 7
2206 3358 1
2206 4565 9
2206 3599 6
2207 2680 3
2208 1888 10
2208 4940 8
2208 933 9
2208 401 10
2209 3324 3
2209 1119 1
2210 1918 6
2210 1660 9
2211 1956 10
2211 1853 1
2211 1420 10
2211 3652 10
2212 44 3
2212 3458 1
2212 4957 3
2213 1627 7
2213 3869 9
2213 4040 8
2214 1578 3
2214 1139 3
2214 1966 10
2215 2828 1
2215 4486 5
2215 531 4
2216 64 4
2217 1126 7
2217 1406 4
2217 3520 2
2217 4283 2
2218 717 1
2218 725 10
2218 561 5
2218 1441 3
2218 4139 10
2219 1745 9
2219 4490 6
2219 1091 7
2219 1584 7
2219 4008 1
2220 4316 2
2220 2014 8
2221 912 1
2222 2090 9
2222 2295 3
2223 1842 8
2223 4583 1
2223 2143 4
2224 1915 8
2224 4573 8
2224 3912 10
2225 2998 9
2225 2647 1
2225 1740 8
2225 2655 5
2226 3913 5
2227 3325 8
2227 4238 10
2227 1336 6
2227 2931 10
2228 3049 3
2229 2539 5
2229 1119 2
2230 1306 6
2230 154 6
2230 1063 10
2231 885 2
2231 2079 9
2231 145 3
2231 1158 6
2232 2913 8
2233 2052 7
2233 1754 8
2233 10 6
2233 3956 5
2234 1066 8
2234 3297 2
2234 2851 7
2234 1638 1
2234 3541 2
2235 1370 10
2236 1385 7
2236 741 1
2236 4538 4
2236 1036 6
2236 875 1
2237 198 7
2237 3933 10
2237 130 6
2238 4074 8
2238 420 5
2238 4693 8
2238 2760 7
2238 3487 10
2239 3674 10
2239 2253 3
2239 997 7
2239 4315 4
2240 3379 9
2240 4061 3
2240 2020 8
2240 2768 4
2241 1308 3
2241 1472 2
2242 416 7
2242 4504 10
2242 878 2
2243 4461 4
2243 4773 6
2243 4035 7
2243 2746 9
2244 1898 1
2244 2854 1
2244 3982 6
2245 3252 4
2245 2910 5
2245 3635 8
2245 2581 3
2245 4991 4
2246 2168 1
2246 1305 8
2246 3163 8
2247 1788 10
2247 4569 1
2247 991 9
2248 2222 9
2248 1908 6
2248 4034 3
2248 1883 8
2249 4765 8
2249 188 4
2250 3792 4
2250 1180 4
2250 1374 5
2250 3670 5
2251 260 6
2252 3205 9
2252 892 10
2252 2623 5
2252 3911 7
2253 2267 6
2254 3194 9
2255 891 2
2255 3197 10
2256 4717 9
2256 739 1
2256 3336 10
2257 1405 8
2257 2204 7
2257 1815 1
2257 117 1
2258 3438 1
2258 791 6
2258 1072 2
2259 459 3
2259 4729 5
2260 4669 5
2260 576 7
2260 4358 4
2260 3966 8
2261 2862 2
2261 4098 5
2261 1097 5
2261 4761 1
2261 2650 8
2262 1211 4
2262 3145 10
2263 4279 1
2264 1947 7
2265 4325 2
2266 1568 4
2266 4781 5
2266 2431 10
2266 3928 9
2266 3227 1
2267 869 8
2267 3716 7
2267 2840 4
2267 4788 8
2268 2486 6
2268 4760 6
2268 3797 9
2268 1898 10
2269 3414 9
2269 717 10
2269 3846 2
2269 4561 6
2270 1531 6
2270 3107 10
2270 622 8
2271 3560 8
2271 4776 8
2271 4955 3
2271 3650 1
2272 3353 9
2272 4810 5
2272 2316 10
2273 2085 8
2273 2658 8
2274 3198 9
2275 2332 10
2275 1250 2
2275 2486 3
2276 2476 5
2276 3886 10
2276 3156 8
2276 80 5
2276 899 1
2277 181 5
2278 3166 9
2278 2964 10
2278 3247 10
2278 2403 7
2279 239 8
2280 592 9
2280 1439 2
2280 41 3
2280 960 10
2280 4810 1
2281 2976 5
2281 4291 6
2281 4222 8
2281 3022 6
2282 4442 6
2282 1717 3
2282 3153 3
2283 3604 2
2283 1584 5
2283 1745 10
2283 3106 8
2283 425 5
2284 4738 6
2284 3614 3
2285 2236 6
2285 1385 9
2285 1848 7
2285 2828 1
2285 4459 2
2286 305 6
2287 4129 7
2287 1111 10
2288 4273 4
2288 1621 9
2289 1780 7
2289 57 5
2289 4456 4
2289 4172 3
2289 401 9
2290 3019 7
2290 4782 5
2290 3146 7
2290 2804 2
2290 4396 5
2291 433 10
2291 4893 9
2291 3310 5
2292 3727 5
2292 3544 5
2293 4155 9
2293 350 7
2293 2679 2
2293 4648 1
2293 4887 4
2294 4606 5
2294 2591 1
2294 1257 9
2294 344 4
2294 1922 8
2295 3886 3
2296 162 7
2297 3041 2
2297 2499 8
2297 1826 10
2297 4147 2
2297 4885 2
2298 2509 7
2298 3434 5
2298 1873 5
2298 3645 9
2298 1707 7
2299 3835 9
2299 4750 1
2299 352 2
2300 641 10
2300 4107 1
2300 3787 7
2301 364 8
2301 74 5
2301 3744 10
2302 554 6
2302 1923 9
2303 2717 2
2304 3744 4
2304 616 5
2305 4242 2
2305 3457 2
2305 1611 1
2305 1137 10
2305 4128 10
2306 4037 9
2306 156 3
2306 4699 6
2306 2333 4
2307 3179 9
2307 3976 4
2307 3659 10
2307 4765 4
2308 2859 6
2308 1354 4
2308 3 5
2309 2637 1
2309 1409 5
2309 1702 5
2310 2911 1
2310 4773 3
2310 124 7
2311 2752 10
2312 608 2
2312 3872 7
2312 4617 5
2312 1190 2
2313 4590 6
2314 3624 7
2315 4747 8
2315 3060 4
2315 1399 10
2316 107 10
2316 1739 7
2316 1291 3
2317 582 5
2317 4172 2
2317 2860 6
2317 695 8
2317 3967 6
2318 4853 8
2318 4926 10
2318 1811 10
2318 134 8
2319 2904 9
2319 4664 3
2319 2709 6
2319 99 6
2320 4506 6
2321 1011 4
2321 2330 6
2321 27 1
2322 2912 7
2323 2714 7
2324 2597 3
2324 3234 3
2325 2085 8
2326 4621 1
2326 4242 6
2327 1174 1
2327 2885 1
2327 2148 1
2327 4332 5
2327 3990 10
2328 3144 5
2328 2351 8
2328 3279 2
2328 1001 7
2328 2739 7
2329 4561 9
2329 4132 7
2329 717 1
2329 4900 6
2330 131 8
2330 1244 1
2330 2253 7
2331 2204 4
2331 2516 7
2331 506 2
2331 167 2
2332 1426 6
2332 4239 8
2332 3998 10
2333 1826 7
2333 3041 6
2333 4579 9
2333 3332 6
2334 4392 9
2334 4790 10
2335 3387 9
2335 830 4
2335 3998 4
2335 3881 2
2336 813 1
2336 2333 10
2336 4766 10
2336 1976 5
2336 3488 10
2337 3191 5
2338 4528 2
2339 3790 1
2339 2769 8
2339 4281 4
2339 432 5
2340 2526 8
2340 4932 6
2340 2050 9
2340 2703 10
2341 4656 1
2342 4313 10
2342 3801 7
2343 3933 5
2344 1144 9
2345 2998 5
2345 939 2
2345 3517 4
2345 1347 5
2345 4155 4
2346 4007 1
2346 2393 4
2347 2517 1
2347 4649 1
2347 2279 6
2347 3629 10
2347 4108 3
2348 3268 10
2348 3517 10
2349 901 3
2349 3204 2
2349 3908 8
2349 3066 4
2349 4969 7
2350 2228 8
2350 1211 9
2351 1001 1
2352 3029 5
2352 426 3
2352 645 3
2352 3125 8
2353 1851 5
2354 748 5
2354 3411 2
2354 2939 7
2354 394 3
2355 541 3
2356 480 1
2356 1814 1
2357 3286 9
2357 2438 9
2357 1879 5
2358 3803 7
2358 3003 7
2359 2959 2
2359 4079 5
2359 1996 10
2360 3792 10
2361 2640 9
2361 4117 1
2361 3016 10
2361 1466 9
2361 4245 7
2362 1773 5
2362 399 7
2363 925 4
2363 3743 2
2364 3347 2
2364 2268 6
2364 4197 6
2364 4983 3
2365 2362 1
2365 1645 4
2365 3354 8
2366 363 7
2367 36 8
2368 3449 10
2368 4635 4
2368 782 3
2368 2584 9
2368 4004 5
2369 2531 7
2369 4133 6
2369 1837 4
2369 4247 3
2370 478 5
2370 2420 2
2370 3287 3
2370 772 9
2371 4731 8
2371 4301 4
2372 4905 2
2372 2484 4
2372 3111 8
2372 4986 9
2373 3463 3
2373 1331 3
2373 4430 7
2373 3032 2
2373 2111 9
2374 1631 3
2374 2916 2
2374 3403 4
2374 4394 2
2375 2386 10
2375 1773 3
2376 4209 9
2377 3686 1
2377 2016 9
2377 4873 5
2377 4039 4
2378 768 7
2378 1947 10
2378 1707 10
2378 165 5
2379 1818 9
2379 3235 4
2379 2180 1
2379 3552 5
2379 3053 4
2380 2954 6
2380 3810 7
2380 788 5
2380 3078 8
2381 4372 9
2381 4717 1
2381 3924 4
2381 3158 8
2382 536 6
2383 4487 8
2383 4880 5
2383 4929 4
2384 681 3
2384 4504 6
2384 3199 3
2385 3862 10
2386 2250 2
2386 1180 4
2386 3080 2
2386 2691 3
2386 3354 8
2387 1483 2
2388 3957 2
2388 4821 8
2388 2116 2
2389 4301 8
2389 895 8
2389 4479 5
2389 3103 6
2389 3653 4
2390 4607 1
2390 2890 5
2390 4453 9
2391 3765 7
2391 963 1
2391 3690 4
2392 2817 9
2393 4615 9
2393 4835 1
2393 3582 10
2394 1100 8
2395 4187 6
2395 4276 4
2396 3814 7
2397 1531 9
2397 970 5
2397 4465 6
2397 3976 8
2398 3634 3
2398 4531 4
2398 2691 6
2398 1301 9
2398 856 6
2399 2918 8
2399 3274 10
2399 1596 2
2400 2967 3
2400 1773 2
2400 3223 1
2400 646 4
2400 2725 1
2401 3742 7
2401 2324 7
2401 811 6
2401 3819 6
2402 4044 5
2402 2018 10
2402 4899 4
2402 4627 5
2403 3719 3
2404 1367 7
2404 4117 3
2404 2052 1
2404 461 9
2405 81 3
2405 420 9
2405 2869 5
2406 3531 7
2407 4154 1
2408 2421 9
2408 888 2
2408 1726 1
2408 4114 4
2408 4299 7
2409 1595 6
2409 3776 4
2409 3253 10
2409 4637 2
2410 458 2
2410 3124 5
2410 542 2
2410 2490 10
2410 3239 10
2411 325 10
2411 4996 1
2412 1492 5
2412 260 1
2412 1392 2
2412 4148 6
2413 221 8
2413 2151 10
2414 793 5
2414 983 10
2415 3776 8
2415 1932 7
2415 2581 10
2415 3252 4
2415 2814 9
2416 1491 7
2417 4748 4
2417 2462 9
2417 3464 2
2417 3608 4
2417 2497 5
2418 3647 8
2418 2935 1
2418 4598 3
2419 3005 4
2419 1353 3
2419 2161 6
2419 601 7
2419 3724 8
2420 1821 1
2420 378 9
2420 1228 3
2420 2354 6
2421 2569 6
2421 3325 10
2421 2805 10
2421 2227 6
2421 4198 2
2422 4468 6
2423 3919 1
2423 2298 5
2423 1245 6
2423 2722 5
2424 2534 3
2424 1374 9
2424 1154 6
2424 56 6
2424 2472 9
2425 18 7
2426 607 2
2427 4730 4
2427 768 6
2427 1927 5
2428 3344 9
2429 4405 3
2429 1722 3
2429 3429 2
2429 2928 3
2430 1380 10
2430 196 5
2431 3764 5
2431 1076 2
2431 2445 3
2431 2876 4
2432 3048 2
2432 1664 3
2432 4728 8
2433 4627 9
2433 4682 1
2433 2977 6
2433 879 5
2434 4883 5
2435 1263 4
2435 3427 9
2435 826 10
2435 3464 9
2435 3366 5
2436 562 4
2436 4733 9
2436 314 10
2437 237 5
2437 4461 6
2438 929 9
2438 2731 7
2438 3007 7
2439 631 6
2440 4287 9
2440 4301 2
2440 4404 1
2441 2634 7
2441 3790 3
2442 295 3
2442 3472 9
2442 124 4
2442 4035 7
2442 1132 7
2443 4195 8
2444 4659 9
2445 969 1
2445 2043 8
2445 1076 4
2445 4846 9
2445 4083 2
2446 674 3
2446 1431 9
2446 4691 8
2446 239 1
2446 1730 7
2447 3803 5
2448 583 7
2448 3407 5
2449 1395 2
2450 1837 2
2450 4108 4
2451 1714 4
2451 1382 5
2452 4759 7
2452 4581 5
2452 1867 4
2452 1464 2
2453 3192 2
2453 4214 8
2453 4350 2
2454 261 7
2454 4085 3
2455 1488 10
2456 2123 2
2457 2699 5
2457 635 1
2458 2873 6
2458 4950 9
2458 4867 3
2458 4928 10
2458 2335 7
2459 252 1
2459 3824 3
2459 1338 8
2460 4607 9
2460 1107 3
2460 3544 6
2460 3969 3
2461 3814 3
2461 2488 3
2462 4971 3
2462 2474 8
2462 2905 2
2462 1226 6
2463 2322 7
2463 1732 10
2463 911 1
2463 1684 4
2463 535 2
2464 1635 5
2464 2827 8
2464 1750 3
2464 3655 7
2465 961 9
2465 4760 2
2465 2146 2
2465 3115 6
2465 2486 9
2466 602 7
2466 4323 6
2466 4260 2
2466 3771 6
2467 3123 5
2467 2757 1
2467 1080 10
2467 3948 10
2467 381 1
2468 3879 3
2469 1963 8
2469 27 6
2470 2104 2
2470 3956 4
2470 2604 7
2471 498 8
2471 1728 7
2471 3486 7
2471 4979 5
2471 359 6
2472 1753 10
2473 892 10
2473 3028 8
2474 2986 8
2474 1284 1
2474 3309 2
2474 756 8
2475 4977 3
2475 2898 10
2476 3824 6
2476 2459 4
2476 1338 7
2476 4392 6
2477 1107 8
2477 899 8
2477 3167 6
2478 1253 6
2478 4071 2
2478 4210 9
2478 3683 7
2479 769 4
2480 2227 8
2480 888 4
2480 2080 6
2481 4336 10
2482 3430 4
2482 4178 2
2483 2022 10
2484 747 3
2484 3038 10
2484 606 4
2485 4155 8
2485 2861 9
2485 42 10
2486 1405 2
2486 3387 1
2487 2308 7
2487 2339 1
2487 4336 4
2488 826 5
2488 2462 8
2488 3427 5
2488 2766 9
2488 3366 9
2489 315 9
2489 459 5
2490 3287 7
2491 2391 6
2491 2964 5
2492 351 9
2492 1120 10
2493 3510 3
2493 4220 8
2493 2088 10
2494 1598 8
2494 2020 1
2494 430 1
2495 225 5
2495 4386 5
2496 4286 2
2496 4219 5
2497 2110 2
2497 955 7
2498 3450 1
2498 3218 2
2499 3761 8
2499 2468 7
2500 2703 10
2500 1261 2
2500 4510 8
2500 741 9
2501 4247 6
2501 520 3
2501 3042 7
2501 3989 1
2501 4907 6
2502 1831 10
2502 4741 3
2502 1021 10
2502 1598 8
2503 1513 10
2504 2929 4
2504 2744 1
2504 292 2
2504 450 1
2505 2307 9
2505 506 4
2505 1358 9
2505 494 6
2505 4930 8
2506 3695 4
2506 3738 7
2506 2956 6
2507 2055 3
2508 2583 6
2508 4499 10
2508 277 3
2509 4980 9
2509 407 5
2509 1536 2
2510 2114 8
2510 2089 4
2510 4948 10
2510 1122 10
2510 3408 8
2511 3933 6
2512 2325 9
2512 2596 6
2512 4498 4
2512 4365 7
2513 335 1
2513 3914 4
2514 4438 3
2514 4552 5
2514 615 2
2515 4368 6
2516 727 2
2517 674 2
2517 2101 10
2517 2205 2
2518 2412 8
2518 1725 2
2518 510 10
2518 811 6
2519 2579 4
2520 1433 3
2520 3764 6
2520 4195 2
2520 489 2
2521 1073 6
2521 1469 7
2521 4273 9
2522 3865 5
2522 688 10
2522 3085 1
2523 796 4
2523 2891 1
2523 2726 2
2523 3894 7
2524 3092 9
2524 367 7
2524 2288 7
2524 1140 10
2524 4713 6
2525 4748 8
2525 4040 4
2525 440 6
2525 1869 2
2525 1249 6
2526 2693 7
2527 3982 9
2527 4927 3
2527 4239 4
2527 2854 9
2528 3941 6
2528 3696 8
2528 2462 4
2528 3464 8
2529 4123 2
2529 4279 6
2529 2966 1
2530 4346 10
2530 3680 6
2530 120 1
2530 3449 10
2531 3042 6
2531 4851 8
2531 3878 2
2532 732 4
2533 2583 3
2533 503 5
2533 762 7
2534 3904 3
2534 1272 7
2534 3851 4
2534 761 5
2535 2492 5
2535 4816 1
2536 2838 5
2536 2748 7
2537 3463 9
2537 2174 1
2537 2564 9
2537 1115 8
2537 4019 2
2538 2400 8
2538 221 7
2538 2256 4
2538 2711 2
2538 3725 3
2539 1093 4
2539 30 7
2539 3675 1
2540 2361 8
2540 132 9
2541 3629 7
2541 2875 7
2541 4278 10
2541 4649 3
2542 13 5
2543 3285 2
2544 2706 2
2545 1402 1
2545 4089 10
2545 4177 1
2546 3671 4
2546 2047 3
2546 2838 8
2546 2880 3
2547 76 10
2547 388 5
2547 3193 9
2548 1414 3
2549 4237 5
2549 4780 4
2549 3782 6
2550 566 4
2551 373 9
2551 4650 3
2552 3509 7
2552 2044 3
2552 3531 9
2552 2544 2
2552 1841 9
2553 88 6
2553 4597 1
2553 1380 6
2554 852 2
2555 4928 9
2555 4197 8
2555 1090 8
2555 3881 3
2556 1545 7
2556 2531 4
2556 1690 10
2556 462 2
2557 3589 1
2557 2761 2
2557 1056 10
2558 3477 2
2559 2703 4
2559 1386 2
2559 867 1
2560 236 1
2560 2215 3
2560 2512 4
2561 520 2
2561 2265 6
2562 855 1
2563 928 2
2563 379 6
2563 139 7
2563 1823 5
2564 188 6
2564 3778 8
2565 2189 7
2565 3833 8
2565 1656 8
2565 3933 5
2566 4150 4
2566 58 3
2566 1813 7
2567 3495 3
2567 2933 6
2567 4204 3
2567 4363 8
2567 3078 7
2568 4019 5
2568 4598 3
2569 4708 9
2569 3109 2
2569 4385 1
2569 112 10
2570 3742 6
2570 1496 10
2570 3121 9
2570 3312 3
2570 260 9
2571 1594 9
2572 3784 4
2572 1264 3
2572 2072 7
2572 4063 1
2573 4368 7
2573 1654 4
2573 3733 3
2573 800 5
2573 1849 6
2574 4123 1
2575 3799 7
2575 4117 9
2575 2640 1
2576 41 10
2577 3880 2
2577 1709 7
2577 2856 4
2578 4634 4
2578 2796 2
2578 59 4
2578 3333 10
2579 1511 1
2579 1767 9
2579 3590 8
2579 3960 8
2580 2099 2
2580 730 3
2581 111 6
2581 934 9
2581 3944 8
2581 4406 1
2582 4946 5
2583 3216 9
2583 572 2
2583 2824 5
2583 2272 3
2583 762 2
2584 1056 10
2584 1047 3
2584 1193 9
2585 3245 3
2585 2406 4
2585 3761 4
2586 2375 10
2586 1773 8
2586 2358 6
2586 3914 10
2586 3153 6
2587 3135 6
2588 4826 7
2588 3624 3
2588 4124 10
2588 2014 9
2589 1676 7
2589 3658 1
2589 740 5
2589 4664 7
2589 4733 10
2590 2498 3
2590 3450 5
2591 1813 4
2591 4270 5
2591 3436 2
2592 1270 9
2592 1907 6
2592 2652 7
2592 977 4
2593 753 1
2593 756 8
2593 4439 3
2594 2956 6
2594 4503 1
2594 446 8
2595 4605 4
2596 4540 9
2596 4645 8
2596 3155 10
2597 106 5
2597 4683 10
2597 4477 6
2597 3091 2
2597 4808 8
2598 2913 8
2598 4499 1
2599 2357 2
2599 1805 10
2599 1334 6
2599 2822 1
2599 1658 1
2600 4630 8
2600 2474 7
2601 3080 2
2602 4532 2
2602 3440 6
2602 3341 8
2602 2008 3
2602 1494 2
2603 1137 3
2603 719 5
2603 3505 8
2604 2212 1
2604 2176 6
2604 907 7
2604 2950 8
2605 2205 4
2605 2369 8
2606 4918 3
2607 1388 5
2607 3228 3
2607 3339 5
2607 1646 5
2608 215 7
2608 2192 4
2608 3191 6
2608 1131 5
2609 4385 7
2609 888 1
2610 2115 1
2611 1187 8
2611 2147 1
2611 3336 7
2611 4704 4
2611 27 2
2612 4328 6
2612 381 5
2612 906 8
2612 3093 4
2613 2403 2
2613 4854 8
2614 2273 1
2614 855 2
2614 2658 10
2614 4146 9
2614 4510 1
2615 4863 3
2616 1217 8
2616 2911 5
2616 114 10
2616 3639 8
2616 1528 5
2617 3650 8
2617 1744 2
2618 4097 3
2619 2881 7
2619 3089 10
2620 2314 1
2620 2175 2
2620 3624 2
2620 663 7
2620 2624 10
2621 2321 10
2621 4422 1
2621 4372 9
2621 131 1
2621 3681 9
2622 1998 10
2622 2326 3
2622 20 4
2622 4245 5
2622 4220 8
2623 1127 9
2624 3281 1
2624 2014 9
2624 2827 6
2625 2414 1
2625 444 9
2625 1749 3
2625 4184 5
2625 3018 2
2626 4939 5
2626 2574 2
2626 4548 4
2627 2309 9
2627 2513 2
2627 806 5
2628 667 8
2629 4118 7
2629 2519 9
2629 923 7
2630 64 9
2630 4922 9
2630 1941 5
2630 1566 2
2630 223 9
2631 1133 9
2632 2252 5
2632 4317 1
2632 1471 8
2633 2970 3
2633 378 10
2633 1266 4
2633 4818 10
2633 437 6
2634 1362 6
2635 3696 5
2635 3964 7
2635 4630 6
2635 2497 9
2636 3615 2
2636 3872 9
2636 1776 10
2637 3552 2
2637 4199 9
2637 3775 5
2637 3703 5
2637 623 9
2638 3096 5
2638 3232 10
2638 2086 10
2638 4862 10
2639 3834 9
2639 423 7
2639 3078 9
2639 4228 7
2640 818 7
2640 2797 1
2640 1643 1
2640 4547 6
2640 4626 3
2641 863 6
2641 573 4
2641 4717 2
2642 4096 6
2642 1162 1
2643 4625 8
2643 3778 9
2643 4032 3
2644 4928 1
2644 2864 3
2644 4894 2
2645 2281 9
2646 1712 9
2646 496 7
2646 957 3
2646 854 4
2646 1654 1
2647 2770 4
2648 790 7
2649 2871 8
2649 4759 1
2649 2640 3
2649 2797 5
2649 1521 3
2650 4452 10
2650 616 7
2650 2099 7
2651 378 6
2651 1737 7
2652 682 3
2652 4856 4
2652 3402 4
2652 1058 5
2653 3016 3
2654 2897 10
2654 587 10
2654 3886 4
2654 1883 5
2654 1412 10
2655 2006 4
2655 2293 6
2655 42 6
2656 4949 6
2656 2612 5
2657 3921 2
2657 2185 4
2657 3869 6
2658 4288 3
2658 4081 6
2659 3683 4
2659 4966 8
2659 1392 8
2659 3615 3
2660 1780 1
2660 535 8
2660 3984 4
2661 2665 9
2661 822 10
2661 4519 5
2662 4885 4
2662 4915 7
2662 870 8
2663 22 7
2664 4605 4
2664 3463 6
2664 768 1
2664 1873 4
2665 3830 9
2665 4875 3
2665 4774 8
2665 1531 6
2666 1045 10
2666 924 8
2667 3365 5
2667 3675 10
2668 1146 5
2668 2354 6
2668 933 1
2668 1780 1
2669 84 5
2669 1914 2
2669 585 1
2670 1896 2
2670 4978 9
2670 3401 4
2670 2485 5
2671 3836 1
2672 4081 8
2672 1445 7
2673 2588 10
2673 835 3
2673 1809 7
2673 2314 10
2674 4149 4
2674 1477 3
2674 418 7
2674 3044 7
2674 3204 1
2675 3608 9
2675 2185 2
2676 3806 1
2677 4048 1
2677 4314 10
2678 138 10
2679 3636 7
2679 3034 10
2679 1267 5
2680 1545 4
2681 2952 4
2682 3944 10
2682 2910 5
2682 3221 4
2682 4314 7
2683 1502 7
2683 2751 4
2684 3529 10
2684 62 7
2684 4669 1
2685 3757 2
2686 2079 8
2686 3440 5
2687 3033 10
2687 210 8
2687 1293 6
2687 3880 6
2688 3078 3
2688 2872 3
2688 1588 3
2688 32 1
2688 3454 3
2689 3612 5
2690 4930 8
2690 4765 1
2691 1645 3
2691 3803 4
2691 4597 2
2692 4545 9
2692 1754 7
2692 1274 4
2693 3582 2
2693 1402 1
2693 2545 9
2693 4081 7
2693 3983 10
2694 1056 4
2695 4907 8
2696 3919 4
2697 4284 6
2697 2047 3
2697 3976 5
2698 2301 2
2698 2675 6
2699 4177 7
2699 1997 9
2699 4288 7
2699 2981 8
2700 2724 4
2700 4914 3
2700 4319 10
2701 1526 10
2701 2226 7
2701 620 5
2702 4292 6
2703 3746 4
2703 2085 6
2703 3081 1
2704 3545 2
2704 2059 4
2704 784 2
2705 3368 6
2705 1919 8
2705 1846 3
2705 4965 5
2706 2243 10
2706 2911 2
2706 2733 8
2706 3533 1
2707 4197 7
2707 3133 4
2708 593 7
2709 3382 2
2710 3387 8
2710 3591 2
2710 4973 8
2710 4812 7
2711 4372 5
2712 4574 6
2712 316 9
2713 4988 8
2713 1264 7
2714 3127 4
2714 3120 5
2714 2364 6
2714 4197 4
2714 257 2
2715 4547 9
2715 2871 3
2715 3956 7
2715 894 3
2716 910 7
2716 4988 4
2717 2611 4
2717 4594 5
2718 2556 2
2718 3160 8
2719 2801 5
2719 1136 1
2719 2018 3
2720 1945 7
2720 3267 1
2721 1683 9
2722 701 10
2722 2152 7
2722 970 4
2722 2299 1
2722 4056 7
2723 28 9
2723 203 8
2723 1306 1
2723 3178 7
2723 4901 1
2724 2062 6
2724 3199 2
2724 3435 7
2725 1773 7
2725 3410 8
2726 1565 8
2726 1071 3
2726 314 10
2726 1469 1
2726 1073 2
2727 1224 6
2727 3511 8
2728 1292 1
2728 4968 1
2728 1097 2
2728 364 6
2728 483 9
2729 4808 3
2729 4836 1
2729 106 6
2730 1241 1
2730 3047 8
2731 3286 5
2732 3592 10
2733 4171 5
2734 2521 7
2734 2956 10
2735 2792 3
2735 2115 2
2735 378 8
2736 4534 10
2736 3525 6
2736 1721 5
2737 270 9
2738 4453 4
2738 779 3
2739 2290 9
2740 1076 5
2740 4987 4
2740 3697 6
2740 3227 8
2740 4107 3
2741 3888 9
2742 2233 10
2743 2444 8
2743 2023 8
2743 1079 8
2743 826 1
2744 2290 1
2744 4535 8
2744 3455 5
2745 2706 1
2745 3073 3
2745 323 10
2746 4963 9
2746 2920 6
2746 3841 6
2746 3009 10
2746 1324 10
2747 2683 3
2748 3290 9
2748 2252 9
2748 803 5
2748 1748 10
2749 3793 7
2749 64 6
2749 4922 7
2749 4679 6
2749 1941 8
2750 629 5
2750 1030 5
2750 1524 2
2750 3983 7
2751 1224 3
2751 3297 9
2751 508 9
2751 3846 8
2752 4491 4
2752 4868 6
2753 2595 5
2753 160 4
2754 3986 1
2754 3376 10
2755 2719 9
2755 2874 3
2755 1473 6
2755 1192 8
2755 873 6
2756 1691 3
2756 494 7
2756 3778 8
2756 4200 5
2756 1707 1
2757 783 5
2758 3041 10
2758 3399 10
2758 3825 2
2758 4915 3
2758 2135 5
2759 2234 6
2760 3487 2
2760 3246 1
2761 2758 9
2761 4558 6
2761 1049 9
2762 1462 2
2762 3962 2
2762 943 9
2763 4702 8
2763 2330 8
2764 1410 8
2764 4975 6
2764 4109 3
2764 2209 4
2764 1600 4
2765 1546 6
2765 441 1
2765 2616 7
2765 2338 1
2766 3693 4
2766 1633 2
2766 3996 9
2767 4409 2
2768 3529 1
2768 4669 4
2768 1367 4
2768 1294 6
2768 2361 6
2769 4159 8
2769 4524 2
2770 2094 9
2770 4215 9
2770 3502 4
2771 3407 1
2771 4518 3
2771 849 10
2771 3922 9
2772 2460 9
2772 1733 9
2772 460 6
2772 1412 9
2772 3390 6
2773 2367 5
2773 3231 1
2773 3111 2
2774 2011 9
2774 2651 3
2774 1425 2
2775 3878 6
2775 3042 8
2775 2229 1
2776 3824 4
2777 4831 7
2777 4263 8
2777 2301 4
2778 257 9
2778 1711 10
2779 2770 10
2779 4826 4
2779 4700 3
2779 3502 5
2780 3192 9
2781 2669 10
2781 2658 8
2782 2654 6
2783 4310 9
2783 4111 2
2783 1131 4
2784 1771 8
2784 630 10
2784 681 6
2784 2384 5
2785 3403 2
2785 3080 3
2786 4735 6
2786 1056 5
2786 3095 1
2787 4775 7
2787 4270 3
2788 1520 9
2788 3693 5
2788 2870 2
2788 1263 3
2789 1628 7
2790 4571 10
2790 147 7
2791 1087 5
2791 4450 2
2792 2019 2
2792 889 5
2792 2399 9
2792 1686 2
2792 378 3
2793 154 9
2793 4210 6
2793 3705 1
2793 1472 2
2794 4085 1
2794 932 8
2794 2798 3
2794 4232 2
2794 4884 3
2795 334 8
2795 3143 4
2796 922 3
2796 387 4
2797 3966 4
2797 3458 7
2798 952 7
2798 3707 7
2798 1051 6
2798 2248 1
2799 2271 7
2799 1208 8
2800 1282 4
2800 4043 9
2800 3945 10
2800 2052 9
2800 3393 4
2801 2097 4
2801 4678 9
2801 2086 6
2801 359 5
2802 3329 6
2803 27 3
2803 1963 7
2803 1239 1
2803 2590 6
2804 3139 10
2805 821 2
2805 3791 3
2806 2157 5
2807 1131 1
2807 1411 6
2807 1167 5
2808 1362 2
2808 1101 5
2808 4077 1
2809 4905 2
2809 1210 8
2809 1539 8
2809 3909 10
2810 2359 2
2810 3401 8
2810 1779 3
2811 457 4
2811 650 10
2811 4288 8
2812 3759 4
2813 721 3
2814 4975 6
2814 2148 7
2815 1737 4
2815 2940 3
2815 3441 4
2815 3263 9
2816 2163 2
2816 1133 10
2816 2804 3
2817 3281 4
2817 4215 4
2817 612 6
2817 4802 10
2817 4589 5
2818 3472 10
2818 4257 2
2818 4461 2
2818 4171 1
2819 879 4
2819 3306 4
2819 2402 4
2819 4862 1
2820 982 7
2820 4328 9
2820 1502 8
2820 3917 3
2820 4861 5
2821 3322 6
2821 3624 6
2821 4802 10
2822 3254 7
2822 3007 3
2822 4190 2
2823 787 5
2823 4176 9
2823 4256 5
2823 1554 7
2824 3267 1
2824 4403 5
2824 232 1
2824 2701 8
2824 3757 10
2825 4369 5
2825 2018 3
2825 416 6
2825 1376 1
2825 3330 3
2826 250 1
2826 1185 10
2826 913 8
2826 1586 9
2827 2770 1
2827 4236 2
2827 3790 1
2828 4679 6
2829 2875 10
2829 3228 8
2829 3628 1
2830 3155 1
2830 1123 7
2830 2596 2
2830 4416 5
2831 943 3
2832 4833 10
2832 2665 4
2832 1881 6
2832 2509 6
2832 3395 1
2833 2753 10
2833 2152 3
2834 2437 4
2834 4030 2
2834 2616 4
2834 3841 5
2835 2683 3
2836 4369 7
2836 2801 3
2836 3313 7
2836 2874 5
2837 4346 9
2837 500 7
2837 4492 8
2838 3847 9
2839 4269 9
2839 4724 3
2839 1020 3
2840 4155 1
2840 2348 4
2840 3525 1
2840 4067 8
2840 2345 10
2841 1003 3
2841 598 3
2841 1883 8
2841 1941 1
2841 2248 3
2842 1061 6
2842 2484 8
2842 1503 1
2842 1854 6
2842 3213 7
2843 1589 10
2844 1494 1
2844 459 7
2844 1251 1
2845 3995 2
2845 1463 4
2845 2141 1
2845 2390 5
2846 3888 6
2847 4795 4
2847 1162 10
2847 577 10
2847 3637 2
2847 2761 3
2848 4342 2
2848 2473 2
2848 3686 5
2848 1127 2
2849 1807 5
2850 3101 5
2850 3945 9
2850 2020 5
2850 1268 8
2851 4527 3
2851 4996 4
2851 2732 3
2852 1210 3
2852 1600 9
2852 606 1
2852 1070 9
2852 4287 7
2853 1694 3
2853 1702 4
2853 1645 9
2853 2621 6
2853 571 3
2854 4272 4
2854 3558 10
2855 3757 5
2855 484 5
2856 2692 4
2856 1488 2
2856 504 5
2856 2950 8
2856 4961 4
2857 2434 4
2857 1578 6
2858 2220 9
2859 4931 9
2859 3339 6
2860 394 2
2860 4245 1
2861 1866 6
2862 3758 6
2862 1434 7
2862 616 2
2863 4625 7
2863 4419 3
2863 2403 1
2864 222 3
2864 1092 4
2864 3120 6
2865 2436 1
2865 2904 4
2865 3174 5
2866 3363 1
2866 913 9
2867 458 8
2867 3402 6
2868 1904 7
2868 4850 1
2869 2644 10
2869 891 8
2869 4506 6
2870 1751 2
2870 3693 2
2870 4781 9
2870 1164 7
2871 4669 3
2871 2212 8
2872 2002 5
2872 943 10
2873 4650 10
2873 4625 5
2873 2005 4
2873 3159 7
2874 2402 10
2874 808 1
2874 681 9
2875 2517 3
2876 3922 9
2876 3935 10
2877 815 2
2877 1059 7
2877 961 2
2878 988 4
2878 1998 6
2878 2908 3
2879 3824 10
2879 3707 4
2880 2034 2
2880 3220 1
2880 3568 10
2881 4786 7
2881 3554 9
2882 1282 8
2882 1424 9
2882 4662 6
2883 4767 9
2884 557 8
2884 12 1
2884 1027 9
2884 3498 7
2884 2056 9
2885 4988 7
2885 3909 2
2885 4975 9
2885 801 6
2886 2756 6
2886 3006 3
2887 2954 2
2887 1048 5
2887 3062 7
2888 1143 1
2888 4156 5
2889 1650 4
2889 693 9
2889 4327 9
2890 4453 9
2890 3361 10
2891 2901 8
2892 4867 2
2893 4900 10
2893 717 7
2893 2913 9
2894 4833 3
2894 4730 1
2894 4019 1
2894 1707 7
2894 2356 2
2895 327 9
2895 2913 1
2896 3527 7
2896 2121 8
2896 4655 7
2897 4607 8
2898 3202 5
2898 4492 10
2899 1683 6
2899 3102 4
2899 2107 10
2899 4094 8
2899 948 2
2900 3836 6
2900 2417 4
2900 1792 3
2901 1621 4
2901 4283 10
2902 225 4
2902 2943 10
2903 3721 10
2904 3136 6
2904 4655 3
2905 1637 1
2905 756 4
2905 4361 4
2905 2712 7
2906 2088 4
2907 3890 3
2908 1829 1
2908 889 7
2909 2914 2
2909 113 4
2909 585 4
2910 934 7
2910 2958 2
2910 3103 4
2910 2549 6
2911 2746 5
2912 2404 4
2912 3428 8
2913 860 7
2913 667 8
2913 4298 6
2914 1852 1
2914 2545 1
2914 1997 9
2914 2699 1
2915 933 6
2916 3703 4
2917 2620 6
2917 2779 6
2917 939 2
2917 1077 1
2918 2869 4
2919 416 5
2919 3096 2
2920 992 9
2920 4576 2
2920 5000 3
2920 4047 8
2920 3073 7
2921 4602 8
2921 455 8
2921 1937 10
2921 101 9
2921 4891 7
2922 3659 3
2922 4056 4
2923 2077 1
2924 2802 8
2924 2443 10
2924 4948 4
2925 247 6
2925 2797 3
2925 2212 4
2926 657 8
2927 4541 7
2927 2080 10
2927 4385 1
2928 4244 4
2928 3441 6
2929 2804 5
2929 1530 1
2929 1013 8
2929 3019 1
2930 3846 8
2930 2029 4
2930 672 10
2930 4383 4
2931 2755 8
2931 2919 2
2932 3480 2
2932 1336 1
2933 4363 2
2933 816 8
2934 1001 4
2934 3962 7
2934 1013 7
2935 160 1
2935 1904 3
2935 1471 3
2936 3775 10
2936 187 3
2937 1998 5
2938 4439 10
2938 411 10
2938 4243 3
2938 4846 6
2939 1488 6
2939 3411 3
2940 3880 10
2940 4800 6
2940 210 1
2940 4546 2
2941 4488 3
2941 3805 10
2942 2853 1
2942 4382 7
2943 2728 9
2943 4848 5
2944 659 1
2944 4669 1
2944 2871 1
2944 565 1
2945 470 9
2945 718 2
2946 4257 8
2946 2822 8
2946 3344 2
2946 3048 10
2946 4809 6
2947 315 2
2948 2825 9
2948 3373 3
2948 1972 8
2948 2086 7
2949 587 9
2949 1628 2
2949 4884 5
2949 3727 8
2949 3995 10
2950 1697 4
2950 1488 8
2951 1260 10
2951 4963 9
2951 3344 9
2951 3453 7
2952 2309 2
2952 3080 2
2953 3023 4
2954 4949 3
2954 3113 5
2954 592 1
2954 3456 6
2954 620 8
2955 4514 6
2955 3968 5
2956 1469 1
2956 1906 2
2957 3252 3
2957 333 7
2958 30 2
2958 4112 8
2958 1503 1
2958 2484 7
2958 1026 10
2959 3525 4
2959 590 8
2959 344 3
2959 2014 8
2960 4149 2
2960 2900 3
2960 3430 4
2960 3023 1
2961 1052 9
2962 4556 10
2962 592 1
2962 2548 4
2963 88 7
2963 3914 1
2964 3554 7
2964 3976 1
2964 1115 3
2965 3092 4
2966 1305 4
2966 3374 10
2966 2929 5
2966 1455 9
2966 2504 5
2967 4819 9
2967 2330 10
2967 2190 7
2968 3422 9
2968 1755 1
2968 2234 6
2968 3061 8
2968 4554 10
2969 441 9
2969 2544 7
2969 3576 2
2969 4776 3
2969 3650 9
2970 3504 1
2970 2259 1
2971 4858 7
2971 1377 10
2971 2675 5
2971 3297 2
2972 3575 8
2972 1587 4
2973 1197 5
2973 1830 9
2973 129 5
2973 2551 8
2974 379 9
2974 1131 5
2974 1411 2
2974 4370 8
2974 1093 3
2975 3374 1
2975 2290 1
2975 4310 4
2975 2172 4
2975 4091 5
2976 1715 2
2976 3820 7
2977 3199 4
2977 2062 5
2977 4286 4
2977 942 9
2978 3669 8
2978 3457 9
2979 1286 5
2979 790 9
2979 1584 10
2979 3315 2
2980 3033 1
2980 699 2
2980 1294 2
2980 2950 4
2980 3984 9
2981 91 8
2981 1151 7
2981 516 6
2982 3143 5
2982 2921 6
2983 3339 10
2983 4825 6
2983 1730 6
2983 1646 5
2984 731 7
2984 2312 10
2984 3121 6
2985 215 4
2985 4905 6
2986 2741 9
2986 2266 4
2986 3806 9
2986 1499 5
2987 3255 10
2987 1902 9
2987 1814 8
2987 4402 4
2988 3408 1
2988 29 9
2988 2571 1
2989 322 2
2989 2053 1
2990 261 9
2990 2654 5
2990 3544 2
2991 1410 10
2991 3455 2
2991 4473 8
2991 1550 6
2991 4975 6
2992 2200 2
2992 3429 8
2993 447 1
2993 2905 3
2993 1499 2
2993 4349 9
2993 1284 8
2994 2237 7
2994 1187 10
2995 1841 5
2995 3344 4
2995 2946 8
2995 4190 7
2995 441 10
2996 523 7
2996 1226 4
2997 90 7
2997 2319 5
2997 3195 1
2997 1230 4
2998 1435 2
2998 3517 10
2999 1872 4
2999 1982 5
2999 2621 4
2999 4544 9
3000 3986 5
3000 2298 6
3000 3084 3
3000 2536 5
3000 4465 6
3001 3790 5
3001 1646 10
3001 1730 1
3001 1194 4
3001 511 9
3002 2980 10
3002 4599 7
3002 3148 9
3002 2322 2
3002 889 6
3003 2511 1
3003 2282 6
3004 4948 1
3004 4779 7
3004 4083 7
3004 3764 4
3005 4072 6
3005 758 6
3005 1620 4
3005 1580 5
3006 1814 3
3006 4730 10
3006 3010 2
3006 4354 7
3006 3434 3
3007 4576 10
3007 4365 2
3007 3048 7
3008 3329 5
3008 1295 3
3008 4427 8
3008 2802 4
3008 3396 6
3009 1879 8
3009 2357 5
3009 4815 1
3009 931 7
3010 3290 5
3010 2034 2
3011 818 2
3011 907 6
3011 3458 6
3011 4117 1
3011 4129 10
3012 4179 7
3012 577 8
3012 4746 2
3013 2048 10
3013 1495 6
3013 1951 6
3013 3612 3
3013 2691 4
3014 353 5
3014 124 9
3014 4955 3
3015 4858 3
3016 1137 7
3016 2797 3
3016 3458 2
3017 2641 4
3018 3817 1
3018 511 7
3019 1502 2
3019 3297 1
3019 4782 10
3020 2258 7
3021 4347 10
3021 2636 5
3021 142 8
3021 773 4
3022 4094 10
3022 3973 6
3022 3677 8
3022 369 6
3022 4709 5
3023 4263 8
3024 4658 6
3024 2386 6
3025 964 3
3025 1429 6
3026 865 6
3027 2353 10
3027 2969 8
3027 2434 3
3027 441 3
3027 1208 10
3028 803 6
3028 3918 2
3029 4131 2
3029 423 8
3029 4280 2
3029 2533 1
3029 232 10
3030 4124 7
3030 2014 3
3030 1006 1
3030 2959 9
3030 1200 3
3031 4890 8
3032 4750 3
3032 2270 8
3032 2174 3
3032 1894 8
3032 2149 9
3033 807 10
3033 535 9
3034 4079 3
3034 2680 5
3034 2827 9
3034 2591 5
3035 3192 2
3036 1247 3
3036 1719 5
3037 935 1
3037 4365 2
3038 3144 8
3038 4366 3
3038 1900 1
3038 4423 3
3038 4100 10
3039 2600 6
3039 1792 7
3040 2868 5
3040 1248 3
3040 4730 1
3040 555 5
3041 1675 5
3041 4883 1
3041 1139 1
3041 4866 8
3042 4308 2
3042 2245 10
3042 840 2
3043 1732 3
3043 1367 5
3043 3065 6
3044 45 3
3044 1858 8
3045 3691 2
3046 2858 9
3046 4333 8
3047 4925 3
3047 860 8
3047 4527 6
3047 2752 7
3047 3862 5
3048 1359 9
3049 925 4
3049 3336 3
3049 1011 3
3049 3656 5
3049 3122 10
3050 2735 4
3051 4357 9
3052 2822 8
3052 1161 10
3052 4739 7
3053 130 7
3053 4353 5
3053 4816 10
3053 4874 9
3053 265 4
3054 3182 4
3055 742 5
3055 889 4
3056 534 7
3056 3548 2
3056 2671 7
3056 76 5
3057 325 1
3057 297 3
3057 3578 1
3058 2591 6
3058 2220 9
3058 1855 8
3058 3502 6
3058 1922 5
3059 3909 5
3059 1550 9
3059 2063 5
3059 4441 9
3059 3675 8
3060 2680 3
3061 3267 9
3061 122 4
3061 3511 10
3062 3757 9
3062 1870 5
3062 269 3
3063 2451 1
3063 131 2
3063 3336 10
3064 4290 3
3064 2611 4
3064 3851 6
3064 4597 2
3065 2577 7
3065 2326 3
3065 2912 10
3065 3248 10
3065 2950 10
3066 3696 9
3066 3056 9
3066 86 4
3066 483 4
3067 1550 8
3067 2372 7
3068 3822 3
3068 2794 10
3068 2841 1
3068 2630 8
3068 3995 5
3069 1980 3
3069 3872 10
3069 3091 4
3069 2136 10
3069 1457 10
3070 363 1
3071 2702 6
3071 1977 6
3071 2068 5
3071 4013 6
3072 4956 5
3072 1427 1
3073 1359 10
3074 2086 7
3074 2569 5
3074 2932 2
3074 2755 1
3074 2785 4
3075 3922 8
3075 2947 2
3075 2815 3
3075 2926 3
3076 2513 2
3076 588 3
3076 2601 2
3076 3128 10
3076 4382 10
3077 4386 5
3077 2318 3
3077 3565 9
3077 4361 8
3077 4971 3
3078 2820 8
3079 3615 2
3079 154 8
3080 2365 8
3080 573 2
3081 4679 5
3081 1566 7
3081 3900 8
3081 3192 1
3081 4871 4
3082 1597 9
3082 1008 2
3082 3305 1
3083 876 8
3083 1875 7
3083 2729 7
3083 2597 9
3084 2264 5
3084 3434 7
3085 1573 3
3085 2229 9
3085 4548 6
3086 4654 5
3086 978 2
3086 4843 1
3086 558 5
3087 1739 8
3087 711 9
3087 1314 3
3088 1362 2
3088 983 2
3088 4140 10
3088 3478 10
3088 4236 3
3089 4786 2
3089 3132 2
3089 34 5
3089 240 7
3090 1349 7
3090 2147 5
3090 2133 7
3090 1353 1
3090 4175 8
3091 575 1
3091 3816 4
3091 4073 3
3091 3600 4
3091 3392 7
3092 3335 5
3092 4347 4
3092 4590 4
3092 3780 2
3093 374 6
3093 1739 5
3094 2367 7
3094 4840 7
3095 3957 4
3096 1860 5
3097 2839 7
3098 3417 6
3098 1320 7
3099 4559 6
3099 1373 7
3100 298 1
3100 4394 1
3100 168 8
3100 588 3
3101 1466 2
3101 4591 1
3101 1304 2
3101 4581 4
3102 3801 7
3102 3973 4
3102 3677 8
3102 1683 2
3102 2721 9
3103 3368 8
3104 43 3
3104 1253 7
3104 384 9
3104 4966 4
3105 474 7
3105 3041 8
3105 2055 7
3105 3332 9
3106 835 7
3106 4886 9
3107 803 5
3107 2748 3
3107 240 10
3107 1916 1
3108 3923 7
3108 504 10
3108 2118 8
3108 3799 7
3109 326 9
3109 2433 7
3109 4385 7
3109 1473 3
3110 436 4
3111 4666 9
3112 4186 4
3112 4723 7
3113 2316 10
3113 679 9
3113 2258 2
3113 3216 1
3114 598 4
3114 4888 2
3114 4994 3
3114 3995 5
3114 3168 9
3115 2073 2
3115 1928 3
3115 2514 8
3115 764 4
3115 129 8
3116 2902 1
3116 4254 3
3116 306 2
3117 3382 9
3117 800 10
3117 4368 2
3117 4687 3
3118 2285 5
3118 1778 3
3118 4052 5
3118 1890 8
3119 290 3
3119 1895 3
3120 4374 10
3120 1678 10
3120 1815 4
3121 3872 2
3121 575 3
3122 3624 9
3122 4333 6
3123 1845 6
3124 3411 9
3124 2112 5
3124 415 1
3125 1650 3
3125 2380 2
3126 751 9
3126 2924 7
3126 3857 8
3126 1964 1
3127 2661 7
3127 2332 5
3127 4272 4
3127 2073 3
3127 998 2
3128 1714 6
3129 1900 10
3129 4834 10
3129 2184 3
3129 3162 5
3130 2890 6
3131 2029 4
3131 289 3
3131 225 5
3131 2385 3
3132 3220 9
3133 2754 6
3134 761 9
3134 2098 5
3134 3235 9
3134 2936 2
3135 4010 5
3136 4116 5
3136 4226 3
3136 4137 2
3136 3054 9
3137 4351 4
3138 952 3
3138 3886 3
3138 2222 4
3138 1883 9
3138 4050 9
3139 4328 9
3139 2160 8
3139 1032 9
3139 1739 10
3139 2751 10
3140 4069 8
3141 487 10
3141 3429 2
3141 4849 6
3142 4718 1
3142 830 3
3143 515 5
3143 1579 5
3144 3019 9
3144 2631 9
3144 232 10
3144 2290 8
3145 2535 8
3145 4597 3
3145 564 1
3146 791 1
3146 1513 5
3146 3272 9
3147 1315 8
3147 2128 4
3147 141 7
3147 264 5
3147 2720 5
3148 338 8
3148 4654 10
3148 2978 8
3148 1801 4
3148 2940 7
3149 1712 6
3149 804 6
3149 1220 3
3149 3616 9
3149 3838 8
3150 2541 6
3150 3525 3
3150 2339 7
3150 1556 2
3150 69 9
3151 4478 10
3151 3043 2
3152 4992 7
3153 638 2
3154 4769 5
3154 2411 2
3154 74 8
3154 195 8
3155 4679 3
3155 4050 3
3155 3822 6
3155 3900 7
3155 1806 1
3156 1908 1
3156 862 7
3156 4202 8
3156 3140 4
3157 565 2
3157 1820 4
3157 3278 6
3158 4227 7
3158 351 8
3158 4175 9
3159 1335 5
3159 3220 4
3159 2195 2
3160 3878 2
3160 1194 8
3161 2785 7
3162 220 9
3162 2934 5
3162 2744 3
3162 3846 4
3162 4328 10
3163 4810 5
3164 3996 9
3164 549 7
3164 3464 4
3165 3471 10
3165 1457 1
3165 1489 6
3165 510 6
3166 1707 9
3166 2558 3
3166 2697 9
3166 3198 4
3166 2868 1
3167 2390 1
3168 4607 8
3168 3035 10
3169 2022 2
3169 3435 3
3169 878 1
3169 1668 6
3169 4504 9
3170 3834 3
3170 465 5
3170 199 1
3171 1610 2
3171 266 3
3171 3278 1
3171 3099 4
3172 1850 2
3172 2336 10
3173 3998 6
3173 4894 10
3173 1678 1
3173 3347 8
3173 3115 8
3174 4073 4
3174 142 7
3174 510 7
3174 4167 1
3175 1084 5
3176 4128 4
3177 95 9
3177 1740 7
3177 3525 6
3178 3479 5
3178 782 4
3179 2982 10
3179 2866 4
3179 4284 1
3179 563 1
3179 2595 8
3180 4731 4
3180 3653 7
3180 6 4
3181 3541 4
3182 4808 10
3182 4713 6
3182 3327 8
3183 4330 1
3183 296 8
3183 746 9
3183 2503 5
3184 4279 7
3184 3103 1
3184 2608 2
3185 4409 2
3185 2052 10
3185 1940 1
3186 2466 6
3186 2336 10
3186 810 3
3187 1945 7
3187 4868 3
3187 960 9
3187 1439 8
3187 3994 1
3188 334 8
3188 2956 8
3189 1190 3
3190 3460 4
3190 585 9
3190 4486 7
3190 68 2
3191 1739 3
3192 3522 3
3192 1606 9
3192 3646 7
3192 4248 2
3193 4630 1
3194 2155 8
3194 1032 1
3194 1455 6
3194 3279 10
3194 1271 2
3195 1230 4
3195 2806 9
3195 731 8
3195 4283 9
3195 4515 9
3196 2635 9
3196 2461 6
3196 2140 10
3197 2268 8
3197 2281 7
3198 3084 1
3198 877 9
3198 294 10
3199 3235 5
3199 3914 8
3199 4394 9
3199 2375 10
3199 1631 3
3200 3090 1
3200 863 7
3201 1769 4
3202 4915 1
3202 3399 6
3202 353 6
3203 2004 10
3203 242 3
3203 4964 4
3203 1302 2
3203 4489 5
3204 4969 2
3204 483 10
3204 3039 3
3204 3066 9
3205 2519 1
3205 685 4
3205 1961 9
3205 1225 2
3205 3220 1
3206 884 2
3206 4578 8
3206 655 8
3206 1088 10
3206 978 3
3207 1095 3
3208 1082 7
3208 2754 7
3208 188 3
3209 461 2
3210 3118 3
3211 1295 3
3211 4614 4
3211 2431 5
3212 322 7
3212 3973 7
3212 2260 8
3212 469 9
3213 166 5
3213 2290 5
3213 4666 4
3213 2015 3
3214 3212 5
3214 4409 2
3214 2088 1
3215 1436 2
3215 859 7
3216 2862 8
3216 1038 9
3216 484 3
3216 4634 2
3216 2503 8
3217 3846 10
3217 2929 9
3217 4481 9
3218 3401 4
3218 1745 5
3218 1043 7
3219 2170 9
3219 3820 6
3219 169 4
3219 4954 3
3219 2514 2
3220 3554 7
3220 2247 3
3220 4412 2
3220 4503 5
3221 3782 2
3221 4553 1
3222 646 6
3222 4513 8
3223 4522 10
3223 1535 9
3223 3975 10
3224 672 3
3225 4514 1
3226 4991 7
3226 4048 3
3226 3874 4
3226 4023 10
3226 1957 9
3227 3489 6
3227 4712 5
3227 4583 7
3228 1555 2
3229 1381 1
3229 1445 7
3229 1661 5
3229 1852 6
3229 173 7
3230 4127 2
3230 3610 6
3231 609 7
3231 1271 5
3231 3384 10
3231 2929 7
3231 166 3
3232 2472 8
3232 4169 2
3233 4067 5
3233 2392 6
3234 3172 8
3234 2306 6
3235 202 4
3235 4169 8
3235 2586 1
3235 3803 6
3235 573 9
3236 633 4
3236 1566 5
3237 4150 5
3238 387 4
3238 74 9
3239 2978 2
3239 891 2
3239 4759 10
3239 420 4
3239 307 4
3240 107 9
3240 4400 8
3240 364 2
3241 4402 6
3241 3524 1
3242 1375 2
3242 4331 10
3242 3528 6
3242 4614 7
3242 4877 5
3243 1597 4
3243 3503 3
3244 731 10
3244 865 8
3244 3382 8
3245 281 7
3246 818 8
3246 567 2
3246 1448 1
3246 1146 4
3247 1707 9
3247 1391 5
3247 2753 4
3248 2950 5
3248 3932 9
3248 4662 4
3248 1521 7
3248 2118 3
3249 2621 4
3249 288 10
3249 794 5
3249 4859 3
3249 2191 8
3250 2034 4
3250 3434 9
3250 1128 8
3251 730 5
3252 4975 9
3252 164 9
3253 4834 7
3253 2484 5
3254 3210 9
3254 2376 7
3255 1788 8
3255 4833 1
3255 4817 7
3255 352 6
3255 1225 10
3256 977 3
3256 3734 10
3257 2313 1
3257 4640 9
3258 4473 10
3258 2626 3
3259 703 6
3260 4855 6
3260 3751 9
3261 3396 1
3262 4159 4
3262 967 5
3262 3526 1
3262 3478 5
3262 4335 6
3263 378 2
3263 3440 6
3263 3065 3
3263 1998 2
3264 1646 7
3264 2245 3
3264 3796 7
3264 1312 2
3264 2983 7
3265 1536 8
3266 462 8
3266 4907 9
3266 4445 1
3267 839 1
3267 2751 3
3268 3826 10
3268 233 6
3268 1769 3
3268 1721 8
3269 4583 6
3269 641 5
3269 3652 9
3269 3764 6
3270 4066 1
3270 4159 6
3271 4665 3
3271 2510 7
3271 4600 8
3271 3082 7
3272 3240 5
3272 2757 10
3273 934 5
3273 3288 1
3273 4553 4
3274 210 3
3274 1780 5
3274 789 10
3275 1823 8
3275 2202 7
3275 197 10
3276 1792 4
3276 841 3
3276 1520 4
3276 2986 8
3276 52 1
3277 3583 2
3277 1251 8
3277 3651 1
3277 4974 3
3277 628 8
3278 1332 8
3278 3714 8
3278 1156 9
3278 4894 3
3279 296 3
3279 609 5
3280 1556 3
3280 2959 3
3280 2770 9
3280 4316 10
3280 2859 5
3281 2294 6
3281 4700 10
3281 2770 10
3282 1162 6
3282 156 1
3282 3332 1
3283 4316 1
3283 1669 9
3284 969 4
3285 2290 4
3286 2457 5
3286 4252 1
3286 68 4
3286 1116 2
3286 1442 4
3287 4929 4
3287 3475 10
3288 4548 2
3288 4855 7
3289 4558 1
3290 4584 1
3290 3603 8
3291 156 10
3291 2706 6
3291 2336 9
3291 1826 10
3292 2282 10
3292 1240 10
3293 232 9
3293 2796 2
3293 4923 4
3293 4268 3
3293 147 1
3294 4606 8
3295 2875 2
3295 668 3
3295 1493 1
3295 4931 10
3296 4545 3
3296 504 3
3297 417 6
3297 4861 1
3297 3513 10
3297 1377 2
3297 2411 5
3298 1145 4
3298 754 8
3298 855 10
3298 2562 5
3298 4587 2
3299 979 1
3300 2756 7
3301 3935 8
3301 4456 6
3301 3530 6
3301 2735 7
3302 2817 7
3302 206 5
3302 2267 6
3302 869 10
3303 1466 7
3303 3932 9
3303 365 5
3303 1256 5
3303 699 5
3304 4230 1
3304 4861 10
3304 3372 3
3304 1241 10
3305 210 7
3305 4846 8
3306 4682 6
3306 1035 4
3306 2098 5
3306 4044 4
3307 2898 6
3307 1139 1
3307 4579 8
3307 4564 9
3308 1886 7
3308 3908 3
3308 2635 7
3308 2812 7
3309 1284 8
3309 1215 10
3310 3232 2
3310 4682 6
3310 2086 1
3310 3412 1
3311 2947 9
3311 1644 5
3311 1176 3
3312 4323 8
3312 3667 10
3312 486 3
3312 809 6
3312 3600 1
3313 808 9
3313 3813 3
3313 2825 3
3313 879 10
3313 3330 8
3314 4035 5
3314 2357 10
3314 1797 5
3314 3837 9
3314 114 1
3315 1085 8
3315 1394 4
3316 2849 8
3316 758 9
3316 2363 4
3316 206 1
3316 1239 9
3317 4707 10
3318 1569 9
3318 3874 9
3318 631 9
3319 2353 10
3319 1355 9
3320 4003 10
3320 39 4
3321 3624 1
3321 3158 6
3321 2858 8
3321 56 6
3321 3222 1
3322 4236 10
3322 444 6
3322 4270 5
3322 835 1
3322 2541 7
3323 2246 7
3323 3794 2
3323 3909 6
3323 736 8
3323 4166 5
3324 12 6
3324 1276 1
3324 4868 3
3325 4914 9
3325 2471 10
3325 3292 9
3326 1241 2
3327 4564 4
3327 4836 3
3327 4821 9
3327 4346 4
3327 4699 3
3328 4730 9
3329 2989 8
3329 1998 2
3329 2186 1
3330 3791 6
3330 1582 2
3330 2961 6
3331 2202 5
3331 107 1
3331 1305 7
3331 895 6
3331 4287 8
3332 2243 2
3332 4955 9
3333 2177 2
3334 1748 9
3334 3942 7
3334 2506 7
3335 1789 9
3335 4477 7
3336 1421 4
3336 206 9
3337 3368 3
3337 713 8
3337 2351 6
3337 2543 7
3337 484 1
3338 3567 5
3338 4073 1
3339 1410 5
3339 1054 9
3340 461 6
3340 4074 4
3341 2142 7
3341 2908 8
3341 4375 2
3342 1519 9
3342 3459 10
3343 220 3
3344 538 9
3344 931 5
3344 2003 1
3345 1418 5
3346 4264 8
3346 3422 4
3347 2886 9
3347 654 5
3347 4598 7
3347 4601 10
3348 4907 1
3348 4767 2
3348 2517 3
3348 1312 6
3349 779 9
3349 4560 1
3350 3611 9
3350 3033 4
3351 1994 7
3352 4688 2
3352 314 9
3352 3471 4
3352 3590 5
3352 566 6
3353 1389 1
3353 595 9
3354 4068 6
3354 795 1
3354 221 7
3355 1410 1
3355 1459 2
3355 2667 5
3355 2829 9
3356 926 10
3356 3859 3
3357 1669 7
3357 1024 7
3358 3464 6
3358 4149 8
3359 4589 10
3359 2347 7
3359 1175 3
3359 3739 1
3359 2808 4
3360 4727 4
3360 4858 1
3361 3849 7
3361 2615 2
3361 3435 8
3362 790 9
3362 1501 5
3362 2191 8
3362 1394 3
3363 2121 8
3363 3550 1
3363 2075 2
3363 3537 5
3364 565 7
3364 62 4
3364 4545 8
3365 3438 7
3365 2484 1
3366 2497 7
3366 3787 5
3366 1432 5
3366 1964 7
3366 4029 6
3367 2939 3
3368 3194 1
3368 1845 2
3368 1739 9
3368 2316 1
3369 600 2
3370 1183 8
3370 301 7
3371 4342 9
3371 2427 4
3372 2701 1
3372 1441 6
3372 1066 9
3373 2874 3
3373 1239 9
3374 1389 8
3374 2913 10
3374 1081 6
3374 3541 6
3375 2549 1
3375 1556 6
3375 2347 9
3375 4674 7
3376 4458 4
3376 1444 9
3377 1550 10
3377 2814 7
3377 2372 6
3377 1134 10
3377 2581 9
3378 3499 5
3378 2142 6
3378 1829 6
3379 4220 4
3379 2305 8
3379 2645 9
3379 2387 3
3380 585 5
3380 4738 1
3380 3298 4
3381 772 4
3381 4547 4
3381 437 1
3381 2633 7
3381 3398 2
3382 1195 10
3382 2157 10
3382 421 2
3383 3920 5
3383 1125 9
3383 3821 7
3383 4790 7
3383 4607 1
3384 4403 6
3385 4529 3
3385 2867 10
3385 1987 4
3385 3997 10
3386 4143 2
3386 4832 5
3386 4671 4
3386 221 10
3386 2394 3
3387 506 5
3387 3166 4
3387 2397 7
3387 1691 6
3388 3687 3
3388 2390 1
3388 2776 1
3388 3824 6
3388 2927 2
3389 2911 4
3389 4466 4
3389 1139 9
3389 2552 6
3390 1338 10
3390 2654 4
3390 252 2
3390 899 2
3391 2447 2
3391 1418 10
3392 2662 1
3392 1139 2
3393 1741 7
3393 1998 4
3393 891 9
3393 2470 1
3393 3219 7
3394 3368 8
3394 2290 2
3394 2549 3
3394 3275 6
3394 2739 2
3395 3847 7
3395 1906 10
3395 871 3
3396 933 9
3396 4374 8
3397 4758 10
3397 1527 2
3398 1425 6
3399 3521 10
3399 2706 4
3399 2616 5
3400 2064 2
3400 4821 9
3401 2983 9
3401 3377 3
3401 4633 2
3401 481 4
3402 4160 9
3402 1448 10
3402 1021 5
3402 3532 3
3403 1103 7
3403 3152 4
3403 795 1
3403 4814 3
3403 4632 4
3404 3955 9
3404 1029 7
3404 3067 9
3404 2549 6
3405 122 10
3405 3640 8
3405 3047 7
3405 1945 1
3405 2226 1
3406 4715 2
3407 3741 4
3407 670 8
3407 4376 3
3407 2668 4
3407 2760 8
3408 4547 10
3408 1266 7
3409 4527 9
3409 2290 1
3410 1244 9
3410 3063 5
3410 3975 8
3411 159 9
3412 4219 6
3412 1982 2
3412 1022 6
3412 152 2
3413 4517 5
3413 4491 4
3414 3598 7
3414 4996 4
3414 2232 5
3414 2311 5
3414 1672 3
3415 826 10
3415 1477 8
3415 2996 3
3415 3447 7
3415 784 1
3416 3963 9
3416 3568 7
3417 1414 1
3417 1739 9
3417 289 6
3418 1290 9
3418 4948 5
3419 3887 3
3419 3993 5
3419 226 3
3419 3521 1
3419 120 5
3420 758 9
3421 1130 5
3421 4957 10
3422 1066 5
3422 3297 5
3422 324 8
3422 3913 2
3422 2269 7
3423 996 4
3423 4774 5
3423 240 9
3424 1734 8
3424 2519 8
3425 346 9
3426 3704 7
3426 4379 9
3426 2498 9
3426 2017 9
3426 3975 2
3427 3928 7
3427 3996 10
3427 1923 3
3427 4848 1
3427 756 4
3428 247 7
3428 4117 7
3428 2493 9
3429 947 3
3429 1067 7
3430 1164 6
3430 4926 9
3430 1432 10
3430 77 7
3431 146 8
3431 4146 3
3431 3192 1
3431 4587 8
3432 3544 5
3432 3886 4
3432 1606 4
3433 3998 3
3433 4519 8
3433 1350 4
3433 3137 2
3433 3166 7
3434 2251 2
3434 1511 6
3434 1395 5
3434 1479 7
3434 3028 9
3435 3235 10
3435 4024 9
3435 2330 7
3435 3853 3
3436 2859 1
3437 418 7
3437 2593 8
3437 3039 10
3437 3921 1
3438 1672 9
3438 3057 2
3439 2605 2
3440 4929 7
3441 1293 6
3441 889 7
3441 582 3
3441 2577 6
3442 4574 2
3443 887 9
3443 98 5
3443 3960 9
3443 3847 7
3443 2319 10
3444 3822 5
3444 4050 6
3444 1412 2
3445 4925 9
3446 4871 1
3447 969 10
3447 1956 6
3448 850 8
3448 2252 8
3448 1947 3
3448 4577 9
3448 662 1
3449 2055 6
3449 3861 7
3449 1047 10
3449 486 8
3449 3957 9
3450 975 7
3450 4038 10
3450 2673 10
3451 2529 5
3451 2168 7
3451 2172 2
3451 2852 9
3452 4868 4
3452 1191 5
3452 245 8
3452 4561 8
3452 3744 4
3453 2077 3
3454 2495 5
3454 4393 9
3454 4491 3
3455 1558 5
3455 661 8
3455 4561 9
3456 1856 8
3457 3587 8
3458 2899 8
3458 4669 6
3458 1895 4
3458 2778 10
3458 3797 9
3459 3968 8
3459 1365 3
3459 597 5
3459 4960 5
3460 2949 1
3460 3713 1
3460 2054 5
3460 1606 8
3460 1412 10
3461 344 7
3461 1556 7
3461 710 6
3462 2372 6
3463 1481 3
3464 2876 5
3464 4418 7
3464 4395 6
3464 1299 10
3464 3004 10
3465 4403 3
3466 989 10
3466 1720 4
3466 451 9
3466 3583 5
3467 4446 9
3467 3349 1
3467 3968 9
3468 1877 1
3468 4214 7
3469 222 6
3469 4130 5
3469 2341 7
3469 2146 8
3470 3637 9
3470 2837 7
3470 3780 8
3471 3872 7
3472 3286 6
3472 4815 10
3472 4963 5
3472 482 4
3473 4055 2
3473 4196 8
3473 4168 1
3474 239 6
3474 3878 6
3475 2118 2
3475 1892 8
3475 4662 2
3475 2742 3
3475 596 3
3476 4919 3
3476 685 6
3476 811 9
3476 358 1
3476 703 1
3477 116 3
3477 3691 1
3477 1788 5
3478 2446 9
3478 1410 8
3479 3091 2
3479 2662 5
3479 769 10
3480 4356 9
3480 1227 1
3481 2658 9
3481 650 1
3482 3472 2
3482 1546 6
3482 2758 2
3483 3870 9
3483 1907 4
3483 4435 1
3483 11 10
3483 246 6
3484 900 6
3484 2481 4
3484 3502 6
3485 761 5
3485 2967 6
3485 2330 1
3485 4447 7
3485 27 7
3486 3310 5
3487 947 6
3488 237 4
3488 2995 7
3489 1589 7
3489 1516 4
3489 4741 10
3489 4181 8
3490 3255 1
3491 211 2
3491 3020 5
3491 2192 5
3491 4868 3
3491 783 10
3492 2309 8
3492 2009 5
3492 2386 9
3492 2961 1
3493 1732 9
3493 1709 9
3493 1232 1
3494 105 5
3495 3917 9
3495 4204 3
3495 1794 6
3495 4065 1
3495 4297 5
3496 3886 9
3496 3707 3
3496 3995 4
3496 2460 2
3497 3848 5
3497 3440 6
3497 1774 7
3497 519 8
3498 3129 4
3498 4764 9
3498 4988 6
3499 1821 7
3500 1896 1
3501 3091 4
3501 4808 2
3501 1953 4
3501 2306 10
3502 1762 8
3502 4336 1
3502 2769 7
3502 2501 8
3503 366 7
3503 3261 6
3503 3652 5
3503 4194 2
3503 558 8
3504 4533 7
3504 1256 9
3504 1929 1
3504 2944 10
3504 3033 2
3505 1109 7
3506 461 5
3506 2268 4
3507 2767 4
3507 535 8
3507 933 7
3507 4160 4
3508 888 8
3508 879 5
3508 2472 4
3509 629 7
3509 301 10
3509 5000 7
3510 4890 5
3511 783 7
3511 1377 2
3511 1224 9
3511 4996 10
3512 2914 4
3512 3432 7
3512 84 9
3512 1402 3
3513 4900 5
3514 1517 6
3514 4911 7
3514 3847 7
3514 4584 7
3514 2623 10
3515 1642 1
3515 205 7
3515 2749 9
3515 1273 3
3515 4350 7
3516 223 8
3516 4214 2
3517 2875 7
3517 3511 2
3517 3498 9
3518 2785 7
3518 1753 2
3519 3494 3
3519 3993 1
3520 4563 2
3520 824 9
3521 1562 7
3521 4303 1
3522 3225 5
3522 1908 3
3523 3102 5
3523 2404 4
3523 1488 7
3524 991 6
3524 407 1
3524 3554 3
3525 69 4
3525 4140 4
3526 4986 2
3526 4527 2
3526 3088 8
3526 2744 10
3527 1469 7
3527 3079 9
3527 3550 2
3528 3396 3
3528 2053 2
3529 4957 5
3530 3185 4
3530 3303 9
3530 2767 7
3530 3795 1
3531 1259 6
3531 1879 1
3531 1914 3
3532 4101 2
3533 1500 9
3533 1386 1
3534 2150 5
3534 3941 1
3534 3697 2
3534 2870 1
3535 4346 3
3535 651 10
3535 1850 7
3536 739 2
3536 1714 7
3536 1310 5
3537 2075 2
3537 1676 2
3537 2134 9
3537 4226 9
3537 543 10
3538 3589 5
3538 1193 10
3538 2173 9
3538 4821 3
3538 3319 9
3539 3414 1
3539 2851 5
3540 1877 3
3540 4136 2
3540 1003 1
3540 2949 1
3541 3437 7
3541 2106 1
3541 3548 1
3541 595 8
3541 4268 10
3542 1421 2
3543 2978 8
3543 4533 8
3543 3880 5
3543 2342 3
3543 596 10
3544 1958 1
3544 3767 6
3545 2740 6
3546 2796 10
3546 1131 7
3546 4404 4
3546 3702 2
3547 4127 5
3548 4651 7
3548 3654 4
3549 889 4
3549 1330 4
3549 3499 10
3550 1763 10
3550 3471 6
3551 3529 4
3551 3788 5
3552 3112 1
3552 2586 6
3553 3511 1
3553 3135 9
3553 518 1
3553 82 6
3553 1845 4
3554 2594 3
3555 818 2
3555 1342 5
3555 699 2
3555 1607 6
3555 2604 9
3556 3880 4
3556 4651 7
3556 3551 6
3556 266 10
3557 1312 8
3557 967 6
3557 710 9
3557 1813 10
3557 2207 10
3558 563 3
3558 1881 10
3558 4625 2
3558 2982 2
3558 3800 8
3559 3877 4
3559 3866 2
3559 3347 4
3560 3007 1
3560 2920 6
3560 2010 8
3560 1359 9
3561 2604 7
3561 1998 1
3561 4669 8
3561 3956 8
3561 2260 2
3562 4089 4
3563 2851 1
3563 816 5
3563 4593 2
3563 3630 5
3564 4500 2
3564 2986 8
3564 1858 3
3565 4181 3
3565 558 2
3566 4805 10
3566 4219 5
3567 3837 9
3567 1514 7
3567 1744 1
3567 1528 5
3568 1712 7
3569 736 5
3569 667 4
3569 4861 6
3569 909 5
3569 791 1
3570 2916 8
3570 3063 6
3570 4394 1
3570 4914 10
3571 2502 10
3571 1050 7
3571 3214 3
3571 2383 9
3572 4576 2
3572 1879 10
3572 2346 6
3572 4455 5
3573 3552 1
3573 2375 6
3573 3003 5
3574 2412 1
3574 811 4
3574 2518 6
3575 1527 4
3575 4118 7
3576 4434 6
3576 1851 7
3576 2544 7
3576 629 6
3577 105 5
3577 4631 6
3578 1314 10
3579 3990 7
3580 2481 10
3580 3906 6
3580 1141 5
3580 4575 7
3581 4767 7
3582 1338 2
3582 261 8
3582 4592 3
3583 3587 1
3583 1322 4
3583 322 8
3583 4599 2
3583 4547 3
3584 4066 6
3584 1410 6
3585 2029 9
3585 4696 2
3586 862 5
3586 2841 7
3586 598 5
3586 2776 1
3587 1225 8
3587 4786 4
3588 2846 4
3588 151 1
3588 4659 8
3588 3056 4
3588 3608 6
3589 2338 10
3590 1579 1
3590 1195 4
3590 2507 10
3590 1763 4
3591 2397 9
3592 3598 3
3593 3435 2
3593 779 7
3594 717 6
3595 2289 7
3596 3334 3
3597 2571 10
3597 4427 4
3597 4948 4
3597 3888 9
3598 4418 9
3598 2261 2
3599 2635 1
3599 3928 3
3599 2488 4
3599 2461 2
3599 1432 10
3600 226 6
3601 3374 7
3602 4240 3
3602 4285 4
3602 4040 3
3602 1878 8
3603 3658 5
3604 3474 4
3605 2893 8
3605 59 3
3606 4059 1
3607 3577 1
3607 1492 6
3607 2544 3
3608 2788 2
3608 3891 3
3608 1687 8
3608 4672 8
3608 2600 1
3609 4509 5
3609 597 2
3610 4249 1
3610 2292 8
3610 2897 5
3610 2390 9
3611 1780 3
3611 3379 4
3611 1801 5
3612 2098 8
3612 3063 8
3612 2321 7
3612 3798 9
3612 1011 10
3613 3544 7
3613 4809 5
3613 3344 8
3614 1883 1
3614 3793 3
3614 704 5
3614 2909 2
3614 91 10
3615 1893 2
3616 1482 9
3616 446 8
3616 4713 1
3616 4207 8
3616 2045 9
3617 268 2
3617 116 10
3617 3471 5
3618 2141 2
3618 2630 9
3618 2131 3
3618 3388 4
3618 3155 6
3619 1780 4
3620 1630 4
3620 3376 2
3621 4094 1
3621 2455 2
3621 894 2
3621 3320 2
3621 4962 2
3622 2712 1
3622 4243 9
3622 4781 4
3623 1358 4
3623 2123 1
3623 892 10
3623 774 3
3624 4939 2
3624 2541 4
3624 1001 4
3624 1922 7
3624 4763 10
3625 2209 10
3625 3038 4
3625 3129 2
3625 3675 8
3626 2776 8
3627 2761 4
3627 4746 8
3628 4332 3
3629 4767 1
3629 2531 7
3630 3437 10
3631 3936 4
3631 4704 5
3631 4387 2
3632 4695 5
3633 4034 4
3633 2080 3
3633 2292 10
3633 4486 8
3634 2239 6
3634 1120 6
3635 2192 10
3635 3146 4
3635 4240 1
3636 590 2
3636 612 9
3636 2279 9
3636 4396 5
3636 2561 10
3637 3576 9
3637 2468 4
3637 2552 2
3637 3052 10
3638 49 5
3638 2234 5
3638 2960 5
3639 1386 1
3639 1030 3
3639 1524 6
3639 867 1
3639 629 1
3640 217 4
3640 2145 1
3640 1891 6
3640 4103 6
3641 4456 1
3641 1986 8
3642 555 8
3643 2053 4
3643 2249 5
3643 4718 7
3644 3731 5
3645 1904 5
3646 4560 2
3646 3920 6
3647 4317 4
3647 1458 8
3647 407 9
3648 407 1
3648 2665 5
3648 2868 2
3648 2158 9
3649 4559 7
3649 4669 6
3650 4388 4
3650 3841 3
3650 2080 9
3650 1323 1
3650 4151 2
3651 1466 2
3651 2622 5
3651 3923 3
3651 3185 2
3652 1507 8
3652 1449 3
3653 2192 1
3653 1305 2
3653 2764 10
3653 2985 5
3654 77 10
3654 3082 1
3654 2740 3
3655 3348 2
3655 1431 8
3655 1749 4
3655 4691 2
3656 4633 8
3656 4315 5
3656 2191 9
3656 3336 2
3656 3681 2
3657 481 4
3657 1001 2
3657 3401 2
3657 4315 4
3658 4582 1
3658 817 2
3658 4590 4
3658 3974 3
3659 871 7
3659 455 4
3659 3835 8
3659 4730 8
3659 2519 10
3660 4344 10
3660 2492 8
3660 110 9
3660 2321 9
3660 3024 6
3661 2253 3
3661 611 6
3661 4169 10
3661 646 9
3661 1660 2
3662 2931 5
3662 2460 5
3662 4918 10
3662 4198 2
3662 2738 10
3663 1266 3
3663 2882 9
3663 3065 5
3664 2432 4
3664 84 8
3664 4471 8
3664 2340 8
3664 2909 8
3665 351 8
3665 3152 9
3666 1668 5
3667 2333 2
3667 3576 9
3668 4710 8
3668 581 8
3668 2402 2
3669 3176 10
3670 2849 2
3670 1645 4
3670 1129 7
3670 2400 6
3670 2267 6
3671 4477 6
3671 1128 9
3671 796 6
3672 4500 6
3672 3782 2
3672 4403 3
3673 3805 2
3673 3922 7
3674 4649 9
3674 1539 7
3674 714 2
3674 1910 6
3675 4782 4
3675 4834 9
3675 3154 9
3675 1414 3
3676 899 1
3676 4232 10
3676 598 2
3676 1877 7
3677 4374 5
3678 4727 3
3678 4561 2
3678 4090 5
3678 679 7
3679 4398 5
3679 2650 7
3680 3531 2
3680 4035 1
3680 2468 2
3680 4746 8
3680 4579 3
3681 4490 3
3681 3401 1
3681 1209 2
3681 2220 1
3681 2191 4
3682 4394 1
3682 556 6
3682 2080 9
3683 125 4
3683 456 3
3683 2552 9
3683 624 1
3683 3992 4
3684 2233 3
3685 3621 5
3685 2850 2
3685 2860 8
3686 624 6
3686 3960 9
3686 119 10
3686 1404 2
3687 4990 5
3687 4979 10
3687 1125 7
3687 3842 2
3687 4453 5
3688 1087 10
3688 4192 4
3688 2489 9
3688 4894 1
3689 2820 7
3689 508 2
3689 2467 9
3689 3123 1
3690 1894 9
3690 913 9
3690 2579 3
3690 4342 6
3691 919 6
3691 1195 6
3691 1126 8
3692 226 7
3692 2786 9
3693 2740 9
3693 411 5
3693 4405 9
3694 1663 7
3694 1066 1
3694 3672 4
3694 4140 8
3694 1347 3
3695 3363 2
3695 3165 7
3695 4167 8
3695 2904 10
3696 2510 1
3696 4013 8
3696 4574 9
3696 4235 6
3697 1853 2
3697 1597 1
3698 482 4
3698 589 8
3699 3026 7
3699 2382 3
3700 3365 1
3700 4825 8
3700 2713 1
3701 3536 3
3701 2858 10
3702 4565 7
3702 1277 10
3703 1785 7
3703 1773 7
3704 1772 8
3704 4124 8
3705 3091 6
3705 624 9
3705 3683 4
3706 356 8
3706 3737 3
3706 3800 8
3706 2726 9
3707 3388 9
3707 3824 1
3708 2143 9
3709 2108 1
3710 273 2
3710 2636 7
3710 2544 3
3710 4505 6
3710 3327 3
3711 569 9
3712 4731 7
3712 3782 7
3713 2606 9
3713 587 8
3714 778 7
3714 1683 1
3714 2066 8
3714 2778 7
3714 3728 6
3715 4918 2
3715 862 2
3715 4979 8
3715 4214 2
3716 3826 4
3716 3315 5
3716 4075 7
3716 4756 3
3717 4368 2
3717 226 10
3717 1489 2
3717 1567 10
3717 2324 9
3718 1814 7
3718 70 3
3719 656 6
3719 188 4
3719 1814 2
3719 1279 5
3719 3363 6
3720 3194 3
3720 3384 10
3720 1086 9
3720 3221 5
3721 3338 7
3721 3083 5
3721 4492 1
3721 811 6
3722 4046 7
3722 1195 10
3722 507 10
3723 1852 4
3723 4744 1
3724 501 10
3725 4603 4
3725 4490 8
3726 4288 7
3726 4340 2
3726 3687 6
3726 952 6
3727 4551 10
3727 1336 5
3727 1519 10
3727 3995 5
3728 1405 7
3728 3800 4
3729 3681 3
3730 1316 10
3731 2086 4
3732 774 8
3732 507 7
3733 1914 1
3733 1562 6
3733 3872 2
3733 4795 4
3733 3639 9
3734 1143 1
3734 3185 2
3734 4021 7
3734 2622 9
3734 2577 9
3735 2106 7
3735 1574 3
3735 4996 5
3735 595 9
3735 2851 2
3736 364 3
3736 1436 9
3736 74 3
3736 2757 4
3736 3917 8
3737 2694 8
3737 3887 4
3737 314 10
3738 515 6
3738 2286 4
3739 4649 7
3740 2483 5
3740 3851 5
3740 4632 8
3741 3966 9
3741 461 9
3741 3320 5
3741 1898 7
3742 3664 1
3742 4836 1
3742 2434 8
3742 486 4
3743 2348 3
3743 4246 8
3743 2979 6
3743 1669 6
3743 2117 9
3744 4520 2
3744 696 5
3744 4844 7
3744 1816 10
3744 4714 3
3745 2563 5
3745 1066 10
3745 3605 6
3746 1338 2
3746 3515 8
3746 2476 7
3746 1566 1
3746 875 9
3747 1243 2
3747 4213 3
3747 2838 2
3748 3824 2
3748 4918 8
3748 3886 3
3748 2292 3
3749 1969 10
3749 1760 9
3749 3300 2
3750 582 5
3750 2361 6
3751 1919 9
3751 2503 7
3751 839 9
3752 2593 4
3752 2185 3
3752 1946 9
3753 146 7
3753 4528 8
3753 2003 8
3753 2077 1
3753 2129 1
3754 2139 4
3755 219 2
3756 3351 3
3757 2311 2
3758 4405 10
3759 4848 8
3760 2526 5
3761 3521 4
3761 551 3
3762 1001 7
3762 1882 2
3762 2337 3
3762 1134 2
3762 2705 10
3763 2362 6
3763 3612 4
3764 4220 7
3764 2950 9
3765 3889 5
3765 1479 10
3765 600 7
3766 2614 10
3766 875 5
3767 128 10
3767 3403 2
3767 26 6
3768 4890 1
3768 4117 3
3768 1895 6
3769 3940 10
3769 3992 10
3770 3612 10
3770 3336 9
3770 2513 4
3771 114 9
3771 4146 6
3772 2689 7
3772 3818 5
3772 4723 9
3772 2511 8
3772 1150 8
3773 2512 10
3773 2606 5
3774 3303 9
3775 2190 10
3775 4531 10
3775 638 10
3775 1660 4
3776 2229 3
3776 2209 8
3776 747 6
3776 2764 5
3777 4652 8
3777 971 4
3777 1902 10
3777 3045 3
3778 2558 9
3779 2822 8
3780 3121 5
3781 3481 2
3781 4576 7
3781 3009 6
3781 4615 6
3781 3344 7
3782 1360 2
3783 3569 10
3783 3836 10
3784 4112 4
3784 1093 9
3784 4731 8
3784 4939 4
3785 350 4
3785 2339 3
3785 3228 4
3786 3415 3
3786 1491 1
3786 4092 8
3787 2493 6
3787 2944 5
3787 1440 5
3787 4877 2
3787 3261 4
3788 1683 2
3788 1405 1
3788 2323 3
3788 70 6
3788 1525 8
3789 2795 5
3789 1928 5
3790 4720 7
3790 1730 1
3790 674 6
3791 2496 5
3791 3076 10
3791 4120 4
3791 1608 8
3792 2529 7
3792 4534 7
3792 1832 7
3792 4315 8
3792 3005 6
3793 2390 3
3793 4350 10
3794 2337 7
3794 4310 1
3794 2082 9
3794 1856 5
3795 4003 1
3796 2229 6
3797 4033 7
3797 2378 5
3797 4458 9
3797 2298 2
3797 1428 7
3798 1043 3
3798 2817 9
3798 3218 6
3798 3294 7
3798 2166 2
3799 1898 6
3799 1741 1
3800 577 9
3800 3527 6
3800 3942 8
3801 615 4
3801 2516 6
3801 3115 6
3801 3747 4
3802 1608 3
3803 192 3
3803 4223 10
3804 3527 3
3804 3165 2
3804 774 5
3805 4361 6
3805 2114 6
3805 2740 4
3806 89 4
3806 676 3
3807 4166 8
3808 3541 8
3808 467 7
3809 4404 4
3809 4556 5
3810 3353 6
3810 1066 8
3811 4679 10
3811 4888 6
3811 516 4
3811 3793 1
3811 1566 3
3812 3596 10
3813 3412 1
3814 2944 6
3814 4741 8
3814 2266 4
3814 2876 7
3814 644 2
3815 2362 7
3816 4766 4
3816 4915 6
3816 658 2
3816 3577 7
3816 4182 1
3817 3111 3
3817 3409 3
3818 4723 6
3818 2058 1
3818 3681 7
3818 723 4
3818 853 3
3819 2776 10
3819 867 10
3819 2085 1
3819 2333 2
3820 866 3
3821 1753 1
3822 1412 5
3822 3138 7
3822 2654 6
3822 1002 9
3823 2913 7
3823 499 1
3824 779 10
3824 2615 3
3824 1958 10
3825 4171 3
3826 3930 2
3826 835 9
3826 4872 9
3826 1354 8
3826 3422 3
3827 889 1
3827 3741 2
3827 1596 8
3827 2980 9
3827 1929 6
3828 351 4
3828 573 7
3828 1409 8
3829 2671 6
3830 851 7
3830 1904 6
3830 3527 9
3830 3290 6
3831 4056 7
3831 154 1
3832 1276 1
3833 1043 10
3833 1580 8
3833 2744 2
3834 3093 7
3834 4810 3
3834 1340 8
3834 1369 10
3835 1748 3
3836 2976 8
3836 3197 8
3836 2870 10
3836 3441 3
3837 4288 4
3838 119 9
3839 3541 8
3840 2665 10
3841 2236 8
3841 1877 4
3841 1664 3
3841 4411 10
3841 3723 6
3842 3233 1
3842 2402 2
3842 2932 4
3842 2350 9
3843 1310 5
3843 4319 10
3843 272 2
3843 4186 10
3843 4682 9
3844 3212 9
3845 2192 4
3845 1878 2
3845 1013 2
3845 4561 7
3845 2503 3
3846 4010 9
3846 2301 1
3846 2110 8
3847 1479 2
3848 4626 7
3848 535 7
3848 4667 8
3849 3100 2
3849 4356 1
3849 251 4
3850 795 10
3850 3743 8
3850 1209 3
3850 4814 10
3850 1660 10
3851 3502 3
3851 4633 5
3851 1730 5
3851 1535 2
3852 76 3
3853 4447 1
3853 739 4
3854 490 5
3854 433 7
3854 3229 2
3855 1440 10
3855 3744 5
3855 2462 5
3856 1782 8
3856 1906 1
3856 1691 1
3856 4032 3
3856 188 10
3857 4844 7
3857 4160 2
3857 2925 10
3858 2671 1
3859 4403 7
3859 3409 1
3859 3279 5
3859 2910 2
3859 3377 2
3860 1323 10
3860 1132 7
3860 1030 4
3860 396 7
3860 4963 5
3861 3048 9
3862 2023 7
3862 4751 3
3862 4858 4
3863 4010 6
3863 3126 3
3863 3243 2
3863 4381 4
3864 4851 4
3864 3656 8
3864 4513 9
3864 3725 4
3865 3679 4
3865 3163 2
3865 4287 8
3865 3605 1
3866 4983 4
3866 1254 5
3866 526 6
3866 3166 6
3866 1895 3
3867 258 10
3867 1092 7
3868 4675 5
3868 247 1
3869 61 9
3869 2023 6
3869 2671 6
3869 3654 10
3869 1249 4
3870 1228 10
3871 689 3
3871 4663 6
3871 3512 2
3871 1261 4
3872 3910 10
3872 1696 6
3873 461 7
3873 3031 9
3873 4291 1
3873 2877 9
3874 3546 2
3874 2529 8
3874 4314 3
3875 3413 6
3875 1277 6
3875 3139 9
3875 387 6
3876 2716 3
3876 33 1
3877 4774 10
3878 1856 10
3878 4328 2
3879 2432 1
3880 2212 8
3881 4552 2
3881 3241 5
3881 3899 9
3882 2469 4
3882 4484 10
3883 4398 9
3884 4384 3
3884 3826 9
3884 869 3
3884 4067 2
3884 4447 7
3885 2636 2
3885 2921 1
3885 4584 3
3885 1073 3
3886 252 9
3886 4202 10
3886 899 1
3887 343 5
3887 2949 8
3887 2129 6
3887 1519 9
3888 3261 10
3889 3974 5
3889 2125 1
3889 165 8
3889 4724 5
3889 3220 4
3890 3804 4
3890 314 10
3890 2478 1
3890 4539 8
3890 2921 9
3891 4651 1
3892 2888 9
3893 164 3
3893 1591 2
3894 4999 6
3894 3069 4
3895 3851 8
3895 3283 1
3896 640 2
3897 3924 5
3897 3566 7
3897 2621 4
3898 2088 5
3899 1565 8
3899 1696 4
3899 2579 5
3900 2615 8
3900 252 5
3900 3767 6
3901 266 6
3901 2976 2
3902 2252 1
3902 4590 4
3902 3918 1
3902 1073 9
3903 1657 10
3903 4920 3
3904 2101 4
3904 2827 3
3904 4535 1
3905 774 1
3905 1479 3
3905 1457 5
3905 923 6
3905 1275 6
3906 2484 2
3907 1998 1
3907 517 2
3908 2938 5
3909 484 5
3909 4111 5
3909 2796 3
3910 2614 7
3910 1147 9
3910 2003 5
3910 741 9
3911 3691 1
3911 446 8
3911 1565 7
3911 4276 7
3911 4213 10
3912 3846 8
3913 3442 1
3913 2986 9
3914 3374 6
3914 2381 5
3915 4871 9
3915 2828 7
3915 3351 4
3915 1997 6
3916 1505 8
3916 2233 1
3917 4781 7
3917 3036 2
3918 3838 4
3918 510 3
3919 4821 3
3919 3600 4
3919 4688 1
3920 4863 10
3920 326 6
3921 1697 5
3921 1929 1
3921 1226 8
3922 1952 1
3923 247 6
3923 2342 6
3923 1488 5
3924 4141 5
3925 2319 9
3925 2726 10
3925 4631 1
3925 4602 5
3925 578 1
3926 4983 7
3926 487 10
3926 576 9
3926 907 8
3926 1045 3
3927 1519 2
3927 4857 7
3927 4114 10
3927 4047 5
3928 4693 6
3928 2571 2
3928 2915 2
3928 4436 4
3929 1333 5
3929 1053 9
3930 4166 9
3931 4075 9
3931 3790 3
3931 1316 8
3932 3945 10
3932 4242 10
3932 4626 5
3932 1466 3
3932 2268 5
3933 3283 2
3934 1797 9
3934 500 8
3934 1323 9
3934 2499 2
3935 3219 8
3935 3350 7
3935 1741 8
3935 3086 10
3936 345 10
3937 2886 4
3937 4284 8
3938 1537 10
3938 3210 1
3938 1387 1
3939 1672 5
3939 2790 3
3940 2157 9
3940 728 9
3940 2121 5
3941 4381 7
3941 291 9
3941 1637 1
3942 1496 10
3943 3639 10
3943 3521 2
3944 1604 1
3945 2404 7
3945 1428 1
3945 3166 8
3945 2387 4
3945 576 2
3946 2418 7
3947 3801 10
3947 641 4
3947 2170 9
3947 2110 3
3947 4642 9
3948 4263 10
3948 3513 4
3948 3204 7
3948 1291 2
3948 1223 5
3949 1370 2
3949 2273 10
3949 4728 2
3950 3666 1
3951 501 7
3951 4967 9
3952 1483 5
3953 3780 10
3953 4891 2
3953 2793 9
3953 3562 1
3953 3710 2
3954 3544 9
3955 2192 4
3955 3146 10
3955 3712 1
3955 3252 2
3956 1458 6
3956 1115 1
3957 1385 10
3958 2286 5
3958 2188 8
3958 4354 8
3958 608 8
3958 685 9
3959 2133 9
3959 4522 10
3959 3975 7
3960 1519 3
3960 84 4
3960 4563 5
3961 3900 10
3962 4996 9
3962 1541 8
3962 2905 4
3962 324 6
3962 4748 5
3963 1930 7
3963 796 3
3963 382 3
3964 1019 1
3964 210 7
3964 366 10
3965 4195 9
3965 3082 8
3966 2899 7
3966 4552 3
3966 1820 1
3966 3620 2
3966 3477 4
3967 1521 7
3967 1466 8
3967 3185 5
3967 1888 10
3968 3570 9
3968 2321 5
3968 3435 9
3969 2724 8
3969 681 2
3969 187 7
3969 588 9
3969 326 3
3970 2053 8
3970 2195 2
3970 3364 4
3970 610 8
3971 3240 1
3971 3921 3
3971 1072 1
3972 189 8
3973 615 9
3974 510 8
3974 2837 7
3974 876 4
3974 4631 9
3974 1311 1
3975 2817 9
3975 3268 2
3975 1173 1
3975 3462 3
3976 4869 5
3976 342 3
3976 4116 2
3976 4089 9
3977 3989 6
3977 3625 1
3977 2450 5
3978 2776 5
3979 541 3
3979 3897 3
3979 605 8
3979 1972 2
3979 3775 6
3980 3590 10
3980 3872 1
3980 4346 1
3980 871 2
3981 1788 4
3981 4699 8
3981 2003 5
3982 781 8
3982 4179 3
3982 1197 7
3982 2579 7
3982 2661 8
3983 1958 2
3983 1535 5
3984 3621 9
3985 3315 5
3985 1745 5
3986 763 2
3986 824 10
3987 4551 9
3987 3731 1
3987 1908 8
3988 667 3
3988 4561 7
3988 1032 7
3988 4254 4
3988 4397 9
3989 2910 1
3989 2773 10
3989 1314 6
3989 684 9
3990 2484 3
3990 4939 6
3990 3111 1
3991 3664 6
3991 184 10
3992 2459 2
3992 4766 9
3992 4587 2
3992 4564 9
3993 1850 9
3994 4651 1
3994 518 3
3994 839 5
3994 2790 6
3995 108 1
3996 3329 4
3997 4578 6
3997 2850 3
3998 3524 4
3998 2427 7
3998 160 9
3999 628 9
3999 4693 5
3999 2823 10
3999 4021 5
4000 926 9
4000 3 7
4000 674 10
4000 1134 3
4000 1101 6
4001 2914 5
4001 3668 6
4001 1997 9
4001 3968 6
4001 3460 1
4002 3658 5
4002 464 6
4002 3527 3
4002 4539 6
4003 1898 4
4003 3872 8
4003 803 5
4004 2946 6
4004 2336 2
4004 1161 5
4004 2044 5
4004 3512 2
4005 400 6
4005 4298 2
4005 2444 1
4005 3654 3
4006 2092 4
4006 3033 7
4007 1660 3
4008 139 5
4008 87 2
4008 283 7
4009 1723 1
4009 1763 9
4009 2506 2
4010 2740 7
4010 1816 2
4011 154 1
4011 1472 7
4011 868 10
4012 3251 9
4012 3711 4
4012 4669 2
4012 3891 8
4012 1292 6
4013 3611 4
4013 2255 2
4013 430 5
4013 1507 5
4013 4181 3
4014 1185 8
4014 3780 5
4015 790 9
4015 3985 1
4016 3422 9
4017 1751 4
4017 4613 1
4017 1016 10
4017 2057 10
4017 4533 8
4018 1081 2
4018 2954 7
4018 4491 9
4019 2886 7
4020 3362 3
4021 3543 8
4022 124 2
4023 2852 8
4023 3578 9
4023 1013 4
4023 4329 2
4023 1957 2
4024 4333 5
4024 1761 2
4025 1587 4
4025 1220 8
4025 2403 8
4026 2204 6
4026 2344 10
4027 3789 3
4027 2193 8
4027 2341 2
4027 1814 2
4027 334 6
4028 4411 1
4028 3081 1
4028 1876 4
4028 1381 7
4029 3503 2
4030 1918 5
4030 3793 7
4030 2496 5
4031 4714 5
4031 3784 6
4031 1569 10
4032 4795 8
4032 1402 1
4032 809 8
4032 1355 1
4032 106 3
4033 3800 5
4033 956 9
4033 763 2
4033 4602 7
4033 397 5
4034 888 3
4034 4353 7
4035 3978 10
4035 1994 8
4035 4353 9
4035 3841 2
4035 3522 2
4036 4279 8
4036 2484 10
4036 1854 8
4036 3144 4
4037 3723 4
4037 2292 2
4037 509 2
4037 1994 2
4038 4666 7
4038 3436 5
4038 1766 5
4038 4000 8
4038 402 6
4039 3079 9
4039 2839 3
4039 2085 9
4039 923 3
4039 2755 4
4040 4715 3
4041 964 4
4041 479 7
4041 2773 2
4041 2631 8
4042 3821 9
4042 80 9
4042 3666 9
4043 286 1
4043 4101 5
4043 322 4
4044 3792 5
4044 3480 1
4045 3140 3
4045 4288 5
4045 3035 6
4045 4679 3
4045 2897 9
4046 817 1
4046 3471 2
4047 2828 4
4047 1205 4
4047 4471 3
4047 4721 5
4047 3230 2
4048 166 7
4048 2773 3
4048 4300 9
4049 1329 2
4049 2486 5
4049 2697 10
4049 2275 2
4049 4622 6
4050 779 3
4050 1336 7
4050 4453 5
4050 888 1
4051 3727 6
4051 2615 9
4051 1463 7
4052 825 1
4052 4932 4
4053 1788 2
4054 4499 10
4054 1001 4
4054 3909 2
4054 736 2
4054 2593 7
4055 1889 9
4055 2543 2
4055 3513 3
4055 387 3
4055 2751 2
4056 4351 9
4056 1565 1
4057 2753 3
4057 2257 1
4058 2552 10
4058 1144 1
4058 1906 8
4058 991 4
4059 4140 3
4060 4561 8
4060 4329 6
4061 4043 7
4061 2604 9
4061 3840 1
4062 587 5
4062 639 7
4062 1463 2
4062 1125 3
4063 3913 6
4063 1398 7
4063 3442 1
4063 3541 5
4064 2709 2
4064 3137 3
4065 3441 6
4065 2185 3
4065 1884 8
4066 4287 7
4066 3757 2
4066 1484 3
4066 4237 2
4067 2168 10
4067 93 2
4067 1938 9
4067 945 6
4068 3111 10
4068 4484 8
4068 4555 3
4069 2977 10
4070 2919 5
4070 2627 7
4071 3400 9
4071 2822 4
4071 1914 6
4072 1762 3
4072 4720 10
4073 2507 2
4073 226 1
4074 742 10
4075 4281 4
4075 793 6
4076 3729 6
4076 2360 6
4076 3670 6
4076 4743 10
4077 1569 8
4077 1194 1
4077 2695 7
4078 1884 4
4079 4763 2
4079 476 6
4079 609 9
4079 4366 10
4080 678 1
4080 3777 8
4080 2326 4
4080 2970 4
4080 138 2
4081 3450 10
4081 3486 5
4081 4356 5
4081 1042 9
4081 3354 8
4082 1275 4
4082 524 3
4082 2785 5
4082 3079 5
4083 1571 7
4084 2353 3
4084 2904 5
4084 1220 3
4085 3740 6
4085 1602 7
4086 2752 10
4086 1377 10
4086 717 8
4087 4645 9
4087 627 3
4087 347 10
4088 4300 1
4088 3437 3
4088 4565 5
4089 821 9
4089 261 3
4090 711 6
4090 959 10
4090 4877 7
4091 2263 3
4091 3126 6
4092 1224 10
4092 1886 6
4092 3921 9
4092 4331 4
4092 3917 7
4093 1790 10
4093 4732 1
4093 2186 6
4093 4971 7
4093 1146 10
4094 1220 6
4095 93 9
4096 1968 5
4096 2442 4
4096 1188 7
4096 7 7
4096 1359 8
4097 4522 5
4097 1121 3
4097 4607 3
4097 4960 10
4098 2443 9
4098 549 1
4098 1263 10
4098 2417 8
4099 408 4
4099 4120 8
4099 1442 6
4099 4493 2
4099 4142 3
4100 1061 6
4100 2934 3
4101 2104 10
4102 3336 4
4102 4985 7
4102 3357 7
4102 1702 3
4103 2385 10
4103 229 10
4104 1692 5
4104 2273 6
4104 1997 5
4104 2658 7
4104 3969 7
4105 108 10
4105 1810 4
4105 1382 4
4105 2122 6
4105 1944 9
4106 3887 10
4106 512 5
4106 98 6
4107 3329 7
4107 2143 5
4108 2910 10
4108 4691 2
4109 1944 8
4109 232 7
4110 4810 8
4111 3447 1
4111 3396 10
4111 2328 5
4111 4153 3
4111 665 9
4112 4078 7
4112 2351 8
4112 2431 1
4113 1255 10
4113 2158 1
4113 4758 5
4113 106 2
4113 3010 7
4114 2681 9
4114 1968 5
4114 1773 4
4114 3792 2
4114 1349 3
4115 509 1
4115 4679 9
4116 3535 7
4116 1450 1
4117 3397 1
4117 1930 10
4117 4428 7
4118 2515 4
4118 782 2
4118 4347 1
4119 1732 5
4119 394 8
4119 2646 2
4119 1511 8
4120 1240 3
4120 4787 3
4120 3853 1
4120 196 8
4120 579 7
4121 2112 10
4121 2767 2
4122 4746 8
4122 2615 3
4122 3910 7
4123 928 4
4123 3123 4
4124 58 2
4124 4802 7
4124 2339 10
4125 3976 8
4126 4465 1
4127 4862 1
4128 4283 6
4128 4156 8
4128 1166 4
4128 2880 2
4128 4760 1
4129 1458 5
4129 2956 1
4129 4716 6
4129 2505 9
4129 2710 1
4130 2868 6
4130 2972 7
4130 293 7
4130 3369 10
4130 2509 2
4131 4796 4
4131 4715 3
4131 3862 2
4131 1886 10
4131 1502 3
4132 1856 2
4132 3008 6
4132 2261 1
4132 738 8
4132 387 5
4133 2986 1
4133 3365 10
4134 122 1
4134 481 6
4134 684 6
4134 2849 10
4134 2227 6
4135 4524 2
4135 1316 8
4136 4960 9
4136 4218 9
4136 2967 3
4137 98 5
4137 773 9
4137 3471 4
4137 464 4
4137 2324 1
4138 4240 8
4138 2329 9
4139 2385 1
4139 751 2
4139 400 6
4140 4767 5
4140 364 4
4140 3845 6
4141 3451 7
4142 301 3
4142 1704 3
4142 2562 2
4142 1806 3
4142 1454 9
4143 4731 7
4143 1708 8
4143 3612 4
4143 4649 5
4144 4235 7
4144 1998 10
4145 1712 7
4145 530 6
4145 3973 1
4145 1643 1
4146 1914 4
4146 888 8
4146 3370 6
4146 4085 9
4147 3633 1
4147 1205 9
4147 2672 3
4147 2969 9
4147 2390 3
4148 658 10
4148 3613 6
4149 4628 6
4149 1420 1
4149 1869 5
4149 3211 9
4149 2142 5
4150 2192 9
4151 4493 3
4151 893 2
4151 5000 9
4151 825 10
4152 1594 1
4152 3366 3
4153 2088 5
4153 3261 3
4153 3135 4
4153 4714 10
4154 3524 9
4154 3667 9
4154 101 6
4155 4108 9
4156 3645 4
4156 4716 10
4156 2270 2
4156 2595 9
4156 1023 2
4157 4505 1
4157 1352 7
4157 2157 1
4157 1953 4
4158 3354 4
4158 739 2
4158 4851 2
4158 2936 7
4159 4861 2
4159 1944 3
4159 2411 3
4159 3909 10
4160 235 2
4160 4043 10
4161 4962 8
4161 534 5
4161 3996 6
4161 1247 7
4161 2938 8
4162 3719 10
4162 188 1
4162 3738 10
4162 1894 2
4162 4176 9
4163 3387 8
4163 1711 4
4164 3195 5
4164 3327 7
4164 4273 5
4164 2839 4
4165 15 9
4165 3669 9
4165 4948 5
4165 3305 6
4166 2872 3
4167 252 7
4167 3344 1
4167 1472 5
4167 2984 1
4167 4471 1
4168 529 6
4168 756 7
4168 4872 5
4168 467 3
4169 3875 10
4169 2058 5
4169 4832 10
4169 4336 1
4169 495 5
4170 4424 3
4170 4741 9
4170 2383 9
4170 1831 9
4171 2920 10
4171 4388 3
4172 535 10
4172 1507 2
4173 4286 5
4173 3668 3
4173 692 2
4173 4372 5
4174 1718 4
4174 3538 3
4174 1696 8
4175 4379 7
4176 4817 10
4177 4514 1
4177 3516 3
4177 4042 3
4178 1433 8
4178 2944 4
4178 2150 8
4178 1698 5
4179 2243 3
4179 2135 9
4179 2390 6
4179 4915 2
4180 929 2
4180 3286 9
4181 79 5
4181 321 7
4181 4160 4
4181 1709 6
4182 1338 1
4183 3778 2
4183 1059 1
4183 469 4
4184 2414 7
4184 4491 7
4185 976 10
4185 2909 10
4185 4721 10
4185 3968 9
4186 4743 5
4187 4081 7
4187 662 9
4187 1712 5
4187 3178 7
4188 3775 8
4188 4538 8
4189 2556 9
4189 2581 6
4190 4893 8
4190 2621 8
4190 2483 1
4191 3620 1
4192 1654 3
4193 4295 1
4193 4034 7
4194 3749 2
4194 3016 3
4194 2791 3
4195 615 8
4195 3239 3
4195 3016 7
4196 2958 9
4197 2159 4
4197 342 10
4197 2506 1
4197 822 7
4197 729 1
4198 2201 2
4198 4382 6
4198 112 3
4199 2330 10
4200 4609 3
4200 3189 10
4201 1900 8
4201 2561 4
4202 4447 7
4202 1011 10
4203 3214 3
4203 1696 9
4203 1705 5
4203 3984 5
4203 4129 6
4204 3215 2
4204 2329 7
4204 2962 9
4204 2752 10
4204 3154 3
4205 4055 1
4205 1573 8
4205 3261 2
4206 1751 8
4206 2255 7
4206 3941 10
4206 523 4
4207 3097 3
4208 3043 9
4208 2602 5
4209 4484 9
4209 3076 1
4209 1839 8
4209 1863 8
4209 1688 1
4210 4725 2
4210 4579 8
4210 4809 3
4210 3178 1
4211 1669 1
4211 2840 3
4212 3418 8
4212 181 10
4212 3901 10
4213 90 4
4213 4902 9
4213 342 3
4214 4990 3
4214 3544 3
4214 3851 6
4214 4541 6
4214 251 2
4215 2316 3
4215 4491 5
4216 839 3
4216 1699 3
4216 4556 7
4216 2577 7
4217 535 5
4218 2381 4
4218 288 8
4218 168 8
4219 2013 10
4219 1068 3
4220 510 4
4220 2052 4
4220 2274 9
4220 4954 1
4220 1073 10
4221 1215 9
4221 2532 2
4221 2930 1
4221 3588 9
4221 4005 3
4222 2391 6
4223 1731 5
4224 206 8
4224 3046 8
4224 3222 3
4225 3529 5
4225 2944 8
4226 551 4
4227 4108 1
4227 2339 6
4228 2657 8
4229 2937 8
4229 3966 1
4230 3082 3
4230 2461 9
4230 891 8
4230 1627 2
4231 167 2
4231 397 1
4231 618 3
4232 2009 5
4232 2776 4
4232 739 8
4232 573 4
4232 4447 5
4233 2953 3
4234 573 4
4234 1204 6
4234 4340 9
4235 2988 9
4235 2905 5
4235 961 3
4235 1226 4
4236 2796 10
4236 2683 2
4237 1777 7
4238 4979 9
4238 1779 9
4238 1951 3
4239 3835 8
4239 1782 7
4239 260 9
4240 1709 3
4241 3219 1
4241 164 9
4241 2807 3
4241 2088 1
4241 418 3
4242 729 3
4242 894 5
4242 1895 4
4242 2925 8
4242 1126 10
4243 4948 4
4243 492 8
4244 1282 2
4244 1507 4
4244 1000 8
4244 3868 3
4244 1986 5
4245 1521 1
4245 2806 1
4245 1457 3
4246 3129 4
4246 233 2
4246 2239 8
4246 997 10
4246 3474 1
4247 3556 10
4248 406 7
4248 1289 3
4248 4379 6
4248 1412 8
4249 3787 7
4249 3153 1
4249 4281 2
4250 585 2
4251 3842 6
4251 2031 3
4251 2761 7
4251 1805 8
4252 588 1
4252 1664 8
4252 2285 5
4252 3035 3
4252 3949 1
4253 2956 1
4253 986 6
4253 1092 6
4254 4485 8
4254 1655 4
4255 4145 9
4255 4291 4
4256 3667 5
4256 3291 8
4256 3617 6
4256 4471 8
4256 2642 2
4257 771 4
4257 4114 1
4257 1386 9
4258 2015 3
4258 3859 8
4259 3701 10
4259 1128 4
4259 3435 5
4259 3188 2
4259 2085 9
4260 3849 7
4260 855 3
4260 2923 3
4260 146 1
4261 3537 2
4262 3139 2
4262 2358 3
4262 1100 3
4262 423 4
4263 53 8
4263 2768 3
4264 2212 10
4265 4824 8
4266 825 8
4266 2672 1
4266 2476 4
4267 346 5
4267 3327 8
4267 162 4
4267 4503 4
4268 245 9
4268 534 3
4268 3578 7
4268 2815 5
4268 909 5
4269 2136 1
4270 4767 1
4270 3784 3
4270 3404 3
4271 2492 6
4272 3986 7
4272 2706 7
4272 1776 5
4272 4519 8
4272 2197 8
4273 4885 5
4273 1984 3
4273 3178 5
4273 4455 6
4274 2531 8
4274 1690 5
4274 4775 3
4275 4384 1
4275 3005 9
4276 3733 2
4276 1696 7
4276 782 4
4276 4590 3
4276 2826 10
4277 3873 3
4278 161 7
4278 847 7
4278 2068 7
4278 4031 2
4279 2380 3
4279 3346 3
4280 2968 5
4280 107 5
4280 467 8
4280 4349 6
4281 1730 2
4282 1600 8
4282 4868 4
4282 3038 3
4282 3782 4
4283 2055 7
4283 3992 2
4284 2055 2
4285 3787 5
4285 3008 9
4285 4845 6
4286 2098 1
4286 3218 2
4286 1671 10
4286 4470 4
4287 3863 2
4287 1965 6
4287 3578 1
4287 4925 3
4287 770 6
4288 4472 1
4288 4189 7
4288 4379 1
4288 3042 7
4289 4936 7
4289 2399 8
4289 1488 9
4289 3583 6
4289 798 10
4290 1580 8
4291 2323 8
4291 3691 7
4292 2880 3
4292 3469 2
4293 424 7
4293 3511 3
4293 3865 9
4293 2063 5
4293 1271 3
4294 2615 2
4294 3668 3
4295 2483 8
4295 1211 1
4296 1476 4
4296 1086 2
4297 826 3
4297 3458 6
4297 549 8
4298 4948 9
4298 3415 9
4298 4969 9
4299 4044 4
4300 1377 2
4300 195 2
4300 3541 2
4301 610 7
4301 159 7
4301 3384 10
4301 2608 10
4301 4366 3
4302 4914 7
4302 1958 5
4302 4551 1
4303 4047 4
4303 1673 6
4304 2420 8
4304 2595 5
4304 3596 3
4304 582 1
4305 2770 2
4305 912 3
4305 1200 10
4305 501 2
4305 2680 3
4306 2672 2
4307 384 5
4307 2211 10
4307 2052 1
4308 2728 5
4308 3213 7
4308 2712 10
4309 2986 5
4310 3126 2
4310 2337 2
4310 1066 8
4310 4748 1
4311 2342 3
4312 974 3
4312 3953 10
4313 2516 6
4313 2047 6
4313 4709 7
4313 517 6
4313 1090 10
4314 606 4
4315 2191 5
4315 2624 8
4316 4236 2
4316 4797 7
4316 1108 6
4316 3465 7
4316 4905 6
4317 629 1
4317 2920 10
4317 3639 7
4317 358 2
4318 2858 2
4318 261 8
4319 251 7
4319 202 3
4319 4743 5
4319 1099 9
4319 4086 4
4320 2003 4
4321 1336 4
4321 4434 8
4321 256 3
4322 3305 2
4322 3372 2
4323 806 8
4323 3576 1
4324 471 3
4325 3331 3
4326 997 6
4326 1470 7
4326 758 2
4327 3414 2
4327 2380 6
4327 452 7
4327 1369 7
4327 3346 5
4328 4751 4
4328 2234 5
4328 229 5
4329 4403 2
4329 2692 1
4329 529 6
4329 995 10
4330 3078 8
4330 676 2
4330 3219 4
4330 959 7
4331 2257 6
4331 4867 1
4331 2594 5
4331 3476 6
4332 2119 7
4332 4048 10
4332 1270 8
4332 1013 3
4333 4775 5
4333 3436 3
4334 4240 5
4334 4877 9
4335 3478 4
4335 1690 3
4336 69 6
4336 4150 4
4336 2581 4
4336 324 3
4336 4907 6
4337 1057 9
4337 3410 6
4337 3522 7
4338 3688 4
4339 330 1
4339 2680 2
4339 1569 3
4339 2979 6
4340 2480 8
4340 4169 3
4341 2966 5
4341 1645 8
4341 638 9
4341 1656 6
4341 288 1
4342 3695 3
4343 1934 2
4343 2050 8
4344 4851 2
4344 4422 9
4344 4175 9
4344 3401 1
4344 975 1
4345 824 2
4346 2931 1
4346 231 9
4346 2909 2
4346 4902 4
4346 4776 3
4347 1492 7
4347 4903 3
4347 979 1
4347 1192 1
4347 3471 8
4348 4539 5
4348 4210 7
4348 4866 3
4348 1460 4
4348 2616 10
4349 3079 1
4349 1904 6
4349 4973 6
4349 1496 3
4349 1707 3
4350 2681 4
4350 939 1
4350 3636 2
4350 516 9
4351 1764 2
4351 1893 4
4351 1524 8
4351 1906 2
4351 4609 2
4352 3702 7
4352 141 3
4352 1432 10
4353 3295 5
4353 1476 8
4353 2117 4
4354 3590 9
4354 2813 9
4354 3838 10
4355 2714 6
4355 4712 10
4355 2604 1
4355 378 7
4356 3153 1
4356 3146 4
4356 3875 10
4357 4545 1
4357 250 10
4358 2458 9
4358 2989 4
4358 720 3
4359 738 9
4359 1915 10
4360 462 4
4361 4107 1
4361 3881 5
4361 530 1
4361 4342 3
4362 4073 1
4362 4539 7
4362 2333 6
4363 4409 10
4364 1895 2
4364 2882 7
4365 548 7
4365 1476 5
4365 1467 6
4366 1001 1
4366 2913 2
4366 3297 4
4366 1623 5
4367 3459 9
4367 1958 9
4367 4127 9
4368 2755 3
4368 1419 8
4369 4702 3
4369 130 8
4369 2262 6
4370 4517 9
4370 4527 6
4370 1944 3
4370 107 1
4370 2740 9
4371 3869 1
4371 1314 10
4372 663 4
4372 4549 6
4373 3611 1
4373 3016 5
4373 1163 8
4373 3176 4
4374 3885 9
4374 2896 3
4374 4650 6
4374 2623 1
4375 699 7
4375 659 5
4375 247 1
4375 2901 8
4376 3691 10
4376 4458 3
4376 3840 8
4376 4890 1
4376 2455 4
4377 4431 8
4377 2683 5
4377 2684 1
4378 4351 10
4378 446 3
4378 4784 3
4378 651 7
4378 2931 6
4379 959 6
4380 3229 5
4380 1240 3
4381 4243 6
4382 556 2
4382 3541 3
4382 1669 7
4382 22 9
4383 2261 4
4383 4439 10
4383 3852 8
4383 4542 3
4383 3056 1
4384 1403 7
4384 2804 4
4384 2279 4
4384 1289 2
4384 2810 9
4385 3426 1
4386 3269 8
4386 4853 8
4387 4727 10
4387 3933 9
4387 4370 5
4388 3233 4
4388 1157 8
4389 2515 2
4389 3319 7
4389 2793 9
4389 2045 6
4390 450 9
4390 2106 10
4391 1472 1
4391 1469 4
4391 3092 1
4392 3525 8
4393 3503 9
4393 2185 8
4393 3458 4
4393 2114 4
4393 4361 3
4394 3080 5
4394 4227 7
4394 4124 8
4394 4441 3
4395 4927 8
4396 4751 1
4396 3415 4
4397 667 8
4397 285 3
4397 327 2
4397 2110 5
4397 784 7
4398 1314 6
4398 1278 5
4398 4235 9
4399 1575 8
4399 991 1
4399 750 9
4399 652 8
4400 1741 1
4400 1568 2
4401 4439 3
4402 48 4
4402 1412 8
4403 4005 3
4403 3297 5
4403 4781 8
4404 713 2
4404 3744 1
4404 592 9
4404 365 9
4404 1939 10
4405 4409 8
4405 1448 2
4405 724 2
4405 1268 3
4405 1220 10
4406 4782 9
4406 3279 9
4406 2269 7
4407 556 8
4407 2207 10
4407 299 9
4407 1305 2
4407 3580 10
4408 3114 6
4409 2645 4
4409 2361 1
4410 3570 3
4410 2433 6
4410 3707 8
4410 2480 6
4410 681 8
4411 4104 1
4411 4193 10
4411 2738 1
4411 3740 7
4411 1262 1
4412 496 1
4413 4631 5
4413 101 3
4413 3634 3
4414 2721 10
4414 4869 1
4415 3822 7
4416 548 5
4417 3790 6
4417 4336 10
4418 610 5
4418 3721 3
4418 4213 4
4418 1764 5
4418 615 4
4419 2483 7
4419 817 8
4419 887 7
4420 3562 9
4420 1145 3
4421 907 8
4421 986 3
4422 4798 3
4423 3368 8
4423 3578 6
4423 4235 7
4423 518 4
4424 652 1
4425 4050 2
4426 2611 1
4427 3840 3
4428 48 10
4428 4808 10
4428 1562 9
4428 28 6
4429 1562 9
4430 2806 1
4430 867 9
4430 2616 3
4431 3441 7
4431 2185 9
4431 1295 7
4432 3447 8
4433 3395 1
4433 4378 6
4434 2946 9
4434 2044 4
4434 2428 2
4434 2513 6
4434 3624 1
4435 4362 8
4435 4578 8
4435 3421 4
4435 2268 7
4435 4643 1
4436 2118 8
4436 1589 3
4436 4283 3
4437 3780 4
4437 1567 6
4437 515 8
4437 681 10
4437 1419 3
4438 1152 5
4438 1943 8
4438 3986 5
4439 695 4
4439 1842 1
4439 15 10
4440 3780 7
4440 4572 9
4440 3733 3
4441 2824 10
4441 3099 6
4441 4948 7
4441 2851 5
4441 4848 5
4442 2817 4
4443 2904 7
4443 3006 7
4444 1056 9
4445 4665 4
4446 4120 10
4446 2994 2
4447 2770 3
4447 4281 6
4448 231 3
4448 3387 4
4448 2920 6
4449 688 7
4449 308 4
4449 3502 4
4449 1316 6
4450 2892 5
4450 1427 1
4450 1734 10
4450 4601 10
4450 1936 4
4451 1352 8
4452 3623 10
4452 469 3
4452 3173 4
4453 3100 6
4453 2262 9
4453 251 5
4453 1968 3
4454 1456 9
4454 2547 1
4454 3333 10
4454 1201 8
4455 248 1
4455 4914 7
4455 3426 7
4455 2265 2
4456 4033 1
4456 3867 5
4456 3379 4
4457 4404 9
4457 775 3
4458 913 10
4459 2046 1
4459 3582 10
4460 1923 6
4460 2177 5
4460 1790 6
4460 1084 7
4461 650 6
4461 2836 2
4461 2948 10
4462 893 1
4462 3110 9
4462 1476 4
4462 1219 4
4463 3354 2
4463 2003 3
4463 3594 7
4463 2340 8
4464 3590 10
4465 3010 3
4465 94 1
4465 3202 6
4465 91 9
4465 854 8
4466 2273 8
4466 1116 10
4467 2946 7
4468 1697 2
4468 4966 1
4469 4392 2
4469 3586 8
4469 310 4
4469 419 4
4469 1062 3
4470 108 10
4471 4922 10
4471 2054 9
4471 2248 2
4471 2261 3
4471 794 4
4472 1915 5
4472 1388 7
4472 1558 3
4473 1794 7
4473 2443 5
4474 3731 2
4474 1003 3
4474 1968 7
4475 3587 9
4475 2706 3
4475 4563 10
4476 741 1
4476 2621 2
4477 2746 6
4477 3664 5
4477 1936 4
4477 3232 1
4477 2441 10
4478 2286 9
4478 929 2
4478 1917 9
4478 3166 6
4478 2255 4
4479 3111 1
4480 3415 10
4480 3588 1
4480 4520 7
4481 4167 3
4481 3504 9
4481 2053 4
4481 1319 1
4481 1853 9
4482 3503 1
4482 1749 1
4482 424 4
4483 2346 6
4483 1294 6
4483 2918 9
4484 2910 2
4485 811 10
4485 1432 6
4486 646 7
4486 1810 4
4487 4943 10
4487 4957 9
4487 4468 6
4488 3036 4
4488 719 2
4488 4181 3
4488 1378 10
4489 3046 5
4489 3281 1
4489 3674 7
4489 944 10
4489 3694 5
4490 3194 2
4490 2441 10
4491 307 4
4492 2541 3
4492 4081 10
4492 538 10
4492 1981 1
4492 4037 4
4493 2131 6
4494 4633 10
4494 4318 5
4495 4675 1
4495 3469 4
4495 3590 3
4495 4126 2
4496 4483 7
4496 1363 7
4496 1563 3
4496 894 5
4496 919 8
4497 3508 7
4497 3969 5
4497 3453 1
4498 3232 6
4498 2248 5
4499 1066 1
4499 1477 10
4499 4694 3
4499 4727 5
4499 3082 5
4500 2788 2
4500 1880 6
4500 492 2
4501 1949 3
4501 2050 5
4501 3496 7
4501 2916 8
4502 2808 1
4502 739 10
4503 2847 8
4504 364 10
4504 3354 10
4504 4720 1
4504 4704 9
4505 2898 2
4505 441 6
4505 4180 4
4505 3048 3
4506 2203 7
4506 290 10
4506 652 4
4507 3956 8
4507 2038 5
4507 2342 7
4508 3797 2
4508 919 5
4508 3393 7
4508 2146 5
4509 2421 3
4509 308 5
4510 1942 5
4511 3033 8
4511 1619 6
4512 2390 4
4512 4295 6
4513 669 8
4513 347 3
4513 3295 7
4513 4336 8
4513 308 5
4514 1931 4
4514 3570 7
4514 3074 9
4515 690 9
4515 4120 1
4516 2432 1
4516 2634 3
4516 4773 2
4516 3781 5
4517 4233 5
4517 3251 7
4517 1292 9
4517 504 9
4518 3649 6
4518 530 4
4519 1179 8
4519 397 4
4519 4471 3
4519 1991 7
4520 4936 6
4520 4983 10
4520 2980 1
4520 3189 5
4521 2498 9
4521 1922 7
4521 1070 10
4522 1224 10
4523 112 7
4523 1123 10
4523 4564 5
4523 975 3
4524 1061 10
4525 4318 1
4525 3813 8
4525 2618 3
4525 4367 8
4526 3494 6
4526 2211 5
4526 4858 10
4527 3598 4
4527 4727 6
4527 3415 9
4527 1318 5
4528 4209 7
4529 4818 6
4529 2008 6
4529 1940 9
4529 3475 6
4530 4199 3
4530 2827 4
4530 2858 3
4530 3584 8
4530 4510 8
4531 1756 3
4531 4000 9
4532 415 10
4533 4129 9
4533 89 2
4533 1705 3
4533 2595 7
4533 235 4
4534 3038 5
4534 3057 7
4534 4153 4
4535 3417 7
4535 2870 1
4536 648 8
4536 391 8
4537 3666 1
4538 516 1
4538 3917 8
4539 2672 2
4540 4214 1
4540 2590 10
4541 803 1
4541 1597 10
4541 3361 3
4541 1080 1
4541 2265 7
4542 1998 5
4543 590 7
4544 1257 6
4544 3191 4
4544 2968 5
4544 1014 2
4545 2251 9
4546 803 10
4546 624 6
4546 1250 5
4547 1391 7
4548 159 10
4548 3806 6
4548 2549 8
4549 3191 8
4550 3862 9
4550 4005 1
4550 4665 2
4550 576 9
4550 3917 1
4551 4041 5
4551 3631 5
4551 221 6
4552 1621 10
4553 990 6
4553 3031 6
4553 1491 1
4553 3094 10
4553 3932 5
4554 3594 7
4555 87 2
4556 2349 9
4556 2465 1
4557 1038 8
4558 1951 3
4558 192 5
4558 1132 2
4558 4766 2
4558 4318 2
4559 4412 1
4559 4430 5
4559 2722 2
4560 4882 3
4560 4691 8
4560 1726 4
4560 3612 7
4560 853 5
4561 1613 2
4561 1249 5
4562 2517 2
4562 3228 5
4562 3019 2
4562 1501 2
4563 4510 1
4563 769 2
4564 1359 7
4565 3366 9
4565 3532 6
4565 3056 6
4565 2712 3
4565 2494 2
4566 4788 6
4567 391 1
4567 3112 3
4567 4985 7
4568 126 3
4568 4433 4
4568 3176 8
4569 624 10
4569 2222 5
4569 3637 6
4569 4768 3
4570 3800 2
4570 3830 7
4570 3617 4
4571 678 4
4572 4775 6
4572 1133 4
4573 3227 1
4573 3447 7
4573 3511 6
4573 207 8
4574 1295 1
4574 4194 10
4574 4427 8
4574 624 6
4575 3817 4
4575 672 4
4575 959 9
4576 2493 1
4576 2897 2
4576 516 5
4576 1467 3
4576 3985 10
4577 3083 4
4577 3981 2
4577 382 9
4578 2208 2
4578 4869 1
4579 4295 7
4579 1036 9
4579 980 6
4580 2606 4
4580 2658 3
4580 1222 9
4581 2756 3
4581 4927 2
4581 3690 6
4581 1867 3
4582 1997 4
4582 4502 10
4582 3813 9
4583 293 10
4583 3102 4
4584 1406 6
4584 3683 9
4584 268 2
4584 3570 8
4584 4679 9
4585 2003 10
4585 255 3
4585 585 8
4585 3950 6
4585 771 7
4586 2387 4
4587 4175 10
4587 1535 10
4587 3748 4
4588 1813 4
4588 4301 6
4589 2347 9
4589 505 7
4589 606 1
4589 402 1
4589 313 9
4590 3081 9
4590 2401 8
4591 1472 9
4591 1867 3
4591 919 3
4591 2157 2
4592 1668 6
4592 3748 10
4593 3123 10
4593 2179 6
4593 1408 8
4594 1701 6
4594 3252 8
4594 3294 10
4595 2142 6
4595 2971 9
4596 3621 6
4596 58 9
4596 793 6
4596 2176 2
4596 926 4
4597 1539 9
4597 4379 5
4597 761 5
4597 4819 1
4597 2004 2
4598 4484 5
4598 1053 8
4598 4455 9
4598 311 5
4599 2019 1
4599 1898 2
4599 1516 10
4599 4890 1
4600 3185 7
4600 3290 3
4600 1630 4
4601 892 5
4601 616 2
4601 4098 10
4601 4428 1
4601 3993 6
4602 2694 3
4602 94 8
4602 2822 9
4602 538 3
4603 1970 10
4603 4520 4
4604 4578 8
4604 583 6
4604 3052 1
4604 1067 10
4605 825 1
4605 1841 3
4605 2703 10
4606 959 10
4606 4988 8
4606 3474 2
4606 1674 8
4606 3339 7
4607 3851 6
4607 2129 8
4608 3251 8
4609 4564 8
4609 3900 3
4609 4492 2
4610 2503 7
4611 2671 6
4612 3152 3
4612 3542 5
4613 4926 1
4614 2332 2
4614 4118 8
4614 1352 10
4614 1203 10
4615 2024 1
4616 3415 3
4616 1550 1
4616 215 5
4617 35 10
4618 1441 4
4619 175 9
4619 4606 10
4620 3820 5
4620 4817 9
4620 4601 2
4620 4213 7
4620 1969 4
4621 4412 4
4621 250 2
4622 2786 7
4623 3410 3
4623 4727 2
4623 1951 9
4623 3944 8
4624 4386 5
4624 4797 10
4625 2054 7
4625 658 3
4625 125 9
4626 781 7
4627 3624 9
4627 4704 3
4627 164 5
4628 4999 3
4628 2054 1
4628 903 8
4628 515 8
4628 4484 7
4629 396 3
4629 4679 6
4630 4725 9
4630 3008 10
4630 2199 6
4630 411 1
4631 4835 1
4631 4096 2
4631 3968 9
4631 4081 6
4631 2923 6
4632 3933 1
4632 3281 7
4633 2163 9
4633 3621 6
4633 3348 2
4633 679 2
4634 430 4
4634 2493 9
4634 3669 9
4634 4485 5
4635 1324 9
4635 3042 2
4636 202 2
4636 1154 2
4636 873 2
4636 4319 10
4637 1503 8
4637 2529 4
4637 3788 5
4638 1717 1
4638 3621 4
4638 438 9
4639 4776 1
4639 896 2
4640 4106 10
4641 2595 7
4641 2551 9
4641 4939 1
4641 2229 10
4641 4527 3
4642 4846 2
4642 3677 5
4643 2451 1
4643 1534 2
4643 2230 10
4644 169 8
4644 1443 6
4645 3668 7
4645 3792 6
4645 2239 8
4646 3193 8
4646 2587 8
4646 2186 2
4646 2685 8
4647 2274 10
4647 2510 2
4648 568 8
4648 4751 10
4648 847 8
4648 3580 1
4649 3231 4
4649 2539 1
4649 823 8
4650 4896 10
4650 4765 10
4650 3953 4
4650 4167 1
4651 2397 4
4651 3032 7
4652 1065 7
4652 854 4
4652 1561 2
4653 4929 9
4653 3246 8
4653 3016 10
4653 4338 4
4653 701 4
4654 4915 10
4655 4226 5
4655 2201 2
4655 402 5
4655 3092 7
4655 4937 7
4656 4726 10
4656 1517 10
4656 635 1
4656 1469 2
4656 1734 2
4657 2337 4
4657 3281 4
4657 3500 1
4657 3465 2
4657 791 3
4658 2683 10
4658 1717 1
4658 3500 4
4659 583 3
4659 4081 9
4659 1865 10
4659 1448 8
4659 3645 9
4660 579 7
4660 3791 2
4660 4426 4
4661 515 10
4661 1361 3
4661 2123 3
4661 3434 4
4662 1053 9
4662 3938 10
4662 4876 2
4663 4945 3
4663 1714 4
4663 4781 9
4663 869 3
4663 2541 2
4664 4907 4
4665 888 4
4666 465 1
4666 1436 2
4666 3191 1
4667 247 9
4667 1218 4
4667 929 4
4667 2120 9
4667 2486 8
4668 4443 9
4668 3565 8
4668 1856 5
4669 4019 1
4669 4950 4
4669 822 8
4669 1285 9
4670 3541 8
4670 1555 4
4670 869 5
4670 758 3
4670 1136 6
4671 402 1
4672 2387 10
4673 1310 6
4674 2958 7
4675 1509 10
4675 1763 7
4676 3126 1
4677 1904 3
4677 543 10
4677 3717 10
4677 1579 8
4677 4440 5
4678 3712 5
4678 2893 8
4678 3656 4
4679 4830 6
4679 1626 3
4679 590 8
4680 2399 2
4680 138 8
4680 3274 5
4681 3548 1
4681 38 4
4681 1229 9
4682 612 9
4682 1035 5
4682 4816 10
4683 3109 10
4683 3637 4
4683 1680 4
4684 4721 8
4684 1756 5
4684 4214 9
4685 296 9
4685 4109 9
4685 4393 7
4685 3548 1
4686 4427 6
4686 616 10
4686 45 9
4687 3721 8
4687 2965 6
4687 2726 8
4687 2837 8
4688 893 8
4688 2969 6
4688 2325 9
4688 4558 4
4689 1879 8
4689 2825 5
4689 3090 8
4689 1500 8
4690 2009 10
4690 4700 2
4691 159 5
4691 1854 6
4691 2773 4
4692 3370 8
4692 4509 1
4692 893 4
4692 4189 2
4693 4701 10
4693 2579 9
4693 763 7
4693 3923 5
4693 2793 3
4694 3418 2
4695 2611 1
4695 1167 2
4695 2226 2
4695 3420 6
4695 3232 4
4696 1880 8
4696 2989 5
4696 2547 1
4697 654 8
4697 2972 9
4697 2111 7
4697 2047 5
4698 2698 5
4698 2308 4
4698 2958 1
4699 2968 7
4699 1862 3
4699 2215 3
4699 4466 4
4700 2301 8
4700 2162 5
4700 470 2
4700 3243 5
4700 2517 4
4701 2443 3
4701 34 2
4701 3397 4
4702 4390 9
4702 4332 6
4702 4798 4
4703 3494 1
4703 1064 1
4703 1156 8
4704 2485 2
4704 3551 8
4704 4499 3
4704 3556 5
4705 2129 1
4705 2977 4
4706 1059 4
4706 59 5
4706 3531 10
4707 1525 8
4708 3158 8
4708 2009 3
4709 1683 6
4709 904 8
4709 2307 10
4710 2180 1
4710 2339 5
4710 4995 3
4710 1376 2
4711 472 2
4711 4178 1
4712 4009 7
4712 165 8
4713 2078 2
4713 3327 10
4713 4649 6
4713 1980 4
4714 4983 9
4714 1290 6
4715 293 8
4715 4891 1
4715 614 9
4715 2075 4
4716 311 6
4716 1248 10
4716 4821 9
4716 1804 8
4716 2451 4
4717 3624 1
4717 1900 7
4717 4992 6
4717 4268 6
4718 3639 6
4718 3166 9
4719 2050 6
4719 4631 5
4720 3135 6
4720 895 3
4720 2177 10
4721 3512 1
4722 3305 3
4723 213 8
4723 424 2
4724 3825 5
4725 1344 8
4725 893 4
4726 367 2
4726 624 8
4727 1038 8
4727 407 3
4727 190 4
4727 3176 8
4728 994 2
4728 255 3
4728 4841 6
4728 1962 10
4729 1507 2
4729 1329 9
4730 3895 8
4730 4389 8
4730 3191 8
4730 4340 2
4731 1811 7
4731 1846 10
4732 4395 1
4732 4222 10
4732 3284 8
4733 2501 2
4734 3486 3
4734 2418 1
4734 2506 1
4734 690 2
4734 2965 5
4735 1578 1
4735 4539 8
4735 1286 4
4736 2031 10
4736 878 9
4736 2022 10
4737 3525 1
4737 2091 6
4737 3401 10
4737 2150 5
4738 2030 3
4738 2483 7
4738 894 7
4739 2294 8
4739 3715 5
4739 3403 9
4740 212 8
4740 803 2
4740 1696 1
4740 4514 4
4740 13 3
4741 3350 10
4741 4477 3
4741 1490 4
4741 420 1
4741 3327 5
4742 1899 3
4742 441 2
4743 2541 3
4743 4517 9
4743 4268 6
4743 4278 6
4744 3053 7
4744 64 5
4744 4657 2
4745 4071 1
4745 2397 4
4746 2630 4
4746 2226 9
4746 1597 10
4746 687 5
4746 4237 3
4747 859 8
4748 1621 4
4748 2702 2
4748 2506 2
4749 3303 4
4749 4465 8
4750 2979 7
4751 3827 3
4752 4213 7
4752 1412 7
4752 4920 1
4753 4210 8
4753 226 7
4754 1133 9
4754 4792 2
4754 2513 3
4754 179 4
4754 4594 6
4755 4918 5
4756 229 3
4756 1202 10
4756 4010 9
4756 2029 1
4756 3164 10
4757 3033 5
4758 2466 1
4758 2952 4
4758 2617 3
4759 1296 8
4759 4675 2
4759 2268 10
4760 4238 5
4760 993 5
4761 3881 1
4761 517 8
4761 1844 10
4761 4172 2
4762 2929 4
4762 233 2
4762 3455 6
4762 4314 9
4762 2875 2
4763 3039 8
4763 1195 2
4763 3800 4
4763 4403 8
4763 1252 2
4764 1569 8
4764 286 5
4764 183 5
4765 3512 7
4766 597 4
4767 1845 2
4767 107 3
4767 2912 7
4767 520 10
4767 2577 5
4768 3146 4
4768 2025 7
4768 2749 10
4769 1707 10
4769 3671 4
4770 2346 7
4770 3450 8
4770 1883 9
4770 2541 7
4770 4918 8
4771 4673 8
4772 2757 9
4773 2556 6
4773 3551 1
4773 4513 6
4773 2627 4
4774 1875 7
4774 3974 1
4774 937 10
4775 3903 9
4775 4931 10
4776 3927 10
4776 1839 8
4776 173 5
4777 2399 5
4777 1640 3
4777 4213 3
4777 2411 4
4778 1179 1
4779 3898 3
4780 1804 6
4780 4561 7
4780 3368 5
4780 1794 2
4781 2118 2
4781 4662 6
4782 1597 7
4782 4328 2
4783 2726 7
4783 2043 10
4783 2448 2
4783 763 3
4784 1336 5
4785 2743 7
4785 1126 2
4785 946 5
4785 4836 7
4786 1240 6
4787 2326 2
4787 1844 10
4787 164 5
4788 4853 1
4788 3305 8
4789 803 2
4789 978 3
4789 2800 3
4789 1282 8
4789 596 1
4790 1199 4
4790 2122 10
4790 1863 10
4790 4772 1
4790 4490 7
4791 3102 2
4791 3319 10
4791 1519 6
4791 1146 4
4791 315 3
4792 3336 4
4792 1745 3
4792 3502 9
4793 1898 9
4793 4750 2
4793 251 5
4794 3285 9
4794 2014 6
4794 1887 7
4795 1478 6
4795 4883 1
4796 2497 4
4796 2839 6
4797 289 2
4797 411 6
4797 45 1
4797 342 3
4798 1965 7
4798 928 10
4798 2851 2
4799 3006 10
4799 1742 10
4799 2045 8
4799 4774 9
4799 4498 7
4800 1528 5
4801 2381 1
4801 1052 1
4801 2927 4
4801 4246 9
4801 2717 2
4802 4455 10
4802 4279 3
4802 1945 9
4802 4307 7
4802 3878 8
4803 2124 10
4803 1920 2
4803 4101 6
4803 3166 1
4803 1163 5
4804 3139 8
4805 2501 10
4805 283 6
4805 2485 1
4805 1345 10
4805 3364 5
4806 4780 1
4806 1093 4
4807 299 9
4807 4965 9
4807 4192 8
4807 2569 2
4808 35 7
4808 4340 4
4809 1299 9
4809 3574 3
4809 4772 1
4810 3847 10
4810 492 4
4811 4957 2
4811 4164 3
4811 515 9
4811 1332 6
4812 4218 6
4812 2754 10
4812 1883 8
4813 2369 3
4813 1674 3
4814 2014 1
4814 219 6
4814 1943 4
4815 1852 5
4815 635 6
4815 2749 7
4815 2153 10
4816 2859 7
4816 4845 6
4816 835 4
4816 1121 1
4817 4903 4
4817 3096 10
4817 2473 7
4817 152 8
4817 4582 4
4818 2387 3
4818 3960 9
4818 4929 9
4818 1715 2
4818 1548 5
4819 4802 4
4819 2985 4
4819 241 5
4819 3909 9
4820 1314 5
4820 4731 2
4820 700 5
4821 1718 8
4821 1826 7
4821 424 3
4821 3314 5
4822 1227 1
4822 2385 6
4822 3513 9
4822 298 9
4823 4043 8
4824 4601 8
4824 3395 7
4825 3625 7
4825 2796 6
4825 4669 4
4825 631 7
4826 696 8
4826 3213 3
4826 2698 6
4826 3144 5
4827 90 3
4827 424 4
4828 4314 4
4829 4392 5
4829 2472 1
4830 4816 7
4830 2770 3
4831 2361 9
4832 4336 6
4832 2353 9
4832 1120 10
4832 905 7
4832 1674 5
4833 674 7
4833 3199 8
4833 2805 1
4833 2050 1
4833 703 5
4834 1783 8
4834 3050 9
4835 3306 7
4835 3422 6
4836 1839 6
4836 3969 1
4837 558 10
4837 938 7
4837 3050 2
4838 3695 6
4839 774 3
4839 4734 2
4840 4900 10
4840 3384 9
4841 4893 9
4841 1914 1
4842 1566 10
4842 2627 8
4843 2742 8
4843 1426 6
4843 3801 2
4843 1867 10
4844 3210 7
4844 4299 4
4844 558 5
4844 3960 7
4845 50 4
4845 662 2
4846 4726 5
4846 2305 5
4847 983 2
4847 2621 9
4848 2924 1
4848 699 2
4848 2068 1
4849 159 10
4849 1829 1
4849 4915 2
4849 4037 1
4849 4203 10
4850 1421 1
4850 515 5
4850 2672 2
4850 1528 10
4850 2746 10
4851 3541 9
4851 1847 2
4851 4732 10
4851 1754 3
4852 2102 10
4852 2984 5
4852 310 1
4853 4651 2
4853 2636 2
4854 635 4
4854 3550 3
4855 1076 9
4855 1008 6
4856 4025 10
4857 1908 8
4857 3158 5
4857 1051 8
4858 4533 5
4858 4748 10
4858 3881 2
4858 53 6
4858 4662 3
4859 1584 10
4859 3951 1
4859 4204 5
4859 2017 4
4860 813 5
4861 717 10
4861 2143 8
4861 1258 2
4861 2950 2
4862 3359 1
4862 1043 1
4862 4630 4
4863 4215 6
4863 320 3
4863 2225 3
4863 1865 6
4864 4651 10
4864 3103 6
4864 1239 8
4864 4151 9
4865 3577 4
4866 2627 10
4866 1382 5
4866 3746 8
4866 586 8
4867 2558 6
4867 2836 5
4867 3103 6
4868 1434 10
4869 2234 9
4869 4005 10
4870 2136 2
4871 1883 3
4871 1141 10
4872 1305 5
4873 2484 2
4873 1192 9
4874 1753 4
4874 4316 1
4874 579 9
4874 4962 9
4875 4918 4
4875 4582 5
4875 2701 8
4875 992 1
4875 112 2
4876 3435 5
4876 376 10
4876 4863 8
4876 4318 2
4876 2841 8
4877 798 3
4877 2877 1
4877 138 8
4877 4726 9
4877 1575 7
4878 1225 3
4878 1256 1
4878 307 9
4878 3367 7
4879 3480 7
4880 4467 6
4880 2877 10
4880 4003 7
4880 1466 9
4880 4179 2
4881 1786 8
4881 189 8
4882 4626 8
4882 1373 9
4882 4344 2
4883 3052 3
4883 3859 9
4883 1943 6
4883 3969 6
4884 1473 4
4884 2184 10
4884 3888 8
4884 4863 3
4884 4787 3
4885 1026 4
4885 2353 5
4885 1401 2
4885 4528 3
4885 2770 10
4886 4756 8
4886 1739 3
4887 4066 5
4887 1241 6
4887 4003 2
4887 1061 1
4888 1651 1
4888 1081 9
4888 4845 6
4888 991 5
4888 2776 3
4889 159 8
4889 625 1
4889 458 2
4890 1725 7
4890 3315 6
4890 4812 9
4891 1492 5
4891 3704 2
4892 3899 8
4892 4858 3
4892 2203 3
4892 4855 7
4893 2670 8
4894 3568 10
4894 2909 4
4895 1761 10
4896 2433 7
4896 2706 9
4896 3435 3
4896 351 5
4897 2226 5
4897 3056 1
4897 4404 1
4898 324 6
4898 2363 5
4898 1771 9
4899 1240 4
4899 3888 5
4899 2601 4
4899 1032 1
4900 2579 4
4900 3836 10
4901 2401 1
4902 2311 7
4902 1136 1
4903 756 7
4903 2357 2
4903 457 1
4903 4946 8
4904 3341 7
4904 4456 1
4904 1266 9
4904 16 6
4905 4858 8
4905 3178 7
4905 3451 7
4906 784 3
4907 107 7
4908 417 10
4908 534 9
4908 3082 10
4908 4285 4
4908 3808 4
4909 3636 3
4909 592 9
4909 2308 8
4910 4019 7
4911 3742 10
4911 905 7
4911 2694 4
4911 1772 5
4911 2156 10
4912 3767 9
4912 4592 4
4912 2077 6
4912 739 3
4912 4238 6
4913 2247 10
4913 1311 5
4913 3873 10
4914 324 3
4915 2825 5
4916 659 7
4917 1592 10
4917 2859 1
4917 1068 9
4917 714 7
4917 928 4
4918 1832 10
4918 888 10
4919 4842 1
4919 2785 1
4920 4025 1
4921 4171 9
4921 1401 7
4921 184 6
4921 3879 5
4921 3570 2
4922 4549 9
4922 4649 2
4922 2859 8
4922 505 1
4923 389 6
4923 1638 5
4924 3481 10
4924 922 10
4925 3230 2
4925 2495 4
4926 1404 1
4926 4962 2
4926 2356 7
4926 4292 8
4926 3583 1
4927 4073 4
4927 4146 7
4927 3911 8
4927 4238 2
4927 2412 10
4928 4564 5
4928 1635 4
4928 2472 10
4929 231 6
4929 2273 7
4929 652 9
4930 3471 1
4930 1390 1
4931 86 3
4931 558 10
4931 4078 4
4931 730 1
4931 1790 4
4932 2816 4
4932 4751 10
4932 2749 6
4933 139 1
4933 3445 9
4934 3640 4
4934 241 2
4934 3697 9
4934 153 6
4934 1699 6
4935 1878 9
4936 2044 1
4936 202 2
4936 2745 5
4936 2519 2
4937 4915 4
4937 2986 8
4937 3654 4
4937 4230 6
4938 3589 1
4939 736 2
4939 749 8
4939 4844 2
4939 3113 6
4939 696 8
4940 4388 10
4940 391 10
4940 10 10
4941 4471 4
4941 4784 3
4941 4581 3
4941 2356 8
4941 3591 3
4942 3111 5
4942 3977 6
4942 1013 4
4942 45 3
4942 10 2
4943 662 5
4943 3923 4
4943 613 4
4943 2518 9
4943 3837 7
4944 724 5
4944 3686 7
4944 2186 5
4945 4010 9
4945 3405 8
4945 2361 3
4946 4994 5
4946 3037 1
4946 3664 6
4946 1360 6
4946 1572 7
4947 2099 2
4947 3824 4
4948 4056 1
4948 4492 6
4949 798 5
4949 2671 1
4949 4403 4
4950 2058 10
4950 4564 7
4950 791 6
4950 3659 4
4951 2094 6
4951 1336 8
4951 415 7
4951 3377 6
4951 3450 4
4952 3162 3
4952 2263 9
4952 711 9
4952 982 5
4953 156 6
4953 2781 7
4954 4927 3
4954 4699 8
4955 4175 8
4955 1289 7
4955 4851 2
4955 2412 1
4955 4525 10
4956 1647 3
4956 2629 8
4956 991 6
4956 4391 2
4956 3474 4
4957 2743 5
4957 165 8
4957 1053 9
4957 919 2
4958 2549 4
4958 30 9
4959 4070 6
4959 4477 2
4959 3009 3
4959 4321 2
4960 2358 3
4960 2122 9
4960 3374 4
4961 463 5
4961 578 8
4962 39 5
4962 1906 3
4962 4850 9
4962 1092 4
4962 4049 10
4963 2669 10
4963 2581 4
4963 4772 10
4964 1013 9
4964 1312 7
4964 2190 2
4965 959 9
4965 1502 1
4965 767 4
4965 2757 2
4965 190 4
4966 3538 5
4967 3800 3
4967 959 5
4967 4748 1
4968 624 1
4968 1683 4
4969 4760 1
4969 3174 5
4969 2947 2
4969 3077 5
4970 4780 5
4970 522 1
4970 1942 7
4970 4423 5
4971 4926 4
4972 2485 7
4972 1415 7
4972 1210 7
4972 2314 8
4972 586 8
4973 4471 2
4973 2987 1
4973 152 5
4973 4888 4
4973 3732 2
4974 1064 10
4974 1516 10
4975 2146 10
4975 2525 9
4975 1191 7
4975 4500 2
4976 953 3
4976 2697 7
4976 13 9
4976 904 4
4977 1533 9
4977 4662 2
4978 3437 3
4978 1827 4
4978 2014 6
4978 3221 8
4979 1126 7
4979 998 8
4980 4071 3
4980 590 5
4981 3447 6
4981 4434 9
4981 2612 3
4982 3845 8
4982 2979 6
4982 4988 1
4982 3462 10
4982 4133 6
4983 3577 6
4983 1385 3
4984 1230 8
4984 1755 7
4984 656 1
4985 663 5
4985 4288 3
4985 1545 2
4985 4720 6
4985 3413 3
4986 300 6
4987 616 10
4988 1084 5
4988 2986 7
4989 1852 9
4989 988 1
4989 3441 10
4990 3373 7
4990 4819 7
4991 1084 1
4992 3178 1
4992 2684 6
4993 2825 7
4993 3013 1
4993 1289 2
4993 2958 7
4994 2321 2
4994 3450 10
4994 2841 7
4995 2667 1
4996 1978 1
4996 2735 3
4996 2399 2
4996 3452 9
4996 1058 9
4997 3624 6
4998 907 2
4998 1449 8
4998 626 9
4998 1134 9
4999 3174 6
4999 4457 8
4999 4606 8
5000 2292 9
5000 1412 10
5000 4072 1
5000 4894 9
5000 2646 6
