5000 0 0 1
4873 2531 14
2531 4147 14
4147 135 4
135 2646 19
2646 542 7
542 426 17
426 1199 13
1199 1364 12
1364 4891 20
4891 1598 19
1598 4680 13
4680 1858 2
1858 2922 1
2922 2586 9
2586 2565 1
2565 2199 11
2199 961 18
961 2251 9
2251 4306 11
4306 3489 9
3489 1008 16
1008 260 3
260 413 8
413 2845 19
2845 3501 17
3501 1963 8
1963 1105 3
1105 1419 5
1419 3097 20
3097 1566 19
1566 4377 3
4377 2414 19
2414 706 13
706 2813 14
2813 2046 10
2046 4814 14
4814 1018 8
1018 3869 20
3869 1320 17
1320 4047 12
4047 4107 6
4107 754 10
754 892 17
892 648 19
648 3910 9
3910 3347 18
3347 1108 3
1108 576 17
576 1643 18
1643 86 9
86 878 14
878 4592 16
4592 130 19
130 1884 20
1884 976 4
976 3028 12
3028 2039 13
2039 4016 16
4016 947 8
947 3325 11
3325 2339 20
2339 563 20
563 1395 1
1395 393 2
393 2444 17
2444 264 14
264 1310 18
1310 2489 11
2489 1440 15
1440 3099 17
3099 4181 16
4181 2713 5
2713 355 18
355 199 1
199 1799 20
1799 3451 20
3451 2894 18
2894 643 7
643 1554 8
1554 1992 11
1992 3362 3
3362 3454 8
3454 1899 19
1899 2763 7
2763 437 16
437 4344 17
4344 3398 3
3398 3318 18
3318 3668 9
3668 4402 20
4402 414 17
414 1415 12
1415 2664 15
2664 963 13
963 3816 10
3816 2491 2
2491 2886 16
2886 3572 18
3572 225 14
225 4044 12
4044 3809 14
3809 4084 9
4084 4775 18
4775 3171 19
3171 3313 2
3313 2911 19
2911 2117 4
2117 3211 14
3211 4327 7
4327 139 10
139 3674 9
3674 2721 13
2721 3874 1
3874 1033 12
1033 2883 5
2883 2101 2
2101 682 17
682 313 13
313 178 15
178 4155 12
4155 3045 4
3045 3468 16
3468 4728 8
4728 2766 2
2766 1744 4
1744 4229 15
4229 1226 5
1226 4317 10
4317 4113 19
4113 4440 15
4440 394 19
394 3151 1
3151 2897 8
2897 2849 9
2849 3122 14
3122 2726 2
2726 3902 18
3902 3909 9
3909 2736 2
2736 3559 19
3559 982 6
982 784 8
784 3507 6
3507 4662 18
4662 4712 6
4712 252 12
252 3723 19
3723 4119 12
4119 4064 5
4064 2647 17
2647 2709 13
2709 3012 7
3012 820 2
820 2747 2
2747 1470 11
1470 2680 19
2680 4303 9
4303 870 6
870 316 13
316 1966 13
1966 1466 9
1466 1307 11
1307 344 8
344 3517 10
3517 1832 8
1832 1583 20
1583 667 10
667 2248 7
2248 4791 13
4791 3348 17
3348 1134 8
1134 4480 1
4480 26 8
26 1785 16
1785 1233 18
1233 2070 11
2070 1780 4
1780 1194 15
1194 3536 14
3536 2125 6
2125 1019 14
1019 4826 17
4826 4345 17
4345 4714 5
4714 18 20
18 164 12
164 1203 20
1203 1634 3
1634 315 4
315 120 8
120 1417 9
1417 4617 20
4617 218 15
218 2085 14
2085 1125 18
1125 318 10
318 2669 15
2669 4489 5
4489 3095 11
3095 1389 13
1389 3286 19
3286 4164 1
4164 4652 11
4652 4242 1
4242 4525 20
4525 2557 9
2557 326 18
326 4631 14
4631 4922 17
4922 22 12
22 2493 14
2493 3222 7
3222 481 14
481 4745 4
4745 2595 17
2595 2412 6
2412 3651 10
3651 3635 6
3635 4312 13
4312 1053 18
1053 3275 9
3275 3147 15
3147 3306 11
3306 4148 11
4148 2453 12
2453 2835 16
2835 1140 4
1140 2095 12
2095 1553 3
1553 1880 3
1880 4104 6
4104 4283 14
4283 3989 11
3989 1680 1
1680 3476 18
3476 1859 4
1859 2619 19
2619 219 1
219 1379 10
1379 1975 1
1975 759 15
759 1610 4
1610 4460 5
4460 4136 3
4136 2908 17
2908 1607 2
1607 2707 12
2707 4895 9
4895 1612 20
1612 626 19
626 3621 19
3621 2185 19
2185 1943 4
1943 1836 15
1836 147 18
147 4541 10
4541 3771 5
3771 1760 20
1760 987 20
987 1165 7
1165 1557 12
1557 3920 18
3920 680 14
680 3814 9
3814 3523 6
3523 4007 5
4007 3118 10
3118 1812 19
1812 1433 9
1433 4643 7
4643 1816 10
1816 127 18
127 1099 14
1099 2900 19
2900 565 13
565 2211 16
2211 3086 6
3086 1784 8
1784 1055 7
1055 2228 18
2228 2236 4
2236 4463 13
4463 3008 7
3008 717 18
717 4408 18
4408 3842 6
3842 1625 4
1625 2213 17
2213 1262 9
1262 1437 4
1437 157 2
157 249 3
249 4994 18
4994 2410 12
2410 3433 2
3433 365 18
365 4880 4
4880 4085 1
4085 943 15
943 4839 19
4839 989 15
989 2475 16
2475 1221 9
1221 4213 16
4213 3036 17
3036 4853 4
4853 2768 18
2768 1497 9
1497 162 8
162 348 19
348 3610 11
3610 4420 16
4420 2999 2
2999 737 19
737 3948 6
3948 1282 6
1282 2114 17
2114 766 17
766 4968 12
4968 1913 7
1913 2705 2
2705 4607 8
4607 4130 9
4130 1787 16
1787 1791 15
1791 3330 2
3330 2919 5
2919 4518 19
4518 3202 15
3202 101 14
101 117 15
117 2295 8
2295 1060 5
1060 521 12
521 293 9
293 728 17
728 4734 17
4734 1540 6
1540 2498 10
2498 1920 13
1920 2392 2
2392 3728 19
3728 271 6
271 3189 5
3189 664 18
664 1847 8
1847 1126 8
1126 4133 9
4133 440 1
440 1461 13
1461 11 5
11 3190 20
3190 3900 11
3900 3234 20
3234 4499 11
4499 3293 11
3293 3199 4
3199 1587 8
1587 2618 6
2618 1059 8
1059 3354 16
3354 1813 17
1813 4976 2
4976 500 17
500 567 4
567 3896 7
3896 1516 2
1516 688 15
688 4526 8
4526 4945 2
4945 1452 11
1452 2431 5
2431 1619 10
1619 4346 9
4346 3061 6
3061 2722 9
2722 4288 19
4288 1313 5
1313 791 4
791 1949 11
1949 28 18
28 3952 17
3952 1127 20
1127 4653 18
4653 564 15
564 3881 10
3881 3050 12
3050 4481 1
4481 1205 10
1205 3838 3
3838 514 8
514 1476 11
1476 2676 19
2676 4870 7
4870 4674 3
4674 134 3
134 3458 16
3458 1991 19
1991 1870 15
1870 1344 16
1344 3030 16
3030 1639 20
1639 449 14
449 3509 10
3509 72 9
72 4424 4
4424 1009 8
1009 543 13
543 2632 20
2632 3957 4
3957 1653 17
1653 4717 16
4717 4811 9
4811 3262 5
3262 1777 20
1777 2783 14
2783 3514 7
3514 2654 13
2654 1518 17
1518 1596 9
1596 4845 6
4845 4456 3
4456 3758 14
3758 3707 10
3707 2719 20
2719 4689 16
4689 3001 5
3001 4773 14
4773 2533 17
2533 969 13
969 2613 6
2613 523 5
523 2756 10
2756 177 13
177 3248 17
3248 760 18
760 4069 9
4069 1671 17
1671 3689 16
3689 3561 9
3561 2366 15
2366 2626 14
2626 3485 6
3485 3766 11
3766 3481 6
3481 1688 20
1688 2409 16
2409 3145 7
3145 1538 14
1538 399 10
399 1413 10
1413 1733 4
1733 15 12
15 2512 10
2512 874 16
874 2397 20
2397 4335 19
4335 4285 6
4285 2486 14
2486 4393 20
4393 3026 18
3026 4472 1
4472 3361 19
3361 4756 14
4756 1498 6
1498 4215 6
4215 1952 13
1952 3936 2
3936 3200 6
3200 2133 14
2133 245 16
245 3159 9
3159 2744 6
2744 1438 12
1438 3304 5
3304 2195 1
2195 1084 10
1084 1480 19
1480 3571 19
3571 2938 8
2938 730 14
730 3596 9
3596 3214 13
3214 1333 20
1333 1904 13
1904 227 13
227 3641 3
3641 1186 16
1186 1449 15
1449 3967 10
3967 1933 2
1933 3857 1
3857 3999 9
3999 827 16
827 2369 20
2369 1830 5
1830 4769 18
4769 3620 9
3620 1989 3
1989 4834 6
4834 4321 16
4321 2325 6
2325 1064 14
1064 3876 9
3876 4055 3
4055 3194 3
3194 346 19
346 4357 10
4357 2099 7
2099 3029 19
3029 4579 3
4579 3631 7
3631 804 17
804 2819 4
2819 4657 2
4657 4516 9
4516 3431 17
3431 1695 7
1695 4390 16
4390 463 3
463 1600 18
1600 3583 17
3583 4281 4
4281 2330 13
2330 2502 20
2502 353 12
353 4437 16
4437 1573 4
1573 3581 5
3581 2509 8
2509 1102 2
1102 1755 13
1755 4058 16
4058 4122 6
4122 2644 7
2644 3322 20
3322 324 1
324 4048 16
4048 4250 5
4250 1563 16
1563 50 15
50 1174 14
1174 2271 8
2271 3985 6
3985 2131 14
2131 2785 6
2785 1850 8
1850 2120 13
2120 445 20
445 4149 20
4149 4721 10
4721 501 17
501 17 2
17 2684 3
2684 1852 9
1852 4364 14
4364 179 1
179 125 11
125 2212 6
2212 253 6
253 4753 1
4753 3822 3
3822 2572 16
2572 3357 2
3357 4240 12
4240 2672 20
2672 133 6
133 2384 6
2384 374 16
374 2874 13
2874 1798 15
1798 2510 20
2510 2866 4
2866 1663 20
1663 4304 10
4304 1864 13
1864 1501 3
1501 1082 4
1082 1789 16
1789 1519 19
1519 3208 3
3208 4207 4
4207 951 2
951 3259 19
3259 4228 6
4228 647 7
647 1906 19
1906 4707 15
4707 1153 9
1153 2755 11
2755 1723 19
1723 475 6
475 1424 10
1424 4078 9
4078 3364 4
3364 1902 4
1902 838 5
838 3258 19
3258 2984 19
2984 3444 13
3444 4341 4
4341 1338 17
1338 3088 7
3088 934 2
934 2505 15
2505 1426 11
1426 333 4
333 3831 7
3831 2843 19
2843 462 9
462 1230 6
1230 633 20
633 1973 9
1973 696 1
696 3230 4
3230 3715 14
3715 1985 9
1985 860 10
860 334 4
334 377 14
377 243 1
243 694 12
694 3408 15
3408 1924 10
1924 4496 4
4496 3634 17
3634 1900 19
1900 578 10
578 3983 3
3983 723 15
723 1015 17
1015 4083 3
4083 53 14
53 3619 9
3619 2373 14
2373 2501 14
2501 3532 17
3532 1402 13
1402 4624 19
4624 3917 3
3917 3146 14
3146 4282 8
4282 3410 9
3410 841 11
841 3072 15
3072 1197 20
1197 1972 3
1972 3626 7
3626 119 17
119 3899 14
3899 1291 1
1291 4014 4
4014 2893 5
2893 1630 20
1630 1328 7
1328 1542 6
1542 2177 14
2177 2107 20
2107 3241 5
3241 1740 5
1740 1385 14
1385 4629 11
4629 2239 18
2239 1815 4
1815 4033 20
4033 3625 3
3625 3112 2
3112 4639 10
4639 3305 16
3305 1750 16
1750 3085 15
3085 2094 10
2094 3716 6
3716 2287 14
2287 4355 17
4355 3421 9
3421 1743 17
1743 2547 12
2547 632 12
632 280 9
280 4459 7
4459 508 17
508 3709 12
3709 4965 7
4965 471 1
471 549 10
549 307 18
307 2240 11
2240 1468 18
1468 1051 19
1051 4106 2
4106 330 20
330 361 16
361 3650 14
3650 350 6
350 3257 7
3257 3821 17
3821 2688 12
2688 533 6
533 4832 6
4832 2958 11
2958 1697 3
1697 4422 14
4422 347 19
347 284 1
284 1839 18
1839 3678 6
3678 2056 4
2056 3467 13
3467 4478 8
4478 1731 13
1731 52 12
52 1866 2
1866 1569 5
1569 312 1
312 4466 2
4466 2648 1
2648 3416 17
3416 487 9
487 3227 18
3227 1834 13
1834 2220 6
2220 1768 6
1768 1621 11
1621 3355 8
3355 3150 11
3150 4664 11
4664 2263 11
2263 4747 11
4747 1130 3
1130 1284 2
1284 2633 4
2633 2075 12
2075 3552 8
3552 2539 7
2539 4793 2
4793 2503 10
2503 1690 14
1690 4619 17
4619 4383 18
4383 2583 14
2583 3784 15
3784 2145 9
2145 4985 12
4985 1479 4
1479 2780 8
2780 1327 9
1327 207 6
207 2121 13
2121 1035 19
1035 2234 5
2234 398 16
398 4366 12
4366 1023 8
1023 665 10
665 1222 14
1222 60 16
60 2678 16
2678 2025 18
2025 3437 11
3437 749 4
749 1935 6
1935 1801 12
1801 2393 6
2393 2641 12
2641 2534 13
2534 965 18
965 660 5
660 3038 18
3038 3940 9
3940 79 11
79 4246 15
4246 458 17
458 4983 14
4983 1708 17
1708 985 7
985 3673 8
3673 1380 11
1380 2990 6
2990 2871 1
2871 1109 13
1109 3760 11
3760 4445 13
4445 1150 17
1150 3004 5
3004 4866 11
4866 4901 2
4901 2807 14
2807 1773 18
1773 64 14
64 1258 14
1258 2092 14
2092 4041 9
4041 115 15
115 1318 5
1318 2910 13
2910 1797 19
1797 4452 16
4452 68 10
68 1335 11
1335 2717 1
2717 3422 11
3422 420 1
420 4453 19
4453 3173 6
3173 991 1
991 1849 19
1849 1289 12
1289 3168 9
3168 1876 7
1876 683 16
683 2135 11
2135 3250 13
3250 1762 9
1762 4732 19
4732 2035 7
2035 4585 17
4585 4589 16
4589 3949 13
3949 1980 8
1980 3582 15
3582 2202 20
2202 242 13
242 919 9
919 3492 6
3492 1397 9
1397 1804 14
1804 1549 17
1549 2013 16
2013 405 20
405 1562 17
1562 4003 18
4003 2715 10
2715 3530 9
3530 96 15
96 1654 20
1654 4829 15
4829 4667 17
4667 190 4
190 3652 7
3652 2424 17
2424 4315 13
4315 2055 2
2055 2016 14
2016 3358 3
3358 4251 11
4251 3638 12
3638 904 13
904 4844 4
4844 4984 19
4984 4329 7
4329 285 8
285 4176 6
4176 657 12
657 3143 13
3143 977 18
977 4376 9
4376 215 3
215 2730 20
2730 4955 11
4955 2037 9
2037 990 20
990 1509 3
1509 3944 1
3944 2184 8
2184 1311 4
1311 2143 19
2143 950 17
950 2685 4
2685 2105 11
2105 4418 5
4418 4532 5
4532 359 5
359 4783 19
4783 4503 15
4503 3013 15
3013 1246 19
1246 3287 17
3287 3587 7
3587 3409 15
3409 2553 17
2553 2913 15
2913 3576 4
3576 3228 7
3228 2830 13
2830 2257 2
2257 3043 13
3043 2939 9
2939 3475 13
3475 3860 20
3860 1764 12
1764 2993 5
2993 3172 5
3172 2378 12
2378 1721 3
1721 416 8
416 1877 4
1877 2577 14
2577 4009 19
4009 1710 7
1710 4276 8
4276 4169 3
4169 3119 1
3119 2884 9
2884 99 19
99 1724 9
1724 1256 16
1256 2929 10
2929 2059 1
2059 2363 17
2363 457 16
457 154 17
154 2380 19
2380 4421 1
4421 3696 7
3696 400 17
400 4392 8
4392 4255 12
4255 4297 16
4297 2072 8
2072 2111 7
2111 629 8
629 4960 11
4960 2991 19
2991 4650 18
4650 1648 20
1648 3412 19
3412 2335 11
2335 356 4
356 3628 12
3628 3762 13
3762 1585 9
1585 1871 20
1871 2323 14
2323 3192 2
3192 1192 16
1192 4244 17
4244 3849 4
3849 4323 20
4323 29 10
29 635 19
635 3727 13
3727 2790 3
2790 3503 9
3503 2645 16
2645 2435 7
2435 2448 19
2448 2079 19
2079 4093 10
4093 4659 19
4659 464 6
464 1903 4
1903 2704 2
2704 1590 1
1590 275 6
275 3387 17
3387 384 15
384 2467 5
2467 4023 20
4023 930 1
930 3203 3
3203 3770 1
3770 939 19
939 2386 5
2386 4473 1
4473 27 6
27 548 2
548 1736 5
1736 2449 9
2449 4325 12
4325 851 1
851 1504 5
1504 1210 3
1210 2316 20
2316 3181 11
3181 4801 7
4801 357 7
357 1157 18
1157 1401 18
1401 877 11
877 12 6
12 577 2
577 2690 16
2690 3390 15
3390 483 4
483 1325 7
1325 1017 12
1017 4196 13
4196 3157 5
3157 735 10
735 4369 3
4369 4738 17
4738 1618 8
1618 4336 9
4336 1684 5
1684 3133 4
3133 2473 20
2473 3037 16
3037 9 9
9 1937 11
1937 70 7
70 4508 20
4508 2962 1
2962 4373 8
4373 3684 7
3684 997 4
997 4883 10
4883 4735 6
4735 206 14
206 817 3
817 2750 20
2750 1072 8
1072 2773 14
2773 3742 4
3742 1668 3
1668 159 12
159 4063 5
4063 3681 15
3681 1074 8
1074 1378 5
1378 887 10
887 875 2
875 2872 20
2872 3705 8
3705 1058 4
1058 3067 7
3067 750 2
750 4696 1
4696 2821 2
2821 4138 17
4138 1817 4
1817 304 20
304 1964 20
1964 781 8
781 4081 12
4081 112 20
112 2097 13
2097 55 19
55 1865 10
1865 2421 10
2421 4145 2
4145 4762 7
4762 909 1
909 4253 15
4253 4275 13
4275 2167 13
2167 4723 8
4723 4272 2
4272 4062 13
4062 4163 4
4163 1489 19
1489 1530 5
1530 4603 15
4603 2538 3
2538 1521 17
1521 3359 4
3359 4563 8
4563 1536 16
1536 1486 17
1486 38 6
38 2637 5
2637 3279 13
3279 4067 11
4067 4367 14
4367 882 7
882 4120 18
4120 4822 1
4822 3828 3
3828 4751 18
4751 4334 17
4334 3570 1
3570 4746 12
4746 65 9
65 268 20
268 3844 13
3844 4613 5
4613 4184 2
4184 4750 7
4750 1025 12
1025 1361 6
1361 2214 11
2214 1293 5
1293 2051 18
2051 1983 20
1983 2507 6
2507 1029 7
1029 2044 7
2044 4258 13
4258 2840 10
2840 342 13
342 4221 1
4221 1363 1
1363 121 11
121 606 10
606 1863 4
1863 1741 5
1741 4812 15
4812 4384 5
4384 4634 3
4634 1010 5
1010 2376 18
2376 4673 14
4673 3474 16
3474 4372 3
4372 589 9
589 4512 5
4512 1560 9
1560 166 9
166 3826 18
3826 48 7
48 4024 8
4024 672 8
672 397 20
397 4806 9
4806 3253 15
3253 1905 15
1905 1523 11
1523 4248 7
4248 201 10
201 4786 2
4786 1474 6
1474 4309 2
4309 4388 3
4388 4131 16
4131 3504 2
3504 3205 13
3205 4160 4
4160 1103 6
1103 1833 4
1833 2856 9
2856 2477 4
2477 3432 1
3432 469 1
469 183 8
183 4205 8
4205 325 20
325 385 18
385 3837 20
3837 4993 14
4993 3675 14
3675 3788 9
3788 3005 10
3005 2359 20
2359 2820 7
2820 4795 8
4795 3698 12
3698 3046 7
3046 2154 12
2154 3521 5
3521 3320 3
3320 1915 17
1915 1667 14
1667 4957 19
4957 2786 10
2786 1343 1
1343 2490 18
2490 4193 9
4193 3233 6
3233 699 13
699 1559 16
1559 1427 5
1427 1259 1
1259 2895 6
2895 2968 1
2968 4726 18
4726 3836 16
3836 4358 15
4358 3987 19
3987 3882 14
3882 768 17
768 1692 14
1692 3904 6
3904 1223 15
1223 3750 2
3750 2811 16
2811 4530 14
4530 933 10
933 2733 6
2733 2281 17
2281 2757 4
2757 2337 12
2337 2087 17
2087 4192 9
4192 2696 9
2696 3002 15
3002 3508 15
3508 3195 20
3195 95 10
95 4897 9
4897 4128 5
4128 3338 2
3338 3220 12
3220 980 20
980 257 6
257 3374 6
3374 2230 1
2230 2262 20
2262 3380 2
3380 4482 19
4482 3135 17
3135 4566 16
4566 4101 2
4101 4618 6
4618 701 1
701 3076 4
3076 4879 15
4879 3070 15
3070 1214 2
1214 4194 12
4194 3269 18
3269 251 9
251 265 20
265 407 2
407 2928 20
2928 610 15
610 2417 19
2417 806 13
806 869 9
869 771 4
771 1349 2
1349 4066 17
4066 1661 13
1661 3680 2
3680 4908 6
4908 1745 3
1745 2781 16
2781 2042 5
2042 3839 14
3839 3887 8
3887 3870 18
3870 1270 17
1270 3341 3
3341 4930 8
4930 566 20
566 2370 5
2370 825 2
825 4787 15
4787 2603 1
2603 4621 15
4621 900 4
900 1436 5
1436 3682 8
3682 2438 17
2438 1326 15
1326 2459 2
2459 4647 16
4647 3554 12
3554 4141 3
4141 532 10
532 255 18
255 493 13
493 2698 17
2698 600 13
600 962 18
962 4476 2
4476 2207 6
2207 2425 6
2425 4490 10
4490 1454 11
1454 1821 13
1821 2050 3
2050 2345 20
2345 1133 19
1133 3588 5
3588 3811 14
3811 4523 15
4523 474 13
474 4923 16
4923 2569 18
2569 3478 12
3478 1181 16
1181 3264 7
3264 2253 13
2253 2771 11
2771 4464 16
4464 3294 17
3294 687 7
687 1046 17
1046 57 14
57 4467 1
4467 2484 11
2484 3866 8
3866 354 1
354 167 6
167 4363 9
4363 3958 9
3958 2822 17
2822 2621 9
2621 2313 11
2313 1888 18
1888 3835 16
3835 1912 15
1912 2024 5
2024 1683 20
1683 4254 19
4254 4833 12
4833 4494 6
4494 4622 4
4622 4887 18
4887 1631 15
1631 4356 15
4356 3417 10
3417 1565 13
1565 3719 3
3719 1508 15
1508 4535 7
4535 2956 8
2956 3861 3
3861 2082 14
2082 5000 14
5000 386 16
386 3962 15
3962 2301 12
2301 1561 4
1561 4909 16
4909 1783 20
1783 3056 10
3056 1301 14
1301 2882 9
2882 3888 7
3888 2071 1
2071 4505 13
4505 3087 14
3087 2245 14
2245 4319 4
4319 3883 7
3883 1142 2
1142 423 11
423 2389 8
2389 1914 20
1914 3308 17
3308 4925 5
4925 2191 3
2191 1446 16
1446 1370 17
1370 2854 7
2854 4351 19
4351 2231 16
2231 2170 17
2170 1702 20
1702 3966 3
3966 3819 19
3819 906 17
906 1365 6
1365 97 3
97 2268 16
2268 2741 9
2741 2465 9
2465 4719 7
4719 1995 3
1995 1441 10
1441 609 7
609 4469 13
4469 4819 12
4819 2933 6
2933 2334 16
2334 3084 17
3084 23 12
23 3368 16
3368 3212 17
3212 278 8
278 2302 2
2302 2524 3
2524 3452 4
3452 2804 17
2804 2521 10
2521 4266 3
4266 4606 13
4606 2905 1
2905 3655 20
3655 671 20
671 1795 16
1795 2142 12
2142 2404 1
2404 1443 19
1443 4349 11
4349 3312 16
3312 4716 1
4716 2671 3
2671 2317 15
2317 4262 15
4262 3232 4
3232 3332 19
3332 1137 9
1137 3566 2
3566 4982 7
4982 4971 4
4971 1388 11
1388 4701 17
4701 3396 13
3396 2001 8
2001 1034 9
1034 3557 4
3557 1016 12
1016 4570 6
4570 818 9
818 850 18
850 4504 2
4504 3042 15
3042 2663 15
2663 1977 13
1977 3217 13
3217 153 8
153 4271 13
4271 3812 17
3812 1655 16
1655 2920 7
2920 4264 16
4264 1669 2
1669 3336 17
3336 617 7
617 376 4
376 161 1
161 20 9
20 4767 7
4767 4199 9
4199 1006 3
1006 1606 14
1606 579 12
579 2606 1
2606 4103 17
4103 1345 9
1345 1923 16
1923 2810 15
2810 4324 16
4324 434 15
434 2258 18
2258 4577 13
4577 1580 20
1580 3020 7
3020 4777 1
4777 431 18
431 390 19
390 3252 3
3252 2616 4
2616 807 6
807 415 12
415 599 15
599 4289 6
4289 4977 18
4977 343 20
343 3176 13
3176 1825 9
1825 2164 5
2164 3144 2
3144 2068 11
2068 3834 3
3834 3616 8
3616 1739 14
1739 4406 8
4406 4116 8
4116 2653 11
2653 4052 6
4052 2537 20
2537 652 12
652 3053 2
3053 4171 2
4171 3937 20
3937 1853 1
1853 3772 2
3772 4991 9
4991 4511 19
4511 142 5
142 3138 6
3138 2062 11
2062 1253 4
1253 30 11
30 1693 9
1693 2573 17
2573 4045 14
4045 4447 13
4447 448 2
448 2235 8
2235 1172 13
1172 2555 19
2555 1188 19
1188 2 20
2 4998 1
4998 123 19
123 2602 11
2602 1814 1
1814 2040 13
2040 3295 19
3295 2716 3
2716 3177 19
3177 1148 13
1148 137 1
137 3473 7
3473 3179 14
3179 2965 8
2965 2697 15
2697 3198 17
3198 1922 7
1922 461 6
461 698 16
698 2201 18
2201 2551 3
2551 4370 18
4370 1045 16
1045 3960 9
3960 3978 8
3978 4691 12
4691 2943 2
2943 3324 8
3324 2582 12
2582 4298 6
4298 1290 11
1290 4230 6
4230 2113 19
2113 1734 20
1734 4582 14
4582 670 8
670 1195 4
1195 2759 20
2759 2888 1
2888 2413 8
2413 2267 20
2267 3215 9
3215 1659 2
1659 1065 11
1065 2189 19
2189 2815 12
2815 2693 13
2693 2878 7
2878 3769 19
3769 2379 5
2379 1716 7
1716 1316 11
1316 2049 17
2049 810 10
810 4159 3
4159 2290 18
2290 4697 14
4697 3700 17
3700 321 1
321 4074 9
4074 104 11
104 2227 20
2227 3963 16
3963 4573 1
4573 1867 19
1867 1128 10
1128 317 1
317 3126 9
3126 4032 20
4032 3640 4
3640 2308 17
2308 738 20
738 3000 17
3000 3850 5
3850 491 19
491 1929 4
1929 2876 6
2876 2996 20
2996 3340 5
3340 203 16
203 842 9
842 3455 15
3455 1970 14
1970 539 11
539 1296 19
1296 2764 11
2764 3425 9
3425 4524 17
4524 1658 5
1658 211 19
211 4223 9
4223 124 13
124 4226 17
4226 612 11
612 294 11
294 4050 1
4050 3039 20
3039 1044 13
1044 412 10
412 4154 15
4154 1514 7
1514 3440 1
3440 4140 15
4140 503 12
503 2354 17
2354 1329 10
1329 574 17
574 4485 5
4485 765 4
765 4572 2
4572 4949 4
4949 191 15
191 1250 9
1250 59 1
59 708 2
708 4256 8
4256 3996 10
3996 1294 16
1294 2518 3
2518 4992 7
4992 722 20
722 4217 20
4217 4921 4
4921 4846 19
4846 669 9
669 553 5
553 4959 4
4959 3853 1
3853 3703 18
3703 1679 15
1679 381 15
381 1464 3
1464 3328 16
3328 3149 9
3149 1534 5
1534 624 10
624 3069 10
3069 4876 13
4876 2469 15
2469 1642 1
1642 3300 12
3300 2549 20
2549 2818 18
2818 558 20
558 4409 5
4409 1524 20
1524 1544 17
1544 4034 15
4034 289 3
289 1893 9
1893 1502 3
1502 1158 15
1158 1965 20
1965 1266 14
1266 2520 1
2520 2593 10
2593 4302 5
4302 1132 2
1132 1135 3
1135 210 6
210 1090 5
1090 4431 7
4431 63 6
63 526 2
526 3462 3
3462 1066 6
1066 3052 18
3052 438 1
438 2992 5
2992 545 6
545 1796 13
1796 2842 16
2842 996 6
996 3654 16
3654 4633 15
4633 2136 8
2136 2224 8
2224 3734 14
3734 378 19
378 3699 4
3699 2615 16
2615 2800 3
2800 4830 20
4830 1860 9
1860 966 15
966 1265 15
1265 4513 11
4513 2123 6
2123 995 15
995 2437 13
2437 1722 7
1722 1882 17
1882 406 18
406 4912 6
4912 335 9
335 2949 8
2949 2472 14
2472 3599 5
3599 4126 14
4126 3939 13
3939 4102 1
4102 4080 8
4080 1640 17
1640 4537 15
4537 4039 10
4039 4564 13
4564 230 2
230 256 7
256 916 5
916 2795 7
2795 3152 18
3152 2829 7
2829 1369 16
1369 731 11
731 382 1
382 2463 6
2463 1512 8
1512 4557 1
4557 2243 13
2243 914 20
914 241 8
241 2341 10
2341 4807 8
4807 3153 12
3153 3738 12
3738 447 20
447 4117 8
4117 2181 18
2181 2530 5
2530 2203 4
2203 3456 18
3456 2772 15
2772 555 2
555 2478 12
2478 3175 2
3175 4958 14
4958 2839 5
2839 3321 9
3321 2297 2
2297 4462 14
4462 1651 14
1651 1425 8
1425 270 11
270 4483 7
4483 368 19
368 2003 5
2003 4886 13
4886 819 18
819 4695 12
4695 748 6
748 2914 5
2914 3105 3
3105 2274 16
2274 259 12
259 364 6
364 485 13
485 3591 7
3591 4888 13
4888 2987 9
2987 505 6
505 2833 14
2833 4661 13
4661 862 9
862 327 1
327 1170 7
1170 2344 17
2344 800 2
800 93 10
93 519 10
519 1820 2
1820 3343 1
3343 3016 20
3016 2511 6
2511 80 16
80 459 14
459 4185 9
4185 2193 19
2193 2180 9
2180 1002 8
1002 186 17
186 37 1
37 103 15
103 3193 20
3193 3089 11
3089 1644 14
1644 2387 11
2387 482 13
482 591 10
591 3799 11
3799 2166 10
2166 2148 19
2148 1472 10
1472 3751 3
3751 3443 11
3443 13 5
13 4671 18
4671 3531 6
3531 336 1
336 4996 20
4996 4500 11
4500 2002 13
2002 3251 7
3251 3280 16
3280 4774 3
4774 2058 17
2058 596 17
596 2038 18
2038 2266 1
2266 3123 13
3123 4669 15
4669 4948 8
4948 2218 2
2218 1779 2
1779 2513 11
2513 224 11
224 1151 19
1151 1993 18
1993 859 17
859 2309 10
2309 4635 3
4635 3106 19
3106 4403 9
4403 970 6
970 2546 20
2546 4531 13
4531 1359 3
1359 4097 20
4097 2610 6
2610 3549 15
3549 1664 3
1664 4433 12
4433 620 1
620 4070 6
4070 2902 3
2902 4550 10
4550 472 15
472 554 17
554 4636 10
4636 888 9
888 217 5
217 2492 14
2492 3170 9
3170 3923 19
3923 2877 4
2877 362 19
362 4235 7
4235 3579 20
3579 3161 16
3161 2020 3
2020 1709 3
1709 692 15
692 78 5
78 1778 10
1778 422 19
422 1057 16
1057 4934 8
4934 4628 7
4628 4677 1
4677 338 8
338 1988 13
1988 756 20
756 2247 20
2247 2778 20
2778 345 7
345 3376 8
3376 1020 3
1020 4800 19
4800 3188 3
3188 506 10
506 3577 1
3577 2701 7
2701 712 17
712 4005 11
4005 4872 13
4872 3480 7
3480 4825 8
4825 707 13
707 3394 2
3394 1481 11
1481 621 9
621 4542 8
4542 1212 17
1212 2589 6
2589 2206 16
2206 3317 5
3317 3537 13
3537 954 5
954 4071 5
4071 1767 17
1767 4362 4
4362 2754 9
2754 3597 15
3597 3162 3
3162 4278 3
4278 175 15
175 2194 15
2194 2057 12
2057 4381 17
4381 4670 13
4670 2765 3
2765 454 7
454 1485 15
1485 2862 13
2862 4506 20
4506 2451 15
2451 4167 20
4167 530 11
530 1317 6
1317 3932 1
3932 4595 19
4595 2093 13
2093 1261 18
1261 2848 17
2848 978 2
978 4882 16
4882 2458 7
2458 547 1
547 3420 4
3420 3488 16
3488 656 13
656 709 7
709 4926 3
4926 3841 8
3841 886 20
886 1021 11
1021 778 9
778 3764 4
3764 3498 18
3498 2590 9
2590 1483 11
1483 1589 16
1589 1267 3
1267 4353 11
4353 1285 10
1285 3282 6
3282 4638 17
4638 1528 5
1528 845 6
845 3690 12
3690 4434 6
4434 872 12
872 2627 8
2627 788 14
788 1685 20
1685 856 5
856 2670 7
2670 492 6
492 631 7
631 1890 19
1890 1611 11
1611 3786 15
3786 2255 5
2255 380 10
380 4432 6
4432 2679 20
2679 4075 20
4075 2446 4
2446 1037 12
1037 3206 9
3206 4514 3
4514 3035 10
3035 1315 7
1315 3810 17
3810 2868 19
2868 4608 7
4608 1309 17
1309 718 7
718 3023 12
3023 2430 8
2430 1996 14
1996 3006 18
3006 3260 4
3260 3333 5
3333 4951 15
4951 40 15
40 2361 13
2361 1955 14
1955 2388 6
2388 1341 19
1341 3080 5
3080 2482 5
2482 4519 16
4519 4612 17
4612 1089 7
1089 4614 16
4614 3877 7
3877 2086 15
2086 1405 9
1405 1283 8
1283 4310 2
4310 4186 3
4186 3007 13
3007 603 2
603 1098 11
1098 3721 15
3721 2617 5
2617 1152 15
1152 4794 19
4794 2129 19
2129 4280 6
4280 1120 13
1120 3970 20
3970 2468 8
2468 107 20
107 3352 9
3352 239 17
239 1216 2
1216 4978 5
4978 3790 1
3790 1287 4
1287 865 14
865 1822 17
1822 516 20
516 1706 9
1706 1097 14
1097 1759 17
1759 2558 11
2558 370 14
370 4475 13
4475 1846 14
1846 2799 2
2799 2857 7
2857 4668 6
4668 3022 2
3022 2172 19
2172 66 10
66 929 11
929 883 14
883 974 12
974 2069 18
2069 593 7
593 4474 2
4474 3496 19
3496 494 16
494 2416 3
2416 1987 19
1987 725 6
725 4687 7
4687 1772 3
1772 1358 1
1358 3263 3
3263 1407 5
1407 3759 3
3759 3372 3
3372 4980 14
4980 232 1
232 2767 10
2767 3612 4
3612 1471 4
1471 2809 1
2809 3044 8
3044 3827 14
3827 4438 17
4438 4594 10
4594 2100 13
2100 763 15
763 3074 13
3074 2115 12
2115 4146 8
4146 3346 17
3346 4555 2
4555 973 20
973 2294 14
2294 4975 7
4975 1367 18
1367 1595 8
1595 2748 18
2748 3657 17
3657 2428 13
2428 592 5
592 411 1
411 1686 8
1686 4970 9
4970 732 5
732 2041 3
2041 2806 11
2806 2522 20
2522 2554 17
2554 2675 1
2675 4035 15
4035 4805 19
4805 4021 13
4021 2152 11
2152 4208 11
4208 2229 14
2229 926 4
926 504 18
504 490 8
490 1895 9
1895 2008 4
2008 4953 10
4953 4444 19
4444 3895 5
3895 4759 2
4759 2005 9
2005 4029 3
4029 2540 16
2540 4286 7
4286 2986 19
2986 171 6
171 546 6
546 1656 7
1656 3261 4
3261 1080 10
1080 4850 6
4850 831 9
831 4730 17
4730 3385 3
3385 36 11
36 4630 19
4630 1273 14
1273 2863 20
2863 1999 15
1999 4413 6
4413 1776 9
1776 2745 3
2745 848 20
848 2182 6
2182 4928 10
4928 940 5
940 2622 3
2622 2823 8
2823 3256 10
3256 4002 19
4002 1177 5
1177 1981 6
1981 3406 2
3406 1637 10
1637 87 5
87 2923 18
2923 2660 19
2660 1520 18
1520 151 4
151 2629 11
2629 2256 20
2256 1086 11
1086 4380 12
4380 2545 19
2545 2640 12
2640 518 16
518 4313 9
4313 3808 9
3808 2053 3
2053 4739 16
4739 801 13
801 1525 9
1525 477 11
477 2964 14
2964 4082 17
4082 3419 18
3419 846 18
846 1208 11
1208 1030 19
1030 3538 19
3538 1727 19
1727 724 9
724 237 7
237 2870 18
2870 3311 9
3311 2544 15
2544 815 14
815 2088 11
2088 1582 3
1582 1450 18
1450 3519 17
3519 561 16
561 2978 8
2978 702 7
702 1647 16
1647 4144 2
4144 2718 9
2718 3522 17
3522 4919 15
4919 627 6
627 3034 5
3034 1950 11
1950 3399 12
3399 740 14
740 1432 4
1432 3560 16
3560 4544 19
4544 826 11
826 3033 15
3033 541 7
541 3239 2
3239 1107 20
1107 4352 3
4352 236 13
236 2021 6
2021 1503 15
1503 3547 4
3547 805 12
805 4382 13
4382 1218 3
1218 1921 10
1921 2077 2
2077 571 12
571 1547 2
1547 1382 8
1382 2924 13
2924 240 3
240 1373 13
1373 907 9
907 1302 19
1302 2525 7
2525 1632 2
1632 2132 20
2132 2102 20
2102 3667 16
3667 1645 6
1645 1249 18
1249 2737 10
2737 2966 4
2966 2004 2
2004 605 1
605 685 17
685 1883 17
1883 2761 4
2761 4609 9
4609 141 17
141 3103 6
3103 983 7
983 2808 1
2808 375 1
375 73 3
73 1242 18
1242 4863 13
4863 3284 8
3284 4320 8
4320 258 8
258 1460 15
1460 223 5
223 1048 8
1048 3243 10
3243 4471 15
4471 1204 15
1204 1240 15
1240 3720 13
3720 608 7
608 3082 16
3082 1660 12
1660 3714 18
3714 517 14
517 1782 2
1782 3862 12
3862 1236 19
1236 3779 13
3779 2925 20
2925 3310 19
3310 1442 15
1442 1229 11
1229 3731 17
3731 2480 16
2480 2944 13
2944 4348 7
4348 1568 6
1568 1110 11
1110 3894 3
3894 1394 8
1394 4510 6
4510 905 5
905 2348 5
2348 2666 18
2666 3739 11
3739 775 13
775 2729 15
2729 1281 13
1281 417 13
417 3081 12
3081 3393 17
3393 4961 1
4961 2156 14
2156 2706 1
2706 499 6
499 1522 1
1522 1810 20
1810 3163 2
3163 2585 19
2585 2945 10
2945 3078 19
3078 4920 11
4920 4015 3
4015 4733 17
4733 1672 12
1672 792 18
792 1257 20
1257 857 9
857 1412 7
1412 89 12
89 824 19
824 3224 17
3224 2000 6
2000 2630 8
2630 1775 4
1775 3889 5
3889 2851 5
2851 2727 9
2727 3303 6
3303 1605 1
1605 1689 7
1689 1403 14
1403 3183 15
3183 2634 12
2634 2285 9
2285 640 3
640 3595 12
3595 3091 19
3091 981 13
981 3479 9
3479 419 5
419 3366 14
3366 1961 16
1961 1614 4
1614 2439 12
2439 3196 10
3196 1147 8
1147 4051 7
4051 2176 15
2176 4006 3
4006 3580 5
3580 4073 16
4073 3994 16
3994 3929 9
3929 4105 4
4105 1892 18
1892 2223 15
2223 3267 20
3267 2488 9
2488 556 11
556 2128 19
2128 2351 5
2351 4861 4
4861 3113 9
3113 625 18
625 4404 11
4404 4435 5
4435 3795 2
3795 1336 8
1336 1459 2
1459 1352 9
1352 3558 13
3558 1439 13
1439 2209 7
2209 4311 9
4311 2270 20
2270 2149 8
2149 3434 7
3434 3180 14
3180 2798 13
2798 1894 4
1894 944 20
944 3139 10
3139 3712 5
3712 3073 10
3073 3679 18
3679 663 2
663 812 9
812 4963 4
4963 3907 19
3907 4268 11
4268 4414 10
4414 3266 6
3266 138 17
138 4904 1
4904 4743 4
4743 1997 4
1997 2817 18
2817 1069 6
1069 1092 8
1092 3510 13
3510 2332 6
2332 2293 20
2293 3879 12
3879 1652 19
1652 1393 7
1393 3047 3
3047 3527 4
3527 1800 5
1800 4781 4
4781 1926 1
1926 4871 1
4871 4593 17
4593 3852 14
3852 964 1
964 1435 2
1435 1145 2
1145 675 2
675 2605 8
2605 1075 14
1075 4273 3
4273 895 1
895 3718 8
3718 1251 4
1251 767 9
767 49 8
49 972 14
972 2776 11
2776 2419 6
2419 3418 1
3418 113 1
113 2481 1
2481 661 16
661 2346 13
2346 3741 14
3741 4699 18
4699 3776 12
3776 2457 5
2457 568 2
568 4152 11
4152 1355 8
1355 3998 1
3998 238 15
238 1300 4
1300 3954 5
3954 2319 6
2319 1751 11
1751 288 18
288 3567 17
3567 1213 3
1213 4004 1
4004 4361 1
4361 3901 1
3901 4666 12
4666 3754 2
3754 3797 15
3797 3296 6
3296 3943 2
3943 3977 12
3977 21 14
21 3120 2
3120 3100 6
3100 4426 10
4426 2299 5
2299 2027 5
2027 2124 6
2124 4521 17
4521 2144 2
2144 229 16
229 436 18
436 1666 8
1666 4396 7
4396 1160 18
1160 3209 20
3209 4294 20
4294 2078 11
2078 4087 4
4087 1131 14
1131 2305 7
2305 2283 4
2283 1428 10
1428 528 13
528 2289 5
2289 3604 19
3604 2011 2
2011 1948 7
1948 607 8
607 366 4
366 1243 17
1243 3186 14
3186 1334 12
1334 1728 8
1728 4587 3
4587 2382 5
2382 372 4
372 1434 15
1434 468 17
468 1106 10
1106 2083 14
2083 4013 14
4013 4675 7
4675 1047 14
1047 2292 19
2292 105 9
105 2242 13
2242 847 20
847 51 4
51 913 12
913 1638 13
1638 323 4
323 4261 10
4261 1551 12
1551 1971 20
1971 4940 3
4940 1277 9
1277 3798 9
3798 4684 11
4684 3545 4
3545 2009 19
2009 2265 3
2265 2639 7
2639 181 11
181 1144 2
1144 2930 7
2930 3 3
3 61 7
61 1657 18
1657 3124 18
3124 2594 14
2594 3647 12
3647 226 16
226 3629 20
3629 4017 3
4017 3752 9
3752 1979 18
1979 4339 19
4339 3773 17
3773 4752 17
4752 1100 1
1100 644 5
644 2598 12
2598 4385 11
4385 636 19
636 4744 20
4744 3515 17
3515 2321 7
2321 3301 2
3301 4398 8
4398 2286 17
2286 2233 7
2233 1994 19
1994 3442 6
3442 3065 17
3065 2816 20
2816 689 16
689 305 17
305 3218 5
3218 3584 13
3584 35 19
35 3277 16
3277 213 19
213 3448 2
3448 992 2
992 3780 2
3780 4036 16
4036 1576 6
1576 1193 4
1193 2165 6
2165 403 5
403 2907 12
2907 4497 12
4497 408 12
408 3155 10
3155 3555 13
3555 3614 1
3614 4559 1
4559 185 16
185 3609 15
3609 1248 3
1248 4658 15
4658 3487 18
3487 1354 11
1354 1978 8
1978 4077 10
4077 3659 19
3659 4885 1
4885 2427 13
2427 1078 5
1078 2225 20
2225 639 20
639 3238 20
3238 3677 11
3677 1529 5
1529 4967 9
4967 3959 17
3959 3893 9
3893 1511 5
1511 4678 11
4678 896 10
896 2151 11
2151 2272 7
2272 246 2
246 1129 4
1129 4831 10
4831 45 5
45 3934 8
3934 67 19
67 1828 9
1828 3381 1
3381 2116 8
2116 2953 14
2953 2826 2
2826 2638 19
2638 1305 4
1305 1872 20
1872 4417 15
4417 3470 10
3470 3898 13
3898 2770 9
2770 3787 4
3787 1198 19
1198 495 19
495 3499 5
3499 3014 9
3014 2579 19
2579 3593 17
3593 1239 5
1239 301 3
301 4394 7
4394 4821 11
4821 3164 7
3164 2310 16
2310 3011 5
3011 205 8
205 2568 17
2568 653 11
653 1429 18
1429 3956 4
3956 677 5
677 4916 19
4916 3637 1
3637 287 16
287 1703 13
1703 3938 3
3938 1217 11
1217 1855 1
1855 2138 2
2138 3695 19
3695 7 1
7 2797 20
2797 2850 17
2850 1854 10
1854 4211 7
4211 2221 19
2221 4446 19
4446 1579 17
1579 4875 15
4875 4877 8
4877 2418 13
2418 1445 17
1445 1 19
1 2831 12
2831 1811 1
1811 4165 20
4165 3453 17
3453 2516 9
2516 2112 9
2112 1271 1
1271 795 5
795 3602 2
3602 1790 3
1790 893 6
893 1807 9
1807 1944 15
1944 4902 8
4902 4815 18
4815 4292 1
4292 4598 3
4598 2600 13
2600 3121 14
3121 721 9
721 1215 2
1215 1827 13
1827 387 1
387 262 3
262 4076 1
4076 4990 20
4990 4989 13
4989 4763 16
4763 150 19
150 3805 2
3805 196 13
196 430 16
430 3813 19
3813 4010 2
4010 1857 4
1857 1484 10
1484 4973 8
4973 1650 14
1650 388 4
388 4218 16
4218 1868 10
1868 3335 4
3335 2649 2
2649 3236 18
3236 1298 16
1298 1986 7
1986 2260 14
2260 2699 18
2699 188 1
188 3725 17
3725 1942 8
1942 747 9
747 1974 14
1974 1189 19
1189 4187 10
4187 3981 2
3981 2261 18
2261 751 3
751 2076 11
2076 4665 6
4665 2657 2
2657 4180 16
4180 2692 14
2692 3704 12
3704 311 16
311 4343 14
4343 1682 6
1682 1085 8
1085 2952 4
2952 2844 20
2844 956 3
956 4602 10
4602 429 15
429 3326 12
3326 3845 1
3845 3986 18
3986 2186 17
2186 1274 5
1274 266 17
266 299 20
299 3104 14
3104 4210 12
4210 1444 1
1444 3204 9
3204 2028 17
2028 4855 15
4855 786 17
786 1873 9
1873 395 17
395 132 3
132 3191 5
3191 3229 18
3229 92 14
92 1374 17
1374 2045 19
2045 4151 13
4151 1725 20
1725 2031 14
2031 2461 17
2461 2576 6
2576 4110 17
4110 658 13
658 2279 11
2279 108 1
108 4225 13
4225 890 4
890 1423 4
1423 2179 3
2179 1633 3
1633 4486 3
4486 3586 11
3586 4679 19
4679 2832 5
2832 4890 13
4890 4686 7
4686 3484 17
3484 2796 16
2796 1938 12
1938 4112 1
4112 2601 9
2601 2157 5
2157 746 9
746 4451 3
4451 811 17
811 2030 6
2030 1531 16
1531 2098 11
2098 3833 1
3833 2415 5
2415 1179 6
1179 2420 10
2420 479 18
479 1117 5
1117 630 1
630 2434 17
2434 1121 5
1121 4548 18
4548 1881 18
1881 3413 6
3413 3636 10
3636 1984 10
1984 339 2
339 2159 8
2159 1976 19
1976 267 13
267 300 20
300 4780 16
4780 993 9
993 2187 12
2187 3600 18
3600 291 9
291 1141 11
1141 3040 13
3040 2385 17
2385 4841 16
4841 2208 17
2208 1842 3
1842 3724 15
3724 2405 12
2405 1677 12
1677 4878 10
4878 2426 9
2426 1321 11
1321 2015 13
2015 234 12
234 2084 18
2084 4301 2
4301 1348 20
1348 2977 8
2977 4042 7
4042 1478 20
1478 1225 11
1225 1001 8
1001 478 15
478 1347 20
1347 1803 17
1803 3753 18
3753 4153 13
4153 4616 4
4616 228 1
228 4683 2
4683 3818 18
3818 3379 8
3379 783 10
783 2869 2
2869 3247 11
3247 4771 13
4771 4059 9
4059 1176 12
1176 2937 5
2937 1897 1
1897 4999 16
4999 3079 2
3079 340 1
340 4915 3
4915 189 14
189 3984 17
3984 4049 12
4049 2980 2
2980 1224 9
1224 4191 12
4191 3980 4
3980 3804 7
3804 1507 11
1507 2651 8
2651 2562 7
2562 2282 10
2282 122 8
122 1793 20
1793 2483 4
2483 4115 14
4115 590 14
590 1162 5
1162 4737 3
4737 2080 12
2080 1068 8
1068 1272 5
1272 4809 18
4809 2758 11
2758 1095 19
1095 4257 15
4257 4428 8
4428 880 18
880 3777 15
3777 1254 17
1254 4454 2
4454 4626 9
4626 2394 17
2394 2762 11
2762 282 1
282 3793 11
3793 1209 19
1209 1837 8
1837 329 5
329 2873 5
2873 4611 19
4611 3447 20
3447 2591 2
2591 2377 10
2377 1674 15
1674 1735 8
1735 4558 10
4558 2273 9
2273 1930 7
1930 129 8
129 4227 18
4227 4387 15
4387 570 10
570 2901 13
2901 796 20
796 3663 20
3663 2118 5
2118 4457 18
4457 1588 4
1588 3505 20
3505 673 17
673 2892 2
2892 1031 15
1031 3290 3
3290 852 13
852 720 13
720 1111 10
1111 2063 15
2063 3854 18
3854 2217 4
2217 998 4
998 1969 2
1969 1875 16
1875 3465 7
3465 4938 8
4938 274 13
274 4179 12
4179 4267 12
4267 4368 6
4368 4183 6
4183 83 10
83 3356 19
3356 2814 2
2814 1163 9
1163 4001 12
4001 2793 14
2793 1802 7
1802 1887 5
1887 2347 17
2347 2625 17
2625 2155 19
2155 261 9
261 1482 20
1482 2950 11
2950 2445 1
2445 1835 12
1835 4290 6
4290 3391 20
3391 3630 9
3630 3524 15
3524 4797 18
4797 2340 11
2340 3683 16
3683 3221 20
3221 3134 6
3134 4220 1
4220 128 5
128 4308 5
4308 290 18
290 803 8
803 2119 10
2119 529 6
529 1063 12
1063 4068 6
4068 1077 6
1077 662 8
662 2864 20
2864 4495 4
4495 1714 9
1714 3706 13
3706 2896 10
2896 1861 18
1861 2355 1
2355 1901 12
1901 3439 4
3439 1073 6
1073 4132 10
4132 2909 18
2909 2867 12
2867 2455 14
2455 2470 19
2470 4765 11
4765 174 2
174 2936 15
2936 392 4
392 1164 20
1164 3466 5
3466 1845 9
1845 401 3
401 986 6
986 4817 20
4817 2422 16
2422 3319 3
3319 1990 6
1990 1982 3
1982 1500 19
1500 4502 3
4502 3685 14
3685 3867 4
3867 480 4
480 3903 18
3903 1629 2
1629 3927 1
3927 3563 4
3563 425 11
425 1715 18
1715 1067 9
1067 619 19
619 3093 4
3093 4676 14
4676 581 18
581 4648 11
4648 1918 11
1918 691 17
691 4581 6
4581 1729 11
1729 4501 2
4501 2714 18
2714 4715 13
4715 2390 4
2390 303 8
303 1171 19
1171 1306 11
1306 3825 10
3825 1757 12
1757 4813 5
4813 2019 8
2019 4681 18
4681 2504 16
2504 4139 17
4139 145 5
145 1206 13
1206 2007 3
2007 4645 18
4645 4761 1
4761 1719 10
1719 3736 4
3736 2450 5
2450 2614 9
2614 3482 9
3482 535 18
535 2834 15
2834 4094 17
4094 1447 17
1447 216 6
216 4685 20
4685 2311 20
2311 4135 20
4135 3309 19
3309 1410 11
1410 4098 20
4098 2794 15
2794 3796 18
3796 4429 14
4429 1889 6
1889 2073 5
2073 3254 11
3254 4056 13
4056 853 17
853 4627 15
4627 3021 15
3021 220 17
220 4118 18
4118 341 2
341 4326 16
4326 3240 16
3240 4848 14
4848 3710 10
3710 4166 12
4166 2381 16
2381 2442 14
2442 2734 1
2734 2127 5
2127 4450 19
4450 3520 4
3520 1276 8
1276 2948 6
2948 1056 7
1056 899 20
899 74 1
74 823 18
823 4270 15
4270 1418 18
1418 4736 15
4736 864 7
864 4405 15
4405 1185 7
1185 4641 6
4641 4096 11
4096 4415 3
4415 3732 4
3732 3765 9
3765 3622 19
3622 358 17
358 2643 10
2643 1260 10
1260 2403 3
2403 764 9
764 3493 7
3493 3449 1
3449 1462 20
1462 4520 4
4520 1794 14
1794 94 10
94 3392 11
3392 3951 2
3951 2383 7
2383 1339 3
1339 4448 18
4448 1392 4
1392 2985 19
2985 4054 12
4054 1042 1
1042 3607 2
3607 587 2
587 1003 10
1003 3491 18
3491 1227 13
1227 160 13
160 4517 11
4517 3702 14
3702 4092 15
4092 3688 10
3688 2752 5
2752 1368 13
1368 736 19
736 952 7
952 2219 8
2219 2456 5
2456 4265 6
4265 1543 16
1543 3299 19
3299 3464 11
3464 1898 2
1898 3382 1
3382 4560 5
4560 2396 8
2396 2906 18
2906 4100 10
4100 3019 3
3019 3225 6
3225 597 5
597 4425 11
4425 2487 1
2487 4700 7
4700 1958 14
1958 697 7
697 3829 1
3829 3271 20
3271 4632 7
4632 2190 11
2190 3931 18
3931 3094 7
3094 1178 15
1178 4843 19
4843 1758 18
1758 3141 5
3141 1136 7
1136 2022 13
2022 3017 5
3017 924 11
924 4214 10
4214 3009 3
3009 319 14
319 885 1
885 4547 1
4547 4858 19
4858 641 1
641 858 7
858 1275 5
1275 2751 20
2751 4249 13
4249 2951 4
2951 41 15
41 4868 18
4868 4710 6
4710 2975 5
2975 116 15
116 2611 16
2611 3747 10
3747 4727 18
4727 455 14
455 2429 7
2429 2033 19
2033 2650 10
2650 681 16
681 1792 14
1792 2983 8
2983 4600 6
4600 4528 2
4528 3592 15
3592 3219 14
3219 2407 12
2407 497 5
497 4354 20
4354 3472 15
3472 2865 1
2865 1962 19
1962 2988 11
2988 4562 9
4562 3027 16
3027 389 20
389 911 15
911 2326 2
2326 3913 2
3913 4724 11
4724 2972 3
2972 634 14
634 2264 13
2264 383 8
383 1819 6
1819 4874 13
4874 1916 5
1916 1143 11
1143 4245 3
4245 3918 2
3918 4158 12
4158 3441 17
3441 4378 14
4378 152 6
152 4300 2
4300 2904 18
2904 4399 11
4399 1451 16
1451 433 9
433 3914 3
3914 3518 18
3518 2462 14
2462 4307 8
4307 1831 13
1831 140 1
140 110 13
110 56 20
56 3137 9
3137 4776 4
4776 1049 15
1049 2171 11
2171 582 1
582 3459 7
3459 4758 11
4758 572 4
572 2723 18
2723 3817 7
3817 470 6
470 4204 19
4204 3605 20
3605 727 12
727 263 13
263 4578 5
4578 1399 20
1399 999 16
999 2915 18
2915 3334 11
3334 2802 4
2802 1851 7
1851 3615 7
3615 4020 13
4020 1458 5
1458 1149 11
1149 1027 20
1027 4090 16
4090 3075 11
3075 2760 8
2760 2860 14
2860 4605 20
4605 3643 15
3643 849 11
849 421 3
421 1581 8
1581 3129 7
3129 729 15
729 404 5
404 296 13
296 3905 13
3905 247 20
247 2338 12
2338 2464 1
2464 2150 8
2150 4239 18
4239 1769 18
1769 1752 9
1752 2982 4
2982 902 15
902 4729 6
4729 797 5
797 2673 4
2673 743 5
743 2205 7
2205 4936 1
4936 4099 4
4099 3010 1
3010 3632 4
3632 4182 2
4182 705 5
705 2803 6
2803 2029 6
2029 2312 13
2312 3925 20
3925 3926 4
3926 3249 10
3249 910 8
910 2596 5
2596 3302 6
3302 935 14
935 2947 10
2947 1705 13
1705 1156 7
1156 4604 4
4604 1805 5
1805 2365 5
2365 984 3
984 1091 11
1091 1255 20
1255 2997 2
2997 2139 10
2139 2353 12
2353 1490 15
1490 2665 4
2665 2824 19
2824 2889 9
2889 4057 4
4057 1826 10
1826 310 19
310 594 3
594 3886 8
3886 832 3
832 3919 19
3919 4705 19
4705 3427 8
3427 1907 20
1907 540 13
540 2298 15
2298 1299 14
1299 4206 15
4206 713 8
713 3131 16
3131 3701 8
3701 4536 9
4536 2691 16
2691 1552 3
1552 4162 8
4162 4423 1
4423 2048 14
2048 2536 10
2536 2578 4
2578 693 15
693 4914 6
4914 69 13
69 269 20
269 1742 20
1742 4449 10
4449 527 18
527 3502 1
3502 3130 15
3130 4749 10
4749 4601 13
4601 3388 5
3388 2724 6
2724 534 5
534 4279 5
4279 3573 17
3573 1076 6
1076 4018 1
4018 2898 3
2898 4974 13
4974 873 3
873 679 20
679 1241 14
1241 3117 7
3117 1730 6
1730 623 17
623 1570 8
1570 2805 13
2805 1362 16
1362 2043 14
2043 272 18
272 2141 20
2141 1391 18
1391 3068 4
3068 1934 12
1934 2607 5
2607 3424 4
3424 2631 17
2631 1967 12
1967 1207 6
1207 4296 7
4296 510 14
510 4407 4
4407 922 2
922 4410 7
4410 1052 8
1052 2542 17
2542 4803 8
4803 1624 7
1624 3644 11
3644 3908 5
3908 2532 3
2532 3541 8
3541 3360 11
3360 486 16
486 4295 1
4295 588 11
588 172 16
172 1390 13
1390 44 19
44 473 5
473 170 2
170 1515 7
1515 1602 2
1602 4646 6
4646 3060 2
3060 4012 7
4012 3961 12
3961 753 14
753 2402 10
2402 3947 17
3947 1011 19
1011 192 16
192 2368 13
2368 2710 15
2710 4538 18
4538 4468 5
4468 1700 16
1700 1771 4
1771 4802 1
4802 4979 7
4979 1211 15
1211 4704 11
4704 19 1
19 2683 8
2683 2584 9
2584 1555 17
1555 2917 12
2917 3988 5
3988 3116 5
3116 1622 20
1622 1024 8
1024 1350 3
1350 2474 3
2474 3500 14
3500 855 12
855 1421 12
1421 1366 11
1366 1404 11
1404 1824 4
1824 4189 17
4189 39 10
39 4987 20
4987 4260 18
4260 3457 18
3457 2567 6
2567 2560 9
2560 2436 18
2436 3446 11
3446 4884 20
4884 3108 11
3108 2918 8
2918 1200 13
1200 4397 18
4397 4917 15
4917 4583 7
4583 3411 18
3411 3756 16
3756 1286 9
1286 3015 12
3015 945 12
945 4692 2
4692 927 20
927 3041 5
3041 2526 3
2526 337 2
337 2197 14
2197 793 9
793 1324 8
1324 3553 7
3553 3003 15
3003 2656 16
2656 4441 18
4441 3840 16
3840 2954 6
2954 1956 20
1956 1357 15
1357 1574 13
1574 2356 16
2356 3979 7
3979 47 2
47 770 10
770 3071 8
3071 1732 19
1732 522 15
522 3623 20
3623 1005 20
1005 2519 19
2519 4905 17
4905 2328 11
2328 4241 15
4241 3971 8
3971 2827 2
2827 3639 20
3639 1457 8
1457 2288 16
2288 879 6
879 3711 5
3711 3370 10
3370 168 19
168 292 20
292 2561 19
2561 1070 12
1070 1115 9
1115 4672 10
4672 704 20
704 2178 17
2178 2959 12
2959 82 10
82 761 19
761 2276 17
2276 2485 14
2485 4823 16
4823 585 18
585 4209 5
4209 4766 14
4766 2081 2
2081 4654 1
4654 2494 14
2494 233 20
233 2495 9
2495 843 14
843 903 17
903 3807 8
3807 2303 20
2303 3864 13
3864 4576 8
4576 4694 5
4694 3991 20
3991 4788 18
4788 798 15
798 369 10
369 4740 7
4740 3278 6
3278 4903 14
4903 3048 16
3048 3298 8
3298 2731 6
2731 1384 4
1384 2215 14
2215 2066 14
2066 3182 19
3182 476 10
476 1704 2
1704 2137 4
2137 2032 19
2032 1456 11
1456 733 3
733 1232 17
1232 212 7
212 4293 18
4293 2571 8
2571 4981 11
4981 1297 18
1297 1499 9
1499 651 8
651 3244 4
3244 1533 9
1533 3848 7
3848 4038 19
4038 4790 10
4790 837 15
837 3024 17
3024 3107 3
3107 371 5
371 3564 3
3564 2506 13
2506 1753 5
1753 3875 11
3875 4784 16
4784 502 7
502 466 17
466 2110 3
2110 2861 17
2861 1491 13
1491 2961 12
2961 322 19
322 3428 11
3428 923 11
923 1319 7
1319 4046 20
4046 2476 15
2476 3645 4
3645 2570 10
2570 1646 8
1646 583 9
583 3892 19
3892 2934 9
2934 4840 6
4840 3265 19
3265 821 16
821 1469 15
1469 4123 2
4123 187 18
187 1477 7
1477 3201 8
3201 3401 5
3401 3511 18
3511 1998 20
1998 4008 3
4008 921 4
921 544 3
544 891 8
891 1763 7
1763 2981 13
2981 2443 11
2443 1946 3
1946 1278 3
1278 1288 14
1288 1235 14
1235 3062 8
3062 4487 19
4487 4711 10
4711 4655 9
4655 1495 20
1495 277 15
277 62 17
62 4816 6
4816 24 18
24 254 6
254 3648 8
3648 861 2
861 3692 5
3692 1592 12
1592 3556 14
3556 4942 9
4942 1488 15
1488 3077 19
3077 2942 17
2942 2580 2
2580 2575 5
2575 3156 19
3156 2226 10
2226 2364 4
2364 1932 8
1932 2846 15
2846 90 12
90 3109 3
3109 695 17
695 1168 2
1168 676 10
676 3136 8
3136 2296 3
2296 1578 7
1578 4259 13
4259 4188 13
4188 1494 6
1494 328 17
328 4964 18
4964 3395 13
3395 3950 5
3950 3337 19
3337 3755 10
3755 46 20
46 195 17
195 1599 9
1599 2885 9
2885 3585 3
3585 678 6
678 4702 11
4702 3184 17
3184 3865 9
3865 2306 12
2306 4911 14
4911 14 18
14 611 5
611 835 16
835 1862 6
1862 1026 1
1026 1840 20
1840 3331 8
3331 1496 17
1496 1720 8
1720 573 15
573 719 19
719 938 16
938 3342 18
3342 1396 2
1396 3871 5
3871 3314 13
3314 1829 6
1829 4134 11
4134 2974 7
2974 3858 1
3858 2508 3
2508 4243 19
4243 1312 20
1312 2018 13
2018 2440 12
2440 1927 14
1927 363 16
363 3397 17
3397 3800 5
3800 1823 15
1823 3430 10
3430 1173 13
1173 957 2
957 4599 11
4599 4962 17
4962 1931 12
1931 4927 2
4927 1406 14
1406 4849 15
4849 467 8
467 1953 15
1953 4757 16
4757 4436 18
4436 715 4
715 1386 7
1386 1517 19
1517 3477 14
3477 2686 15
2686 3768 6
3768 2333 5
2333 3506 4
3506 711 2
711 637 7
637 202 13
202 4114 16
4114 2875 15
2875 4177 17
4177 941 1
941 4156 17
4156 645 12
645 2708 9
2708 1101 17
1101 281 18
281 3601 3
3601 4586 17
4586 4792 9
4792 1665 14
1665 2284 18
2284 4540 17
4540 3365 10
3365 273 12
273 1093 7
1093 3671 5
3671 1400 2
1400 1071 13
1071 2957 6
2957 4305 10
4305 248 19
248 3051 9
3051 1340 3
1340 4493 8
4493 6 18
6 949 1
949 402 19
402 1925 7
1925 666 13
666 2620 16
2620 757 6
757 2689 8
2689 3429 18
3429 3575 11
3575 1636 12
1636 3384 16
3384 3912 9
3912 3802 20
3802 4332 4
4332 3995 16
3995 3935 16
3935 2126 3
2126 4708 7
4708 2529 10
2529 898 1
898 1337 13
1337 1726 4
1726 4893 4
4893 3778 11
3778 4238 4
4238 496 13
496 4574 6
4574 2743 8
2743 4615 15
4615 4986 18
4986 451 14
451 2881 12
2881 2682 12
2682 4197 3
4197 1841 3
1841 4028 13
4028 794 18
794 953 13
953 787 13
787 2668 8
2668 1604 11
1604 3606 16
3606 1375 20
1375 2926 11
2926 4718 2
4718 2855 12
2855 2581 12
2581 144 9
144 4764 17
4764 789 4
789 2880 16
2880 418 14
418 3662 13
3662 2357 17
2357 557 15
557 208 7
208 4125 19
4125 460 3
460 4568 6
4568 198 3
198 1609 4
1609 3436 5
3436 2244 16
2244 1191 13
1191 3613 15
3613 3494 15
3494 4785 2
4785 4892 7
4892 1505 18
1505 1043 17
1043 3955 17
3955 1004 1
1004 3878 10
3878 863 1
863 4011 14
4011 3110 15
3110 2792 10
2792 3916 9
3916 515 6
515 1526 7
1526 4943 4
4943 3748 10
3748 4836 2
4836 524 17
524 822 6
822 4808 20
4808 3823 12
3823 3608 15
3608 1781 6
1781 550 15
550 3624 15
3624 968 18
968 834 3
834 1615 20
1615 1202 20
1202 1292 4
1292 684 1
684 1360 14
1360 2642 16
2642 4713 6
4713 2471 16
2471 4190 18
4190 3974 1
3974 2674 8
2674 320 8
320 755 13
755 779 15
779 441 12
441 2375 19
2375 4561 11
4561 2941 5
2941 3806 14
3806 2779 1
2779 525 8
525 43 10
43 2587 16
2587 111 3
111 2852 20
2852 4642 16
4642 2681 5
2681 4395 7
4395 1061 9
1061 3127 1
3127 1431 17
1431 2859 2
2859 3469 1
3469 200 18
200 165 7
165 3529 2
3529 3872 6
3872 1387 1
1387 4201 5
4201 4108 2
4108 85 13
85 4389 11
4389 1713 13
1713 4089 20
4089 222 19
222 1183 11
1183 3775 12
3775 988 19
988 409 16
409 3656 5
3656 716 19
716 2903 17
2903 351 17
351 2358 2
2358 3666 16
3666 1416 15
1416 3111 11
3111 3285 11
3285 4824 7
4824 4690 7
4690 1182 17
1182 2592 20
2592 1510 7
1510 4043 3
4043 3460 16
3460 3546 10
3546 2700 14
2700 4088 18
4088 785 7
785 4869 4
4869 4391 12
4391 1623 4
1623 163 16
163 2703 4
2703 955 19
955 734 19
734 1308 11
1308 2655 15
2655 2198 13
2198 912 16
912 4150 13
4150 2887 12
2887 2728 7
2728 1036 20
1036 1409 13
1409 489 19
489 3174 20
3174 1694 17
1694 1698 18
1698 4941 1
4941 790 9
790 1123 3
1123 752 11
752 1874 14
1874 917 7
917 3154 20
3154 2623 19
2623 1550 7
1550 4170 20
4170 4477 9
4477 428 10
428 4688 11
4688 3627 20
3627 659 8
659 4907 10
4907 2976 16
2976 1838 19
1838 4291 13
4291 3533 10
3533 2280 14
2280 1620 14
1620 1119 2
1119 2460 11
2460 283 6
283 427 14
427 3993 5
3993 3167 6
3167 1936 7
1936 901 2
901 3669 8
3669 4143 19
4143 1167 2
1167 4232 4
4232 3791 12
3791 3820 9
3820 84 12
84 3946 16
3946 1079 17
1079 3471 6
3471 98 4
98 4401 19
4401 509 20
509 3933 10
3933 2074 7
2074 3578 9
3578 1691 12
1691 2847 8
2847 4569 19
4569 3115 5
3115 2548 16
2548 2052 10
2052 1116 3
1116 3270 11
3270 3539 9
3539 1717 1
1717 1263 14
1263 3885 4
3885 1908 1
1908 1960 20
1960 3658 14
3658 1094 16
1094 1844 19
1844 4065 2
4065 2324 16
2324 3315 17
3315 3490 3
3490 739 16
739 2604 8
2604 3344 8
3344 276 13
276 4770 5
4770 214 5
214 2210 16
2210 3542 6
3542 182 11
182 4725 11
4725 2162 7
2162 3288 2
3288 3276 9
3276 2054 2
2054 4748 2
4748 1617 1
1617 4331 16
4331 3794 11
3794 4556 13
4556 2103 17
2103 4247 6
4247 4488 18
4488 77 10
77 4350 14
4350 3158 15
3158 2890 4
2890 3783 2
3783 3969 4
3969 655 9
655 3540 5
3540 1448 15
1448 2367 17
2367 744 17
744 3055 18
3055 1473 17
1473 1041 11
1041 91 3
91 100 5
100 4946 10
4946 2931 7
2931 1548 11
1548 1154 4
1154 331 17
331 4779 4
4779 1572 12
1572 3339 7
3339 8 12
8 3526 7
3526 1635 5
1635 3968 6
3968 1054 13
1054 1696 17
1696 4768 12
4768 3435 10
3435 2753 4
2753 829 7
829 146 4
146 1687 15
1687 780 11
780 4347 4
4347 4019 8
4019 3407 7
3407 3197 14
3197 297 16
297 2352 11
2352 937 8
937 3316 19
3316 1707 5
1707 4899 6
4899 1603 8
1603 799 6
799 1940 3
1940 4637 4
4637 2782 20
2782 1675 18
1675 3735 3
3735 3140 20
3140 615 9
615 4931 17
4931 809 19
809 3749 1
3749 4772 7
4772 3646 19
3646 1699 16
1699 3160 1
3160 1584 14
1584 2732 5
2732 3594 4
3594 758 13
758 4412 12
4412 2960 7
2960 1957 19
1957 772 1
772 1463 20
1463 2769 11
2769 1322 14
1322 1513 2
1513 1535 15
1535 34 1
34 2433 3
2433 649 13
649 4111 9
4111 4086 5
4086 4030 3
4030 2320 9
2320 3223 6
3223 3415 2
3415 3708 8
3708 3568 17
3568 1138 14
1138 836 7
836 2090 9
2090 2836 12
2836 1818 18
1818 2130 8
2130 1746 15
1746 2738 14
2738 2612 11
2612 2374 13
2374 2564 20
2564 309 5
309 1678 8
1678 2036 20
2036 4860 16
4860 4640 11
4640 4142 12
4142 1201 15
1201 4491 13
4491 4040 11
4040 4856 2
4856 3617 5
3617 560 6
560 1371 12
1371 3911 6
3911 3226 6
3226 81 1
81 897 17
897 2012 14
2012 3054 15
3054 2183 8
2183 1928 9
1928 1032 13
1032 3400 6
3400 2238 3
2238 2995 17
2995 169 5
169 3589 12
3589 4371 12
4371 4881 11
4881 2336 11
2336 1356 12
1356 32 7
32 4274 5
4274 3801 7
3801 2517 16
2517 3781 1
3781 3598 20
3598 1331 6
1331 1626 12
1626 2250 8
2250 628 14
628 2677 19
2677 3165 15
3165 4 20
4 4969 2
4969 1187 14
1187 4656 15
4656 3386 19
3386 10 13
10 595 10
595 4944 6
4944 25 9
25 3210 19
3210 866 10
866 143 10
143 2775 6
2775 4507 1
4507 3166 6
3166 1376 8
1376 4649 11
4649 3389 9
3389 4620 17
4620 839 6
839 3729 8
3729 4698 13
4698 4660 12
4660 4465 9
4465 2169 10
2169 1662 17
1662 4374 7
4374 118 3
118 4443 6
4443 3713 15
3713 650 13
650 4644 7
4644 4175 7
4175 3846 4
3846 4947 19
4947 854 19
854 1968 5
1968 1577 6
1577 1244 11
1244 2106 10
2106 4932 20
4932 2777 7
2777 3426 8
3426 2108 2
2108 1475 12
1475 4365 20
4365 3289 4
3289 4109 20
4109 3843 13
3843 618 17
618 2659 6
2659 538 5
538 2064 1
2064 4828 20
4828 4571 5
4571 2971 1
2971 33 19
33 4551 5
4551 2624 2
2624 5 9
5 813 4
813 1749 12
1749 484 7
484 4663 11
4663 3291 9
3291 741 2
741 3329 19
3329 2360 14
2360 1701 13
1701 3941 3
3941 3378 12
3378 4864 16
4864 2232 15
2232 2329 18
2329 4479 13
4479 2661 7
2661 1939 1
1939 4386 6
4386 3763 12
3763 2023 2
2023 4202 10
4202 2196 5
2196 2349 9
2349 1411 12
1411 3350 3
3350 2060 15
2060 3965 2
3965 1351 9
1351 4894 8
4894 1013 14
1013 4591 10
4591 4328 5
4328 1594 2
1594 1113 6
1113 622 3
622 4198 7
4198 3178 9
3178 4379 10
4379 4956 18
4956 1959 7
1959 3272 11
3272 4200 16
4200 1323 11
1323 2801 7
2801 1718 7
1718 2269 8
2269 3237 13
3237 3031 13
3031 3375 7
3375 2006 15
2006 884 5
884 3880 20
3880 1909 15
1909 4810 9
4810 1748 18
1748 2720 12
2720 1608 2
1608 1917 17
1917 1487 19
1487 4400 5
4400 1911 6
1911 452 20
452 4022 3
4022 1342 1
1342 1081 17
1081 2441 10
2441 2399 6
2399 2241 11
2241 2599 17
2599 2994 6
2994 3018 11
3018 2749 17
2749 435 3
435 580 3
580 1575 5
1575 4837 12
4837 3242 11
3242 3373 8
3373 4731 15
4731 75 8
75 1096 1
1096 4720 12
4720 114 13
114 194 6
194 3495 19
3495 762 2
762 4533 2
4533 379 16
379 3665 18
3665 410 9
410 3930 14
3930 881 8
881 4818 11
4818 2746 10
2746 1346 2
1346 3059 11
3059 2146 15
2146 3534 7
3534 3090 19
3090 1806 4
1806 1467 19
1467 1377 5
1377 3653 4
3653 2395 16
2395 1641 14
1641 2725 6
2725 1649 10
1649 2104 19
2104 1681 3
1681 1856 15
1856 2122 5
2122 1175 2
1175 3268 13
3268 4842 14
4842 1155 19
1155 2161 16
2161 3083 11
3083 4820 2
4820 1537 2
1537 2499 20
2499 4929 7
4929 4796 8
4796 4913 8
4913 1159 9
1159 894 19
894 1231 10
1231 2563 15
2563 4854 16
4854 2528 18
2528 3757 5
3757 537 4
537 918 16
918 777 3
777 3187 11
3187 1770 20
1770 642 15
642 3550 18
3550 3543 9
3543 3169 20
3169 1809 7
1809 4596 18
4596 3973 10
3973 4458 6
4458 2695 17
2695 3063 10
3063 3565 10
3565 4375 13
4375 602 15
602 4203 11
4203 1414 7
1414 1591 17
1591 3148 3
3148 3761 19
3761 2652 5
2652 700 14
700 2259 5
2259 4442 12
4442 4954 18
4954 2497 11
2497 2559 13
2559 4416 2
4416 2635 12
2635 4580 17
4580 2989 19
2989 286 1
286 2307 3
2307 3092 3
3092 2899 3
2899 4322 7
4322 4847 17
4847 4430 12
4430 2160 13
2160 450 15
450 1040 4
1040 1014 10
1014 4161 18
4161 235 12
235 3873 10
3873 1616 12
1616 876 15
876 3990 11
3990 4455 17
4455 4233 19
4233 31 20
31 604 5
604 1843 3
1843 2411 13
2411 1237 11
1237 551 20
551 439 16
439 4760 12
4760 2514 8
2514 3513 14
3513 4269 9
4269 3972 3
3972 1264 12
1264 1756 2
1756 1564 3
1564 3740 8
3740 816 15
816 1896 11
1896 1878 14
1878 3863 3
3863 3924 7
3924 3687 12
3687 244 5
244 1000 4
1000 1007 9
1007 396 2
396 3672 12
3672 2447 19
2447 3132 20
3132 4937 17
4937 1022 20
1022 908 12
908 3964 19
3964 3025 3
3025 184 6
184 3642 18
3642 4693 10
4693 4549 15
4549 1711 10
1711 4827 13
4827 1220 13
1220 4127 9
4127 453 4
453 314 4
314 155 1
155 106 17
106 3142 3
3142 2955 9
2955 552 7
552 4553 18
4553 3283 20
3283 584 19
584 2174 17
2174 4835 1
4835 4037 1
4037 443 14
443 1670 8
1670 2275 5
2275 2662 13
2662 2175 5
2175 1597 3
1597 4522 1
4522 1304 4
1304 193 3
193 4000 3
4000 71 10
71 2841 10
2841 4079 12
4079 3032 16
3032 2400 2
2400 204 7
204 1245 20
1245 833 6
833 2452 14
2452 3717 11
3717 2091 15
2091 4314 2
4314 4484 10
4484 3414 8
3414 3722 9
3722 946 11
946 3906 6
3906 646 13
646 4461 13
4461 4543 4
4543 3694 9
3694 638 5
638 1268 10
1268 2853 3
2853 4778 3
4778 1761 3
1761 1737 16
1737 979 7
979 1673 7
1673 2667 19
2667 1506 8
1506 871 4
871 2791 12
2791 3633 3
3633 149 19
149 4865 12
4865 4529 15
4529 4178 17
4178 773 5
773 3976 5
3976 1891 11
1891 4755 4
4755 867 17
867 4338 19
4338 4222 2
4222 2658 10
2658 742 5
742 1848 20
1848 4623 9
4623 1527 17
1527 2252 12
2252 4234 10
4234 1039 5
1039 2153 15
2153 4906 20
4906 1945 12
1945 3371 4
3371 1422 18
1422 4121 14
4121 3353 1
3353 2304 4
2304 4857 17
4857 1161 18
1161 1453 13
1453 54 17
54 4195 3
4195 158 14
158 2423 6
2423 1088 2
1088 3438 11
3438 1420 17
1420 2784 12
2784 442 4
442 2291 5
2291 4027 10
4027 2979 15
2979 4168 15
4168 4212 12
4212 4342 17
4342 2163 2
2163 4997 11
4997 1869 19
1869 2574 3
2574 674 11
674 4933 4
4933 2712 6
2712 3255 8
3255 3997 8
3997 3745 8
3745 1747 3
1747 936 5
936 4534 14
4534 616 5
616 1234 11
1234 830 20
830 16 9
16 776 15
776 3670 3
3670 4554 11
4554 3213 14
3213 1279 2
1279 4706 13
4706 1038 8
1038 4950 9
4950 3847 16
3847 959 10
959 808 9
808 4439 20
4439 4867 3
4867 2967 11
2967 2067 5
2067 745 4
745 958 4
958 42 12
42 1028 6
1028 4898 17
4898 4129 19
4129 3691 16
3691 3832 2
3832 3057 11
3057 4852 6
4852 4900 1
4900 2702 2
2702 4359 3
4359 4330 17
4330 2246 5
2246 1219 8
1219 2278 8
2278 3942 6
3942 3292 13
3292 2391 5
2391 3890 8
3890 2566 9
2566 3975 2
3975 3737 17
3737 802 12
802 1765 5
1765 2343 7
2343 1788 8
1788 1613 10
1613 1252 7
1252 2342 13
2342 1558 1
1558 4682 19
4682 2466 13
2466 1180 12
1180 2742 5
2742 3402 9
3402 4703 17
4703 444 12
444 3551 11
3551 3922 10
3922 2788 13
2788 4095 2
4095 4091 5
4091 4470 14
4470 2173 1
2173 3792 3
3792 4224 6
4224 1676 6
1676 2192 14
2192 668 12
668 3733 13
3733 131 13
131 2318 14
2318 2188 11
2188 928 12
928 4060 4
4060 3884 17
3884 2935 6
2935 562 3
562 3726 7
3726 1879 9
1879 4419 7
4419 1408 4
1408 3377 12
3377 1532 13
1532 2636 13
2636 1330 18
1330 1139 1
1139 3058 2
3058 2168 20
2168 1941 17
1941 1541 13
1541 180 13
180 446 16
446 1314 13
1314 3297 15
3297 4896 12
4896 1951 3
1951 2927 5
2927 4157 1
4157 3815 12
3815 3661 3
3661 3423 4
3423 4754 16
4754 3603 2
3603 2014 18
2014 4722 3
4722 1146 3
1146 3450 12
3450 2277 12
2277 3915 7
3915 2204 4
2204 4072 5
4072 960 3
960 1556 6
1556 4277 17
4277 2408 4
2408 2089 13
2089 2608 5
2608 4862 9
4862 3544 7
3544 3345 14
3345 2588 12
2588 1601 16
1601 3066 16
3066 4565 8
4565 3363 6
3363 4597 11
4597 1430 9
1430 4910 5
4910 3789 14
3789 109 15
109 2065 11
2065 1593 20
1593 2372 1
2372 4952 13
4952 4216 6
4216 1628 18
1628 1492 10
1492 814 9
814 2362 13
2362 3535 17
3535 3245 1
3245 4337 12
4337 1383 12
1383 4804 10
4804 2515 3
2515 136 5
136 2061 3
2061 2454 3
2454 3569 15
3569 197 10
197 828 18
828 1571 3
1571 868 5
868 1567 18
1567 498 3
498 3114 15
3114 4935 8
4935 942 13
942 3649 5
3649 1280 12
1280 2687 8
2687 3207 6
3207 3774 2
3774 4799 20
4799 4237 9
4237 4709 1
4709 349 20
349 2147 8
2147 360 6
360 173 6
173 221 6
221 2739 1
2739 1353 12
1353 3676 15
3676 4427 3
4427 176 12
176 915 5
915 3483 7
3483 88 4
88 4219 7
4219 1455 20
1455 4299 3
4299 889 9
889 1586 16
1586 920 16
920 3235 7
3235 3548 1
3548 4918 17
4918 4031 1
4031 1166 3
1166 2969 11
2969 2017 5
2017 3982 3
3982 3730 19
3730 1886 1
1886 1087 12
1087 1269 1
1269 3461 14
3461 3216 11
3216 575 13
575 3486 3
3486 2774 10
2774 2371 10
2371 1295 14
1295 1012 11
1012 4546 9
4546 1919 15
1919 3743 3
3743 3618 10
3618 513 7
513 2541 7
2541 2879 3
2879 3246 7
3246 4889 20
4889 967 16
967 4575 20
4575 531 3
531 465 4
465 2254 10
2254 3369 18
3369 2535 12
2535 4124 20
4124 4939 9
4939 3803 15
3803 4651 10
4651 3463 9
3463 2998 16
2998 4498 4
4498 4287 8
4287 3744 18
3744 2237 15
2237 4567 15
4567 2432 10
2432 332 4
332 654 2
654 4173 8
4173 3101 14
3101 4782 20
4782 586 4
586 2496 17
2496 4742 5
4742 1184 4
1184 3327 10
3327 3928 3
3928 1118 7
1118 2970 12
2970 2740 11
2740 3096 17
3096 4174 1
4174 3664 8
3664 4588 3
4588 4539 12
4539 4995 14
4995 844 14
844 1885 15
1885 4515 17
4515 4859 14
4859 3516 16
3516 4625 20
4625 3185 2
3185 2401 18
2401 710 1
710 507 2
507 2322 17
2322 306 19
306 2837 12
2837 295 10
295 1786 3
1786 2300 10
2300 3859 1
3859 4316 9
4316 2694 10
2694 2500 18
2500 690 17
690 2158 9
2158 3497 11
3497 1332 18
1332 3697 5
3697 3273 17
3273 925 10
925 156 14
156 102 4
102 4966 7
4966 2134 10
2134 2789 10
2789 1083 16
1083 2249 5
2249 4231 18
4231 308 3
308 2946 16
2946 3660 4
3660 1545 5
1545 4137 10
4137 209 9
209 4061 9
4061 686 6
686 3383 8
3383 4851 1
4851 4552 11
4552 1303 8
1303 1539 14
1539 2550 18
2550 782 5
782 3590 15
3590 2597 20
2597 4236 12
4236 4988 19
4988 3891 7
3891 2711 12
2711 1190 5
1190 3528 9
3528 703 12
703 774 17
774 4053 13
4053 1947 5
1947 1247 13
1247 3746 15
3746 2479 9
2479 3128 18
3128 2200 12
2200 2787 8
2787 2891 5
2891 2047 2
2047 1398 16
1398 2140 15
2140 1774 14
1774 2973 1
2973 520 15
520 58 1
58 1738 14
1738 4025 13
4025 1546 6
1546 2912 15
2912 4509 1
4509 2406 10
2406 3953 14
3953 302 18
302 2838 3
2838 1050 13
1050 714 12
714 994 17
994 3693 2
3693 1169 6
1169 4252 6
4252 1493 9
1493 3562 11
3562 2350 1
2350 3611 14
3611 4284 18
4284 1196 17
1196 250 20
250 1712 15
1712 613 11
613 2527 7
2527 932 19
932 4545 2
4545 4492 15
4492 2858 13
2858 3049 10
3049 391 11
391 456 16
456 3323 19
3323 3855 2
3855 559 17
559 948 19
948 1954 5
1954 3945 20
3945 3785 2
3785 2222 4
2222 2825 10
2825 769 11
769 2096 2
2096 2552 17
2552 3064 3
3064 76 13
76 2556 16
2556 1808 10
1808 512 11
512 1627 5
1627 3274 7
3274 2034 7
2034 598 13
598 2628 17
2628 3098 5
3098 2812 18
2812 3367 11
3367 3405 12
3405 1910 18
1910 3307 20
3307 4798 12
4798 148 7
148 2543 4
2543 3281 4
3281 488 8
488 373 7
373 2963 9
2963 614 18
614 931 2
931 3856 14
3856 4263 3
4263 279 9
279 4789 7
4789 3525 1
3525 1114 1
1114 4318 2
4318 1228 20
1228 3231 9
3231 569 5
569 3404 5
3404 2010 18
2010 4172 7
4172 536 18
536 3830 4
3830 840 14
840 352 13
352 4741 7
4741 4360 13
4360 3897 10
3897 4411 14
4411 4340 12
4340 367 4
367 3125 8
3125 2916 20
2916 3782 12
3782 4838 1
4838 2735 14
2735 3403 18
3403 298 17
298 4590 9
4590 4610 19
4610 3351 17
3351 2026 8
2026 2398 11
2398 3851 14
3851 4333 15
4333 2828 20
2828 2921 15
2921 1754 7
1754 1062 1
1062 726 16
726 3921 10
3921 2609 13
2609 2109 11
2109 971 17
971 3868 4
3868 1465 17
1465 2314 4
2314 3574 5
3574 2216 17
2216 3767 20
3767 4026 14
4026 4924 15
4924 432 12
432 1238 16
1238 3349 20
3349 4527 16
4527 2932 7
2932 601 4
601 2940 2
2940 2523 7
2523 3445 12
3445 3102 16
3102 1124 9
1124 2315 12
2315 511 19
511 126 10
126 1122 2
1122 2327 6
2327 3512 3
3512 1104 14
1104 4972 4
4972 3686 14
3686 4584 16
4584 975 6
975 1381 13
1381 1766 5
1766 231 16
231 1112 6
1112 424 10
424 3992 1
3992 2331 6
2331 1372 8
1372 3824 10
3824 4873 9
1 3453 3
2 1814 10
2 123 7
2 2040 5
2 2716 1
2 2602 3
3 226 10
3 3124 10
3 1657 8
3 2594 1
4 4656 3
4 3386 1
4 10 7
5 3329 1
5 741 10
5 4663 8
5 484 8
5 3291 9
6 666 8
7 4446 2
8 4768 10
8 1054 6
8 1696 9
9 997 9
9 70 10
9 2962 4
9 4508 3
10 25 4
10 2775 9
10 4944 6
11 3293 5
11 3199 9
11 3234 4
12 4196 10
13 4500 7
13 4996 6
14 1026 1
14 1862 6
14 1840 2
15 874 8
15 4393 6
15 2486 9
15 4285 9
16 1279 9
16 3213 6
16 4706 9
17 253 6
18 4617 4
18 1634 2
18 1417 3
18 315 2
19 1622 8
19 2584 1
19 3116 4
20 1006 1
20 579 9
20 1606 4
21 2027 9
22 4745 5
22 3222 7
22 2595 2
23 2302 3
23 3212 7
23 2524 3
23 278 6
23 2804 1
24 4942 10
25 3166 4
26 2070 3
27 4325 7
27 1210 1
27 2449 1
27 851 7
27 1504 9
28 564 2
28 3050 2
28 3881 8
28 4653 8
29 3727 5
29 3503 2
29 2448 9
29 2435 7
30 4045 8
30 2235 2
30 1172 4
30 4447 8
30 448 10
31 1237 8
31 551 9
32 3781 4
32 1626 10
32 1331 7
32 2517 8
33 2624 10
33 5 8
33 4663 6
33 813 5
33 2360 4
34 649 3
34 4086 7
35 992 3
35 213 6
35 3780 5
35 1576 1
36 2745 1
37 482 8
37 591 9
37 3193 5
38 4067 8
38 4822 6
39 2560 2
39 3457 7
39 3446 6
39 4260 4
40 3080 1
41 4710 5
41 2611 9
41 3747 1
41 116 4
42 3057 3
42 4852 6
42 3691 1
43 2852 9
43 4642 7
43 1061 6
43 4395 5
43 111 6
44 3060 8
44 1602 8
44 4012 7
45 3381 8
45 67 2
45 1828 6
45 2116 2
46 1599 1
47 2519 2
47 1005 7
47 3071 9
48 1905 6
48 1523 8
48 3253 8
48 4806 6
48 397 5
49 113 1
49 2419 3
50 2785 6
51 1971 3
51 323 8
51 1638 2
51 4940 5
51 1551 8
52 3416 7
52 312 10
52 4466 4
53 1402 3
54 2784 4
54 2423 4
54 3438 7
54 1420 1
55 2421 8
55 909 4
55 4762 1
55 4145 6
56 4758 1
56 2171 9
56 4776 8
57 3958 9
57 2484 10
57 4363 8
57 354 3
58 2912 10
59 3996 5
59 2518 10
59 1294 7
59 4992 4
59 722 10
60 749 5
61 4017 6
61 2594 10
61 3629 8
62 3077 8
62 254 9
63 438 3
63 3052 5
63 2992 4
64 2910 9
64 1318 7
64 115 6
65 1025 2
65 4750 7
65 4184 6
65 1361 8
65 3844 8
66 883 4
66 593 10
66 2069 9
66 3496 8
67 2638 7
67 3381 8
68 420 10
68 3422 2
68 3173 5
69 3130 1
70 4373 2
70 4735 4
70 997 8
70 3684 4
71 4079 4
71 3032 1
71 1245 7
71 833 9
72 543 2
72 1009 5
72 4717 8
72 1653 7
73 4863 2
73 4320 9
74 4736 8
74 1418 2
74 864 8
74 4405 9
75 194 1
75 4533 2
75 3495 1
76 1627 4
76 3274 5
76 2034 8
77 2890 2
78 4934 5
78 338 5
78 422 8
78 4628 8
79 985 6
80 4185 2
80 1002 5
80 2180 5
80 186 8
81 1032 10
81 3400 10
82 4209 1
83 4001 1
83 1802 9
83 1887 7
83 2793 2
84 3471 6
84 509 7
84 4401 5
84 98 8
84 1079 7
85 1713 9
85 1183 6
85 4089 8
85 988 6
85 3775 5
86 1884 8
86 4592 4
86 2039 1
86 976 6
86 130 2
87 2256 2
87 2660 6
88 1586 8
88 920 9
88 3235 3
89 2851 6
89 2630 3
89 3889 2
89 2000 8
90 2296 9
90 695 1
90 1168 5
90 676 2
90 1578 9
91 2931 5
91 4946 5
91 1154 1
92 4151 10
92 2461 7
93 3016 9
93 3343 8
94 4448 6
95 3374 10
95 3220 5
95 980 6
95 3338 7
95 4128 10
96 4829 3
96 190 4
97 1995 1
97 4719 1
97 2741 4
98 509 1
98 3578 6
98 2847 9
99 2059 1
99 2929 2
100 1572 8
100 1154 9
100 2931 8
100 1548 9
101 293 10
101 521 7
101 4734 7
102 2249 9
102 2789 1
102 1083 1
103 2387 8
103 3799 6
104 1867 2
104 3126 8
105 51 7
105 1551 2
105 4261 9
105 1277 5
106 552 4
106 2174 6
106 3283 6
106 2955 2
107 3790 5
107 239 7
108 3586 2
108 4486 2
109 1492 5
109 1593 6
109 4952 2
109 1628 6
109 4216 1
110 2171 9
110 2723 2
110 3459 5
110 4758 5
110 582 4
111 4642 2
111 4395 1
111 1431 4
112 909 7
112 2167 1
112 2421 1
112 4275 3
112 4253 4
113 2346 9
113 4699 9
113 3776 7
114 4533 9
114 3665 1
114 762 4
115 420 7
115 1797 10
116 3747 8
116 2033 4
116 455 9
116 4727 8
116 2650 5
117 521 10
117 293 4
117 1060 6
118 3713 5
119 1328 3
119 2893 8
120 2669 2
120 2085 3
120 4617 5
120 318 3
120 218 1
121 1010 4
121 1863 7
121 4634 1
122 2483 6
122 4737 1
122 590 5
123 1148 8
123 3177 8
124 4050 10
124 612 4
124 1044 9
125 253 9
126 3686 3
127 565 3
128 529 10
128 803 6
129 796 3
129 570 6
129 3663 1
129 2118 1
130 4016 10
131 562 6
131 2935 2
131 4060 4
131 3884 4
131 2188 6
132 3229 2
132 4110 10
133 374 4
133 1798 8
134 1991 8
134 1870 9
134 1639 6
135 1199 8
135 542 3
135 426 2
135 4891 1
135 1364 9
136 1571 8
136 868 1
136 3569 5
137 3179 3
137 1922 1
138 3510 7
138 4743 7
138 2817 5
138 1092 9
138 1997 7
139 2101 6
139 682 6
139 3874 7
139 2883 10
140 2171 7
140 56 9
140 3605 5
140 3817 1
140 727 8
141 4320 8
141 2808 7
141 73 3
141 258 8
141 4863 7
142 1253 8
142 1188 5
142 2555 2
142 1172 6
142 4045 9
143 4649 3
143 1376 1
144 557 10
145 3736 8
145 4645 7
145 4761 3
145 2450 10
145 1719 3
146 3407 8
146 297 5
146 4347 6
146 3197 9
147 1760 7
148 2963 10
148 373 7
148 3281 2
148 488 6
148 614 2
149 1891 4
149 773 8
149 3976 9
149 4178 6
150 196 6
150 430 8
151 2545 1
151 1086 5
151 2256 6
151 2640 2
151 518 6
152 433 9
152 4399 10
153 3812 6
153 2920 5
154 4297 5
154 3696 4
154 4392 9
154 4255 1
155 2174 3
155 4835 4
155 1670 8
155 2955 2
155 4037 5
156 2789 8
156 308 10
157 2410 4
158 2784 10
158 1420 2
158 442 6
158 3438 9
159 3681 10
160 3702 8
160 2752 10
160 3688 6
161 2606 4
161 4103 9
161 1345 2
161 4199 1
161 1606 2
162 4420 10
162 2999 2
162 3610 10
162 1282 9
162 737 4
163 1308 9
163 2655 2
163 912 3
163 955 2
163 2198 1
164 120 8
164 4489 9
165 3872 1
165 4389 7
165 1713 7
165 1183 8
166 1905 7
166 4806 3
166 3253 10
167 2822 9
168 2178 5
168 1070 7
168 2561 6
169 32 5
169 3781 2
169 4881 5
169 2336 2
170 1602 1
170 3961 4
170 753 1
171 3261 1
172 3060 6
172 4646 10
172 3961 9
172 4012 9
172 2402 7
173 3676 7
173 2739 8
173 4427 1
174 3466 10
174 1845 2
174 401 6
174 1164 2
174 392 9
175 1485 7
175 2057 5
175 4670 7
175 454 6
175 4381 9
176 4031 6
176 4299 7
176 889 7
177 3561 8
177 3689 9
177 4069 2
177 760 5
177 1671 1
178 2766 6
178 1744 4
178 4728 5
178 3468 8
178 3045 6
179 4753 9
180 4157 5
180 3297 2
180 2927 3
180 4896 7
180 1314 6
181 3752 9
181 3 8
181 2594 8
181 1979 2
182 3288 6
182 1617 4
182 4748 8
183 385 10
183 3837 1
183 3675 6
183 3788 3
183 325 2
184 1711 1
184 4127 2
184 1220 8
184 4827 6
185 1354 4
185 3487 7
186 3089 9
186 3799 10
186 3751 3
186 591 5
187 3201 10
187 921 10
188 747 6
188 1974 8
188 1942 3
188 1189 8
188 4187 3
189 3804 2
189 4191 9
189 1224 7
190 2055 6
190 4251 1
190 2016 5
191 1294 2
191 669 2
191 59 7
192 4538 1
192 2710 10
192 4468 7
192 1771 6
193 2400 2
193 1245 6
194 3930 1
194 762 2
195 678 6
196 1650 1
196 1857 9
196 3813 3
196 4973 4
196 4010 10
197 1567 6
198 3613 8
198 4785 6
198 2244 5
198 3494 1
198 3436 1
199 1992 2
199 1554 10
200 409 7
201 3205 10
202 2875 6
202 645 4
202 2708 4
202 941 2
203 2764 10
203 3455 2
204 4484 1
204 833 1
204 2452 9
205 4916 2
205 3956 5
205 3637 1
205 1429 8
205 677 6
206 3742 7
206 1072 5
207 665 3
207 1035 2
208 1191 10
209 686 3
209 1303 7
209 4552 6
209 4851 3
209 3383 5
210 2842 5
210 4431 4
210 1066 1
210 1796 10
210 545 8
211 412 8
211 612 1
211 3039 2
212 1499 10
213 4036 2
213 1576 10
213 2165 9
213 3780 6
214 2162 7
214 4331 9
214 4556 6
214 4725 5
215 3944 2
215 1509 2
216 4135 4
216 3309 2
216 1410 6
217 3170 7
217 2877 9
217 4235 6
217 3923 6
218 4489 9
218 1389 6
219 4460 6
219 2908 2
219 1610 1
219 759 2
219 4136 3
220 4326 2
220 3240 10
220 341 9
221 176 2
221 4427 9
221 1353 10
221 1586 8
221 3483 4
222 716 4
222 409 4
222 3775 6
223 1204 2
224 4403 9
224 4635 3
224 1993 6
225 3171 7
225 4084 2
225 4775 5
226 4339 10
226 4017 8
226 1979 5
227 1449 8
227 1186 6
227 1933 3
227 3857 1
227 3999 6
228 3379 8
229 4294 7
229 4396 3
229 2078 10
230 3152 4
230 916 7
230 2829 5
230 731 6
231 4873 4
231 1372 7
231 3992 5
231 424 5
231 3824 3
232 4438 2
232 3827 2
232 3612 1
233 843 1
234 1348 3
234 1478 5
234 4301 6
234 4042 5
234 2977 3
235 3990 3
235 1616 2
235 4455 6
236 3547 7
237 1582 9
237 815 10
237 2544 5
237 2088 3
238 2319 8
238 288 6
239 1287 5
239 3790 7
239 1822 1
239 865 3
240 2102 2
240 1302 4
240 2132 10
240 2525 8
241 3738 8
241 4117 6
241 2181 1
241 4807 9
242 1804 6
243 1900 3
243 578 6
243 3408 2
243 3634 7
243 1924 3
244 3132 5
244 1007 1
245 1480 5
246 67 2
246 2826 7
246 4831 6
246 1828 2
247 2150 7
247 1752 9
248 6 7
248 402 4
248 4493 1
248 757 7
249 4085 5
249 3433 5
250 4545 2
250 2527 8
250 613 7
250 4492 8
250 932 6
251 2928 7
252 4064 9
252 2709 6
252 820 2
252 3012 6
252 4119 6
253 2572 10
253 3822 2
253 133 2
254 3556 10
254 3692 2
254 1592 2
255 962 9
256 2795 7
256 382 2
256 731 7
256 3152 4
256 2829 6
257 2230 8
257 2262 10
257 4482 10
257 4566 4
258 4471 6
258 1204 8
259 2987 4
260 1419 1
260 1105 8
260 3501 3
260 3097 4
261 3391 10
261 1835 1
262 4973 9
263 3334 2
263 1399 4
263 2802 2
263 999 1
264 355 7
265 610 9
265 2417 4
265 2928 8
265 771 8
266 4210 7
266 2028 2
266 1444 5
266 4855 4
267 4780 9
267 1141 2
267 2187 1
267 3600 3
268 1025 8
268 4613 6
268 1361 10
269 4601 4
270 748 6
270 819 9
270 2003 6
270 4886 5
271 664 2
272 1934 9
272 2631 4
273 1071 1
273 1400 3
273 2957 9
273 248 2
273 3671 1
274 4267 5
274 1802 2
274 3356 2
274 2793 5
275 3203 6
275 384 9
276 4725 1
277 254 6
278 2524 3
278 4266 1
278 2804 1
279 1228 6
279 4318 4
280 508 10
280 4965 1
280 3709 6
281 2284 3
281 4540 5
281 4586 2
281 1665 1
282 1209 3
282 4611 7
282 1837 3
282 2873 3
283 3167 2
283 1936 3
283 3669 2
284 3467 9
285 3944 1
285 3143 5
285 215 1
285 657 1
285 977 1
286 3092 6
286 2899 2
286 4847 1
286 4322 2
286 4430 3
287 3695 2
288 4666 8
288 1213 7
288 3901 5
288 3754 4
288 4004 2
289 1266 1
289 1158 9
289 1502 2
290 2119 9
290 1063 6
291 3040 9
291 4841 5
292 2178 3
293 1920 2
294 1514 1
294 3440 2
294 3039 6
295 2300 5
295 2500 1
296 2338 1
296 2982 3
296 2150 8
296 902 4
296 2464 9
297 799 1
297 4899 8
297 1603 1
297 937 10
298 2398 7
299 4210 8
299 1444 1
299 786 9
300 993 3
300 2187 3
300 4841 7
300 1141 3
300 3040 2
301 205 5
301 4821 4
301 3011 7
301 1429 5
302 714 2
302 4252 9
302 1169 3
302 3693 10
303 4813 4
303 3825 3
304 112 5
304 1865 3
304 909 2
305 2165 3
305 1576 7
306 2500 5
306 690 9
306 2158 5
306 1786 5
307 1051 8
307 361 4
308 4137 5
308 4851 3
309 1201 8
309 4860 7
310 1907 2
310 3919 1
310 832 6
311 2952 5
311 2844 1
311 1085 4
311 1682 10
311 4602 10
312 2220 7
312 487 5
313 3468 8
313 4317 5
313 1744 2
313 4728 9
314 2955 3
314 4037 8
314 2275 4
314 2174 7
314 2175 4
315 1389 5
316 1583 7
317 738 8
317 3640 4
318 4652 7
319 858 9
319 2751 5
319 4858 1
319 641 2
319 4547 4
320 779 5
320 3806 6
320 4561 2
320 441 1
320 2375 9
321 3000 6
321 738 5
321 1128 3
321 4573 9
321 2227 5
322 1319 1
322 2476 5
323 4940 10
323 1551 6
323 4684 7
324 1174 3
324 2271 3
324 3985 6
325 3005 10
325 3675 5
325 3837 7
325 3788 8
325 2359 2
326 481 7
327 3343 3
327 2511 8
327 2344 5
327 519 4
327 1820 1
328 195 5
328 3395 4
328 3755 2
329 1735 1
330 3257 2
331 4768 7
331 3435 6
331 8 2
332 586 9
333 462 4
333 696 9
333 1230 5
334 723 3
334 694 3
334 4496 10
334 3983 4
334 1015 3
335 3939 2
335 4080 4
335 4126 4
336 4774 10
337 793 10
337 3553 7
337 1324 6
337 3003 3
337 2656 5
338 3376 9
338 1020 1
338 2247 5
339 4780 1
339 300 3
340 189 4
340 3804 1
340 2282 10
340 2980 2
340 2651 5
341 2442 2
342 2376 7
342 1010 4
342 606 3
342 3474 5
343 2068 10
343 3834 4
343 3616 6
343 2164 5
344 2248 3
344 1583 9
344 3348 1
344 4791 8
344 667 2
345 3577 7
345 506 6
345 4800 9
345 1020 3
345 2701 5
346 3631 9
346 4579 3
346 2819 8
346 3029 8
346 804 6
347 2056 2
347 4466 4
347 1731 8
347 312 5
347 487 7
348 737 3
349 2739 5
349 176 6
349 3483 4
349 3676 10
349 889 6
350 533 4
350 3821 2
351 3285 5
351 4824 10
351 1416 9
351 4690 3
351 3111 7
352 367 1
353 1102 6
353 4058 9
353 2509 1
354 1912 9
354 2313 3
354 2822 1
354 2621 10
355 1554 8
355 1799 5
355 1992 2
355 3454 7
356 1871 8
356 3192 6
357 3390 4
358 764 1
358 1462 4
358 3449 2
358 3493 10
358 2403 6
359 3409 9
359 3587 1
359 1246 3
360 4219 8
360 3676 9
360 3235 8
360 1455 7
361 4422 7
361 533 3
361 2688 4
362 1709 3
362 3579 2
363 4599 3
363 957 5
363 1823 8
364 505 4
365 4085 2
365 2475 8
366 1728 9
366 2382 10
367 2735 10
367 3782 7
367 4838 5
367 298 8
367 3403 2
368 3105 5
368 819 7
368 4886 8
369 2731 6
370 4668 8
370 2857 3
370 3022 4
371 3875 3
372 468 8
373 1228 6
374 1864 5
374 1798 7
375 258 7
375 4320 2
375 1242 4
376 20 10
376 1006 10
377 578 7
378 2615 4
378 1265 5
379 3930 4
379 881 1
379 410 7
379 2746 6
380 4514 4
380 1037 1
380 4075 8
380 3206 7
381 3328 2
382 2243 6
382 4807 6
382 1512 1
383 1916 10
383 3918 7
383 1143 2
383 4245 6
384 939 4
384 2386 1
384 4023 8
384 930 1
385 2359 4
385 2820 10
385 4993 4
385 3005 5
385 3788 3
386 2301 3
386 3056 9
386 4909 5
386 1301 6
387 150 7
387 4990 6
387 1650 6
387 4989 4
387 4763 9
388 3236 7
389 2326 10
390 415 9
390 4977 7
390 4289 8
391 3945 1
391 948 9
391 3323 8
392 4817 10
392 986 10
393 2763 8
394 3909 3
394 2849 4
394 3902 1
395 1725 1
395 3229 10
395 3191 7
395 2461 1
396 4937 4
397 3205 8
398 60 10
398 665 5
398 749 3
399 3026 9
400 4255 9
400 2072 6
400 2111 1
400 4297 8
401 4817 9
401 1982 9
401 3319 1
402 2620 7
402 666 3
402 3429 10
403 3155 9
403 408 7
403 4497 7
404 2338 1
405 96 9
405 4829 7
406 3939 1
406 4564 1
406 335 4
406 4039 7
407 869 6
407 806 7
407 771 5
408 1978 3
408 185 2
409 1182 7
409 3285 8
410 2146 7
410 2746 2
410 1346 8
410 3059 10
410 881 7
411 2522 7
412 503 7
413 1963 2
413 3501 9
414 963 10
414 2886 2
414 3816 8
414 2491 6
415 3144 3
415 1825 7
415 4406 2
415 4289 7
415 343 9
416 2577 1
417 2156 7
417 1522 1
417 3393 7
418 557 10
419 4051 6
419 1614 4
420 1849 10
420 1289 6
420 1876 4
420 3168 2
421 296 4
421 2150 3
421 2982 5
422 1020 1
422 4934 1
422 1988 9
423 1914 1
423 2191 6
423 1370 8
423 4925 4
424 4147 6
425 619 3
425 1067 7
425 4648 5
426 2922 2
426 4891 6
426 4680 3
426 1364 5
426 1598 7
427 4143 2
427 901 4
428 659 5
428 4291 8
429 4855 1
429 2186 9
429 266 9
430 4010 2
430 1650 10
430 1484 2
430 4973 6
431 4977 5
432 2523 10
432 2932 6
433 3605 4
433 3518 7
433 4307 8
434 4577 6
434 4777 10
434 390 10
434 1580 5
434 431 5
435 3373 2
435 3242 8
435 75 2
435 4731 8
436 4087 4
436 4396 3
436 4294 8
436 1160 9
436 3209 3
437 2886 8
437 3318 1
437 963 10
437 414 8
438 996 9
438 4633 5
438 545 6
438 2842 10
438 3654 4
439 3513 10
439 3972 2
439 4269 5
440 1059 9
440 3190 8
440 11 4
440 3354 4
440 3199 10
441 2941 7
442 2979 7
443 2662 10
443 2275 5
443 2175 10
443 4522 7
444 4470 4
444 4091 4
444 3922 3
444 2173 3
445 2572 3
445 3822 10
446 4157 9
446 2927 2
446 1951 5
446 4896 5
447 3456 5
447 2530 6
447 2772 4
447 2203 6
448 3295 2
448 2602 1
449 1777 4
450 3873 9
450 876 2
450 235 5
450 31 5
450 4233 10
451 953 1
451 794 1
451 1841 8
452 1342 4
452 1081 6
452 2441 10
453 3142 5
454 2862 10
454 4167 8
454 4506 7
454 1317 5
455 2983 9
456 948 2
456 3945 5
456 559 2
456 1954 2
457 4392 7
457 400 7
457 4960 6
458 2990 7
458 1380 3
458 3673 4
459 3089 5
459 3443 8
459 591 7
460 1043 2
461 2551 2
462 1985 6
462 3715 5
462 3230 9
462 1973 5
463 4058 1
463 2509 10
464 930 3
464 2467 3
465 4651 3
465 4124 3
465 4939 5
465 2535 5
466 2476 2
466 2961 7
466 1319 1
467 1517 9
467 4436 10
467 1386 7
467 715 5
467 4757 3
468 4675 1
468 105 4
468 2292 8
468 4013 1
469 325 2
469 2359 7
469 3698 9
469 4993 6
470 3615 7
471 487 6
472 3161 4
472 2492 7
472 217 5
472 4235 5
472 1709 2
473 4468 10
474 3264 2
475 4078 1
475 3364 8
476 212 3
476 1232 3
476 2032 9
477 3538 10
477 3419 7
477 1208 6
477 1030 8
477 4082 2
478 4616 7
478 1803 6
478 4153 6
479 1881 7
479 1121 8
479 2434 6
479 3413 3
479 630 1
480 3563 10
480 425 2
480 1067 9
480 619 4
481 2595 6
481 3635 5
482 3443 10
483 4738 9
483 735 8
484 3329 3
484 2360 6
484 3941 9
484 741 2
484 3291 7
485 4888 8
485 2987 7
485 4661 4
485 505 3
486 473 1
486 1011 8
486 588 1
486 170 2
487 1768 10
487 3355 2
487 1834 4
488 2963 5
488 3856 7
488 3231 10
489 4941 6
489 1698 5
489 752 7
489 1123 1
489 1694 10
490 3895 4
490 4759 4
490 4953 2
490 2005 3
491 3455 3
491 3425 2
492 4432 9
492 3206 6
492 4514 10
493 4490 1
494 4687 9
494 3263 4
495 301 5
495 1429 10
495 4821 4
495 3014 5
495 3593 4
496 787 2
496 953 3
496 794 8
496 451 9
496 1841 3
497 2988 1
497 3027 7
497 3472 3
498 3207 5
498 942 3
499 3163 5
499 3078 3
500 688 2
500 1452 5
500 4526 8
500 3896 1
501 2384 7
501 2874 5
501 1798 6
502 4046 1
503 4572 9
503 4485 9
503 4949 1
504 3895 8
504 4444 2
505 3016 8
505 1002 9
505 4661 9
506 712 6
507 690 6
507 2837 10
507 2300 10
507 3273 8
508 3227 8
509 3578 8
509 2074 10
509 1691 4
509 3115 5
510 2542 1
510 4803 5
511 4972 8
511 975 3
511 1122 1
511 2327 9
512 3274 7
512 2812 5
512 2034 7
512 598 9
513 4889 1
514 449 3
515 4836 9
515 524 3
515 3748 9
515 822 1
515 4943 6
516 2558 1
516 2857 4
517 3862 4
517 1236 4
518 3808 1
518 801 4
518 1525 2
518 477 4
518 4739 10
519 2511 9
519 3016 2
519 2193 10
519 3751 10
519 459 7
520 1546 4
520 1738 9
520 302 8
521 728 2
521 4734 1
521 271 5
521 1540 10
521 1920 9
522 1005 2
522 2519 6
522 4241 2
522 2328 9
522 4905 1
523 4069 10
523 3248 8
523 3561 6
523 760 3
524 3624 5
524 3608 3
524 1781 7
524 550 8
524 4808 1
525 165 8
525 2681 8
525 200 10
525 4642 8
526 996 1
526 545 3
526 2992 6
527 3388 3
527 3130 10
527 4601 5
527 534 2
528 366 2
528 3604 2
529 1714 2
529 662 9
529 4495 9
530 2848 1
530 1261 7
530 4595 4
530 3932 2
531 3463 4
532 4490 5
532 493 9
533 2648 9
533 52 10
533 3227 4
534 4974 8
534 3573 7
535 1447 2
535 2311 7
536 4741 2
537 777 7
537 3550 4
537 3543 5
538 3329 3
538 1749 4
538 2360 5
539 612 5
539 4223 1
539 412 9
539 1658 3
539 2764 9
540 3701 10
540 3131 10
541 3547 10
541 2021 6
541 236 4
542 2251 4
543 1777 6
543 4811 6
543 1653 3
544 1946 9
544 2981 5
544 1278 6
544 1288 4
545 2842 7
545 2224 7
546 831 1
546 4850 5
546 3385 6
546 3261 1
547 886 9
547 3488 10
547 3841 4
547 709 6
547 4926 7
548 1210 5
549 1731 6
550 1292 7
550 1202 8
551 3513 7
551 816 4
552 4037 2
553 3853 9
553 1679 6
553 3328 7
553 1464 6
553 381 10
554 217 5
554 4235 5
554 3579 5
554 692 7
554 2020 9
555 3175 10
555 2297 1
555 4462 10
555 4958 5
555 3321 9
556 4404 6
556 625 2
556 2351 9
556 4435 2
557 1191 10
557 3494 9
558 1544 7
558 2520 7
558 1893 10
558 289 2
559 2222 4
559 2825 5
559 1954 6
559 3945 9
559 3785 1
560 2995 6
561 702 4
561 3522 7
561 1647 4
561 4144 2
561 2718 5
562 4419 6
562 1408 10
562 3377 10
563 3816 3
563 2489 8
563 1440 4
563 2886 8
564 4481 1
564 514 6
564 3050 7
565 3086 8
565 4463 5
566 4621 1
566 2603 1
566 825 3
566 1436 9
567 688 6
567 4526 6
567 1452 7
567 2431 3
568 1355 5
568 3901 9
568 3754 1
568 288 9
569 536 3
569 4360 5
569 2010 6
569 352 6
569 3897 6
570 2118 1
571 2924 1
571 1382 8
572 1149 6
572 470 9
572 4204 1
572 263 6
573 938 2
573 3342 7
574 669 9
574 3996 2
574 765 7
575 1012 8
575 1919 6
575 2774 1
575 4546 10
576 3325 2
577 1017 1
577 4336 1
577 3390 10
578 4624 10
578 1015 3
578 3619 8
578 1402 10
579 1345 6
579 4103 7
580 4731 8
581 1918 3
581 4581 5
581 4501 5
581 1729 6
582 4090 7
582 3075 1
582 2915 5
582 2723 1
583 3265 5
583 1469 10
583 2934 10
583 821 7
583 4123 9
584 2275 4
584 1670 2
585 2494 8
585 2081 2
585 843 1
586 3327 4
586 4742 4
586 3928 1
586 1184 5
586 2970 7
587 1368 4
587 4092 3
587 736 1
587 3688 8
588 4646 10
588 3961 7
589 201 2
589 4806 6
589 3253 1
589 48 6
590 1272 8
590 1068 6
590 4809 3
591 2148 9
591 3443 1
591 2166 9
591 3751 2
592 4970 9
593 3759 2
594 540 3
594 4705 10
594 1907 5
595 4649 2
595 3210 4
595 25 2
595 1376 3
596 2266 3
596 2218 3
596 3123 6
596 4669 4
596 1779 10
597 697 10
598 3405 6
599 343 1
599 4977 4
599 3144 4
599 3176 5
599 4116 5
600 4490 3
600 1454 4
600 4476 8
601 3445 1
601 3102 1
601 511 4
601 2315 10
601 2523 9
602 3148 10
603 3721 7
603 1152 10
603 2617 6
603 4794 1
603 4280 1
604 2411 10
604 1878 4
604 3972 6
604 1264 3
604 4269 6
605 2808 8
606 4634 3
606 1010 2
607 913 4
608 1782 5
608 2925 7
608 3779 10
608 3862 8
609 3212 9
609 278 6
609 2334 5
609 3084 5
609 23 4
610 1661 1
610 869 6
610 4066 9
611 3331 6
611 1496 6
611 1026 8
612 669 7
612 4485 10
612 3039 1
612 1044 5
613 932 1
613 391 10
614 3525 10
614 4789 5
614 4318 4
614 279 2
615 809 9
615 1699 9
616 4706 10
617 161 4
617 4767 10
617 20 6
618 3941 10
619 2390 6
619 4676 2
619 4501 9
619 2714 8
619 4648 5
620 692 5
621 2206 8
621 1212 10
622 3178 2
622 4956 3
623 1362 5
623 1391 3
623 2607 10
623 2043 10
623 1934 6
624 2469 2
624 2549 5
625 4435 7
625 1459 5
625 3795 10
626 3771 3
626 4541 9
626 147 8
626 1836 2
627 4544 6
627 3399 3
627 740 7
627 1432 2
627 3560 6
628 1187 1
628 4656 9
628 4944 10
628 866 4
629 4650 2
630 3413 5
630 1121 1
631 4075 5
632 4965 9
632 471 1
632 3416 7
633 860 8
634 3441 7
634 4158 1
635 2645 6
636 3515 10
636 4398 3
637 4792 5
637 2708 5
637 1665 4
637 4540 6
638 1761 5
638 4778 1
638 979 8
639 1511 8
639 1529 9
639 3677 2
640 1961 2
640 4051 9
640 3091 7
640 3366 9
640 2439 2
641 4710 8
641 116 9
641 2951 6
641 2611 6
641 4249 2
642 3543 10
642 4458 4
643 3454 3
643 1992 6
644 4744 2
644 3515 1
644 4385 6
644 2233 6
645 3601 1
645 2957 3
645 1093 4
645 281 4
646 638 4
647 4078 10
647 4707 10
648 1643 5
648 878 5
648 130 4
649 2320 9
650 4947 3
650 3846 4
650 4175 4
651 837 5
652 1853 1
652 4171 10
652 4991 2
652 4511 9
652 3772 9
653 287 6
653 3637 4
653 1703 5
653 4916 6
654 586 6
654 3327 2
654 4742 1
654 3096 4
655 3055 6
655 1473 7
656 1021 6
657 1311 8
657 2037 2
657 1509 8
657 3944 8
657 215 10
658 2832 7
658 4679 10
658 4686 6
659 1838 10
659 2280 6
659 1620 4
660 2871 2
660 1380 5
660 4983 7
661 3754 7
662 4495 6
662 2355 4
662 3706 7
662 2896 8
663 138 8
664 3900 10
665 2025 3
666 3384 6
666 2689 5
666 3575 7
666 3429 8
667 1785 8
668 1879 7
669 3149 2
669 3069 1
670 3215 10
670 1659 9
671 3312 1
672 2477 1
672 1833 1
672 4248 1
672 1523 7
673 1031 1
673 3290 4
673 2063 8
674 3255 6
674 936 1
675 1251 6
675 767 3
675 4273 7
676 4188 4
676 4259 3
677 3637 5
677 1579 6
677 1855 1
678 1840 9
679 1362 10
679 2607 5
679 3068 8
679 2805 4
679 272 2
680 4007 7
680 3523 2
680 4643 10
681 2983 3
681 3592 8
681 4600 2
681 3219 4
682 4155 1
683 1762 10
683 4732 2
684 4713 1
685 3103 10
686 4851 9
686 1539 6
686 782 1
686 1303 10
687 57 3
687 2484 7
688 2431 10
689 3609 1
689 1248 6
689 4077 9
689 3780 2
689 992 6
690 156 7
690 925 7
691 1729 10
692 338 9
692 2778 3
692 3188 4
692 1020 6
692 4934 7
693 3502 10
693 269 1
693 527 1
693 4601 1
694 3619 10
694 1015 5
695 4188 9
695 1578 7
695 3950 3
695 195 2
695 676 10
696 860 7
696 377 5
697 3271 6
698 4691 5
698 2551 1
698 4370 8
698 1045 1
699 1259 7
700 4442 4
700 2635 1
700 4954 7
701 4194 5
701 4879 4
701 3269 3
702 3399 5
702 4544 5
702 740 6
703 2479 3
703 4053 9
704 2276 10
704 4766 10
704 761 4
704 2485 4
705 2029 3
705 3926 6
705 2312 9
705 910 7
705 3249 2
706 2046 7
706 3869 7
706 1320 1
706 4047 2
707 4542 2
707 2206 6
707 621 7
707 3317 9
708 1294 2
708 722 7
708 3996 2
708 4992 7
709 1021 4
709 778 7
709 3498 5
709 886 2
709 3841 1
710 3273 6
710 156 4
711 4114 1
712 3480 1
712 2206 7
712 1481 3
713 4536 7
714 3562 9
714 2350 1
715 2686 4
715 3506 9
715 3768 8
716 1182 7
716 4690 6
716 3285 3
717 2213 10
717 1437 7
717 157 8
718 3333 1
718 4951 4
718 3260 8
719 1396 6
719 3871 7
720 998 8
721 430 10
721 4218 8
722 381 2
723 53 2
723 4083 5
723 3532 2
724 4919 10
724 2544 8
725 1358 3
725 1772 10
725 1407 8
725 3263 1
726 1465 3
726 2609 5
727 2915 3
728 3728 2
729 797 1
729 1752 10
729 902 2
729 743 10
729 4729 5
730 1933 1
730 827 3
730 227 10
731 914 8
732 2522 7
732 2554 10
733 2571 2
733 4981 7
733 3848 10
734 2887 8
734 2655 5
734 2198 7
734 4150 7
735 4336 3
736 3299 10
736 2219 2
736 3464 2
736 4265 6
737 2114 5
737 766 8
737 2705 7
738 1929 7
739 3288 8
739 3542 7
739 3344 5
740 826 9
741 2360 7
741 3378 7
741 2232 9
742 2153 3
742 1527 8
742 2252 5
743 3010 1
744 1154 10
744 3339 2
744 4779 5
744 4946 5
744 100 5
745 3057 8
745 42 8
745 4900 5
745 3691 9
746 2098 1
746 2030 7
746 3833 1
747 4187 6
747 1189 8
747 751 2
747 2261 9
747 2076 3
748 2987 2
748 4661 7
748 364 5
749 2641 5
750 909 3
750 1865 7
751 2657 1
751 3704 2
752 3154 2
753 4979 3
753 192 9
753 2710 9
753 4468 2
754 4016 6
754 3347 7
754 1643 5
754 1884 3
755 4561 10
756 2701 8
756 3480 4
756 345 10
756 3188 5
757 3912 4
757 3429 6
757 3384 2
758 772 9
758 2960 2
759 2908 1
759 1607 9
760 3561 1
761 3807 3
761 4209 6
762 3534 5
762 1346 3
762 3930 4
762 881 10
763 3346 1
764 3392 2
764 3449 2
764 1794 1
764 94 8
764 4520 8
765 4992 6
765 2518 7
765 1464 3
765 1679 1
766 4130 10
766 1913 4
766 2705 10
766 4607 3
766 1791 1
767 1213 3
767 2776 9
767 4004 5
768 3904 7
768 933 5
768 4530 3
768 2811 9
769 1808 3
769 2034 3
770 2328 3
770 1005 2
770 3971 9
771 1745 1
771 1661 10
771 4066 4
771 3680 9
772 4086 6
772 1535 9
773 4338 7
774 2479 4
774 1947 4
775 1810 8
776 1038 1
776 3213 1
776 4706 4
777 3543 9
777 642 2
777 3169 5
778 4353 9
778 1267 6
778 3498 2
778 1483 2
779 3872 3
779 1061 3
779 4642 1
780 799 6
780 1603 4
781 4275 10
781 909 5
781 4062 9
782 3891 6
783 4771 9
783 4059 5
783 1897 8
784 820 2
784 2709 10
784 4064 10
785 2703 7
785 734 4
785 955 5
785 4391 9
785 1623 5
786 3191 6
786 2031 8
786 3229 3
786 395 6
786 658 2
787 4718 3
787 2926 5
788 1890 2
788 2670 4
789 2357 3
790 4170 5
790 3154 6
791 4653 2
792 857 7
792 1775 5
792 1412 9
792 3224 4
792 2000 4
793 3003 4
794 3606 1
794 2926 4
795 893 7
795 4902 6
796 2063 9
796 3290 6
796 2892 5
796 1031 1
797 705 8
797 4936 10
797 2029 9
797 2312 4
798 2215 7
798 2731 8
798 2066 3
798 476 10
798 1384 3
799 3735 1
799 3140 6
799 1675 8
800 37 8
801 724 9
801 627 7
801 1727 3
801 3538 9
802 1558 9
803 662 2
803 4495 7
804 1695 7
804 4657 10
804 4390 7
804 3431 8
805 2077 3
805 1921 3
805 240 9
805 1547 10
806 3680 9
806 771 5
807 2164 9
807 3176 5
807 1825 5
808 4867 9
809 2732 3
809 1584 4
809 4772 5
809 3646 10
809 1699 6
810 1929 5
810 2290 6
810 104 2
810 1867 9
811 3833 1
811 1531 1
812 2817 9
812 4414 6
813 4864 6
813 3941 3
813 2329 8
813 3378 7
814 3245 5
814 3535 6
814 4804 1
814 2515 2
815 4919 2
816 3863 4
816 244 6
817 2773 6
817 159 8
818 3217 1
818 153 10
818 3042 6
819 37 5
819 3799 9
820 1470 8
821 187 8
821 3201 3
821 3511 9
821 2981 8
822 968 7
823 1418 10
823 4405 9
823 4641 6
823 1185 9
824 2000 2
824 2851 1
824 2727 6
824 3889 6
824 2630 7
825 1436 7
825 2603 8
825 4621 2
826 1382 8
826 1302 8
827 1989 9
827 4769 2
827 3620 2
827 4321 4
828 1280 5
828 3774 10
828 3649 8
829 937 1
829 1675 1
829 4931 10
830 4706 2
830 776 1
830 1279 9
830 4950 10
831 2745 4
831 2863 8
831 2182 9
831 1999 6
832 3701 6
832 3131 2
833 4484 6
833 2091 2
833 3722 2
834 1292 10
834 684 9
834 4713 3
835 573 7
835 1720 3
835 3331 4
835 1840 5
836 1746 10
836 2612 9
836 2130 7
836 2738 6
836 1818 10
837 3564 2
837 1753 10
837 466 8
837 502 6
838 1338 1
838 934 4
839 4465 6
839 4374 7
840 4590 8
840 4411 5
840 4610 5
841 3626 1
841 1542 7
841 1197 2
841 1972 9
841 1630 9
842 2518 10
842 539 6
842 3149 7
842 4140 7
842 4524 5
843 4576 7
844 4515 6
844 2401 7
845 2627 8
845 788 10
845 2670 8
846 2544 6
846 724 3
846 3538 6
847 4261 1
847 3798 5
847 1551 8
847 4684 1
848 2823 6
849 2982 5
849 4936 1
849 2673 4
849 1769 8
850 3812 4
850 1977 2
850 4271 2
851 357 7
851 3390 2
851 4801 5
851 1157 10
851 3181 9
852 2217 7
852 1875 3
852 998 3
852 1111 2
853 220 8
853 3710 9
853 2442 6
854 3426 4
854 2106 2
854 2777 1
855 1404 1
855 2560 10
856 631 7
856 1890 1
856 2446 4
856 3786 4
857 1605 8
857 2727 6
857 1775 2
857 2851 2
858 2751 10
858 2650 2
859 3106 7
859 970 5
859 4403 9
860 3619 9
860 4496 6
860 723 7
861 2942 1
861 4942 1
861 1592 5
861 1488 3
861 3077 4
862 37 2
862 3799 8
863 515 2
864 4415 9
864 4096 7
864 1185 1
865 3022 10
865 370 5
865 4475 4
865 2799 4
866 118 2
866 4649 2
866 4698 7
866 3729 2
867 1848 3
867 4906 7
867 2252 7
867 1945 3
868 2687 2
869 1349 3
870 1466 1
870 2248 5
871 3633 4
871 773 8
872 2670 7
872 492 6
872 1037 6
873 2607 1
874 3026 8
874 2486 6
874 4472 4
874 4393 3
874 4285 3
875 2421 9
876 1756 10
876 604 7
876 1896 1
877 1618 8
877 3390 3
877 2473 10
878 947 7
878 3325 9
878 2039 7
878 2339 3
878 976 4
879 2959 3
879 1070 6
879 2561 2
879 704 5
880 2762 7
881 2746 7
881 3534 8
881 2146 7
882 4822 9
882 4746 5
883 494 10
884 1748 2
884 1917 9
884 4810 10
885 4858 1
885 455 2
886 1285 5
886 2590 2
887 750 6
887 2421 6
887 3705 3
888 4800 10
889 3548 6
889 4031 6
889 920 9
889 3235 5
889 4918 5
890 3586 8
891 1288 8
891 2981 4
891 2443 3
891 1235 2
891 1946 6
892 2339 6
892 1643 9
892 2489 6
893 4598 7
894 3550 10
894 918 6
894 777 2
894 4854 9
894 2563 10
895 2457 8
895 4699 2
895 4666 9
895 4361 8
895 4004 10
896 3381 5
896 4831 1
896 3934 6
896 246 10
896 1129 3
897 1032 3
897 2238 4
897 2183 1
897 3054 9
897 1928 9
898 953 1
898 4574 3
899 1418 6
900 2459 3
900 3554 4
901 3820 10
901 4143 7
902 2596 4
902 705 9
903 3864 1
903 2303 10
904 215 6
904 657 6
904 2143 5
904 1509 4
905 775 8
905 3163 3
905 2729 7
905 417 4
906 4819 6
906 3084 9
906 3212 9
907 1645 8
908 4037 2
909 4272 6
909 4275 7
910 4604 2
910 3302 4
910 1156 6
910 935 1
910 1705 7
911 4378 7
911 4158 9
912 1036 8
912 4941 8
912 2887 2
912 1698 10
913 1551 9
913 4261 3
914 4462 1
914 2839 8
914 2530 9
914 2341 4
914 555 10
915 4031 4
915 920 1
916 3152 8
916 4807 10
916 2829 10
916 4462 8
917 1550 6
917 4170 4
917 2623 10
917 4688 6
917 659 5
918 3063 5
918 4596 6
919 4829 1
919 96 2
919 405 6
919 1397 6
920 4918 1
920 1166 8
920 2969 5
920 4031 7
921 3062 5
922 3908 1
922 2542 9
922 1052 4
922 1624 7
923 3645 4
923 1646 7
923 2570 8
924 4600 10
924 319 9
924 4710 7
924 41 7
924 2033 5
925 4137 5
925 3383 4
925 1083 6
926 4029 8
926 4444 2
926 1895 7
927 3840 3
927 2526 3
927 4441 7
928 1532 2
928 3884 2
928 2636 10
928 4419 3
928 1879 10
929 1772 5
929 494 8
929 725 1
930 2449 4
930 4325 4
931 3525 2
932 3049 3
932 4492 2
932 1954 8
932 391 1
933 2087 6
933 2337 5
934 1985 8
934 1426 10
935 1156 3
935 1705 2
935 4604 9
935 1805 8
935 2365 9
936 830 8
937 799 1
937 1940 5
937 3140 5
937 1603 2
937 1675 1
938 2974 2
938 4134 1
939 1504 9
940 3256 1
941 281 7
941 4540 2
942 4799 6
942 2687 7
942 3774 8
943 2475 9
943 4213 9
943 1221 3
944 3510 3
944 138 5
945 3041 6
945 4441 6
945 2954 8
945 3003 8
945 1574 8
946 1268 3
946 646 5
946 4461 7
946 1673 3
947 2444 10
947 4044 4
947 2886 4
948 2222 9
948 2096 9
949 666 7
949 3995 7
950 4418 9
951 838 9
951 3364 2
951 1902 2
952 3299 3
952 1898 9
953 2668 6
953 2926 6
953 208 8
953 2855 1
953 789 1
954 4278 7
955 4477 8
955 4150 1
955 1036 10
955 1409 2
956 108 2
956 658 5
956 4855 10
956 4110 3
956 1444 2
957 467 5
957 4927 2
957 1406 2
958 4900 5
958 3832 5
958 4129 8
958 4359 1
959 1028 9
959 4129 2
959 4900 6
959 4852 1
960 4277 1
960 4862 9
960 2408 3
961 2845 2
961 260 9
961 4306 9
961 1008 4
962 2425 10
962 1821 9
962 2050 1
963 4044 4
963 4775 6
963 2886 7
963 2491 4
963 4084 1
964 2605 6
964 767 3
965 3673 4
965 3038 1
966 995 7
966 1722 1
966 4513 5
966 1882 1
967 3803 10
967 465 1
967 4287 4
967 2254 10
967 2535 4
968 320 5
969 1671 1
969 3485 4
969 760 7
970 1359 7
970 1664 5
970 2610 7
970 3549 8
971 4026 4
971 3574 10
971 2216 7
972 113 8
972 568 7
972 3418 10
972 2481 3
972 3754 1
973 1595 1
973 2748 7
973 3657 2
974 4687 9
974 1407 5
974 3827 2
975 4147 2
975 3824 8
975 2646 3
975 542 3
976 4084 5
976 2444 9
977 990 5
977 1311 9
978 1483 8
978 1267 1
979 149 5
979 2791 10
979 4222 10
980 3374 1
980 2262 5
980 2230 5
981 4051 9
982 870 4
983 73 5
984 2139 7
985 2990 2
985 2871 1
985 3760 7
985 1109 4
985 1380 10
986 4502 10
986 3319 10
987 3523 3
987 1816 4
988 1182 5
988 351 4
988 716 3
988 4824 7
988 3460 4
989 1497 9
989 1221 6
990 950 1
990 2143 5
990 1311 6
990 4418 2
990 2685 4
991 1289 2
991 3250 1
992 4036 9
992 1576 5
992 403 4
992 2165 9
992 4497 1
993 3040 4
994 3562 3
995 1640 8
995 3152 10
995 4912 7
995 4564 5
995 2829 10
996 4633 5
996 2224 7
997 817 8
997 3742 9
997 2773 2
998 4267 5
998 3465 2
998 4938 10
999 1851 9
999 3334 5
999 4020 1
1000 2447 1
1000 1022 6
1001 3247 1
1002 2002 6
1002 3443 2
1002 336 10
1002 1472 8
1002 591 4
1003 3688 8
1003 2752 2
1003 3299 4
1003 4265 1
1004 524 8
1004 755 10
1005 4905 3
1005 2328 3
1005 2827 8
1006 2810 5
1006 4324 7
1006 4103 7
1007 2447 5
1007 908 1
1008 4047 10
1008 1419 4
1008 1963 8
1008 4377 4
1009 1653 9
1010 1560 4
1010 4806 8
1010 48 1
1011 4538 10
1011 4802 7
1011 1700 2
1012 3743 3
1012 4889 1
1012 1919 4
1012 2541 7
1012 3618 9
1013 1594 5
1013 4379 1
1013 1959 9
1013 4328 8
1014 1616 10
1014 1896 2
1014 876 4
1014 2411 3
1015 2373 6
1016 1977 2
1017 3157 7
1017 1618 6
1018 4016 7
1018 892 9
1018 4107 6
1019 4714 9
1019 1417 6
1019 1634 1
1019 4489 4
1020 3480 6
1020 4825 3
1021 1267 4
1022 1304 5
1022 4549 1
1022 3964 6
1023 2641 1
1023 2025 7
1023 2678 4
1024 1421 3
1024 1404 2
1024 1824 7
1024 2474 10
1024 2436 6
1025 2051 1
1025 1029 6
1025 2507 3
1025 1293 4
1026 1720 7
1026 1496 7
1026 3331 1
1026 719 1
1027 2860 5
1027 849 3
1027 2760 2
1027 4605 8
1028 3832 10
1028 3691 1
1029 1010 7
1029 1741 6
1030 3399 5
1030 4544 4
1030 1582 4
1030 1727 4
1031 4179 6
1031 1802 4
1031 1875 9
1031 998 8
1031 852 9
1032 2995 7
1032 4881 1
1033 178 5
1033 1744 1
1033 313 7
1033 4728 8
1034 2920 3
1034 4264 4
1034 818 2
1034 1977 5
1035 1801 5
1035 660 4
1035 1222 9
1036 1620 2
1036 752 8
1036 3154 10
1036 917 4
1036 3627 5
1037 3810 10
1037 1315 3
1038 4852 7
1039 3371 10
1039 3353 5
1040 3972 10
1040 876 8
1041 2931 9
1041 1548 6
1041 829 9
1041 1675 5
1042 3702 4
1042 1543 10
1043 4836 2
1043 3823 7
1043 3872 6
1043 4713 10
1043 4642 4
1044 722 10
1044 1679 4
1044 4217 9
1044 4485 8
1045 3324 7
1045 2943 6
1045 2582 6
1046 3835 8
1047 105 7
1048 3779 2
1049 2915 8
1049 4578 4
1049 999 1
1049 263 9
1049 572 1
1050 4545 10
1050 3562 1
1050 1493 10
1050 2527 3
1050 3611 1
1051 2688 9
1051 312 8
1051 52 10
1052 3541 1
1053 3147 6
1053 2835 5
1053 3306 6
1053 2453 7
1054 297 8
1054 1675 5
1054 3435 2
1054 146 6
1054 1603 1
1055 1262 8
1055 2213 1
1056 74 8
1056 4096 4
1056 4415 6
1056 3765 8
1057 4628 5
1057 2701 7
1057 1020 6
1058 4762 9
1059 500 3
1059 1452 8
1059 3896 8
1060 1126 1
1060 3189 2
1060 3293 4
1060 4133 9
1060 1847 8
1061 3656 9
1061 3529 9
1062 3921 2
1062 3767 7
1063 3706 4
1063 2355 1
1064 804 7
1064 3029 5
1065 2693 7
1065 2878 10
1065 2379 2
1066 3654 10
1066 2842 10
1066 545 10
1066 2136 2
1067 1171 10
1067 4501 10
1067 4581 6
1067 2504 6
1068 1095 1
1068 4428 9
1068 4809 8
1069 2293 10
1070 3864 10
1070 4672 10
1071 1636 7
1071 248 4
1071 3429 5
1071 3384 2
1072 3681 6
1072 159 6
1072 1074 10
1072 1668 7
1072 3742 2
1073 2909 4
1074 4272 10
1075 895 4
1075 3567 8
1075 3776 7
1075 288 1
1075 1213 10
1076 2898 3
1076 1362 9
1077 2867 2
1077 2909 2
1078 896 7
1078 3934 9
1079 4401 9
1079 2847 9
1079 1116 8
1079 1691 5
1079 3115 5
1080 2182 4
1081 3018 5
1081 2749 4
1081 2399 8
1081 2241 6
1081 2599 1
1082 3258 4
1082 951 7
1082 1902 10
1083 3660 5
1083 4851 4
1083 1545 4
1083 4061 1
1084 3214 2
1084 827 2
1084 4321 5
1084 2938 8
1084 2325 10
1085 786 9
1085 2461 3
1086 2053 3
1086 4919 2
1087 2879 8
1087 1012 8
1088 2979 8
1088 4212 10
1088 1420 1
1088 4027 4
1088 2291 8
1089 1405 9
1089 2086 6
1090 526 8
1090 3654 7
1090 63 3
1090 1066 1
1090 4633 6
1091 1490 9
1092 2332 1
1092 2293 2
1092 3879 10
1092 3047 5
1092 1393 9
1093 402 10
1093 3912 3
1093 1340 1
1094 2324 6
1094 2604 5
1094 3315 3
1094 739 1
1095 3447 7
1095 2873 2
1095 4626 6
1095 3793 9
1095 3777 4
1096 3495 6
1097 883 9
1097 929 1
1097 593 10
1097 2172 2
1097 2857 8
1098 4280 10
1098 2129 8
1099 2211 5
1100 3065 1
1101 4792 4
1101 1071 1
1101 3671 1
1101 4305 9
1101 4540 6
1102 3985 1
1102 2271 3
1102 324 2
1102 1174 7
1102 4122 7
1103 3675 8
1103 3046 1
1104 231 5
1104 1766 4
1105 2813 3
1106 2292 2
1106 913 7
1107 1302 9
1107 1373 5
1108 4181 3
1108 1643 7
1108 3816 7
1108 3809 10
1109 4445 1
1109 4866 2
1109 4901 6
1109 1150 3
1110 2348 5
1110 905 10
1110 3163 7
1110 2666 2
1110 1522 2
1111 1875 5
1111 274 7
1112 426 3
1112 1372 3
1113 3272 2
1113 3178 6
1113 1323 4
1113 1959 6
1114 3830 8
1114 3404 6
1115 4766 1
1115 2959 8
1115 3807 8
1115 82 10
1115 761 9
1116 1263 10
1116 3539 4
1116 1717 9
1116 1908 1
1116 1960 3
1117 1881 10
1117 1121 1
1117 2187 9
1118 3096 6
1119 1936 10
1119 84 9
1119 509 7
1120 2558 3
1120 239 6
1120 1706 9
1120 4668 10
1120 1846 7
1121 4780 3
1121 1984 7
1122 4680 1
1122 4584 7
1123 3154 6
1124 3489 2
1124 231 3
1124 1122 8
1124 4680 1
1125 3286 6
1125 3095 3
1125 2557 8
1125 4631 5
1126 4499 8
1126 1516 8
1126 1587 8
1127 4424 8
1128 491 1
1128 4524 10
1128 2308 8
1129 2116 7
1130 3552 3
1130 4793 6
1130 2539 2
1130 2075 10
1131 1428 10
1131 3186 3
1131 2382 9
1132 3654 8
1132 2842 9
1132 526 3
1132 210 4
1132 4431 7
1133 3264 9
1134 26 3
1134 2070 2
1135 2615 1
1136 1792 10
1136 2975 5
1137 4982 8
1137 4701 2
1137 4971 7
1138 2836 9
1139 3297 9
1139 3815 2
1140 3989 9
1140 4283 8
1140 4104 8
1141 2208 8
1141 4841 7
1141 2385 7
1142 2231 10
1142 3308 6
1142 2191 3
1142 2854 5
1142 2389 4
1143 4378 9
1144 2594 10
1144 4339 9
1145 4666 5
1145 113 2
1145 767 1
1146 2204 3
1147 4073 2
1148 4298 1
1148 4691 9
1148 2943 2
1148 1922 6
1148 2965 6
1149 2860 2
1149 3905 3
1149 935 8
1150 1258 5
1150 1318 9
1150 64 3
1150 1773 5
1151 2309 5
1151 692 4
1151 4531 4
1152 1846 7
1152 1216 8
1152 1822 6
1153 3258 3
1153 1338 1
1153 1424 6
1154 4779 9
1155 4929 7
1155 3083 5
1155 4796 10
1155 1537 8
1156 2353 2
1156 1490 3
1156 1091 4
1156 1255 9
1156 984 9
1157 12 7
1157 2690 10
1157 2962 7
1157 4373 7
1158 4302 1
1159 3148 6
1159 3757 9
1159 4458 4
1160 3186 4
1160 1428 8
1161 2784 1
1162 2394 2
1162 2762 10
1163 2625 3
1163 1887 9
1163 2155 10
1164 1500 4
1164 4502 10
1164 401 9
1165 3118 2
1165 680 10
1166 3982 10
1166 2879 5
1167 1960 1
1167 3471 1
1167 2074 1
1167 84 10
1167 2847 7
1168 4964 6
1169 2350 2
1170 2511 1
1170 4996 8
1171 2019 6
1172 2602 4
1172 3179 6
1172 123 7
1172 3295 2
1172 2040 2
1173 715 3
1173 4540 6
1173 4757 5
1174 2131 8
1174 2785 8
1175 2161 3
1175 3083 8
1175 4820 3
1175 1537 8
1176 1224 10
1177 1637 5
1178 2650 8
1178 3017 3
1178 1792 1
1179 4841 7
1179 291 4
1179 2187 4
1179 4780 5
1179 3636 6
1180 3402 5
1181 3294 5
1181 57 8
1182 1510 1
1182 4043 2
1183 4043 10
1183 2592 9
1183 3546 7
1183 1416 4
1184 3096 8
1185 3622 9
1185 3732 2
1185 3765 2
1186 3857 6
1186 2369 1
1187 4649 3
1187 25 7
1187 1376 8
1188 4298 3
1188 1922 6
1188 2582 10
1188 2113 2
1188 2697 1
1189 1085 1
1189 4665 5
1189 2952 10
1190 1247 10
1190 3746 9
1190 3128 9
1190 4053 9
1191 1043 1
1191 3955 6
1191 1505 9
1191 4642 9
1192 2079 2
1192 3849 10
1192 2790 2
1192 635 4
1193 4559 3
1193 1978 5
1193 4885 6
1193 3555 8
1194 3286 5
1194 18 1
1195 3215 1
1195 1659 2
1195 2413 1
1196 3323 10
1196 2858 1
1196 2552 6
1196 3785 2
1197 2107 10
1197 1291 9
1197 119 4
1197 4014 1
1197 1542 7
1198 1579 3
1198 3938 4
1199 4680 8
1199 1598 10
1199 2586 8
1200 1286 9
1200 3015 7
1200 4583 9
1200 4917 4
1201 169 4
1201 4856 10
1201 3617 6
1201 4040 4
1202 2471 10
1202 4190 4
1203 4489 5
1203 4617 1
1204 1236 5
1204 3862 8
1204 1782 5
1205 1653 4
1205 134 1
1205 2676 1
1205 4717 4
1206 3736 7
1206 4761 3
1206 2450 4
1206 4645 2
1206 1719 1
1207 2532 4
1207 4407 4
1207 1624 7
1207 3360 4
1208 240 10
1208 627 5
1208 3399 4
1208 1302 8
1208 3538 1
1209 2591 10
1209 4611 7
1209 329 1
1210 357 10
1211 1404 10
1211 19 3
1211 1350 8
1211 2584 7
1212 954 2
1212 4278 4
1213 3296 10
1213 4361 4
1213 3754 5
1213 3797 1
1213 4666 3
1214 4908 4
1214 1349 5
1214 1745 9
1214 4066 10
1214 407 4
1215 4989 7
1216 1822 5
1217 1579 3
1217 2797 9
1217 2138 6
1217 4446 7
1217 4875 7
1218 3667 8
1218 907 8
1218 2077 5
1219 3292 10
1219 3942 9
1219 2391 1
1219 3890 4
1220 2662 2
1220 3142 6
1220 443 3
1220 4553 8
1220 3283 5
1221 2999 3
1221 3036 6
1221 1282 1
1221 4420 10
1222 3038 5
1222 2393 9
1223 2696 10
1223 2757 8
1224 2562 6
1225 783 5
1225 3753 9
1225 4683 3
1225 1224 8
1225 2869 7
1226 2726 3
1226 3902 5
1226 2736 4
1227 2219 5
1227 4517 2
1227 1543 10
1227 736 9
1228 569 1
1228 4590 5
1229 1522 1
1229 1110 9
1229 2480 8
1229 3163 6
1229 4348 2
1230 1015 8
1230 4496 6
1231 642 7
1231 2528 9
1231 4854 5
1231 3187 5
1231 3169 1
1232 4293 4
1232 4981 2
1232 837 6
1233 1780 9
1233 2125 2
1233 2085 6
1233 1019 7
1234 1038 10
1234 4359 5
1234 4867 4
1235 4711 2
1235 1495 5
1236 2585 5
1236 1442 10
1236 2480 8
1237 1878 9
1237 1564 10
1237 2514 3
1238 3489 5
1238 2932 1
1238 3512 6
1239 1579 6
1239 205 5
1239 4446 6
1239 287 4
1240 608 5
1240 2944 5
1240 1442 9
1241 1391 6
1241 1934 1
1241 1570 7
1242 1236 7
1243 372 8
1243 468 9
1244 3426 1
1244 4365 4
1244 1475 3
1244 2108 4
1245 4543 6
1245 2667 1
1245 149 2
1246 2553 5
1246 3228 8
1246 3576 9
1247 2787 5
1248 4885 7
1248 4077 8
1249 2966 9
1250 1534 2
1251 4004 3
1251 3797 9
1251 3741 9
1251 49 8
1252 4703 9
1252 4682 4
1253 1290 6
1253 2716 10
1253 2573 5
1254 2591 8
1254 3793 5
1255 2139 6
1255 2824 6
1255 2353 5
1255 2889 9
1256 154 9
1257 1605 4
1257 2727 10
1257 1403 3
1258 2910 10
1258 1797 2
1259 2968 3
1259 4358 3
1259 4726 4
1259 3882 2
1260 3951 6
1260 1392 9
1260 1339 3
1261 778 4
1261 4353 7
1261 978 5
1261 4882 2
1262 365 3
1262 943 3
1262 2475 1
1262 1282 4
1262 4085 10
1263 739 8
1263 2324 4
1263 1908 1
1263 3658 5
1264 1896 2
1264 3740 8
1264 1007 4
1264 1878 7
1265 256 8
1265 731 1
1266 4302 2
1267 1285 6
1267 1528 4
1267 3282 3
1267 2670 4
1267 4638 6
1268 4222 6
1268 4865 10
1269 2879 8
1269 1012 9
1269 2541 8
1270 4141 8
1270 900 10
1270 3554 2
1270 4621 3
1270 4787 8
1271 1215 1
1271 721 4
1271 3121 1
1271 430 9
1271 1944 3
1272 2762 9
1272 2758 6
1272 282 8
1272 3777 2
1272 880 10
1273 1776 1
1274 132 2
1274 4110 3
1274 2028 6
1274 2045 2
1275 4710 3
1275 681 10
1275 2429 1
1275 41 3
1276 3493 7
1277 3545 8
1277 2265 3
1278 277 2
1278 254 9
1278 3556 9
1278 4711 6
1278 2942 8
1279 4129 7
1279 4898 5
1280 4709 8
1281 2585 2
1281 2945 3
1281 3081 8
1281 1522 10
1282 3202 1
1283 4978 2
1283 3721 10
1283 2129 9
1283 3007 8
1283 1706 4
1284 2539 4
1285 856 1
1285 631 2
1285 3690 5
1286 3553 4
1286 3071 9
1287 1407 8
1287 2069 6
1287 1759 5
1287 2799 5
1288 277 4
1288 861 4
1288 1488 3
1288 3062 10
1289 2135 1
1289 4585 8
1290 2413 2
1291 1542 6
1291 2177 3
1291 1630 6
1291 2107 7
1292 2674 1
1293 1010 6
1293 2376 6
1293 4673 1
1294 4217 2
1294 381 4
1294 4921 9
1294 669 6
1294 3328 6
1295 1919 4
1295 2254 6
1295 3743 8
1296 124 7
1297 3564 4
1297 3875 4
1297 2476 4
1297 3848 1
1297 4784 2
1298 1974 9
1298 2657 9
1298 3981 7
1298 2844 5
1298 1942 8
1299 4536 7
1299 3701 4
1299 4423 1
1300 4361 4
1301 3087 6
1301 4505 2
1301 2071 4
1301 3888 7
1302 3667 9
1302 2102 9
1302 1632 2
1303 4053 5
1303 782 4
1304 833 6
1304 638 10
1304 871 6
1305 3787 8
1306 2504 1
1307 26 7
1307 1019 6
1307 1780 10
1307 1194 3
1308 3154 9
1308 3174 6
1308 1123 4
1309 4951 1
1309 3080 1
1309 1341 2
1309 4612 10
1310 1799 5
1310 3454 5
1310 355 9
1310 199 10
1310 1992 4
1311 950 1
1311 359 2
1311 4532 7
1312 3430 6
1312 1931 3
1312 363 1
1312 4849 8
1313 3952 7
1313 1127 8
1313 2783 10
1313 2676 10
1314 1951 7
1314 4896 5
1315 718 8
1315 4608 10
1315 3080 7
1315 2868 5
1316 1128 5
1316 3640 1
1317 3690 9
1318 420 4
1319 2476 3
1319 3645 6
1319 2934 2
1320 2886 3
1321 3247 7
1322 2320 2
1323 3031 5
1323 2006 8
1324 2656 5
1325 2473 5
1325 4738 1
1325 3037 7
1325 1684 4
1325 4369 7
1326 1454 10
1327 4246 10
1327 1035 3
1327 79 7
1328 4629 3
1328 2177 6
1328 2107 9
1329 3300 3
1330 2927 3
1331 866 4
1331 3166 9
1331 1187 8
1332 686 4
1332 209 9
1332 4137 7
1333 3857 8
1333 3967 7
1333 3641 9
1333 3999 10
1334 913 1
1334 51 2
1334 1551 3
1334 1047 1
1334 4013 1
1335 4585 9
1336 4311 10
1336 1439 2
1336 2270 5
1337 4238 5
1337 2743 1
1337 2926 1
1337 787 1
1337 2855 3
1338 1973 3
1339 2985 9
1339 4092 10
1339 1543 5
1340 3384 9
1341 2482 4
1341 1283 6
1342 194 9
1342 114 5
1342 3373 9
1343 1559 1
1343 4726 10
1343 4358 5
1343 2968 9
1343 2895 9
1344 2654 7
1344 1639 3
1345 3144 1
1345 4777 9
1345 2616 8
1345 4577 6
1346 2146 1
1346 1467 5
1346 3534 2
1346 1377 5
1347 4616 4
1347 3753 7
1347 783 10
1347 228 1
1348 3818 1
1348 4042 8
1348 2562 3
1348 4616 2
1348 2282 4
1349 3680 1
1349 2781 3
1350 3500 5
1351 4198 3
1351 3375 6
1351 4328 10
1351 3031 10
1351 1959 1
1352 2209 8
1352 2270 2
1353 3730 10
1354 4077 2
1355 3943 8
1356 866 1
1356 25 8
1356 4660 7
1356 4274 7
1356 4465 7
1357 1005 1
1358 4980 2
1359 692 8
1359 3549 10
1359 620 8
1360 2471 9
1360 320 5
1361 4160 1
1361 589 9
1361 2051 3
1361 4024 10
1361 4512 6
1362 4296 2
1362 272 4
1362 2607 10
1362 3068 1
1363 1010 5
1363 4384 8
1363 3253 1
1363 397 10
1364 2565 3
1364 2586 6
1364 4680 1
1365 2302 5
1365 3212 5
1365 3084 7
1366 4189 6
1367 2522 5
1367 1686 10
1367 592 7
1367 732 1
1368 2456 4
1369 2181 2
1370 2170 1
1370 3966 2
1370 1702 4
1370 2231 8
1371 32 2
1372 4873 9
1372 2565 3
1372 1364 6
1373 2132 8
1373 2737 6
1373 2004 10
1373 2808 7
1374 4151 3
1374 2461 7
1374 1725 1
1375 4718 6
1375 4764 6
1376 4698 5
1377 1681 2
1377 2725 3
1377 2395 8
1378 750 6
1378 4696 8
1379 759 9
1379 4136 3
1379 1607 2
1380 3168 5
1380 4445 3
1380 4866 9
1381 4680 8
1382 685 10
1382 1302 7
1382 1236 9
1382 2102 3
1382 2808 7
1383 3207 6
1383 498 1
1384 2571 6
1384 212 6
1384 1232 10
1384 4981 5
1385 2239 3
1385 3112 10
1385 4033 4
1385 1815 1
1385 4639 8
1386 3506 7
1387 3460 6
1387 222 3
1387 4043 4
1388 1016 1
1388 3396 7
1388 4271 9
1388 3217 1
1388 3557 10
1389 2557 8
1389 4652 6
1390 3961 3
1391 3424 4
1391 1934 7
1391 2631 7
1392 3491 3
1392 1042 6
1393 3527 5
1393 4593 6
1393 1926 7
1394 499 5
1395 1992 9
1395 1440 4
1395 2763 8
1395 3451 10
1395 3318 8
1396 4134 7
1396 3314 2
1396 2974 1
1397 4251 1
1397 4667 5
1397 1562 2
1397 405 9
1398 4509 7
1398 1738 6
1398 2973 10
1398 994 7
1398 714 3
1399 421 8
1399 3334 9
1399 984 1
1399 935 3
1400 4332 3
1400 3429 7
1400 2689 7
1401 2750 3
1402 3072 8
1402 1197 3
1402 841 9
1402 3146 7
1403 2439 8
1403 3196 4
1403 1961 6
1403 2634 9
1403 3366 4
1404 3446 4
1405 2172 4
1405 929 7
1405 2129 2
1406 637 6
1406 3768 1
1406 4757 1
1406 1665 3
1407 3372 1
1407 4980 8
1407 4438 8
1408 4896 1
1408 3661 10
1408 3815 9
1409 3627 7
1409 4477 8
1409 1123 9
1410 4429 3
1410 1889 10
1410 2794 8
1410 2073 10
1411 2006 10
1411 3965 8
1411 1594 7
1411 4894 6
1412 1605 6
1412 3303 9
1412 2630 2
1413 1498 8
1413 3026 5
1413 2512 7
1413 4335 8
1413 4472 5
1414 700 2
1414 3761 8
1414 2635 4
1414 3148 8
1415 3816 10
1415 2911 4
1415 3313 5
1415 3809 10
1415 2886 6
1416 1510 10
1416 4824 9
1416 4043 6
1416 3285 9
1416 2592 3
1417 318 9
1417 2085 6
1417 1389 10
1417 4922 5
1418 4520 5
1418 1260 1
1418 4641 5
1418 4096 4
1418 1185 9
1419 2886 10
1419 4047 9
1419 4814 9
1419 2046 6
1420 442 1
1420 2979 6
1420 2291 1
1420 2163 2
1421 3457 7
1421 4987 1
1422 1453 4
1423 3586 9
1423 4890 6
1423 4679 4
1423 2832 2
1423 4486 6
1424 1902 10
1425 3799 2
1425 186 8
1426 462 5
1427 2895 2
1427 4358 1
1427 4726 9
1428 4587 2
1428 2382 10
1428 2242 2
1428 2011 1
1429 677 1
1429 2418 8
1429 2138 1
1429 1579 7
1429 4446 1
1430 109 9
1431 3775 3
1431 4824 3
1431 1387 2
1431 1182 5
1432 3033 1
1432 2132 3
1432 2945 3
1432 1883 4
1432 3103 10
1433 565 2
1433 717 1
1433 2900 8
1434 1047 9
1434 51 9
1435 4666 5
1435 3943 3
1435 2419 1
1436 1454 9
1437 2114 3
1437 737 5
1437 1221 10
1437 4880 7
1438 1449 1
1438 3857 5
1438 3876 2
1438 3214 5
1438 804 5
1439 2149 10
1440 4181 9
1440 1799 4
1440 1554 6
1441 2521 9
1441 671 1
1442 3163 7
1442 4015 2
1442 4510 5
1442 905 2
1442 3393 2
1443 3232 4
1443 4716 7
1443 2317 9
1443 2671 1
1444 1873 6
1444 3191 1
1445 2831 4
1445 1484 10
1445 430 2
1445 3602 6
1445 1811 9
1446 2741 8
1446 3966 5
1446 2170 4
1447 4429 10
1447 2311 9
1447 853 2
1447 2073 7
1448 2753 8
1448 4347 2
1449 2325 8
1449 1989 5
1449 2369 1
1449 1933 9
1450 2808 6
1451 572 6
1451 2915 8
1452 4288 3
1452 1619 10
1453 674 10
1453 3438 3
1453 4168 1
1453 2784 8
1453 2163 1
1454 3811 8
1454 2345 5
1454 1133 3
1455 920 3
1455 4031 1
1455 3246 5
1456 371 3
1457 4766 6
1458 1826 3
1459 3434 10
1459 3180 5
1459 4311 8
1459 1894 2
1459 2798 7
1460 3163 8
1460 1240 8
1461 3896 7
1461 3354 4
1461 4288 8
1461 1452 9
1461 3199 7
1462 94 10
1462 4448 8
1462 2383 6
1463 1535 3
1463 3415 2
1464 2469 10
1464 3149 6
1464 2549 4
1465 3767 2
1465 3574 3
1465 4026 7
1465 4924 4
1465 432 10
1466 344 4
1466 4826 2
1467 3083 4
1467 1175 9
1467 1649 1
1467 2395 8
1467 3653 2
1468 1731 1
1468 52 2
1468 361 2
1468 2688 3
1469 1592 7
1469 1946 5
1470 2248 8
1471 3827 5
1471 2100 8
1471 763 6
1471 3044 5
1472 3251 1
1473 2732 10
1473 1572 6
1474 4131 5
1474 4160 10
1474 3504 1
1474 1103 6
1474 3205 7
1475 618 5
1476 1991 2
1476 1777 10
1477 544 9
1477 3062 8
1477 3511 3
1477 1998 6
1477 3401 9
1478 2483 4
1478 189 8
1478 1507 7
1478 3247 8
1478 3804 5
1479 207 6
1479 1876 4
1479 2121 7
1480 1830 4
1481 530 9
1481 954 4
1481 1212 5
1482 3630 1
1482 3524 9
1483 3206 3
1484 1189 7
1484 4180 7
1484 388 9
1484 956 5
1484 2260 10
1485 1261 7
1485 3690 8
1485 4353 2
1485 1317 9
1486 3570 4
1486 4067 4
1486 1025 5
1486 4822 1
1486 268 2
1487 1342 8
1488 2575 10
1489 2538 2
1489 4603 9
1489 3359 7
1490 3919 1
1491 2934 9
1491 2570 7
1492 1567 1
1492 828 5
1492 2687 9
1493 3064 3
1493 3323 4
1493 3855 3
1494 195 3
1494 1599 8
1494 2885 6
1494 46 9
1494 678 4
1495 1488 9
1495 24 6
1496 2974 7
1497 3728 5
1497 2392 9
1497 1282 3
1497 4607 7
1498 1952 5
1498 3936 4
1499 4046 2
1499 1646 8
1499 3875 1
1499 923 2
1499 502 3
1500 4139 3
1500 3685 10
1500 1171 10
1500 1067 1
1500 1715 1
1501 4078 5
1502 63 9
1503 907 9
1503 2945 9
1504 1618 9
1504 1684 10
1505 3878 8
1505 3127 4
1505 2674 10
1505 222 7
1506 2153 5
1506 149 6
1506 4222 9
1506 3976 5
1507 4809 9
1507 3777 1
1508 1301 6
1509 3228 6
1510 785 2
1510 955 7
1510 3460 4
1510 2703 5
1510 4391 9
1511 1305 4
1511 67 2
1512 2772 3
1512 2839 4
1512 3175 5
1512 186 8
1513 4086 9
1513 3708 7
1513 4030 3
1513 3223 4
1513 4111 4
1514 4485 8
1514 722 8
1514 1534 1
1514 1679 4
1515 4646 10
1515 4012 6
1515 192 1
1515 3060 7
1516 2431 4
1517 3506 3
1518 3758 7
1518 4689 6
1518 3707 3
1518 4845 6
1519 1973 8
1519 4207 3
1519 2984 10
1519 3259 1
1519 3444 2
1520 4380 7
1520 4313 10
1520 1645 2
1520 1632 6
1521 1010 6
1521 2044 1
1521 2051 10
1521 4751 4
1522 3078 2
1523 4786 9
1523 3504 4
1523 1474 6
1523 4388 4
1523 3675 4
1524 1132 1
1524 996 1
1525 2132 10
1526 2674 5
1526 968 5
1527 4906 7
1527 2163 2
1527 3371 5
1527 4234 10
1528 4514 2
1528 1685 6
1528 856 5
1528 2255 2
1528 631 7
1529 4417 3
1530 2044 1
1531 291 10
1532 1941 7
1532 2927 8
1532 1541 7
1533 3107 2
1533 4784 4
1533 3645 10
1533 371 2
1533 4038 4
1534 3300 2
1534 1266 1
1534 1893 10
1534 289 2
1535 4030 5
1535 2320 4
1535 649 5
1535 4086 1
1536 1361 8
1537 3761 5
1537 2695 8
1537 4854 8
1537 3148 5
1537 918 7
1538 3936 8
1538 4756 3
1538 1733 8
1538 15 1
1538 1952 1
1539 2200 7
1539 1190 5
1539 2479 7
1539 3590 5
1540 271 3
1540 1920 5
1540 664 9
1540 3189 8
1540 3900 10
1541 2927 10
1541 3297 1
1542 1740 4
1542 4033 3
1542 1815 7
1542 1385 7
1543 4560 9
1543 1898 10
1543 2906 4
1543 2396 1
1544 2520 2
1544 2615 1
1544 1965 6
1544 1502 2
1545 2597 2
1545 782 4
1546 714 7
1546 3953 8
1546 1493 10
1546 994 1
1546 302 4
1547 1460 2
1547 3310 3
1547 1229 7
1547 2706 9
1548 8 3
1548 146 2
1549 1654 2
1550 2280 3
1550 4291 8
1550 4477 9
1550 659 10
1551 3 3
1552 693 1
1552 4423 5
1552 4601 9
1553 3989 2
1553 3476 8
1553 1859 6
1553 4283 8
1554 3362 1
1555 1404 8
1556 3544 7
1556 2089 8
1557 4643 2
1557 1433 3
1557 3814 1
1558 4091 5
1558 3551 6
1558 2742 3
1559 768 1
1559 933 2
1559 4192 6
1559 4530 7
1560 1905 8
1561 2245 7
1561 1783 1
1562 190 8
1562 4667 2
1563 2572 2
1563 4721 9
1563 3985 10
1563 2131 6
1563 2785 2
1564 638 6
1565 1301 7
1565 3883 7
1565 3087 10
1565 2071 2
1566 1643 9
1567 2687 10
1567 1280 4
1567 3207 7
1568 1522 7
1568 2666 2
1568 2706 4
1569 3227 2
1570 510 7
1570 1624 5
1571 3235 4
1572 799 6
1573 2785 8
1573 2120 2
1573 3985 9
1573 3322 7
1573 2131 9
1574 3071 10
1574 770 1
1574 2519 7
1574 3623 5
1575 75 9
1575 194 5
1575 4731 6
1575 3242 6
1576 2165 2
1576 3677 6
1576 896 6
1576 1354 2
1577 4365 4
1578 4702 1
1579 2952 10
1579 4165 2
1579 4187 10
1579 2699 9
1580 807 3
1580 390 9
1580 599 1
1581 3249 10
1581 2029 5
1581 902 3
1581 3925 4
1582 1647 4
1583 26 1
1583 3286 8
1583 4345 9
1583 1125 1
1583 1134 2
1584 772 1
1584 649 8
1585 4093 4
1585 4244 6
1585 2079 7
1586 4575 2
1586 4031 1
1586 4287 5
1586 1087 3
1587 1452 2
1587 3514 6
1587 500 4
1588 3356 5
1588 1969 5
1588 4267 7
1589 788 7
1589 1037 9
1589 1309 3
1589 1685 3
1590 1736 4
1590 3387 9
1590 1210 10
1590 384 10
1590 939 7
1591 3761 8
1591 4580 4
1592 4942 2
1593 3207 4
1593 3774 2
1593 1492 3
1593 4216 1
1593 1628 1
1594 4400 3
1594 4379 8
1594 2006 3
1594 3272 3
1595 732 7
1595 4970 9
1595 1686 2
1595 2554 3
1596 3001 10
1596 3707 3
1596 4456 10
1596 4689 2
1597 646 1
1598 961 6
1598 2199 6
1599 3331 7
1599 3585 4
1600 2502 3
1601 4597 7
1601 4565 4
1601 3363 1
1601 1628 6
1602 2710 9
1602 2368 10
1602 4979 9
1602 4012 3
1603 2782 10
1603 1675 3
1603 4637 5
1603 809 4
1604 3494 9
1604 2855 3
1604 2926 7
1605 3183 7
1605 1614 10
1605 981 5
1606 390 3
1606 2616 5
1606 4116 7
1607 3621 6
1607 626 8
1607 4895 9
1608 3930 10
1608 3242 2
1608 1487 6
1609 1182 6
1610 2707 10
1610 1943 7
1610 1760 10
1610 4895 6
1610 1836 6
1611 1315 1
1611 4432 8
1612 1943 10
1612 4007 4
1612 3621 8
1612 4541 3
1613 3551 6
1613 2742 7
1613 444 1
1613 2173 7
1614 4006 9
1614 4105 2
1615 2471 4
1616 3964 5
1616 1896 3
1616 1022 6
1616 2514 2
1617 2103 9
1618 1684 5
1618 9 9
1619 2676 6
1619 2783 8
1620 3539 1
1620 3933 8
1620 4569 7
1620 1960 2
1620 4401 6
1621 4664 10
1621 3150 4
1621 1130 10
1621 1284 10
1622 855 1
1622 1200 7
1622 39 7
1622 4987 6
1622 3457 1
1623 790 3
1623 2976 7
1624 2532 8
1624 588 2
1624 4295 9
1625 4607 6
1626 4 7
1626 2677 3
1626 1376 8
1626 4944 10
1627 3098 8
1628 3235 10
1628 176 8
1628 889 9
1628 2454 7
1629 1171 9
1629 303 2
1629 1918 5
1629 1715 4
1629 3825 3
1630 3241 4
1630 2107 2
1630 1750 5
1630 1815 10
1630 1542 1
1631 3883 9
1631 2170 4
1632 2004 5
1632 3667 9
1633 3586 6
1633 4686 7
1633 2832 5
1633 3484 5
1633 4890 7
1634 3286 7
1635 4931 1
1635 3316 1
1635 3160 3
1635 4899 9
1635 2732 3
1636 3912 7
1636 3802 3
1637 685 6
1637 1632 6
1637 151 1
1637 724 7
1638 4684 4
1638 1551 10
1638 2639 1
1638 1971 9
1639 1653 5
1640 3152 3
1641 2104 6
1641 2122 1
1641 1681 1
1642 289 1
1642 1502 1
1642 4034 1
1643 2039 6
1643 4044 5
1643 264 2
1643 4181 1
1644 2166 3
1645 1242 8
1645 375 9
1645 2808 8
1645 2761 5
1646 891 10
1647 1432 4
1647 3034 9
1647 2132 8
1647 3033 2
1648 635 3
1648 1871 8
1649 1537 2
1650 4486 4
1651 259 5
1651 2914 3
1651 3591 6
1651 505 6
1652 1800 5
1652 2419 6
1653 2783 4
1653 2654 2
1653 4811 9
1653 3262 5
1653 1777 9
1654 3638 2
1654 4251 2
1654 3652 2
1654 3358 9
1655 617 8
1655 1345 7
1655 4264 6
1656 2622 5
1656 848 7
1656 1080 1
1656 4002 4
1657 1979 1
1657 226 6
1658 669 1
1659 317 2
1659 2379 1
1659 2290 2
1660 3393 10
1660 4733 4
1660 3731 6
1661 3839 8
1661 3887 1
1661 2042 5
1661 4908 2
1662 1968 2
1662 4443 7
1662 118 2
1662 2777 9
1663 1082 10
1663 3444 3
1663 1501 7
1663 1519 2
1663 951 9
1664 1057 1
1664 4677 4
1664 2247 3
1665 1340 4
1665 3365 7
1665 1093 5
1665 6 3
1666 1638 6
1666 2382 2
1666 2292 3
1667 1223 4
1668 4063 3
1669 579 9
1670 1761 2
1671 3481 10
1672 1147 6
1673 4529 4
1674 2063 9
1675 4111 8
1675 1463 10
1676 4060 9
1676 3884 10
1676 562 4
1676 4419 6
1676 3423 5
1677 3804 8
1678 169 5
1679 1158 9
1680 759 7
1681 3083 1
1682 658 4
1682 4679 5
1682 266 8
1683 3883 5
1683 4887 8
1683 4833 10
1684 2750 3
1684 159 5
1684 2962 4
1684 1937 2
1685 4514 8
1685 3786 8
1685 4519 10
1685 4432 9
1686 2675 2
1686 4805 8
1687 3197 4
1687 297 6
1688 245 10
1688 1413 10
1688 4285 10
1689 3196 9
1689 981 5
1690 4383 9
1690 2145 9
1690 3784 1
1690 2583 1
1691 2548 10
1691 3539 4
1691 3270 9
1692 3508 7
1692 933 10
1692 2087 6
1692 1223 2
1693 1172 8
1694 1550 5
1694 4170 7
1694 790 6
1694 4941 1
1694 1123 9
1695 1600 5
1695 2785 4
1695 4048 4
1695 2330 5
1695 1102 10
1696 1603 7
1696 2753 10
1696 4086 3
1697 1731 3
1697 1834 6
1697 3467 4
1698 917 2
1698 4688 10
1698 1620 8
1698 3627 2
1699 4030 10
1699 758 8
1699 2433 3
1699 1535 2
1700 4802 8
1700 3446 6
1700 1622 3
1701 4864 9
1701 2661 6
1701 2329 1
1701 4479 3
1702 3368 5
1703 4211 3
1703 4875 2
1703 430 6
1704 1297 7
1705 1255 5
1705 1826 6
1705 1805 10
1705 4705 4
1705 4057 9
1706 4668 3
1706 725 8
1706 4438 6
1707 3735 4
1707 772 3
1708 68 2
1708 2807 4
1708 1289 3
1708 4453 5
1709 756 2
1709 1317 9
1709 1778 2
1709 1261 3
1710 1256 8
1710 99 5
1710 2884 4
1710 4169 1
1710 2059 10
1711 1304 1
1711 3283 7
1711 1670 5
1711 638 4
1711 552 10
1712 3855 4
1712 3945 2
1712 932 7
1713 2903 5
1714 3439 7
1714 1861 6
1714 1073 3
1715 691 10
1715 1719 5
1715 1757 4
1715 303 6
1716 104 8
1716 3126 3
1716 4876 6
1717 2103 9
1717 214 9
1717 739 3
1717 3658 8
1718 1748 2
1718 3880 4
1718 3375 9
1718 4810 8
1718 3031 8
1719 3482 10
1719 4094 4
1719 2450 5
1719 853 5
1719 2834 9
1720 4134 8
1721 1710 4
1721 3119 1
1721 2380 4
1722 2530 6
1722 1640 2
1722 1512 6
1723 462 6
1724 457 10
1725 4110 3
1725 4890 9
1725 2832 4
1725 2279 5
1726 1191 1
1726 208 6
1727 1450 3
1728 1638 8
1728 2083 7
1728 3545 8
1728 1551 10
1729 2714 1
1729 1757 8
1729 2019 3
1729 1306 1
1729 4813 9
1730 4468 8
1730 1207 1
1730 1052 5
1730 3060 6
1730 1934 9
1731 1284 7
1732 3639 7
1732 1005 2
1732 2827 1
1733 1952 8
1733 2397 6
1733 1498 1
1733 4285 2
1733 2486 5
1734 3126 2
1734 1316 7
1734 2888 8
1735 3663 7
1735 1031 1
1735 2273 8
1735 2063 8
1736 1210 9
1736 2750 7
1736 3681 5
1736 1618 6
1737 2658 8
1737 1891 3
1737 149 9
1737 742 8
1737 3976 3
1738 559 6
1738 769 10
1738 2825 10
1738 994 8
1738 2350 7
1739 4116 10
1739 652 3
1739 2537 2
1739 4171 9
1739 4511 7
1740 4639 7
1740 1815 8
1741 4384 4
1741 2376 3
1742 3424 8
1743 1468 6
1744 3902 6
1744 2849 6
1744 2726 6
1744 3559 10
1744 394 7
1745 3554 9
1745 3839 5
1745 900 8
1746 4040 6
1746 4491 9
1746 4640 2
1747 4900 4
1748 3018 4
1749 4479 1
1750 4355 9
1750 2094 9
1750 2287 1
1751 3943 2
1751 4004 6
1751 3120 2
1751 4361 5
1751 3901 6
1752 3427 10
1752 910 10
1752 902 6
1752 743 3
1753 466 3
1753 2861 6
1753 2476 2
1754 2932 4
1754 3921 9
1754 1238 10
1755 324 9
1755 2131 8
1756 3964 2
1757 2504 5
1757 4139 9
1757 145 6
1757 4681 9
1757 3736 8
1758 681 5
1758 1792 5
1759 494 3
1760 2213 10
1760 3523 2
1760 2410 2
1760 680 9
1761 674 6
1762 3582 7
1762 3949 5
1762 4589 7
1762 1980 1
1763 4487 8
1763 2575 9
1763 62 8
1763 3556 2
1764 99 7
1764 3172 2
1764 2577 10
1764 1724 7
1765 1788 9
1765 2788 8
1765 4091 8
1766 1112 9
1767 1485 5
1768 4793 8
1768 2539 10
1768 2263 8
1769 4729 4
1769 4536 7
1769 2824 1
1769 3010 4
1770 4375 4
1770 1809 6
1770 602 5
1770 3973 2
1771 4917 4
1771 4583 6
1771 3457 7
1771 1421 8
1771 1350 3
1772 3827 2
1772 3263 3
1772 3044 2
1773 1335 1
1773 2092 5
1773 2035 10
1774 2812 7
1775 1689 1
1776 2823 5
1776 4002 9
1776 3256 9
1776 2622 7
1776 2182 6
1777 4456 5
1777 3707 9
1777 3001 3
1777 1518 3
1777 1596 8
1778 506 8
1779 620 1
1779 707 3
1779 2247 9
1780 1203 6
1780 4714 2
1780 1019 7
1780 4652 3
1781 2779 7
1781 3806 3
1781 3529 6
1781 1360 7
1781 1061 8
1782 3731 5
1782 4510 3
1782 775 10
1783 1301 3
1784 4968 2
1784 2392 5
1785 4345 3
1785 164 7
1785 2595 5
1785 2557 9
1786 925 10
1786 690 1
1786 4316 1
1787 4518 8
1787 117 10
1787 3330 2
1788 4754 8
1788 1408 2
1788 3402 5
1788 2173 7
1788 3423 3
1789 3408 8
1789 4207 9
1790 4989 1
1790 1827 6
1790 1650 3
1790 4292 10
1790 4815 9
1791 101 4
1791 117 8
1791 1060 1
1791 728 4
1791 1540 7
1792 3592 5
1792 4600 10
1793 1209 1
1793 1068 5
1793 4257 1
1794 3688 5
1794 1003 3
1795 4982 1
1795 2671 4
1795 2317 6
1795 4716 4
1796 3699 5
1796 2615 8
1796 731 8
1797 683 7
1797 1762 2
1797 3949 5
1798 4341 2
1798 377 1
1798 1924 7
1799 1554 6
1799 2894 3
1800 1926 1
1800 767 5
1800 4871 4
1800 2605 7
1800 4593 5
1801 3038 1
1801 2641 7
1801 4866 8
1801 3673 1
1802 2155 10
1803 4616 5
1803 783 1
1803 4771 8
1804 3143 6
1805 3919 5
1805 4057 7
1805 4705 9
1806 3063 8
1806 4842 7
1807 4902 10
1807 4292 2
1807 4598 8
1808 2628 5
1808 598 7
1809 4375 2
1810 4733 3
1810 4015 8
1810 4920 4
1810 2585 2
1811 3121 10
1811 721 10
1812 4968 4
1812 101 10
1812 2410 3
1813 2783 1
1814 3324 4
1814 3177 4
1814 2716 4
1814 2697 6
1815 2094 5
1815 2287 4
1815 4639 2
1815 3085 5
1816 2114 10
1816 4968 4
1816 4880 10
1816 3086 8
1816 1282 1
1817 4272 6
1817 1530 8
1817 4762 3
1817 4062 10
1817 909 7
1818 1201 9
1819 4158 1
1819 4245 5
1819 1143 3
1819 4399 4
1819 4300 6
1820 3016 10
1820 459 8
1820 2148 6
1820 482 3
1820 3193 7
1821 3811 1
1821 2771 2
1822 3496 6
1822 593 3
1823 1517 2
1823 467 8
1824 2567 4
1824 3457 8
1824 4884 9
1824 3108 6
1824 39 3
1825 3616 6
1825 4406 9
1826 832 10
1826 693 10
1827 4225 9
1827 1444 2
1827 4218 6
1827 2952 9
1828 1872 6
1828 3787 9
1828 2953 4
1828 1305 10
1829 3858 3
1829 4243 5
1829 2508 10
1829 1312 1
1830 1064 8
1830 4834 6
1830 4321 8
1831 572 2
1831 1581 8
1832 315 8
1832 218 10
1832 1134 2
1833 4993 6
1833 469 7
1833 2359 10
1833 3698 4
1834 2539 3
1834 2145 2
1834 2633 2
1835 4797 10
1836 1816 7
1836 3771 10
1836 4463 5
1837 1674 9
1837 2873 8
1838 2103 2
1838 3946 2
1838 98 9
1838 1094 10
1839 312 1
1839 1731 3
1840 938 8
1840 1396 10
1841 2668 3
1841 789 5
1841 3878 7
1842 2015 3
1843 1022 6
1844 3315 4
1844 3542 6
1845 145 6
1845 2007 3
1845 2422 2
1846 2857 10
1847 3001 9
1847 3293 9
1847 440 10
1847 3952 4
1847 2676 4
1848 1527 2
1848 2304 9
1848 2252 9
1849 683 4
1850 253 9
1850 501 2
1850 1924 8
1851 3886 6
1851 2150 2
1851 1149 2
1851 310 8
1852 125 5
1853 1290 6
1853 448 4
1853 2602 2
1854 747 10
1854 3453 5
1854 956 1
1854 4165 3
1854 188 10
1855 4187 2
1855 3453 1
1855 2850 10
1855 4211 5
1856 4913 5
1856 4929 5
1856 3757 1
1856 1537 9
1856 537 10
1857 4343 10
1858 2199 4
1858 2845 6
1858 2565 4
1859 987 8
1859 680 7
1859 1610 4
1859 943 7
1859 3814 4
1860 4537 4
1860 37 5
1861 3439 2
1861 4132 10
1861 2455 8
1861 1073 3
1862 1840 6
1862 1931 8
1862 363 2
1862 3342 10
1862 1496 1
1863 672 10
1863 1905 10
1863 4634 5
1863 1010 10
1863 4786 3
1864 3634 3
1865 4253 6
1866 3227 8
1866 2780 4
1866 2075 7
1866 1768 3
1866 2263 2
1867 612 3
1867 4949 8
1867 2549 5
1868 747 2
1868 4110 9
1869 776 4
1869 1038 9
1869 3997 10
1869 674 9
1869 16 10
1870 4689 10
1870 72 7
1870 2719 7
1870 2632 2
1871 2645 1
1872 3470 9
1872 3787 5
1872 495 3
1872 1579 8
1873 2796 6
1874 1691 9
1875 261 5
1875 1482 3
1876 1549 5
1876 2035 5
1877 4255 5
1877 4421 9
1878 1022 10
1878 396 6
1878 1000 7
1878 4937 7
1879 3377 2
1879 1314 9
1879 2014 1
1879 2927 8
1879 1330 9
1880 1680 7
1880 3621 2
1880 4283 3
1881 2385 5
1881 2208 3
1881 4780 7
1882 2341 9
1883 608 3
1883 4320 1
1883 3103 2
1883 375 6
1883 1242 3
1884 2886 7
1884 2339 4
1884 3572 3
1884 643 7
1885 3185 4
1886 2535 4
1886 2371 5
1886 4124 7
1887 2445 7
1887 4290 5
1888 4622 1
1888 2191 9
1889 2127 4
1889 4326 5
1889 4056 1
1889 341 8
1889 4627 5
1890 1315 8
1890 4978 7
1890 2361 3
1890 3721 9
1890 2868 8
1891 4338 1
1891 1039 7
1891 4997 2
1891 4857 1
1892 1894 9
1892 1336 5
1892 4311 7
1892 4861 7
1892 3113 7
1893 1132 8
1893 3462 10
1894 1092 4
1894 1393 7
1895 3895 10
1895 4953 5
1895 2005 5
1896 453 2
1897 340 10
1897 2562 4
1898 2906 5
1898 2396 3
1899 3668 5
1899 4344 8
1900 3410 10
1900 3625 2
1900 53 6
1901 2455 3
1902 1230 10
1902 2505 8
1902 2843 6
1903 2473 2
1903 4735 3
1903 4325 3
1904 3999 9
1904 4769 9
1904 4055 2
1905 3432 5
1906 1015 1
1907 713 9
1907 2298 1
1907 3131 5
1908 3344 4
1908 739 2
1908 182 1
1908 4065 2
1909 1911 3
1909 1575 5
1909 4731 8
1909 2720 3
1909 4818 2
1910 148 10
1910 569 1
1910 4318 1
1910 4789 2
1911 2146 3
1911 3059 8
1911 2395 10
1911 4533 8
1912 2741 2
1912 4494 9
1912 4622 8
1913 4130 9
1913 1060 7
1913 1787 1
1914 2465 6
1914 2191 5
1914 4719 8
1914 2854 4
1915 2087 6
1916 1451 4
1916 4300 6
1916 572 5
1917 1911 8
1917 881 7
1917 2241 6
1918 1306 6
1918 1729 8
1918 2390 6
1918 2007 10
1919 4575 9
1919 531 4
1919 2254 3
1919 3744 8
1919 2541 4
1920 440 3
1920 1059 1
1921 1048 9
1921 1547 1
1921 1632 3
1921 905 1
1922 3960 10
1923 4977 9
1924 1402 8
1924 1291 7
1924 1385 7
1925 3935 9
1926 3852 8
1926 1213 1
1927 281 4
1927 941 2
1927 402 9
1927 467 8
1927 3506 8
1928 2995 9
1928 3165 6
1928 1331 4
1928 4465 4
1929 203 8
1929 4992 3
1929 3340 10
1929 1970 10
1929 3455 1
1930 3465 7
1930 673 5
1930 4457 4
1931 4177 6
1931 2686 3
1932 695 1
1932 46 7
1932 1496 5
1932 328 5
1932 1168 7
1933 3999 4
1933 804 5
1933 4769 6
1934 588 5
1935 1150 10
1935 1380 1
1935 4901 2
1935 1549 8
1935 2641 5
1936 2324 5
1936 1263 1
1937 1074 6
1937 3681 10
1938 1531 9
1938 811 6
1939 4202 5
1939 2023 8
1939 2196 10
1939 2349 3
1939 3763 6
1940 3415 6
1940 1699 8
1940 649 10
1940 4086 8
1940 4931 9
1941 3815 8
1941 446 4
1942 299 5
1942 4486 6
1942 2186 8
1943 293 8
1943 943 5
1943 1433 9
1943 3001 8
1944 2600 2
1944 3121 7
1944 4598 10
1944 4292 5
1944 721 6
1945 2712 1
1946 2580 10
1947 1738 10
1947 994 7
1947 2406 9
1947 3562 5
1948 4675 5
1948 3629 5
1948 4339 8
1948 1106 3
1948 1047 2
1949 4870 9
1949 3514 1
1949 3262 5
1949 3001 6
1950 2004 7
1950 3393 6
1950 775 3
1950 3560 5
1951 3815 5
1951 4157 4
1952 4321 3
1953 2875 1
1953 3477 6
1953 711 9
1954 2034 5
1955 4186 10
1955 883 10
1955 4474 3
1955 2617 2
1956 4241 9
1956 1457 2
1956 2519 9
1957 1513 4
1957 1535 7
1957 2433 6
1958 3094 4
1958 3931 8
1958 4632 5
1958 3271 2
1959 2801 7
1959 2006 8
1959 3375 5
1960 739 4
1960 4331 1
1960 4725 8
1961 2270 3
1961 3929 4
1961 3047 2
1961 2798 6
1961 4006 6
1962 4724 10
1962 3027 2
1963 643 1
1963 1108 6
1963 4814 5
1964 4563 4
1964 1521 5
1964 4145 7
1965 3654 10
1965 2615 3
1965 2224 2
1965 382 8
1966 4714 1
1966 2070 7
1967 1771 6
1968 2064 8
1969 2155 2
1969 2340 4
1969 1802 2
1969 4179 9
1970 3996 8
1970 3069 5
1970 708 7
1970 4992 1
1971 1277 8
1971 3124 4
1971 3647 4
1971 2265 4
1971 4684 1
1972 119 4
1973 841 9
1973 4629 2
1973 4014 5
1973 1972 2
1974 890 9
1974 1725 2
1974 2461 5
1974 2261 3
1975 4408 6
1975 737 4
1975 11 10
1975 3523 5
1976 1348 3
1976 291 8
1976 234 8
1976 3600 2
1976 2084 3
1977 2606 8
1977 376 1
1977 4103 9
1978 67 7
1978 3934 4
1979 2598 7
1979 3065 2
1979 4752 10
1980 2013 7
1980 4003 5
1980 3143 6
1980 2016 4
1980 1654 10
1981 3310 1
1982 425 9
1982 2734 3
1982 4581 1
1982 3563 10
1982 2442 9
1983 1741 2
1983 4221 1
1984 1141 4
1984 3040 1
1984 122 7
1985 1630 6
1985 1815 7
1985 3619 6
1985 2893 5
1985 1291 3
1986 4679 2
1986 188 7
1986 1274 1
1986 2576 4
1986 4187 2
1987 4594 7
1987 2809 8
1988 4872 5
1988 3188 3
1988 2206 6
1988 4071 10
1989 3194 2
1989 4516 6
1989 4048 7
1989 3029 7
1990 3021 10
1991 3509 9
1992 3668 7
1992 437 10
1993 4800 7
1994 3218 6
1995 4349 5
1995 1016 1
1996 40 9
1996 2361 4
1996 3333 6
1996 1955 3
1997 767 7
1997 4666 10
1997 3527 7
1998 3062 3
1998 921 3
1998 62 1
1998 4816 2
1998 4655 1
1999 3667 6
1999 1776 1
1999 940 5
1999 2545 10
2000 2176 4
2001 2920 3
2001 579 6
2001 3252 7
2001 1669 1
2002 2058 4
2002 620 5
2002 2218 9
2002 2038 5
2003 4671 10
2003 4661 2
2003 1002 10
2003 819 1
2003 3105 6
2004 2944 8
2005 2986 6
2005 3261 7
2005 4850 4
2006 3495 2
2006 452 10
2006 2441 2
2006 2122 4
2007 2614 7
2007 4627 2
2007 2127 10
2007 3482 7
2008 4850 3
2008 2005 2
2008 2540 5
2008 4444 1
2009 2598 3
2009 226 6
2009 2816 7
2010 4411 3
2010 298 9
2010 3403 3
2010 4590 2
2011 2594 4
2011 3065 4
2011 1971 7
2011 2639 9
2012 2777 7
2012 4660 8
2012 4 3
2012 3729 10
2013 904 3
2013 1311 4
2013 3638 2
2014 2204 2
2014 3544 4
2015 4191 4
2015 4915 4
2015 4737 7
2015 1068 9
2016 215 4
2017 4889 3
2018 3671 1
2018 6 6
2018 1101 2
2018 1400 10
2018 2708 9
2019 3736 4
2020 631 9
2020 78 10
2020 2778 5
2020 2590 5
2021 1218 7
2021 3393 9
2021 2706 2
2022 1275 6
2022 4710 3
2022 2983 6
2022 116 2
2023 3031 2
2023 1113 4
2023 622 4
2023 3880 9
2023 1959 5
2024 4887 7
2024 3719 7
2024 3308 10
2024 3966 1
2024 3087 2
2025 2393 8
2025 4667 5
2026 3921 4
2026 4333 10
2027 2078 8
2027 4396 5
2028 1938 1
2028 658 8
2028 2601 8
2028 291 7
2029 2596 9
2029 4705 7
2029 3249 4
2030 1842 10
2030 1141 1
2031 4225 5
2031 4110 7
2032 2570 5
2032 2571 9
2032 3848 4
2032 583 8
2033 497 4
2033 4528 3
2033 4354 10
2033 389 6
2033 3472 5
2034 931 4
2034 614 5
2034 536 10
2035 904 5
2035 3949 1
2035 4003 9
2036 3589 7
2036 1371 1
2036 4491 3
2036 4274 4
2036 3598 9
2037 1311 4
2038 707 4
2038 2247 10
2038 1779 8
2039 4084 9
2039 3099 9
2040 3473 7
2040 4691 2
2041 2554 1
2041 4035 9
2041 2675 2
2042 3870 4
2042 4621 4
2043 1350 3
2043 1011 8
2043 3756 9
2043 510 2
2044 3253 3
2044 4384 5
2044 3826 4
2045 2179 8
2045 3484 3
2045 1938 8
2045 3586 1
2046 976 10
2047 994 4
2047 931 8
2047 2096 1
2047 279 5
2048 4974 5
2049 4034 6
2049 2996 3
2050 2771 2
2051 1029 5
2051 3474 8
2051 4024 5
2051 606 2
2051 4634 8
2052 4488 10
2052 4770 9
2052 1960 9
2052 3658 9
2052 1908 5
2053 2964 8
2053 801 1
2053 724 3
2054 4556 2
2055 4532 7
2055 4844 5
2055 2184 4
2055 2143 4
2055 4955 2
2056 3416 5
2056 2633 4
2056 1569 7
2056 4466 1
2057 2848 3
2057 454 4
2058 4628 10
2058 621 2
2058 1993 10
2058 3376 7
2058 4934 4
2059 154 9
2060 3272 10
2060 3268 9
2060 3930 10
2060 4198 6
2060 2801 6
2061 3114 6
2061 197 4
2061 3649 4
2062 4230 2
2063 1482 6
2063 2217 6
2064 4479 9
2064 813 6
2064 2971 9
2064 2624 9
2065 498 6
2065 814 2
2065 349 5
2066 1278 2
2066 3892 8
2067 1219 8
2068 4447 1
2068 1853 3
2069 4980 8
2069 725 2
2070 120 3
2071 2389 5
2071 4319 5
2071 2245 8
2071 423 9
2071 3308 1
2072 629 6
2072 2323 2
2072 2645 9
2072 635 10
2073 2442 2
2074 2890 5
2074 4065 2
2075 2145 4
2075 2539 2
2076 2657 7
2076 4602 2
2076 4180 1
2077 417 9
2077 1883 4
2077 4609 6
2077 4863 7
2077 1240 4
2078 3798 3
2079 2467 8
2079 4801 8
2079 1736 4
2080 1272 3
2080 1482 10
2080 2377 6
2081 2495 1
2081 903 7
2081 843 8
2081 4576 10
2081 233 6
2082 1561 5
2082 2389 10
2082 3962 10
2083 2242 7
2083 61 8
2083 3 6
2083 4261 5
2084 1254 3
2084 2591 7
2084 2762 2
2084 122 10
2085 4164 3
2086 370 9
2086 1358 4
2087 3338 6
2087 95 3
2087 3195 8
2087 3002 7
2087 3508 6
2088 561 3
2088 4609 6
2089 4862 4
2089 4597 3
2089 3544 4
2089 3363 4
2090 3598 6
2090 2995 4
2090 2250 4
2090 2374 9
2091 4461 9
2091 3906 5
2092 1762 3
2092 1311 3
2092 2715 7
2092 215 5
2093 2617 8
2094 2547 9
2094 2287 6
2094 1731 3
2094 632 1
2095 759 1
2095 1379 6
2095 157 7
2095 4130 4
2095 728 3
2096 1808 5
2096 3830 1
2096 512 10
2096 279 3
2096 2556 10
2097 4253 4
2097 2421 8
2097 4145 7
2098 3413 4
2099 3985 9
2100 2748 4
2100 3074 3
2100 4970 2
2101 4113 4
2101 2736 5
2101 1744 9
2101 3507 6
2101 2897 4
2102 375 6
2102 1240 5
2102 2729 10
2103 3969 9
2104 1231 7
2105 4783 8
2105 2913 3
2105 359 4
2105 3228 4
2105 3013 9
2106 1475 1
2106 2659 7
2106 4365 9
2106 2777 10
2107 1743 1
2107 2239 3
2107 632 3
2107 2287 2
2107 2547 8
2108 4571 8
2109 2315 10
2109 2314 1
2109 2932 3
2109 4527 9
2110 3511 5
2110 4840 1
2110 2934 5
2111 2991 7
2112 3484 3
2112 4902 3
2112 4187 2
2112 4990 8
2113 2876 7
2113 4159 1
2113 1970 8
2113 1044 8
2113 3963 9
2114 4130 9
2115 1595 10
2115 2041 1
2116 4875 1
2116 3499 5
2116 1198 5
2116 4417 6
2117 394 1
2117 2101 3
2117 1226 10
2118 2814 2
2118 2793 5
2119 1073 5
2119 174 9
2119 2867 9
2119 1063 3
2119 4495 6
2120 4240 8
2120 2874 4
2120 1338 4
2120 3822 8
2121 1289 10
2122 3148 5
2122 4842 10
2122 602 7
2122 1159 6
2123 1369 8
2123 3089 5
2124 2242 2
2124 3209 7
2125 4826 8
2125 2595 10
2125 4922 1
2126 557 2
2126 418 5
2127 3449 7
2127 3732 6
2128 2209 9
2129 593 4
2130 4640 9
2130 1356 10
2130 4040 1
2130 4371 5
2130 3617 7
2131 4753 9
2131 3626 6
2131 133 9
2131 3634 3
2132 3284 5
2132 2666 9
2133 3159 6
2133 2938 2
2133 3214 7
2133 3029 5
2134 2479 8
2134 209 7
2134 3383 1
2134 2597 3
2134 3746 3
2135 3944 6
2135 2685 5
2136 555 6
2136 1369 8
2137 4840 8
2137 3107 9
2138 188 2
2139 713 9
2140 3785 2
2140 3281 3
2140 559 4
2140 4284 7
2140 3405 9
2141 3644 3
2141 3500 3
2141 3961 4
2141 1350 2
2142 4982 2
2142 3396 10
2142 1137 9
2142 2317 5
2143 2685 10
2143 3587 9
2143 1246 8
2143 4503 8
2144 436 2
2144 4396 1
2144 4684 6
2144 4940 3
2144 1638 3
2145 207 1
2146 3761 9
2147 1455 5
2147 3618 1
2148 4628 1
2148 4996 9
2148 2266 4
2149 1926 8
2150 2997 8
2150 2205 4
2150 1490 9
2151 188 6
2151 2770 5
2152 3261 3
2152 171 8
2152 4029 5
2152 831 2
2152 4286 6
2153 3255 9
2154 2786 7
2154 3338 4
2155 1482 7
2155 4290 10
2155 2445 6
2156 499 10
2157 1141 7
2157 2084 1
2158 4061 5
2158 3891 5
2158 2787 9
2159 1254 7
2159 2394 6
2160 4269 9
2161 3550 3
2161 3973 10
2161 3761 5
2161 3565 8
2161 3063 5
2162 4556 2
2162 655 1
2162 4247 6
2162 2103 4
2162 3794 7
2163 4898 3
2163 776 4
2163 4554 7
2163 4852 6
2163 16 10
2164 4691 3
2165 1978 8
2165 2427 2
2165 4417 4
2165 1248 8
2165 3934 3
2166 692 10
2166 1767 7
2167 4272 6
2167 3359 7
2168 3423 6
2169 5 10
2170 1995 6
2171 4090 1
2172 4438 5
2172 883 3
2172 974 5
2172 2809 1
2172 3496 3
2173 3726 3
2173 2192 3
2173 4224 6
2174 3255 8
2174 4522 2
2174 646 10
2174 4933 4
2174 2658 5
2175 1673 7
2175 4534 4
2176 3994 8
2177 2263 1
2177 1385 4
2178 3864 3
2178 3807 10
2178 2495 8
2178 585 3
2178 2494 10
2179 2415 9
2179 4112 4
2179 1141 5
2179 291 8
2179 1842 3
2180 3394 4
2180 1020 7
2180 2610 8
2181 3321 7
2181 2203 3
2181 1651 5
2181 2772 9
2181 2478 8
2182 1177 1
2183 866 10
2183 1968 2
2183 2336 7
2184 4418 9
2184 2830 5
2184 2553 10
2185 1671 1
2186 2461 7
2186 4110 9
2187 234 6
2187 1141 10
2187 1068 9
2187 3724 3
2188 446 1
2188 562 9
2188 3297 3
2188 4862 9
2189 3126 6
2190 1792 6
2190 3017 3
2190 319 9
2191 1370 2
2192 2204 7
2193 3394 8
2194 3035 6
2194 4353 2
2194 3488 1
2194 4638 2
2194 547 6
2195 4579 6
2195 1600 9
2195 50 6
2196 2994 5
2196 3973 4
2197 1956 4
2197 2954 9
2197 3840 9
2198 3542 7
2198 3270 4
2198 3533 5
2198 3885 10
2199 2491 2
2199 947 9
2199 3454 2
2199 4592 9
2200 714 2
2200 488 1
2201 4230 9
2201 4691 10
2201 2943 6
2201 1045 8
2201 2582 3
2202 4503 6
2202 405 5
2202 950 7
2203 270 3
2203 2478 2
2204 3345 9
2204 960 6
2205 3010 5
2205 3926 9
2205 3249 9
2206 4167 4
2206 1317 10
2206 954 10
2206 4381 8
2207 4923 3
2207 3294 6
2207 1821 2
2207 474 1
2207 2253 9
2208 4257 1
2208 1068 3
2209 2605 10
2209 3943 2
2209 1894 9
2209 3852 5
2210 3794 9
2210 3055 8
2210 3969 7
2210 4247 2
2210 2732 9
2211 989 6
2211 249 2
2211 101 9
2211 1221 9
2212 1385 1
2212 4496 3
2212 1743 4
2212 1740 4
2213 365 10
2213 4518 8
2213 1540 9
2213 4839 1
2214 3474 4
2214 4248 10
2214 1741 8
2214 1983 6
2215 3077 4
2215 1646 9
2215 2981 10
2216 3349 10
2217 4001 3
2217 3465 6
2217 1163 3
2217 3221 2
2217 2445 10
2218 4825 8
2218 217 7
2218 2309 8
2218 2546 6
2219 2396 4
2219 3464 9
2219 3382 1
2220 207 7
2220 2075 7
2220 2503 2
2220 3355 1
2221 747 6
2221 1484 4
2221 4210 4
2221 1811 5
2222 2010 3
2222 4411 1
2222 931 6
2222 2034 5
2222 569 8
2223 3943 10
2223 2798 4
2223 3558 10
2223 1352 8
2224 378 6
2224 2123 9
2224 555 5
2224 3175 5
2224 1369 7
2225 2770 6
2226 1578 10
2226 938 10
2226 195 8
2227 558 5
2228 365 5
2228 664 2
2228 1625 6
2228 3900 10
2229 2745 7
2230 4566 2
2230 4482 3
2231 1606 2
2231 2334 3
2231 3819 10
2232 1594 5
2232 3031 2
2232 3880 6
2233 1248 7
2233 3218 8
2233 4077 7
2234 2910 7
2234 4901 6
2234 1318 3
2235 3126 1
2236 4518 10
2236 3433 1
2237 4173 10
2237 3928 1
2237 2970 4
2237 3101 4
2238 2677 3
2239 280 5
2239 1468 8
2240 3552 3
2241 1096 1
2241 1575 1
2241 3495 2
2241 4533 5
2242 1971 2
2242 3798 2
2242 3647 5
2243 4671 8
2243 336 8
2243 447 6
2244 3529 9
2244 515 2
2245 1702 4
2245 579 5
2245 423 8
2246 3975 3
2246 2391 7
2246 3292 5
2246 2278 9
2247 712 2
2247 2589 4
2247 3394 10
2247 3317 6
2247 4595 8
2248 4826 4
2248 4345 2
2248 1417 4
2249 1545 2
2250 4698 2
2250 1376 8
2250 3389 2
2250 3713 9
2250 866 8
2251 3869 6
2252 1747 7
2252 4554 2
2252 3371 4
2252 4195 5
2253 57 7
2253 687 5
2253 3294 7
2253 3958 5
2253 354 6
2254 3803 2
2254 4939 1
2254 2535 2
2255 3810 9
2255 2430 1
2255 2482 8
2256 3034 8
2256 4609 8
2256 2718 7
2256 3284 4
2257 3860 2
2257 2993 10
2257 1256 7
2257 1724 10
2258 4406 9
2259 4954 6
2260 2832 10
2260 1444 10
2260 4151 2
2260 1423 8
2261 2279 3
2261 108 7
2262 4566 8
2262 701 6
2262 3135 1
2262 4618 8
2263 3784 8
2263 2503 3
2263 665 6
2263 3552 5
2264 2723 1
2264 2982 1
2264 4705 2
2264 1143 5
2264 2338 2
2265 4744 5
2265 305 4
2265 181 3
2265 3065 6
2265 1100 8
2266 4635 3
2266 2247 2
2266 3317 3
2266 2218 3
2266 1359 10
2267 1316 3
2268 4266 9
2268 3212 3
2268 4103 6
2268 1441 9
2269 3031 6
2269 114 4
2270 3567 1
2270 49 4
2270 1145 5
2270 2332 8
2270 2776 1
2271 2684 7
2271 1798 6
2272 3637 1
2272 2638 8
2272 67 1
2272 1872 8
2272 2579 5
2273 129 5
2274 3799 5
2274 4661 10
2275 1891 5
2276 3864 2
2277 4277 9
2277 2204 10
2277 3345 6
2277 4597 6
2277 889 5
2278 3890 8
2279 4890 7
2279 3040 8
2280 3055 10
2281 95 2
2282 2762 7
2282 1482 9
2282 1272 2
2282 3663 3
2283 3604 9
2283 2639 2
2283 1971 9
2283 2009 3
2283 4940 10
2284 1340 5
2284 3051 1
2285 895 4
2285 3994 4
2285 2270 5
2286 3555 1
2286 3677 1
2287 471 1
2288 3370 4
2288 2959 5
2288 2494 8
2289 1551 4
2290 4573 8
2290 3462 7
2290 2996 3
2290 4074 9
2290 539 1
2291 2979 1
2292 2165 8
2293 1213 3
2293 2346 6
2294 4035 10
2295 1587 2
2295 3189 1
2296 4259 4
2296 2306 2
2297 4500 4
2297 338 10
2298 3130 10
2298 2578 3
2298 713 3
2298 4914 9
2298 1362 8
2299 2265 8
2299 366 2
2300 308 4
2300 2787 1
2301 278 9
2302 3452 9
2302 4266 4
2303 476 8
2303 798 4
2303 1384 8
2304 3997 4
2304 776 3
2305 1657 10
2305 4017 3
2305 3487 5
2306 1312 1
2306 1862 1
2306 637 8
2307 2899 8
2307 4269 2
2307 2160 6
2307 4430 8
2308 491 8
2309 3188 3
2309 4934 10
2309 2546 3
2309 1020 5
2309 3106 9
2310 2260 6
2310 3981 10
2310 188 8
2311 3520 7
2311 4450 2
2311 4326 1
2311 2127 2
2311 2734 4
2312 1490 10
2312 3249 10
2312 3926 2
2312 1091 3
2313 1441 7
2313 4349 8
2314 1238 2
2314 2216 9
2315 4306 1
2315 2331 3
2315 2199 5
2316 12 9
2316 3684 8
2316 1072 4
2316 4373 1
2317 3232 7
2318 1951 7
2318 4060 6
2318 3544 9
2318 1330 2
2318 180 6
2319 4744 3
2319 2124 1
2319 3100 1
2319 3798 9
2319 2639 8
2320 2090 2
2320 2130 4
2320 2738 9
2321 1994 2
2321 3487 3
2321 3555 5
2321 3470 1
2321 3442 5
2322 2556 8
2322 2200 6
2323 4801 4
2323 4323 7
2323 2467 8
2323 2750 6
2323 2448 3
2324 2054 8
2324 4556 4
2324 3344 6
2324 4770 4
2324 2604 5
2325 2509 4
2325 3634 9
2325 1402 8
2325 4579 6
2325 346 8
2326 4158 1
2326 902 7
2326 3918 2
2326 4245 1
2327 947 10
2327 4891 3
2327 231 1
2327 3992 10
2328 3370 10
2328 4766 7
2328 1457 4
2328 3639 3
2329 1718 3
2329 2720 4
2329 1909 5
2329 3763 5
2329 1939 7
2330 1755 7
2331 3454 4
2331 4592 9
2331 3824 7
2331 1899 10
2332 4593 2
2332 3943 10
2332 895 2
2332 2776 9
2333 3802 3
2333 6 9
2333 4540 2
2333 1101 4
2334 2905 9
2335 3192 3
2335 4373 10
2336 1187 5
2336 3386 10
2337 4879 1
2337 3220 7
2338 1552 7
2338 2312 1
2338 1752 4
2338 4182 10
2339 3572 10
2339 3451 4
2339 2713 8
2339 264 5
2340 3134 5
2340 2119 4
2340 529 1
2340 803 2
2341 2478 1
2342 2204 7
2343 3884 8
2343 3603 6
2344 2148 4
2344 3480 1
2344 13 1
2344 3799 3
2344 4825 7
2345 2822 8
2346 568 6
2346 4152 2
2346 2457 7
2346 1355 10
2346 3754 8
2347 803 2
2347 3391 6
2347 3524 7
2347 3630 6
2348 3078 10
2348 1522 9
2348 1147 6
2349 2720 10
2349 4810 2
2349 3965 8
2349 1959 2
2350 4545 5
2351 2776 3
2351 2293 3
2351 4311 9
2352 4881 4
2353 1362 7
2353 3919 8
2354 765 6
2355 2422 3
2355 2909 8
2356 292 7
2356 2561 10
2357 716 8
2357 1431 3
2357 3529 1
2357 441 2
2358 1182 10
2358 489 9
2358 2655 5
2359 3698 8
2360 1911 1
2360 2399 2
2360 3031 3
2360 3148 1
2361 2100 6
2361 2388 4
2362 4935 4
2362 3774 3
2362 4337 3
2363 629 6
2363 4960 9
2364 3136 8
2364 3755 3
2364 3184 7
2364 4188 10
2364 4849 3
2365 192 4
2365 2997 5
2365 3427 8
2365 1350 1
2365 4538 1
2366 1413 6
2366 3159 9
2366 4472 10
2367 1635 4
2367 2782 9
2367 2931 10
2367 3055 5
2368 4468 10
2369 841 1
2369 3631 7
2370 255 9
2370 687 1
2370 2621 10
2370 2771 3
2371 4173 4
2371 1118 3
2371 2541 10
2371 2535 2
2371 3246 5
2372 1269 7
2372 1492 7
2372 4299 10
2372 4918 2
2373 1815 7
2373 1291 4
2373 2107 8
2373 3416 6
2374 1376 9
2374 3781 7
2374 4491 2
2374 4274 9
2374 2336 2
2375 2941 2
2375 3806 6
2375 4642 3
2375 3872 9
2375 2587 3
2376 4806 7
2376 4372 2
2376 4388 1
2376 3205 10
2376 3675 10
2377 3221 8
2378 2929 10
2378 4169 10
2378 4009 5
2378 2577 8
2378 1256 3
2379 381 7
2379 1867 7
2379 2992 10
2380 3696 8
2381 1794 3
2381 3622 9
2381 358 10
2382 185 2
2382 3629 3
2382 1551 5
2382 847 7
2382 67 7
2383 1003 6
2383 4448 7
2383 2752 7
2384 1501 1
2384 1630 8
2384 3072 10
2385 4301 7
2385 189 4
2385 1224 10
2385 2394 2
2386 1210 10
2387 4948 6
2388 865 7
2388 3759 5
2389 2524 5
2389 2804 8
2389 1977 4
2390 3482 1
2390 2127 4
2391 3737 4
2392 1587 1
2392 4674 3
2392 4424 4
2392 2618 9
2392 4288 2
2393 3673 8
2393 4453 5
2393 4983 4
2393 2990 10
2394 1031 7
2394 2377 8
2394 3854 2
2394 2591 7
2394 4558 5
2395 2104 9
2395 2528 1
2395 1537 5
2395 2161 7
2396 4100 5
2396 2487 8
2396 3225 8
2397 3026 7
2397 2486 1
2397 4285 4
2398 3349 1
2398 2609 2
2398 2828 5
2398 1238 2
2398 3489 6
2399 2395 1
2400 1039 9
2400 871 1
2400 776 4
2400 4778 1
2400 1737 8
2401 3746 8
2402 2474 8
2402 4397 1
2403 2396 7
2403 1339 2
2403 3951 9
2403 3449 9
2403 94 7
2404 4971 8
2404 2317 6
2405 3980 2
2405 2651 5
2406 4492 4
2406 3274 3
2406 3855 10
2407 910 4
2407 2326 4
2408 4299 5
2408 2515 9
2408 3066 2
2408 828 7
2408 942 7
2409 4393 7
2409 1498 10
2409 3146 2
2409 2397 9
2409 730 7
2410 4880 10
2410 3948 7
2410 2768 4
2410 3202 8
2411 1022 1
2411 936 8
2411 1506 7
2411 3863 8
2411 3906 8
2412 4312 7
2412 2835 10
2413 1132 4
2413 317 4
2414 754 4
2414 355 1
2414 2039 8
2415 1897 6
2416 1407 5
2416 2767 5
2416 3372 2
2416 973 3
2417 3887 8
2418 4165 9
2419 3977 5
2419 4699 9
2419 3998 7
2419 113 9
2420 3221 6
2420 2980 7
2420 1163 9
2420 4938 8
2420 4042 8
2421 2167 1
2421 4062 1
2422 4502 6
2422 2714 7
2422 4501 5
2423 4359 7
2423 4342 5
2423 4898 6
2423 4554 10
2424 2929 1
2424 2037 8
2424 4984 3
2424 1509 4
2424 3576 1
2425 3294 9
2426 1348 1
2426 1176 6
2427 4678 3
2427 3725 7
2427 246 10
2427 3637 2
2427 4602 4
2428 171 1
2429 1091 6
2429 2972 2
2429 2650 6
2430 3657 8
2430 4980 9
2430 2857 2
2431 1127 6
2432 4539 1
2432 1184 5
2433 2612 7
2434 2651 10
2434 1068 2
2434 1348 7
2434 1031 1
2435 2467 8
2435 1668 8
2436 3553 6
2436 4583 1
2436 3071 8
2436 945 7
2436 1200 7
2437 4695 1
2438 4490 6
2438 4141 1
2438 4523 1
2438 2621 8
2439 1892 5
2439 3994 7
2439 3580 8
2439 3929 9
2439 1147 9
2440 273 5
2440 467 3
2440 666 8
2440 3935 8
2441 2695 1
2441 3495 2
2442 2985 2
2442 4450 6
2442 1392 9
2443 4259 4
2443 2580 2
2443 3184 7
2443 4816 1
2444 3398 8
2444 4084 8
2445 1901 7
2446 3721 3
2446 1341 4
2446 3260 5
2446 3080 5
2446 4668 5
2447 979 9
2447 773 7
2447 833 8
2447 71 1
2448 1903 6
2448 4196 10
2448 3203 7
2449 1618 5
2450 1410 3
2450 2794 4
2450 2948 1
2450 1462 6
2450 4450 7
2451 2670 8
2451 978 2
2451 3841 9
2451 3786 9
2452 4778 5
2452 674 10
2452 2791 2
2452 646 6
2453 4136 5
2453 2475 8
2453 3189 6
2454 942 6
2454 2687 5
2454 3235 4
2454 2739 5
2454 3548 9
2455 3021 7
2455 1990 1
2456 3299 5
2456 3019 3
2456 4560 10
2456 3829 1
2456 1543 3
2457 4396 6
2457 3977 1
2457 3954 5
2457 3120 4
2457 2639 8
2458 1341 7
2459 962 1
2459 2345 5
2460 1960 10
2460 2732 10
2460 3783 10
2460 3946 1
2460 1094 7
2461 1224 2
2461 2385 3
2461 2796 3
2461 4679 7
2462 2860 3
2462 247 1
2462 2205 3
2462 4604 5
2462 743 10
2463 13 7
2464 1362 8
2465 2671 1
2465 4971 5
2466 4091 10
2466 3726 9
2466 2173 3
2467 357 5
2467 4801 3
2467 4325 4
2468 974 5
2468 1097 1
2468 66 5
2468 1706 4
2468 494 5
2469 2772 6
2469 1265 10
2470 1757 9
2471 755 4
2472 3939 5
2472 1640 8
2472 4537 2
2472 4102 2
2473 817 2
2473 4063 8
2473 909 8
2473 9 10
2473 4272 5
2474 4884 9
2474 1200 6
2474 3756 8
2475 1847 8
2475 3728 5
2475 348 4
2476 891 7
2476 3201 2
2476 2981 8
2476 62 4
2477 2820 4
2478 3376 9
2478 1020 9
2478 2247 9
2478 1651 5
2479 536 5
2479 1114 6
2479 4590 8
2479 1398 5
2479 4789 1
2480 499 10
2481 226 10
2482 3827 9
2482 4980 5
2482 4186 1
2482 2617 5
2483 4809 7
2483 4428 8
2483 4938 9
2483 3524 3
2483 261 6
2484 4887 5
2485 2081 6
2485 4981 8
2486 4472 10
2486 1952 10
2486 4215 1
2486 1498 4
2486 3361 6
2487 41 5
2487 697 8
2487 1275 9
2488 3754 6
2489 2664 5
2490 3338 1
2490 2733 2
2491 225 1
2492 2848 2
2493 4136 7
2493 3989 5
2493 4104 6
2494 3182 6
2494 2066 9
2494 1499 8
2495 3077 2
2495 3892 7
2495 2942 7
2496 3664 9
2496 3096 8
2496 4588 10
2496 2740 5
2497 2307 8
2497 2635 4
2498 1596 9
2499 894 6
2499 2563 10
2500 1539 6
2500 3746 6
2500 1303 7
2501 1197 4
2501 1468 5
2501 4624 9
2501 1743 6
2502 2684 9
2502 119 4
2502 1864 2
2503 3437 5
2503 2013 6
2503 749 10
2503 2145 5
2504 4265 10
2504 1543 7
2505 3552 1
2505 1385 10
2506 923 1
2506 502 10
2506 891 7
2506 861 7
2506 1488 6
2507 3675 4
2507 2840 9
2508 202 2
2508 666 7
2508 4927 2
2508 941 7
2508 4849 3
2509 280 9
2509 1852 6
2509 2866 3
2510 462 8
2510 3230 7
2511 3089 7
2511 2058 5
2511 4774 3
2511 2266 5
2512 4624 5
2513 2309 6
2513 4403 1
2513 692 4
2513 1057 6
2514 1000 3
2514 908 5
2514 4037 4
2514 3863 9
2514 816 8
2515 4799 2
2515 3548 9
2515 1571 1
2515 868 7
2515 2739 4
2516 1650 1
2516 890 3
2516 4225 6
2517 4649 6
2517 3729 6
2518 3069 1
2518 731 6
2518 1534 6
2518 2549 9
2518 555 3
2519 3077 5
2519 82 3
2519 2561 10
2519 4694 1
2519 3892 10
2520 210 2
2521 2317 4
2522 171 2
2522 4021 3
2522 2152 5
2522 4208 2
2522 4035 6
2523 4891 6
2523 2327 7
2523 4592 10
2523 1008 5
2524 3332 10
2524 3655 3
2525 2808 1
2525 3720 8
2525 2925 5
2525 685 3
2526 1115 10
2526 4694 6
2527 769 10
2527 4741 9
2527 2825 2
2528 1770 10
2528 642 7
2529 4201 3
2530 1767 6
2530 621 2
2530 1779 2
2530 482 7
2530 620 7
2531 4306 5
2531 2251 4
2531 1858 10
2532 4397 10
2532 2474 3
2532 753 9
2532 44 6
2532 1602 4
2533 4282 6
2533 1671 9
2533 730 6
2533 2397 7
2533 3561 8
2534 1773 1
2534 2035 7
2535 3463 4
2535 4939 6
2535 4498 10
2536 3502 8
2536 4914 7
2536 3424 3
2537 4045 5
2537 2602 7
2538 2359 4
2538 1025 10
2538 2044 5
2538 3828 2
2539 4667 1
2540 1999 5
2540 36 7
2540 4928 7
2540 2182 7
2541 3744 1
2541 3803 9
2541 2254 9
2541 4124 1
2542 4802 5
2543 3897 6
2543 373 8
2543 840 10
2543 3525 2
2543 3403 4
2544 4320 5
2545 3739 5
2545 740 7
2546 4070 4
2546 4071 7
2546 1988 4
2546 2778 6
2546 4167 3
2547 533 2
2547 2025 5
2547 207 4
2548 2604 10
2548 1041 1
2548 4748 5
2548 4770 4
2549 2136 2
2549 1544 3
2550 3590 7
2550 714 6
2551 4298 1
2551 4230 7
2551 4691 1
2552 3830 7
2552 4318 9
2553 2939 6
2553 2830 3
2553 3043 7
2553 3228 6
2554 2152 9
2554 4286 5
2554 1999 6
2554 4035 6
2554 171 6
2555 2549 9
2555 1045 3
2555 1135 7
2556 3897 7
2556 1910 10
2556 4798 7
2557 1680 2
2557 3189 1
2557 3635 1
2558 2809 6
2559 2160 9
2559 3092 4
2559 4580 8
2559 4269 5
2559 2307 7
2560 4884 4
2560 1005 10
2560 3623 6
2560 2303 4
2561 2215 4
2561 4672 2
2561 1115 8
2561 585 7
2561 4654 9
2562 2455 4
2562 3505 3
2563 3761 1
2563 1770 8
2563 3187 10
2563 4203 2
2563 2528 2
2564 1331 6
2564 4465 6
2564 866 3
2564 143 9
2565 1799 3
2566 3402 2
2566 1252 8
2566 802 2
2567 2303 9
2567 4694 7
2567 4654 6
2567 1324 5
2568 388 8
2568 4292 6
2568 677 3
2569 609 5
2569 4887 6
2569 3264 2
2569 167 5
2570 3865 8
2570 3401 10
2570 3265 4
2570 1495 6
2570 1592 10
2571 3077 1
2571 861 6
2571 2575 10
2572 377 7
2572 1501 7
2572 2672 6
2572 462 8
2572 3072 2
2573 1135 2
2573 1148 4
2573 2235 7
2573 3295 6
2573 2555 4
2574 3213 10
2574 4330 7
2575 938 7
2575 4702 3
2576 4486 1
2576 2208 3
2577 1710 3
2577 1648 3
2577 1256 2
2578 4749 4
2578 3573 2
2578 1241 5
2578 679 6
2578 4974 8
2579 301 9
2579 4180 1
2579 2418 6
2579 4916 10
2579 2844 9
2580 1953 4
2580 3575 5
2580 2875 8
2581 779 4
2581 4011 6
2581 4395 5
2582 2113 3
2582 1135 9
2582 996 10
2583 79 2
2584 4583 7
2584 1350 5
2584 855 7
2584 1232 10
2584 3446 6
2585 3078 1
2586 1566 4
2586 1440 8
2586 1554 10
2587 790 8
2587 752 10
2588 349 5
2588 3235 8
2588 1353 6
2589 4434 5
2589 4514 4
2590 4519 9
2590 3810 3
2591 796 2
2591 1674 1
2591 570 3
2591 4308 2
2592 3174 2
2592 1263 1
2592 955 8
2592 283 6
2593 4633 9
2594 4339 7
2594 1100 2
2594 4752 5
2595 737 10
2595 3306 6
2595 157 3
2595 1221 1
2595 1859 4
2596 1362 1
2596 1826 1
2596 69 4
2597 4053 2
2597 3528 4
2597 703 7
2598 4417 2
2598 4077 2
2599 3495 6
2599 1096 9
2599 3018 6
2600 1974 10
2600 1827 3
2601 1163 6
2601 3984 5
2601 3247 4
2601 1225 10
2601 4068 6
2602 2764 5
2602 3462 2
2602 2697 6
2602 461 9
2602 1132 5
2603 2253 3
2603 3294 6
2603 4490 1
2603 1454 3
2603 2345 9
2604 3969 4
2604 4247 3
2604 2210 4
2604 3794 2
2604 1473 7
2605 288 2
2605 4294 9
2605 2011 8
2605 3124 1
2606 1923 5
2606 2697 7
2606 599 5
2606 2413 8
2606 3252 7
2607 855 9
2607 4646 3
2608 4427 4
2609 975 10
2609 3445 9
2609 1799 9
2610 2902 2
2610 2206 1
2610 4934 8
2611 2665 2
2612 4374 8
2612 2564 3
2613 3766 3
2613 3200 10
2614 2381 7
2614 535 2
2614 94 5
2614 4098 3
2615 4513 4
2615 2772 5
2615 4807 9
2616 1172 4
2617 1706 8
2617 4978 10
2617 3496 9
2618 4870 3
2618 1009 1
2618 3881 6
2619 4880 3
2620 3935 1
2620 1636 8
2620 3995 9
2620 2126 7
2621 2404 3
2621 1995 4
2621 2741 7
2622 2923 8
2622 2545 9
2623 4556 8
2623 3490 5
2623 2074 7
2623 3539 3
2624 1411 9
2625 2734 7
2626 2397 5
2626 4393 10
2627 4474 2
2627 2799 6
2628 2010 5
2628 4789 5
2628 488 2
2628 3307 9
2628 4360 10
2629 1883 1
2630 2270 6
2630 3303 2
2630 2293 10
2631 2584 8
2631 1499 10
2631 2918 9
2632 4845 4
2632 2397 8
2632 3561 7
2632 3262 7
2633 359 9
2633 2807 8
2633 1509 5
2634 3797 2
2634 1435 2
2634 3718 5
2634 3977 7
2634 4152 2
2635 876 9
2635 2989 10
2636 3297 6
2637 4751 4
2637 4184 3
2638 956 1
2638 3787 9
2639 4658 8
2640 4920 5
2640 605 2
2640 2737 6
2640 3739 1
2641 2553 1
2641 2035 6
2641 3038 8
2642 2779 10
2642 222 5
2643 2487 2
2643 2752 7
2643 681 4
2643 1392 8
2643 2611 2
2644 2177 1
2644 3985 5
2644 1663 7
2644 4341 3
2645 4325 2
2645 1017 4
2645 3684 6
2645 577 2
2646 1554 7
2646 4344 9
2646 1008 8
2646 260 9
2647 2248 10
2647 3012 8
2647 3348 10
2648 60 3
2649 3854 3
2649 658 8
2649 2179 7
2649 1095 3
2649 811 4
2650 2596 8
2651 2793 8
2651 1729 2
2652 4455 7
2652 4037 5
2652 314 10
2653 3462 8
2653 3699 6
2653 2136 6
2653 123 9
2654 3707 3
2654 4689 7
2654 3596 9
2654 4335 2
2655 91 7
2656 4766 2
2657 2385 1
2657 3704 2
2657 4679 2
2657 429 4
2657 4855 8
2658 4330 7
2658 4623 4
2659 2064 6
2659 4533 7
2659 4810 3
2659 3148 1
2659 4455 1
2660 740 4
2660 3163 8
2661 2746 2
2661 894 1
2661 881 5
2661 3083 4
2661 4328 2
2662 3633 10
2662 4484 2
2662 2091 7
2662 2153 7
2663 448 2
2663 461 1
2664 225 9
2664 2491 8
2664 3211 4
2665 4914 1
2665 310 7
2665 3388 6
2666 3081 8
2666 1810 1
2666 4073 8
2666 2945 5
2666 417 2
2667 4178 8
2667 1038 7
2667 4900 4
2667 4338 9
2667 4755 1
2668 3872 3
2668 1183 6
2668 1061 5
2669 4525 10
2669 3476 5
2669 4312 10
2669 1389 10
2669 1610 6
2670 3827 4
2670 2255 1
2670 4438 3
2671 3566 2
2672 377 8
2673 4604 10
2673 3068 7
2673 2353 2
2673 1350 5
2673 4057 9
2674 1387 10
2675 1999 4
2675 2745 7
2675 4928 7
2675 4021 7
2675 4730 2
2676 1639 1
2676 4689 2
2676 4811 9
2676 2366 2
2676 72 5
2677 4507 2
2677 1376 10
2677 1187 10
2677 143 8
2678 4866 1
2678 2871 7
2678 1980 9
2678 215 6
2678 2135 2
2679 3612 5
2680 3095 8
2681 1182 9
2681 3127 6
2682 4043 9
2682 955 8
2682 3748 6
2682 3494 1
2682 2855 9
2683 4654 8
2683 1499 10
2683 1070 4
2684 1328 3
2684 4422 6
2685 2929 4
2685 2378 5
2685 2257 1
2686 2689 9
2687 4237 3
2687 2739 1
2687 2147 8
2688 2633 8
2688 2025 8
2689 3995 6
2689 3935 7
2689 3575 10
2689 4332 2
2689 3384 3
2690 70 5
2690 1668 10
2691 4279 1
2691 3117 7
2691 2578 7
2691 4646 1
2691 4914 7
2692 395 3
2693 2308 6
2694 1947 6
2694 302 3
2694 3274 4
2695 4203 5
2696 4618 5
2697 2551 9
2697 1044 8
2698 2334 5
2698 1046 8
2699 2461 4
2700 4556 6
2700 2976 3
2700 917 2
2700 1691 5
2701 1285 5
2702 3737 3
2702 1219 1
2702 1558 4
2702 3292 2
2703 2460 9
2703 146 5
2703 214 7
2703 8 6
2704 1074 4
2704 275 3
2704 483 5
2704 2316 8
2705 1516 3
2705 3001 1
2705 3514 5
2706 2000 8
2706 4015 4
2706 3078 5
2706 792 3
2706 1147 9
2707 3952 1
2707 728 8
2708 402 6
2708 3802 6
2709 3286 2
2709 4791 4
2709 4345 7
2709 4617 1
2710 39 2
2710 4260 3
2710 1622 5
2710 2474 6
2711 58 5
2711 3128 7
2711 3897 3
2711 1947 3
2712 4359 4
2712 16 9
2712 3997 1
2713 4044 10
2713 414 9
2714 303 9
2715 4955 9
2715 2913 3
2715 4418 4
2715 3358 7
2715 4315 9
2716 2876 8
2716 4154 2
2716 412 9
2716 2413 1
2717 4009 7
2718 3547 4
2718 605 1
2718 1432 5
2718 4544 10
2718 4073 2
2719 3026 7
2719 3689 10
2719 1413 9
2720 4818 1
2720 2395 5
2720 1231 2
2720 3930 5
2721 3151 8
2721 2101 1
2721 3559 9
2721 178 7
2721 682 7
2722 514 7
2722 564 10
2723 2860 9
2723 263 9
2723 4020 6
2723 832 4
2723 1826 7
2724 3573 4
2724 2542 6
2724 1624 4
2724 192 7
2724 1362 6
2725 4580 10
2725 1414 7
2725 2104 1
2725 2174 6
2726 3909 4
2726 982 2
2727 3120 5
2727 3929 3
2728 3055 8
2728 2732 7
2729 4073 2
2730 2553 1
2730 2929 8
2730 1509 4
2730 1256 8
2730 3587 3
2731 4784 8
2731 4790 4
2732 1746 5
2732 4371 6
2733 4566 10
2733 3508 1
2734 3702 6
2735 3921 1
2736 4712 3
2736 22 8
2736 1134 7
2736 1307 9
2736 2747 6
2737 73 10
2737 2000 3
2737 905 3
2738 4507 3
2738 3617 1
2738 143 9
2738 3291 5
2739 3744 4
2739 3461 1
2739 4174 2
2739 4918 8
2739 3483 10
2740 4174 4
2741 1995 4
2741 278 4
2742 3551 9
2742 3884 3
2742 1330 8
2742 1879 10
2743 779 2
2743 2855 6
2744 3241 5
2744 3983 6
2744 1328 8
2744 463 7
2744 1663 9
2745 3163 4
2745 2640 4
2745 1645 2
2745 4510 8
2746 646 3
2746 1649 1
2746 155 6
2746 2989 1
2747 1760 5
2748 3163 8
2748 2229 2
2749 3665 10
2749 1377 4
2749 4818 6
2750 1058 6
2750 4762 10
2750 4145 6
2750 1865 2
2751 4710 10
2752 3271 1
2752 4632 8
2752 3225 2
2753 1356 9
2753 4142 3
2753 4412 10
2753 1746 6
2754 3488 3
2754 3841 6
2754 3932 9
2755 3416 9
2755 52 5
2755 2177 10
2755 475 3
2755 2107 6
2756 3983 7
2756 3159 3
2756 3857 7
2756 723 2
2757 980 1
2758 1209 5
2758 529 1
2758 673 1
2758 1835 9
2758 1163 5
2759 438 3
2760 3925 10
2760 910 4
2760 3632 6
2760 4729 5
2761 4015 3
2762 4227 3
2762 2814 9
2762 4220 1
2762 2217 1
2762 2793 9
2763 1415 2
2763 3572 8
2764 4524 3
2764 381 9
2764 612 7
2764 1534 1
2765 2670 5
2765 978 6
2765 1021 7
2765 4978 10
2766 18 2
2766 2736 3
2767 2152 3
2767 2640 5
2767 4510 8
2768 4472 7
2768 1619 7
2768 3509 2
2769 2399 7
2769 4274 10
2769 2130 1
2769 1376 2
2770 4821 9
2771 2741 6
2771 687 3
2771 4467 6
2772 345 10
2772 2206 1
2772 4934 9
2772 4278 5
2772 3443 10
2773 4272 6
2773 159 6
2774 2740 1
2775 839 3
2775 4660 9
2775 4649 9
2775 1376 7
2775 3389 3
2776 4699 5
2776 1979 10
2776 3186 8
2776 4152 9
2776 288 10
2777 2108 5
2777 2624 1
2777 3378 2
2777 4455 6
2777 2659 6
2778 3790 6
2778 1528 6
2779 716 7
2779 2054 9
2779 4477 2
2779 1054 1
2780 904 5
2780 1222 10
2780 3760 1
2781 532 3
2781 3811 9
2782 2738 8
2782 3761 2
2782 2399 8
2782 3063 4
2783 1733 2
2783 2397 8
2783 730 4
2784 4342 5
2784 776 1
2784 4852 7
2784 4168 5
2785 2013 6
2785 4422 4
2785 2688 2
2786 4618 10
2787 714 10
2787 2222 2
2787 4263 1
2787 2552 8
2788 1330 7
2789 3383 5
2789 4509 5
2789 4988 5
2789 4061 5
2790 1072 10
2790 1937 10
2791 1747 6
2791 442 2
2791 3670 10
2791 2163 8
2791 4857 4
2792 3460 6
2792 834 6
2792 3546 4
2792 2681 6
2793 3702 9
2793 1901 5
2794 3254 7
2794 4520 2
2794 3520 10
2794 3449 9
2795 2701 5
2795 555 6
2795 3105 2
2796 1095 6
2796 2098 9
2796 234 10
2796 2405 3
2796 1842 7
2797 3229 8
2797 3484 5
2798 972 8
2799 1772 2
2800 4912 5
2800 1722 1
2800 620 6
2800 748 5
2801 1377 7
2801 4835 5
2801 2599 10
2801 2725 5
2801 602 7
2802 2368 7
2802 4260 8
2802 797 8
2803 4449 5
2803 192 5
2804 3566 1
2804 671 6
2804 4266 10
2804 4982 3
2804 4971 5
2805 1533 10
2806 2132 4
2807 3638 1
2808 3310 10
2808 4015 7
2808 4920 3
2809 4970 7
2810 343 6
2810 1825 3
2811 3374 1
2811 2757 10
2812 840 10
2812 4411 1
2813 1018 9
2813 4044 8
2813 3398 4
2814 3439 6
2814 4450 8
2814 4001 6
2815 3039 6
2815 539 1
2815 2876 10
2815 3996 4
2815 2308 3
2816 3487 1
2816 287 1
2816 2165 5
2816 45 2
2816 1354 4
2817 4417 3
2817 4744 7
2818 2701 9
2819 4516 3
2820 2154 10
2820 3046 4
2820 4358 1
2821 4258 3
2822 4570 5
2822 2024 7
2822 3557 7
2822 2404 2
2823 1442 3
2824 4914 7
2824 1362 3
2824 2298 10
2824 4974 9
2825 2010 3
2825 4360 9
2825 352 1
2825 279 10
2826 658 7
2826 1531 4
2826 3777 8
2826 299 10
2826 205 7
2827 651 9
2827 3556 2
2827 4046 5
2827 2276 9
2828 3362 2
2829 756 4
2829 2166 7
2829 2617 1
2829 4872 4
2829 4500 5
2830 2884 2
2830 1710 8
2830 2435 9
2830 154 2
2830 4325 2
2831 3191 1
2831 1873 8
2831 395 3
2832 1254 5
2833 4677 1
2833 1002 7
2833 1317 2
2833 2218 5
2834 3796 4
2834 4166 9
2834 1447 5
2834 94 9
2835 3989 1
2836 3226 6
2837 2140 1
2837 58 10
2837 925 10
2837 1539 5
2837 1627 1
2838 3098 5
2838 3489 5
2839 270 2
2839 707 8
2839 338 2
2839 4800 2
2839 1472 8
2840 4372 7
2840 1560 10
2840 4795 4
2841 2163 5
2841 2304 5
2841 3694 6
2841 4338 2
2842 3751 6
2842 3089 7
2842 621 9
2843 4459 2
2844 2045 1
2844 2282 3
2845 355 10
2845 878 3
2845 2491 7
2845 2664 2
2846 637 9
2846 1925 6
2846 1093 1
2846 1026 2
2847 146 9
2848 2617 3
2849 4617 7
2849 4104 8
2849 18 1
2850 4763 1
2850 3204 9
2850 4042 6
2850 2084 7
2850 1209 10
2851 895 5
2851 3120 7
2851 944 6
2851 3296 1
2852 2604 6
2852 200 3
2853 3670 9
2854 906 7
2854 4719 3
2854 3295 7
2854 818 9
2854 3462 10
2855 1360 3
2855 4943 8
2855 4556 2
2856 3904 2
2856 4795 10
2856 2733 1
2856 1667 3
2856 3374 4
2857 66 4
2857 929 3
2857 3044 10
2857 2748 1
2858 569 2
2858 456 2
2858 4318 7
2859 1510 1
2859 1387 8
2859 2976 1
2859 3111 9
2859 4556 1
2860 1200 10
2860 588 4
2860 1156 10
2861 2686 1
2862 3333 8
2863 1632 6
2864 3706 8
2865 3918 6
2866 1402 9
2867 4765 4
2867 3491 8
2867 4450 9
2867 1171 2
2867 1392 6
2868 1759 8
2868 494 9
2868 1822 1
2868 4310 7
2868 3496 9
2869 1176 7
2869 2455 2
2869 4771 5
2869 4059 2
2869 3980 6
2870 3399 9
2870 3034 2
2870 826 4
2871 1654 8
2872 909 2
2872 4062 9
2872 2821 6
2872 1058 1
2873 3706 8
2874 1924 6
2874 1468 1
2874 1035 10
2874 312 6
2874 2373 1
2875 1636 10
2875 281 1
2875 2689 2
2875 666 3
2876 555 4
2877 1097 3
2877 709 7
2877 2617 8
2878 3321 7
2879 2237 3
2880 3624 9
2880 3806 2
2880 2859 6
2880 2471 3
2881 1202 7
2881 2162 4
2881 1617 2
2881 2700 3
2882 2741 1
2882 1137 3
2882 2389 4
2883 315 7
2883 344 1
2884 4255 9
2884 154 4
2884 4421 9
2884 2929 4
2884 3412 7
2885 1720 4
2885 3342 4
2886 3313 8
2886 3211 5
2887 809 9
2887 1376 5
2887 2976 3
2888 4958 3
2889 1624 4
2889 4601 8
2889 4974 10
2889 1241 6
2889 269 9
2890 2367 7
2890 4881 3
2890 4412 6
2890 2931 8
2890 1675 10
2891 4284 7
2891 2350 9
2891 2543 8
2891 1546 8
2891 3404 3
2892 4290 7
2892 4092 9
2892 2155 8
2893 1051 3
2893 3227 3
2893 3716 3
2894 3668 4
2895 768 6
2895 3987 6
2896 2985 9
2896 2455 1
2896 4092 6
2896 2007 10
2897 2557 7
2897 1134 4
2897 1583 5
2897 1943 1
2898 3908 9
2898 1207 8
2899 31 8
2899 4455 8
2899 2160 3
2900 101 7
2901 3221 5
2901 2455 5
2901 736 1
2902 2361 1
2902 1152 5
2903 3285 5
2903 1696 10
2904 4705 6
2905 2671 7
2906 3225 5
2907 185 3
2907 4077 8
2907 2116 2
2907 3470 1
2908 3234 4
2908 3952 4
2908 2410 9
2909 1500 3
2910 359 5
2910 4829 4
2911 1832 3
2911 2736 3
2911 1437 2
2911 2392 8
2911 4164 1
2912 2222 7
2912 536 6
2913 2467 6
2913 2473 4
2913 2059 10
2913 159 5
2914 519 2
2914 4996 6
2914 37 3
2914 3188 5
2914 1767 7
2915 4917 10
2915 4538 6
2916 3824 4
2916 1554 6
2916 975 1
2916 2828 3
2917 3411 2
2917 945 9
2917 3446 9
2917 4583 2
2917 2303 5
2918 4917 10
2918 761 1
2918 2081 6
2918 3971 1
2919 3952 4
2919 521 7
2919 117 8
2919 101 4
2920 4199 7
2920 526 10
2920 4230 4
2921 135 1
2921 1858 1
2921 511 8
2921 4044 4
2921 2940 9
2922 1440 5
2922 947 6
2922 3097 6
2923 2132 7
2923 4471 2
2923 1727 8
2924 792 8
2924 4073 8
2924 2737 4
2925 1810 8
2925 1281 2
2926 3529 3
2926 441 5
2926 790 8
2927 3815 10
2927 3423 6
2927 4754 9
2928 869 4
2929 3192 3
2930 2598 6
2930 4385 10
2930 3629 5
2931 3197 4
2931 2130 2
2931 3968 10
2932 1122 4
2932 413 1
2932 414 5
2933 2317 8
2933 1795 2
2933 3452 8
2933 1388 3
2934 3062 2
2934 1469 9
2935 1146 4
2935 2588 9
2936 2794 5
2936 1757 6
2936 3563 10
2936 4265 8
2937 1073 3
2937 2562 5
2937 673 8
2938 1972 3
2938 4122 8
2939 4421 10
2939 4297 6
2939 2335 5
2940 648 6
2940 4107 10
2940 4084 3
2940 126 10
2941 1694 8
2941 4640 5
2942 4156 2
2942 1636 6
2942 4243 7
2943 4800 10
2943 2203 5
2944 1605 9
2944 2706 6
2944 3994 7
2944 2149 8
2945 4015 5
2945 1147 10
2946 3855 10
2947 855 4
2947 4583 9
2948 3622 4
2948 3299 7
2948 3592 3
2949 3577 6
2950 1861 3
2950 3221 2
2950 4265 3
2950 2504 8
2950 341 1
2951 1771 6
2951 3068 5
2951 1156 9
2951 1299 2
2952 1095 9
2952 3845 8
2952 3520 7
2952 4797 4
2952 3134 10
2953 495 9
2953 2832 1
2953 2217 8
2954 2476 8
2954 3912 2
2954 2356 6
2954 770 9
2954 2494 10
2955 2791 5
2955 4330 8
2956 3566 10
2956 2905 3
2956 4324 4
2957 3802 10
2957 3494 9
2957 1340 10
2958 52 10
2958 2393 5
2958 2184 4
2958 4955 4
2959 2476 3
2959 4209 1
2959 903 10
2959 2081 1
2959 4576 9
2960 2517 4
2960 628 6
2960 2738 9
2960 4030 7
2961 923 5
2961 62 2
2961 187 2
2961 1862 5
2962 1668 7
2962 2750 8
2962 2421 1
2962 1865 9
2962 909 5
2963 3404 6
2963 569 5
2963 840 8
2963 4411 4
2963 3525 3
2964 1460 5
2965 2243 5
2965 698 9
2966 3078 7
2966 1147 1
2966 3779 5
2967 2391 8
2967 2343 2
2967 2246 4
2967 2788 1
2967 3890 1
2968 768 5
2969 2970 8
2969 1087 4
2969 531 3
2969 3982 8
2969 2254 10
2970 3096 6
2970 844 1
2971 1013 4
2971 646 6
2972 727 5
2972 4307 9
2973 931 7
2973 2096 1
2973 4814 7
2973 4610 7
2973 2886 7
2974 4962 2
2974 3575 5
2974 248 10
2974 3802 10
2974 2018 6
2975 902 9
2976 4931 3
2976 1079 7
2976 2890 10
2976 1717 4
2976 1908 7
2977 3702 4
2977 4915 3
2977 783 10
2978 2077 2
2978 905 10
2978 1605 1
2978 1107 5
2979 3997 7
2979 4950 1
2980 4308 8
2981 3395 3
2981 2333 4
2981 3556 1
2982 540 7
2982 4729 6
2982 1624 5
2982 1421 6
2982 2584 6
2983 4158 10
2983 4245 6
2983 3913 8
2983 3219 3
2984 860 2
2984 3715 9
2984 334 2
2985 4100 9
2986 801 1
2986 2622 6
2987 78 2
2987 3496 9
2987 970 10
2987 3280 9
2988 2312 9
2988 3913 10
2988 3027 8
2988 4399 3
2989 439 5
2989 4430 5
2990 4984 7
2990 1311 8
2991 1072 7
2991 1157 9
2991 4145 6
2992 4542 2
2993 2363 7
2993 3684 4
2993 3412 3
2994 2307 5
2994 3665 4
2994 1809 10
2994 2161 10
2994 4322 9
2995 4969 9
2995 1187 3
2995 1376 2
2995 2336 6
2995 1356 9
2996 708 7
2996 1135 6
2996 1265 6
2997 2805 4
2997 1730 6
2998 4287 6
2998 3101 2
2998 3928 3
2998 4173 10
2998 2401 1
2999 4945 8
2999 500 8
2999 1540 5
2999 3561 7
3000 731 4
3000 669 6
3000 491 2
3000 722 6
3001 2409 8
3002 4128 6
3002 4482 9
3003 1457 10
3003 2731 3
3003 1946 8
3003 3971 3
3003 2333 2
3004 1980 1
3005 2820 1
3005 4192 3
3005 2154 9
3006 2748 9
3006 865 7
3007 3074 4
3007 1287 1
3008 2919 1
3008 3159 10
3008 3354 6
3009 4562 7
3010 1350 1
3011 1837 1
3011 2948 4
3011 1 9
3012 440 2
3012 18 9
3012 1913 3
3013 3157 10
3013 3684 5
3013 3860 2
3013 1903 1
3013 3043 1
3014 3765 6
3014 2850 3
3014 1418 9
3014 3204 9
3015 3071 9
3015 4209 5
3015 4114 7
3016 492 1
3016 4353 3
3016 929 3
3016 3751 8
3016 78 8
3017 4724 5
3017 3388 8
3018 1747 4
3018 584 9
3018 4929 2
3019 2429 1
3019 4600 9
3020 4447 8
3020 1825 5
3020 3772 5
3020 4289 5
3021 3225 5
3021 2381 8
3021 2906 3
3021 1042 7
3021 3732 4
3022 940 5
3022 4286 4
3022 3074 1
3022 4021 9
3022 4035 7
3023 725 9
3023 4953 9
3023 4438 8
3023 974 9
3024 4156 7
3024 3184 4
3024 3875 5
3024 583 8
3025 4314 5
3025 1869 2
3026 2325 10
3026 3361 8
3026 1498 6
3026 2133 4
3027 152 9
3027 3302 2
3027 594 4
3028 1899 9
3029 1102 7
3029 4058 10
3029 1174 5
3029 1852 8
3029 1563 9
3030 969 8
3030 1413 2
3031 2307 10
3031 3653 6
3031 2652 9
3031 3761 10
3031 1641 1
3032 946 8
3032 1453 3
3032 2979 8
3032 204 5
3033 1236 8
3033 1689 8
3034 2737 1
3034 1242 5
3034 3977 5
3034 541 6
3035 2482 3
3035 592 10
3036 3957 5
3036 1920 5
3036 1847 7
3036 1009 8
3037 3705 2
3037 4062 2
3037 4563 6
3038 1335 1
3038 3587 10
3039 3751 10
3040 3854 2
3040 4428 8
3040 4450 5
3040 4765 9
3041 1953 10
3042 3149 6
3042 4992 8
3042 1734 4
3042 1580 1
3042 4977 1
3043 4801 9
3043 2435 6
3043 3849 8
3043 1017 1
3044 2585 7
3044 2115 8
3044 926 6
3044 3657 2
3044 2229 4
3045 2493 3
3046 2696 3
3046 2087 10
3046 4530 6
3046 1427 8
3046 2262 3
3047 1551 10
3047 3545 4
3047 4017 6
3048 2333 10
3048 4790 4
3049 4590 6
3049 948 9
3049 3351 8
3050 3026 6
3050 2369 10
3051 4332 7
3051 2620 3
3051 1925 5
3051 402 6
3051 949 3
3052 4671 6
3053 3328 4
3054 4175 6
3054 646 6
3054 2399 8
3054 1346 1
3054 3589 7
3055 2738 10
3056 1795 6
3056 1132 9
3057 2566 2
3057 4359 4
3057 1219 1
3057 4470 3
3058 446 6
3058 1951 8
3058 180 6
3059 1670 1
3059 2091 10
3059 1304 8
3059 876 7
3059 2395 5
3060 2710 4
3060 4397 7
3061 1009 3
3061 2744 5
3061 3641 10
3062 3556 2
3062 4816 5
3062 3692 10
3062 2575 7
3062 3156 2
3063 4455 4
3063 2989 4
3063 4037 1
3063 2259 4
3063 4203 9
3064 3897 5
3065 2427 8
3065 2445 3
3065 4187 7
3065 4678 2
3065 1835 2
3066 1628 4
3066 1430 10
3066 4952 6
3066 109 6
3067 304 9
3067 4762 6
3067 112 4
3068 4654 4
3068 1771 9
3068 39 4
3069 2839 5
3070 4647 4
3070 3341 4
3070 2042 6
3071 4487 6
3071 1533 8
3072 2094 7
3072 1385 4
3072 1935 8
3072 3784 9
3072 52 3
3073 2457 10
3073 2009 5
3074 2729 10
3074 831 4
3074 1242 9
3075 3131 10
3075 4692 5
3075 4604 3
3075 1533 9
3075 3427 8
3076 962 9
3077 3768 7
3077 1386 2
3078 1257 1
3078 1412 5
3078 2176 9
3079 3663 1
3079 2906 10
3079 3622 9
3080 2069 6
3080 1097 6
3080 3022 9
3080 3877 3
3080 2808 6
3081 3224 4
3081 1605 9
3081 3078 6
3081 792 1
3082 981 5
3083 1537 5
3083 2658 4
3084 1034 8
3084 3232 1
3085 904 3
3085 1284 8
3085 60 6
3085 190 4
3085 4965 1
3086 3214 10
3087 3052 8
3087 1034 5
3088 1985 3
3088 3716 3
3088 3983 2
3089 4996 4
3089 2038 10
3089 2627 9
3089 1483 7
3090 3513 5
3090 3543 7
3090 4416 8
3091 3479 3
3091 2149 1
3092 773 8
3093 1898 8
3094 727 5
3094 1602 6
3095 481 4
3095 1836 8
3095 1461 6
3095 3433 10
3096 4588 3
3097 1310 1
3098 3281 9
3099 1226 9
3099 3362 8
3099 1799 9
3099 4652 7
3099 3313 1
3100 226 4
3101 4588 2
3101 844 1
3101 3928 4
3101 2479 2
3101 3516 9
3102 3318 6
3103 3393 3
3103 3081 1
3104 2625 3
3104 1141 7
3104 3247 7
3105 4433 6
3105 3799 4
3105 778 7
3105 1685 4
3105 3690 6
3106 1212 7
3106 1664 3
3106 4186 1
3106 4872 6
3106 217 9
3107 3201 10
3107 4702 8
3108 3935 6
3108 1636 8
3108 1517 4
3109 3865 4
3109 1720 6
3110 3546 5
3110 276 1
3110 1094 1
3110 4412 1
3111 283 10
3111 1510 5
3112 190 7
3112 2393 6
3112 4965 8
3112 2633 2
3113 4593 2
3114 575 2
3114 4427 2
3115 182 5
3115 739 9
3115 4931 3
3116 4189 7
3116 1517 1
3116 212 2
3117 2303 3
3117 1207 2
3118 4734 9
3118 521 5
3118 730 2
3119 154 2
3119 4650 3
3119 2079 6
3119 4297 8
3120 1978 6
3121 4989 5
3122 2768 4
3122 4714 7
3122 252 1
3123 4948 9
3123 2247 6
3123 4595 4
3124 3584 6
3125 86 1
3125 576 9
3125 3097 5
3126 1970 10
3126 3425 3
3126 2876 2
3126 731 3
3127 2517 3
3128 76 5
3128 1196 3
3128 2963 10
3129 3302 4
3129 4468 4
3129 2710 2
3129 3756 7
3129 3108 7
3130 3388 2
3130 4802 10
3130 3068 5
3130 3644 9
3131 2805 1
3132 4852 10
3132 4827 6
3132 1597 1
3133 48 9
3134 4765 4
3134 2019 1
3134 4817 5
3135 3269 4
3135 1821 5
3135 4618 5
3135 2050 1
3135 2042 9
3136 1953 2
3136 1400 6
3136 666 7
3136 2708 10
3137 4604 9
3137 4468 4
3137 421 7
3137 4692 4
3138 2573 8
3138 4573 8
3138 621 7
3138 4992 6
3139 1872 7
3139 3209 6
3139 4211 1
3139 992 9
3139 2078 7
3140 628 7
3140 3223 5
3140 3801 10
3140 4856 8
3141 2043 8
3141 1792 6
3141 2326 8
3141 310 2
3142 1453 4
3142 1673 9
3142 4091 1
3143 4063 7
3144 4991 1
3144 3300 7
3144 438 8
3145 2099 3
3145 2866 7
3145 1064 6
3146 487 3
3147 3354 10
3147 1282 3
3147 1127 4
3147 1516 6
3148 979 5
3148 2174 9
3148 3633 7
3148 2955 6
3149 2992 2
3149 856 6
3149 2181 3
3150 1130 8
3150 96 5
3150 1284 8
3150 4445 3
3151 3008 5
3152 1485 9
3152 4638 6
3153 2833 2
3154 2259 7
3154 3708 2
3154 4946 10
3154 1263 6
3154 4944 3
3155 4885 1
3156 4849 2
3156 2689 8
3156 2440 9
3156 1406 4
3157 3742 6
3157 4063 2
3157 2962 2
3157 2750 8
3157 304 8
3158 1603 9
3158 2122 9
3158 169 9
3158 4086 1
3159 2393 4
3160 4640 8
3160 4040 7
3161 1020 2
3161 709 4
3161 78 3
3161 3690 6
3161 592 5
3162 2482 9
3162 3488 6
3162 494 7
3162 2868 8
3163 4361 6
3163 4105 5
3163 1336 4
3164 358 10
3164 4187 4
3164 4218 3
3164 1873 9
3165 4698 2
3165 3386 1
3165 4656 8
3165 118 1
3165 4507 7
3166 4660 7
3166 118 3
3167 2074 3
3167 4569 3
3167 3791 3
3167 1940 9
3168 3013 8
3168 2685 7
3169 1747 9
3170 3372 7
3170 2100 4
3170 4628 8
3171 164 3
3171 3728 6
3171 1518 2
3171 1019 4
3172 1256 7
3172 457 4
3172 1871 1
3172 3203 10
3173 4503 3
3174 4944 9
3174 3669 3
3174 1376 4
3174 3344 10
3174 8 4
3175 482 6
3176 3300 5
3177 4513 4
3177 4483 2
3177 1796 7
3177 2413 5
3177 3473 6
3178 1081 9
3179 4661 2
3180 1213 8
3180 2292 5
3180 3647 5
3180 3124 6
3180 4446 10
3181 4253 9
3181 997 1
3181 1937 4
3181 909 1
3181 357 1
3182 4849 2
3182 3892 7
3182 3564 5
3183 1926 7
3183 288 10
3183 1075 9
3184 4305 6
3185 3830 8
3185 3746 3
3185 2556 6
3186 181 7
3186 3470 9
3186 4417 6
3186 3787 2
3186 2165 1
3187 4529 6
3187 2979 3
3187 4900 1
3187 1039 3
3188 4825 1
3188 707 7
3188 4514 9
3188 4882 8
3188 1611 2
3189 1328 5
3190 3234 1
3190 3199 3
3191 4225 10
3191 890 1
3192 1618 2
3193 4948 7
3193 2513 1
3193 3044 6
3193 718 2
3194 4667 8
3194 347 8
3195 4194 3
3195 2425 2
3195 1821 6
3195 4464 8
3195 4476 7
3196 2223 3
3196 4073 2
3197 4491 9
3197 4656 1
3197 2360 8
3197 2769 6
3197 1513 4
3198 555 2
3199 245 5
3199 449 8
3199 1653 8
3200 2672 4
3200 4251 7
3200 2369 9
3201 3506 5
3201 3511 5
3201 3768 1
3202 1059 1
3202 3001 3
3202 1313 1
3202 2392 10
3203 2421 2
3204 1068 5
3204 1714 7
3204 1225 6
3205 3070 7
3206 2729 10
3206 4920 10
3206 516 4
3207 3548 4
3207 360 7
3207 349 9
3207 4918 2
3207 1586 9
3208 1426 7
3208 1815 4
3208 4496 5
3208 951 5
3209 528 10
3209 3629 8
3209 1047 8
3209 3065 4
3210 813 9
3210 4620 8
3210 3426 9
3210 5 8
3211 1433 3
3211 164 5
3211 3095 8
3211 1610 5
3212 3566 6
3213 4898 4
3213 3890 3
3213 1028 7
3214 2055 4
3214 4014 3
3214 1600 9
3215 4949 1
3215 4557 2
3215 4876 10
3215 1893 6
3215 3000 8
3216 1398 5
3216 1885 5
3216 3743 2
3217 1265 2
3217 4633 7
3218 3780 8
3218 1576 6
3218 4875 9
3218 1529 3
3219 3908 1
3219 2578 1
3219 2904 8
3220 278 7
3220 610 7
3221 94 6
3221 425 1
3221 3439 4
3221 2936 7
3221 4645 2
3222 72 3
3222 3361 6
3223 3568 6
3223 4491 3
3224 4311 1
3224 4077 5
3225 902 8
3225 2487 6
3225 497 3
3225 1275 9
3225 3908 7
3226 1770 4
3226 3495 1
3226 3761 3
3226 4371 4
3227 2448 4
3228 4063 6
3229 2045 4
3230 2239 8
3230 2633 6
3231 4873 2
3231 3489 10
3231 2916 10
3231 3351 3
3231 2010 4
3232 4513 4
3232 3566 8
3233 4879 7
3233 1821 9
3233 4476 1
3233 610 10
3234 1587 7
3235 4939 9
3235 465 7
3235 2970 5
3235 3928 10
3236 1001 7
3236 2699 1
3236 1478 6
3236 2273 7
3236 890 4
3237 3292 3
3237 4865 8
3238 1305 4
3238 4417 6
3238 3470 5
3239 1921 2
3239 417 5
3239 3580 3
3240 2381 2
3240 1042 8
3240 3299 8
3241 2075 7
3241 2220 9
3242 1096 4
3242 4720 4
3242 1649 4
3242 4731 1
3242 379 8
3243 2634 10
3243 1614 7
3243 4961 2
3243 4311 2
3243 3479 3
3244 363 6
3245 1571 6
3245 1087 8
3245 1118 3
3245 3928 4
3246 2535 8
3246 1118 8
3246 3369 6
3247 998 8
3248 4069 1
3248 4756 4
3248 1733 10
3249 1299 10
3250 2704 5
3250 3742 7
3250 3492 5
3250 950 2
3251 712 5
3251 506 5
3252 4513 3
3252 2800 4
3252 807 9
3253 2856 10
3253 4192 1
3253 3195 8
3253 933 5
3254 4700 7
3254 4092 1
3254 1794 9
3254 3021 9
3254 3765 4
3255 2391 1
3255 4091 5
3255 1219 6
3255 776 8
3256 1177 10
3256 2149 7
3256 2480 8
3256 477 2
3256 3078 8
3257 4783 7
3257 2435 3
3257 4844 2
3257 4667 10
3257 4832 10
3258 243 3
3258 657 10
3258 2055 5
3258 3784 4
3259 2037 2
3259 860 10
3259 633 1
3259 4629 2
3259 1985 5
3260 1097 8
3260 1955 2
3261 2966 2
3261 3256 10
3261 2480 10
3261 2923 2
3261 87 4
3262 3999 7
3262 1904 1
3262 2509 3
3262 4390 2
3262 3200 1
3263 2229 1
3263 775 9
3264 906 5
3265 4177 2
3265 1517 1
3265 3755 6
3266 1728 8
3266 1800 6
3266 403 4
3266 113 3
3267 3787 10
3267 3 7
3267 2011 7
3267 4294 2
3268 646 2
3268 2979 10
3269 4787 2
3269 869 5
3269 255 6
3270 1746 9
3270 4556 3
3270 214 9
3270 4491 2
3270 2738 2
3271 263 10
3271 2915 5
3271 3009 5
3272 3268 2
3272 435 6
3272 2801 2
3272 4233 6
3272 1608 8
3273 2787 2
3273 714 5
3273 536 3
3273 2034 2
3273 3897 5
3274 4340 6
3275 134 10
3275 1680 8
3275 1060 4
3276 1041 1
3276 1448 3
3276 3969 4
3276 655 8
3277 4077 8
3278 4540 3
3278 2708 10
3278 3201 9
3279 4024 4
3279 1293 3
3280 2848 1
3280 2610 7
3281 352 5
3281 2199 4
3282 492 6
3282 593 3
3283 3997 8
3283 1670 6
3283 3414 4
3283 204 10
3284 981 1
3285 1182 5
3286 481 2
3286 4631 6
3287 99 6
3287 2059 8
3287 2830 6
3287 2335 1
3287 1192 2
3288 1463 6
3288 3653 4
3288 2399 4
3289 1748 1
3289 2232 7
3289 2064 1
3289 3665 6
3290 3688 4
3290 174 2
3290 2450 9
3290 128 6
3291 3941 3
3292 3402 2
3292 4703 10
3292 3423 7
3292 2014 3
3293 1311 10
3293 1639 6
3293 3936 8
3293 4945 8
3294 1034 5
3295 2166 8
3295 765 4
3295 3591 10
3296 2124 9
3296 528 1
3296 1978 4
3297 1951 3
3297 3661 2
3297 3544 8
3297 2014 4
3297 4722 8
3298 4046 10
3298 1998 2
3298 3265 10
3299 3541 5
3299 3094 1
3299 44 5
3299 4397 7
3300 4080 7
3300 519 10
3300 4958 3
3301 2445 3
3302 2561 4
3302 3644 6
3302 4974 7
3302 1705 4
3303 3186 8
3303 2346 1
3304 2785 4
3304 359 1
3304 4003 7
3305 4901 5
3306 359 4
3306 1553 1
3306 4288 6
3306 3900 9
3306 1497 5
3307 3489 9
3307 1858 7
3308 1977 9
3309 1227 3
3309 3019 2
3309 2643 8
3309 2988 8
3310 3659 1
3310 3795 5
3310 2594 2
3310 3296 6
3311 826 2
3311 4144 9
3311 2706 8
3311 3163 5
3311 2925 10
3312 4271 6
3313 4631 1
3314 467 10
3315 1231 6
3315 3288 2
3315 4720 10
3315 1463 8
3316 2995 9
3317 2754 3
3317 1767 5
3317 4670 3
3318 1437 5
3318 1836 10
3318 4712 1
3319 3060 10
3320 4066 9
3320 2417 10
3320 3294 6
3321 1890 4
3321 4695 7
3321 2848 5
3321 954 1
3322 4364 10
3322 4422 1
3322 3355 2
3322 657 3
3322 4532 5
3323 3349 2
3323 3856 10
3324 2799 5
3324 2354 9
3324 748 6
3324 3152 5
3325 1992 3
3325 365 6
3325 3707 10
3326 2405 9
3326 1031 9
3326 2084 9
3326 2461 2
3327 3746 10
3327 3516 5
3327 1885 9
3327 4539 7
3327 156 3
3328 3346 9
3328 3827 2
3328 4633 5
3328 4951 7
3329 4129 8
3330 1126 3
3331 2620 6
3331 1093 9
3332 376 4
3333 3078 1
3333 3074 5
3334 3427 7
3334 172 1
3335 2155 10
3336 4462 8
3336 1814 2
3336 3016 1
3337 4493 9
3337 3342 4
3338 3070 4
3338 255 2
3338 771 8
3339 2399 8
3339 758 8
3340 3810 2
3340 1464 7
3340 3799 5
3340 3039 3
3341 3811 1
3341 2920 10
3342 666 8
3342 3768 7
3342 557 5
3342 1400 6
3342 4134 8
3343 4073 5
3343 3841 3
3344 4748 6
3345 2556 8
3345 4216 8
3345 3649 3
3345 814 5
3345 3664 5
3346 4920 5
3346 2005 2
3346 2008 8
3347 4631 2
3347 86 9
3347 4689 2
3348 3536 9
3348 1417 4
3348 1313 4
3348 249 1
3349 3445 1
3349 1124 10
3349 565 1
3349 199 7
3349 1836 4
3350 2163 4
3350 642 10
3350 4837 8
3350 4233 9
3351 2331 6
3351 1858 9
3351 3454 8
3351 3211 9
3351 1836 10
3352 2100 4
3353 4852 3
3353 4342 2
3353 4195 2
3353 4703 7
3353 3847 1
3354 2512 4
3354 4657 9
3354 4215 5
3354 1619 3
3354 1542 10
3355 3192 9
3355 4585 6
3355 4383 3
3356 4645 4
3356 3464 9
3356 3021 8
3357 3241 8
3357 119 5
3358 2378 8
3358 2993 3
3358 2105 3
3358 285 5
3358 4418 1
3359 1821 8
3359 4184 1
3359 2154 7
3359 4258 3
3359 2507 1
3360 4260 3
3360 2584 2
3360 2436 2
3360 4884 10
3361 1830 4
3361 4251 5
3362 3318 10
3362 1134 4
3362 1307 9
3362 1832 4
3362 2101 1
3363 4299 7
3363 1280 5
3363 868 5
3363 844 4
3363 4935 6
3364 860 8
3364 1740 10
3364 4355 7
3364 2378 1
3364 2730 9
3365 2674 8
3365 4332 7
3365 1505 2
3366 3773 2
3367 3851 9
3367 975 10
3367 4181 2
3367 3099 8
3368 2001 2
3368 1388 9
3368 1345 7
3368 3332 7
3369 3463 10
3370 2957 5
3370 843 3
3370 476 6
3370 3768 2
3370 3892 6
3371 3213 4
3371 4212 10
3371 2173 1
3371 3691 10
3372 518 7
3372 2640 9
3372 477 2
3372 504 3
3372 2428 5
3373 3059 10
3373 1346 2
3373 762 2
3373 1377 4
3374 3294 4
3374 2822 2
3375 4731 7
3376 4980 5
3376 2458 2
3376 4542 5
3376 656 6
3377 3058 1
3377 2636 3
3377 1353 10
3378 3031 4
3378 918 8
3378 2161 5
3378 4954 10
3378 4522 5
3379 4450 5
3380 869 3
3381 196 4
3381 1861 4
3381 1224 5
3381 4763 1
3381 1171 9
3382 44 8
3382 2312 10
3382 3094 9
3383 3897 10
3383 3856 1
3383 714 10
3383 4509 7
3384 557 1
3384 3802 3
3384 418 5
3384 4708 10
3385 4105 4
3385 2737 4
3385 1432 5
3386 5 1
3386 3063 9
3386 3565 3
3387 548 5
3387 3067 6
3388 466 1
3388 4646 5
3389 839 8
3390 3705 2
3390 887 7
3390 1325 3
3390 3157 9
3390 4062 7
3391 4817 1
3391 4132 1
3391 4495 4
3391 3736 4
3392 736 10
3392 697 6
3393 89 2
3393 3901 9
3393 2851 7
3394 2862 2
3394 1152 10
3394 1341 4
3394 3317 1
3395 3613 9
3395 4836 9
3395 3331 9
3396 4830 4
3397 4540 9
3397 1517 4
3398 3146 9
3398 2768 8
3398 2886 5
3398 4345 10
3399 3163 9
3399 3659 8
3399 605 9
3399 240 2
3400 3165 2
3401 3136 8
3401 4792 9
3402 4224 1
3402 562 2
3402 2927 3
3402 814 6
3402 4072 8
3403 3445 9
3404 4147 8
3404 139 9
3405 3451 9
3405 2046 1
3405 2763 9
3405 1105 7
3405 2489 9
3406 3284 6
3406 2544 7
3406 1522 8
3406 1403 3
3406 3139 7
3407 4269 6
3407 297 8
3407 34 1
3407 2090 10
3408 3150 1
3408 3203 1
3408 632 1
3408 487 10
3409 3043 2
3409 2323 1
3409 356 10
3409 1964 6
3410 4619 4
3410 1866 10
3410 52 8
3411 1232 8
3411 2495 3
3411 770 4
3412 4023 7
3412 3157 6
3412 4063 2
3412 1157 1
3413 993 10
3414 149 6
3414 1558 1
3414 4852 1
3414 1506 3
3414 4222 6
3415 560 7
3415 4881 8
3415 1809 5
3416 635 6
3416 1621 10
3416 2449 10
3417 4504 9
3417 3232 9
3417 4271 10
3417 2113 9
3418 3934 1
3418 3186 10
3419 4602 4
3419 1810 1
3420 2627 3
3420 1890 3
3420 2670 7
3421 2234 7
3421 2025 10
3421 3416 4
3422 4738 9
3422 950 7
3423 4072 5
3423 1601 3
3423 814 3
3424 753 7
3424 3446 1
3424 3511 9
3424 645 1
3425 3786 7
3426 3255 4
3426 2853 7
3426 435 2
3427 502 7
3428 3494 5
3428 1026 6
3428 3136 6
3428 1636 8
3429 3935 4
3430 2689 2
3430 755 9
3430 3546 9
3430 1925 9
3430 1071 7
3431 3358 2
3431 2929 6
3432 2696 1
3432 3341 10
3432 768 1
3433 1313 4
3434 108 3
3434 2382 8
3434 4187 2
3434 2816 2
3435 1687 10
3435 297 2
3435 2374 4
3435 3749 10
3436 4836 2
3436 3608 2
3437 781 5
3438 3057 1
3439 303 2
3440 2297 9
3440 624 2
3440 765 1
3440 1679 8
3440 708 3
3441 832 9
3441 3129 7
3441 1451 8
3441 2860 6
3441 4578 3
3442 597 6
3442 4559 3
3442 2045 3
3443 1097 10
3444 4965 1
3444 1402 9
3445 1417 5
3445 413 5
3445 2586 3
3445 1310 10
3445 3668 6
3446 2934 5
3446 1517 4
3447 1339 6
3448 2455 5
3448 3609 4
3449 2915 5
3449 1851 4
3449 2584 10
3449 2190 3
3449 4538 4
3450 4862 2
3450 3535 9
3450 4318 7
3450 931 1
3451 1417 3
3451 1415 8
3451 3318 10
3452 555 8
3452 2829 7
3452 914 9
3452 2671 1
3453 4218 10
3453 2844 3
3453 2793 8
3453 3724 3
3454 841 4
3454 1596 8
3454 1282 5
3454 3559 6
3455 3188 7
3456 547 9
3456 2172 9
3456 3162 2
3456 1097 3
3456 1261 1
3457 1200 2
3458 1933 5
3458 3481 1
3458 1755 7
3458 2783 9
3459 247 3
3459 3334 4
3459 1624 8
3459 172 5
3459 2997 6
3460 1094 5
3460 3339 5
3460 4086 6
3460 1535 5
3461 76 3
3461 3897 4
3461 481 3
3461 1712 2
3462 712 2
3462 4669 7
3462 1955 2
3463 4859 5
3463 2552 2
3464 4802 7
3464 1758 6
3465 2983 2
3466 3951 2
3466 220 4
3467 2025 2
3467 1684 6
3467 2184 8
3467 4336 3
3468 3523 6
3468 2114 7
3468 72 10
3468 3095 6
3468 2736 2
3469 2623 5
3469 3885 6
3469 165 5
3469 4143 1
3470 2310 6
3470 4448 8
3470 3493 6
3470 3951 1
3470 1260 1
3471 3708 6
3471 1911 6
3471 8 4
3471 4030 6
3471 1448 2
3472 4654 9
3472 4204 4
3472 4729 6
3472 1255 1
3472 4562 10
3473 1020 5
3473 3827 9
3473 3531 6
3473 4992 9
3474 1745 7
3475 4297 8
3476 4657 9
3476 3199 7
3476 4773 8
3477 3051 6
3477 2708 1
3477 1925 4
3477 2681 8
3477 4574 7
3478 4494 9
3478 4271 9
3478 1795 4
3479 1926 9
3479 1277 9
3480 886 6
3480 3317 10
3480 3394 9
3480 2765 5
3480 2086 6
3481 3625 1
3481 2016 2
3482 41 9
3482 3702 2
3482 4100 6
3482 1602 5
3483 1885 3
3483 4411 4
3483 4745 5
3483 2034 2
3484 4054 6
3484 2504 3
3484 1339 4
3484 2936 6
3485 245 10
3485 3112 9
3485 2929 3
3485 2184 9
3486 2432 9
3486 4625 7
3486 4287 7
3487 2909 5
3488 4612 8
3489 1832 2
3489 4288 6
3490 1175 6
3490 4899 10
3490 2960 8
3490 3617 4
3491 594 9
3491 1299 6
3491 1275 8
3491 3702 10
3491 3747 6
3492 4667 6
3492 1509 2
3492 3681 1
3492 3013 6
3492 3684 7
3493 2580 1
3493 2760 5
3493 2139 7
3493 2906 7
3493 4700 9
3494 2471 9
3494 2587 2
3494 1182 4
3494 351 6
3494 3823 8
3495 602 3
3495 2252 5
3495 2395 7
3495 674 10
3496 2808 9
3497 1493 8
3497 1947 9
3498 4021 2
3498 2729 5
3498 2255 10
3499 2611 3
3500 3506 1
3500 1704 5
3500 3182 4
3500 2485 1
3501 3355 8
3501 1466 7
3501 2747 6
3502 1967 6
3502 1636 8
3502 486 1
3502 3511 8
3502 3556 7
3503 1536 4
3503 275 10
3503 2448 2
3503 2473 4
3503 1590 9
3504 4160 2
3504 4264 3
3504 1006 6
3504 4464 9
3505 341 8
3505 4627 5
3505 1958 5
3505 2596 8
3505 2456 7
3506 2957 1
3506 1505 4
3506 3995 4
3506 4836 7
3506 2674 7
3507 4164 4
3507 4714 2
3507 3001 10
3507 4652 9
3508 4925 2
3508 2524 6
3508 4194 1
3508 2262 1
3508 255 3
3509 3227 6
3509 1064 2
3509 3200 8
3509 3561 6
3509 280 10
3510 4151 9
3510 238 2
3510 2445 9
3510 4290 7
3511 3648 10
3511 2333 6
3511 3871 3
3511 2681 4
3511 248 6
3512 3454 8
3513 3740 4
3513 1000 3
3513 2447 5
3513 3722 7
3514 1538 2
3514 1197 6
3514 4437 2
3514 3689 5
3514 3561 6
3515 2098 4
3515 299 2
3515 1078 1
3515 108 4
3515 2576 6
3516 1910 4
3516 2845 5
3516 559 8
3517 326 10
3517 249 8
3518 1399 5
3518 873 6
3518 4578 3
3518 1636 1
3518 2485 9
3519 3779 3
3519 3901 4
3519 3731 9
3519 4666 1
3519 4382 3
3520 743 10
3520 2383 7
3520 2190 7
3520 1578 1
3520 4632 4
3521 4977 7
3521 20 8
3522 2706 7
3523 4839 9
3523 728 4
3523 162 1
3523 1437 7
3524 3254 6
3525 840 9
3525 4229 1
3525 2595 10
3525 1744 7
3525 4288 5
3526 1701 5
3526 4465 5
3527 1277 10
3527 2225 5
3527 1355 3
3527 4152 4
3528 4333 10
3528 3064 2
3529 3669 8
3529 1696 8
3529 4768 9
3529 3270 2
3529 3276 10
3530 2830 1
3530 2991 8
3531 709 3
3531 3498 8
3532 2717 7
3532 115 9
3532 4014 8
3532 4246 8
3532 4421 4
3533 937 2
3533 3708 6
3533 4065 1
3533 4864 3
3533 1371 9
3534 2841 8
3534 3964 10
3534 551 9
3535 3743 8
3535 3207 1
3535 1910 8
3536 101 9
3536 1777 5
3536 4994 5
3536 4215 6
3537 1152 4
3537 3488 7
3537 4882 1
3537 3597 3
3537 4506 9
3538 2270 8
3538 240 10
3539 2103 2
3540 1968 1
3540 3148 9
3540 2612 6
3540 2732 10
3540 3329 7
3541 923 8
3541 2402 3
3542 4748 3
3542 674 7
3543 2635 4
3543 4091 6
3544 148 10
3544 4889 3
3544 2849 2
3544 2812 5
3545 1227 2
3545 1299 4
3545 3787 6
3545 1339 6
3545 639 10
3546 2890 6
3546 741 4
3546 1079 2
3546 3154 4
3547 2808 9
3547 3196 1
3547 3731 3
3548 2371 6
3549 712 6
3549 454 1
3549 1257 6
3550 3292 9
3550 31 2
3550 2278 10
3550 960 8
3550 668 4
3551 3058 6
3552 4325 9
3553 2485 6
3553 3645 9
3553 1505 5
3553 371 3
3554 2905 8
3554 2050 6
3555 4077 8
3555 3491 7
3555 1978 10
3555 4559 6
3555 3487 5
3556 1925 9
3557 2551 2
3558 2289 3
3559 3561 1
3560 1382 6
3560 2223 5
3561 4421 5
3561 4829 2
3561 1519 6
3562 3403 9
3562 250 2
3562 1712 9
3562 569 7
3562 76 10
3563 3093 9
3563 2734 9
3563 4260 3
3563 619 7
3564 2296 10
3564 3384 1
3564 4840 9
3564 1505 6
3564 3935 1
3565 3761 1
3565 1756 9
3566 1369 8
3567 1872 3
3567 3981 4
3567 1198 4
3568 4374 9
3568 3801 5
3568 836 1
3569 4935 7
3569 3114 8
3569 1886 10
3569 3664 3
3569 3730 10
3570 1293 4
3570 2262 5
3570 3675 7
3570 1029 10
3571 2503 3
3571 2056 3
3571 2893 8
3571 3431 9
3572 440 6
3572 3222 8
3572 4424 7
3572 164 2
3573 2436 7
3573 4692 2
3573 2284 9
3573 3541 3
3573 4654 2
3574 4585 1
3574 4734 6
3575 441 4
3575 3613 10
3575 752 2
3575 4892 2
3576 3181 4
3577 3759 5
3577 2808 10
3577 1846 8
3578 1231 9
3578 1675 7
3578 1322 10
3578 3972 5
3579 978 6
3579 2554 2
3579 4638 2
3579 725 10
3579 1996 10
3580 3994 2
3580 1393 1
3580 1459 2
3580 3558 10
3580 2798 6
3581 1740 5
3582 4244 10
3583 3322 3
3583 119 3
3583 2239 5
3583 508 2
3583 1082 1
3584 992 7
3584 2832 8
3584 4010 2
3584 3702 10
3584 2734 1
3585 4757 9
3586 94 10
3586 4457 2
3586 3854 10
3586 1254 5
3586 4054 6
3587 3474 4
3587 1058 9
3588 3478 4
3588 2313 3
3588 4363 5
3588 2771 3
3589 2677 3
3590 4263 3
3590 3281 2
3590 2812 1
3590 488 4
3591 3496 5
3591 1644 5
3591 3537 8
3591 2778 2
3591 2679 4
3592 2126 7
3592 1399 2
3592 2957 8
3592 1967 5
3593 1225 10
3593 7 7
3593 1260 2
3593 234 9
3594 650 6
3594 4203 5
3594 3063 6
3595 568 1
3595 3852 9
3595 94 5
3595 3238 8
3595 4165 4
3596 1985 4
3596 2633 6
3596 1755 2
3597 1672 5
3597 605 10
3597 546 8
3597 3810 4
3597 4805 5
3598 2250 6
3598 2391 10
3599 1485 1
3599 4102 6
3600 1003 2
3600 2377 2
3600 228 9
3601 409 5
3602 1650 1
3603 3774 8
3603 2254 1
3603 3369 2
3603 2199 8
3604 4495 4
3604 7 1
3604 3225 2
3605 3129 9
3606 4640 2
3606 4347 7
3606 2054 9
3607 4843 1
3607 4917 2
3607 3360 8
3607 3926 8
3608 2564 8
3608 2836 1
3608 655 9
3609 658 8
3609 751 4
3609 3659 5
3610 2990 6
3610 1542 1
3610 4657 5
3610 4392 4
3610 2295 9
3611 932 5
3611 4680 9
3611 4492 1
3611 1808 4
3611 3454 5
3612 4850 1
3612 4146 9
3612 3163 5
3613 2054 8
3613 3469 2
3613 1263 9
3613 866 3
3613 4725 6
3614 3021 3
3614 3381 3
3614 3867 5
3615 753 4
3616 4542 4
3616 4406 1
3617 1770 10
3617 2104 8
3618 844 6
3618 1398 2
3618 3928 9
3618 4287 1
3619 3133 2
3619 2257 9
3619 4639 1
3619 2685 8
3619 4983 8
3620 2013 4
3620 2672 2
3620 3917 10
3620 3638 2
3621 2993 2
3621 657 3
3621 3208 2
3621 4829 7
3622 1925 5
3622 1043 8
3622 3506 4
3622 116 9
3623 798 6
3623 2471 2
3623 2328 2
3624 1615 7
3624 917 10
3624 4899 7
3624 2941 3
3624 4748 5
3625 2287 4
3626 190 10
3626 508 5
3626 280 9
3626 2094 6
3627 1079 6
3627 1463 8
3627 3568 10
3628 3684 3
3628 2316 8
3628 357 10
3628 70 2
3629 3695 9
3629 3773 3
3629 896 10
3630 999 1
3631 12 7
3631 2056 10
3631 3742 2
3632 4979 7
3633 4129 9
3634 4960 6
3634 4806 2
3634 1764 2
3635 4657 9
3635 4372 5
3635 2323 4
3635 2705 2
3635 2467 6
3636 4042 5
3636 4858 9
3637 3453 5
3637 1423 7
3638 9 1
3638 4960 8
3639 4190 3
3639 2471 9
3639 3950 5
3640 186 3
3640 503 8
3640 842 3
3641 3652 9
3641 462 5
3641 4058 10
3641 1663 6
3641 2448 8
3642 4553 1
3642 4755 3
3642 3255 4
3642 742 9
3643 4046 8
3643 2578 4
3643 651 9
3643 170 7
3643 2215 3
3644 172 4
3644 1636 2
3644 1288 5
3645 752 2
3645 557 1
3645 4391 7
3645 2885 5
3645 1400 6
3646 4944 7
3646 1681 7
3647 2796 10
3647 1579 6
3647 2952 7
3648 118 5
3648 3885 4
3648 3871 4
3649 3483 5
3649 4174 8
3649 4173 6
3649 4312 6
3649 2556 1
3650 3257 10
3650 1380 1
3650 356 1
3650 1130 5
3651 3641 7
3651 1174 2
3651 101 8
3651 227 5
3652 3696 9
3652 887 3
3653 4906 5
3653 4554 3
3653 830 9
3653 802 2
3654 3738 1
3655 4349 1
3656 1473 4
3656 2753 7
3657 3180 2
3657 3103 8
3658 3781 4
3659 45 2
3659 429 7
3659 2516 9
3660 2350 2
3660 3323 2
3661 3345 9
3661 1885 10
3662 4371 3
3662 4772 8
3662 3174 4
3663 2455 7
3663 2948 4
3663 4936 6
3663 1719 5
3663 3541 10
3664 4995 4
3664 844 10
3664 3830 3
3665 3976 9
3666 3972 6
3666 428 2
3666 3542 10
3666 839 3
3667 1352 1
3667 1444 8
3667 1810 2
3667 4855 9
3668 101 4
3669 4040 1
3669 2725 9
3669 1960 2
3669 3968 9
3670 2927 10
3670 2788 7
3670 2204 8
3671 1071 10
3672 3371 2
3672 1304 10
3672 1601 8
3672 4037 6
3673 4297 8
3674 1470 9
3674 3561 2
3674 2654 6
3675 3811 3
3676 3185 7
3676 4219 5
3676 844 4
3676 4567 7
3676 4546 7
3677 902 5
3678 2645 8
3678 29 1
3678 3228 8
3679 4885 7
3679 1638 6
3679 3951 9
3679 2450 5
3679 1872 8
3680 1326 8
3680 474 9
3681 1560 7
3681 4163 8
3681 875 3
3682 3554 8
3682 1631 8
3682 23 5
3682 3452 4
3683 2190 9
3683 736 2
3683 4858 4
3683 1392 1
3683 2470 5
3684 1560 9
3684 3253 7
3685 4092 6
3686 231 1
3686 3398 3
3686 4714 8
3686 1364 6
3686 1583 9
3687 844 9
3687 2153 10
3687 1000 3
3687 1028 4
3687 3402 2
3688 1011 9
3688 2190 5
3688 2824 3
3688 3457 10
3688 855 7
3689 4355 5
3689 3876 8
3690 3790 6
3690 4073 9
3690 1358 1
3691 3551 7
3691 4072 10
3691 4935 3
3691 3815 1
3691 2515 1
3692 3858 5
3693 1385 1
3693 119 9
3693 2094 2
3693 355 10
3693 1836 10
3694 4342 7
3694 3633 8
3695 2948 3
3695 4683 8
3695 2080 10
3695 4139 3
3695 3392 10
3696 3157 8
3696 1210 3
3696 3181 8
3696 4960 9
3697 101 4
3697 2897 1
3697 3561 6
3697 249 1
3698 4930 8
3698 3087 8
3699 1644 7
3700 4921 8
3701 3051 4
3701 927 7
3701 2303 8
3701 2691 1
3701 2631 3
3702 1499 2
3703 2540 3
3703 4278 7
3704 3290 1
3705 2786 4
3705 1361 7
3705 1560 5
3706 476 10
3706 4118 9
3706 1362 7
3707 1468 7
3707 1764 2
3707 1600 3
3708 3255 2
3708 4947 5
3709 2013 3
3710 2681 3
3710 2997 6
3710 4642 8
3711 3892 7
3711 3365 8
3712 4765 6
3712 234 5
3712 899 2
3712 1225 9
3713 1411 7
3714 4961 6
3714 3163 7
3714 2798 7
3714 792 5
3715 1335 9
3715 2075 10
3715 3552 6
3715 1385 3
3716 1866 8
3716 4383 9
3716 3157 8
3716 312 2
3716 3684 4
3717 936 1
3717 4129 9
3717 1761 2
3717 1747 3
3717 3694 2
3718 1861 7
3718 2907 10
3718 4763 7
3719 336 7
3719 3312 10
3719 4351 8
3719 2389 5
3719 599 9
3720 895 6
3720 4763 3
3720 1605 4
3721 2129 4
3722 979 3
3722 3976 3
3723 1313 8
3723 3433 3
3723 943 5
3723 1125 2
3723 2680 6
3724 2007 8
3725 4843 2
3725 736 6
3725 3793 6
3726 2489 5
3726 2199 4
3727 1937 10
3727 2051 1
3727 206 9
3728 4811 4
3728 635 9
3728 4653 5
3729 1662 1
3729 3426 3
3729 1749 9
3730 3101 7
3730 4741 7
3730 1196 2
3730 3945 5
3731 3366 4
3731 675 4
3732 3131 5
3732 2139 2
3732 4974 4
3732 4528 3
3732 351 8
3733 3516 7
3733 4745 5
3733 975 8
3733 1593 3
3733 4995 2
3734 1512 8
3735 1756 10
3735 2391 4
3735 3646 8
3736 94 9
3736 3541 10
3737 2742 7
3737 3535 10
3737 3463 9
3738 2617 9
3738 2809 2
3738 2772 5
3738 2387 9
3738 1822 8
3739 4015 10
3739 1281 3
3740 833 5
3740 4338 5
3740 16 5
3740 3377 7
3741 2598 1
3741 4004 9
3741 2165 4
3741 1334 3
3742 2507 9
3742 4723 1
3742 4184 4
3742 48 9
3743 2922 10
3743 3199 7
3743 1712 10
3743 533 8
3744 3902 6
3744 1910 9
3744 1627 2
3745 4889 5
3745 936 9
3746 3476 2
3746 3086 9
3747 433 9
3747 1967 10
3748 3166 3
3749 1537 4
3750 3557 3
3750 3566 1
3750 4298 3
3751 848 9
3751 2002 9
3751 1412 10
3751 4594 5
3752 1714 5
3752 3413 7
3752 4397 6
3753 3247 1
3753 2869 2
3753 2383 3
3754 4110 4
3754 497 1
3755 2508 10
3755 1636 4
3756 755 8
3756 418 1
3757 802 3
3757 2174 10
3757 1118 3
3757 439 5
3758 4667 10
3759 3224 6
3759 2149 9
3759 495 6
3759 4885 1
3759 2986 4
3760 3587 2
3760 215 2
3760 2135 4
3761 674 1
3761 193 8
3761 3964 6
3761 4233 5
3762 3374 7
3763 4127 10
3763 1351 3
3763 3847 6
3763 3083 10
3763 4596 8
3764 1685 4
3764 1772 10
3764 3786 10
3764 2748 3
3764 1689 9
3765 832 3
3765 572 3
3765 757 8
3765 4979 9
3765 2578 9
3766 1688 1
3766 2335 9
3767 199 5
3767 4617 2
3767 648 1
3767 1134 8
3767 1372 9
3768 968 9
3768 3885 8
3768 1844 5
3768 655 10
3769 2615 6
3769 2800 3
3769 412 1
3769 1485 10
3769 203 8
3770 12 4
3771 4844 6
3772 612 6
3772 2582 2
3773 7 1
3773 287 5
3773 1444 1
3773 4831 7
3774 4411 6
3774 4567 3
3774 3246 5
3774 1627 1
3775 3329 6
3775 1694 6
3775 98 9
3775 1662 10
3775 2169 5
3776 3702 2
3776 1355 8
3777 697 7
3777 4227 4
3778 3806 6
3778 2890 7
3778 460 9
3779 4218 3
3779 4110 5
3780 2019 4
3780 1392 9
3780 751 7
3780 2953 7
3781 4175 7
3781 1113 4
3782 3102 6
3782 4610 6
3782 2921 6
3782 22 2
3783 772 5
3783 4835 1
3783 1673 2
3783 2232 7
3783 297 8
3784 4445 7
3784 2035 10
3784 2013 3
3784 3168 5
3784 2704 1
3785 367 5
3785 1963 8
3785 252 6
3785 3957 1
3785 3707 2
3786 40 7
3787 4817 9
3787 1271 4
3788 2698 6
3788 2345 10
3788 2302 6
3789 3281 9
3789 349 2
3789 481 2
3789 2970 9
3790 1776 5
3791 3270 5
3792 4427 9
3793 2396 6
3793 2504 8
3793 619 6
3793 3848 2
3794 2612 3
3795 1894 6
3795 3943 1
3795 2116 1
3795 2816 5
3795 4593 4
3796 497 10
3796 3334 6
3796 3765 5
3796 3225 1
3796 2150 6
3797 3584 8
3797 4821 2
3798 1384 6
3798 387 2
3798 2918 2
3799 89 6
3799 3376 3
3800 2375 9
3800 3329 9
3800 2720 5
3800 1909 4
3800 4379 2
3801 2971 6
3801 4720 8
3802 4772 4
3803 4798 6
3803 2837 6
3803 4995 10
3804 2422 1
3804 329 10
3804 3131 9
3804 3736 8
3804 1031 3
3805 3392 7
3806 3546 8
3806 165 9
3806 4477 6
3807 2306 7
3807 1288 10
3807 6 10
3807 3342 9
3807 467 6
3808 477 8
3809 3095 1
3809 3758 8
3809 4845 5
3809 2911 4
3810 1249 8
3810 3209 6
3811 1369 8
3811 4570 9
3812 4462 9
3812 974 5
3812 708 10
3813 4343 1
3813 1714 4
3814 1816 4
3814 3431 2
3815 1571 8
3815 714 1
3815 2543 2
3816 3159 5
3817 3908 2
3818 727 8
3818 4305 8
3818 2814 3
3818 4448 5
3819 431 8
3819 1483 4
3819 954 8
3819 1651 8
3819 3738 2
3820 3969 9
3820 1342 10
3820 2960 6
3820 4842 2
3821 1074 6
3822 3259 5
3823 3540 3
3823 650 6
3823 3646 5
3823 4086 7
3824 1992 9
3824 3559 6
3824 3362 4
3824 3099 10
3825 4265 9
3825 3429 7
3825 3710 1
3826 996 3
3826 2524 5
3827 831 5
3828 4879 9
3829 4245 7
3829 634 7
3830 2114 2
3830 3921 2
3831 2107 9
3832 136 1
3832 1252 10
3833 3079 7
3833 1178 9
3834 3480 2
3834 1679 2
3834 1739 7
3834 2194 5
3835 3719 7
3835 186 7
3835 2854 6
3835 2987 10
3835 756 4
3836 1223 1
3836 4566 3
3836 3220 9
3836 2811 7
3836 4530 8
3837 1343 10
3837 2829 4
3837 2313 1
3837 1580 8
3837 1046 4
3838 227 10
3839 2253 3
3839 1133 10
3839 2822 2
3840 363 1
3840 1494 3
3840 1384 8
3841 3934 5
3841 2729 3
3842 2768 7
3842 2409 9
3843 4755 3
3843 4127 2
3843 1749 5
3843 2528 10
3844 2214 3
3844 4634 4
3844 1025 9
3844 4160 1
3844 1745 2
3845 3413 3
3846 668 4
3846 2661 1
3846 2725 4
3846 4458 9
3847 2362 4
3847 3363 8
3847 2454 10
3847 2963 6
3847 4224 4
3848 3024 5
3848 4790 9
3848 923 3
3849 1618 9
3850 1544 1
3850 2992 5
3850 3440 4
3850 366 5
3851 164 8
3851 1417 1
3851 2409 2
3851 1125 7
3852 105 8
3852 1200 6
3852 1299 2
3852 4678 5
3853 592 6
3853 1679 1
3853 336 5
3853 1685 7
3853 3690 6
3854 1835 8
3854 1729 6
3854 3466 5
3855 488 9
3855 3190 10
3855 3028 8
3856 1114 9
3856 2845 4
3856 1497 10
3856 3404 1
3856 2835 7
3857 4272 1
3857 4579 3
3858 3506 3
3858 3174 3
3858 3115 9
3859 3945 10
3859 3086 1
3859 2034 6
3859 4355 6
3860 2771 2
3860 4618 7
3861 3175 5
3862 3852 3
3862 2945 1
3862 4218 10
3863 1601 5
3863 4778 2
3864 4981 10
3864 1232 3
3865 3708 10
3866 482 8
3866 78 1
3866 526 2
3867 837 3
3867 1306 4
3867 2710 2
3867 497 10
3867 1067 2
3868 2894 5
3868 2719 1
3868 706 9
3869 326 7
3869 4631 10
3870 2905 5
3870 3069 4
3870 2822 2
3870 3478 5
3870 883 2
3871 3969 2
3872 1510 3
3872 2612 5
3872 3490 7
3873 4937 6
3873 3414 9
3873 4906 8
3874 4229 4
3874 3202 5
3874 4136 7
3874 4345 5
3874 4390 5
3875 62 2
3875 2570 5
3875 3969 6
3875 254 3
3875 3062 1
3876 3253 3
3877 4280 4
3877 1412 10
3878 441 6
3878 1202 9
3878 2674 5
3879 923 9
3879 3527 10
3880 4623 2
3880 3722 8
3880 1575 7
3880 3890 8
3881 2448 4
3881 1480 6
3881 2509 8
3881 1852 4
3881 1174 5
3882 4101 7
3882 4066 2
3883 599 3
3883 1988 1
3883 345 2
3883 4819 6
3883 217 6
3884 1087 10
3884 4031 8
3885 1376 7
3885 2395 6
3885 1681 3
3886 1623 7
3887 505 8
3888 4767 10
3888 3212 3
3888 599 8
3888 3496 10
3889 4855 4
3890 1282 5
3890 932 7
3890 963 3
3891 2543 3
3891 1799 9
3891 1313 4
3892 3995 7
3892 1093 7
3892 3395 1
3892 3469 10
3892 4436 7
3893 1042 1
3894 2630 2
3894 1775 6
3894 895 3
3894 4077 3
3894 2156 6
3895 1403 7
3895 3303 7
3895 541 2
3895 940 6
3896 3214 7
3896 2633 6
3896 1777 2
3896 4424 1
3896 1904 7
3897 4712 9
3897 1437 5
3897 4147 3
3898 1003 3
3899 1731 1
3900 1777 3
3901 3427 4
3901 4654 6
3901 1299 7
3901 3797 3
3902 4130 8
3903 3947 8
3903 2007 9
3903 2375 9
3903 4135 6
3904 2582 6
3904 3220 3
3905 1156 9
3905 3506 10
3905 3010 5
3905 2997 2
3906 3942 5
3906 4623 8
3906 960 8
3906 4178 8
3907 3047 2
3907 972 1
3907 4077 8
3908 3511 1
3909 4255 2
3910 3454 7
3910 1194 1
3910 643 2
3910 1884 5
3910 4968 8
3911 4269 10
3911 881 5
3912 4086 5
3912 866 7
3912 758 1
3912 3210 10
3913 4729 9
3913 2972 10
3914 2612 8
3915 2726 4
3915 139 8
3915 2608 9
3916 4725 10
3916 2006 9
3916 3729 3
3917 1246 2
3917 3681 1
3918 949 2
3918 540 6
3918 861 7
3919 1491 10
3919 949 5
3919 1469 4
3920 3985 2
3920 688 6
3920 1695 3
3920 804 4
3921 4420 10
3921 2251 10
3921 4047 4
3921 2327 1
3922 3281 8
3922 4610 1
3923 3381 7
3924 4565 1
3924 176 6
3924 3726 6
3924 1114 10
3925 2402 7
3925 4332 5
3925 713 10
3925 1011 5
3926 1076 5
3927 3622 7
3927 4884 9
3927 4448 7
3927 2139 9
3927 4646 5
3928 925 10
3928 3199 7
3928 4657 4
3928 2845 1
3929 4339 5
3930 4818 5
3930 802 7
3930 1040 2
3931 3823 8
3931 3360 2
3932 1242 8
3932 4926 1
3932 3074 4
3932 4733 9
3933 777 7
3933 3658 6
3933 2658 2
3933 2566 8
3933 4040 10
3934 4343 6
3934 1835 8
3935 1054 2
3935 3270 4
3935 2941 10
3936 3596 3
3936 2373 3
3937 1097 6
3938 4259 3
3938 4915 1
3938 3732 9
3938 4094 9
3939 2701 5
3940 2807 10
3941 3774 1
3941 3694 10
3942 4498 6
3943 1232 9
3943 2078 9
3944 154 4
3944 1058 9
3944 3195 6
3944 166 2
3945 4323 1
3945 735 7
3945 245 5
3945 271 8
3945 3767 1
3946 758 4
3946 833 10
3947 4189 9
3948 2079 7
3949 904 6
3949 3727 5
3949 3826 9
3950 6 9
3950 1694 9
3950 4725 7
3950 1202 7
3951 3464 8
3951 1907 7
3951 502 6
3951 2611 6
3952 3458 5
3953 2409 3
3953 2688 9
3953 4181 8
3953 2645 6
3954 4836 8
3954 3780 5
3954 1178 6
3954 1953 5
3955 3973 4
3956 4558 1
3956 388 6
3956 1719 1
3957 4062 3
3957 405 2
3957 4753 2
3957 549 3
3958 161 6
3958 3861 10
3958 1045 6
3958 1631 9
3958 1137 2
3959 4816 7
3959 388 2
3959 3756 2
3959 1469 5
3959 2714 8
3960 4572 3
3960 3152 4
3960 259 10
3960 4695 5
3961 1350 9
3961 3469 1
3961 1771 5
3962 2071 8
3962 382 1
3962 4262 5
3962 1172 5
3963 2308 6
3963 2992 5
3963 438 9
3964 3976 7
3965 1869 5
3965 442 10
3965 2275 10
3966 1706 6
3966 506 5
3966 1890 3
3967 501 3
3967 4806 2
3967 4723 10
3968 1957 10
3968 3375 7
3968 1954 5
3968 3594 6
3968 2677 7
3969 758 5
3969 3329 7
3969 2677 8
3969 143 7
3970 883 8
3970 3419 10
3970 240 1
3970 1352 3
3971 3648 4
3971 4114 2
3972 106 8
3972 1848 2
3972 4549 6
3972 2712 7
3972 3816 6
3973 3740 9
3973 2791 4
3974 2161 2
3974 4768 2
3974 4907 7
3974 4443 6
3974 2976 3
3975 1554 2
3975 3416 7
3975 1619 9
3975 586 6
3975 3454 4
3976 4933 4
3976 279 9
3976 1430 8
3976 3649 7
3977 7 9
3978 4362 8
3978 378 8
3979 1946 10
3979 277 1
3979 297 4
3979 1704 2
3979 3331 7
3980 2273 6
3980 3077 2
3981 2977 3
3982 1328 4
3983 2910 1
3983 4844 4
3984 1224 1
3984 4191 5
3984 697 6
3984 3021 8
3984 2355 8
3985 875 2
3986 1969 1
3987 2920 3
3987 2191 1
3987 4908 4
3987 4467 3
3988 4784 5
3988 4540 4
3989 1913 5
3990 816 8
3990 443 7
3991 3950 9
3991 24 1
3991 1288 5
3991 4156 7
3991 3575 5
3992 394 2
3992 1009 5
3993 4755 3
3993 4458 4
3993 3617 10
3993 3059 3
3994 49 9
3995 2400 6
3995 4522 7
3995 1004 9
3996 2966 6
3996 526 4
3997 1280 8
3997 4703 4
3998 2504 8
3998 1728 2
3998 1500 2
3998 4877 8
3999 154 5
3999 463 7
3999 3205 9
3999 2633 5
4000 1910 5
4000 3101 10
4000 4706 9
4001 3823 8
4002 4313 7
4002 4752 1
4002 4417 1
4003 1311 2
4004 2578 1
4004 4454 8
4004 1200 10
4004 4840 3
4004 395 7
4005 1089 2
4006 2265 2
4006 2953 2
4006 3510 3
4007 11 2
4007 1569 2
4007 1059 4
4008 4711 2
4008 3154 8
4008 4772 7
4008 4942 6
4009 1325 9
4009 3705 1
4009 4392 6
4010 1861 7
4010 2019 10
4010 4702 2
4010 1224 9
4011 3781 6
4011 4935 8
4012 1182 9
4012 3608 7
4012 4649 4
4012 418 10
4013 1576 5
4013 212 9
4013 4989 5
4013 1232 2
4013 4831 10
4014 1035 2
4014 4388 2
4014 154 2
4014 4003 9
4015 4666 4
4016 3036 8
4016 3610 1
4017 228 8
4017 339 6
4018 4391 7
4018 2620 6
4019 4533 6
4019 2106 7
4019 3148 8
4019 4040 10
4020 3401 9
4020 3182 7
4020 1115 8
4020 524 6
4021 4510 10
4021 3191 1
4021 1204 1
4022 2423 5
4022 155 3
4022 2712 8
4022 2788 6
4023 4373 10
4024 2621 8
4024 474 1
4024 2207 2
4024 4230 3
4025 1542 9
4025 3374 5
4025 4845 2
4026 2565 6
4026 4044 6
4027 3569 8
4027 4852 6
4027 4567 2
4027 3369 10
4027 3559 6
4028 1041 6
4028 2320 3
4028 4108 2
4028 1960 7
4029 2293 5
4030 1575 4
4030 4269 6
4030 4200 1
4031 710 7
4031 355 3
4031 2998 10
4032 1796 2
4032 3080 9
4033 2234 7
4033 2075 9
4033 1017 3
4034 1483 5
4034 3153 3
4034 217 4
4034 591 3
4034 175 6
4035 4021 7
4035 831 8
4035 3527 3
4036 1305 10
4036 751 3
4036 4054 7
4036 480 3
4036 2139 2
4037 4312 3
4037 2089 6
4037 1879 2
4038 441 8
4038 4030 5
4038 1071 7
4039 482 6
4039 3153 6
4040 2702 9
4040 4522 3
4040 2652 1
4041 3582 7
4041 3253 10
4041 4196 10
4041 2143 3
4042 1003 4
4042 1495 6
4042 3401 5
4042 736 2
4042 1507 5
4043 4944 8
4043 4455 7
4043 2367 4
4043 1079 10
4043 813 1
4044 4960 3
4044 1764 10
4044 3517 3
4044 1307 3
4044 1569 1
4045 4167 4
4045 3496 7
4046 4443 1
4046 3666 4
4046 1473 7
4046 3165 2
4046 1263 3
4047 1596 2
4047 3348 6
4048 1924 6
4048 1648 9
4048 2962 7
4048 3696 1
4048 3241 5
4049 3299 9
4049 3885 3
4050 4752 8
4050 1993 6
4050 3531 8
4050 503 8
4051 4600 5
4051 4187 9
4052 4444 2
4053 1199 8
4053 3262 3
4053 2109 2
4053 4155 2
4053 4873 4
4054 2567 6
4054 797 9
4055 3678 9
4055 3143 8
4055 1834 8
4056 3174 10
4056 4836 6
4056 3010 6
4056 1178 2
4056 3270 1
4057 3648 10
4057 4046 10
4058 4747 9
4058 2872 5
4058 2075 6
4058 3421 9
4058 3195 2
4059 4118 1
4059 4179 4
4059 1164 3
4059 4098 10
4060 1836 7
4060 60 4
4060 3535 7
4060 3086 10
4060 4651 4
4061 2055 6
4061 2747 9
4061 1910 2
4062 4024 9
4063 3828 10
4063 1559 7
4063 3269 9
4064 1498 2
4065 1040 5
4065 776 9
4066 2170 5
4066 343 9
4067 1361 8
4067 48 9
4067 4673 2
4067 2507 10
4067 4024 4
4068 418 3
4068 4840 7
4068 4581 2
4068 572 8
4069 2807 8
4069 1438 2
4069 2105 9
4069 2325 1
4070 2675 1
4071 3934 8
4071 4882 3
4071 2808 8
4071 2558 6
4071 1358 9
4072 1226 7
4072 2065 6
4073 3493 8
4074 3751 10
4074 1611 10
4074 1315 9
4075 4413 1
4076 1224 1
4076 3392 9
4077 993 9
4077 1729 10
4077 2942 2
4078 3949 5
4078 474 2
4078 275 5
4079 4529 3
4079 4754 1
4079 176 10
4079 1228 9
4079 88 9
4080 2617 1
4080 4542 6
4080 1037 1
4080 2622 10
4080 336 2
4081 4806 6
4081 980 2
4081 4066 4
4081 1536 1
4081 672 9
4082 767 7
4082 2186 2
4082 907 4
4082 1950 1
4083 397 6
4083 3181 7
4083 1815 2
4084 227 5
4084 2557 1
4085 543 5
4085 4335 9
4085 2509 9
4085 3727 7
4086 2994 6
4086 158 7
4086 3670 5
4086 1746 9
4087 1529 10
4087 4679 6
4087 3060 5
4087 1319 3
4087 1339 2
4088 2204 4
4088 4649 9
4088 829 9
4089 1749 1
4089 4906 8
4089 2054 2
4089 2746 1
4089 1154 6
4090 4824 7
4090 2074 2
4090 3249 3
4091 4651 4
4091 889 9
4091 3771 2
4092 442 4
4092 3094 5
4092 4 6
4092 4507 1
4092 3506 4
4093 4883 5
4094 2760 3
4094 679 5
4094 3291 6
4094 1451 9
4094 4332 6
4095 925 5
4095 209 10
4095 4157 9
4095 4470 2
4095 2990 1
4096 4748 8
4097 2638 10
4097 301 5
4098 3225 1
4099 4713 6
4100 1076 9
4101 2928 9
4101 3076 3
4101 4570 6
4101 1369 7
4102 4920 8
4103 3597 1
4103 2829 2
4103 591 1
4104 3189 10
4104 3330 3
4105 4501 3
4105 4763 8
4106 206 4
4106 3355 10
4106 1327 5
4106 768 9
4106 1764 8
4107 1060 8
4107 3727 6
4108 91 8
4109 1649 7
4109 2153 5
4109 4430 5
4109 3371 10
4110 4656 7
4110 1423 9
4111 88 6
4111 308 3
4112 4797 4
4113 784 3
4113 3989 9
4114 320 8
4114 2529 7
4115 3024 4
4116 1212 9
4116 669 8
4116 3734 3
4116 1921 9
4116 3333 5
4117 3721 6
4117 685 6
4117 944 8
4117 4800 6
4117 1987 2
4118 2436 9
4118 3931 2
4118 4690 9
4118 2803 9
4118 4188 8
4119 567 2
4120 1270 8
4120 3887 5
4120 2044 1
4120 771 10
4121 562 4
4121 4224 3
4121 2541 5
4121 3185 5
4121 3066 8
4122 3410 2
4122 2572 1
4122 723 5
4122 1972 9
4122 1798 2
4123 1946 10
4123 2753 10
4123 4892 5
4123 2508 5
4124 405 9
4124 3572 2
4124 2719 4
4124 3445 2
4125 1116 2
4126 3209 6
4126 4638 4
4126 3372 7
4126 2760 4
4127 106 2
4127 3900 10
4128 886 4
4128 2218 3
4129 359 9
4129 4091 10
4130 1596 2
4130 4773 7
4130 119 10
4131 3779 4
4131 2778 8
4132 1831 9
4132 1171 1
4132 116 9
4132 2861 10
4132 743 3
4133 3561 10
4133 4058 7
4134 2592 4
4135 4583 2
4136 4526 6
4136 3715 7
4136 1064 1
4137 2287 3
4137 2645 7
4137 440 5
4137 4955 10
4137 1303 10
4138 3264 3
4138 2421 6
4138 2051 10
4139 1494 5
4140 59 8
4140 4949 8
4140 624 8
4141 3295 4
4141 3751 5
4141 4719 5
4141 161 9
4141 1995 1
4142 1039 10
4142 1558 7
4143 1175 7
4143 2090 3
4143 3774 2
4143 1548 7
4144 192 3
4145 2840 1
4145 1530 10
4145 3811 6
4146 3027 3
4146 1459 4
4146 3034 6
4146 1921 3
4147 4585 8
4148 4104 8
4148 2397 1
4148 694 8
4149 2893 9
4150 1376 7
4150 4314 8
4151 4179 7
4151 1376 10
4152 4700 8
4152 4305 8
4153 3505 3
4154 2058 8
4154 1158 7
4154 1341 10
4154 929 3
4155 3696 2
4156 2324 1
4157 1847 10
4157 231 2
4157 1196 8
4158 770 7
4158 2215 7
4158 4182 9
4158 208 1
4158 1956 4
4159 3690 3
4159 4850 6
4160 4271 7
4160 1343 6
4160 153 6
4161 2199 9
4162 4260 1
4162 1934 5
4162 2631 2
4163 1214 8
4163 2123 2
4163 397 10
4163 4476 10
4163 933 1
4164 3900 1
4164 1053 4
4164 2908 2
4164 2750 9
4165 4679 3
4165 4710 9
4165 1578 4
4165 303 4
4166 3027 6
4166 3520 4
4166 927 6
4166 3608 6
4167 4797 3
4167 1894 10
4167 1287 2
4167 3667 6
4168 2566 4
4168 2515 3
4168 4651 3
4169 457 4
4169 3696 2
4169 1369 7
4169 493 9
4170 4947 5
4171 865 1
4171 3657 2
4171 2224 3
4171 996 2
4171 698 10
4172 4282 7
4173 1815 10
4173 932 5
4173 4588 6
4174 3785 2
4175 4233 2
4175 3363 2
4176 2224 2
4176 3680 5
4176 2218 2
4176 57 7
4177 3429 1
4177 4142 4
4177 4649 3
4178 2234 9
4178 2153 10
4178 3185 8
4179 2625 1
4180 2591 4
4181 2410 9
4181 1233 6
4182 3270 1
4183 4597 1
4184 4258 8
4184 708 3
4184 2477 9
4185 4628 2
4185 591 3
4185 1706 1
4185 1822 10
4186 1776 4
4187 4046 4
4187 4054 2
4188 3878 8
4188 1463 3
4188 4561 3
4189 2732 2
4189 1340 3
4190 1201 1
4190 2499 1
4191 1960 4
4191 2564 9
4191 2210 2
4191 1968 4
4191 4043 3
4192 4930 8
4192 3312 5
4192 869 2
4193 3176 2
4193 2854 1
4193 4504 3
4193 1016 3
4193 3883 7
4194 2404 6
4194 600 10
4194 20 10
4195 840 2
4195 3785 1
4195 3245 2
4196 669 10
4196 2621 3
4196 2569 2
4197 1231 8
4197 3550 2
4197 2880 1
4198 2174 9
4198 4212 9
4198 4913 10
4198 2161 7
4198 3534 9
4199 4510 2
4199 1825 6
4199 2590 2
4200 3147 2
4200 4173 4
4200 602 5
4200 946 3
4200 3268 8
4201 3565 5
4201 2360 8
4202 3649 1
4202 894 3
4202 4937 2
4202 4810 6
4202 2395 2
4203 3057 10
4203 3275 1
4204 2519 6
4204 208 4
4204 716 4
4205 2716 3
4206 1599 10
4206 2575 3
4206 757 4
4206 4840 9
4207 3355 8
4207 1311 5
4207 4372 5
4208 4444 7
4208 3493 2
4208 518 2
4208 1100 4
4208 2544 9
4209 4778 3
4209 4134 2
4209 3156 6
4209 1469 6
4210 1164 2
4210 4915 6
4210 1803 6
4210 4098 5
4211 1445 10
4211 2762 5
4211 4343 4
4212 2114 7
4213 2038 9
4213 3220 3
4213 4603 9
4213 4048 4
4213 933 1
4214 1488 2
4215 4063 10
4215 1905 6
4215 2684 8
4215 3857 5
4215 3322 3
4216 2835 5
4216 889 2
4216 3096 8
4216 3262 7
4217 4934 8
4217 2005 3
4217 2008 6
4218 1897 2
4218 3021 6
4219 2047 3
4219 2512 8
4219 1583 5
4220 3166 3
4220 3736 10
4220 3951 7
4220 3553 6
4221 3474 7
4221 4218 5
4221 4971 3
4222 2252 5
4222 3402 6
4223 1483 8
4223 712 6
4224 462 9
4225 4761 4
4225 2487 1
4225 4694 5
4225 2562 1
4226 2513 1
4226 1464 9
4226 831 9
4226 1212 10
4226 1341 9
4227 128 2
4227 2487 9
4227 1794 4
4228 2507 5
4229 2613 4
4229 4297 2
4229 4489 6
4229 3559 7
4229 1816 7
4230 4302 3
4230 4800 4
4230 631 8
4231 4418 6
4231 4887 4
4231 2435 4
4231 4492 9
4232 4479 6
4233 2556 10
4233 3483 4
4233 4935 9
4233 4044 5
4233 2791 4
4234 3548 1
4234 868 1
4234 4340 3
4234 1060 2
4235 1926 2
4236 3026 1
4236 1573 7
4236 703 7
4236 119 9
4236 1449 5
4237 4498 4
4238 3729 10
4238 3526 8
4238 3435 6
4239 4162 1
4239 2561 10
4239 2495 1
4240 4629 10
4240 1246 9
4241 1636 9
4241 3062 2
4241 1844 9
4241 5 5
4242 3621 2
4242 11 5
4242 4786 3
4242 3145 1
4242 3234 8
4243 1041 8
4243 834 7
4243 4620 6
4243 4931 10
4244 48 8
4244 4067 10
4244 3067 9
4244 2449 9
4244 357 4
4245 941 4
4245 1699 1
4246 3228 7
4246 3849 1
4246 285 5
4246 4169 8
4247 3735 4
4247 2423 6
4247 2329 9
4247 1756 6
4247 3801 1
4248 2253 9
4248 1669 7
4248 4388 4
4249 3885 4
4249 3914 8
4249 3071 2
4250 4866 10
4250 939 7
4250 4985 10
4250 1690 4
4251 3698 3
4251 3504 8
4251 977 4
4252 2993 7
4252 598 3
4252 4891 8
4252 355 10
4252 4526 10
4253 407 10
4253 1010 2
4253 2698 8
4253 268 4
4253 474 3
4254 2170 7
4254 4622 9
4254 217 2
4254 3417 8
4254 599 5
4255 2449 10
4255 1523 8
4255 3727 9
4256 2003 1
4256 1851 8
4256 2463 9
4256 454 9
4257 3134 10
4257 2298 1
4258 3380 1
4258 1523 7
4258 818 1
4259 4620 1
4259 2777 2
4259 666 8
4260 1499 2
4260 363 8
4260 779 9
4260 3265 3
4261 387 4
4262 2679 6
4262 2616 7
4262 390 3
4262 1611 7
4262 2172 10
4263 4643 10
4264 1883 1
4264 4557 9
4264 1158 9
4264 1097 2
4265 4802 7
4265 866 10
4266 4977 7
4266 1388 3
4267 803 3
4267 349 9
4267 4910 1
4267 1567 6
4267 2970 6
4268 3491 4
4268 502 5
4268 3741 4
4268 2031 3
4269 2400 3
4270 3019 10
4271 1759 4
4271 2986 5
4271 375 6
4271 1772 8
4271 1260 2
4272 4542 6
4272 2538 5
4273 2724 3
4273 3685 10
4273 3446 5
4274 4175 7
4274 2927 3
4274 830 8
4275 2810 8
4275 2345 8
4276 4801 3
4276 997 2
4277 102 4
4277 463 6
4277 2512 10
4277 3189 3
4277 250 10
4278 4220 5
4278 662 9
4279 3878 10
4279 3457 6
4279 1416 9
4280 3256 10
4280 4294 1
4280 2149 10
4280 3082 3
4280 1632 5
4281 1755 6
4281 3070 8
4281 4793 6
4281 1058 2
4282 4532 2
4283 723 8
4283 4667 6
4284 4908 1
4284 3445 1
4284 4297 8
4284 3758 2
4284 3404 9
4285 2866 9
4285 2991 10
4286 4073 8
4286 67 10
4286 3667 6
4286 561 10
4286 266 1
4287 359 8
4287 904 9
4287 4264 10
4288 3072 6
4288 3857 7
4288 827 8
4288 4285 2
4288 3715 10
4289 4519 10
4289 3841 3
4290 3041 7
4290 1732 2
4290 3542 5
4291 584 10
4291 3471 6
4291 1196 4
4292 4076 5
4292 1588 1
4292 3021 10
4293 467 6
4293 165 1
4293 4942 4
4293 2612 7
4293 4941 10
4294 1200 4
4294 4942 4
4294 3995 2
4295 473 8
4296 4802 7
4297 4751 2
4298 3044 4
4298 2049 10
4298 4830 6
4298 1128 2
4298 378 4
4299 1310 7
4299 4773 10
4300 4690 1
4300 1907 8
4300 3666 4
4300 4905 4
4300 4204 7
4301 2368 8
4302 865 2
4302 1767 6
4302 4514 5
4302 2057 2
4302 926 7
4303 1328 1
4303 2750 6
4304 3305 5
4304 2363 2
4304 3655 6
4304 2025 6
4304 1905 5
4305 1123 9
4305 3633 7
4305 2777 4
4305 1431 8
4305 3976 6
4306 4271 4
4307 3817 1
4307 2054 6
4307 2474 3
4307 3991 10
4308 425 9
4309 4882 9
4310 1775 2
4311 4752 5
4311 2445 2
4311 1129 8
4311 837 9
4311 98 4
4312 759 1
4312 1724 4
4313 113 10
4313 1978 2
4314 2173 10
4314 231 10
4315 2884 9
4315 2830 2
4315 4844 10
4315 1058 4
4316 4014 2
4316 3528 2
4317 1731 2
4317 4541 6
4317 2366 10
4317 2486 4
4318 2539 10
4318 2672 5
4318 4811 2
4318 4044 2
4318 4147 9
4319 1472 4
4319 2511 8
4319 3805 10
4319 2823 2
4320 3701 10
4321 2780 7
4321 2820 9
4321 2621 3
4321 4664 9
4322 3897 9
4322 1014 4
4322 439 9
4322 979 3
4322 4484 4
4323 3557 4
4323 1692 6
4323 3844 5
4323 2170 6
4323 4633 3
4324 4830 1
4324 3243 8
4324 2077 2
4325 4508 8
4325 1759 5
4326 466 6
4326 2957 3
4326 3062 1
4326 2357 6
4327 1019 2
4327 2688 3
4327 3203 10
4327 1935 1
4327 2373 1
4328 1952 9
4328 4498 5
4329 2507 3
4329 1871 2
4330 1621 7
4330 4277 2
4330 2664 1
4330 1799 4
4330 533 3
4331 484 3
4331 3976 3
4331 4127 10
4331 615 9
4331 4860 8
4332 4610 7
4332 3694 3
4333 1452 5
4333 4104 1
4333 4472 10
4333 4283 2
4334 1326 2
4334 2696 2
4334 4324 10
4335 2363 1
4335 1501 1
4335 4194 9
4335 2730 5
4336 2038 3
4336 1103 10
4336 1668 9
4336 304 7
4337 1808 5
4338 2509 6
4338 2254 5
4338 2362 10
4338 2366 9
4338 2168 2
4339 1305 9
4339 4868 5
4339 4210 6
4339 67 3
4339 1507 2
4340 271 2
4340 3715 9
4340 1433 9
4340 1372 5
4341 1328 8
4341 4476 6
4342 3743 4
4342 2147 10
4342 2750 7
4343 3464 7
4343 3662 10
4343 2187 2
4344 4244 7
4344 1221 10
4345 4786 6
4345 3635 5
4346 610 8
4346 458 8
4346 1127 6
4346 3150 5
4346 4795 1
4347 2259 7
4348 1393 9
4348 4729 9
4348 417 1
4348 3567 9
4348 3302 4
4349 3615 2
4349 2666 10
4350 4706 8
4350 1437 2
4351 3699 4
4351 883 5
4351 1921 5
4351 2727 5
4351 412 6
4352 605 2
4352 3446 7
4352 1689 5
4352 3731 1
4352 502 7
4353 4182 5
4353 232 9
4353 4928 7
4353 1759 8
4353 94 3
4354 2620 1
4355 1289 7
4356 1582 10
4356 335 1
4357 1740 2
4358 1066 5
4358 4286 10
4358 3861 2
4358 3750 1
4358 4029 6
4359 344 1
4359 3504 8
4359 249 3
4359 1150 7
4360 712 8
4361 747 1
4361 4371 9
4361 3201 1
4362 380 10
4363 2193 8
4363 4266 3
4363 974 5
4363 541 1
4363 1709 1
4364 3650 3
4364 3784 1
4364 2991 6
4365 3649 2
4365 1155 8
4366 1192 6
4366 4392 7
4366 3940 4
4366 206 5
4367 2230 8
4367 1016 2
4367 2113 6
4368 4905 2
4368 3477 10
4369 620 9
4369 4358 1
4369 1029 1
4370 4032 2
4370 4876 6
4371 3976 3
4372 4726 4
4372 4262 3
4372 4992 1
4372 2733 6
4372 2302 10
4373 3963 8
4373 3839 2
4373 600 6
4374 1231 6
4374 3255 4
4374 1593 5
4374 3063 7
4374 4234 3
4375 1808 7
4376 4530 2
4376 1983 7
4376 2044 2
4376 672 3
4377 3620 9
4377 3514 10
4377 3909 7
4377 316 8
4377 4460 3
4378 4981 6
4378 813 9
4378 277 3
4378 2043 6
4378 2915 10
4379 3059 9
4379 1765 2
4379 3235 4
4380 4919 7
4380 1894 5
4380 905 8
4381 872 9
4381 1037 9
4381 1407 6
4381 3206 1
4382 2651 10
4382 395 3
4383 1668 1
4384 2057 9
4384 325 9
4384 3474 6
4384 566 7
4384 996 2
4385 2461 4
4385 1851 6
4386 4950 10
4386 2648 7
4386 2163 5
4387 3493 3
4387 1925 7
4387 1792 6
4388 2404 7
4388 3779 4
4388 1285 10
4389 1279 1
4389 1314 1
4389 1848 10
4389 3694 7
4389 955 5
4390 4459 9
4390 1849 5
4390 4258 4
4390 4251 2
4391 2395 3
4391 881 1
4392 3597 6
4392 2072 8
4393 4033 6
4393 2145 9
4393 280 8
4393 1097 9
4394 2904 9
4394 2988 3
4394 3271 3
4395 3226 1
4395 1681 6
4395 3617 6
4395 4569 10
4396 891 8
4396 3439 7
4396 319 10
4396 1277 9
4397 2875 3
4397 1533 5
4397 2495 1
4397 3003 4
4397 1191 3
4398 1857 7
4398 2875 9
4398 1469 1
4399 4944 10
4400 2725 1
4400 326 2
4400 3142 8
4400 3402 3
4400 3976 7
4401 2130 10
4401 3407 5
4401 1314 6
4402 225 9
4402 3313 10
4402 1233 8
4403 4802 6
4403 3100 6
4404 4678 6
4404 3047 5
4405 645 4
4405 790 5
4405 4020 2
4405 3729 3
4405 968 7
4406 725 6
4406 1177 6
4406 3427 3
4406 1660 6
4406 2525 1
4407 757 7
4407 666 5
4407 4610 5
4408 4325 9
4408 2780 6
4408 398 1
4408 1461 1
4409 4794 7
4409 2754 5
4409 1407 4
4410 3201 4
4410 4038 6
4410 3477 1
4410 3865 3
4411 3208 7
4412 4173 7
4412 1114 7
4412 4375 10
4412 2432 8
4413 627 5
4413 4863 3
4414 679 6
4414 395 10
4414 1164 4
4415 3649 2
4415 949 7
4416 2886 7
4416 1848 1
4416 2491 3
4417 1366 1
4417 4654 10
4418 1559 8
4418 3887 10
4419 1859 9
4419 1639 7
4419 352 10
4420 4392 9
4420 2717 2
4421 4563 3
4421 4819 4
4421 1369 10
4421 610 7
4421 3828 4
4422 2087 7
4422 3133 2
4422 1380 2
4422 3390 6
4422 1130 9
4423 3477 5
4423 3646 10
4423 3644 8
4424 9 4
4425 3817 7
4425 2612 6
4425 2205 5
4426 1100 10
4426 1434 8
4426 2951 8
4426 3951 3
4426 1499 3
4427 3562 7
4427 1992 6
4427 3323 1
4428 2794 8
4428 4797 2
4428 4536 5
4428 2355 1
4428 650 8
4429 3918 7
4429 1490 8
4429 4312 6
4429 172 2
4430 742 7
4430 960 9
4430 2454 8
4430 4567 4
4431 1097 10
4432 2000 5
4433 1240 3
4433 3310 1
4434 1632 6
4435 4441 3
4435 2562 9
4435 4123 8
4435 3270 10
4435 2495 5
4436 3748 3
4436 2955 7
4436 4892 2
4436 3598 4
4436 2642 7
4437 1736 9
4437 4194 8
4438 490 5
4438 36 5
4438 2761 9
4438 2798 1
4439 2204 6
4439 1186 8
4439 1518 7
4439 1724 2
4440 3026 5
4440 3902 7
4440 4689 4
4440 1413 5
4441 3534 5
4441 3430 9
4441 1396 7
4441 2130 1
4442 2275 8
4442 3544 5
4443 1492 9
4443 4837 1
4443 352 3
4443 3884 1
4443 2899 6
4444 1257 7
4445 4418 5
4446 2368 2
4446 3094 4
4447 4978 1
4447 2255 7
4447 3591 6
4447 1359 2
4448 3329 3
4448 4710 8
4448 4914 5
4448 3702 1
4448 1362 8
4449 637 1
4449 2931 10
4449 4468 10
4449 755 2
4449 3285 8
4450 2631 7
4450 538 4
4450 4858 2
4450 3886 10
4451 2631 9
4451 2873 10
4451 2564 10
4451 673 1
4452 2335 1
4453 9 4
4453 3944 8
4453 4696 5
4454 4858 6
4455 4047 10
4455 766 8
4455 2013 1
4455 1532 1
4455 3851 3
4456 1852 9
4456 2626 9
4457 4803 3
4457 1227 5
4458 4597 9
4458 279 9
4458 4299 10
4459 2386 1
4459 2448 4
4459 4383 10
4460 3322 2
4460 3532 10
4460 4732 9
4460 1380 7
4460 3828 4
4461 1566 2
4461 52 4
4461 112 7
4461 4950 7
4461 562 2
4462 4638 6
4462 2610 2
4463 3067 4
4464 1316 3
4464 3295 10
4464 1045 8
4465 3291 1
4465 4328 3
4465 742 10
4465 4175 6
4466 79 9
4467 3719 5
4467 1926 4
4467 712 7
4467 1044 4
4467 4362 10
4468 1350 10
4468 3973 5
4468 3848 6
4468 903 9
4468 2575 1
4469 4071 3
4469 73 2
4469 1443 9
4469 775 5
4469 2558 3
4470 148 3
4470 3157 7
4471 4273 8
4471 67 3
4471 639 10
4472 3963 9
4472 1523 8
4472 4650 6
4473 2207 9
4473 4475 6
4474 266 2
4474 644 3
4474 2132 7
4474 3840 8
4474 4630 10
4475 1828 9
4475 905 4
4475 1442 5
4475 2857 7
4475 3515 7
4476 4949 5
4476 3557 4
4476 906 6
4476 3312 10
4476 5000 7
4477 361 1
4477 2979 4
4477 3880 2
4477 2161 1
4477 3782 6
4478 3727 2
4479 4984 2
4479 1231 1
4479 3241 8
4480 2493 7
4480 3253 1
4480 3199 6
4480 3641 2
4480 1126 10
4481 1523 8
4481 2220 2
4481 4542 7
4482 4490 7
4483 2868 3
4484 3348 6
4485 2058 3
4485 1779 4
4486 4692 1
4486 4174 7
4486 4694 8
4486 3691 7
4487 3871 6
4487 2580 6
4487 4942 3
4487 2689 2
4488 4173 9
4488 3031 7
4488 4853 10
4488 2114 1
4489 255 7
4489 4845 9
4489 1668 8
4489 95 4
4490 1299 10
4490 378 1
4490 3456 2
4490 555 9
4490 2203 3
4491 180 1
4491 1799 6
4492 3208 2
4493 3285 7
4493 2259 8
4493 1747 4
4493 1387 5
4494 2492 10
4494 1890 3
4495 1005 2
4495 1533 6
4496 886 7
4496 4271 4
4496 4716 1
4497 3662 6
4497 2650 4
4498 4789 2
4498 4500 10
4498 1796 3
4498 1194 6
4499 1058 4
4499 3437 7
4499 3173 2
4499 2866 6
4499 4985 9
4500 2057 5
4501 1636 8
4501 1510 7
4502 3708 4
4503 317 9
4503 4388 8
4503 2473 1
4504 4021 4
4504 1589 6
4504 2388 3
4504 926 4
4505 4320 10
4505 974 3
4506 497 8
4506 395 4
4506 291 6
4506 4733 8
4507 4400 10
4507 1569 5
4507 4644 2
4507 1910 1
4508 3826 3
4508 3427 5
4508 3067 5
4508 1905 5
4508 545 3
4509 4063 1
4509 2199 9
4509 201 7
4509 886 1
4509 950 6
4510 1908 4
4510 3209 2
4510 3100 1
4510 3875 3
4511 4695 10
4511 256 10
4511 4152 3
4511 1767 7
4512 2313 8
4513 883 6
4513 2868 3
4514 2729 4
4514 775 4
4514 2182 3
4514 725 5
4515 3097 1
4516 2761 8
4517 1548 9
4517 1592 6
4518 1865 2
4518 4282 6
4518 1733 2
4518 3061 9
4519 1689 9
4519 2152 6
4519 1152 8
4520 1925 9
4520 4241 5
4520 3068 1
4521 2665 1
4521 3806 6
4521 1039 10
4521 3670 6
4521 310 3
4522 156 7
4522 3746 8
4522 2345 7
4522 4922 2
4522 2167 4
4523 1988 4
4524 1177 2
4524 3786 3
4524 3394 9
4524 4444 5
4525 4388 1
4525 3896 7
4526 2075 8
4526 4965 5
4526 4304 5
4526 2417 4
4526 4325 8
4527 963 7
4527 1199 5
4528 3608 3
4528 1183 6
4528 208 3
4528 2578 9
4528 2674 4
4529 2773 3
4529 4518 5
4530 4235 1
4530 4635 10
4530 4349 6
4531 2679 6
4531 3080 2
4531 2209 9
4532 2757 1
4533 2989 10
4533 4596 4
4533 193 3
4534 791 9
4534 1773 3
4534 4129 3
4535 906 8
4535 2149 10
4535 3163 3
4535 914 5
4535 3418 5
4536 2104 9
4537 3321 4
4537 2069 8
4538 4493 6
4538 3147 8
4538 2081 1
4538 2974 6
4538 2436 7
4539 3307 7
4540 2409 2
4540 1420 10
4541 1186 10
4541 4965 8
4541 1509 2
4541 4288 3
4541 227 1
4542 4507 5
4542 3254 10
4543 1619 6
4543 4335 1
4544 890 2
4544 2480 6
4544 1423 5
4545 1943 3
4546 2783 3
4546 3715 10
4546 1813 2
4546 4288 2
4547 247 7
4547 3564 6
4547 3775 4
4548 1392 9
4548 4245 6
4548 2394 10
4548 277 9
4548 2611 10
4549 3544 10
4549 112 4
4549 2091 8
4550 1727 4
4550 1020 9
4550 2767 2
4550 4362 10
4550 3044 2
4551 4939 3
4551 2911 4
4552 179 9
4552 2912 6
4552 2523 3
4553 1060 5
4553 1134 8
4553 4037 7
4553 3902 3
4554 3815 9
4554 1521 7
4554 1433 3
4554 1307 7
4555 1189 3
4555 2165 2
4556 1473 2
4557 3764 1
4557 1714 3
4558 4836 4
4558 1794 9
4558 3429 6
4559 3912 3
4559 4225 7
4559 4658 10
4559 796 9
4560 4008 9
4560 2974 5
4560 233 10
4561 3195 4
4561 4889 5
4561 4824 8
4562 2353 1
4562 4259 2
4562 3533 3
4562 98 7
4563 3657 5
4563 454 7
4563 1883 3
4563 671 9
4563 4131 10
4564 345 10
4564 4035 9
4564 1177 10
4564 3209 7
4564 2176 7
4565 1221 1
4566 3105 10
4566 4787 9
4566 4464 7
4566 3193 1
4567 2866 10
4567 3664 7
4567 2046 5
4567 4285 1
4567 1653 5
4568 3691 3
4568 4835 7
4568 3613 1
4568 1673 3
4569 4913 10
4569 829 6
4569 2352 1
4569 3516 2
4569 2196 7
4570 4958 2
4571 3699 3
4572 4807 7
4572 4594 4
4572 3300 6
4573 1999 5
4573 482 4
4573 4733 7
4574 3111 10
4575 344 2
4575 3361 5
4575 156 5
4575 3281 3
4576 1292 7
4576 2957 6
4576 1756 1
4577 3810 8
4577 1444 9
4577 3531 1
4577 505 7
4578 3529 9
4578 2580 1
4578 650 8
4578 4239 4
4578 4189 8
4579 2378 2
4579 851 10
4580 2051 9
4580 1353 4
4580 4420 4
4581 4785 5
4582 3321 7
4582 709 3
4582 4633 3
4583 4922 3
4584 3171 5
4585 1721 1
4585 3654 6
4585 3043 5
4586 3174 8
4586 1123 3
4587 1967 10
4587 2950 10
4587 1434 1
4587 2692 6
4587 3015 8
4588 3351 4
4589 2143 4
4590 4084 5
4590 1596 2
4590 3102 2
4591 4323 7
4591 4342 5
4592 11 10
4592 4714 3
4592 3354 3
4592 2871 2
4592 2641 8
4593 1510 2
4593 3222 5
4594 4401 4
4594 3560 9
4594 2540 5
4594 732 3
4594 4759 9
4595 4805 9
4595 1746 3
4595 3224 5
4595 865 8
4596 2167 3
4596 4667 4
4596 4229 9
4596 1226 7
4597 2837 1
4597 252 3
4597 1910 6
4597 3830 7
4598 2981 9
4598 4179 9
4599 4393 7
4599 6 10
4599 2875 10
4599 776 10
4599 674 10
4600 4568 5
4601 3708 6
4601 861 7
4601 843 7
4602 923 6
4602 2805 1
4602 2279 1
4602 4486 10
4603 3640 8
4604 4201 6
4604 2703 6
4605 2360 2
4605 4305 3
4605 816 2
4605 4170 10
4605 904 7
4606 482 9
4606 375 2
4607 4106 7
4607 3269 8
4607 1058 1
4607 1256 1
4608 3015 6
4608 627 4
4608 3667 10
4608 4385 10
4609 2844 9
4609 4448 1
4609 3586 10
4610 3985 5
4610 4786 3
4610 440 9
4610 1389 2
4611 2400 5
4611 1054 3
4611 902 10
4612 2953 10
4612 1075 2
4613 3996 6
4613 1156 10
4613 48 3
4613 3531 6
4613 1212 9
4614 2660 3
4614 2944 9
4614 226 9
4614 1694 2
4615 4190 4
4615 3154 4
4615 4089 9
4616 4259 6
4617 2050 7
4617 3269 10
4617 717 5
4618 2113 8
4618 2771 7
4618 2425 8
4619 3432 5
4619 1109 4
4620 4680 3
4621 505 7
4621 4833 7
4622 4462 7
4623 48 1
4623 3707 2
4624 4196 8
4624 887 6
4624 4507 4
4624 474 9
4624 2417 6
4625 3313 6
4625 4263 7
4626 3356 6
4627 4843 9
4627 3334 8
4627 4964 6
4628 1341 3
4628 506 2
4628 3291 1
4628 4491 8
4629 3698 6
4629 1017 4
4629 3416 6
4630 2076 10
4630 240 1
4630 2324 10
4631 52 4
4632 3130 1
4632 4884 4
4632 254 6
4632 3933 10
4632 4654 9
4633 685 3
4633 4400 9
4633 2862 10
4634 4633 6
4634 768 4
4634 1260 10
4634 962 4
4635 1846 1
4635 3786 1
4636 105 2
4636 4208 9
4636 1261 9
4636 3166 10
4636 3014 9
4637 1768 5
4637 1554 9
4637 1331 9
4637 1452 6
4638 2923 1
4638 4600 5
4638 4733 1
4638 1950 2
4638 4510 10
4639 1876 10
4639 1072 10
4639 3552 10
4639 1006 7
4640 3757 7
4640 2719 8
4640 442 8
4640 4317 2
4641 391 7
4641 4918 2
4641 3613 10
4641 358 10
4642 2432 8
4642 3830 7
4642 4522 6
4643 3610 4
4643 4767 10
4643 2363 6
4643 3070 3
4643 4542 7
4644 2661 7
4644 3476 10
4645 2918 7
4645 1391 7
4645 4054 9
4646 2103 5
4647 4855 10
4647 4363 5
4647 3346 5
4648 62 2
4648 1516 10
4648 2570 9
4649 3715 6
4650 4384 2
4651 2925 1
4652 801 9
4652 4400 8
4652 1042 2
4652 2622 3
4652 3571 4
4653 3738 10
4653 1453 7
4653 3336 7
4654 351 6
4654 2103 8
4655 4188 9
4655 2395 1
4655 1191 5
4656 279 4
4656 3323 4
4657 52 4
4657 2950 2
4657 1542 3
4657 3224 3
4658 2186 4
4658 3600 7
4658 853 2
4658 4191 4
4659 493 4
4659 1427 8
4659 713 8
4659 3372 8
4660 762 2
4660 854 2
4660 598 9
4660 2207 7
4660 1161 6
4661 1921 2
4661 4105 9
4662 1389 2
4662 2669 4
4662 2475 10
4663 3771 10
4663 4340 3
4663 3259 3
4663 1527 7
4663 3552 6
4664 4383 8
4664 939 6
4664 2871 1
4665 3976 5
4665 4944 4
4665 2906 8
4665 3732 10
4666 3977 9
4666 152 1
4666 4477 2
4667 1172 8
4667 850 2
4667 3810 9
4668 4457 4
4668 2923 10
4669 1257 2
4669 4608 4
4669 1481 5
4670 1393 6
4671 1872 9
4671 4186 5
4672 1183 4
4672 24 9
4672 3025 4
4673 929 1
4673 2582 1
4673 3023 1
4673 3332 9
4674 4747 2
4674 2087 1
4674 827 1
4675 1944 1
4675 4077 5
4676 4538 7
4676 4125 9
4677 709 5
4678 2476 4
4678 4602 5
4678 3991 4
4678 1305 4
4679 129 9
4679 4493 6
4679 1319 5
4679 4979 9
4680 2709 8
4681 3156 6
4682 3811 7
4682 3172 5
4682 3361 1
4682 2512 1
4682 215 5
4683 3980 7
4683 1400 5
4684 3363 1
4685 4022 4
4686 4331 8
4686 1451 2
4686 25 6
4686 803 10
4687 2332 3
4687 740 7
4687 2293 4
4687 2115 6
4688 2866 7
4688 100 10
4688 1014 6
4688 3207 2
4689 508 8
4689 3944 6
4689 2730 8
4689 4795 5
4690 2397 7
4690 4720 1
4690 1268 10
4691 4400 7
4691 1212 4
4692 1909 7
4692 1527 3
4692 2207 5
4692 790 3
4693 4643 8
4693 2557 1
4693 1614 5
4693 2337 1
4694 1119 5
4695 865 7
4695 3284 10
4695 2580 6
4695 3035 10
4696 4131 4
4696 2558 7
4697 1993 3
4697 3850 9
4697 1796 7
4697 1314 3
4698 2401 9
4698 3246 6
4698 1773 10
4699 3645 6
4700 172 9
4700 713 10
4700 4954 4
4700 2169 10
4701 1534 10
4701 3105 1
4701 2697 3
4702 3656 2
4702 4086 7
4703 2717 9
4703 3750 3
4703 394 8
4704 1761 4
4704 3174 6
4704 1665 6
4704 3608 3
4704 1331 8
4705 1599 3
4706 3058 1
4706 4918 1
4707 806 9
4707 4246 2
4708 4893 3
4708 3740 3
4708 1430 3
4709 2002 7
4710 3961 5
4711 2278 4
4711 1592 3
4711 3803 2
4711 850 2
4711 20 9
4712 2308 7
4712 3504 10
4713 3815 7
4713 4091 1
4713 231 9
4713 3057 7
4713 2791 2
4714 3358 6
4715 1004 9
4716 40 2
4717 4033 1
4717 2790 2
4717 3087 4
4718 3646 2
4718 3476 1
4718 2899 5
4719 2986 5
4719 2590 4
4720 1010 2
4720 3740 3
4720 2900 5
4721 3203 5
4721 3566 9
4721 3070 8
4721 909 1
4722 3544 8
4722 1353 1
4722 3101 1
4723 1436 7
4723 3388 5
4723 2307 3
4724 3388 8
4724 1499 4
4724 4247 7
4724 1463 4
4724 4175 7
4725 153 5
4725 3810 9
4726 3925 2
4727 2824 7
4727 3129 5
4728 1587 5
4728 1618 9
4728 3976 4
4729 3201 7
4729 4089 4
4729 3908 3
4730 1844 5
4730 1242 1
4731 2307 2
4731 2040 7
4732 4794 8
4732 2507 1
4733 4361 4
4733 3886 4
4734 3241 7
4734 4834 7
4734 4476 5
4735 1441 4
4735 1034 7
4735 3897 1
4736 3334 4
4737 4001 6
4737 4204 2
4738 712 9
4739 2149 5
4739 661 9
4740 508 8
4740 102 4
4740 3619 3
4740 3112 3
4741 4009 4
4741 3841 5
4742 1963 2
4742 2489 5
4742 766 9
4742 1740 10
4743 3238 2
4743 3775 4
4743 2859 2
4743 1830 4
4743 2040 7
4744 3815 1
4745 4335 9
4745 3689 2
4745 930 10
4746 3835 2
4746 1651 7
4746 4462 3
4746 4795 2
4746 504 1
4747 504 3
4747 1047 10
4747 3195 5
4748 642 9
4748 204 10
4748 4881 1
4748 1039 9
4748 1537 5
4749 1473 10
4749 1430 6
4750 2985 5
4750 2611 8
4750 579 1
4750 4381 6
4750 2955 3
4751 268 5
4751 669 10
4751 2008 1
4752 1235 10
4753 2755 9
4753 4145 9
4753 801 9
4753 2678 10
4753 778 7
4754 3087 9
4754 1755 1
4754 2220 7
4754 2372 3
4754 1433 7
4755 4281 5
4755 3159 8
4755 86 7
4755 1789 2
4756 2589 5
4756 817 8
4756 3738 9
4756 483 2
4757 3353 8
4758 1862 9
4758 3608 6
4759 3754 9
4759 2585 8
4759 4073 10
4759 1525 7
4759 528 7
4760 2271 8
4760 2362 8
4760 2538 9
4760 1150 7
4760 4709 8
4761 3880 8
4761 4620 9
4761 1072 4
4761 19 7
4761 457 5
4762 775 5
4762 386 8
4762 3199 8
4762 1741 3
4762 118 2
4763 1842 9
4764 1231 1
4765 924 5
4765 1927 6
4765 527 1
4765 4581 9
4765 2971 4
4766 3633 6
4766 3848 5
4766 4455 9
4766 1173 4
4766 3763 2
4767 3391 4
4767 1448 6
4767 2558 5
4767 2182 4
4768 3403 4
4768 279 9
4768 4588 6
4769 3949 6
4769 376 8
4769 1029 5
4769 1743 1
4770 668 2
4770 3323 1
4770 109 1
4770 1219 6
4771 389 1
4771 2013 10
4771 4134 8
4772 866 3
4772 3476 6
4772 2538 9
4773 4067 4
4773 1977 3
4774 3713 7
4774 3183 5
4774 3014 9
4775 3427 8
4775 161 10
4775 3721 2
4775 4062 3
4775 1952 3
4776 473 6
4776 4189 5
4777 1828 4
4777 740 7
4777 2482 9
4778 1279 5
4778 4383 3
4778 1311 3
4778 2556 6
4779 3327 8
4779 1621 5
4780 2614 6
4780 4407 6
4780 3466 1
4781 3644 7
4781 3604 9
4781 3518 9
4781 3950 8
4782 3948 7
4782 3921 6
4783 4092 5
4783 3560 2
4784 1409 5
4785 3708 7
4785 309 7
4785 249 9
4786 4730 10
4786 4996 7
4786 1772 6
4786 2166 8
4786 3149 9
4787 2297 6
4787 4678 2
4787 3452 3
4787 949 6
4788 4251 2
4788 487 3
4788 3469 5
4789 260 4
4790 560 6
4790 3624 1
4790 460 8
4790 3800 8
4790 4491 2
4791 1256 4
4792 4173 1
4792 2013 9
4792 4091 5
4792 3708 10
4792 4470 7
4793 3254 8
4794 1719 8
4794 857 7
4794 3183 1
4794 1531 7
4795 3170 10
4795 2417 2
4796 355 1
4796 2091 10
4796 4037 10
4797 3319 1
4797 2407 1
4797 3511 8
4797 1990 5
4798 4629 1
4798 2671 4
4798 4960 4
4799 2761 6
4799 279 8
4800 1260 8
4800 954 8
4800 685 9
4801 4062 4
4801 1983 4
4801 2899 10
4801 278 5
4801 342 4
4802 2959 6
4802 761 5
4802 762 2
4803 1535 8
4804 2736 2
4804 1721 1
4805 3094 4
4805 1868 6
4805 236 8
4805 1236 3
4806 2068 6
4807 3932 10
4807 3183 2
4807 303 5
4807 3094 8
4808 2014 8
4808 4329 9
4808 4422 3
4808 3292 4
4809 34 5
4809 2355 7
4809 4222 4
4809 945 6
4810 602 9
4810 106 8
4810 3942 6
4810 1808 4
4810 4461 10
4811 906 10
4811 1833 3
4812 171 10
4812 3015 10
4812 3812 6
4812 4230 1
4812 89 6
4813 4761 8
4813 1636 5
4813 2018 6
4813 358 7
4814 1866 1
4814 2403 6
4814 4992 8
4814 4923 3
4815 395 9
4815 3195 1
4815 355 2
4816 3246 2
4816 222 9
4816 1960 10
4817 4520 5
4817 1927 9
4817 1500 5
4818 349 4
4818 3214 4
4818 4215 7
4818 1859 9
4818 1346 3
4819 727 10
4819 718 9
4819 2136 1
4819 2876 3
4820 312 2
4821 713 10
4821 2588 1
4821 2504 2
4821 4765 6
4822 417 4
4822 1863 10
4823 4142 8
4824 4512 8
4825 4273 7
4825 2416 1
4825 2098 8
4825 2791 4
4825 2079 8
4826 1821 7
4826 4298 1
4826 2445 1
4827 420 8
4827 4789 7
4828 3901 7
4828 4818 4
4829 2289 6
4830 2862 3
4830 3280 1
4830 519 6
4831 3701 8
4831 2775 7
4832 2435 2
4832 4297 9
4832 4251 5
4833 363 3
4833 4073 5
4833 411 8
4834 1258 3
4834 4282 5
4834 4319 3
4835 2606 7
4835 3222 6
4835 4507 1
4836 2645 5
4837 1346 6
4837 3633 3
4838 892 4
4838 542 2
4838 4084 3
4839 2518 9
4840 666 6
4840 200 9
4840 1416 7
4841 2611 1
4841 655 8
4841 1802 5
4841 4858 9
4841 679 7
4842 4421 7
4842 4287 5
4843 3935 7
4843 2674 6
4843 4893 4
4843 1967 3
4844 620 6
4844 4751 2
4845 1530 9
4845 2136 3
4845 3576 6
4846 2760 5
4846 2829 8
4847 1540 10
4847 4534 8
4848 3598 2
4848 2703 1
4848 4723 9
4849 3656 9
4849 3661 8
4849 932 1
4850 2585 8
4851 4992 7
4851 2136 3
4851 4783 3
4851 4421 3
4852 1269 8
4852 4922 9
4853 1427 7
4853 1755 9
4853 926 7
4854 2359 10
4854 1680 5
4854 18 10
4854 1433 4
4854 2990 7
4855 3246 4
4856 4865 4
4856 2514 9
4856 1310 9
4856 1991 7
4857 3363 4
4858 2493 9
4858 4401 7
4858 247 8
4858 4767 4
4859 4341 10
4859 4335 9
4859 1692 2
4859 2849 3
4860 2094 3
4860 3057 7
4860 551 9
4861 4274 6
4861 25 8
4861 4087 10
4861 2400 10
4862 1430 2
4862 1452 1
4862 4047 7
4863 4749 8
4864 4922 5
4864 4281 4
4864 2213 7
4864 4342 10
4865 4754 7
4865 1834 2
4865 3355 8
4865 400 9
4866 1311 8
4866 64 10
4866 1865 4
4866 2143 10
4867 925 3
4867 4095 6
4867 4360 5
4868 4745 6
4868 1838 3
4868 3015 8
4869 509 7
4869 2538 2
4869 3192 7
4869 4463 3
4869 1427 6
4870 4055 10
4870 4194 3
4870 2289 4
4870 3641 2
4870 4530 4
4871 1702 6
4871 3617 10
4871 4488 9
4872 2234 4
4872 3545 7
4873 2239 8
4873 2585 10
4873 4880 7
4874 4057 4
4875 2033 5
4875 936 9
4875 4188 10
4876 2340 9
4876 2232 9
4876 516 6
4876 1953 7
4876 3022 7
4877 529 3
4877 4915 1
4877 1473 2
4877 4810 10
4878 4944 10
4879 1842 4
4879 1481 9
4879 3105 10
4879 2551 5
4879 2290 2
4880 3480 1
4880 2182 9
4880 4500 1
4881 3715 7
4881 1452 8
4881 16 5
4882 2863 3
4882 2799 1
4883 3348 10
4883 2232 1
4883 1454 8
4883 2409 10
4884 522 2
4884 1809 3
4884 2133 9
4885 2222 8
4885 1834 6
4885 681 6
4885 2064 8
4886 2467 2
4886 2346 8
4886 4086 9
4887 1797 9
4887 588 6
4887 1317 7
4888 506 2
4889 3273 1
4889 2773 4
4889 914 9
4889 3891 4
4889 4650 7
4890 999 2
4890 2538 4
4891 1799 9
4892 4061 7
4892 755 10
4892 4899 5
4892 4247 9
4893 1687 6
4894 2445 5
4895 1900 8
4895 3629 9
4895 1777 4
4895 324 8
4895 4500 10
4896 2213 6
4896 252 3
4896 632 3
4897 2293 1
4897 3670 10
4897 2416 10
4897 3341 6
4898 577 9
4898 3094 1
4898 3307 4
4898 4341 3
4898 3383 7
4899 3402 2
4899 2316 10
4900 4769 6
4900 1174 3
4901 4532 7
4901 1192 8
4901 2872 1
4901 2345 5
4902 4524 1
4903 1146 1
4903 3307 8
4903 3283 4
4903 200 4
4903 442 1
4904 3520 4
4904 376 9
4904 1909 9
4905 1297 6
4905 4757 5
4905 400 4
4906 1885 10
4906 483 5
4906 4060 1
4906 2251 2
4906 2866 9
4907 3550 6
4907 3371 9
4907 4203 4
4907 884 9
4908 4774 4
4908 1734 6
4908 2610 3
4909 579 9
4909 1441 9
4909 2166 2
4909 3470 1
4909 4400 10
4910 1886 5
4910 2705 4
4911 4522 2
4911 3477 5
4911 2700 1
4911 1389 1
4911 3658 5
4912 1240 2
4912 2481 5
4912 1719 4
4913 3758 3
4914 2564 10
4914 1670 3
4915 31 2
4915 650 1
4915 2623 1
4915 4596 10
4915 1427 4
4916 3905 4
4917 3083 5
4917 3935 9
4918 2047 9
4918 258 10
4918 3626 10
4918 4344 7
4919 2156 1
4919 3862 3
4920 2146 9
4920 1533 9
4920 1608 9
4921 2013 8
4922 2287 5
4923 2051 5
4924 2626 5
4924 4466 1
4924 3902 9
4924 2445 6
4924 2491 9
4925 2589 2
4925 3577 8
4925 4807 10
4926 2190 5
4926 3968 10
4926 1662 10
4926 2794 9
4927 18 10
4928 2103 5
4928 305 3
4928 3629 10
4928 1444 2
4928 3701 9
4929 2072 2
4929 1822 1
4929 1589 10
4929 2259 3
4930 4912 4
4931 4643 5
4931 1389 8
4931 3255 1
4931 4470 9
4932 2603 8
4932 4322 5
4932 2622 7
4932 3973 1
4933 4617 8
4934 3520 3
4935 2858 10
4936 3995 5
4937 3367 2
4938 3913 6
4938 1527 9
4938 10 8
4938 3017 4
4939 2527 5
4939 1124 10
4939 3274 3
4939 2392 8
4939 1413 7
4940 1004 1
4940 1078 8
4940 3529 4
4941 284 2
4941 286 4
4941 1834 10
4941 1874 6
4942 1577 1
4943 909 9
4943 3624 8
4943 2499 2
4943 1054 1
4943 555 2
4944 1910 6
4944 3670 5
4944 2091 5
4944 2174 6
4944 3375 10
4945 1127 8
4945 153 4
4945 4169 3
4946 1006 6
4946 1342 4
4946 72 6
4947 1244 4
4947 1773 8
4947 4545 1
4948 3549 4
4949 4612 8
4949 3738 10
4949 722 1
4949 3081 9
4949 856 6
4950 2072 6
4950 400 4
4950 1246 2
4951 2851 4
4952 4237 10
4952 3771 1
4952 4194 9
4953 1144 9
4953 4914 8
4953 4352 8
4954 3535 7
4954 4922 2
4954 1747 3
4954 4390 2
4954 3345 10
4955 589 1
4956 2399 6
4956 759 8
4957 3531 8
4957 4413 10
4957 1631 4
4957 4697 1
4958 1011 7
4959 3951 4
4959 788 10
4960 1977 6
4960 3478 4
4960 386 10
4961 890 7
4961 1851 6
4961 433 7
4961 3704 7
4962 1310 2
4962 4561 2
4962 1908 10
4963 4562 6
4963 2651 7
4963 4708 8
4963 4824 10
4963 1207 3
4964 2622 10
4964 1809 1
4964 156 3
4964 711 1
4965 4783 5
4965 1569 3
4966 3221 8
4966 2610 6
4967 3893 6
4967 2512 3
4967 1957 6
4967 829 5
4967 3407 6
4968 4570 9
4968 3202 9
4968 4612 3
4968 445 2
4968 4751 10
4969 1905 9
4969 3072 4
4969 1992 3
4969 1385 9
4969 3729 1
4970 4501 8
4970 3196 8
4971 579 7
4971 650 7
4972 3175 3
4972 1669 2
4972 2811 3
4972 1468 1
4972 951 6
4973 351 5
4973 4936 1
4973 2936 7
4973 2279 2
4974 4512 7
4974 3601 4
4974 1288 10
4975 3120 9
4976 1921 7
4976 2293 4
4976 1158 8
4976 2121 8
4976 2778 1
4977 294 10
4977 865 10
4977 4660 1
4977 4657 6
4977 226 3
4978 3765 4
4978 2677 6
4978 1362 2
4978 3889 10
4979 3774 7
4979 1154 6
4979 770 7
4980 1520 10
4981 4125 9
4981 2352 9
4982 542 10
4982 4745 3
4982 2910 2
4982 3496 3
4983 1369 3
4983 4372 1
4983 186 5
4983 3949 7
4983 1871 5
4984 3734 10
4984 669 7
4984 4506 5
4984 3089 6
4985 3173 5
4985 3013 1
4985 1058 7
4986 1848 10
4986 2674 6
4986 2399 10
4986 4393 7
4986 482 3
4987 3774 2
4988 2622 6
4989 3594 10
4989 535 10
4989 2915 3
4989 650 3
4989 3546 3
4990 2441 10
4990 3530 4
4991 1691 1
4992 3496 4
4992 562 9
4992 3547 2
4992 1955 10
4992 2182 8
4993 3251 3
4993 2986 5
4993 2164 4
4994 3229 2
4994 4235 6
4995 4844 10
4995 1777 1
4995 4367 2
4995 975 5
4996 1645 6
4996 2851 5
4996 1151 9
4997 3150 7
4997 4806 6
4998 1432 2
4998 3120 8
4998 4030 6
4998 4970 7
4998 3736 2
4999 4488 7
4999 160 7
4999 1490 9
4999 1500 6
4999 4330 2
5000 1242 6
5000 4167 9
5000 4570 6
