5000 0 0 1
2760 476 12
476 3072 6
3072 3872 8
3872 299 11
299 4828 12
4828 3274 13
3274 4526 10
4526 269 8
269 231 10
231 4096 11
4096 267 16
267 4968 1
4968 942 4
942 2166 9
2166 290 13
290 1704 2
1704 1801 13
1801 2367 15
2367 2276 16
2276 971 6
971 4750 15
4750 2559 6
2559 4784 16
4784 1374 8
1374 4709 4
4709 51 16
51 2212 10
2212 3760 4
3760 2586 8
2586 4005 20
4005 2851 11
2851 4720 9
4720 3414 15
3414 2233 10
2233 526 18
526 4981 12
4981 4786 4
4786 4252 6
4252 4251 4
4251 3378 3
3378 1550 19
1550 1470 9
1470 3398 19
3398 2034 15
2034 1069 16
1069 2821 15
2821 1727 16
1727 2655 15
2655 4793 15
4793 3232 13
3232 3667 12
3667 757 17
757 4843 10
4843 3980 19
3980 1585 13
1585 3049 13
3049 2473 12
2473 4554 18
4554 3493 3
3493 2944 16
2944 4858 19
4858 2599 20
2599 2360 7
2360 4716 16
4716 2193 12
2193 4051 6
4051 1428 20
1428 2912 8
2912 3307 5
3307 2110 1
2110 1469 20
1469 874 3
874 1549 16
1549 3429 3
3429 798 9
798 1380 1
1380 1778 5
1778 286 12
286 1536 7
1536 3734 17
3734 2582 7
2582 2690 3
2690 3951 8
3951 3542 13
3542 4404 18
4404 2306 18
2306 2915 12
2915 3337 15
3337 3038 12
3038 1200 10
1200 1703 6
1703 1382 2
1382 625 1
625 1152 20
1152 3555 20
3555 2273 14
2273 4234 11
4234 4841 1
4841 1437 18
1437 1091 11
1091 2114 20
2114 2901 14
2901 4730 8
4730 2879 5
2879 705 18
705 3111 8
3111 2946 6
2946 3369 2
3369 2650 11
2650 4385 11
4385 2816 2
2816 3085 3
3085 101 7
101 4446 9
4446 3533 14
3533 3480 5
3480 2934 14
2934 3466 7
3466 4475 6
4475 4686 18
4686 1372 3
1372 4461 11
4461 638 14
638 2095 6
2095 45 18
45 381 3
381 4787 4
4787 4403 6
4403 2719 2
2719 3490 18
3490 1393 10
1393 50 9
50 3616 2
3616 3649 18
3649 2355 3
2355 654 6
654 503 14
503 2011 4
2011 4017 19
4017 2947 2
2947 4064 11
4064 3807 16
3807 2043 18
2043 189 19
189 1348 17
1348 900 4
900 3354 8
3354 2682 4
2682 1904 12
1904 4960 12
4960 4657 13
4657 3353 1
3353 1783 1
1783 296 9
296 3238 6
3238 4888 8
4888 1902 5
1902 1375 5
1375 3893 6
3893 2139 13
2139 4682 18
4682 3252 20
3252 2737 16
2737 2145 5
2145 655 20
655 788 11
788 4695 16
4695 3986 15
3986 494 14
494 1844 18
1844 2246 14
2246 4645 4
4645 2411 5
2411 2379 10
2379 325 2
325 734 12
734 707 8
707 4652 8
4652 799 7
799 4178 20
4178 2113 10
2113 901 14
901 1823 10
1823 1218 20
1218 4126 13
4126 810 8
810 3702 10
3702 70 10
70 4726 1
4726 3103 7
3103 1809 20
1809 1690 7
1690 3578 11
3578 4138 4
4138 4983 14
4983 1615 7
1615 2584 5
2584 3402 5
3402 4452 2
4452 2601 1
2601 1501 11
1501 484 13
484 891 13
891 1221 10
1221 945 15
945 1817 13
1817 1554 20
1554 4768 11
4768 3595 7
3595 371 1
371 4054 7
4054 46 19
46 3350 3
3350 1948 17
1948 1157 4
1157 322 9
322 1096 19
1096 4546 7
4546 439 7
439 4746 17
4746 3562 12
3562 2129 2
2129 3421 15
3421 593 18
593 106 14
106 4243 7
4243 4386 7
4386 3513 19
3513 316 2
316 3658 13
3658 1938 9
1938 103 13
103 1900 3
1900 1122 15
1122 3311 15
3311 3717 20
3717 2490 3
2490 2118 7
2118 4937 20
4937 1041 20
1041 3975 12
3975 4284 19
4284 4029 19
4029 100 20
100 2569 19
2569 4887 2
4887 4266 18
4266 2646 12
2646 1654 5
1654 3633 8
3633 4656 9
4656 509 13
509 3996 8
3996 3195 1
3195 3939 20
3939 1045 7
1045 1545 1
1545 4696 1
4696 53 4
53 4472 8
4472 2495 9
2495 4634 9
4634 563 1
563 1634 1
1634 1995 7
1995 3492 18
3492 2818 12
2818 329 17
329 3244 14
3244 2494 8
2494 1284 5
1284 4239 11
4239 2017 19
2017 4098 11
4098 210 15
210 596 7
596 4985 20
4985 3280 1
3280 2813 17
2813 2525 10
2525 4766 4
4766 1618 13
1618 4754 20
4754 4184 13
4184 1481 6
1481 1422 12
1422 2 15
2 3497 1
3497 459 15
459 1105 11
1105 2454 8
2454 3222 11
3222 4920 1
4920 4780 15
4780 2168 12
2168 199 18
199 3464 1
3464 2854 14
2854 4242 8
4242 2898 11
2898 4097 19
4097 493 16
493 1747 2
1747 1982 13
1982 3884 15
3884 3276 20
3276 770 10
770 4691 17
4691 3207 17
3207 4223 12
4223 2291 19
2291 2928 6
2928 3804 15
3804 463 4
463 3871 4
3871 2619 8
2619 4706 16
4706 1137 10
1137 4938 5
4938 677 6
677 3652 13
3652 3825 13
3825 2513 4
2513 3950 4
3950 2040 8
2040 2119 15
2119 3997 18
3997 4079 17
4079 3553 5
3553 4141 12
4141 1947 7
1947 1951 18
1951 3727 12
3727 402 6
402 4865 18
4865 4542 12
4542 4267 15
4267 4767 7
4767 3552 19
3552 1180 4
1180 57 14
57 3408 8
3408 3930 17
3930 2112 8
2112 1150 20
1150 4723 10
4723 3470 12
3470 2755 5
2755 2606 1
2606 2805 13
2805 4658 9
4658 3152 16
3152 4032 19
4032 1680 18
1680 4722 13
4722 268 7
268 3163 10
3163 496 11
496 875 3
875 500 1
500 2578 16
2578 1046 4
1046 153 4
153 3159 2
3159 4317 15
4317 1895 3
1895 2929 1
2929 2592 15
2592 3075 18
3075 76 2
76 3938 19
3938 4601 16
4601 3068 2
3068 880 16
880 4166 5
4166 1687 15
1687 4325 7
4325 4207 15
4207 1305 20
1305 2590 20
2590 769 4
769 507 9
507 1389 4
1389 2235 9
2235 2632 17
2632 1371 17
1371 1356 17
1356 1381 11
1381 1663 13
1663 520 12
520 2516 9
2516 3861 3
3861 4374 20
4374 2891 5
2891 4171 12
4171 871 5
871 3332 14
3332 4246 19
4246 1136 10
1136 2486 14
2486 1971 17
1971 663 3
663 2506 8
2506 541 3
541 2600 7
2600 3234 8
3234 1398 2
1398 109 4
109 4611 4
4611 247 11
247 1084 7
1084 2784 4
2784 1295 6
1295 246 7
246 2195 2
2195 1056 17
1056 4593 11
4593 1786 3
1786 3370 5
3370 4419 15
4419 4142 20
4142 3882 5
3882 242 1
242 4145 6
4145 3439 14
3439 4296 16
4296 1017 7
1017 1117 2
1117 1417 11
1417 2466 15
2466 1188 7
1188 2875 14
2875 4292 9
4292 2531 7
2531 4175 5
4175 4818 8
4818 1029 16
1029 802 5
802 1845 18
1845 2945 15
2945 2766 3
2766 4924 15
4924 4365 15
4365 1385 19
1385 733 10
733 1977 16
1977 659 20
659 923 6
923 682 14
682 4106 16
4106 400 9
400 1397 11
1397 964 20
964 61 16
61 2544 16
2544 4301 10
4301 2258 6
2258 3843 6
3843 2856 1
2856 278 18
278 543 3
543 4353 8
4353 3061 4
3061 4911 15
4911 1175 19
1175 4904 18
4904 1583 8
1583 3100 9
3100 4407 7
4407 924 15
924 139 16
139 2560 10
2560 3611 11
3611 1128 4
1128 428 1
428 1427 5
1427 849 15
849 731 2
731 1057 7
1057 2146 17
2146 4804 11
4804 40 20
40 85 12
85 2243 16
2243 1286 13
1286 1768 19
1768 3258 8
3258 3612 16
3612 1141 4
1141 3530 14
3530 3008 19
3008 283 8
283 62 14
62 3191 8
3191 3155 12
3155 960 14
960 3199 2
3199 981 19
981 2834 17
2834 950 10
950 1700 10
1700 4714 3
4714 3487 5
3487 2778 8
2778 2088 14
2088 4505 14
4505 2990 13
2990 4671 10
4671 4288 13
4288 2903 3
2903 1882 13
1882 94 13
94 1944 7
1944 1394 8
1394 1682 4
1682 1670 5
1670 1515 5
1515 1219 7
1219 365 2
365 698 15
698 1566 4
1566 495 1
495 512 20
512 1266 1
1266 618 16
618 64 5
64 2957 5
2957 2257 2
2257 1609 6
1609 434 16
434 2763 7
2763 3174 9
3174 1974 18
1974 2242 6
2242 3263 17
3263 2509 16
2509 128 6
128 1020 8
1020 1502 19
1502 392 11
392 661 5
661 2794 7
2794 2050 3
2050 2670 9
2670 2893 2
2893 10 2
10 350 19
350 3295 14
3295 856 10
856 1559 3
1559 1927 18
1927 2554 15
2554 3849 4
3849 3761 17
3761 3486 3
3486 1592 6
1592 1229 10
1229 4869 2
4869 4521 14
4521 3416 13
3416 3823 12
3823 3069 1
3069 1217 6
1217 2408 15
2408 2972 6
2972 995 4
995 3953 3
3953 3217 12
3217 3624 20
3624 1133 17
1133 3536 14
3536 2135 20
2135 58 19
58 119 6
119 3590 14
3590 4023 16
4023 2906 9
2906 3746 4
3746 4451 4
4451 4873 2
4873 2807 20
2807 3091 7
3091 666 13
666 2610 17
2610 815 19
815 4906 15
4906 1288 8
1288 3135 18
3135 1435 19
1435 2580 6
2580 4662 16
4662 2849 4
2849 709 1
709 3548 17
3548 3762 11
3762 2084 14
2084 1095 10
1095 313 5
313 4790 4
4790 282 15
282 2874 13
2874 2203 10
2203 4999 3
4999 4649 4
4649 962 7
962 1755 7
1755 2230 7
2230 4797 2
4797 2298 15
2298 2762 20
2762 1820 9
1820 129 11
129 1444 9
1444 3607 14
3607 3481 3
3481 2348 11
2348 3875 9
3875 2406 3
2406 3914 8
3914 3558 18
3558 2173 16
2173 4812 1
4812 4285 11
4285 1456 18
1456 2596 9
2596 372 3
372 1104 5
1104 1178 20
1178 1764 4
1764 990 12
990 2289 20
2289 1573 2
1573 3571 20
3571 3400 7
3400 1620 11
1620 3508 7
3508 922 15
922 3835 6
3835 4218 12
4218 1916 17
1916 4816 10
4816 931 19
931 105 14
105 2481 8
2481 2019 5
2019 2350 14
2350 55 4
55 4370 14
4370 4038 13
4038 3812 3
3812 1239 13
1239 1269 2
1269 4424 20
4424 2312 17
2312 4302 12
4302 1793 1
1793 4707 2
4707 2211 15
2211 3725 16
3725 2630 3
2630 1790 16
1790 4411 13
4411 1996 6
1996 2423 8
2423 266 5
266 184 18
184 4821 16
4821 1507 18
1507 4892 9
4892 4343 10
4343 3417 16
3417 3713 2
3713 732 9
732 4594 14
4594 3891 3
3891 2470 15
2470 3963 17
3963 2913 16
2913 1241 12
1241 3045 7
3045 285 11
285 2907 8
2907 1743 2
1743 4186 17
4186 1857 13
1857 3673 20
3673 1617 18
1617 4758 17
4758 1087 13
1087 1698 8
1698 967 11
967 4496 13
4496 3791 17
3791 4979 18
4979 620 3
620 2732 8
2732 957 20
957 1207 16
1207 4683 2
4683 304 10
304 4543 20
4543 4765 19
4765 361 5
361 151 16
151 4183 10
4183 1521 10
1521 3753 5
3753 301 2
301 2307 10
2307 1610 4
1610 3248 18
3248 635 11
635 830 17
830 4820 16
4820 1321 2
1321 198 4
198 1498 2
1498 1166 13
1166 1653 12
1653 4650 14
4650 1949 14
1949 2744 7
2744 152 20
152 4136 2
4136 1070 9
1070 4583 7
4583 1289 4
1289 4923 4
4923 1222 8
1222 2722 13
2722 227 7
227 4013 17
4013 4852 20
4852 513 7
513 933 15
933 1648 10
1648 4160 2
4160 4245 20
4245 1954 11
1954 667 20
667 718 7
718 1079 3
1079 2093 18
2093 4427 8
4427 3105 3
3105 615 5
615 263 6
263 752 7
752 587 5
587 750 5
750 3055 9
3055 2108 8
2108 976 10
976 49 8
49 259 10
259 245 12
245 847 12
847 2455 19
2455 782 10
782 2268 14
2268 453 6
453 4792 13
4792 1344 11
1344 226 2
226 3460 17
3460 2214 19
2214 4926 17
4926 369 15
369 3959 15
3959 1935 17
1935 778 9
778 1161 12
1161 4318 11
4318 4468 19
4468 4041 14
4041 1715 17
1715 2520 18
2520 2318 17
2318 3142 7
3142 4154 5
4154 3946 12
3946 3065 18
3065 4978 18
4978 2716 12
2716 2833 2
2833 4961 12
4961 347 13
347 1292 18
1292 2491 18
2491 4214 8
4214 3529 18
3529 2953 14
2953 2556 12
2556 3998 3
3998 3006 10
3006 1053 20
1053 4221 4
4221 4748 18
4748 3018 18
3018 4597 8
4597 3767 10
3767 202 10
202 4085 12
4085 3814 6
3814 1720 11
1720 560 18
560 3927 5
3927 146 14
146 4047 8
4047 3523 19
3523 4670 7
4670 3994 17
3994 4062 14
4062 2161 17
2161 1640 1
1640 4718 11
4718 3966 10
3966 2324 9
2324 2347 4
2347 575 1
575 3984 6
3984 4629 2
4629 2032 6
2032 1224 8
1224 3218 18
3218 4704 8
4704 1525 4
1525 1582 1
1582 2751 4
2751 1318 15
1318 2576 7
2576 2926 20
2926 422 13
422 111 16
111 66 8
66 1329 19
1329 3479 14
3479 303 13
303 3696 16
3696 4534 4
4534 1332 10
1332 3785 9
3785 104 6
104 1825 5
1825 4540 3
4540 1167 9
1167 1821 19
1821 2890 9
2890 1504 7
1504 2529 5
2529 2089 18
2089 3714 4
3714 3620 16
3620 3165 12
3165 4890 6
4890 324 20
324 3972 7
3972 1581 5
1581 4760 2
4760 1127 19
1127 1892 12
1892 2302 12
2302 2508 9
2508 2271 1
2271 3283 15
3283 2613 12
2613 4813 7
4813 1835 20
1835 1250 7
1250 4281 4
4281 1853 1
1853 3874 12
3874 740 11
740 449 16
449 892 13
892 827 12
827 48 1
48 4669 14
4669 4163 17
4163 742 3
742 2427 17
2427 755 2
755 3019 14
3019 3424 7
3424 720 18
720 162 17
162 953 4
953 2882 8
2882 2504 1
2504 1253 9
1253 4115 3
4115 1710 15
1710 382 11
382 4964 8
4964 3440 18
3440 2260 7
2260 3653 14
3653 1182 11
1182 3362 11
3362 729 13
729 4072 6
4072 1384 14
1384 1464 16
1464 423 4
423 696 12
696 1426 12
1426 1831 15
1831 276 16
276 3360 5
3360 279 5
279 2451 7
2451 805 6
805 3396 14
3396 2909 20
2909 2758 15
2758 1991 18
1991 1085 14
1085 533 3
533 1866 10
1866 695 1
695 74 9
74 1748 17
1748 3275 20
3275 725 2
725 481 20
481 3056 5
3056 3639 16
3639 3314 4
3314 4518 18
4518 2976 5
2976 1622 1
1622 4531 10
4531 4996 1
4996 1153 19
1153 1603 20
1603 538 11
538 311 8
311 4 8
4 2134 7
2134 1294 14
1294 1511 13
1511 529 13
529 4620 4
4620 1729 13
1729 2602 17
2602 4774 8
4774 3196 2
3196 82 1
82 65 13
65 1516 20
1516 3665 14
3665 4798 16
4798 4177 18
4177 881 18
881 306 4
306 2940 19
2940 3428 2
3428 321 12
321 3813 12
3813 3143 9
3143 4192 3
4192 2964 14
2964 4872 6
4872 92 18
92 3219 7
3219 2994 3
2994 838 4
838 1850 3
1850 3973 12
3973 1458 16
1458 150 1
150 4530 15
4530 3739 20
3739 4896 10
4896 4002 10
4002 4457 12
4457 4007 2
4007 4124 16
4124 1619 13
1619 1438 16
1438 2336 11
2336 1528 4
1528 2381 18
2381 3268 19
3268 117 1
117 4901 19
4901 3082 10
3082 3039 18
3039 4966 15
4966 2503 18
2503 4876 14
4876 4483 15
4483 3867 2
3867 626 5
626 3404 4
3404 3910 13
3910 2426 17
2426 2725 8
2725 3269 19
3269 1068 18
1068 4515 11
4515 681 4
681 3539 14
3539 4308 18
4308 114 9
114 646 9
646 1924 18
1924 3575 14
3575 3818 15
3818 1518 16
1518 4641 19
4641 3262 16
3262 3194 12
3194 973 2
973 700 4
700 812 7
812 1 15
1 3535 16
3535 44 12
44 2734 14
2734 4420 8
4420 3663 3
3663 3556 5
3556 3005 4
3005 277 8
277 3597 20
3597 2792 9
2792 4232 20
4232 2229 9
2229 2598 3
2598 2044 5
2044 687 17
687 1412 3
1412 3079 17
3079 4891 13
4891 1832 11
1832 4297 3
4297 4078 18
4078 3915 14
3915 3853 1
3853 1007 14
1007 2064 6
2064 2376 3
2376 551 20
551 1966 14
1966 4395 11
4395 3434 6
3434 3447 1
3447 3600 15
3600 2402 1
2402 1908 18
1908 3703 18
3703 887 6
887 3469 1
3469 3630 13
3630 248 14
248 1839 20
1839 2971 13
2971 430 14
430 3114 18
3114 1669 1
1669 741 2
741 4737 14
4737 4258 20
4258 4324 3
4324 1684 11
1684 1597 9
1597 3899 12
3899 188 3
188 2438 9
2438 1197 6
1197 1492 5
1492 629 15
629 41 16
41 4838 13
4838 1819 1
1819 4442 20
4442 688 6
688 4848 6
4848 1989 15
1989 2712 15
2712 1574 10
1574 2989 3
2989 1158 11
1158 2489 10
2489 4504 11
4504 1363 12
1363 4947 4
4947 1081 8
1081 4731 20
4731 836 16
836 1499 12
1499 637 13
637 3420 11
3420 4024 19
4024 2401 7
2401 4170 18
4170 275 4
275 1494 3
1494 4430 11
4430 2604 7
2604 1945 8
1945 2752 1
2752 1632 7
1632 4724 17
4724 4536 8
4536 9 15
9 4809 6
4809 1910 18
1910 4314 10
4314 2498 11
2498 627 1
627 3858 3
3858 4095 12
4095 1090 7
1090 1060 6
1060 3659 18
3659 280 7
280 2066 13
2066 2249 19
2249 4690 8
4690 3772 3
3772 954 3
954 2656 1
2656 1862 3
1862 2460 7
2460 3198 20
3198 3372 7
3372 2352 5
2352 3936 20
3936 3676 5
3676 3028 15
3028 628 6
628 2767 18
2767 1319 2
1319 2575 20
2575 2855 17
2855 4465 6
4465 3851 15
3851 4661 1
4661 1645 20
1645 3880 8
3880 4129 13
4129 490 7
490 822 15
822 571 13
571 1627 19
1627 3042 11
3042 3204 19
3204 410 9
410 492 18
492 2660 9
2660 293 3
293 2213 7
2213 4040 9
4040 2361 19
2361 3261 1
3261 3472 15
3472 2074 1
2074 475 3
475 928 1
928 4675 16
4675 3246 15
3246 2597 4
2597 3857 3
3857 1709 8
1709 3355 2
3355 2296 13
2296 20 4
20 2285 3
2285 3017 5
3017 1708 15
1708 2949 20
2949 2524 14
2524 4081 17
4081 2963 13
2963 623 11
623 395 5
395 1527 14
1527 4454 4
4454 356 11
356 3101 8
3101 3732 7
3732 4851 15
4851 4558 17
4558 141 11
141 3848 5
3848 1112 20
1112 4517 12
4517 4886 20
4886 2201 12
2201 3559 11
3559 3637 12
3637 3977 12
3977 899 3
899 4071 10
4071 4769 4
4769 4626 6
4626 47 17
47 1341 18
1341 2196 13
2196 1686 17
1686 3745 17
3745 2104 19
2104 4339 4
4339 3345 9
3345 2190 8
2190 2054 8
2054 4845 3
4845 602 2
602 4272 20
4272 1607 14
1607 1290 6
1290 3505 1
3505 1304 18
1304 4570 6
4570 4240 8
4240 2923 17
2923 4151 2
4151 465 3
465 4445 3
4445 2244 15
2244 2895 14
2895 2204 12
2204 2254 3
2254 379 4
379 909 11
909 1213 1
1213 348 13
348 1468 12
1468 3862 20
3862 4945 14
4945 1238 8
1238 821 20
821 3127 20
3127 4759 2
4759 2209 9
2209 2938 14
2938 3074 1
3074 4153 15
4153 3661 12
3661 4102 9
4102 4729 1
4729 3926 13
3926 4396 7
4396 3670 16
3670 3543 20
3543 167 14
167 4567 18
4567 1484 2
1484 1461 17
1461 999 17
999 1097 16
1097 4507 16
4507 536 4
536 2841 13
2841 3677 11
3677 1726 7
1726 89 1
89 11 20
11 3565 5
3565 3338 14
3338 564 4
564 1689 10
1689 3124 12
3124 448 10
448 2532 12
2532 4065 5
4065 2768 7
2768 2637 15
2637 343 12
343 2733 8
2733 3978 15
3978 1475 2
1475 4482 9
4482 253 1
253 1775 4
1775 2848 15
2848 2699 19
2699 261 18
261 4639 19
4639 2153 18
2153 1896 19
1896 364 19
364 281 15
281 515 1
515 4090 17
4090 3901 7
3901 1589 2
1589 4015 4
4015 3184 17
3184 631 3
631 408 7
408 4349 6
4349 3015 2
3015 2345 10
2345 1616 11
1616 552 14
552 1121 1
1121 1002 3
1002 3435 10
3435 3104 6
3104 3873 5
3873 911 6
911 791 2
791 4549 7
4549 2581 9
2581 2517 12
2517 2316 16
2316 2873 9
2873 1920 10
1920 2449 11
2449 3603 9
3603 4305 8
4305 3397 16
3397 4941 8
4941 1370 14
1370 2558 11
2558 2390 16
2390 2857 4
2857 825 20
825 166 10
166 1651 1
1651 1497 10
1497 4226 14
4226 3147 11
3147 1673 18
1673 4194 9
4194 213 11
213 36 4
36 2810 13
2810 3300 16
3300 3648 17
3648 1816 11
1816 1613 11
1613 3330 4
3330 4487 4
4487 3212 10
3212 2006 16
2006 1454 12
1454 1040 20
1040 3934 15
3934 411 5
411 240 4
240 2328 1
2328 113 3
113 4352 2
4352 4984 3
4984 1120 6
1120 2920 18
2920 4345 13
4345 2115 13
2115 159 15
159 1665 10
1665 3682 5
3682 2607 19
2607 1460 6
1460 3720 14
3720 344 8
344 3932 11
3932 444 10
444 4373 2
4373 4509 13
4509 2986 6
2986 640 6
640 255 13
255 4701 6
4701 4699 8
4699 480 13
480 776 8
776 3629 19
3629 4967 15
4967 4363 13
4363 2828 19
2828 3787 1
3787 342 13
342 2385 19
2385 3657 18
3657 3287 14
3287 2395 3
2395 1736 6
1736 3083 12
3083 3964 12
3964 2595 6
2595 1701 8
1701 252 9
252 4935 11
4935 3331 19
3331 1997 13
1997 1930 8
1930 605 15
605 1173 14
1173 4975 3
4975 1572 1
1572 3106 8
3106 970 5
970 540 2
540 3133 16
3133 4884 19
4884 1401 17
1401 2028 12
2028 617 1
617 297 18
297 4480 9
4480 4916 16
4916 719 9
719 4322 2
4322 1824 6
1824 415 15
415 2405 13
2405 1195 9
1195 706 12
706 2335 15
2335 1479 7
1479 3285 1
3285 1826 7
1826 2966 5
2966 3819 12
3819 3721 7
3721 2442 2
2442 2311 19
2311 3325 14
3325 1208 4
1208 3968 15
3968 955 1
955 1884 12
1884 929 20
929 4624 5
4624 1406 13
1406 2327 19
2327 3139 13
3139 693 10
693 335 19
335 221 1
221 867 19
867 4043 20
4043 2826 12
2826 1297 15
1297 2985 14
2985 559 15
559 1856 5
1856 2836 2
2836 1852 8
1852 2714 13
2714 1449 16
1449 2667 5
2667 1474 19
1474 1346 3
1346 2530 18
2530 1480 8
1480 3115 14
3115 2798 9
2798 4253 6
4253 4055 17
4055 471 11
471 4789 10
4789 2446 6
2446 2710 14
2710 363 14
363 2914 2
2914 895 13
895 4390 19
4390 726 9
726 2621 10
2621 2269 15
2269 3992 12
3992 2012 2
2012 2200 10
2200 3793 13
3793 3277 5
3277 3981 11
3981 3845 3
3845 87 14
87 4358 4
4358 4233 20
4233 4874 7
4874 2248 10
2248 516 5
516 359 11
359 1614 11
1614 3319 14
3319 3289 7
3289 1036 11
1036 3415 3
3415 843 18
843 336 8
336 1267 7
1267 1275 4
1275 3431 3
3431 3383 5
3383 2151 17
2151 3678 16
3678 3145 9
3145 657 11
657 1531 5
1531 4871 20
4871 1360 19
1360 878 4
878 3710 12
3710 2852 3
2852 2123 16
2123 224 3
224 3270 9
3270 3151 20
3151 2783 13
2783 3634 14
3634 4839 11
4839 287 13
287 779 14
779 3413 13
3413 2511 17
2511 918 1
918 3731 14
3731 4527 3
4527 2419 5
2419 489 1
489 3141 10
3141 4814 5
4814 716 1
716 1262 13
1262 4564 9
4564 3475 18
3475 1718 11
1718 3517 16
3517 86 10
86 320 1
320 4229 14
4229 2958 20
2958 474 2
474 4958 8
4958 998 14
998 3815 16
3815 3037 11
3037 3411 3
3411 2279 6
2279 2638 18
2638 2480 14
2480 3821 12
3821 328 6
328 1163 9
1163 2616 8
2616 97 16
97 2148 20
2148 2344 20
2344 3125 1
3125 2880 8
2880 3799 4
3799 137 17
137 3541 18
3541 1770 1
1770 1257 9
1257 4334 14
4334 3193 16
3193 1561 18
1561 2978 17
2978 3989 13
3989 2217 13
2217 2326 8
2326 1754 14
1754 630 17
630 438 3
438 4230 12
4230 4977 12
4977 839 2
839 452 7
452 3427 5
3427 3833 3
3833 1100 18
1100 1571 9
1571 3751 1
3751 2514 10
2514 154 17
154 3205 10
3205 522 6
522 298 8
298 2974 17
2974 160 16
160 760 6
760 218 13
218 1390 9
1390 3126 7
3126 1379 18
1379 2038 2
2038 2116 15
2116 445 18
445 4791 11
4791 3728 13
3728 4379 10
4379 2512 20
2512 800 15
800 4093 6
4093 1176 10
1176 4698 17
4698 588 1
588 4057 18
4057 2820 17
2820 3645 3
3645 339 20
339 3940 16
3940 2671 15
2671 2453 10
2453 565 2
565 783 13
783 1148 19
1148 3831 19
3831 3335 1
3335 4857 8
4857 3625 2
3625 3118 3
3118 1184 19
1184 71 1
71 2029 8
2029 3864 8
3864 2081 16
2081 4684 9
4684 2136 13
2136 3040 8
3040 4535 2
4535 3255 6
3255 1859 16
1859 401 10
401 2797 1
2797 4003 3
4003 1899 4
1899 4544 17
4544 4927 10
4927 3971 13
3971 302 5
302 3583 7
3583 508 11
508 4519 4
4519 908 8
908 3430 20
3430 2018 17
2018 2969 4
2969 4972 10
4972 4182 1
4182 672 7
672 3012 15
3012 1362 16
1362 4418 4
4418 4912 11
4912 3797 12
3797 1342 9
1342 527 7
527 3057 3
3057 2415 19
2415 1391 3
1391 2968 2
2968 674 15
674 1659 4
1659 2022 16
2022 823 4
823 2150 19
2150 1815 9
1815 636 9
636 4063 14
4063 2027 9
2027 391 1
391 15 5
15 1759 20
1759 1508 3
1508 3585 3
3585 3134 3
3134 883 14
883 898 8
898 4897 2
4897 1155 8
1155 4653 15
4653 2726 11
2726 491 10
491 1843 15
1843 3229 11
3229 385 14
385 1672 17
1672 4917 5
4917 2548 3
2548 3827 14
3827 3860 10
3860 2553 7
2553 4249 14
4249 4202 16
4202 722 1
722 1811 20
1811 3855 1
3855 544 13
544 4196 20
4196 728 8
728 3060 15
3060 1303 20
1303 2937 10
2937 3359 19
3359 2383 20
2383 1771 13
1771 3765 2
3765 4590 7
4590 1598 17
1598 2860 13
2860 2781 8
2781 2485 10
2485 1841 2
1841 429 15
429 2083 20
2083 3495 8
3495 2876 17
2876 4895 11
4895 4506 16
4506 4969 15
4969 1327 11
1327 1233 13
1233 3654 11
3654 4135 16
4135 2771 4
2771 2187 12
2187 2062 7
2062 43 4
43 4323 18
4323 4329 9
4329 1223 7
1223 1676 12
1676 3701 12
3701 3192 3
3192 4137 12
4137 824 17
824 2997 4
2997 1965 16
1965 388 2
388 264 4
264 1532 2
1532 4455 7
4455 3323 6
3323 4587 9
4587 1415 12
1415 4088 3
4088 3602 8
3602 2930 4
2930 3009 9
3009 1314 5
1314 1067 3
1067 854 14
854 4372 1
4372 4860 6
4860 4744 14
4744 1796 16
1796 1800 7
1800 4929 16
4929 4980 5
4980 3774 3
3774 2047 6
2047 3970 6
3970 1418 11
1418 2170 7
2170 4337 11
4337 2673 9
2673 1270 9
1270 2441 12
2441 483 6
483 3322 1
3322 3979 20
3979 1745 19
1745 228 3
228 182 9
182 2789 8
2789 2164 5
2164 3777 10
3777 3259 14
3259 569 10
569 4922 1
4922 3304 18
3304 4713 1
4713 416 2
416 1078 12
1078 4193 10
4193 3113 2
3113 4172 5
4172 2827 9
2827 2618 7
2618 1803 8
1803 2950 19
2950 1723 14
1723 1987 19
1987 4400 12
4400 2155 12
2155 2412 1
2412 2902 3
2902 3375 20
3375 4350 16
4350 3282 2
3282 3942 4
3942 3433 15
3433 1473 14
1473 1519 5
1519 2342 5
2342 3554 20
3554 1177 5
1177 1714 6
1714 1462 12
1462 2707 14
2707 4928 13
4928 258 12
258 1558 17
1558 4993 9
4993 2623 3
2623 1932 20
1932 1880 2
1880 1794 5
1794 4107 2
4107 1107 6
1107 4692 10
4692 4785 17
4785 4756 9
4756 1552 11
1552 2981 15
2981 3698 17
3698 888 13
888 1733 16
1733 4466 2
4466 4162 10
4162 4206 20
4206 4477 20
4477 4794 9
4794 2046 5
2046 4939 17
4939 4608 9
4608 2377 3
2377 1336 15
1336 3030 19
3030 2275 1
2275 1168 20
1168 3387 18
3387 1245 3
1245 2706 20
2706 3929 12
3929 4220 4
4220 2036 16
2036 1052 12
1052 2916 3
2916 140 16
140 2745 1
2745 1922 5
1922 233 19
233 684 19
684 771 13
771 4082 10
4082 611 10
611 1874 10
1874 1264 1
1264 4470 18
4470 531 4
531 80 17
80 650 12
650 2160 19
2160 2844 16
2844 4011 12
4011 2615 14
2615 223 2
223 2835 18
2835 2197 20
2197 2863 16
2863 4582 18
4582 4489 20
4489 4655 17
4655 467 10
467 609 7
609 270 18
270 4340 17
4340 173 7
173 988 12
988 466 1
466 2639 9
2639 3138 19
3138 2721 5
2721 3642 9
3642 2636 5
2636 3436 7
3436 965 18
965 834 8
834 2550 13
2550 1886 5
1886 2995 4
2995 1066 1
1066 1992 20
1992 4459 5
4459 3788 15
3788 79 3
79 3007 17
3007 4827 13
4827 3373 20
3373 1753 8
1753 2478 10
2478 4673 15
4673 1123 3
1123 1570 13
1570 1785 17
1785 4615 3
4615 2545 9
2545 912 15
912 4648 5
4648 3509 4
3509 1189 20
1189 2375 17
2375 4898 11
4898 3933 16
3933 4954 11
4954 3010 16
3010 1337 11
1337 3931 8
3931 2444 6
2444 4212 18
4212 1432 14
1432 3381 15
3381 3144 18
3144 1116 8
1116 1058 19
1058 4437 18
4437 2169 13
2169 826 3
826 4022 10
4022 447 19
447 1212 1
1212 3947 18
3947 4925 5
4925 4471 14
4471 1999 5
1999 156 1
156 2215 17
2215 4428 12
4428 2225 18
2225 2665 5
2665 3689 13
3689 4623 10
4623 797 8
797 4159 7
4159 4835 18
4835 2643 19
2643 1624 9
1624 4575 2
4575 4936 3
4936 2305 4
2305 144 4
144 727 15
727 3817 8
3817 3580 18
3580 1599 7
1599 3935 15
3935 537 5
537 29 20
29 4902 15
4902 3988 6
3988 3438 2
3438 1712 19
1712 4351 20
4351 1533 3
1533 2079 12
2079 4313 16
4313 292 6
292 2086 10
2086 4333 13
4333 4336 20
4336 1769 12
1769 2622 6
2622 194 2
194 3610 2
3610 3588 13
3588 2617 3
2617 4711 2
4711 3208 3
3208 3956 15
3956 3403 15
3403 1600 7
1600 4736 19
4736 4276 13
4276 3635 20
3635 134 1
134 257 16
257 4148 10
4148 1630 1
1630 4826 20
4826 724 3
724 1276 6
1276 4800 18
4800 4228 3
4228 1008 1
1008 3706 5
3706 1400 20
1400 4870 9
4870 2967 5
2967 3153 8
3153 841 3
841 4635 14
4635 4059 20
4059 1077 7
1077 3407 10
3407 399 2
399 3919 10
3919 920 4
920 3437 17
3437 4222 19
4222 2366 18
2366 3271 17
3271 380 5
380 980 14
980 1443 3
1443 3937 1
3937 1854 16
1854 4563 14
4563 91 12
91 2631 14
2631 366 11
366 488 6
488 737 18
737 4643 20
4643 1226 12
1226 1331 12
1331 3340 5
3340 2649 1
2649 3137 15
3137 3498 16
3498 4579 2
4579 1628 9
1628 195 2
195 4099 14
4099 4130 5
4130 1962 15
1962 1602 12
1602 4499 3
4499 2965 18
2965 4819 8
4819 4513 7
4513 42 4
42 2579 13
2579 1575 18
1575 3425 8
3425 3164 13
3164 2954 5
2954 2274 7
2274 1488 12
1488 3733 14
3733 4537 12
4537 3511 13
3511 14 13
14 3801 12
3801 1526 15
1526 1248 4
1248 4950 3
4950 3078 1
3078 72 17
72 987 2
987 2641 1
2641 454 7
454 178 10
178 4982 11
4982 2662 17
2662 1326 8
1326 2299 18
2299 4557 2
4557 1851 4
1851 1855 18
1855 4512 8
4512 2555 6
2555 762 10
762 4640 11
4640 4651 7
4651 3462 4
3462 3781 15
3781 1259 7
1259 619 18
619 4348 18
4348 1933 1
1933 1300 13
1300 4859 3
4859 4123 14
4123 4882 10
4882 1671 17
1671 3564 19
3564 4110 19
4110 4568 18
4568 1990 19
1990 1093 16
1093 2653 9
2653 872 20
872 2067 11
2067 4048 12
4048 3916 18
3916 711 6
711 893 14
893 4592 3
4592 4545 6
4545 3247 20
3247 499 16
499 1439 17
1439 1644 14
1644 1016 1
1016 4073 7
4073 1706 19
1706 98 16
98 4573 6
4573 1926 4
1926 2177 15
2177 3043 14
3043 2742 7
2742 73 20
73 1486 16
1486 4416 7
4416 4622 20
4622 2143 18
2143 3394 10
3394 60 6
60 2065 2
2065 3467 20
3467 192 7
192 4646 6
4646 3187 15
3187 3638 14
3638 3877 10
3877 4719 10
4719 2210 9
2210 1333 14
1333 3822 10
3822 3742 2
3742 694 19
694 1151 7
1151 2609 8
2609 2715 12
2715 4235 17
4235 4084 9
4084 4616 1
4616 130 16
130 1666 8
1666 2780 14
2780 4990 14
4990 1964 14
1964 832 14
832 3836 6
3836 468 11
468 1697 13
1697 4688 19
4688 846 2
846 3983 13
3983 203 15
203 349 5
349 4832 16
4832 181 17
181 142 19
142 858 16
858 4637 12
4637 4589 3
4589 2370 1
2370 2188 10
2188 3723 15
3723 2224 11
2224 4189 9
4189 896 1
896 215 11
215 4263 7
4263 4580 2
4580 1668 3
1668 1742 19
1742 2573 6
2573 3027 13
3027 4850 6
4850 2439 4
2439 1421 3
1421 4134 7
4134 355 11
355 3707 5
3707 1113 19
1113 3868 15
3868 2120 19
2120 1707 5
1707 3641 2
3641 479 11
479 3382 14
3382 4150 12
4150 478 9
478 604 11
604 983 13
983 1273 5
1273 2589 3
2589 748 3
748 600 7
600 3120 11
3120 1019 18
1019 1647 19
1647 546 17
546 4490 10
4490 3887 2
3887 3912 3
3912 926 12
926 4605 13
4605 4155 9
4155 3385 6
3385 2659 5
2659 4689 20
4689 59 14
59 190 20
190 4237 6
4237 592 17
592 3239 8
3239 3604 10
3604 1791 18
1791 758 6
758 756 4
756 1181 4
1181 1009 19
1009 3273 10
3273 2626 2
2626 3320 17
3320 177 13
177 1810 11
1810 2713 3
2713 108 15
108 4067 1
4067 1490 3
1490 572 1
572 3830 2
3830 1216 2
1216 1638 15
1638 4878 6
4878 2261 8
2261 1921 1
1921 417 16
417 90 17
90 616 9
616 502 13
502 3267 6
3267 1191 17
1191 3084 14
3084 157 10
157 703 14
703 4488 15
4488 975 15
975 1544 3
1544 2303 20
2303 1551 10
1551 1705 13
1705 2372 17
2372 27 10
27 689 1
689 4777 10
4777 1664 1
1664 1072 7
1072 3671 4
3671 1242 17
1242 4463 3
4463 3054 19
3054 4157 8
4157 2128 6
2128 2070 7
2070 4494 12
4494 2850 19
2850 3985 11
3985 309 14
309 3149 13
3149 3176 8
3176 2979 11
2979 149 6
149 1149 19
1149 3201 20
3201 4481 14
4481 4357 1
4357 2259 8
2259 3889 8
3889 3621 11
3621 1006 15
1006 4681 3
4681 2003 19
2003 759 8
759 1198 14
1198 505 20
505 1514 2
1514 4862 16
4862 3598 18
3598 2434 14
2434 4636 12
4636 2471 6
2471 3312 11
3312 1679 4
1679 3683 12
3683 2358 5
2358 23 17
23 3034 1
3034 668 7
668 2686 20
2686 230 12
230 2502 5
2502 582 17
582 4008 11
4008 2231 3
2231 4432 15
4432 3826 15
3826 1692 16
1692 3021 11
3021 3846 7
3846 613 1
613 1838 1
1838 4244 16
4244 31 8
31 3892 16
3892 1307 20
1307 2772 9
2772 2107 11
2107 3690 15
3690 2127 11
2127 2674 15
2674 1463 3
1463 2126 18
2126 1506 1
1506 2284 7
2284 2628 4
2628 2973 8
2973 2540 17
2540 2980 2
2980 4398 13
4398 4294 15
4294 4817 17
4817 4965 4
4965 1296 7
1296 2831 4
2831 2165 3
2165 4552 10
4552 3918 10
3918 3173 10
3173 804 6
804 3809 2
3809 4000 3
4000 4889 8
4889 393 12
393 122 4
122 3358 7
3358 4025 12
4025 2777 7
2777 3563 7
3563 138 7
138 3586 14
3586 1110 2
1110 946 6
946 4238 4
4238 1693 20
1693 1677 2
1677 4089 20
4089 26 1
26 4132 12
4132 4180 4
4180 885 15
885 4861 3
4861 4014 14
4014 2658 6
2658 2142 14
2142 1642 17
1642 2693 17
2693 4877 17
4877 1780 20
1780 3944 10
3944 4781 17
4781 2252 12
2252 4830 15
4830 1837 18
1837 2290 20
2290 3691 7
3691 2468 7
2468 3632 20
3632 1879 14
1879 2563 10
2563 2800 3
2800 4009 10
4009 3920 15
3920 2961 16
2961 3883 2
3883 2021 11
2021 4027 5
4027 1466 14
1466 2216 2
2216 3166 11
3166 4725 20
4725 1657 5
1657 170 16
170 2697 9
2697 1042 19
1042 2202 16
2202 4627 3
4627 3317 6
3317 3117 9
3117 2010 2
2010 1472 12
1472 1455 19
1455 179 13
179 32 16
32 1234 11
1234 2223 6
2223 4715 6
4715 1010 19
1010 1255 4
1255 3067 15
3067 3596 2
3596 238 12
238 3281 19
3281 2799 20
2799 2227 16
2227 2404 6
2404 3087 6
3087 1302 12
1302 1013 3
1013 124 17
124 610 5
610 456 10
456 3601 8
3601 2680 4
2680 3306 12
3306 1806 18
1806 2748 9
2748 4028 12
4028 1776 1
1776 1343 17
1343 440 17
440 3233 16
3233 4747 15
4747 4849 4
4849 249 11
249 237 8
237 3186 3
3186 1606 10
1606 2417 16
2417 4803 14
4803 2429 2
2429 4992 12
4992 4414 20
4414 1560 6
1560 2757 4
2757 1563 10
1563 1170 6
1170 1160 20
1160 968 10
968 1635 2
1635 2538 9
2538 1537 17
1537 1352 12
1352 1477 6
1477 2634 8
2634 1311 7
1311 3923 3
3923 1115 3
1115 3339 6
3339 4847 15
4847 2588 1
2588 4678 2
4678 642 14
642 2448 10
2448 2450 1
2450 1540 14
1540 4854 7
4854 1147 20
1147 2819 11
2819 2042 19
2042 1145 4
1145 2310 1
2310 16 10
16 4104 8
4104 2809 3
2809 2194 18
2194 4687 20
4687 317 12
317 4705 18
4705 3210 4
3210 4422 11
4422 1822 14
1822 4383 9
4383 3740 1
3740 2157 2
2157 21 5
21 4647 4
4647 4278 12
4278 3780 12
3780 4209 11
4209 2983 12
2983 375 1
375 2185 17
2185 3798 6
3798 2082 10
2082 4042 11
4042 1424 2
1424 966 18
966 1299 9
1299 1268 14
1268 3390 6
3390 3722 20
3722 4439 3
4439 3064 8
3064 2996 9
2996 1757 6
1757 4547 4
4547 3150 18
3150 2904 4
2904 4533 1
4533 1952 8
1952 2219 6
2219 1465 7
1465 4867 18
4867 4822 4
4822 4679 18
4679 4036 14
4036 3461 1
3461 1074 9
1074 4018 7
4018 4010 17
4010 2629 17
2629 504 15
504 2749 14
2749 394 8
394 2076 20
2076 1174 12
1174 3750 1
3750 1378 17
1378 2004 13
2004 4728 14
4728 1049 19
1049 1322 20
1322 2959 13
2959 3482 5
3482 985 1
985 3573 19
3573 2587 18
2587 886 7
886 4366 7
4366 1658 18
1658 3837 5
3837 2811 2
2811 1130 11
1130 641 18
641 1433 20
1433 4903 9
4903 3991 6
3991 3236 10
3236 180 10
180 4618 6
4618 940 4
940 2163 8
2163 1500 20
1500 1059 17
1059 4905 5
4905 472 5
472 3185 7
3185 1973 9
1973 2373 7
2373 1260 11
1260 991 1
991 235 2
235 4083 10
4083 2612 1
2612 2753 11
2753 4732 5
4732 3794 11
3794 1355 12
1355 3170 9
3170 3107 17
3107 3488 10
3488 2704 3
2704 1485 2
1485 936 3
936 3832 16
3832 534 16
534 1557 11
1557 2255 16
2255 4330 14
4330 1358 9
1358 4319 8
4319 3502 14
3502 206 4
206 2536 3
2536 4144 10
4144 3484 8
3484 1274 8
1274 2343 12
2343 1805 20
1805 368 3
368 265 18
265 205 10
205 1312 11
1312 1848 10
1848 323 12
323 333 4
333 1744 13
1744 209 18
209 2287 13
2287 1026 14
1026 3662 16
3662 863 8
863 4807 11
4807 1063 3
1063 2179 3
2179 2393 19
2393 2087 18
2087 4795 9
4795 1772 19
1772 4277 1
4277 785 16
785 4952 20
4952 3844 2
3844 943 2
943 4236 16
4236 1252 13
1252 1162 10
1162 4033 13
4033 3076 3
3076 1915 5
1915 806 16
806 817 15
817 4435 11
4435 645 7
645 477 8
477 4198 1
4198 3904 8
3904 1185 3
1185 175 12
175 1512 14
1512 1829 9
1829 250 9
250 3348 9
3348 4254 19
4254 1353 6
1353 3321 20
3321 1082 7
1082 2055 19
2055 1441 12
1441 432 8
432 652 3
652 2479 16
2479 1092 16
1092 584 2
584 2247 4
2247 219 16
219 2180 12
2180 4588 7
4588 3333 9
3333 3579 1
3579 3526 20
3526 3748 13
3748 3418 18
3418 1976 18
1976 1578 10
1578 2539 10
2539 4988 7
4988 4502 12
4502 1925 11
1925 2418 15
2418 3211 19
3211 3086 20
3086 3954 2
3954 1763 1
1763 3587 6
3587 3059 12
3059 469 10
469 992 20
992 3489 11
3489 3136 12
3136 2322 7
2322 3537 4
3537 4100 13
4100 2333 12
2333 1196 8
1196 1873 15
1873 232 1
232 3945 3
3945 2872 4
2872 4625 14
4625 1103 19
1103 3776 9
3776 185 3
185 2858 3
2858 107 9
107 2793 4
2793 3313 8
3313 4312 16
4312 2702 13
2702 1685 7
1685 3228 14
3228 4856 18
4856 4584 20
4584 360 16
360 1272 13
1272 680 17
680 419 7
419 2652 8
2652 2681 1
2681 1761 11
1761 337 16
337 4476 7
4476 2199 9
2199 519 16
519 2315 6
2315 1102 15
1102 1870 13
1870 2445 6
2445 510 4
510 3885 13
3885 2738 18
2738 1562 8
1562 2942 5
2942 528 8
528 1399 7
1399 1530 14
1530 3023 18
3023 2060 9
2060 3697 16
3697 784 6
784 2717 4
2717 4868 19
4868 3771 14
3771 3961 20
3961 1898 11
1898 4685 18
4685 4275 5
4275 2072 9
2072 406 13
406 548 7
548 3344 5
3344 1903 12
1903 525 17
525 4378 16
4378 4295 10
4295 4440 12
4440 4712 9
4712 2822 13
2822 2518 3
2518 2425 13
2425 2025 1
2025 3158 4
3158 2999 13
2999 501 4
501 2397 13
2397 4553 20
4553 4602 18
4602 1209 10
1209 4391 10
4391 4147 12
4147 814 20
814 4899 12
4899 4269 10
4269 3738 20
3738 1495 11
1495 390 2
390 4478 9
4478 387 13
387 1674 18
1674 1051 9
1051 2933 10
2933 3242 19
3242 3640 9
3640 4058 8
4058 17 15
17 3842 2
3842 4734 4
4734 3129 19
3129 345 10
345 1351 17
1351 3531 11
3531 4574 6
4574 3318 18
3318 3180 1
3180 4523 12
4523 3560 2
3560 3879 20
3879 3967 2
3967 1593 15
1593 1758 15
1758 3209 19
3209 2505 13
2505 3684 11
3684 794 11
794 2075 3
2075 1885 1
1885 1529 1
1529 4109 18
4109 2500 17
2500 597 12
597 1957 14
1957 1691 14
1691 191 3
191 2730 3
2730 897 19
897 4191 6
4191 2282 8
2282 518 10
518 4664 20
4664 2691 4
2691 4410 1
4410 4863 7
4863 2761 17
2761 4693 14
4693 2812 18
2812 511 12
511 3423 14
3423 2635 13
2635 2640 10
2640 3020 3
3020 3459 17
3459 1567 4
1567 889 9
889 2293 18
2293 1934 20
1934 3221 4
3221 4677 6
4677 426 18
426 673 20
673 262 12
262 4287 19
4287 4112 13
4112 1357 18
1357 1586 15
1586 1814 10
1814 461 20
461 4742 1
4742 497 7
497 1436 2
1436 3605 1
3605 1071 7
1071 1667 17
1667 3709 15
3709 1109 2
1109 2008 13
2008 1220 10
1220 801 8
801 2241 8
2241 3454 19
3454 2528 5
2528 3770 12
3770 2897 18
2897 517 15
517 54 17
54 3044 15
3044 963 3
963 4617 6
4617 176 19
176 1936 10
1936 3921 5
3921 2526 13
2526 974 8
974 3852 11
3852 4831 3
4831 4864 11
4864 93 20
93 2371 2
2371 1739 9
1739 4614 17
4614 1580 16
1580 1243 2
1243 3094 1
3094 3651 9
3651 1565 9
1565 2608 7
2608 3443 3
3443 3206 11
3206 1413 8
1413 807 19
807 1131 12
1131 2889 6
2889 2270 1
2270 3687 4
3687 1846 16
1846 4225 1
4225 78 1
78 1298 11
1298 4942 11
4942 1752 3
1752 4810 10
4810 1139 18
1139 3473 1
3473 2206 11
2206 3406 18
3406 2292 5
2292 2918 4
2918 4885 5
4885 3368 7
3368 4146 4
4146 288 11
288 1909 2
1909 919 8
919 3514 7
3514 3957 18
3957 1165 15
1165 1054 15
1054 2334 5
2334 2645 20
2645 3392 12
3392 3866 4
3866 2001 19
2001 30 15
30 3465 7
3465 3692 9
3692 3294 2
3294 197 15
197 4654 19
4654 4443 9
4443 766 2
766 739 12
739 3763 14
3763 2280 5
2280 1656 7
1656 2720 6
2720 4169 8
4169 3532 6
3532 2320 4
2320 2340 9
2340 2410 8
2410 2651 10
2651 4384 11
4384 4050 12
4050 2220 20
2220 4974 8
4974 2962 11
2962 1804 20
1804 254 13
254 4638 2
4638 241 13
241 3609 10
3609 3784 20
3784 3264 12
3264 1334 5
1334 2864 6
2864 2696 4
2696 3643 19
3643 4248 13
4248 4844 11
4844 2424 6
2424 2436 11
2436 1325 17
1325 4915 7
4915 921 12
921 1126 12
1126 3328 16
3328 958 17
958 362 8
362 1836 10
1836 1419 7
1419 1765 18
1765 4077 16
4077 3451 20
3451 1037 12
1037 2026 13
2026 723 18
723 4745 6
4745 2982 2
2982 3296 17
3296 2739 19
2739 2368 18
2368 4642 13
4642 4694 17
4694 3660 11
3660 3735 1
3735 2365 15
2365 326 7
326 4548 2
4548 749 3
749 4342 17
4342 2535 17
2535 2094 8
2094 819 1
819 84 3
84 132 20
132 2948 13
2948 1941 6
1941 2865 12
2865 765 11
765 1445 3
1445 2378 5
2378 2815 1
2815 4128 13
4128 2039 20
2039 3197 18
3197 1633 20
1633 3528 3
3528 305 8
305 1227 14
1227 829 6
829 4524 7
4524 4805 5
4805 3806 8
3806 1972 11
1972 3309 10
3309 1568 12
1568 1888 8
1888 1258 6
1258 378 9
378 925 16
925 997 10
997 3499 8
3499 3908 7
3908 1827 7
1827 4539 10
4539 2364 14
2364 455 16
455 4310 5
4310 2045 12
2045 633 6
633 746 2
746 4514 11
4514 790 13
790 3253 10
3253 868 18
868 1652 16
1652 4479 11
4479 1858 14
1858 649 2
649 1022 8
1022 697 7
697 2927 16
2927 4449 18
4449 2861 5
2861 941 20
941 3448 2
3448 1590 7
1590 33 13
33 2323 16
2323 1143 10
1143 2477 18
2477 4307 7
4307 4529 11
4529 1387 9
1387 4046 3
4046 172 6
172 831 15
831 4666 2
4666 3669 18
3669 3457 15
3457 2474 9
2474 4006 9
4006 3568 6
3568 37 14
37 4995 14
4995 2263 11
2263 4596 7
4596 1192 1
1192 3371 9
3371 4197 11
4197 1713 12
1713 2207 19
2207 1048 12
1048 2960 11
2960 1509 1
1509 4875 16
4875 4362 16
4362 4120 4
4120 3623 12
3623 4417 5
4417 4030 7
4030 786 5
786 3175 14
3175 1849 5
1849 3699 2
3699 1773 15
1773 331 15
331 685 7
685 3432 20
3432 3128 5
3128 721 8
721 820 19
820 3538 12
3538 678 7
678 1089 14
1089 4458 6
4458 2735 10
2735 993 10
993 1179 6
1179 3769 10
3769 1546 19
1546 4328 15
4328 3993 19
3993 2488 15
2488 446 1
446 2440 9
2440 1547 11
1547 38 1
38 4577 12
4577 2775 3
2775 1731 17
1731 457 11
457 3705 3
3705 2409 2
2409 2369 3
2369 1919 15
1919 860 6
860 300 6
300 4551 6
4551 4354 4
4354 3025 1
3025 460 10
460 4921 2
4921 699 14
699 547 9
547 4962 7
4962 2090 17
2090 354 16
354 1388 20
1388 2158 8
2158 3491 20
3491 2400 4
2400 3943 11
3943 1646 4
1646 3650 7
3650 1396 11
1396 651 2
651 3426 10
3426 4762 1
4762 4581 17
4581 1240 5
1240 1522 14
1522 2125 17
2125 2814 2
2814 4356 10
4356 164 13
164 3754 11
3754 4836 10
4836 1756 18
1756 1230 13
1230 690 3
690 3046 2
3046 4485 7
4485 3674 19
3674 4211 12
4211 3876 3
3876 4026 10
4026 2922 11
2922 2759 18
2759 2080 3
2080 1186 14
1186 1043 18
1043 1988 6
1988 1125 3
1125 4004 18
4004 332 2
332 3570 1
3570 4271 17
4271 2237 19
2237 4355 8
4355 1225 1
1225 148 4
148 3062 4
3062 1014 2
1014 487 14
487 165 10
165 1154 2
1154 3140 2
3140 3898 15
3898 1510 7
1510 4117 10
4117 273 14
273 482 1
482 1083 18
1083 1368 9
1368 840 17
840 4779 18
4779 4224 5
4224 949 7
949 4503 4
4503 4710 3
4710 2313 20
2313 2570 1
2570 2035 10
2035 4119 14
4119 3230 3
3230 903 2
903 414 9
414 4127 20
4127 3551 18
3551 4070 4
4070 3380 4
3380 2159 9
2159 2416 19
2416 99 5
99 2319 19
2319 383 12
383 1134 4
1134 3816 13
3816 4335 2
4335 2917 6
2917 4659 6
4659 2708 17
2708 747 5
747 524 12
524 3458 6
3458 3130 9
3130 451 6
451 3310 16
3310 3960 1
3960 1395 19
1395 4562 9
4562 570 2
570 2382 2
2382 4808 5
4808 3909 10
3909 2932 5
2932 2167 6
2167 3377 7
3377 3132 5
3132 3808 1
3808 1867 12
1867 3097 1
3097 1556 15
1556 433 8
433 2845 16
2845 542 7
542 3712 8
3712 853 16
853 3668 5
3668 3520 12
3520 3215 7
3215 4667 4
4667 2077 13
2077 594 10
594 1489 15
1489 485 17
485 818 8
818 3700 2
3700 4944 9
4944 367 11
367 405 5
405 2266 8
2266 3029 14
3029 1159 14
1159 2892 5
2892 2020 12
2020 3974 20
3974 2130 18
2130 126 9
126 3631 16
3631 377 1
377 1236 2
1236 979 10
979 1231 1
1231 3519 16
3519 2577 10
2577 1285 20
1285 308 14
308 574 4
574 2205 11
2205 2894 15
2894 2058 12
2058 927 10
927 3478 12
3478 3401 20
3401 2823 10
2823 4394 9
4394 4484 2
4484 4114 18
4114 4501 10
4501 2565 1
2565 2756 16
2756 2574 9
2574 470 16
470 3906 12
3906 2264 13
2264 2648 5
2648 340 17
340 639 6
639 1183 16
1183 39 2
39 3422 17
3422 1725 13
1725 4700 12
4700 708 13
708 2182 8
2182 1523 5
1523 4846 11
4846 4881 2
4881 4934 7
4934 2496 10
2496 5000 16
5000 1280 3
1280 4408 18
4408 4753 1
4753 2033 13
2033 4346 15
4346 4931 19
4931 4199 7
4199 859 13
859 3744 11
3744 3757 18
3757 1637 14
1637 986 4
986 4717 9
4717 25 15
25 3183 18
3183 1256 7
1256 4111 15
4111 4001 6
4001 1132 5
1132 4569 12
4569 1802 11
1802 4068 8
4068 4069 9
4069 2773 20
2773 2817 13
2817 1818 8
1818 1365 9
1365 1482 2
1482 4801 6
4801 4122 9
4122 4133 4
4133 1301 1
1301 2141 9
2141 2483 16
2483 2138 17
2138 3052 1
3052 4075 8
4075 816 16
816 4907 2
4907 441 1
441 4274 15
4274 2829 7
2829 3452 7
3452 1960 18
1960 715 17
715 3594 4
3594 2286 6
2286 4591 19
4591 5 18
5 2952 20
2952 4241 14
4241 211 15
211 2063 19
2063 1247 2
1247 549 6
549 3547 14
3547 1339 3
1339 4987 10
4987 4286 12
4286 1842 6
1842 2687 2
2687 1655 19
1655 1611 2
1611 1605 20
1605 2359 16
2359 2325 4
2325 1249 5
1249 2452 4
2452 6 8
6 2467 7
2467 1015 9
1015 1108 18
1108 1798 12
1798 877 17
877 3618 19
3618 4840 11
4840 2853 1
2853 1111 8
1111 1860 15
1860 4444 12
4444 4949 15
4949 1890 15
1890 3591 9
3591 1629 19
1629 2847 7
2847 2956 14
2956 2627 7
2627 1950 15
1950 3169 5
3169 2881 11
2881 2663 19
2663 1062 9
1062 2482 19
2482 1631 18
1631 1937 8
1937 2362 4
2362 12 1
12 102 15
102 1265 3
1265 861 3
861 3202 3
3202 4375 8
4375 813 4
813 713 7
713 4056 7
4056 2317 8
2317 884 4
884 2679 10
2679 3708 12
3708 4413 10
4413 4708 7
4708 632 1
632 662 5
662 4377 5
4377 1767 17
1767 4216 14
4216 2232 4
2232 75 12
75 2414 1
2414 2294 10
2294 1316 19
1316 1279 10
1279 4213 3
4213 634 4
634 1661 1
1661 3160 18
3160 3031 14
3031 4259 2
4259 530 16
530 3715 9
3715 2380 4
2380 1869 19
1869 1420 3
1420 291 7
291 2176 10
2176 398 9
398 3053 4
3053 22 18
22 1450 18
1450 3504 19
3504 2747 7
2747 1980 7
1980 4140 1
4140 2625 11
2625 4665 7
4665 3503 8
3503 4303 16
4303 397 3
397 1569 8
1569 2098 13
2098 2457 17
2457 2911 17
2911 1741 1
1741 4359 7
4359 1228 6
1228 2428 11
2428 2549 6
2549 3288 13
3288 3483 6
3483 3589 14
3589 554 5
554 1975 12
1975 1913 14
1913 1503 6
1503 873 17
873 4528 8
4528 644 8
644 318 7
318 407 5
407 2830 8
2830 1724 13
1724 4913 7
4913 3157 16
3157 310 20
310 4179 3
4179 4559 5
4559 4739 5
4739 1876 10
1876 2301 18
2301 4311 20
4311 1541 12
1541 2435 17
2435 761 16
761 2447 5
2447 3766 20
3766 1762 2
1762 1639 7
1639 2765 3
2765 1000 20
1000 1291 13
1291 906 1
906 2413 4
2413 464 6
464 4397 4
4397 4572 10
4572 658 13
658 4415 2
4415 4953 20
4953 4260 6
4260 374 1
374 1340 19
1340 1792 6
1792 4586 19
4586 1205 18
1205 4541 10
4541 1983 3
1983 143 11
143 2277 9
2277 4321 4
4321 956 4
956 3200 13
3200 3002 20
3002 653 11
653 2399 7
2399 2791 16
2791 3245 8
3245 3681 5
3681 1254 15
1254 2727 1
2727 3613 19
3613 947 4
947 3557 8
3557 2754 15
2754 112 15
112 145 14
145 357 17
357 1407 4
1407 1448 19
1448 4016 19
4016 624 9
624 3518 3
3518 4751 6
4751 3334 1
3334 3131 10
3131 3352 3
3352 2144 12
2144 2711 5
2711 2024 16
2024 4118 5
4118 2975 8
2975 3572 13
3572 808 4
808 1912 17
1912 2611 18
2611 3456 15
3456 1907 20
1907 2007 6
2007 3506 2
3506 2056 16
2056 3907 20
3907 486 3
486 4500 14
4500 1263 4
1263 1098 10
1098 498 18
498 327 7
327 3014 17
3014 4367 4
4367 781 18
781 3905 18
3905 4811 2
4811 4255 7
4255 4772 17
4772 580 1
580 3897 19
3897 4405 17
4405 1005 10
1005 3743 8
3743 2265 7
2265 4532 12
4532 599 9
599 774 13
774 1335 11
1335 4825 15
4825 1621 8
1621 3284 2
3284 2803 17
2803 1986 17
1986 2910 8
2910 2156 17
2156 2846 6
2846 1033 20
1033 2437 4
2437 3071 8
3071 3694 4
3694 2308 12
2308 2750 10
2750 2842 3
2842 3527 14
3527 2795 12
2795 4598 3
4598 862 13
862 220 14
220 2407 2
2407 2384 9
2384 3948 4
3948 4250 7
4250 1604 15
1604 334 14
334 1237 4
1237 4389 17
4389 989 6
989 1998 6
1998 1782 5
1782 851 9
851 4031 19
4031 4116 16
4116 2456 4
2456 2154 20
2154 2431 6
2431 2117 7
2117 2561 19
2561 3444 5
3444 675 6
675 260 3
260 3363 1
3363 558 17
558 1324 16
1324 4190 6
4190 982 11
982 1524 14
1524 2741 19
2741 3783 11
3783 1030 13
1030 1386 2
1386 1369 14
1369 473 6
473 2746 10
2746 315 2
315 341 13
341 1039 8
1039 1004 1
1004 4060 14
4060 1897 14
1897 1354 14
1354 1779 18
1779 2388 6
2388 2675 15
2675 2363 20
2363 4663 6
4663 274 17
274 2106 4
2106 1834 2
1834 1431 10
1431 4293 10
4293 910 12
910 3540 2
3540 691 4
691 4755 18
4755 870 14
870 2051 19
2051 4837 14
4837 4406 15
4406 4448 17
4448 2031 8
2031 2330 2
2330 994 4
994 4829 12
4829 2014 2
2014 2866 2
2866 736 4
736 3820 18
3820 2731 4
2731 3066 10
3066 4757 19
4757 937 16
937 2101 8
2101 2862 17
2862 4447 11
4447 777 4
777 88 9
88 3913 11
3913 3680 14
3680 2469 13
2469 450 13
450 1118 9
1118 1012 11
1012 4991 7
4991 4200 15
4200 523 12
523 4387 13
4387 2053 6
2053 4291 9
4291 1872 2
1872 1293 18
1293 576 13
576 1662 1
1662 2398 9
2398 4986 3
4986 2501 5
2501 4205 8
4205 2698 2
2698 201 8
201 1577 2
1577 2542 16
2542 3976 10
3976 869 3
869 3550 19
3550 3895 16
3895 4181 12
4181 3911 15
3911 3351 11
3351 3179 17
3179 1283 19
1283 1425 9
1425 163 2
163 1086 1
1086 1315 11
1315 2002 8
2002 3496 6
3496 251 3
251 3775 9
3775 1688 19
1688 2868 8
2868 3841 4
3841 427 9
427 294 2
294 1203 6
1203 4433 19
4433 1513 8
1513 2871 10
2871 1434 20
1434 961 18
961 2900 7
2900 1940 13
1940 4612 13
4612 2787 9
2787 984 18
984 4486 1
4486 3581 14
3581 1730 16
1730 2908 6
2908 3719 14
3719 2936 17
2936 676 12
676 3655 12
3655 3704 18
3704 52 18
52 1187 7
1187 2840 3
2840 844 5
844 2785 9
2785 2896 2
2896 272 18
272 1027 20
1027 3782 5
3782 2403 1
2403 1787 6
1787 3792 17
3792 2724 7
2724 1918 20
1918 125 19
125 1675 17
1675 1643 19
1643 3617 15
3617 1596 9
1596 1215 6
1215 3592 5
3592 4853 1
4853 2396 5
2396 1146 19
1146 3729 13
3729 1011 12
1011 2672 20
2672 660 2
660 4660 4
4660 2668 15
2668 2694 3
2694 1660 11
1660 1883 6
1883 3051 7
3051 396 20
396 532 9
532 1099 19
1099 147 8
147 127 15
127 3365 14
3365 948 2
948 4842 20
4842 133 4
133 425 16
425 28 18
28 1931 10
1931 1034 6
1034 2740 14
2740 3102 6
3102 307 4
307 1678 19
1678 1416 1
1416 3190 5
3190 3755 4
3755 1140 19
1140 2283 19
2283 669 7
669 1740 12
1740 3013 12
3013 2162 13
2162 3768 13
3768 4332 18
4332 934 19
934 1694 6
1694 4493 8
4493 4741 7
4741 601 9
601 3958 16
3958 3278 11
3278 2499 20
2499 3878 7
3878 2183 4
2183 562 14
562 2250 2
2250 3445 6
3445 2931 2
2931 1979 7
1979 2796 11
2796 2256 12
2256 1576 7
1576 686 11
686 284 11
284 3546 19
3546 4930 3
4930 4380 2
4380 1024 7
1024 1313 13
1313 2171 13
2171 4802 10
4802 3574 19
3574 1877 20
1877 2389 1
2389 3405 15
3405 3865 16
3865 330 13
330 3854 10
3854 4304 10
4304 435 18
435 938 18
938 3534 13
3534 3922 14
3922 24 16
24 69 2
69 2459 5
2459 3361 11
3361 4265 5
4265 2685 16
2685 437 15
437 2700 19
2700 1467 20
1467 2905 14
2905 3626 11
3626 1491 6
1491 4152 16
4152 4035 10
4035 1716 13
1716 773 9
773 4066 15
4066 1722 20
1722 68 6
68 745 14
745 2683 5
2683 643 7
643 1496 2
1496 1542 17
1542 1650 18
1650 2647 10
2647 2009 5
2009 3047 11
3047 1447 20
1447 1429 11
1429 1088 10
1088 2222 4
2222 4320 7
4320 2234 6
2234 207 17
207 2541 12
2541 3800 1
3800 3608 18
3608 3399 14
3399 2239 5
2239 3090 14
3090 2884 14
2884 3450 2
3450 3949 19
3949 13 11
13 3614 1
3614 586 15
586 1587 5
1587 606 1
606 2802 2
2802 4467 1
4467 34 7
34 1746 13
1746 1164 11
1164 1144 10
1144 2068 1
2068 996 19
996 4462 7
4462 289 10
289 1459 15
1459 3011 19
3011 1364 6
1364 1261 12
1261 3227 10
3227 2887 6
2887 3384 17
3384 4195 14
4195 1894 2
1894 1864 2
1864 2568 7
2568 3790 19
3790 2533 11
2533 670 1
670 1376 3
1376 2664 6
2664 4338 5
4338 2624 14
2624 3549 4
3549 1282 12
1282 2346 10
2346 3093 6
3093 848 16
848 3251 4
3251 2433 2
2433 3188 1
3188 1789 3
1789 3349 10
3349 2443 18
2443 2955 12
2955 3522 15
3522 4460 5
4460 168 7
168 1080 5
1080 158 5
158 3305 1
3305 2497 19
2497 857 3
857 4776 10
4776 2475 13
2475 1641 4
1641 583 1
583 2049 6
2049 4203 4
4203 3315 20
3315 2472 6
2472 4610 3
4610 1064 13
1064 2709 13
2709 2515 12
2515 2092 5
2092 3494 20
3494 186 10
186 236 13
236 3035 5
3035 2351 2
2351 4763 19
4763 2321 5
2321 2131 10
2131 2688 8
2688 2278 6
2278 852 6
852 3900 18
3900 370 4
370 1201 9
1201 443 12
443 2016 12
2016 1021 20
1021 894 15
894 1833 4
1833 4434 9
4434 2228 20
2228 787 12
787 4256 18
4256 96 4
96 1359 4
1359 3336 12
3336 3293 11
3293 2030 11
2030 3449 15
3449 2657 12
2657 3741 13
3741 2338 16
2338 4094 14
4094 2037 10
2037 550 6
550 2462 17
2462 1202 5
1202 3088 1
3088 4491 5
4491 1984 11
1984 3485 16
3485 3686 8
3686 2935 19
2935 4752 17
4752 3036 1
3036 3463 18
3463 2877 2
2877 3347 15
3347 2666 15
2666 1038 1
1038 2181 13
2181 1171 17
1171 3724 11
3724 951 7
951 4933 12
4933 244 13
244 1452 7
1452 2642 17
2642 573 7
573 3022 5
3022 535 7
535 555 9
555 4280 16
4280 2253 17
2253 2718 18
2718 4516 8
4516 4946 2
4946 458 20
458 4644 19
4644 1943 18
1943 3644 16
3644 4401 16
4401 3410 6
3410 2374 10
2374 3409 12
3409 2100 16
2100 4894 18
4894 3356 19
3356 1442 16
1442 1350 3
1350 3834 12
3834 1840 15
1840 2557 16
2557 2015 18
2015 4019 12
4019 1035 5
1035 521 19
521 3576 9
3576 4087 11
4087 3343 20
3343 2041 8
2041 1917 20
1917 3089 5
3089 1271 17
1271 2023 18
2023 4327 6
4327 2387 10
2387 4676 5
4676 553 18
553 3292 7
3292 2869 19
2869 803 2
803 1967 5
1967 1405 18
1405 1887 3
1887 4217 8
4217 795 12
795 2121 7
2121 3122 11
3122 7 2
7 3235 13
3235 1392 19
1392 2430 19
2430 4364 14
4364 2921 14
2921 3389 20
3389 3109 11
3109 2152 12
2152 1310 6
1310 4273 12
4273 4989 3
4989 679 11
679 3995 2
3995 1517 14
1517 701 14
701 2097 5
2097 3123 18
3123 4855 19
4855 2061 1
2061 3388 13
3388 978 3
978 3869 17
3869 3220 6
3220 3254 15
3254 2585 16
2585 1031 17
1031 4788 1
4788 1106 7
1106 3476 7
3476 4764 11
4764 3073 6
3073 2838 12
2838 3925 6
3925 3647 7
3647 1868 20
1868 384 7
384 2272 17
2272 3730 10
3730 4783 17
4783 4866 7
4866 373 14
373 1214 18
1214 3364 2
3364 3521 7
3521 2149 14
2149 3764 10
3764 1320 19
1320 3116 19
3116 932 20
932 3894 10
3894 1023 1
1023 2226 8
2226 930 19
930 3279 2
3279 3507 4
3507 2267 18
2267 579 16
579 4344 9
4344 3811 1
3811 915 1
915 1124 8
1124 2837 4
2837 4105 9
4105 2392 8
2392 1968 9
1968 2534 13
2534 2705 14
2705 4382 12
4382 4143 2
4143 346 6
346 3863 17
3863 3146 18
3146 4955 16
4955 83 14
83 3070 9
3070 2537 13
2537 2808 1
2808 4456 17
4456 3108 20
3108 3803 17
3803 1244 8
1244 2391 12
2391 789 8
789 4298 18
4298 3545 1
3545 2614 3
2614 866 5
866 2184 13
2184 3366 4
3366 744 11
744 4331 5
4331 2300 19
2300 539 16
539 4210 2
4210 1579 12
1579 95 12
95 4674 19
4674 1683 18
1683 2546 19
2546 1696 4
1696 2251 19
2251 4697 17
4697 442 7
442 4279 14
4279 1985 17
1985 2349 11
2349 2543 5
2543 121 1
121 4998 6
4998 917 15
917 3442 18
3442 1808 17
1808 3327 17
3327 2552 4
2552 3077 20
3077 4164 14
4164 1210 6
1210 3839 5
3839 3622 14
3622 2329 15
2329 4525 7
4525 2998 3
2998 3058 19
3058 710 19
710 462 9
462 4021 11
4021 4393 10
4393 212 13
212 2353 14
2353 271 13
271 2736 2
2736 3095 10
3095 1901 18
1901 939 16
939 1446 20
1446 3999 8
3999 2122 6
2122 2420 8
2420 1194 19
1194 3119 18
3119 3664 7
3664 2487 11
2487 2939 9
2939 3004 11
3004 4360 14
4360 1232 19
1232 1308 1
1308 2422 1
2422 1050 18
1050 2885 1
2885 1956 16
1956 4436 6
4436 3 10
3 2695 15
2695 1101 7
1101 4187 4
4187 3441 7
3441 2331 5
2331 1135 10
1135 1993 6
1993 850 7
850 1349 11
1349 3291 14
3291 2507 3
2507 2605 8
2605 4943 15
4943 4628 2
4628 514 1
514 4425 4
4425 214 9
214 4185 20
4185 413 9
413 1138 19
1138 842 5
842 3203 16
3203 4438 10
4438 4497 5
4497 2743 6
2743 3001 3
3001 2458 7
2458 1721 20
1721 730 12
730 3902 16
3902 1738 12
1738 753 16
753 171 9
171 358 7
358 1306 6
1306 1411 14
1411 4595 19
4595 3615 15
3615 229 3
229 3510 1
3510 2522 12
2522 3888 15
3888 2692 8
2692 81 1
81 2788 5
2788 4074 16
4074 952 10
952 2984 7
2984 1402 6
1402 115 6
115 2924 17
2924 1367 20
1367 2620 18
2620 4761 11
4761 566 15
566 3627 8
3627 1636 15
1636 1555 13
1555 3342 12
3342 2825 3
2825 855 17
855 2132 10
2132 1440 7
1440 4188 13
4188 3582 16
3582 4086 9
4086 1865 15
1865 3903 14
3903 1347 18
1347 3016 15
3016 3747 3
3747 775 10
775 4609 18
4609 2703 7
2703 835 9
835 2919 17
2919 3080 12
3080 3666 7
3666 2140 5
2140 4423 10
4423 2661 17
2661 2689 9
2689 2547 19
2547 1797 8
1797 386 18
386 404 15
404 3501 1
3501 3606 12
3606 1377 20
1377 2288 14
2288 664 15
664 4219 2
4219 1784 4
1784 4306 13
4306 420 2
420 4421 11
4421 77 19
77 2493 19
2493 2245 1
2245 1695 15
1695 3561 2
3561 2571 4
2571 4231 19
4231 656 17
656 4176 3
4176 110 8
110 4453 17
4453 1994 19
1994 1891 16
1891 431 2
431 2071 16
2071 1958 16
1958 603 19
603 4973 6
4973 4940 16
4940 2295 17
2295 4369 7
4369 4963 20
4963 4426 19
4426 187 1
187 4149 16
4149 1309 2
1309 1018 11
1018 3856 7
3856 3110 13
3110 2551 9
2551 916 10
916 2603 19
2603 751 19
751 2109 16
2109 3982 18
3982 4139 13
4139 4600 4
4600 4538 2
4538 1828 20
1828 4108 11
4108 2005 6
2005 1403 20
1403 3795 16
3795 4893 11
4893 3154 8
3154 4165 17
4165 1065 4
1065 1942 5
1942 1906 16
1906 2304 9
2304 1905 10
1905 118 6
118 3241 8
3241 35 11
35 977 8
977 216 19
216 1969 6
1969 4204 12
4204 1345 16
1345 2801 2
2801 567 20
567 1453 6
1453 764 18
764 3249 2
3249 4368 13
4368 217 8
217 4606 11
4606 1383 18
1383 4290 5
4290 2567 8
2567 3847 12
3847 1543 8
1543 4815 7
4815 2782 14
2782 2583 18
2583 1142 3
1142 3886 1
3886 3168 5
3168 1914 14
1914 3376 7
3376 4511 3
4511 4633 18
4633 4702 7
4702 3569 16
3569 2572 15
2572 3859 4
3859 3752 5
3752 4037 9
4037 3024 18
3024 1075 5
1075 3272 7
3272 1094 14
1094 506 3
506 4914 12
4914 4621 19
4621 4208 17
4208 1681 15
1681 4168 19
4168 1751 9
1751 865 17
865 3584 9
3584 3870 16
3870 1734 19
1734 4806 13
4806 1505 10
1505 4607 13
4607 4910 12
4910 4550 16
4550 3636 1
3636 614 14
614 4879 3
4879 2099 10
2099 4282 17
4282 1711 9
1711 56 1
56 772 12
772 1732 18
1732 4796 6
4796 4799 7
4799 2654 13
2654 1788 20
1788 2832 20
2832 3471 17
3471 1535 8
1535 4053 16
4053 1911 1
1911 1032 13
1032 1939 17
1939 4158 12
4158 2764 8
2764 4315 4
4315 2769 14
2769 4039 19
4039 4735 18
4735 161 10
161 4733 5
4733 4173 6
4173 1961 6
1961 2867 18
2867 2147 3
2147 1928 4
1928 3182 2
3182 4919 15
4919 3646 12
3646 295 18
295 3374 14
3374 1702 16
1702 3718 20
3718 2208 7
2208 1781 18
1781 4957 11
4957 837 10
837 3810 11
3810 3955 12
3955 4613 2
4613 4599 18
4599 2189 11
2189 338 12
338 3468 18
3468 376 6
376 959 10
959 3928 2
3928 3802 4
3802 1963 19
1963 3041 13
3041 4121 14
4121 1211 6
1211 2357 14
2357 418 4
418 671 9
671 2729 11
2729 3726 16
3726 3260 12
3260 3357 15
3357 1169 15
1169 234 9
234 1953 1
1953 2337 9
2337 767 5
767 2356 9
2356 4473 2
4473 2523 20
2523 1538 14
1538 4381 7
4381 2394 3
2394 4994 14
4994 3266 2
3266 436 16
436 1199 2
1199 4770 2
4770 4092 16
4092 204 18
204 3032 11
3032 4508 16
4508 3567 2
3567 793 13
793 3477 18
3477 1807 6
1807 4020 1
4020 2684 6
2684 1404 3
1404 4833 16
4833 1287 14
1287 4959 2
4959 2103 16
2103 4101 6
4101 2941 3
2941 1246 11
1246 1281 5
1281 1760 4
1760 2886 12
2886 3789 8
3789 2993 12
2993 568 2
568 1520 7
1520 2178 15
2178 4703 19
4703 1193 11
1193 3161 5
3161 4044 4
4044 18 1
18 590 9
590 4997 12
4997 595 15
595 2073 14
2073 1277 16
1277 3098 7
3098 4566 14
4566 754 9
754 796 1
796 4215 9
4215 2013 9
2013 1025 2
1025 4834 1
4834 763 11
763 1471 16
1471 743 3
743 4034 7
4034 2951 18
2951 935 3
935 3824 15
3824 4560 2
4560 2133 12
2133 2057 1
2057 1410 15
1410 4823 18
4823 578 16
578 421 5
421 1047 5
1047 4409 16
4409 2354 13
2354 239 17
239 2591 8
2591 876 12
876 2240 5
2240 561 12
561 3326 5
3326 136 2
136 1487 18
1487 1361 11
1361 4103 16
4103 2341 19
2341 1981 5
1981 2484 18
2484 3896 18
3896 4883 13
4883 2172 2
2172 3308 2
3308 4970 19
4970 3297 16
3297 2806 12
2806 3290 2
3290 2925 12
2925 3952 8
3952 1001 11
1001 169 8
169 3301 15
3301 3500 6
3500 3265 17
3265 2824 8
2824 155 7
155 591 3
591 3286 1
3286 2519 20
2519 4956 9
4956 2218 5
2218 3990 18
3990 1366 4
1366 1601 7
1601 208 15
208 123 9
123 1003 3
1003 1564 8
1564 4309 7
4309 4604 17
4604 914 20
914 3619 7
3619 944 12
944 809 2
809 4743 5
4743 833 15
833 3367 15
3367 577 8
577 4300 5
4300 608 5
608 3917 7
3917 1156 4
1156 3987 16
3987 2991 5
2991 3829 18
3829 621 15
621 3148 12
3148 557 11
557 1190 9
1190 1409 18
1409 2510 16
2510 3593 15
3593 1812 8
1812 738 7
738 1875 10
1875 4932 13
4932 2977 6
2977 3969 16
3969 1608 19
1608 1076 19
1076 2461 2
2461 2839 9
2839 3181 1
3181 2102 4
2102 581 6
581 256 19
256 135 13
135 2633 6
2633 4061 17
4061 2069 14
2069 351 18
351 1044 18
1044 4257 1
4257 1330 3
1330 4520 10
4520 4474 5
4474 3250 14
3250 1750 4
1750 1970 5
1970 3965 17
3965 4773 1
4773 3525 13
3525 4227 2
4227 905 15
905 3033 13
3033 2186 8
2186 4316 14
4316 4555 7
4555 2728 8
2728 4632 13
4632 4012 10
4012 1795 11
1795 3756 11
3756 2970 8
2970 1534 1
1534 3455 19
3455 4091 9
4091 4631 17
4631 193 19
193 4749 8
4749 2843 8
2843 4441 18
4441 3081 5
3081 2386 2
2386 3224 1
3224 692 14
692 2677 8
2677 2776 5
2776 2091 2
2091 3156 16
3156 4113 4
4113 3121 11
3121 1893 2
1893 2105 15
2105 1929 8
1929 4049 16
4049 1055 14
1055 1028 7
1028 3805 10
3805 1073 11
1073 3941 5
3941 3189 3
3189 3237 9
3237 131 10
131 2527 19
2527 3225 12
3225 890 1
890 3838 3
3838 4371 2
4371 4156 2
4156 3840 17
3840 1699 9
1699 2297 5
2297 2339 15
2339 2191 16
2191 2594 1
2594 589 3
589 4347 16
4347 1623 8
1623 3711 5
3711 1889 10
1889 2883 20
2883 3759 18
3759 63 16
63 1737 17
1737 3226 17
3226 1978 12
1978 3213 6
3213 2786 9
2786 1799 14
1799 3000 10
3000 683 19
683 2048 2
2048 4918 4
4918 3243 1
3243 2992 4
2992 879 11
879 389 5
389 2262 15
2262 712 2
712 2899 2
2899 1591 2
1591 4247 7
4247 3688 18
3688 3599 3
3599 1172 4
1172 4326 16
4326 545 6
545 2943 9
2943 1414 15
1414 969 3
969 1588 15
1588 174 10
174 2078 19
2078 3167 7
3167 2492 18
2492 3736 3
3736 2770 19
2770 1923 9
1923 1878 16
1878 4161 15
4161 3881 13
3881 828 16
828 3679 5
3679 1777 15
1777 352 2
352 3685 17
3685 3716 10
3716 1959 7
1959 1423 20
1423 4672 13
4672 3003 12
3003 4429 3
4429 3773 12
3773 4976 6
4976 2124 7
2124 717 20
717 1717 15
1717 2988 11
2988 902 20
902 665 19
665 3391 3
3391 704 3
704 183 10
183 2593 14
2593 2774 2
2774 1766 13
1766 1317 7
1317 4045 11
4045 3778 5
3778 3298 13
3298 4721 17
4721 598 15
598 3672 4
3672 2678 4
2678 3231 5
3231 1251 8
1251 353 20
353 2870 15
2870 2236 10
2236 4270 4
4270 3092 11
3092 3693 9
3693 702 4
702 648 12
648 424 11
424 3172 3
3172 1478 12
1478 4909 20
4909 2562 11
2562 4080 8
4080 1278 19
1278 1813 13
1813 1955 9
1955 412 9
412 3096 15
3096 612 19
612 200 9
200 4450 20
4450 3099 4
3099 2221 1
2221 3346 6
3346 4619 12
4619 1328 14
1328 2085 7
2085 2192 8
2192 1553 3
1553 1408 9
1408 4495 16
4495 4727 16
4727 4576 16
4576 1235 20
1235 1539 6
1539 3303 9
3303 3395 7
3395 3577 15
3577 714 9
714 585 4
585 1625 5
1625 2676 6
2676 3515 8
3515 3924 5
3924 1728 8
1728 4782 9
4782 67 5
67 2464 18
2464 3112 4
3112 4402 5
4402 1129 17
1129 3216 17
3216 1830 7
1830 2332 15
2332 3512 20
3512 3171 4
3171 3026 12
3026 3828 5
3828 2137 1
2137 4469 4
4469 403 2
403 1476 12
1476 319 1
319 4585 17
4585 4341 12
4341 1749 18
1749 556 3
556 2888 19
2888 1451 4
1451 8 17
8 3162 12
3162 3063 6
3063 4392 16
4392 116 16
116 780 3
780 1863 13
1863 3890 14
3890 4578 18
4578 4399 8
4399 3446 7
3446 2314 12
2314 3257 10
3257 2644 10
2644 4971 8
4971 4556 10
4556 1373 2
1373 1114 11
1114 3796 14
3796 4131 2
4131 3758 5
3758 792 16
792 1626 5
1626 1206 2
1206 2059 20
2059 2566 15
2566 2096 4
2096 2723 9
2723 2878 14
2878 4283 20
4283 3453 4
3453 3214 6
3214 3178 6
3178 4361 2
4361 3656 19
3656 1457 7
1457 1774 7
1774 768 15
768 3223 1
3223 3341 7
3341 4571 9
4571 1719 6
1719 864 5
864 2463 3
2463 196 6
196 3737 12
3737 2701 11
2701 2281 10
2281 3544 2
3544 4167 17
4167 4824 13
4824 4412 20
4412 913 13
913 1595 17
1595 4771 18
4771 1871 11
1871 3386 1
3386 4376 10
4376 3302 1
3302 2175 1
2175 735 9
735 1881 11
1881 845 5
845 2804 12
2804 3256 12
3256 4388 17
4388 1584 4
1584 4948 13
4948 1204 4
1204 2052 8
2052 4431 6
4431 2421 14
2421 4900 1
4900 4289 7
4289 3779 2
3779 4498 19
4498 3962 9
3962 4268 7
4268 225 1
225 4201 20
4201 1612 5
1612 312 12
312 3516 17
3516 2174 8
2174 1338 19
1338 811 14
811 243 6
243 314 16
314 1861 17
1861 3379 3
3379 3524 5
3524 2111 8
2111 4262 11
4262 2465 3
2465 3050 17
3050 3786 1
3786 4680 14
4680 2790 12
2790 4603 8
4603 3316 18
3316 2564 8
2564 2987 5
2987 2309 20
2309 3628 17
3628 3299 5
3299 1735 18
1735 1946 11
1946 882 13
882 907 8
907 3474 2
3474 2476 6
2476 3695 17
3695 4492 1
4492 4880 10
4880 1430 5
1430 1483 10
1483 4561 8
4561 2779 18
2779 607 6
607 3329 17
3329 3177 1
3177 3749 13
3749 4174 6
4174 622 12
622 1119 10
1119 2432 11
2432 1548 9
1548 3324 18
3324 1493 12
1493 3412 18
3412 3675 8
3675 4510 2
4510 4264 9
4264 120 8
120 4951 12
4951 4464 9
4464 4565 13
4565 4740 3
4740 2859 19
2859 4299 17
4299 1594 15
1594 4522 15
4522 4738 4
4738 1649 16
1649 19 3
19 2000 10
2000 2669 20
2669 647 8
647 222 3
222 2521 7
2521 4778 17
4778 1323 3
1323 4630 7
4630 4775 13
4775 3566 16
3566 1061 16
1061 2238 15
2238 4668 20
4668 4076 12
4076 4261 6
4261 3393 5
3393 2198 3
2198 409 4
409 3240 20
3240 3850 11
3850 972 2
972 1847 14
1847 4052 9
4052 4125 5
4125 4908 14
4908 3048 10
3048 3419 17
3419 904 19
904 2760 17
1 3556 6
1 4420 5
1 2734 1
1 44 8
1 3005 5
2 459 3
3 1993 10
3 4187 2
3 1101 2
4 529 5
4 1511 10
4 1294 3
4 1729 8
4 2602 9
5 549 1
6 1798 10
6 1108 3
6 3618 6
6 4840 9
6 1015 1
7 3109 3
7 2921 4
7 2430 2
8 4392 3
8 3890 2
9 4095 3
9 4314 10
9 2498 1
9 3858 4
10 1927 7
10 3849 1
10 2554 7
11 1689 10
11 564 5
11 2532 8
11 3338 10
11 448 6
12 861 8
12 813 8
13 606 5
13 1587 4
13 2802 7
13 34 4
13 586 8
14 987 1
14 1526 10
15 1508 2
15 3585 10
15 898 2
15 883 2
16 4705 4
17 345 5
17 1351 2
17 4574 6
17 3129 7
18 1277 4
18 3098 4
19 4778 8
19 2521 8
19 222 6
19 1323 1
20 2963 1
20 2524 2
20 3017 8
20 4081 4
21 3780 10
21 375 4
22 4665 7
22 4140 9
22 1980 9
22 2747 9
23 4008 3
24 437 10
24 3361 2
25 4111 1
25 1132 3
25 4001 9
26 2658 2
27 1664 10
28 3102 5
28 307 2
28 1034 3
28 2740 7
29 3438 9
29 3988 5
30 197 9
31 2674 9
31 2127 9
31 1307 9
31 3690 1
31 2772 10
32 4715 6
32 1010 9
32 1255 3
32 2223 7
33 1387 3
34 1144 6
34 2068 4
34 289 5
35 1345 9
36 1613 2
36 3300 7
36 3330 1
37 4596 1
37 2263 6
37 1713 7
37 3371 1
38 2409 6
39 708 10
39 4700 9
39 1523 8
39 2182 1
39 1725 3
40 3258 10
40 1286 1
40 2243 2
40 1141 8
41 688 2
41 2712 1
42 2274 1
43 4329 2
43 3701 7
43 1676 10
44 3556 6
44 3597 2
44 3663 7
44 277 5
44 3005 8
45 4787 6
46 322 8
46 1157 10
46 439 4
47 4339 9
47 3345 3
47 3745 10
47 1686 10
48 755 3
49 2268 8
50 4017 1
50 3649 5
50 654 5
50 2011 3
51 4720 4
51 3760 8
52 844 2
52 2896 9
52 2840 1
52 272 8
52 2785 7
53 3492 4
53 2495 6
53 1634 10
54 2526 4
54 176 10
55 3812 7
55 1239 5
55 1269 1
56 4799 10
56 2654 7
56 4796 4
56 1732 3
57 3470 2
57 4723 4
58 3746 10
58 2906 1
58 4873 5
58 4023 1
59 4237 3
59 592 8
60 192 3
60 3187 3
60 3877 9
61 2258 3
61 4301 8
61 2856 2
62 3199 9
62 3155 6
62 2834 3
62 950 4
63 3226 9
64 2257 9
64 3174 4
64 1609 1
64 434 3
64 1974 10
65 306 1
65 881 5
65 4798 1
66 1332 2
66 3696 6
66 4534 9
66 303 6
66 3785 3
67 3112 5
67 2332 9
67 1129 5
67 3216 9
68 1496 10
68 1650 4
68 1542 1
68 2647 7
69 3361 9
69 1467 6
70 4138 6
70 3103 9
70 3578 6
70 4983 1
70 1690 8
71 3864 2
72 454 7
73 2143 8
73 192 10
74 725 5
74 3639 3
75 1316 6
75 1279 2
75 4213 8
75 634 3
75 2294 9
76 880 1
77 4231 4
77 2245 6
77 3561 6
77 1695 10
77 656 9
78 4942 9
78 3473 3
79 1123 9
80 2160 4
81 1402 10
82 1516 8
83 3108 3
83 3803 1
83 2808 3
83 1244 9
84 765 5
84 2865 5
84 1445 3
84 2948 9
85 1768 9
86 3815 7
86 474 9
86 4958 9
86 998 5
87 359 6
87 516 2
87 2248 6
88 4991 3
88 3680 7
88 1012 1
88 450 10
88 2469 7
89 2637 6
89 4065 8
90 703 7
90 1191 4
91 1331 6
91 366 10
91 1226 3
91 4643 5
92 2994 9
93 3651 3
94 1394 1
95 1696 8
95 1683 8
96 3449 2
96 3293 7
97 2880 1
97 3799 4
98 192 6
98 2177 1
99 3816 1
99 2917 7
100 3633 10
101 3480 10
101 3533 6
102 813 7
102 713 6
102 861 4
103 2490 8
104 2890 3
104 1167 6
104 1821 5
105 2312 7
105 2019 7
105 55 2
105 4370 6
105 4424 5
106 103 1
106 3513 3
106 1938 2
106 4386 9
106 3658 7
107 3313 8
108 572 3
109 1295 1
109 1084 8
109 246 2
109 2784 5
109 2195 7
110 1994 8
110 1958 8
110 431 6
110 1891 1
111 1825 1
111 303 7
112 1407 3
112 3518 7
112 4016 4
112 1448 8
113 4345 3
113 1120 8
113 159 3
113 4984 10
113 2920 8
114 4641 1
115 1367 3
115 3627 8
115 4761 2
115 1636 2
116 3890 1
117 3039 1
117 4483 6
117 2503 9
118 1969 8
118 2801 8
118 35 10
118 4204 1
118 1345 6
119 4873 7
119 2906 7
119 4023 7
120 4740 2
120 4299 4
121 1808 1
121 3327 5
121 3442 3
122 3586 7
122 4025 2
123 4309 7
124 2680 6
124 456 4
124 2748 7
125 1596 6
125 3592 8
125 1215 1
125 1643 1
126 1236 10
126 377 10
126 3519 10
126 979 7
126 2577 2
127 4842 5
128 1502 9
128 2670 8
128 392 8
129 3607 5
129 2348 5
130 1964 9
130 3836 8
130 468 8
131 890 2
132 1941 6
132 2865 5
132 1445 10
132 2815 3
132 765 6
133 307 1
133 3190 2
133 2740 5
133 1931 8
134 4148 9
134 1276 7
135 1330 8
136 1981 10
136 2341 10
137 1561 5
137 3193 10
137 2978 2
138 1693 9
138 4238 9
138 1110 8
138 1677 4
139 849 6
139 428 6
139 1128 2
139 1427 2
140 1922 9
141 3559 7
141 4517 5
141 1112 1
141 2201 1
141 3637 1
142 2224 9
142 3723 6
143 3200 2
143 653 7
143 2399 6
143 4321 10
143 3002 9
144 3580 2
144 3817 2
144 3935 6
145 4016 2
145 1407 3
145 4751 2
146 2161 7
146 3994 7
146 4670 5
146 4062 7
146 3523 4
147 133 8
147 1678 5
147 2740 7
147 3190 8
147 1416 10
148 1154 5
148 3140 9
148 3898 2
149 4357 10
149 3889 10
149 3621 3
150 4124 1
151 3248 10
152 1070 2
152 4583 3
152 1289 10
153 3075 3
153 2929 2
154 760 7
154 2974 7
154 522 6
154 160 1
155 3990 2
155 4956 6
155 1366 5
155 2218 7
155 2519 9
156 4623 5
156 3689 8
157 975 3
157 1705 3
157 1544 4
157 2303 10
158 4776 2
158 857 7
158 583 5
158 2497 8
159 344 7
160 2038 9
160 3126 4
161 2867 2
161 4173 8
161 1961 7
162 1710 6
163 2002 4
163 1315 4
163 1688 10
163 3496 9
163 3775 2
164 690 3
164 4836 10
164 1230 5
165 3140 7
165 482 8
165 1510 7
165 4117 9
165 3898 7
166 3147 4
166 213 7
166 1497 6
167 1461 2
168 2472 2
169 155 8
169 1366 9
169 2218 9
169 591 8
169 3265 7
170 3317 8
170 3117 8
170 2010 3
170 4627 4
170 1042 7
171 1306 7
171 3615 7
171 1411 3
172 3568 5
172 3669 1
172 4006 5
172 2474 9
172 3457 6
173 3138 10
173 2639 7
173 2721 2
173 2636 2
173 3642 3
174 1878 7
174 3736 3
175 250 7
175 3321 6
176 3852 3
176 4831 5
176 3921 4
176 4864 10
176 2526 10
177 1638 7
177 2713 2
177 108 7
177 1216 8
177 1490 5
178 2299 9
178 1851 4
178 1855 5
179 3596 8
179 2223 9
179 238 10
179 3067 8
179 2799 8
180 2163 8
181 2224 1
181 4589 6
182 2164 8
182 3304 10
182 569 5
183 1317 2
183 1766 4
183 3778 10
183 2774 8
184 3713 9
184 4343 1
184 732 2
185 2702 7
186 2351 5
187 916 7
187 3110 7
187 1309 1
188 1492 2
188 629 10
189 4657 5
189 900 8
190 756 1
190 592 5
191 897 7
192 1333 1
192 3877 1
193 692 1
193 4441 2
193 2843 1
194 3588 10
194 3403 4
194 4711 2
195 4130 3
195 1602 9
196 4167 8
196 3544 5
196 4824 1
197 3763 1
197 739 7
197 766 9
198 2744 7
199 493 1
199 2898 3
199 4097 3
199 2854 1
200 3346 9
200 2085 9
200 2221 3
200 1328 6
200 4619 7
201 3550 3
201 2542 9
202 4047 3
203 4832 9
203 3723 4
203 215 5
203 142 6
203 2370 6
204 3477 5
204 1807 6
204 4508 1
205 2287 5
205 1848 1
206 368 10
206 3484 9
206 4144 4
206 2343 6
206 1274 5
207 3800 3
207 3399 5
207 2884 1
207 3608 7
207 3090 2
208 914 2
208 1003 2
209 1063 9
210 4985 9
210 2813 1
210 2525 6
210 1618 1
211 4987 6
211 1339 3
211 4286 4
211 3547 9
212 1901 1
212 271 7
213 2006 3
213 2810 10
213 1613 6
213 1816 8
213 3300 4
214 1138 2
215 1742 10
215 1668 1
215 3027 5
216 764 1
216 4204 7
216 567 5
216 1345 1
216 1453 10
217 4815 5
218 3126 8
218 2116 10
219 3333 1
219 3579 4
220 334 3
220 1237 4
220 3948 5
221 1856 8
221 559 3
221 4043 2
222 1323 3
222 1061 9
222 4775 4
223 2197 1
223 4655 7
223 467 1
223 4489 7
224 4839 5
224 287 6
224 2783 10
224 3634 8
225 1338 1
225 2174 7
225 1612 9
226 369 10
226 4926 1
226 1935 9
227 933 6
227 513 7
227 1648 1
227 4852 5
228 2789 10
228 1078 8
229 2788 8
229 2522 9
229 3888 3
229 81 3
229 115 5
230 4432 8
230 4008 1
231 1704 9
232 3776 5
232 1103 5
232 2858 6
232 2872 7
233 611 6
233 771 1
233 4082 10
233 1264 1
233 1874 7
234 1538 3
234 2523 6
234 767 8
235 4732 7
236 4763 10
236 2278 7
236 2131 1
236 2688 7
237 2429 5
237 4992 7
238 1302 5
239 1487 7
239 136 1
239 561 10
239 2240 5
240 344 4
240 3932 5
241 3264 9
241 2696 2
241 1334 8
241 3784 1
241 3643 10
242 1017 5
242 1417 8
242 1117 4
242 2466 5
243 4262 8
243 3379 6
243 3524 10
243 2465 3
244 3022 1
244 555 9
244 573 2
245 4792 7
245 453 8
245 2268 7
245 2455 2
245 782 8
246 1056 4
246 1786 3
246 4593 5
246 3370 1
247 1786 3
247 4142 1
247 2195 5
247 3370 8
247 246 5
248 2971 8
248 741 3
248 1669 1
249 4414 8
249 4803 2
249 1563 3
249 1606 9
250 4254 1
250 2055 4
250 1353 4
250 3321 9
250 1082 2
251 1203 1
252 1173 10
252 4975 10
252 605 9
252 3331 7
252 1997 4
253 261 2
253 4639 10
253 2699 7
253 1896 3
253 2153 5
254 3643 3
254 3784 2
254 2696 4
255 3629 5
255 4967 8
255 4699 3
255 480 4
255 4363 4
256 1970 4
256 351 10
256 4257 8
256 1330 7
256 4520 5
257 4826 2
257 1630 10
257 724 7
257 4228 2
257 1276 10
258 1794 7
258 2623 7
258 1880 7
259 369 4
259 1344 9
260 982 9
260 558 3
260 4190 3
260 2741 10
261 515 4
261 1896 9
261 364 3
262 461 1
263 2108 10
263 3055 5
263 750 10
264 3602 7
264 4587 1
265 323 10
265 863 10
265 4807 8
265 1026 1
266 2470 5
266 3417 7
266 3713 7
267 1801 9
268 875 9
269 942 8
269 4096 3
269 1704 4
270 3138 3
270 988 5
270 2636 8
271 939 1
271 2122 4
271 1446 7
271 1901 8
271 3999 2
272 3782 9
272 2403 1
272 2724 6
272 1787 1
273 949 10
274 1431 1
274 910 10
275 4724 4
275 1632 9
276 2909 1
276 279 10
277 2044 6
277 2229 5
277 2792 8
277 2598 3
277 4232 10
278 4911 7
278 1583 10
278 4353 10
279 1991 7
280 954 8
280 3772 5
280 2249 5
281 3901 8
282 2230 8
282 2203 6
282 4649 4
282 4999 3
282 1755 5
283 4714 6
283 3191 9
284 1024 3
284 1313 2
285 1743 7
285 4758 4
285 4186 6
286 2582 6
286 3951 10
287 918 1
287 2419 3
287 3413 2
288 1054 9
288 1165 5
288 2334 6
288 919 5
288 3514 5
289 1261 10
289 3011 9
289 2887 10
289 3227 2
289 3384 2
290 2367 1
290 971 10
290 2559 7
290 4750 3
290 2276 10
291 4303 7
292 3588 9
292 4333 1
292 194 7
293 4040 5
293 2361 7
293 3472 10
293 3261 6
294 1513 8
294 2900 7
295 837 5
295 2208 9
296 3893 3
297 4322 5
298 3126 1
298 1379 4
298 3728 7
299 267 4
299 3274 7
299 1801 1
299 1704 6
299 231 2
300 699 3
300 4354 5
300 3025 8
300 460 9
300 4921 3
301 1321 9
301 635 4
302 2969 7
303 1332 2
303 1167 9
303 4534 8
304 151 10
304 4765 9
305 3309 9
305 3806 4
305 1972 2
306 321 1
306 3143 8
307 3190 3
307 1140 10
308 3401 8
308 927 6
308 2205 7
309 1149 6
309 3201 3
309 149 1
309 2979 6
309 4481 8
310 2301 1
310 4559 3
311 306 6
311 1729 3
312 4262 9
312 1338 1
312 2111 9
312 3524 7
312 314 1
313 2298 10
313 1820 3
314 3379 2
314 3050 6
315 1779 8
316 103 3
317 4383 2
318 2301 9
319 8 6
319 556 2
319 4341 10
320 3815 3
320 2958 8
321 92 10
321 4192 3
321 2964 7
321 4872 5
322 4746 1
322 3562 8
322 2129 1
323 209 1
324 4760 3
325 901 5
325 4178 2
325 4652 2
326 2535 10
326 4342 8
327 781 7
327 3905 4
327 4255 10
328 2616 1
328 1770 6
328 97 9
329 4098 3
330 24 1
330 3534 8
331 678 10
331 3538 2
331 3432 7
332 148 9
332 1154 1
332 1225 2
333 4795 5
333 1063 6
334 4031 8
334 851 7
334 989 2
334 4389 2
335 2836 1
335 1856 2
335 2667 9
335 559 3
335 1297 7
336 3678 2
336 3431 2
337 1870 6
337 2199 7
337 519 5
338 959 1
338 376 3
338 1963 1
338 3928 8
339 2453 5
340 2182 5
340 1725 2
340 708 9
341 1779 6
342 1736 10
343 4639 10
343 261 3
343 253 6
344 640 7
344 4509 7
344 2986 9
345 4574 10
345 3560 10
345 4523 1
345 3318 7
346 1244 9
346 2391 4
346 3803 8
347 2953 10
348 4945 1
348 3127 1
348 821 8
349 142 1
349 4263 2
349 2224 5
350 2554 4
350 3849 8
350 856 6
350 1559 1
351 3250 10
351 4474 5
351 4520 6
352 3716 10
352 1959 6
352 4429 9
353 3092 3
353 648 1
353 3693 2
353 2236 9
353 702 5
354 1646 2
354 2158 8
355 3868 8
355 3641 5
355 2120 8
355 479 4
356 4886 7
356 141 1
356 3732 10
357 3518 1
357 4751 9
357 3334 10
357 624 6
358 2924 10
359 1036 4
359 336 2
359 3415 5
359 843 8
360 680 2
360 419 9
360 2652 9
360 2681 7
361 1521 10
361 635 7
361 2307 9
361 4183 6
361 1321 4
362 1765 9
362 1037 3
362 2026 2
362 4077 10
362 1419 1
363 4390 8
363 2269 1
363 3992 3
364 4015 3
364 408 8
364 631 9
364 1589 5
364 515 4
365 495 1
365 1566 10
365 1266 8
365 512 2
365 618 1
366 2649 8
366 1226 7
366 3340 7
366 737 8
366 1331 9
367 2266 5
368 2287 6
369 1935 5
370 2016 1
370 1021 1
370 894 2
370 1833 4
371 3562 4
371 1948 5
372 1573 9
373 2149 2
373 3116 7
373 1320 5
373 3521 3
373 3364 8
374 4541 6
374 143 8
375 4042 3
375 1424 5
375 966 9
376 3802 8
376 1211 2
377 979 9
377 308 3
377 1231 2
377 1285 7
378 4539 7
379 4759 8
379 348 5
379 1468 4
379 821 10
379 3862 10
380 2631 7
380 3937 5
381 4403 7
381 2011 5
382 2260 8
382 1182 8
383 747 4
384 932 9
384 4783 4
384 4866 3
384 3764 9
385 3827 4
386 3501 6
386 4219 10
386 1377 7
386 664 2
387 1051 10
387 4058 2
387 2933 5
387 3640 10
388 4088 5
388 1067 7
388 1532 10
388 3323 2
389 1591 7
389 712 8
389 3599 10
390 3242 9
391 3585 9
391 491 8
391 883 3
391 898 1
392 350 8
392 2670 5
392 3849 1
392 10 9
393 4238 10
393 3586 5
393 1110 5
393 3563 1
393 946 7
394 3750 6
394 4728 6
394 2004 1
394 1174 9
395 899 3
396 2283 3
396 3190 1
396 948 2
396 127 8
397 2911 8
397 1741 4
397 2098 7
397 4359 8
398 1569 6
399 380 3
399 2366 4
400 2856 2
400 1175 2
400 543 9
400 964 10
400 3061 1
401 4544 9
401 4927 4
401 4003 6
401 3971 9
402 1180 7
402 4267 5
402 4542 5
402 3552 3
403 3063 1
403 319 4
403 780 2
403 4585 4
403 2888 1
404 1377 6
404 1784 9
405 3029 1
406 1903 10
406 4378 1
406 4440 10
406 525 6
407 3157 5
407 1724 7
407 4559 4
408 1616 9
408 1002 7
408 3015 7
408 552 8
409 4125 10
409 4908 5
409 1847 7
409 4052 2
409 3850 10
410 3472 1
410 293 3
410 3261 5
410 2213 8
411 640 5
412 3346 7
412 4450 1
412 1328 10
413 4497 10
413 4438 3
413 3001 1
414 2159 5
414 2416 7
414 4070 6
415 1195 8
415 3285 4
415 1479 5
415 1826 8
416 4193 4
416 4172 10
416 1803 5
416 3113 8
416 2618 5
417 3084 7
417 1191 2
417 3267 1
417 1551 8
417 975 6
418 234 2
419 2681 7
419 519 2
419 510 9
419 1761 9
419 337 2
420 1958 8
420 4453 7
420 1994 4
420 2493 8
420 77 5
421 2240 8
421 3326 8
422 66 8
422 1504 8
422 1825 1
422 4534 7
423 1991 5
423 2451 5
423 1085 6
423 2758 10
423 279 2
424 1278 1
424 4080 2
424 4909 4
424 1478 3
425 2740 3
425 2283 2
425 3102 1
426 4112 4
426 1586 7
426 497 3
427 1513 5
427 1940 3
427 2871 9
427 4612 8
427 4486 2
428 849 5
428 731 2
428 2146 2
429 4969 10
429 4895 6
430 1684 3
430 1669 4
431 603 7
431 4940 9
431 4369 6
431 1958 8
432 1092 6
432 584 3
432 2247 1
432 2479 1
432 219 1
433 542 6
433 3520 5
434 3174 1
434 3263 8
434 2242 5
434 128 2
435 69 1
435 4265 9
435 2700 9
436 4020 3
437 1467 1
437 3626 3
437 2905 9
438 3833 7
439 3658 9
440 4803 1
441 2286 1
441 3452 10
441 3594 5
441 2829 7
441 715 4
442 917 9
442 4998 4
442 3442 1
442 2349 7
442 2543 8
443 1021 4
443 4434 9
444 2986 4
444 255 3
444 4967 10
444 3629 2
445 3728 7
446 457 3
447 4471 6
447 156 1
447 1999 5
448 2153 6
448 4065 9
448 2768 8
448 1775 7
448 3978 3
449 3424 4
449 4163 8
450 2053 4
451 1395 4
451 4562 10
451 4808 8
451 570 6
452 3833 9
452 1571 3
453 1935 4
453 1344 8
454 4557 2
454 2299 7
454 2662 9
454 1851 1
455 790 2
455 746 1
456 2680 7
456 4028 4
456 1776 6
456 3306 6
457 4354 10
457 460 10
457 699 10
458 4401 7
458 3410 5
458 3409 7
458 1943 1
458 2374 2
459 2168 3
459 199 2
459 4780 3
459 4920 7
460 1646 4
460 4962 2
460 1388 6
460 2158 9
461 1667 3
462 939 4
462 2122 10
463 2619 7
463 677 10
463 4706 9
464 4260 4
465 821 7
465 2204 4
465 348 1
466 3642 10
466 2636 7
466 2721 1
467 3138 6
467 834 3
467 3642 8
467 4340 9
467 173 4
468 215 7
468 3027 4
468 4263 4
469 3136 3
469 2333 1
469 3537 10
469 3489 1
470 1523 10
470 708 4
470 1183 2
471 726 8
471 895 10
472 991 9
473 341 3
473 1779 6
473 2675 3
473 1039 6
474 2638 9
475 2597 7
475 3857 6
475 3355 3
475 3246 6
476 4968 7
476 971 4
476 942 5
477 3348 2
477 1829 2
477 1082 10
478 748 5
479 604 5
479 478 5
479 4150 10
480 3787 4
480 342 10
480 4363 2
480 4967 3
480 2828 8
481 1622 8
481 4531 1
482 4779 9
482 4224 4
482 840 2
482 1368 7
482 4503 10
483 182 4
483 4713 5
483 228 4
483 3304 8
484 945 7
484 3595 10
484 1554 3
485 405 1
485 1159 1
486 3905 2
486 4367 4
487 4224 10
487 4710 7
488 2649 9
488 4643 4
489 4814 3
490 492 10
490 3261 10
490 410 9
491 4917 7
491 385 4
491 3860 1
491 3229 5
492 2597 6
492 4675 7
493 4691 9
493 3207 4
494 734 5
495 2242 6
495 3263 10
495 1020 2
495 434 6
495 128 7
496 76 6
496 153 8
496 3075 7
496 3159 5
497 1109 1
497 2008 1
497 3709 1
497 1071 3
497 1667 6
498 4255 2
498 1005 2
498 3014 3
499 4573 5
500 2592 8
501 4602 1
501 4553 1
502 1705 3
502 975 5
502 3084 8
503 2947 3
503 189 8
504 1322 4
504 2959 5
504 1049 1
504 2076 1
504 4728 3
505 4862 7
505 4636 2
506 1751 5
507 1663 2
507 1356 5
508 4972 5
508 2969 8
508 2018 9
508 908 7
508 3430 10
509 3939 1
509 4696 4
509 1545 8
509 1045 3
510 1562 8
510 528 6
510 1530 8
510 2738 5
510 1399 6
511 889 6
511 1567 8
511 2635 8
511 2640 7
511 3020 3
512 2763 9
512 3263 7
513 1648 8
513 718 10
513 4245 6
513 4160 10
513 1954 8
514 1721 1
514 4497 6
514 3203 1
515 3901 8
515 1589 4
515 408 9
515 3184 4
515 4015 2
516 657 10
516 3431 10
517 4614 9
517 93 7
518 4693 2
519 1870 6
519 528 6
520 3861 1
520 4374 7
521 3343 9
521 3089 1
521 4087 8
521 1917 5
521 2041 4
522 1379 7
522 1390 8
522 760 3
523 2053 5
523 1662 5
523 1293 8
524 3909 6
524 2932 6
524 3130 10
524 570 9
525 4712 9
525 2822 9
525 4440 4
525 2425 10
526 1470 5
526 4786 2
527 1391 1
528 3697 10
528 1530 4
528 784 5
529 1516 7
529 2602 9
530 2176 5
530 291 8
530 2380 8
530 1869 3
531 2197 7
531 2835 9
532 147 7
532 4842 3
532 307 1
533 695 5
533 3056 9
533 4518 1
534 1358 8
534 3502 10
534 4330 10
534 206 1
535 2718 3
535 458 9
535 2253 1
536 448 4
536 4065 10
537 4313 8
537 2079 4
538 1850 5
538 1516 4
539 4674 8
539 2546 10
539 442 8
540 2028 2
540 4480 8
540 4884 5
541 246 2
541 1056 10
541 247 3
541 4142 3
541 4611 3
542 3215 10
543 1175 10
543 4911 2
543 3100 1
544 2937 6
545 3736 9
546 926 2
546 3912 10
547 2090 5
547 354 10
548 3158 9
548 4295 9
548 1903 2
549 1842 3
549 1655 6
549 2687 9
549 1339 9
549 4987 7
550 1984 5
550 3485 8
550 4491 3
551 1908 5
551 3434 8
551 3447 4
551 3600 5
551 4395 5
552 3435 9
552 3873 8
552 911 3
552 3104 2
553 4217 4
554 873 4
554 4528 9
554 1503 1
555 2374 7
556 3890 2
556 1863 4
556 1451 1
557 1812 2
557 1409 1
557 1875 10
557 3593 6
558 2741 1
558 1524 8
558 982 1
558 1030 2
559 1852 5
559 1449 8
559 2667 6
559 2714 7
559 1474 8
560 2161 7
560 146 8
560 2324 3
560 1640 2
561 1981 5
561 4883 5
561 1361 2
562 2931 5
562 3445 8
562 2256 6
563 329 3
564 4639 9
564 4015 9
564 364 5
564 4482 5
564 1896 1
565 4857 5
565 3625 9
566 1636 5
567 3249 3
567 4815 7
567 4368 8
567 764 8
567 4606 1
568 4703 8
569 3113 5
569 2618 2
569 1723 2
569 4172 3
570 2167 8
570 2932 6
570 3377 4
570 3132 5
571 492 2
571 3472 3
571 2597 6
571 475 6
572 1921 1
572 2261 2
572 4878 2
572 1216 2
573 4516 9
573 2100 1
574 2894 4
574 3478 9
574 3401 9
574 927 4
575 4629 7
576 2398 5
576 4986 5
576 4205 3
577 1156 2
577 3829 4
578 3308 7
579 4105 3
579 2392 1
580 599 2
580 1005 3
581 2633 6
581 351 9
581 4257 7
581 1044 3
582 2231 2
583 2472 10
584 3748 1
584 1976 5
585 4782 1
585 3515 4
586 2887 1
587 369 9
587 259 3
588 2453 6
588 339 5
588 4857 3
588 3940 8
589 1889 3
589 1623 2
589 63 9
590 1277 5
591 3990 3
592 758 4
592 1009 8
592 1181 7
593 1900 4
593 4937 2
594 2130 5
594 405 8
595 3098 9
595 754 9
595 1277 9
595 796 6
596 4766 7
596 4754 6
596 1618 4
596 3280 6
596 2525 9
597 4191 3
598 3693 2
599 3284 9
599 4825 4
599 1986 7
599 2803 1
600 4155 7
600 1647 9
600 546 6
601 3278 4
601 2499 10
601 3445 10
602 3505 3
602 4570 1
602 4240 4
602 1290 6
602 1607 7
603 4940 6
604 546 2
604 748 7
604 3385 4
605 3106 3
605 4480 4
605 4884 6
606 3227 10
606 3011 2
606 4195 10
606 1261 4
607 3177 7
607 2432 8
607 3749 6
607 1119 2
607 622 4
608 3148 7
609 834 3
609 2550 7
609 466 8
609 173 3
610 3233 6
610 1776 5
610 4849 4
610 440 9
610 2429 7
611 1264 5
612 2085 2
613 1506 8
613 31 4
613 2674 5
613 1307 3
614 2654 4
614 1711 3
614 2099 9
614 56 4
615 782 3
615 750 8
615 2455 9
616 157 10
616 2372 5
616 3084 9
616 1551 9
616 1544 1
617 706 1
617 4322 5
617 719 2
617 1824 9
618 2509 7
618 1502 7
619 4859 3
619 4123 10
619 1671 5
620 1207 7
620 151 7
621 3969 3
621 557 1
622 1493 4
622 3324 8
623 899 3
624 3334 7
624 2144 4
624 3352 1
624 4751 9
625 3555 3
625 4234 9
626 3269 8
626 3910 9
627 2066 5
627 1060 8
627 3772 8
627 1090 7
628 3851 10
628 4661 4
628 2855 4
628 1319 5
629 4838 2
629 2489 6
629 4848 5
629 1574 5
630 4977 6
630 1100 5
631 2345 2
631 552 4
632 1279 5
632 1767 9
633 868 3
634 530 1
634 3715 5
634 398 9
634 2176 5
635 152 4
635 1653 5
635 1166 8
636 385 8
636 1155 1
636 3229 10
637 275 3
638 4787 10
638 4017 7
638 2719 10
639 2496 8
639 1725 6
639 3422 4
639 4881 8
640 3629 8
640 2385 5
640 2395 3
640 4363 1
641 940 5
641 4618 9
641 3991 8
641 180 8
641 1500 9
642 2450 3
643 2647 6
644 1724 7
644 2447 6
644 407 3
645 4198 6
645 1829 7
646 3262 5
646 3194 8
647 2521 8
647 4668 10
648 3099 8
649 3448 2
650 609 5
650 4489 3
651 4581 2
651 2125 10
651 4762 8
651 2814 1
651 1522 5
652 584 1
652 2180 7
652 1976 9
653 3681 4
653 3613 5
653 2791 10
653 2727 5
654 3354 4
654 3807 5
655 3986 9
655 4695 4
656 2295 7
656 1891 8
656 4963 6
656 187 9
657 878 6
657 4871 5
657 1360 2
657 3710 2
657 2852 1
658 4260 8
658 3200 8
658 2727 8
658 374 9
658 1792 2
659 3061 1
659 2258 7
660 2694 9
660 396 5
660 2668 10
660 1883 1
660 3051 7
661 2670 6
661 1559 8
661 2554 5
661 2893 1
661 1927 10
662 1279 9
662 4213 10
663 109 1
664 4176 6
664 4421 8
664 4231 5
665 704 1
665 4045 6
666 3135 9
666 1288 4
666 815 2
667 615 5
667 2455 10
668 1692 1
669 1694 4
670 3549 1
671 3260 9
671 1169 3
672 1362 2
672 1342 9
673 4112 10
674 1815 6
674 2150 6
674 1155 6
674 2022 5
674 823 1
675 4190 8
675 1030 5
675 1386 7
675 2675 7
676 1187 5
676 2840 8
676 125 7
677 2119 4
678 3769 2
678 993 1
678 2735 3
678 4458 3
678 1546 7
679 3123 10
679 2097 4
680 4868 1
680 2717 10
680 784 4
680 2199 1
681 973 9
681 3818 1
681 3262 10
681 3575 7
681 1924 4
682 1175 6
682 400 7
683 2992 6
683 712 3
683 879 5
683 4918 7
683 3599 10
684 4082 9
684 2835 10
684 80 4
685 820 7
685 3538 1
686 2389 2
686 3574 2
687 4297 8
687 4078 5
687 3915 5
688 2489 10
688 1158 10
689 1664 8
689 4463 7
690 3876 1
691 4406 2
691 4448 9
691 2031 10
691 2051 3
692 3156 5
693 1346 10
693 1297 3
693 2826 1
693 221 5
694 130 6
695 481 7
695 1622 9
695 2976 8
695 725 5
696 276 5
696 1831 8
696 2451 2
696 1991 4
696 805 10
697 2861 7
697 4449 3
698 350 1
698 2242 5
699 3943 9
699 3426 2
699 4762 10
699 4581 1
700 4420 10
700 3597 8
700 2734 5
701 2061 9
701 3388 1
702 1278 2
702 1328 10
703 1544 10
703 2303 10
704 3693 6
705 3085 5
705 2816 3
706 1479 2
706 3819 3
707 1823 10
707 1218 6
707 2113 3
707 901 6
708 4846 1
708 2496 10
708 4881 1
708 4934 9
708 5000 1
709 2084 5
709 313 2
709 2762 10
709 129 2
710 3095 6
710 3999 4
711 1926 7
711 4573 8
711 4592 9
711 1644 8
712 4326 10
713 2317 10
713 3708 6
713 4708 9
713 4413 4
713 2679 9
714 67 6
714 3512 10
714 3026 10
714 2332 4
714 4782 1
715 1842 1
716 320 4
716 4958 4
717 2593 8
718 3055 5
718 750 3
718 752 1
718 3105 4
719 415 5
719 706 3
719 1479 6
719 1195 5
719 3285 9
720 2260 6
720 3440 8
720 382 2
721 1089 3
721 3769 10
721 678 2
722 3359 9
722 728 8
722 1771 4
722 2937 8
722 3855 2
723 4694 4
723 2368 3
723 3296 4
723 2739 8
723 2982 3
724 1008 8
724 3706 10
724 4870 10
724 4228 9
725 4996 10
726 2012 4
726 2200 10
727 2079 7
727 4313 6
727 3580 9
727 1599 9
728 1303 10
728 3359 10
728 2937 4
729 695 5
729 3396 2
730 1411 7
730 2522 4
730 358 1
730 2788 3
731 2243 3
731 3530 5
731 1141 6
732 3891 7
732 2913 9
732 1241 5
732 2470 3
732 3963 1
733 3100 6
733 1583 9
734 3103 8
734 4726 4
734 901 7
735 4948 10
735 1584 2
736 4757 8
736 2101 1
737 2649 10
738 2461 1
738 2977 10
738 1076 4
738 3969 2
738 4932 5
739 2320 4
740 3362 6
740 2260 8
740 3653 9
740 48 10
741 1684 4
741 4258 3
742 2260 6
742 953 7
742 1710 8
743 2057 6
743 3824 6
744 2349 6
744 121 8
744 2543 1
744 442 7
745 1429 1
745 1447 7
745 1650 1
746 868 8
746 1858 10
746 1652 2
747 2382 1
747 3458 7
747 3909 6
747 3097 2
748 3385 10
748 4155 5
748 926 1
748 592 2
749 2094 8
749 2948 1
749 2815 2
749 819 10
750 49 5
751 4600 1
752 369 6
752 4468 1
752 782 2
752 778 8
753 1402 2
753 4074 5
753 229 10
754 2013 1
754 763 6
754 4215 10
755 720 5
755 1182 1
756 1216 8
756 3273 3
756 177 9
756 3320 3
757 1585 2
757 3049 4
757 2473 5
758 1009 2
758 1216 1
758 1921 1
758 108 7
758 2713 7
759 4636 4
759 505 4
759 4862 4
759 3683 5
760 4379 8
760 445 3
761 3766 8
761 1639 3
762 4859 7
762 1259 4
763 743 7
763 421 7
763 2951 2
763 3824 10
763 935 3
764 217 4
764 1142 3
765 2815 8
765 2378 2
765 2039 5
766 2320 6
766 2651 5
767 4381 1
767 2523 6
767 1538 2
767 4473 3
768 864 3
768 4571 10
768 2463 8
768 196 1
768 1719 5
769 2891 9
769 4374 10
769 1371 10
769 1389 7
769 520 8
770 4223 2
771 1874 6
771 611 1
771 2160 8
771 80 1
771 2835 10
772 1788 3
772 4799 5
772 2654 9
772 3471 9
772 2832 4
773 1722 1
773 1542 5
773 2222 5
773 1088 3
774 2910 9
774 4825 1
774 1986 6
774 3284 8
774 1621 7
775 2140 8
776 2828 10
776 1736 7
776 4363 4
777 4991 8
777 1012 8
777 2398 4
777 576 7
777 450 9
778 1715 6
779 918 4
779 4527 7
779 2419 7
780 4578 5
780 2314 2
780 3890 4
781 4811 3
782 1161 9
782 2520 9
782 453 6
782 778 6
782 4792 3
783 3625 3
783 3335 7
783 4857 9
783 1184 8
784 3961 10
784 4685 7
785 4236 2
785 943 8
786 3538 6
787 3741 3
787 4094 9
787 3293 9
788 2411 10
788 2246 4
788 4126 2
789 866 4
789 3545 8
790 1022 8
790 1858 3
790 649 1
790 868 3
790 4479 3
791 1920 1
791 2449 10
791 2517 4
791 2316 1
791 2873 2
792 1206 3
792 2878 5
792 2566 10
792 2059 5
792 2723 10
793 1287 1
793 4833 2
793 1404 4
794 1885 3
794 1957 7
794 1529 2
794 2500 2
794 4109 6
795 7 1
796 2057 3
796 3326 9
797 4575 6
797 2643 1
797 4835 2
798 2306 3
798 3734 2
798 286 6
798 1778 2
798 3542 4
799 1823 10
799 1218 4
799 4126 4
800 3940 10
801 2897 9
801 2528 8
801 3770 5
801 4614 2
801 54 4
802 2945 9
802 1385 4
802 2766 10
803 3235 10
803 1887 5
803 1405 6
803 3109 8
804 3586 7
804 393 10
804 4025 3
804 4000 4
804 3358 2
805 3056 2
805 1991 4
806 4435 5
806 1829 10
806 1441 6
806 3904 1
806 3348 5
807 1846 9
807 78 10
807 4225 7
808 3506 3
808 1907 3
809 3148 7
809 1156 10
809 3367 10
809 833 8
809 3829 4
810 4983 3
811 2790 8
811 4680 7
811 4262 10
811 3379 5
812 2044 5
813 530 7
813 4056 6
814 3738 5
814 387 6
814 3242 10
814 1495 3
814 4478 5
815 4662 7
815 2849 5
816 1960 10
817 645 5
817 4198 4
817 1185 4
818 405 1
819 1445 1
819 2815 9
819 1941 9
820 2488 4
820 446 2
820 1179 8
820 678 10
820 993 1
821 2209 10
821 4153 9
822 3857 9
822 410 8
822 293 7
822 4675 7
823 3229 7
823 4653 7
824 3602 2
824 854 10
825 1613 1
825 3934 4
825 1497 9
826 1212 4
826 4471 10
827 4163 7
828 4976 2
829 3806 6
829 1568 3
829 3309 1
830 1321 6
830 1289 10
831 3457 7
831 2474 3
831 3568 5
831 3669 9
831 4006 2
832 4134 9
832 4688 2
833 3969 5
833 3829 5
833 3148 5
833 608 2
834 1066 2
834 1992 2
834 1886 6
834 3788 8
835 3080 2
835 2661 10
835 2140 6
836 2401 3
836 4430 1
836 4724 4
837 3468 9
837 2189 4
837 338 9
837 3955 1
837 1963 2
838 1458 10
838 3739 5
838 3973 10
838 4896 3
838 1438 3
839 298 6
839 1100 4
839 154 3
839 3751 7
839 760 2
840 4710 9
840 949 2
841 980 9
841 2366 5
842 2743 2
842 1721 6
842 4438 4
842 3001 2
843 1267 2
843 1531 5
843 657 3
843 3678 1
844 2403 4
844 1596 6
844 1027 6
845 1584 2
845 2052 8
846 858 10
846 2439 8
846 203 2
847 4041 7
848 2443 3
848 1789 8
849 3258 4
849 2146 5
850 2507 1
850 514 2
850 2605 5
851 2431 4
851 2456 4
851 4116 1
851 2561 2
851 2154 8
852 787 7
852 894 8
852 2016 3
852 1201 4
852 4256 8
853 2130 8
853 4667 8
854 4744 3
854 1800 4
854 4980 8
854 4860 5
855 4086 8
855 4188 10
856 1927 3
857 2475 5
857 4610 5
857 1064 5
858 4189 10
858 4589 7
858 2188 10
858 3723 3
859 4001 3
859 4717 2
859 1637 2
860 1388 3
860 4551 7
860 1522 1
861 4056 8
861 4303 3
861 4375 9
861 397 4
861 3708 10
862 1030 1
862 2675 7
862 1998 3
862 1604 5
862 675 7
863 2179 3
863 2087 5
863 1772 4
863 2393 1
864 4167 6
864 4412 5
865 1734 9
865 3870 4
866 3442 8
866 4674 6
866 2546 2
866 3077 9
866 442 1
867 2667 8
867 1449 10
867 1346 6
867 559 1
867 1852 3
868 1590 8
868 2927 9
868 2861 2
868 3448 6
869 1283 3
869 3179 7
869 3911 4
869 3351 6
870 2330 1
871 1971 5
871 109 5
871 1136 8
871 663 5
872 2177 3
873 4913 4
873 4179 10
873 318 5
873 1762 2
873 1639 3
874 1536 3
874 286 9
874 3038 6
875 2578 2
876 1361 9
876 2172 6
876 1981 4
876 136 10
877 4840 8
877 4444 8
877 2853 8
877 1860 10
877 1111 9
878 3413 5
878 3270 2
878 2783 4
879 4247 1
879 3736 6
879 545 6
880 1305 2
880 769 4
880 4325 7
881 3428 8
881 3219 2
881 321 4
882 3474 9
882 3695 10
882 4880 6
882 1430 3
883 385 1
883 2726 1
883 1155 6
883 1843 8
884 632 7
884 662 9
884 4377 8
885 2142 3
885 2693 8
885 2658 8
886 2811 10
886 940 5
886 641 10
887 1597 1
887 1669 7
887 3114 2
887 741 10
887 4737 7
888 4477 5
888 4466 4
888 4794 8
888 2046 1
888 4162 3
889 1667 2
889 2008 4
890 4156 1
890 2297 5
890 4371 4
890 1699 10
890 3840 5
891 371 4
891 3595 10
891 4768 4
891 945 2
891 1554 7
892 953 6
892 1182 3
892 3440 2
893 2177 10
894 3741 7
894 4094 6
894 3449 10
894 4256 7
895 2012 2
895 3845 5
895 3277 1
895 2269 8
895 3793 4
896 2439 3
897 4693 5
897 2691 10
897 2640 4
897 518 1
898 1155 6
898 3827 7
898 3229 2
898 491 9
898 4917 4
899 2190 7
899 2104 2
900 4960 9
901 3578 3
901 4983 1
901 1218 2
902 1478 9
903 4335 2
903 524 4
903 2416 2
904 4784 1
904 4526 10
904 4968 7
904 1801 9
904 1704 8
905 2728 7
905 4555 2
905 4012 1
906 1340 9
906 4260 5
906 143 3
906 4953 7
906 4321 9
907 1483 2
907 4492 9
908 1362 7
908 672 7
909 4153 5
909 4945 4
909 3862 4
910 4829 6
910 2014 1
910 2330 5
910 2051 10
910 2031 9
911 4305 7
911 2449 5
911 1370 9
911 2581 6
911 1920 1
912 1189 10
912 3933 5
913 3386 1
914 3148 2
914 577 9
914 833 9
915 1968 7
915 2534 2
915 2837 4
916 4139 2
917 3077 4
917 3327 9
917 2552 8
917 4164 4
918 1262 9
918 4814 2
919 1054 9
919 3392 10
920 2631 6
921 1836 4
922 1916 7
923 4407 4
923 278 1
923 2258 8
923 4911 10
924 2146 3
924 428 7
924 3530 1
924 1057 1
925 3908 6
925 455 1
925 1827 2
926 2659 9
926 59 6
926 4689 1
926 4155 10
927 4484 9
927 4114 1
927 4394 3
928 2296 8
928 3355 4
928 2597 3
929 1346 3
929 1297 6
929 559 4
930 2392 10
931 2350 9
931 1269 9
932 1968 5
932 930 4
932 3279 9
932 3507 5
932 2534 5
933 667 10
933 782 6
933 4245 5
934 2499 10
934 2183 2
934 601 9
934 3278 6
934 3878 7
935 4560 9
936 2536 9
936 2179 8
937 777 9
937 3913 9
937 2501 2
937 1662 7
937 576 2
938 4152 8
939 3119 10
940 235 6
941 1143 2
941 33 10
941 3457 6
941 1590 10
942 2559 3
942 290 8
942 2367 4
942 51 6
943 1162 9
943 4033 7
943 1252 4
943 3076 7
944 2510 7
944 577 4
944 3148 4
944 3987 6
944 4743 2
945 4768 4
945 46 9
945 2129 3
946 4089 1
946 4180 5
947 1448 3
947 624 1
947 3334 1
947 357 9
948 307 2
948 669 1
948 1740 7
948 1034 9
948 2740 3
949 2570 5
949 2313 10
949 4710 5
949 4119 8
950 2990 1
950 4714 4
950 3487 6
950 2088 2
951 4644 3
951 3356 4
952 4761 9
952 1367 3
953 1253 3
953 2260 2
953 1710 3
954 3936 2
954 3198 3
954 3372 1
955 1449 7
955 3115 10
955 1856 9
955 2714 9
955 1297 5
956 3131 7
956 624 10
956 1448 7
956 1254 1
956 2727 4
957 2307 9
957 304 10
957 3753 7
957 198 7
957 830 9
958 1765 8
958 2365 8
959 1211 10
960 2990 10
960 4671 5
960 4505 7
960 2778 2
960 1700 4
961 984 6
962 2298 4
962 129 1
962 2762 10
962 2230 5
962 4797 9
963 3921 1
963 2526 6
964 1175 1
964 4904 1
964 3843 3
964 4353 10
964 2544 8
965 2550 4
965 2995 10
965 4827 10
965 1886 3
966 3722 6
966 4439 6
966 2996 9
966 3064 10
967 2732 9
968 1477 5
969 3167 6
969 3679 7
969 828 7
970 4884 2
970 3285 3
971 2559 6
972 3048 10
972 4052 4
973 3005 3
973 3915 5
973 3663 7
974 93 1
974 1739 1
974 4864 2
975 689 9
975 1705 10
976 2520 2
976 259 3
976 1935 4
977 2567 1
977 764 9
977 3168 7
977 3886 1
978 2585 10
978 3220 8
978 3254 6
978 1031 3
978 4788 7
979 2823 1
980 737 8
980 2631 4
980 4563 2
981 2778 4
981 1882 8
981 4714 2
981 4288 6
982 1386 9
982 1369 8
983 1638 5
983 3320 4
983 4605 3
984 3719 10
985 4366 3
985 3991 8
985 2811 2
985 1433 9
985 1500 1
986 4069 9
987 2662 3
988 3436 1
988 1992 1
988 3373 8
988 2636 1
989 260 8
990 3508 3
990 3571 6
990 1620 3
990 3400 4
991 3170 10
991 3794 5
992 4100 6
993 446 10
993 2488 3
994 3066 1
994 4447 9
994 2014 10
994 2731 9
995 3624 7
995 58 8
995 3536 7
995 3217 10
996 3011 3
996 3227 8
996 2568 4
996 289 1
997 4310 10
998 3411 6
998 2480 10
998 2638 7
999 1475 1
999 2153 7
1000 956 4
1000 4953 6
1001 4309 6
1001 1601 5
1001 3829 6
1001 3500 6
1001 608 2
1002 3104 3
1002 3397 8
1002 2316 3
1002 4549 2
1002 911 10
1003 621 1
1003 833 4
1003 1190 1
1003 809 3
1003 557 7
1004 1354 8
1004 2363 6
1004 2675 1
1004 2388 4
1005 2265 10
1005 774 3
1006 4636 6
1006 2434 10
1006 1198 6
1006 3683 2
1006 505 10
1007 3469 5
1007 3114 10
1008 2967 10
1009 177 4
1009 3320 1
1009 2713 5
1009 572 5
1010 3067 9
1010 3596 5
1010 1013 7
1011 2283 3
1012 1293 10
1012 523 6
1012 4291 10
1012 2398 9
1012 576 4
1013 4414 5
1013 3233 3
1013 237 7
1014 165 6
1014 3140 1
1014 903 6
1014 3230 6
1015 4949 9
1015 4444 3
1016 73 8
1017 2531 3
1017 1188 9
1017 2875 9
1017 2466 6
1017 1417 6
1018 4139 10
1019 756 10
1019 3887 5
1019 4689 1
1019 2713 10
1019 190 4
1020 661 6
1020 1559 4
1021 3336 7
1021 3741 5
1021 3088 2
1021 4434 6
1021 4094 1
1022 4046 9
1022 172 9
1022 4449 6
1022 2323 5
1023 4105 8
1023 4382 6
1023 2267 2
1023 4344 10
1023 1968 8
1024 3574 10
1024 4802 1
1024 2171 1
1024 3405 8
1024 1877 9
1025 1981 3
1025 1410 2
1025 4034 5
1026 4795 6
1026 4952 3
1026 3076 3
1026 1162 9
1027 3792 4
1027 1787 3
1027 1918 6
1027 125 9
1027 2403 9
1028 1073 6
1028 3189 8
1028 131 9
1028 3941 1
1028 3237 6
1029 4407 8
1029 682 9
1030 1779 1
1030 2675 1
1030 2388 9
1030 1004 4
1031 2838 1
1031 1106 10
1031 3476 2
1032 4039 6
1032 4735 3
1033 2842 6
1033 3694 3
1033 3527 8
1033 2750 10
1034 2283 1
1034 1140 5
1034 3102 8
1035 2387 9
1035 3089 6
1035 4087 4
1035 1917 6
1036 3145 10
1036 4871 4
1037 4694 7
1037 723 8
1037 2982 3
1037 2739 8
1037 3735 2
1038 573 5
1038 951 4
1039 4829 2
1039 691 1
1040 3657 9
1040 342 5
1041 3633 3
1041 2569 4
1041 4029 6
1042 3317 5
1042 4627 8
1043 1125 8
1044 4520 9
1044 3250 3
1044 4474 4
1044 1970 7
1044 1750 5
1045 4472 3
1045 4696 10
1045 2818 10
1045 2495 3
1045 4098 1
1046 2891 3
1046 1371 5
1046 769 8
1046 1305 1
1047 4883 5
1047 3308 9
1047 876 5
1047 3896 2
1048 4417 3
1048 1509 8
1048 4120 4
1048 3623 10
1049 2959 2
1050 850 7
1050 4436 4
1050 2331 5
1051 3531 1
1051 3129 3
1051 3640 7
1051 3318 5
1051 4574 4
1052 2160 2
1052 1922 4
1052 684 9
1052 611 8
1053 202 5
1054 3465 5
1054 2001 10
1054 197 2
1055 2339 4
1055 3840 2
1056 4419 3
1057 283 10
1057 1768 9
1057 4804 4
1057 85 7
1058 1212 8
1058 4623 4
1058 3947 8
1059 3170 1
1059 2753 5
1059 1355 1
1059 4732 5
1059 991 10
1060 954 8
1060 3676 5
1060 2249 5
1061 3393 5
1061 409 1
1062 397 8
1062 12 9
1062 3708 5
1062 1631 9
1063 785 7
1063 4795 10
1063 2393 10
1063 2087 2
1064 186 9
1064 2092 7
1065 3241 9
1066 4827 10
1066 3007 7
1066 3373 4
1067 4744 6
1068 3262 8
1068 2064 1
1068 2598 6
1068 3114 6
1069 3667 8
1070 227 6
1070 933 8
1070 4852 2
1070 513 7
1070 2722 1
1071 1220 4
1071 4614 7
1071 2008 10
1071 54 4
1072 4463 3
1073 4371 7
1073 3237 10
1074 394 7
1074 4728 2
1075 3870 2
1075 1751 3
1075 4914 7
1075 3584 7
1075 1734 6
1076 1044 8
1076 4257 3
1076 351 5
1076 2839 3
1076 3181 2
1077 1331 9
1077 2631 10
1077 1443 2
1078 2827 8
1078 4172 9
1079 369 2
1079 2455 8
1079 4792 6
1080 2515 4
1080 236 9
1080 2049 10
1080 3494 10
1080 2351 5
1081 4024 3
1081 9 10
1081 1090 7
1081 627 9
1081 275 1
1082 1578 8
1083 840 1
1083 3230 9
1083 2313 8
1084 3882 8
1085 1866 9
1085 4996 2
1085 3056 10
1085 4531 1
1086 1513 8
1086 4433 2
1086 3775 7
1086 2002 3
1086 1688 4
1087 1207 9
1087 967 2
1087 830 6
1087 2307 10
1088 3800 2
1088 3949 8
1088 2884 7
1088 4320 2
1088 3399 8
1089 547 5
1090 3659 9
1091 705 10
1091 2901 4
1091 2816 4
1091 2879 2
1092 3418 5
1092 3526 2
1092 3579 2
1093 3043 9
1094 1505 3
1094 3584 4
1094 1751 5
1095 2298 7
1095 962 3
1096 439 10
1097 515 10
1097 536 10
1097 253 2
1098 4772 3
1099 3365 6
1100 3751 3
1100 218 2
1100 1379 8
1100 298 3
1100 2514 6
1101 514 3
1101 3441 9
1101 850 2
1102 2060 2
1102 4685 9
1103 185 2
1103 2702 8
1103 107 10
1103 3313 2
1104 1620 5
1104 922 9
1105 4920 3
1105 2854 7
1105 493 4
1106 3647 3
1106 2838 4
1107 3698 4
1107 4756 9
1108 1111 7
1108 3618 7
1108 1860 5
1108 4840 2
1108 1890 3
1109 54 7
1109 3454 4
1110 2693 5
1110 4238 6
1110 4180 4
1110 1780 10
1110 1693 10
1111 4444 5
1112 3559 10
1112 3637 6
1112 3977 5
1113 546 3
1113 604 4
1113 3382 1
1113 3385 7
1114 2878 3
1114 4131 5
1114 1206 1
1115 642 10
1115 2450 5
1116 4936 7
1116 4623 1
1116 4835 1
1116 156 5
1117 2531 8
1117 4292 7
1117 1188 10
1117 2466 6
1117 2875 7
1118 1293 2
1119 1548 4
1120 640 5
1120 2395 6
1120 159 5
1121 3397 5
1121 791 9
1122 4937 1
1122 2569 5
1122 2490 8
1122 3633 4
1122 3975 3
1123 2375 10
1123 4648 9
1123 1189 4
1124 2392 8
1124 2705 2
1124 1968 9
1124 4382 8
1124 4105 7
1125 1225 5
1125 3062 4
1125 4710 4
1126 1419 10
1126 4077 4
1126 2026 5
1126 4342 4
1126 1037 5
1127 2271 6
1127 2508 9
1127 2613 8
1127 4813 5
1127 2302 8
1128 3258 1
1129 3828 2
1129 3512 5
1129 3026 3
1129 3171 10
1130 4618 5
1130 3991 1
1130 991 6
1131 2270 2
1131 1298 7
1132 1818 4
1132 1802 8
1132 2773 8
1132 2817 6
1132 4068 3
1133 666 7
1133 2135 6
1133 3091 1
1133 119 6
1134 747 2
1134 2708 4
1134 2382 4
1134 524 7
1134 4659 1
1135 4185 2
1135 3888 1
1136 1056 4
1137 4079 9
1137 677 3
1138 3203 5
1138 2788 9
1138 1306 10
1138 4761 6
1139 3406 4
1139 2206 8
1139 2292 1
1139 4885 1
1140 1740 10
1140 4332 8
1140 1694 2
1141 2834 3
1141 981 9
1141 950 3
1141 4505 9
1141 62 6
1142 4511 10
1142 1914 5
1142 3168 3
1143 2474 1
1144 1864 4
1145 2809 8
1145 4687 7
1145 4383 5
1145 3210 4
1146 396 5
1146 147 9
1147 2157 7
1147 4705 1
1147 16 2
1148 4857 3
1149 2259 1
1149 1006 8
1149 3621 10
1149 4481 9
1149 4357 5
1150 2805 5
1150 2606 6
1150 3470 7
1151 4235 8
1151 130 5
1151 3836 9
1152 1437 9
1153 3973 6
1153 1511 5
1153 3196 3
1153 150 8
1154 1368 10
1154 840 9
1154 4117 1
1154 4119 8
1154 2313 8
1155 4202 9
1155 4917 4
1155 385 3
1155 491 9
1155 2553 1
1156 1812 9
1157 1122 7
1158 1632 4
1158 3858 7
1158 4314 2
1159 1285 7
1159 2577 7
1159 1236 1
1160 1352 6
1160 2634 1
1161 2520 1
1162 652 2
1163 137 4
1164 1894 1
1164 3384 8
1164 3011 6
1164 1364 5
1164 4462 7
1165 739 2
1165 2651 5
1165 3392 4
1165 2001 2
1166 933 5
1166 2722 3
1167 3714 7
1167 3620 2
1167 2890 1
1168 4220 2
1169 2523 7
1169 3266 2
1169 2337 7
1169 2394 9
1170 642 1
1170 1115 7
1170 3339 2
1170 2538 1
1171 4894 3
1171 4401 5
1171 951 10
1171 2642 10
1171 2253 9
1172 2492 9
1172 3167 5
1173 3106 3
1174 3482 8
1175 731 4
1175 428 5
1175 85 2
1176 71 3
1176 4857 5
1177 4928 7
1178 1916 8
1178 1573 1
1178 1620 8
1178 4816 6
1179 446 4
1179 1546 10
1180 3930 1
1180 3470 10
1180 4658 1
1180 2805 3
1181 1921 9
1182 3275 10
1182 3396 9
1182 3056 9
1183 1523 7
1183 708 4
1183 2182 6
1184 2081 1
1184 3040 8
1184 4535 7
1184 2136 8
1185 3321 6
1185 2247 6
1185 3579 8
1185 1092 6
1185 1578 4
1186 4004 7
1186 1154 1
1186 4127 3
1186 4070 4
1186 524 2
1187 2724 10
1187 3792 9
1187 844 10
1187 1643 8
1187 3782 10
1188 4175 10
1188 2531 5
1188 1029 8
1189 4898 7
1190 1608 1
1191 2372 9
1192 1509 10
1192 4417 7
1192 1713 7
1193 3098 6
1193 1277 9
1193 763 5
1194 4360 4
1195 1479 2
1195 1208 4
1195 1826 3
1196 3313 4
1196 2793 3
1196 4625 6
1197 4314 1
1197 4947 10
1197 4848 3
1197 1574 9
1197 4442 4
1198 2471 10
1199 1404 5
1199 3032 5
1199 4020 6
1199 3567 2
1200 1091 1
1200 2901 4
1200 3555 5
1201 2338 1
1201 1984 9
1202 1984 1
1202 2935 10
1202 4752 6
1202 4491 9
1202 3686 3
1203 4486 10
1204 4289 6
1204 4900 5
1204 4431 8
1204 4498 4
1204 3779 7
1205 2277 7
1205 3200 6
1205 2791 10
1206 4283 1
1206 2723 6
1206 3453 8
1206 2878 2
1207 361 6
1208 2530 5
1208 2985 3
1208 2667 2
1209 814 4
1209 17 6
1209 4058 7
1209 1351 4
1210 3058 2
1210 710 5
1210 4525 6
1211 3266 8
1212 4623 8
1212 4925 5
1213 4102 8
1214 3764 7
1214 932 7
1214 1320 8
1214 3521 1
1215 948 2
1216 3267 2
1216 2372 4
1216 3084 2
1217 2135 1
1217 3217 3
1217 3590 1
1217 1133 7
1218 1690 4
1218 2584 1
1219 3849 3
1220 1243 3
1220 1936 9
1221 4284 10
1221 3633 3
1222 3105 10
1222 782 3
1222 2093 8
1222 226 8
1222 227 5
1223 4137 3
1223 4860 6
1223 824 4
1224 2576 10
1224 1525 7
1224 1318 6
1225 2167 1
1225 2313 6
1225 3551 1
1226 2649 7
1226 3498 1
1226 4579 2
1226 3137 10
1226 1628 5
1227 997 2
1227 1258 6
1227 1827 7
1227 4805 7
1227 378 4
1228 554 3
1229 4521 7
1229 3590 2
1229 3416 5
1229 1133 9
1230 2080 4
1231 308 3
1231 2577 3
1232 3203 6
1232 4943 5
1232 1956 9
1232 3888 10
1233 3701 6
1233 4135 1
1233 1676 5
1234 4747 5
1234 2757 9
1234 3186 3
1234 124 8
1235 3112 9
1236 4484 5
1236 2823 9
1236 4501 6
1236 3401 1
1236 3478 10
1237 1779 5
1237 4190 4
1237 1524 9
1238 4102 9
1238 4729 1
1239 2211 4
1240 2814 4
1240 2080 2
1240 4836 4
1240 1230 7
1240 1756 4
1241 1698 9
1241 830 6
1241 2907 6
1242 3054 3
1242 2850 9
1243 1565 10
1243 3651 8
1243 2608 5
1243 1413 7
1244 2614 4
1244 4998 5
1244 121 8
1244 789 10
1244 2349 3
1245 233 6
1246 1760 6
1246 3789 4
1246 1520 4
1247 1611 9
1247 1842 1
1247 1249 5
1248 1855 10
1248 4557 7
1248 2662 6
1249 1111 7
1249 1108 9
1249 2847 6
1249 877 1
1249 4444 6
1250 4669 9
1250 3056 6
1250 4163 1
1250 3396 10
1250 720 8
1251 4450 7
1251 2192 2
1251 4270 5
1251 4909 4
1252 806 10
1253 3639 7
1253 1710 4
1253 4072 4
1253 1182 8
1253 4964 9
1254 3352 5
1254 112 7
1255 2429 1
1255 3233 7
1256 4069 7
1256 1482 4
1256 2773 10
1257 3193 6
1258 697 1
1258 2045 2
1258 3499 4
1258 3669 10
1258 941 9
1259 1990 10
1259 4568 10
1260 4083 8
1260 936 2
1260 4732 3
1261 3384 1
1261 1894 8
1261 4195 5
1261 2568 5
1261 1864 8
1262 2638 6
1262 3475 8
1262 3517 1
1263 2156 9
1263 3014 1
1263 2910 2
1263 1986 9
1263 498 7
1264 1066 1
1264 2197 5
1264 2160 3
1264 2639 8
1264 2550 5
1265 3053 3
1265 713 3
1266 3486 1
1266 2554 3
1267 657 6
1267 3383 4
1267 3145 7
1267 3678 2
1267 3431 4
1268 2996 6
1268 3064 9
1268 1757 9
1268 3722 10
1268 4439 4
1269 1793 6
1269 3725 7
1269 4302 3
1270 228 6
1270 1078 1
1270 3259 1
1270 4172 9
1270 2789 10
1271 4327 8
1271 795 4
1271 553 3
1271 4676 7
1272 510 1
1272 3023 2
1272 2445 4
1272 1870 2
1272 3771 3
1273 59 6
1273 1638 3
1273 4605 6
1273 1921 9
1274 4795 1
1274 652 2
1274 323 1
1274 4807 4
1275 2852 4
1276 1400 5
1276 4635 4
1276 1008 4
1276 3706 1
1276 2967 7
1277 4823 8
1277 3824 7
1277 2013 1
1278 1955 7
1278 200 6
1278 2085 7
1279 4303 4
1279 3053 5
1280 4753 10
1280 859 10
1281 568 9
1281 3789 10
1282 3188 6
1283 1086 5
1283 3496 4
1283 2002 5
1284 2017 10
1284 1618 7
1285 2756 8
1286 2903 7
1286 981 10
1286 1882 6
1287 2941 10
1287 2993 2
1287 1760 6
1287 1281 10
1287 1246 2
1288 2849 8
1289 4160 9
1289 1954 1
1289 227 6
1289 2214 3
1289 4013 5
1290 4151 1
1290 4570 5
1291 1407 1
1292 4214 1
1292 3529 5
1292 3006 10
1292 2953 5
1292 2556 5
1293 1662 9
1293 2501 5
1293 869 4
1294 1516 1
1295 2195 2
1295 4593 9
1295 4142 6
1296 3918 7
1297 2667 9
1298 4885 5
1299 4439 10
1299 1757 9
1299 4533 8
1300 4123 10
1300 4568 9
1300 3564 9
1300 4110 4
1300 4882 8
1301 4907 4
1301 4075 4
1302 4803 4
1303 3359 5
1303 4590 10
1304 2254 6
1304 3127 7
1304 4151 4
1304 2244 2
1305 871 8
1305 1295 7
1306 3615 10
1306 4074 3
1306 3627 3
1306 81 2
1306 229 2
1307 2127 1
1308 3001 4
1308 4436 5
1309 2551 3
1310 3995 9
1310 2061 9
1311 16 1
1311 2588 4
1311 1540 6
1311 4705 2
1312 4236 8
1312 3076 1
1312 2179 1
1312 1744 2
1313 4802 1
1313 3405 6
1313 2389 10
1313 3574 1
1313 3865 4
1314 4860 6
1314 1800 6
1314 3970 10
1315 2871 6
1315 2868 5
1315 1730 6
1315 1513 4
1315 1203 3
1316 2625 3
1316 1503 8
1316 1980 4
1317 3693 8
1317 4721 3
1318 2089 1
1318 1332 8
1318 104 6
1318 1167 8
1318 303 10
1319 2855 4
1320 1023 4
1320 2534 8
1320 915 9
1320 3279 7
1321 4160 1
1321 4583 7
1321 1222 5
1321 778 2
1322 1500 6
1323 3240 10
1323 1061 1
1323 4668 10
1324 4829 10
1324 1039 9
1324 4060 5
1325 3451 4
1326 2555 7
1326 1851 5
1326 4557 10
1327 2771 6
1328 4576 3
1328 2192 4
1328 4727 9
1329 303 9
1329 4890 4
1329 3696 8
1329 4540 6
1330 4474 1
1330 4773 5
1331 4579 10
1331 3498 3
1331 1628 4
1331 195 9
1331 2649 8
1332 2529 7
1333 4688 4
1334 4248 9
1334 2436 7
1334 2424 10
1334 3643 7
1335 2156 6
1336 1874 5
1336 1168 7
1336 4220 7
1336 1922 9
1337 3144 3
1338 2790 3
1338 2465 10
1338 314 3
1338 3050 8
1338 2111 4
1339 2687 10
1339 1842 4
1340 1983 3
1340 653 4
1340 3613 8
1340 4586 3
1341 4339 8
1341 3345 6
1341 2190 7
1341 1686 3
1342 2415 1
1342 2726 4
1342 4653 7
1342 2150 4
1342 1843 5
1343 2757 8
1343 1606 10
1343 4849 1
1344 2318 4
1344 369 9
1344 4318 3
1344 4926 4
1345 4511 1
1345 4606 1
1345 4368 8
1346 2798 5
1347 2919 4
1348 2682 10
1349 4943 2
1349 1721 5
1350 4087 3
1350 4019 10
1350 2387 1
1350 1035 5
1350 1840 5
1351 4523 1
1351 3560 9
1351 3180 3
1351 3318 10
1352 4104 4
1352 1311 8
1352 642 10
1352 2809 7
1353 1092 5
1353 1976 10
1353 1925 7
1354 2363 7
1355 3488 2
1355 1485 7
1355 2536 1
1355 3107 4
1355 2704 4
1356 3861 6
1357 4614 1
1357 1109 3
1357 1814 6
1357 3605 8
1358 1063 4
1358 1312 3
1359 3449 2
1359 3741 10
1359 3293 3
1360 4814 2
1361 4883 6
1362 3057 10
1362 491 3
1362 1843 8
1362 4653 9
1363 2604 1
1363 3936 5
1363 628 2
1364 2887 10
1365 441 5
1366 4743 6
1366 3917 7
1366 738 7
1367 1555 5
1367 2825 4
1367 3342 6
1367 4761 10
1368 4503 10
1368 2932 4
1369 4293 9
1370 2390 1
1370 3300 10
1371 3332 7
1371 4374 8
1371 2891 2
1372 4064 1
1372 2011 7
1372 381 5
1372 4403 8
1373 2723 8
1373 3796 9
1373 3758 6
1374 526 6
1374 4786 5
1374 3760 4
1374 2233 4
1375 2139 6
1375 2737 3
1376 3093 8
1376 4338 10
1377 4426 6
1377 4369 2
1377 2571 4
1378 3482 6
1378 991 7
1378 4728 9
1379 2512 7
1380 4404 1
1380 2915 7
1381 871 8
1381 3332 4
1381 4374 3
1381 663 10
1381 1136 5
1382 4234 9
1383 2567 5
1383 4815 10
1383 2583 6
1383 1543 6
1383 3847 6
1384 1426 1
1384 74 10
1384 1831 8
1385 849 1
1385 731 6
1386 691 9
1387 4666 2
1387 831 1
1387 3669 4
1387 1048 7
1387 4197 1
1388 3650 9
1388 1396 10
1389 1136 3
1390 3940 3
1390 800 7
1390 2116 8
1391 722 9
1392 4364 4
1392 3109 10
1392 2921 3
1393 900 5
1393 3353 3
1393 1783 6
1393 4657 7
1393 3616 3
1394 3263 3
1394 1502 8
1394 3486 7
1394 2554 4
1395 2382 1
1395 1867 6
1396 2814 9
1396 3380 4
1396 4004 8
1397 3612 2
1397 428 8
1397 2834 9
1397 3199 7
1398 1188 9
1398 3370 5
1398 4145 1
1398 4296 4
1399 4868 3
1399 2717 8
1399 4275 6
1400 380 4
1400 2366 2
1400 2631 7
1401 4916 7
1402 1440 10
1403 3241 8
1404 1193 7
1404 1760 10
1405 2152 10
1405 7 7
1406 1852 3
1407 3334 2
1407 2711 2
1408 4727 1
1408 4576 8
1408 3303 8
1409 738 3
1409 4520 2
1409 4932 4
1410 3290 2
1410 578 10
1410 2354 8
1410 3896 4
1410 561 5
1411 3615 6
1411 566 7
1411 81 2
1412 4078 2
1413 3406 7
1414 3716 10
1414 4429 4
1414 1588 8
1414 3685 4
1414 1959 8
1415 4744 3
1416 4493 6
1416 3878 9
1416 4741 10
1416 3755 6
1417 1057 5
1417 1188 1
1417 682 10
1418 3777 3
1418 3322 4
1419 4694 2
1419 4077 6
1420 554 6
1420 2428 7
1420 1741 3
1420 2625 5
1420 1569 7
1421 1181 9
1421 604 7
1421 748 4
1421 4150 8
1421 3887 7
1422 2898 1
1422 3884 9
1423 4429 7
1424 3064 3
1424 1268 2
1424 3390 9
1424 4439 5
1425 294 10
1426 3056 4
1426 2909 10
1426 2451 8
1427 960 4
1427 4714 4
1427 3530 6
1427 2990 4
1427 2903 3
1428 3307 5
1428 1469 7
1429 1894 8
1429 3384 9
1429 4195 3
1430 1493 4
1431 777 3
1431 3066 1
1431 4837 5
1431 870 2
1431 994 2
1432 2215 3
1433 3236 2
1434 1215 6
1434 1187 2
1435 282 1
1435 2084 5
1435 1095 5
1435 3875 2
1435 1820 8
1436 801 5
1436 3921 7
1437 2816 4
1437 2901 9
1437 2650 2
1437 2934 1
1438 4901 6
1438 3867 6
1438 4483 7
1438 4966 6
1438 2381 6
1439 3822 8
1439 98 4
1440 3903 3
1440 4086 8
1440 2919 3
1440 3582 2
1441 3418 5
1441 3333 3
1442 795 8
1442 2023 2
1442 4087 10
1442 2869 1
1443 737 1
1443 2649 4
1444 3481 8
1444 2348 10
1444 3914 3
1444 3558 1
1444 3875 10
1445 3528 6
1446 2420 5
1447 13 10
1447 3614 3
1448 3352 7
1449 4253 10
1449 1474 2
1449 1346 1
1450 2747 8
1450 1980 1
1450 4665 4
1450 4140 5
1451 2644 6
1451 3257 1
1451 116 9
1451 3890 8
1452 3356 5
1452 1350 4
1452 2718 4
1452 4087 3
1452 4280 6
1453 217 4
1453 3168 7
1453 3569 6
1454 2986 1
1454 4699 6
1454 2395 10
1454 3932 10
1455 1806 9
1456 1573 3
1456 2350 2
1456 1916 9
1456 3571 1
1456 4218 7
1457 196 5
1457 864 2
1457 2701 1
1458 3910 6
1458 3404 3
1458 1528 2
1458 117 2
1458 3739 6
1459 2887 8
1459 3384 4
1460 3629 5
1460 3787 6
1460 2395 7
1461 1726 1
1461 3104 4
1462 1558 6
1462 1880 3
1463 2628 4
1463 2284 8
1463 2540 4
1464 696 10
1465 394 4
1465 1074 10
1465 4018 3
1465 4728 3
1465 4036 4
1466 3166 3
1466 2010 1
1466 4725 10
1467 1716 7
1467 773 9
1467 4152 3
1468 4729 10
1468 4396 8
1468 821 2
1468 4153 3
1469 1091 2
1469 2114 3
1469 1536 5
1469 2816 6
1469 3951 4
1470 2473 8
1471 1487 3
1471 3952 3
1472 3306 8
1472 238 7
1472 3281 6
1472 2748 4
1472 1806 9
1473 1794 9
1473 1558 9
1473 1880 7
1473 3554 8
1473 1462 10
1474 471 10
1474 1480 7
1474 2530 10
1475 911 5
1475 1896 9
1476 3890 8
1476 2314 2
1476 4578 7
1476 3446 4
1476 1863 10
1477 4422 7
1477 3339 6
1477 2809 2
1477 4678 2
1478 1328 3
1478 1955 7
1478 3096 3
1478 2221 3
1478 4619 8
1479 1826 6
1479 3819 8
1479 2966 1
1479 3721 8
1480 2621 5
1480 4253 2
1480 2200 4
1481 3884 1
1481 4691 8
1481 4223 5
1482 4122 2
1482 2483 2
1483 3324 4
1483 4174 2
1483 3749 4
1483 1119 5
1484 1370 3
1484 3435 7
1485 1274 10
1485 4330 5
1485 2180 3
1486 60 7
1487 2341 1
1488 4537 3
1488 454 10
1488 14 5
1488 3801 1
1489 2892 4
1489 4394 2
1490 3054 2
1490 1544 10
1490 27 3
1490 90 1
1490 1072 7
1491 1088 7
1491 3949 4
1491 2239 3
1492 1319 6
1493 120 7
1493 4740 6
1494 1632 10
1495 387 5
1495 3560 4
1495 3531 1
1495 4574 2
1495 3129 9
1496 3047 6
1496 3614 1
1496 1650 2
1496 1447 2
1497 3648 7
1497 4194 9
1498 4160 8
1498 3959 5
1499 627 2
1499 1632 10
1500 2180 1
1500 4144 8
1500 235 10
1501 3717 2
1501 891 8
1502 1229 2
1502 1927 8
1503 2435 5
1503 4739 10
1503 3200 10
1503 3613 7
1504 3165 8
1504 324 5
1505 4910 1
1505 56 10
1505 772 8
1505 4879 8
1506 4294 5
1507 3045 6
1508 4897 2
1508 3827 7
1508 4917 7
1509 4030 4
1509 3623 3
1509 4120 3
1509 4362 10
1510 2313 9
1510 840 10
1511 3196 10
1511 4177 5
1511 2602 3
1511 321 7
1512 1578 8
1512 3418 4
1512 2479 5
1512 432 1
1513 1034 2
1513 1730 8
1513 669 9
1513 1931 6
1513 1596 3
1514 3312 5
1514 1679 6
1515 1592 7
1516 881 4
1516 3143 9
1517 3254 10
1517 3388 10
1518 812 10
1518 2229 4
1518 2044 7
1518 3262 3
1519 1880 6
1519 1177 1
1519 258 3
1519 4928 9
1519 1794 3
1520 2013 4
1520 4034 2
1520 3824 6
1521 1949 2
1521 227 5
1522 4026 8
1523 4934 6
1524 4060 6
1524 691 1
1525 104 9
1525 3785 6
1525 4534 10
1525 4890 2
1525 1821 5
1526 4982 1
1526 1855 8
1526 178 8
1527 3977 5
1527 4071 1
1528 4901 5
1528 2503 8
1528 3404 8
1529 597 2
1529 1957 9
1529 2730 6
1530 3961 6
1531 878 10
1532 4088 7
1532 1800 7
1533 4313 1
1533 4336 9
1533 2622 2
1533 3956 5
1533 3588 5
1534 2386 3
1534 4631 4
1534 2843 8
1534 2776 2
1534 2677 7
1535 4735 4
1535 1961 10
1535 4039 5
1535 2764 3
1535 2147 5
1536 2306 3
1536 4404 6
1536 3951 6
1537 4847 8
1537 4104 6
1537 2450 4
1538 3567 1
1538 1199 6
1538 4994 8
1539 3512 8
1539 4402 2
1539 1830 3
1539 2137 3
1539 714 2
1540 1822 9
1540 2809 8
1541 761 6
1541 1762 9
1541 906 4
1542 2802 1
1542 3614 4
1542 1429 7
1543 1142 3
1543 2782 5
1543 4633 5
1544 2372 3
1544 1664 7
1544 1705 2
1544 1551 5
1545 2494 5
1545 210 1
1546 2158 5
1546 4354 8
1546 2409 6
1546 4921 10
1546 3705 8
1547 3650 7
1547 1388 9
1547 1731 5
1547 3025 6
1547 4551 9
1548 4522 8
1548 4951 10
1548 1493 8
1549 798 8
1549 1536 6
1549 286 6
1550 2599 4
1550 3667 4
1551 27 10
1551 4777 1
1552 4939 2
1552 2377 6
1552 2046 9
1553 2137 2
1554 4746 3
1555 2825 5
1555 1865 7
1556 1489 3
1556 2130 7
1556 2577 3
1556 3520 1
1557 323 5
1558 1880 2
1558 2623 6
1558 4107 9
1558 1107 5
1559 1229 2
1560 2450 4
1560 1160 3
1560 1635 2
1560 2538 1
1561 2326 7
1561 3989 1
1561 1754 10
1561 630 7
1561 4977 2
1562 2060 9
1562 4440 1
1562 4685 4
1562 1530 2
1563 2448 9
1563 3923 7
1563 1537 1
1563 4687 1
1564 4300 1
1564 3148 2
1564 3829 7
1564 4604 7
1564 3593 1
1565 4225 10
1565 3406 2
1565 3443 3
1566 3069 5
1566 3135 1
1566 1927 1
1566 3091 10
1567 3852 9
1567 1586 5
1567 2292 10
1568 1143 9
1568 697 7
1568 3499 4
1569 2911 8
1569 554 10
1569 4359 2
1569 2428 2
1569 2457 2
1570 4954 5
1571 3728 10
1571 2116 1
1572 297 3
1572 617 9
1572 540 1
1572 2966 10
1573 4816 5
1574 2604 10
1574 2855 8
1574 4724 1
1574 1090 3
1575 987 10
1575 1488 3
1575 454 1
1575 1851 6
1575 1526 6
1576 3534 9
1576 4930 6
1576 3574 8
1576 1313 8
1577 1203 8
1577 3895 1
1577 1034 1
1578 4988 7
1578 2418 10
1578 3211 10
1579 2543 6
1579 442 4
1579 3442 8
1580 3651 1
1581 2909 4
1581 2613 10
1581 3639 4
1581 3396 6
1581 2508 1
1582 1825 8
1583 731 3
1583 3008 3
1583 2778 5
1583 2560 5
1584 1338 2
1584 4498 5
1584 3779 2
1584 1612 10
1585 4858 1
1585 2944 6
1585 2599 2
1585 2473 10
1585 4554 8
1586 3709 3
1586 3770 2
1586 497 4
1586 801 5
1587 4462 1
1587 3011 10
1587 2887 4
1587 3384 8
1587 2533 10
1588 2078 10
1588 3679 1
1588 2770 9
1589 552 4
1589 2517 8
1590 3371 6
1590 2323 2
1590 3457 1
1590 1048 8
1590 3623 10
1591 3167 1
1591 3599 4
1592 1435 1
1592 4906 8
1592 4662 4
1593 4109 1
1593 597 9
1593 1691 5
1593 2730 4
1594 2669 9
1595 3302 7
1595 3386 7
1595 735 7
1595 4376 10
1595 1871 3
1596 1011 7
1597 3851 7
1597 4838 3
1597 1319 2
1598 3495 2
1598 2083 2
1598 4506 8
1599 3208 2
1599 2079 2
1600 1400 1
1600 4800 6
1600 1630 1
1601 1190 8
1601 1409 10
1602 2274 4
1602 1488 9
1602 2579 1
1602 1575 3
1602 4513 1
1603 4896 8
1604 4060 10
1604 982 3
1604 2431 1
1604 4406 7
1604 473 6
1605 2452 3
1605 1890 7
1605 2627 2
1605 4840 7
1605 4949 5
1606 4992 7
1606 2757 3
1606 1635 8
1606 1560 8
1607 1213 4
1607 4570 8
1607 909 9
1607 2254 9
1607 465 9
1608 351 2
1609 1592 9
1609 661 4
1609 666 3
1609 58 2
1610 4926 4
1610 1344 6
1611 1108 4
1611 1860 8
1611 4949 6
1611 6 3
1611 2881 5
1612 2465 8
1612 3524 6
1612 3316 7
1612 2987 5
1613 4487 7
1613 1454 10
1613 2395 9
1613 342 3
1614 4814 7
1614 3145 6
1614 3678 3
1614 3270 8
1614 3413 9
1615 891 8
1615 3717 3
1616 1816 2
1616 2316 4
1616 1002 5
1616 1497 6
1617 3142 7
1617 957 6
1617 1935 5
1617 301 7
1618 3804 1
1618 1481 8
1618 4223 3
1618 4184 6
1619 2064 2
1620 2350 8
1621 2846 5
1621 2910 5
1621 2156 8
1621 1033 9
1622 2381 7
1622 881 6
1622 3665 6
1622 4872 4
1622 3143 8
1623 1889 2
1623 3226 7
1623 63 9
1623 1737 9
1624 29 8
1624 1599 9
1625 1129 7
1626 3656 3
1627 475 8
1627 4040 10
1627 4675 7
1627 3472 7
1627 3355 6
1628 4557 1
1628 1326 4
1628 2579 7
1628 4499 4
1629 3169 10
1629 2627 6
1629 1950 5
1629 2663 8
1630 3937 5
1630 841 8
1630 3407 8
1631 2362 10
1631 12 8
1632 3772 4
1632 2249 4
1633 3908 1
1633 2477 10
1633 3448 9
1633 4449 2
1633 1143 9
1634 3244 2
1634 4985 7
1634 2494 8
1634 596 9
1635 1537 1
1636 3342 9
1636 855 6
1636 3016 9
1636 3080 8
1637 4001 2
1637 4068 10
1637 4717 8
1637 4122 10
1637 4069 9
1638 2303 4
1638 4777 6
1638 703 4
1638 1705 3
1639 3681 1
1639 2399 10
1639 1254 6
1639 4016 3
1640 2324 9
1640 4629 3
1641 2351 7
1642 3944 7
1642 1780 1
1642 2252 7
1642 4877 7
1643 3755 6
1643 4853 4
1643 2396 6
1643 1883 3
1643 1011 8
1644 60 9
1644 846 2
1644 2210 2
1644 1706 3
1645 492 2
1646 4710 4
1646 1756 8
1646 148 8
1647 108 4
1648 752 1
1649 972 9
1649 4778 2
1649 2669 4
1649 4775 7
1650 1894 8
1650 2009 3
1651 1040 9
1651 213 8
1651 3657 4
1651 36 7
1652 4417 4
1652 2323 5
1652 4006 1
1652 697 4
1653 1949 5
1653 4923 5
1653 667 4
1653 1289 6
1653 4852 1
1654 1481 4
1654 3939 6
1654 1618 9
1654 2495 4
1654 4634 7
1655 861 2
1655 2362 2
1655 1631 10
1655 102 1
1655 12 7
1656 4169 4
1656 2651 3
1656 2340 8
1656 3532 1
1657 3317 5
1657 4715 6
1657 2223 8
1657 238 7
1658 641 8
1659 2150 9
1659 2027 6
1659 4917 4
1660 948 5
1661 530 2
1661 554 9
1661 1569 8
1661 2625 6
1661 1869 2
1662 2698 9
1663 663 1
1663 1056 8
1663 2784 10
1663 871 5
1664 2979 3
1665 4363 4
1665 3657 3
1665 3629 5
1665 344 2
1665 3964 10
1666 1964 2
1666 846 5
1666 355 1
1666 1697 2
1666 4134 6
1667 1936 5
1667 974 4
1667 54 1
1668 4134 1
1669 1319 3
1669 629 5
1669 1645 5
1669 2489 1
1670 3135 5
1671 1093 6
1671 3043 9
1672 4202 6
1672 3860 10
1673 3330 4
1673 640 1
1674 4058 7
1674 3640 10
1674 1351 2
1674 345 3
1675 934 4
1675 1660 2
1675 4842 1
1675 3278 1
1675 4741 5
1676 4744 8
1676 4137 6
1677 26 4
1678 2931 1
1678 2256 8
1679 668 8
1679 3034 10
1679 230 1
1680 3163 9
1680 520 9
1680 268 10
1680 2929 7
1681 4806 8
1681 1751 4
1681 3584 6
1681 772 9
1681 865 10
1682 4873 3
1682 3823 6
1682 119 8
1683 4998 1
1683 4164 1
1683 3077 3
1684 629 9
1685 2199 10
1685 1399 3
1685 360 5
1686 2104 4
1686 3345 3
1686 4845 5
1686 2190 7
1687 2784 5
1687 3882 4
1687 109 2
1687 4171 9
1687 1971 1
1688 2672 5
1688 1940 10
1688 961 7
1688 307 3
1688 4612 9
1689 2517 4
1689 4549 2
1690 3633 10
1690 1554 5
1690 1615 1
1690 891 2
1691 2640 4
1691 2812 9
1691 889 2
1692 3846 4
1692 2126 9
1692 2540 1
1692 31 2
1692 1463 4
1693 1780 4
1693 4180 7
1693 4830 2
1694 2931 6
1695 4176 6
1696 4998 7
1697 2370 5
1698 151 6
1698 3753 9
1698 369 1
1698 4852 10
1698 3959 8
1699 1737 5
1699 589 1
1700 4505 8
1700 2990 6
1701 4916 7
1701 2442 3
1702 3928 2
1702 1781 8
1702 4957 5
1703 1152 8
1703 4475 7
1703 3466 2
1703 3111 1
1704 2559 7
1704 4784 10
1704 2276 1
1704 1374 9
1704 971 7
1705 2128 9
1705 1242 1
1705 4357 2
1705 4481 2
1705 3889 5
1706 2143 1
1706 1421 2
1706 4573 2
1707 2372 4
1707 2589 8
1708 1527 1
1708 2524 5
1708 4071 2
1708 2963 5
1709 2949 10
1709 2104 7
1710 3653 7
1710 1426 9
1710 1622 1
1710 2381 3
1711 1911 5
1711 4735 1
1712 3403 10
1713 1849 5
1714 1558 7
1714 1107 4
1714 3698 8
1715 4154 10
1715 3946 2
1716 1650 6
1717 2221 7
1717 902 7
1717 200 8
1717 1235 6
1717 4450 6
1718 3815 10
1718 3037 8
1719 735 3
1719 1204 4
1719 845 2
1720 4062 9
1720 4890 2
1720 2347 6
1720 4047 7
1720 3984 2
1721 1347 9
1721 3747 1
1721 4074 9
1721 3615 5
1722 4320 2
1723 3375 8
1723 2412 7
1723 2902 7
1724 1541 10
1724 4179 5
1725 4717 2
1725 4934 3
1725 859 4
1725 1523 4
1726 3104 10
1726 1589 6
1726 1896 4
1727 3667 2
1727 4843 6
1728 3026 7
1729 3143 2
1730 2840 6
1730 3655 6
1730 4842 8
1730 2785 10
1731 3491 4
1731 4836 6
1732 4799 8
1732 1788 3
1732 2654 8
1732 2832 7
1732 3471 8
1733 4477 4
1734 1961 6
1735 4740 6
1736 4975 3
1736 1701 7
1736 4322 5
1736 3331 6
1737 1978 2
1737 1799 1
1737 3000 5
1737 2786 1
1737 683 1
1738 3016 4
1738 4188 3
1738 855 10
1738 3510 3
1739 1565 1
1739 3406 7
1739 1580 3
1739 3473 5
1740 3445 4
1740 3768 9
1740 2499 1
1740 4332 9
1741 3613 9
1741 1503 6
1741 4739 2
1741 4311 1
1741 1254 7
1742 3385 6
1742 748 2
1742 546 10
1743 1222 7
1743 830 5
1743 1498 7
1743 2744 1
1743 3946 6
1744 4277 1
1744 1092 3
1744 2179 5
1745 2155 8
1745 2412 3
1745 2164 1
1745 4922 3
1745 2950 5
1746 2533 5
1747 4691 1
1747 3207 2
1747 2291 5
1747 4223 5
1747 3884 2
1748 4177 10
1749 2888 1
1749 3758 1
1749 3162 6
1749 2314 9
1750 3033 1
1750 4555 10
1750 2728 7
1751 1535 5
1751 3182 7
1752 288 3
1752 4885 7
1752 3406 1
1752 2918 7
1753 2375 2
1753 3509 3
1753 1570 7
1753 2545 10
1754 445 10
1754 3833 4
1755 1820 9
1755 4797 5
1755 1444 7
1755 3607 10
1756 4117 6
1756 273 10
1757 2219 9
1757 1465 8
1757 4533 4
1757 1952 3
1757 2904 4
1758 191 3
1758 2075 3
1759 1843 10
1759 4202 5
1759 3855 7
1760 1520 5
1761 3885 7
1761 1530 7
1761 2060 9
1761 1898 7
1761 4712 4
1762 906 7
1762 3518 3
1762 956 6
1762 2144 4
1762 464 3
1763 3136 9
1763 3489 6
1763 3537 8
1763 2333 3
1764 2289 10
1764 3508 4
1764 2481 5
1764 3725 8
1765 3296 7
1766 3231 9
1766 2221 8
1767 3613 9
1767 1420 4
1767 3200 1
1767 1975 1
1768 1141 7
1768 1700 10
1768 283 10
1768 2903 8
1769 3403 9
1769 194 6
1769 1600 8
1769 4228 8
1769 1008 7
1770 522 4
1770 4230 7
1771 3495 8
1771 1327 8
1771 4969 3
1772 1185 1
1772 3418 10
1772 3076 5
1773 38 10
1773 1756 1
1773 2158 5
1773 3769 1
1774 864 4
1774 3737 7
1775 3397 10
1775 4639 10
1775 408 2
1776 3210 1
1776 249 4
1776 440 6
1777 2593 3
1777 3716 4
1778 3542 5
1779 2014 10
1779 4293 5
1780 4830 4
1781 3802 3
1782 3444 7
1782 2051 4
1782 4663 2
1782 260 4
1783 2139 7
1784 4149 5
1784 4426 8
1784 187 1
1784 4453 2
1784 1695 9
1785 4954 5
1785 3509 4
1785 3010 6
1785 1337 4
1785 2375 4
1786 4419 4
1787 2499 3
1787 3278 2
1787 133 6
1788 1928 6
1789 2472 3
1790 4343 3
1791 1191 10
1791 2261 4
1791 1638 9
1791 703 9
1791 3671 4
1792 2791 10
1793 3417 4
1793 2630 9
1794 4206 2
1795 3224 1
1795 2843 4
1795 2776 4
1795 2970 8
1795 2386 2
1796 3970 4
1796 2047 6
1796 1418 10
1796 3774 5
1796 4980 9
1797 4219 9
1798 2847 8
1798 1890 6
1798 3618 4
1798 2853 2
1798 3169 5
1799 3716 5
1799 3167 6
1800 2047 4
1800 3322 10
1800 3777 6
1801 2233 6
1801 1374 10
1801 971 10
1801 4786 1
1801 2559 6
1802 2817 9
1803 3942 7
1803 3375 10
1803 3282 3
1804 3643 5
1804 2424 2
1804 3609 3
1804 4844 6
1804 3451 2
1805 1829 6
1805 1744 8
1805 1848 3
1805 3321 10
1806 1115 3
1807 1281 6
1808 3622 3
1808 2552 3
1808 3095 3
1809 4029 9
1810 1216 7
1810 1544 10
1810 1242 5
1811 4969 10
1811 3495 6
1811 1771 3
1812 351 6
1812 3965 4
1813 4495 7
1814 3406 7
1815 15 10
1815 385 7
1815 1508 4
1815 1771 1
1816 342 10
1816 3330 4
1816 4509 10
1816 4699 6
1816 4975 9
1817 3421 7
1817 4937 1
1817 439 4
1817 3595 6
1818 3052 9
1819 1989 9
1819 2066 1
1820 2348 4
1820 3875 6
1820 3607 10
1820 3481 1
1821 324 9
1821 3620 10
1821 1581 5
1822 4439 9
1822 4209 4
1823 1809 10
1823 1157 2
1823 4983 5
1823 3996 6
1823 3195 10
1824 1474 6
1824 3793 7
1824 1297 6
1825 3314 5
1825 2890 3
1825 3165 2
1826 3325 9
1826 3819 3
1827 3457 9
1828 3154 8
1828 1403 5
1828 2005 5
1829 2479 3
1830 3828 7
1830 3026 4
1830 3512 8
1831 2976 7
1831 725 10
1832 4078 7
1832 3915 1
1832 3469 7
1833 96 9
1833 4491 4
1833 787 4
1834 2014 2
1835 1831 4
1835 3143 8
1835 4996 3
1836 2535 2
1837 3691 1
1837 3632 10
1838 1463 3
1838 3690 2
1838 4294 8
1838 2126 9
1838 2628 2
1839 3659 8
1839 3114 1
1839 2604 10
1839 1319 6
1840 2023 6
1840 521 6
1841 4744 7
1841 2771 1
1841 2083 2
1841 1233 3
1842 4949 9
1843 2553 7
1844 2379 6
1844 4652 8
1844 901 3
1844 4178 5
1845 849 4
1845 733 8
1845 2243 5
1846 3514 5
1846 2206 3
1847 1704 1
1848 2479 3
1848 219 5
1848 4807 1
1848 652 10
1848 209 10
1849 678 7
1849 699 8
1849 993 6
1850 1438 5
1850 3269 8
1850 2503 1
1851 4512 6
1851 1093 10
1852 2012 6
1852 3981 5
1852 3793 6
1853 3396 3
1854 2649 3
1855 4882 5
1855 1259 2
1855 762 5
1855 3462 3
1856 471 3
1857 4758 1
1857 4852 5
1857 4926 1
1858 3568 10
1859 4972 9
1859 4519 1
1860 3169 10
1861 2465 8
1861 3524 7
1862 3676 2
1862 3028 4
1862 3936 2
1862 3198 5
1862 2352 7
1863 3446 2
1863 2314 8
1863 3257 5
1863 2644 1
1864 3790 3
1864 1376 2
1865 1347 10
1866 4483 6
1867 818 5
1867 485 10
1867 3519 10
1867 2205 4
1867 2020 5
1868 4382 3
1868 4105 8
1869 3503 2
1869 624 2
1869 3766 8
1870 4685 3
1870 1530 4
1871 1612 3
1871 3779 9
1872 3550 10
1872 1011 7
1873 360 10
1874 1189 1
1874 650 9
1875 1044 4
1875 4474 7
1875 3181 9
1875 1970 7
1875 3969 6
1876 2413 7
1876 2399 5
1876 2024 2
1876 3002 9
1876 4572 9
1877 3854 3
1877 3865 1
1877 435 1
1878 1717 4
1879 2800 5
1879 2961 7
1879 2021 4
1879 4009 1
1879 3883 3
1880 4466 4
1880 4756 10
1880 2377 2
1881 2564 4
1881 3316 2
1882 2849 4
1883 948 2
1883 1576 1
1883 2256 4
1883 3102 10
1883 3365 10
1884 559 3
1884 726 1
1884 2985 5
1884 3115 9
1885 889 2
1886 3788 1
1886 2478 3
1886 1570 1
1887 2921 7
1888 4120 5
1888 2927 4
1888 3669 3
1889 712 7
1890 1254 6
1890 4056 2
1890 554 8
1891 4963 2
1892 2613 7
1893 1737 5
1893 1073 8
1894 2433 10
1894 4338 7
1895 1687 5
1895 4325 9
1895 4601 9
1895 2592 6
1896 4305 2
1897 3820 8
1897 870 9
1897 2051 7
1898 1903 8
1898 2822 7
1898 2025 7
1899 908 10
1899 2969 7
1899 508 10
1899 3971 9
1899 4972 1
1900 2525 5
1900 4266 8
1900 596 1
1900 4887 8
1900 1041 9
1901 3888 5
1901 2122 6
1901 2939 7
1902 494 1
1902 2145 3
1902 3986 7
1902 3252 5
1902 734 4
1903 2425 4
1903 4712 6
1903 4440 6
1904 3238 8
1905 567 8
1905 3249 2
1906 1345 1
1906 567 9
1906 35 10
1906 764 10
1907 4811 6
1907 3506 7
1908 1363 6
1909 766 1
1909 2280 5
1909 3465 5
1909 3392 5
1909 2320 9
1910 3372 6
1911 4158 3
1912 3506 5
1912 4255 9
1912 2007 9
1913 2301 9
1913 3557 6
1913 1639 6
1913 3518 6
1914 4511 2
1914 2572 3
1914 3859 10
1914 3569 6
1915 2247 6
1915 219 9
1916 3417 9
1916 2019 7
1916 1239 7
1917 4327 5
1918 1979 8
1918 4853 1
1918 330 10
1918 1883 10
1918 2256 10
1919 4119 9
1919 1225 1
1919 2922 8
1919 1186 5
1919 2570 9
1920 2390 5
1920 4305 3
1920 3300 10
1920 3397 2
1921 3683 6
1921 1072 2
1922 4673 9
1922 2197 5
1922 3436 4
1922 2160 9
1923 717 2
1923 3828 7
1923 3391 1
1923 2192 2
1923 1830 1
1924 3535 7
1924 277 1
1924 3853 8
1925 3587 6
1925 4100 9
1925 1763 5
1926 4416 2
1926 192 10
1927 4869 8
1927 3875 10
1927 1820 10
1927 3761 4
1927 3849 4
1928 837 4
1928 3718 8
1928 3646 3
1928 3802 6
1928 295 7
1929 1073 8
1930 3325 9
1930 3968 4
1931 1694 6
1932 2706 7
1933 4123 4
1933 4882 4
1933 2653 8
1933 1486 5
1934 93 9
1934 3044 3
1935 4318 10
1935 3142 5
1935 3065 6
1936 3206 10
1936 1243 7
1936 974 10
1937 1254 9
1937 398 3
1937 4140 6
1937 4377 9
1937 397 7
1938 1122 8
1938 4985 7
1938 596 7
1938 463 2
1938 1545 1
1939 4315 1
1940 3655 5
1940 1187 8
1940 3719 10
1941 2815 10
1941 4449 8
1942 764 5
1942 1543 2
1943 4401 9
1943 2374 7
1943 2100 8
1943 3409 7
1944 350 10
1944 666 4
1945 3372 3
1945 3198 6
1945 3936 9
1945 4809 1
1946 4522 8
1946 3412 9
1946 3324 10
1946 3675 6
1946 1594 5
1947 3552 5
1947 3408 10
1947 3152 4
1947 2755 10
1948 3562 10
1948 1938 3
1948 4746 8
1948 2118 6
1948 3633 9
1949 3460 5
1950 4375 10
1950 397 10
1950 2482 5
1950 1503 4
1951 2755 8
1951 1680 5
1951 4542 3
1951 4267 7
1952 3750 3
1952 3794 1
1952 2076 8
1952 2629 10
1952 4010 8
1953 793 4
1953 1760 5
1953 2523 2
1954 3055 8
1954 778 8
1954 587 2
1954 263 10
1955 3112 5
1955 3171 10
1955 2221 9
1955 1539 7
1955 3828 5
1956 850 8
1956 3902 3
1956 2919 6
1957 4225 7
1957 511 7
1958 4973 7
1958 4369 7
1959 2593 6
1960 4241 9
1960 1605 1
1961 3646 9
1961 4957 9
1961 3374 9
1962 73 8
1962 4537 4
1963 436 7
1963 4121 3
1964 3887 8
1964 1638 3
1964 4150 4
1964 3983 6
1965 4744 1
1965 1796 8
1965 4587 7
1965 1745 4
1966 3600 8
1966 2402 2
1966 3434 7
1966 1908 6
1966 3703 8
1967 2097 3
1967 2585 2
1967 3388 1
1967 2921 8
1968 4998 10
1968 2391 4
1969 2583 6
1969 4368 1
1969 3168 5
1969 1543 2
1970 4555 2
1970 2186 7
1970 3525 2
1970 905 5
1971 1117 3
1972 33 6
1972 4417 2
1973 936 1
1973 2753 6
1973 3484 7
1973 4083 7
1973 534 2
1974 392 3
1974 3875 10
1974 3416 5
1975 1724 2
1976 3211 2
1976 2322 3
1976 469 10
1977 85 10
1977 2560 1
1977 2834 1
1977 731 3
1978 545 1
1978 4429 10
1978 4672 10
1978 3167 5
1979 4265 3
1979 1877 7
1979 330 2
1979 3546 8
1979 3534 6
1980 3503 4
1980 2911 4
1981 3297 10
1981 3308 7
1981 4883 7
1982 2928 9
1982 2291 9
1982 4691 6
1982 3207 5
1983 3518 1
1983 2399 6
1983 3002 4
1983 2711 3
1984 2877 9
1984 3036 5
1985 2939 2
1985 2122 4
1985 3888 7
1986 2437 5
1986 2846 8
1986 2308 3
1986 2156 6
1987 2412 3
1987 2902 2
1988 4503 2
1988 3132 10
1988 3898 3
1988 165 8
1989 2989 4
1989 3851 9
1989 4465 4
1990 1486 9
1991 1748 9
1991 4530 2
1991 2503 9
1991 1729 4
1992 3509 4
1992 3010 9
1992 3933 4
1992 4898 4
1993 842 3
1994 187 7
1994 3856 5
1995 596 9
1995 3804 9
1995 4184 2
1995 3280 3
1995 4223 2
1996 4820 1
1996 184 2
1996 2907 10
1996 3045 5
1997 2714 8
1997 1208 9
1997 297 7
1997 1856 5
1998 576 7
1999 2643 3
1999 4575 7
1999 3689 10
1999 1599 6
2000 647 3
2000 3566 2
2000 1704 10
2000 409 9
2000 222 1
2001 4169 10
2001 4384 10
2001 3532 2
2001 4443 7
2001 739 1
2002 3051 8
2002 1931 9
2002 4332 10
2002 1596 10
2002 2936 4
2003 505 7
2003 31 2
2004 4083 9
2004 4903 7
2004 3484 5
2004 1500 3
2005 4815 9
2006 240 2
2006 113 1
2006 1572 5
2006 4975 7
2006 617 8
2007 2156 4
2007 3014 1
2007 1098 6
2008 1580 6
2008 1243 10
2008 3044 1
2008 1565 8
2008 2918 5
2009 4462 3
2009 3227 3
2009 1789 2
2009 289 3
2010 1455 5
2010 1010 8
2011 900 9
2011 189 9
2011 2947 3
2012 516 1
2013 1410 2
2013 608 7
2013 2925 6
2013 136 3
2014 2862 2
2014 777 6
2014 450 5
2014 3820 7
2015 2869 5
2015 2430 5
2015 2023 2
2015 2041 6
2016 2037 2
2017 1422 10
2017 2 5
2017 3280 8
2017 3871 9
2018 3860 1
2018 1843 2
2018 4418 9
2018 385 8
2018 4972 10
2019 3417 1
2019 4424 2
2019 732 5
2020 4501 5
2020 574 7
2020 308 8
2020 1285 7
2021 4414 1
2021 2799 7
2021 1013 5
2022 1508 2
2022 4917 5
2023 2121 8
2023 3292 5
2024 3907 10
2024 3014 4
2025 2397 3
2025 4058 5
2025 3180 3
2025 1351 4
2026 3735 1
2026 4745 5
2026 2365 4
2026 3660 6
2026 2739 10
2027 883 6
2027 1303 1
2027 3359 1
2027 1771 8
2027 15 6
2028 2269 10
2028 1826 4
2028 1449 2
2029 3040 5
2029 4535 6
2029 4684 5
2030 3741 8
2030 2338 9
2030 2657 7
2030 550 2
2031 4991 10
2031 3680 5
2031 2101 9
2031 576 5
2032 1318 9
2032 1167 1
2032 4813 2
2033 4133 8
2033 4717 10
2033 3757 9
2033 3744 2
2034 1585 6
2034 4858 1
2035 4335 8
2035 3310 6
2035 3230 7
2035 3130 7
2036 4489 3
2036 965 6
2036 3788 5
2037 3686 4
2037 4752 4
2038 4791 3
2038 4093 3
2039 4875 9
2039 697 7
2040 3553 6
2040 2755 10
2040 4079 4
2041 803 3
2041 2387 7
2041 3089 7
2042 21 9
2042 2157 10
2042 16 2
2042 4383 10
2043 2139 2
2043 4682 5
2043 3353 6
2044 3915 10
2045 1387 1
2045 1858 4
2045 746 7
2045 3623 1
2046 4489 7
2046 2863 5
2046 2275 7
2046 2377 2
2046 4898 3
2047 2950 8
2047 2673 3
2047 3375 6
2047 2902 1
2048 3736 3
2048 2899 8
2048 389 9
2048 1591 2
2049 2472 1
2049 2709 7
2050 2554 1
2050 3607 9
2050 1820 4
2050 4521 6
2050 10 3
2051 523 9
2051 4991 8
2051 1662 2
2051 4829 4
2051 2731 1
2052 3962 1
2052 4498 3
2053 396 5
2053 2936 5
2054 465 4
2054 2254 8
2054 4445 8
2054 348 10
2054 4153 4
2055 4625 3
2056 3743 8
2057 4823 9
2057 239 5
2057 4970 8
2058 2574 6
2058 470 7
2058 2756 3
2059 2878 5
2059 2096 4
2059 3453 10
2060 2025 2
2060 2072 7
2060 3771 9
2060 4712 10
2060 3318 10
2061 3925 9
2061 4764 6
2062 1745 9
2063 3200 9
2063 1265 2
2063 3352 6
2064 3469 6
2064 3703 3
2064 3851 3
2064 1669 9
2065 2210 10
2065 203 4
2065 2370 1
2065 2439 7
2065 4189 10
2066 3028 6
2066 1862 3
2066 954 9
2066 3372 9
2067 4573 6
2067 1486 6
2068 3093 7
2068 1459 10
2068 3227 2
2068 3011 10
2069 4257 6
2069 2843 5
2069 3224 10
2070 4481 9
2070 3176 9
2071 4369 2
2071 187 4
2072 4574 5
2072 2822 6
2072 3842 2
2072 1903 6
2072 3531 9
2073 1812 9
2073 1409 1
2074 4081 6
2074 928 4
2074 2524 3
2074 1709 6
2074 2963 9
2075 963 6
2075 1667 7
2075 4617 10
2076 2536 9
2076 4807 4
2076 4795 10
2076 3794 7
2076 472 6
2077 2130 3
2077 927 5
2077 377 2
2077 4501 8
2077 3029 8
2078 1923 3
2078 3391 4
2078 2770 2
2079 4800 6
2079 4711 6
2079 4870 3
2079 3610 10
2079 3937 6
2080 4710 7
2080 1154 8
2080 3062 8
2080 4503 7
2080 3132 3
2081 1859 6
2081 3040 1
2081 4519 5
2081 3255 10
2081 4535 1
2082 4439 3
2082 504 7
2082 1952 8
2082 4018 10
2083 1233 7
2083 1327 9
2084 4790 7
2084 2230 5
2084 4797 5
2085 1830 9
2086 4736 7
2086 3153 2
2086 3635 8
2086 3956 7
2087 1092 2
2087 2479 7
2087 4588 4
2087 3086 8
2087 1772 8
2088 4288 8
2088 2990 9
2088 2903 9
2089 1127 10
2089 1581 7
2090 99 10
2090 4335 9
2090 3808 4
2090 4762 2
2091 4672 9
2091 2786 2
2092 2016 7
2092 3293 7
2092 1021 1
2092 2321 5
2092 2688 4
2093 3946 6
2094 2815 10
2095 2011 7
2095 4017 1
2095 4657 1
2096 2878 2
2096 4283 4
2096 3214 2
2096 3453 4
2096 4361 4
2097 1106 6
2097 3220 6
2097 2585 7
2098 3002 4
2099 4957 9
2100 1840 7
2101 3550 4
2101 4447 10
2102 2843 7
2102 3224 5
2103 608 10
2103 2925 8
2103 1246 8
2103 3148 3
2104 1607 4
2105 1623 3
2106 576 4
2107 1506 7
2107 2628 10
2107 2284 10
2107 4294 2
2107 2126 4
2108 3460 9
2109 4165 3
2109 1828 10
2110 3480 9
2110 2114 10
2111 3050 4
2111 3786 10
2111 4603 4
2111 2465 4
2112 4723 9
2113 4937 10
2113 4656 7
2113 509 3
2113 2494 1
2113 3633 4
2114 705 3
2114 3085 9
2114 3480 8
2114 2879 7
2115 1173 5
2115 2442 7
2115 3932 10
2115 3657 4
2116 2671 2
2117 4293 7
2118 1654 2
2118 2818 10
2118 4696 5
2119 4542 3
2119 1680 2
2119 3727 1
2119 1947 4
2119 1951 3
2120 149 2
2121 1392 2
2121 3925 4
2121 4989 5
2121 2921 7
2121 2152 6
2122 3 5
2122 4436 5
2122 3902 1
2122 2605 4
2122 2939 8
2123 4229 2
2123 1262 10
2124 2332 6
2124 67 10
2124 4727 6
2125 1230 10
2126 2540 8
2127 2540 9
2128 4357 9
2128 1198 4
2128 4494 5
2128 309 8
2128 3889 10
2129 4887 8
2130 2205 8
2130 2823 5
2130 3478 7
2130 574 5
2130 377 6
2131 3463 1
2131 2462 10
2131 3485 1
2132 3666 4
2132 1347 4
2132 4423 9
2133 2240 1
2133 2806 5
2133 1001 8
2134 3739 4
2134 3196 10
2134 1516 10
2134 2994 6
2134 4192 6
2135 4662 10
2135 1288 4
2135 119 4
2136 4535 3
2137 792 4
2137 4971 10
2137 4341 3
2137 4578 8
2138 2359 2
2139 3252 5
2139 2737 10
2139 2145 7
2140 1797 8
2140 3501 9
2140 2661 1
2140 4219 10
2140 2547 3
2141 4075 4
2141 1960 4
2141 715 6
2141 2359 4
2142 2021 2
2142 1780 2
2143 4637 10
2143 2188 2
2143 1742 1
2144 2975 10
2145 3633 7
2146 1682 7
2146 3199 10
2147 2208 1
2147 4020 2
2147 3928 8
2147 3802 9
2148 1770 5
2148 3541 4
2148 630 8
2149 3279 6
2149 1023 8
2149 2226 7
2150 898 10
2150 4135 6
2151 1360 8
2151 716 5
2151 320 9
2151 3145 4
2152 4382 4
2152 4273 4
2152 2585 8
2153 1589 10
2153 3648 4
2153 2873 6
2154 675 10
2155 4350 10
2155 3433 9
2156 2308 1
2156 2675 3
2156 862 2
2157 504 10
2157 4018 6
2158 4710 2
2158 4119 3
2158 651 9
2158 3380 2
2158 3943 8
2159 2917 7
2159 570 8
2160 834 8
2160 1992 7
2160 2721 5
2160 4489 10
2160 2835 4
2161 4996 8
2161 1582 2
2162 4741 10
2162 1979 2
2162 934 7
2162 3534 10
2163 2247 10
2163 3484 6
2163 4588 8
2163 1274 4
2164 3259 3
2164 2902 1
2164 3282 9
2164 4350 3
2164 1723 9
2165 4238 1
2165 138 2
2165 946 2
2165 4889 7
2166 1374 6
2166 2559 2
2166 1470 3
2166 51 4
2166 1801 6
2167 2266 2
2167 4944 3
2168 4223 3
2168 3276 2
2169 1624 10
2169 1854 8
2170 3304 2
2170 1078 3
2170 3942 2
2170 2441 4
2171 2389 3
2171 4304 10
2171 1877 6
2171 2905 10
2171 330 2
2172 2925 4
2172 3297 5
2172 4970 4
2172 3290 7
2173 4594 2
2173 3891 9
2174 3050 10
2174 3316 1
2174 2987 1
2174 314 1
2175 4498 4
2175 2111 3
2176 3131 2
2176 2399 2
2176 2144 9
2176 4359 9
2177 2210 5
2177 2439 6
2177 4622 1
2177 748 9
2177 2188 8
2178 4409 4
2178 1487 3
2178 3148 5
2179 3076 8
2179 250 6
2179 3748 10
2180 3526 8
2180 3579 2
2180 3418 5
2181 555 8
2182 2496 1
2182 4881 1
2182 3744 5
2183 3574 4
2183 3445 6
2183 2250 5
2184 1985 5
2184 3077 2
2184 2546 3
2184 2122 9
2184 3902 4
2185 4330 6
2185 2811 1
2186 4012 3
2186 3224 6
2186 2843 3
2186 2728 4
2186 1795 5
2187 824 4
2187 228 6
2188 3887 7
2188 4134 2
2188 748 2
2189 1277 8
2189 1404 4
2190 3127 4
2190 2209 9
2191 4429 9
2191 1889 5
2191 2992 5
2192 4131 1
2193 1703 1
2193 3951 3
2194 317 3
2194 375 10
2195 4593 7
2195 2531 10
2195 1117 6
2195 3370 3
2195 4292 7
2196 2244 8
2196 3345 9
2196 4729 1
2197 270 7
2198 1470 5
2198 2760 9
2199 2738 6
2200 3431 8
2200 2248 3
2200 843 7
2201 4445 8
2201 4759 10
2201 4339 2
2202 4414 7
2202 3306 9
2202 179 2
2203 2173 3
2203 4649 8
2204 348 4
2205 4881 8
2205 5000 8
2205 4114 1
2206 4146 5
2206 2292 3
2206 4885 7
2206 288 7
2206 3368 9
2207 2735 4
2207 4875 2
2207 786 1
2207 2960 8
2208 3266 1
2209 4102 8
2209 4153 10
2209 3074 9
2209 3661 3
2210 926 6
2210 4589 5
2210 1668 2
2210 3027 6
2211 3045 5
2211 3417 3
2211 3713 10
2212 2851 9
2212 4005 8
2212 4720 4
2212 3414 10
2213 3857 2
2214 2716 3
2214 2833 5
2214 369 8
2215 4623 3
2216 2202 5
2216 1455 6
2216 2429 9
2216 3317 10
2217 3126 1
2217 1100 10
2217 1379 10
2217 2512 7
2217 4093 10
2218 2186 1
2218 621 8
2219 4728 8
2219 4867 2
2219 3170 2
2219 235 4
2220 1334 9
2220 2696 7
2220 3660 9
2220 241 1
2221 3303 6
2221 1539 5
2221 4576 9
2221 4402 9
2221 1408 5
2222 2541 1
2222 3399 1
2222 13 4
2222 3608 10
2223 3186 6
2223 2227 2
2223 4992 5
2224 3385 7
2225 4623 2
2225 29 2
2225 2643 3
2226 1968 8
2226 3545 5
2226 4674 2
2226 4143 7
2226 3811 1
2227 4992 6
2227 2680 5
2227 2757 9
2228 3088 5
2228 4491 5
2228 96 6
2229 3079 1
2230 3875 1
2230 3607 8
2230 2762 9
2231 1307 6
2231 2674 2
2231 613 9
2232 956 2
2232 4913 9
2232 318 1
2232 4397 4
2233 2944 8
2233 2821 3
2233 3378 9
2233 3667 1
2233 1069 2
2234 3227 1
2235 1371 7
2235 3861 1
2235 4611 10
2236 4131 10
2236 1813 10
2236 3828 7
2236 1278 1
2237 2266 4
2237 1867 1
2237 3230 2
2238 3398 8
2238 3850 1
2238 4261 7
2238 2198 7
2238 4052 4
2239 1144 3
2239 3011 8
2239 1261 6
2239 2533 3
2240 4309 7
2240 3829 1
2240 3952 4
2240 3896 5
2240 3290 1
2241 2528 1
2242 2348 3
2242 3295 1
2242 3416 9
2243 350 8
2243 2088 4
2243 3416 3
2243 128 4
2243 2084 5
2244 3074 6
2244 3127 1
2244 3926 8
2244 3670 1
2245 656 2
2245 4176 7
2245 2571 9
2245 431 1
2246 4178 10
2247 1196 8
2248 3415 10
2248 3517 8
2248 1531 2
2248 1718 3
2248 2958 4
2249 2656 5
2249 628 4
2249 3372 6
2249 2460 3
2250 3361 8
2250 4380 1
2251 917 8
2251 3902 8
2251 1901 5
2252 2290 2
2252 1837 10
2252 2227 4
2253 4644 9
2253 3409 9
2253 3410 3
2253 4894 1
2253 4946 9
2254 4153 8
2254 4729 9
2255 2343 7
2255 3526 3
2256 437 9
2257 661 4
2257 666 3
2257 856 4
2257 4812 6
2257 3548 9
2258 4353 1
2258 1057 6
2258 4804 8
2258 2560 9
2258 2903 3
2259 4008 2
2259 4681 1
2259 2003 4
2260 1511 4
2260 2503 9
2260 881 6
2260 4530 2
2261 1692 1
2262 1414 5
2262 1878 4
2262 3716 1
2262 3685 2
2263 786 1
2263 354 9
2263 4362 9
2263 2735 4
2264 1132 7
2264 4934 3
2264 1256 1
2265 1033 6
2265 3071 3
2265 334 3
2266 2205 10
2266 4881 7
2266 2892 7
2267 3442 6
2267 4344 1
2268 3959 9
2268 3065 9
2269 516 6
2269 2638 7
2270 4885 3
2270 2320 2
2271 742 3
2271 3973 1
2271 1511 8
2271 1835 9
2272 930 2
2272 1214 2
2273 4385 4
2273 4446 6
2273 2650 5
2274 2742 5
2274 4537 5
2274 3511 8
2274 2662 5
2275 4470 10
2275 4340 5
2276 1727 5
2276 4720 8
2276 3398 6
2276 2233 4
2277 3014 10
2277 3352 8
2277 3613 8
2278 1201 9
2278 2657 1
2278 2338 10
2278 2016 1
2279 1379 1
2279 2880 8
2280 3609 2
2281 1871 4
2281 3386 3
2281 4167 4
2282 3020 4
2282 889 8
2282 2691 7
2283 4930 10
2283 435 4
2283 3405 10
2284 2980 2
2284 2973 5
2284 2540 4
2284 4294 10
2284 4398 10
2285 623 6
2285 4081 5
2285 4769 1
2285 4851 10
2285 3977 5
2286 4377 9
2286 102 3
2286 3169 8
2287 992 6
2287 1512 5
2287 2479 10
2287 2180 8
2288 4176 1
2289 2350 9
2290 3632 3
2290 4009 7
2290 4027 8
2290 3920 7
2291 3553 8
2291 268 10
2292 2320 6
2292 3465 7
2292 2280 10
2292 2334 2
2293 1739 8
2293 4864 3
2293 4225 2
2293 3473 8
2293 2241 6
2294 4739 1
2294 2447 6
2295 1309 1
2296 2190 9
2296 909 9
2297 4347 8
2297 2191 5
2298 1820 3
2298 4812 4
2298 3875 6
2299 4348 9
2299 2555 10
2300 4674 9
2301 2727 6
2301 374 9
2301 808 10
2301 2435 10
2302 4002 4
2303 3690 8
2303 2772 1
2304 764 3
2305 727 2
2305 3588 7
2306 1382 9
2306 1703 1
2306 3480 4
2306 4730 3
2306 1437 3
2307 3248 4
2307 263 1
2308 4598 4
2308 862 5
2308 220 8
2308 675 2
2308 2795 9
2309 882 9
2310 1822 10
2310 2983 5
2310 2996 6
2310 2811 2
2311 3517 1
2312 732 1
2313 3458 1
2313 1867 4
2313 2167 2
2313 3909 9
2313 3380 2
2314 1373 3
2314 3758 8
2314 3796 8
2314 792 1
2314 1114 9
2315 4868 4
2315 525 1
2316 1572 6
2316 4941 3
2316 3603 7
2316 3330 1
2316 1454 4
2317 956 9
2317 3131 2
2318 2716 8
2318 3946 9
2319 126 9
2320 2410 4
2320 1334 1
2321 443 2
2321 3900 3
2321 4752 9
2321 2935 2
2321 2338 3
2322 3945 5
2322 1103 1
2322 2872 8
2322 3776 8
2323 4529 5
2323 4417 7
2323 3371 2
2323 4596 9
2323 3457 6
2324 3984 10
2324 2089 9
2325 2098 9
2325 4179 2
2325 6 4
2325 2317 7
2326 1100 10
2326 445 1
2326 522 3
2326 2116 6
2326 1176 2
2327 2985 8
2327 3981 2
2327 2269 3
2328 4967 10
2328 3325 6
2328 1208 6
2329 710 3
2329 3888 3
2330 2469 9
2330 2101 7
2330 3911 2
2331 1636 10
2331 775 7
2331 842 5
2331 4609 10
2332 1626 9
2332 2137 6
2332 2723 8
2332 3171 5
2332 2566 7
2333 2025 8
2334 30 1
2334 2220 3
2335 1856 3
2335 1449 2
2335 1826 7
2335 3968 7
2336 4966 3
2336 2381 4
2336 3910 9
2336 117 4
2336 626 1
2337 3477 4
2338 3088 3
2338 550 9
2338 4752 9
2338 2462 2
2338 1202 5
2339 3000 5
2339 1959 5
2339 389 2
2340 4050 10
2340 2864 10
2340 2436 1
2340 4384 8
2340 3660 2
2341 2484 3
2341 3829 8
2341 1001 1
2341 2172 4
2342 4756 10
2342 4794 9
2343 1185 3
2343 333 2
2343 3844 5
2344 1257 3
2344 839 2
2344 3833 6
2344 2326 2
2344 4977 9
2345 2405 4
2345 2006 2
2346 4610 6
2346 4460 10
2346 2092 3
2346 3188 7
2347 4281 1
2347 324 3
2347 2926 1
2347 303 9
2347 4760 4
2348 4812 5
2348 4594 4
2348 2470 5
2348 2406 8
2348 2173 7
2349 4525 4
2350 1790 9
2350 2211 3
2350 2907 9
2351 1202 9
2352 1645 9
2352 628 3
2353 3001 7
2353 2788 2
2353 1194 10
2353 3902 1
2354 4743 6
2355 3252 4
2355 3353 6
2355 2145 2
2355 4960 4
2355 2139 5
2356 4092 1
2356 4770 4
2356 1281 5
2357 3477 5
2357 2523 7
2358 2674 10
2358 230 2
2358 2973 2
2358 2772 2
2359 3200 4
2359 1975 7
2359 1762 4
2360 1428 10
2360 4051 6
2361 1290 8
2361 2104 5
2361 3355 2
2361 20 2
2361 2963 2
2362 3766 10
2362 4377 10
2363 3540 4
2364 33 7
2364 4514 8
2364 3253 7
2364 4479 5
2365 132 4
2366 1854 3
2366 488 8
2366 737 10
2366 4643 5
2366 980 5
2367 4709 6
2367 4051 3
2367 2586 7
2367 3493 8
2368 1941 1
2368 2535 7
2368 765 5
2368 4342 2
2369 1280 7
2369 1489 9
2369 1230 2
2370 90 8
2370 215 2
2371 3643 10
2371 4810 7
2371 1325 7
2371 2410 5
2371 4614 9
2372 2003 9
2372 3201 9
2372 309 3
2372 1198 5
2373 4144 2
2374 1917 8
2374 553 2
2374 4019 3
2374 4327 3
2374 4894 5
2375 3933 9
2375 1116 6
2376 3028 4
2376 1645 7
2377 4582 3
2377 467 1
2377 80 8
2377 2550 2
2377 2215 4
2378 4449 3
2378 4120 6
2378 2477 1
2378 3623 4
2378 4128 2
2379 2818 7
2379 3975 3
2380 4321 9
2380 653 1
2380 2176 3
2380 1340 7
2380 464 5
2381 3269 6
2381 626 2
2381 3404 3
2381 2503 6
2381 4876 3
2382 3377 4
2382 4944 3
2382 4881 5
2382 2167 10
2382 5000 6
2383 228 6
2383 1796 7
2383 4172 6
2383 4590 10
2383 4895 1
2384 1369 9
2384 982 10
2384 2862 2
2384 851 10
2384 4250 8
2385 1701 4
2385 3331 2
2385 1997 8
2385 1173 2
2385 2442 1
2386 3003 9
2386 2786 10
2386 1799 3
2386 692 1
2387 2921 10
2387 1405 7
2388 4205 1
2388 2051 1
2388 2014 7
2389 3865 10
2389 3626 5
2389 69 5
2389 3361 4
2390 3147 6
2390 3934 5
2390 1673 7
2391 1738 9
2392 2661 8
2393 4236 7
2393 3211 4
2393 3418 4
2393 1351 2
2393 3321 2
2394 1277 9
2394 1760 6
2394 1287 3
2395 4055 9
2395 998 6
2395 516 7
2395 4789 2
2396 2459 4
2396 284 8
2396 330 4
2397 3242 1
2397 4734 1
2397 390 3
2398 2542 5
2398 3550 3
2398 1577 4
2399 3334 3
2399 4751 6
2400 4127 6
2401 2767 10
2402 2604 7
2402 3772 4
2403 284 10
2403 1678 3
2403 1931 1
2403 3278 5
2404 1563 4
2404 2538 8
2404 3210 6
2405 3968 5
2405 1297 3
2405 2621 8
2405 2985 9
2406 3571 2
2406 1916 10
2406 1456 1
2406 4812 9
2407 1782 3
2408 58 9
2408 815 6
2408 3590 6
2408 2849 6
2408 3624 2
2409 4111 8
2409 4779 4
2409 3700 1
2410 4248 9
2410 4844 5
2410 4050 7
2410 2696 4
2411 1157 4
2411 4652 9
2412 3942 2
2412 4350 6
2412 1473 5
2412 3433 4
2413 3334 3
2413 374 9
2413 4586 4
2414 4118 3
2414 2791 4
2414 1980 6
2414 3160 8
2415 823 4
2415 182 10
2415 1155 3
2415 4196 2
2415 2548 6
2416 3130 5
2416 2823 9
2417 1540 3
2418 3776 7
2418 1196 6
2419 2279 1
2419 1262 7
2420 855 5
2420 3119 4
2420 2458 2
2421 3779 10
2421 225 5
2421 3962 10
2422 4438 8
2422 952 3
2422 1721 5
2422 4426 3
2422 4074 6
2423 4821 4
2424 2739 10
2425 2999 8
2425 1593 6
2425 4523 3
2426 3194 6
2427 3973 9
2427 2882 1
2428 3589 4
2428 1724 3
2428 2435 10
2428 1913 3
2428 3483 10
2429 2194 9
2429 4687 4
2429 4439 7
2429 16 4
2429 1537 1
2430 3389 9
2430 4273 10
2431 869 5
2431 2469 5
2431 2561 1
2431 777 5
2432 4668 4
2432 1323 2
2432 4264 8
2433 186 7
2434 582 5
2434 2772 8
2434 2126 5
2435 2447 3
2436 3328 1
2436 362 4
2436 1037 5
2437 2750 5
2437 4116 8
2437 4448 8
2438 628 6
2438 2855 3
2439 3267 4
2439 1791 2
2439 4155 3
2439 3604 4
2440 1756 10
2441 2155 8
2442 895 3
2442 474 1
2443 158 5
2443 1064 8
2443 2688 3
2444 4835 4
2444 3988 7
2444 4902 10
2445 4275 1
2445 3961 10
2446 3431 4
2446 1267 1
2447 2791 6
2447 658 3
2448 2042 2
2449 2558 2
2449 2857 7
2449 3397 6
2449 1370 10
2450 2809 5
2450 1465 6
2450 4705 6
2450 2996 4
2450 1757 2
2451 3143 1
2452 3002 2
2452 1629 7
2452 2727 3
2452 877 5
2453 3255 10
2453 71 10
2453 3831 6
2453 1184 8
2454 2928 3
2454 4242 8
2454 4691 3
2455 4154 6
2455 3142 1
2455 778 3
2455 4041 8
2456 2900 2
2457 3681 8
2457 318 8
2457 4751 8
2457 2277 4
2458 3080 2
2458 835 1
2458 2924 2
2458 4086 2
2459 2905 5
2459 4152 1
2460 4661 3
2461 581 2
2461 1970 5
2461 3224 9
2461 135 6
2462 4491 5
2462 1038 2
2463 3302 6
2463 4498 1
2463 312 5
2463 1871 2
2463 4412 3
2464 2878 10
2464 4578 3
2464 3512 9
2464 4341 5
2465 3786 2
2466 139 4
2466 2990 4
2466 4407 6
2466 1768 6
2467 1975 10
2468 1757 8
2469 2162 1
2470 2833 7
2470 2907 2
2470 1222 2
2471 2502 9
2471 2231 5
2472 894 9
2473 2360 10
2473 4716 5
2473 4858 5
2473 1428 9
2474 3623 2
2474 3769 6
2475 370 7
2475 4434 9
2475 2666 7
2475 2037 7
2476 1548 8
2476 120 3
2476 4174 4
2477 3457 1
2477 699 8
2477 2474 7
2477 3699 1
2477 3371 6
2478 3933 9
2479 2872 4
2479 2652 8
2479 3954 4
2479 232 3
2479 4100 2
2480 2344 5
2480 328 2
2480 2217 3
2480 2978 6
2481 3891 10
2482 4413 10
2482 2457 7
2482 1724 6
2482 112 6
2482 3715 2
2483 1950 2
2483 4751 9
2484 4883 6
2484 2806 7
2484 4309 5
2484 2925 10
2485 2062 5
2485 4587 1
2486 1427 9
2486 62 3
2486 3061 6
2486 3530 4
2486 2506 6
2487 4943 6
2487 1721 6
2487 1232 4
2487 3 8
2488 1756 4
2488 3380 5
2489 2604 6
2489 3372 7
2489 3028 8
2490 3280 4
2491 3529 6
2492 665 6
2492 3828 7
2492 1749 4
2493 751 4
2493 2551 8
2493 3561 10
2493 4149 7
2493 4963 3
2494 4242 10
2494 3997 3
2494 4223 9
2494 4780 1
2494 1947 10
2495 3552 2
2495 4766 10
2495 4239 9
2496 4569 9
2496 4069 10
2496 1365 5
2496 4907 1
2496 1301 2
2497 1641 5
2497 96 3
2497 2131 3
2497 4280 3
2498 2249 8
2498 2660 1
2498 3659 10
2499 773 5
2499 3445 8
2500 176 2
2500 2410 2
2500 4863 3
2500 3609 7
2500 78 5
2501 3581 4
2501 3405 5
2501 2740 6
2501 1140 10
2502 2980 3
2503 3404 9
2503 2426 7
2504 3404 2
2504 117 7
2504 3314 6
2505 1885 5
2505 1580 3
2505 1529 10
2505 3643 8
2505 4885 7
2506 1175 1
2507 2743 6
2508 2503 3
2508 3739 6
2508 4813 6
2508 3283 2
2509 2596 6
2509 1133 4
2510 3224 9
2510 4061 8
2510 2461 10
2510 1812 8
2511 3815 6
2511 489 4
2511 4230 5
2511 839 2
2512 3335 1
2513 2516 10
2513 2891 9
2513 2606 5
2514 3864 8
2515 4491 1
2515 1021 10
2515 2338 9
2515 4516 10
2516 1117 3
2516 109 3
2516 2195 4
2516 2486 8
2516 1056 3
2517 4699 1
2518 3242 5
2518 390 9
2518 2397 2
2518 3879 7
2519 621 1
2519 3969 10
2519 2786 7
2519 4474 8
2520 3142 8
2520 2953 4
2520 4961 1
2520 4154 1
2520 347 10
2521 1061 7
2521 3850 6
2522 2620 6
2523 3308 9
2523 4560 10
2523 754 8
2523 4381 5
2524 1290 2
2524 4071 3
2524 2963 8
2524 2190 5
2525 677 1
2525 4079 3
2525 2619 6
2525 1137 2
2526 4225 2
2526 1054 2
2526 1413 7
2526 4384 3
2526 78 5
2527 2594 10
2528 1739 3
2528 197 4
2528 1413 8
2528 2897 10
2528 3443 3
2529 881 10
2530 3319 3
2530 474 6
2530 3710 10
2530 4789 6
2531 3612 8
2531 4904 9
2531 2243 9
2531 1427 4
2532 631 5
2533 443 8
2533 4460 2
2533 857 8
2534 4955 8
2534 866 7
2534 1738 7
2535 4449 7
2535 4362 6
2536 1829 6
2536 1103 6
2536 1252 1
2536 2322 9
2536 1772 6
2537 2349 8
2537 1244 4
2537 2614 5
2538 3210 2
2539 3537 9
2539 3059 9
2540 3918 9
2540 2831 5
2540 1296 1
2541 3093 8
2542 3051 1
2542 3878 10
2542 660 7
2543 2552 5
2543 3442 5
2543 939 7
2544 2849 6
2544 3295 3
2545 1058 2
2545 2305 2
2545 3947 10
2545 1337 9
2546 850 5
2546 855 8
2546 1402 6
2546 1808 5
2546 775 4
2547 4176 10
2548 3359 5
2548 3855 9
2548 1771 1
2549 4739 10
2550 4835 4
2550 3689 10
2550 144 7
2550 2643 6
2550 3947 4
2551 1403 4
2551 2603 7
2551 751 10
2552 3095 3
2552 939 1
2552 3888 6
2552 3119 10
2553 4172 7
2553 3060 4
2553 2771 7
2554 3416 9
2554 2874 10
2555 872 6
2556 3006 1
2556 202 7
2556 4085 2
2556 4748 6
2556 4221 3
2557 3995 8
2557 2061 5
2557 3109 9
2557 4105 5
2558 359 3
2558 657 1
2558 2978 10
2559 4720 1
2559 4005 6
2559 1585 2
2559 4793 10
2559 1469 7
2560 3530 6
2561 3783 3
2561 558 10
2562 3577 6
2563 2961 9
2563 4009 4
2563 4414 3
2564 4740 2
2565 4569 2
2565 1523 7
2565 4075 5
2565 3906 1
2566 3386 7
2566 4824 2
2566 3453 1
2566 196 5
2566 4498 10
2567 4511 1
2567 1543 8
2567 2782 7
2567 4815 7
2568 158 5
2568 787 2
2569 4696 3
2569 1545 6
2570 3816 9
2570 4484 2
2570 2205 2
2570 3029 6
2571 2295 4
2571 110 9
2571 4538 5
2571 4940 3
2571 187 8
2572 1751 1
2572 1075 5
2573 3267 1
2573 3604 6
2573 1181 8
2573 4490 6
2573 177 6
2574 4881 2
2574 2286 8
2575 4661 8
2575 3880 2
2575 492 8
2576 3972 10
2576 1581 6
2577 3202 8
2577 3744 6
2577 4069 2
2577 1767 3
2578 2235 8
2579 762 3
2579 2641 2
2580 3607 9
2580 3571 1
2580 1095 5
2580 4285 9
2580 1444 9
2581 4363 5
2581 843 4
2581 2405 5
2581 3212 3
2582 2306 10
2582 3111 1
2582 1437 3
2583 865 2
2583 1928 1
2583 3928 4
2583 1911 5
2584 46 10
2585 4143 10
2585 2272 4
2585 2392 7
2585 346 7
2586 2851 2
2586 1727 2
2587 4903 4
2587 1829 9
2587 2753 9
2587 1185 7
2587 4144 5
2588 1757 1
2588 16 1
2589 2126 1
2589 3273 9
2589 2303 6
2589 1181 10
2590 1084 8
2591 1601 6
2591 3593 10
2591 155 7
2591 3952 2
2592 2632 10
2592 2891 7
2592 4593 5
2592 1389 8
2593 67 8
2593 3231 1
2593 2332 7
2593 714 6
2593 3828 6
2594 2262 5
2594 389 3
2595 3819 1
2595 3411 9
2596 931 9
2596 1790 7
2596 3725 2
2596 2312 3
2597 2254 4
2597 348 10
2597 3074 4
2598 4891 6
2598 3028 5
2598 3079 7
2598 1669 6
2598 3630 3
2599 3555 6
2599 1437 7
2599 1549 3
2599 3480 6
2600 4790 4
2601 4223 2
2601 3562 5
2601 2129 7
2601 1045 7
2602 881 4
2602 3665 7
2603 1543 8
2603 1142 4
2603 2304 2
2603 2109 6
2604 4095 5
2604 3857 2
2604 2460 7
2604 628 10
2604 2656 3
2605 3001 4
2605 3203 2
2605 4438 10
2606 268 4
2607 4480 7
2607 137 5
2607 1701 6
2607 3629 4
2607 2028 1
2608 3465 2
2608 3609 5
2608 3957 9
2609 4084 10
2610 3891 4
2611 3907 10
2611 3694 7
2611 774 3
2611 3506 8
2612 3537 2
2613 538 3
2613 3268 8
2613 3056 9
2613 321 4
2613 4530 6
2614 1738 10
2614 1696 8
2614 2184 9
2614 2924 1
2615 4623 7
2615 1992 8
2615 4615 8
2616 2116 8
2616 3427 4
2616 137 4
2616 4857 3
2617 4736 2
2617 841 5
2617 3407 1
2617 3956 1
2618 3698 8
2618 1880 5
2619 3652 6
2619 4865 2
2619 875 2
2619 3163 7
2619 4767 5
2620 2919 3
2621 1100 2
2621 843 7
2621 452 3
2621 4093 9
2621 4334 8
2622 2366 6
2622 1008 5
2622 399 8
2622 3956 8
2622 4800 6
2623 988 8
2624 2037 4
2624 3686 10
2624 443 4
2624 3449 9
2624 2049 10
2625 3503 1
2625 653 10
2625 112 4
2626 177 5
2626 3830 2
2626 157 6
2627 4913 3
2627 530 2
2627 4216 7
2627 3613 7
2628 3809 1
2628 393 9
2628 4000 4
2628 4817 8
2629 2753 3
2630 1743 3
2631 737 8
2631 2742 8
2631 3340 5
2631 2649 4
2631 2641 9
2632 3199 2
2632 4593 4
2632 663 2
2632 3008 2
2632 3882 1
2633 3081 8
2633 4316 1
2633 4773 6
2633 4555 8
2634 2749 5
2634 2612 4
2634 4678 5
2634 4439 6
2635 2340 4
2635 2241 8
2635 1109 8
2635 3852 3
2636 4711 1
2636 1337 9
2637 2985 9
2637 261 2
2637 2733 2
2637 1613 5
2637 480 7
2638 2148 6
2638 3125 1
2638 3193 2
2638 154 6
2638 588 4
2639 4827 7
2639 3956 8
2640 2320 4
2640 3692 1
2640 3406 5
2641 1933 3
2642 1887 4
2642 2557 9
2642 1271 8
2642 2023 10
2642 553 5
2643 4711 4
2643 3956 5
2643 3403 7
2643 3438 10
2643 3988 5
2644 2723 8
2644 4131 2
2644 3796 8
2645 3866 5
2646 2495 3
2647 2541 2
2647 1164 9
2647 4195 4
2647 2234 6
2647 2472 10
2648 715 7
2648 2325 7
2648 708 1
2649 1093 10
2649 2641 4
2649 2579 6
2649 1602 9
2650 101 3
2650 2816 8
2650 3085 3
2650 3480 10
2651 254 3
2651 362 9
2652 2738 7
2652 3879 1
2652 1761 9
2652 4685 2
2652 2072 9
2653 4237 9
2654 578 10
2654 1520 1
2654 2189 8
2654 4613 5
2655 3049 10
2655 2360 5
2656 4945 9
2656 3028 5
2656 822 7
2656 2660 9
2656 4153 3
2657 535 2
2657 1442 10
2657 2462 1
2657 4516 5
2658 1757 6
2658 4715 9
2658 2223 7
2658 1302 3
2658 3067 1
2659 3201 6
2659 2303 3
2659 1072 10
2659 3267 6
2659 4777 4
2660 3862 6
2660 2209 7
2660 4071 5
2660 821 7
2661 2571 1
2661 664 3
2661 4369 10
2661 4973 5
2661 1377 2
2662 355 9
2662 3916 3
2663 4377 9
2663 398 7
2664 3834 1
2664 2037 9
2664 2869 2
2664 2877 5
2665 2643 4
2666 3925 7
2667 4791 5
2667 2514 10
2667 3981 6
2667 2798 9
2668 4304 10
2668 3865 8
2668 1694 6
2668 307 8
2669 1069 9
2669 3048 5
2670 10 6
2671 3255 10
2672 437 1
2672 147 2
2673 4922 7
2673 4400 6
2673 1987 2
2673 467 5
2673 2950 3
2674 2628 2
2675 4387 8
2675 2101 5
2676 3828 1
2676 1129 9
2676 67 7
2676 4402 2
2676 3924 5
2677 1423 1
2677 879 1
2677 2091 8
2677 2492 7
2677 2105 5
2678 353 7
2678 4556 2
2678 3026 1
2678 1478 5
2679 4708 4
2679 3613 7
2679 4213 4
2679 632 9
2679 1724 1
2680 1174 9
2681 4440 8
2681 2717 4
2681 4058 7
2682 4652 9
2682 4983 5
2683 1144 5
2683 1376 8
2684 4823 2
2684 2057 2
2684 3789 1
2684 239 8
2684 2341 6
2685 443 7
2685 1716 2
2685 773 6
2686 3826 5
2686 1296 9
2687 4140 3
2688 4280 5
2689 2493 4
2689 2551 10
2689 3501 3
2690 3466 2
2690 3038 10
2690 3111 6
2690 1382 7
2690 2306 1
2691 4863 6
2691 1567 10
2691 2812 2
2692 1402 10
2692 775 8
2693 4830 3
2693 3944 8
2693 3920 4
2693 2800 8
2694 669 10
2695 730 1
2695 4423 3
2695 4369 10
2695 2825 8
2695 2547 9
2696 4844 7
2696 3328 10
2697 2194 4
2697 1806 7
2698 435 7
2699 2395 4
2700 1088 1
2700 787 1
2700 2068 10
2701 3628 10
2701 3516 8
2702 3158 7
2702 4378 1
2702 4058 8
2702 4685 3
2702 4584 1
2703 4421 4
2703 2304 7
2704 1351 4
2705 4525 3
2705 4998 10
2705 4074 10
2705 1808 9
2705 2132 9
2706 1886 1
2707 1624 9
2707 4925 5
2707 834 3
2708 3002 4
2708 3974 4
2709 553 5
2710 3270 10
2710 87 1
2710 438 6
2710 3205 3
2711 4772 10
2711 862 1
2711 3572 3
2712 3246 6
2712 4129 1
2712 348 4
2713 4817 3
2714 3289 2
2714 3037 4
2714 4684 4
2715 2780 7
2716 3529 10
2716 4047 6
2716 1053 3
2717 3771 3
2717 2999 3
2717 4440 9
2717 2025 4
2718 2023 2
2718 1943 9
2718 2557 7
2719 4983 10
2719 50 3
2719 3353 4
2719 296 7
2719 3986 7
2720 4638 10
2720 3532 7
2720 362 6
2721 4902 3
2721 1058 8
2721 3947 9
2721 1992 7
2722 750 3
2722 1053 1
2722 3055 2
2722 2318 9
2723 3178 8
2723 4283 4
2724 3102 3
2724 4462 2
2724 4842 3
2724 3741 4
2725 1966 4
2725 4308 4
2725 2489 2
2725 3539 3
2725 4258 10
2726 1771 5
2726 824 2
2726 1327 8
2727 4118 1
2728 4631 7
2729 1199 2
2729 2394 7
2730 1567 9
2730 2424 8
2730 3473 7
2730 3784 9
2730 4693 1
2731 450 4
2731 2501 1
2731 3013 9
2732 226 5
2732 782 3
2732 4978 6
2733 3435 8
2733 1297 3
2733 4090 9
2734 2044 8
2735 1547 7
2736 171 1
2736 1194 7
2737 707 5
2738 4734 7
2739 1227 2
2739 354 1
2740 1722 9
2740 601 4
2740 2183 4
2740 2162 4
2741 3190 3
2741 2283 3
2741 4986 3
2742 3201 4
2742 4646 2
2742 3887 9
2742 2713 10
2742 4688 1
2743 1784 4
2743 1738 9
2744 1648 4
2744 587 7
2744 1954 7
2744 4427 5
2744 3105 1
2745 3138 7
2745 29 3
2745 4159 2
2746 4447 1
2747 464 10
2747 112 5
2747 1975 10
2748 4747 10
2748 1540 3
2748 4992 6
2748 1115 1
2749 333 6
2749 2322 2
2750 1604 5
2750 4406 6
2751 1329 4
2751 1511 6
2751 3665 5
2751 4518 7
2752 2213 10
2752 2066 10
2752 3246 9
2753 534 1
2754 2388 5
2755 3159 8
2755 520 10
2755 4032 8
2756 3053 2
2756 1448 5
2757 4822 8
2757 2749 1
2758 3056 5
2758 4774 4
2758 3597 10
2758 4095 6
2758 2994 4
2759 1154 10
2759 1285 4
2760 4786 3
2760 4716 7
2761 2640 8
2761 3221 7
2761 461 3
2761 2320 1
2761 3473 6
2762 4318 5
2763 2408 1
2763 226 8
2764 1961 9
2765 2975 7
2765 956 7
2765 3557 7
2766 1141 8
2766 950 1
2766 1020 6
2767 1709 7
2767 348 7
2767 1290 10
2768 1036 3
2768 1002 7
2769 295 1
2769 4173 3
2769 3718 1
2770 1251 10
2770 3214 10
2770 828 2
2770 4469 4
2770 4721 2
2771 1987 8
2771 1314 5
2771 3554 4
2771 1418 2
2772 1677 1
2772 393 6
2772 1693 9
2773 2881 10
2774 2096 6
2774 3672 6
2774 3453 5
2774 4270 5
2775 3650 6
2775 3491 9
2776 3231 2
2776 1893 5
2776 3003 9
2777 946 1
2778 2990 4
2778 1095 3
2779 1323 7
2779 19 7
2779 1061 10
2780 1742 6
2781 3009 8
2781 1745 8
2781 4506 6
2782 4806 9
2782 2886 5
2783 4977 3
2783 3037 8
2783 4564 2
2783 1718 8
2783 2880 10
2784 4106 2
2784 1286 5
2784 2298 7
2784 3100 7
2784 2088 7
2785 2672 1
2785 686 1
2786 879 2
2786 2059 3
2786 4971 10
2786 4402 5
2786 8 4
2787 1883 1
2787 2724 3
2787 1011 4
2787 4486 4
2787 676 9
2788 2132 8
2788 952 4
2788 1402 4
2788 3666 7
2788 1636 2
2789 1987 5
2789 4692 1
2789 1462 7
2789 1177 6
2790 3628 8
2790 1594 9
2790 2564 10
2791 3613 5
2792 4297 1
2792 2460 3
2792 1290 9
2792 4737 10
2792 3915 1
2793 2397 6
2793 4602 1
2793 3842 1
2793 3129 4
2794 226 8
2795 3444 8
2795 2900 7
2795 4837 6
2795 4387 2
2795 1354 9
2796 443 3
2797 1815 7
2797 1672 4
2798 3427 10
2798 1571 1
2798 2248 2
2799 4058 9
2799 1433 4
2799 642 3
2800 2799 7
2800 124 2
2800 1433 5
2800 4414 4
2801 4702 10
2801 2572 3
2801 1928 1
2802 2475 1
2802 2568 6
2802 4338 8
2802 4256 7
2803 2698 7
2804 4262 4
2804 3786 6
2804 811 4
2804 1594 8
2804 1204 8
2805 2929 7
2805 496 7
2805 268 1
2806 208 10
2806 914 6
2806 2186 5
2807 3607 2
2807 782 6
2808 4998 5
2808 4674 1
2808 4188 2
2809 785 7
2809 2811 7
2809 1312 6
2809 4010 2
2810 1613 3
2810 471 8
2810 895 8
2810 3648 7
2810 4699 2
2811 3945 10
2811 1433 5
2812 362 1
2812 2696 1
2812 4831 8
2812 2962 4
2813 3727 8
2813 3276 2
2814 2313 8
2814 690 8
2814 165 1
2814 1867 9
2815 3528 2
2815 3426 3
2816 4446 5
2817 1975 3
2818 3464 8
2818 2813 8
2818 3497 5
2818 3997 4
2819 3236 10
2819 3991 9
2820 4544 9
2820 2671 6
2820 71 2
2821 1536 2
2821 4404 6
2822 3242 7
2822 2292 2
2822 4942 4
2822 1739 7
2823 4484 3
2823 2264 9
2823 4846 9
2823 3906 2
2824 1129 2
2824 3214 5
2825 3016 2
2825 1403 9
2825 4219 5
2826 3751 1
2827 4692 8
2827 4082 5
2827 1123 3
2827 1922 7
2828 1297 3
2828 3287 9
2828 2442 9
2829 2452 7
2829 1869 4
2829 1611 8
2829 4179 4
2829 112 3
2830 2399 5
2830 2435 3
2831 3236 2
2831 4025 3
2831 3691 7
2831 3596 10
2831 1465 1
2832 578 6
2832 2591 6
2832 2147 1
2832 1535 1
2833 4047 8
2833 1053 10
2834 4288 8
2834 2903 1
2835 270 8
2835 144 2
2835 3010 6
2835 912 4
2836 1379 9
2836 4789 6
2836 716 6
2836 1346 8
2837 917 7
2837 1808 5
2837 4074 1
2837 442 10
2838 3279 2
2838 915 4
2838 4998 8
2839 1970 7
2839 3003 5
2839 2728 9
2839 1330 6
2839 3231 7
2840 1643 9
2840 2672 3
2841 3104 4
2842 1039 2
2843 3231 7
2844 4623 5
2845 1280 9
2845 853 1
2845 574 1
2845 2130 2
2846 910 3
2847 4377 3
2847 2625 9
2848 3873 6
2848 4977 4
2849 4649 5
2849 2913 5
2849 1095 4
2850 582 5
2850 2231 4
2851 3734 6
2851 4730 2
2851 1437 3
2852 3833 10
2852 320 9
2853 145 3
2853 2144 8
2853 12 2
2854 1982 1
2854 3884 4
2854 268 2
2854 4223 6
2854 3553 1
2855 3880 2
2855 3857 8
2855 490 4
2855 293 8
2856 4873 1
2857 1257 6
2857 588 6
2858 4553 3
2858 2652 10
2859 3734 10
2859 2521 6
2859 972 2
2859 1536 2
2860 1107 4
2860 182 9
2860 4088 1
2860 1552 9
2861 1713 8
2861 4921 9
2861 4762 10
2862 4387 4
2862 2936 10
2862 3278 10
2863 834 10
2863 466 9
2863 1058 1
2864 3643 5
2864 4128 8
2865 148 4
2865 831 5
2865 38 10
2865 3699 9
2865 1646 10
2866 3782 10
2866 2250 10
2866 450 10
2866 777 9
2867 4092 9
2867 3265 10
2867 4566 2
2867 3500 5
2868 427 5
2868 435 5
2868 660 6
2868 4265 10
2868 2724 1
2869 3109 9
2869 701 2
2870 1830 6
2870 1235 4
2870 4824 5
2870 3577 3
2871 550 8
2871 3190 4
2872 4440 9
2872 2397 5
2873 224 8
2873 1572 4
2873 2638 2
2873 4544 5
2873 565 5
2874 4961 7
2874 3055 8
2874 4926 5
2874 830 10
2875 4649 9
2876 4969 9
2877 4105 3
2877 521 2
2877 2374 5
2877 3724 4
2878 3214 1
2878 4361 7
2878 3453 4
2878 3178 8
2879 3085 2
2879 2946 5
2880 2038 9
2880 3751 8
2881 653 8
2881 530 4
2882 4072 10
2883 1959 8
2883 1737 3
2883 545 6
2883 196 6
2884 4094 4
2884 606 8
2884 3614 4
2884 2351 7
2884 3449 7
2885 4973 5
2885 566 2
2885 1347 9
2885 4086 5
2886 2178 5
2886 1471 5
2886 1277 4
2887 3741 10
2887 186 8
2887 4752 4
2887 1376 3
2887 3834 7
2888 3890 6
2888 1114 2
2888 780 7
2889 829 9
2889 2026 3
2889 4225 2
2889 326 6
2889 1334 6
2890 3196 6
2891 109 10
2891 4318 6
2891 4288 4
2891 128 2
2892 1285 3
2892 1183 4
2892 3053 5
2892 2756 8
2892 624 3
2893 1133 10
2893 2596 6
2893 1217 6
2893 815 7
2893 2408 1
2894 470 1
2894 4501 10
2894 2144 6
2894 2232 6
2895 3074 7
2896 2475 6
2897 2739 6
2897 2651 2
2897 3406 8
2897 3514 5
2898 2291 10
2898 4223 4
2898 3804 7
2899 780 6
2899 3758 3
2899 4971 10
2899 3599 1
2900 2068 6
2900 272 1
2900 4094 5
2901 3480 1
2901 2934 1
2901 4446 4
2901 101 1
2902 1462 1
2902 1880 1
2903 661 3
2903 350 10
2903 1515 3
2903 3746 7
2903 2348 2
2904 3954 6
2904 3531 7
2904 4033 1
2905 1587 9
2906 347 6
2906 1288 10
2906 1344 2
2907 4650 7
2907 1053 7
2907 2722 10
2908 1660 1
2908 2740 1
2908 284 5
2908 2183 9
2908 1918 10
2909 348 9
2909 3268 2
2909 1090 7
2910 315 2
2910 558 1
2910 1834 8
2910 2431 3
2910 3066 8
2911 761 7
2911 3014 4
2911 644 8
2911 3905 10
2912 3555 9
2912 4730 3
2912 3337 2
2913 4670 4
2913 1289 1
2913 3045 7
2914 1176 5
2914 2880 4
2914 4233 2
2915 4730 1
2915 2816 6
2915 4446 4
2915 4475 1
2915 4686 2
2916 3373 4
2917 308 1
2917 3974 9
2917 2648 4
2917 1231 10
2918 1054 10
2918 3368 3
2919 1784 6
2919 916 2
2920 1401 7
2920 2621 4
2921 2571 4
2921 930 1
2921 3730 1
2922 3504 2
2923 1238 8
2923 4396 7
2923 1468 3
2923 3074 2
2924 4165 10
2924 2567 7
2925 1970 2
2925 2824 5
2926 2613 2
2926 3620 4
2926 2302 6
2926 838 3
2926 1127 2
2927 3650 1
2928 3930 6
2928 2755 6
2929 1700 10
2929 3536 6
2929 4818 5
2930 2170 7
2930 3259 8
2930 1078 8
2930 2707 3
2931 586 8
2931 1833 3
2932 4375 5
2932 3200 1
2933 4058 8
2933 3318 2
2933 3842 9
2934 2095 4
2934 4064 5
2934 296 2
2934 1348 6
2934 4461 5
2935 1035 7
2936 307 2
2936 1576 4
2936 3854 2
2936 4152 1
2937 4135 7
2937 2046 2
2937 1189 6
2937 2844 5
2938 4396 2
2938 4153 7
2938 4729 3
2938 3926 5
2938 3661 2
2939 81 6
2939 4628 5
2940 4002 9
2940 3910 6
2941 3098 1
2941 591 7
2942 1903 4
2942 3640 8
2942 2292 3
2943 3924 1
2944 3542 2
2944 2719 2
2945 3055 4
2945 2108 6
2946 381 1
2946 4064 2
2946 4446 6
2946 189 4
2947 1218 6
2948 840 1
2948 829 1
2948 2477 8
2949 3074 7
2949 4081 7
2950 2981 1
2950 233 9
2951 3265 3
2952 2687 10
2952 3503 10
2952 1450 3
2953 1167 3
2953 4670 3
2953 3927 8
2953 4597 5
2953 3696 4
2954 3801 8
2954 355 6
2954 1526 7
2955 4280 5
2955 2278 8
2955 2321 6
2955 3336 9
2955 894 3
2956 3905 5
2956 3202 9
2956 3288 2
2956 2754 7
2957 2849 5
2958 4977 2
2958 328 3
2958 4791 10
2958 298 4
2958 4927 5
2959 3954 8
2959 3579 1
2959 534 3
2959 1485 7
2959 4553 2
2960 1773 5
2960 3769 7
2961 1472 4
2961 642 5
2961 968 4
2962 3426 7
2962 2865 2
2962 1941 9
2963 3670 1
2963 47 2
2963 4153 2
2963 2104 8
2963 3661 2
2964 4901 8
2964 3268 6
2964 4896 4
2965 3201 3
2965 1326 6
2965 73 10
2966 339 8
2966 630 6
2966 2530 7
2967 108 1
2967 3937 9
2967 4499 10
2967 4643 6
2968 4350 1
2968 898 9
2968 1462 3
2968 2383 3
2968 3777 10
2969 3765 2
2969 3304 10
2969 4969 8
2969 2968 9
2970 3162 10
2970 2843 1
2971 2712 8
2972 3529 4
2972 4041 2
2972 226 9
2972 815 10
2972 4649 10
2973 1693 5
2973 1952 7
2973 3944 7
2974 445 5
2975 4598 2
2975 498 9
2975 2056 2
2976 4876 3
2977 1330 3
2977 4257 6
2977 193 10
2977 1750 5
2977 4520 10
2978 4977 10
2979 4432 3
2979 4238 5
2979 1463 10
2979 1149 2
2979 23 6
2980 4294 7
2980 3596 8
2980 3691 10
2980 4965 1
2980 2165 6
2981 2377 10
2982 2158 7
2982 4120 7
2982 4006 3
2982 4524 7
2982 3769 10
2983 1351 5
2983 219 7
2984 4633 2
2984 4219 7
2984 1914 10
2984 3747 10
2984 2924 3
2985 2446 4
2985 3289 6
2985 1531 8
2985 3040 1
2986 3815 6
2986 3325 6
2987 2521 5
2987 907 6
2988 2464 4
2988 3512 4
2989 3028 1
2989 821 1
2989 490 1
2989 4102 6
2990 3105 6
2990 1288 3
2991 4061 2
2991 4773 10
2991 4227 8
2991 2728 5
2992 4247 2
2992 702 7
2992 3092 3
2993 2843 2
2993 3026 1
2993 155 1
2994 4530 7
2994 3600 9
2994 3469 4
2995 4902 9
2996 1557 1
2996 2393 3
2997 2639 8
2997 4206 9
2997 1519 4
2998 3888 1
2998 2692 9
2998 3 8
2999 3531 10
2999 3560 5
3000 3924 1
3000 712 2
3000 1539 9
3000 4976 5
3000 2137 5
3001 3982 1
3002 2791 1
3002 2399 4
3002 2754 6
3002 1030 9
3003 3112 4
3003 2566 2
3003 200 2
3003 2593 10
3003 2464 2
3004 2304 8
3004 4149 1
3004 850 8
3004 3110 8
3005 3079 10
3005 1819 6
3006 2926 7
3006 4890 4
3006 2161 9
3006 4748 4
3006 1640 3
3007 1123 8
3007 1599 3
3007 3817 4
3007 1058 1
3007 912 10
3008 4873 9
3009 4928 10
3009 1922 8
3010 2305 4
3010 4428 10
3010 4575 3
3010 1624 1
3011 1864 5
3011 1967 10
3011 2387 10
3011 2624 8
3011 2015 7
3012 4744 3
3012 2618 9
3013 2685 10
3013 1833 5
3014 781 10
3014 4255 2
3015 2248 1
3016 3561 6
3016 2689 3
3016 1905 6
3016 2295 2
3016 420 8
3017 3345 7
3017 4071 6
3017 3862 5
3018 560 8
3018 4062 2
3018 3984 9
3018 4670 3
3018 202 4
3019 3056 6
3019 1831 7
3020 2608 1
3021 3173 4
3021 3586 3
3021 2772 4
3021 2693 10
3022 4280 1
3022 3410 9
3023 1051 8
3023 406 6
3023 3158 6
3023 17 5
3024 3500 5
3024 3266 10
3024 4914 4
3024 3265 10
3024 2341 7
3025 927 3
3025 4779 5
3025 3808 3
3026 3737 3
3026 3890 8
3026 2723 2
3026 116 6
3027 592 1
3027 4689 7
3027 3683 2
3027 1113 3
3027 108 5
3028 3127 6
3028 4153 9
3029 2754 5
3029 644 2
3029 4397 4
3029 2264 1
3030 4470 8
3030 4313 2
3031 2711 4
3031 1792 7
3031 3288 8
3031 4772 10
3032 1281 7
3033 3688 2
3034 1296 4
3034 3892 5
3035 4094 3
3035 894 8
3035 1984 1
3036 4963 10
3036 1171 2
3036 2387 3
3036 3388 10
3037 1859 1
3037 3821 2
3038 3893 5
3039 626 1
3039 3600 4
3039 1966 8
3039 1819 1
3039 2725 4
3040 302 2
3041 2394 2
3041 418 2
3041 1169 7
3041 935 3
3041 2356 7
3042 1304 8
3043 3120 4
3043 3187 1
3043 616 5
3043 3394 10
3044 3328 9
3045 4318 8
3045 2833 3
3045 4583 10
3045 4221 1
3045 1321 6
3046 4026 4
3046 2759 8
3047 1201 9
3047 3292 5
3047 2585 3
3048 2912 7
3048 942 6
3048 705 9
3048 4252 4
3049 3480 4
3049 4716 6
3050 2987 7
3051 4152 6
3051 1979 3
3051 4842 10
3052 4179 8
3052 713 2
3052 1655 10
3052 1015 5
3053 3245 4
3053 143 6
3053 2457 7
3053 4586 9
3053 3334 4
3054 4398 2
3054 4830 3
3054 4000 1
3055 4597 1
3055 4468 5
3056 3269 4
3057 2981 5
3057 3359 4
3057 1811 8
3057 4470 6
3057 2950 2
3058 81 6
3058 3080 7
3058 1411 7
3058 4628 1
3058 842 2
3059 519 3
3059 3560 3
3059 4685 2
3060 4925 9
3060 2876 1
3060 2995 7
3061 2348 9
3061 3746 10
3061 1502 2
3062 2399 5
3062 165 10
3062 1725 8
3062 99 7
3062 1132 5
3063 4578 10
3063 2644 4
3064 265 9
3064 2087 4
3064 2753 5
3064 3482 9
3065 1292 3
3066 2469 10
3066 133 8
3066 3546 4
3066 1694 7
3067 1635 3
3067 4705 8
3067 3210 3
3068 1188 5
3068 1020 2
3069 2408 8
3069 4792 8
3069 4023 7
3069 2214 5
3069 4978 9
3070 2695 4
3070 1914 8
3070 1683 7
3070 4595 5
3071 3384 10
3072 1801 5
3072 1069 1
3072 2599 10
3072 4786 7
3073 187 7
3074 4729 10
3074 3670 5
3074 3926 6
3075 1029 5
3075 1559 9
3075 4292 6
3076 3418 3
3076 2322 4
3076 469 3
3076 2180 8
3076 3526 8
3077 3622 6
3077 3582 6
3077 710 3
3077 214 2
3078 592 5
3078 2065 1
3078 1486 10
3079 3915 1
3080 4108 5
3080 3856 3
3080 3154 5
3081 1728 8
3081 2492 6
3081 2593 9
3082 4314 6
3083 3751 10
3083 4390 3
3083 3411 2
3083 3335 1
3084 149 4
3084 2540 7
3084 1302 6
3084 1838 7
3084 2284 3
3085 3252 4
3085 2719 7
3085 189 4
3085 3238 2
3086 4378 8
3086 4574 4
3087 124 8
3087 3339 5
3087 2904 1
3088 3476 2
3089 978 9
3090 3900 3
3090 2351 3
3091 1321 5
3091 4662 9
3091 282 5
3091 4670 8
3092 424 6
3093 3035 8
3093 894 10
3094 3660 2
3094 30 10
3094 362 5
3095 3666 1
3096 2137 2
3097 3557 10
3097 1183 6
3097 4069 10
3097 1256 10
3098 4409 1
3098 1366 1
3098 1361 6
3098 4227 8
3099 4361 1
3099 2701 6
3099 780 10
3100 856 3
3100 2670 6
3100 347 10
3101 3345 2
3101 4886 10
3101 141 2
3101 4851 3
3101 2244 2
3102 3834 4
3102 2228 7
3102 2037 2
3102 2533 6
3103 100 6
3103 4138 3
3104 328 6
3104 3289 1
3104 4941 3
3104 3413 7
3104 4699 8
3105 2318 4
3105 202 6
3105 1161 10
3106 2966 1
3106 3319 4
3106 1346 5
3106 522 3
3106 3325 5
3107 806 1
3107 1082 7
3107 3526 1
3107 936 1
3108 4165 10
3109 2838 3
3109 4421 6
3109 121 1
3109 1738 3
3109 4231 7
3110 4204 2
3110 3982 9
3110 2583 5
3110 4108 2
3111 2011 7
3111 1218 4
3111 2816 4
3111 4888 5
3112 1373 5
3112 3063 10
3113 2160 5
3113 4575 10
3113 3373 7
3113 1987 7
3113 2305 6
3114 492 8
3114 3862 10
3114 275 4
3114 2989 4
3115 3413 6
3115 1531 2
3115 4229 10
3115 2978 8
3115 3427 10
3116 3839 1
3116 2288 3
3116 1101 7
3116 855 5
3116 3903 4
3117 1115 2
3117 1147 4
3118 4972 1
3118 672 7
3118 2081 3
3118 3304 2
3119 1994 6
3119 4497 6
3120 689 2
3120 3233 1
3120 3889 1
3121 665 4
3121 702 3
3121 4283 10
3121 2221 8
3122 2551 8
3123 3764 3
3124 1474 4
3124 2248 3
3124 160 7
3125 3728 1
3125 3541 10
3125 2978 5
3126 3864 2
3126 2512 6
3127 2209 3
3127 4102 10
3127 3926 9
3127 4396 6
3127 4729 5
3128 1646 10
3128 2814 1
3128 4001 3
3129 2730 4
3129 1593 4
3130 708 6
3130 3519 4
3130 2711 6
3131 982 9
3132 4069 9
3132 2625 6
3133 2966 10
3134 3007 10
3135 1620 4
3135 2214 8
3135 4411 9
3135 4047 6
3136 4378 2
3136 4275 8
3137 762 10
3138 1058 9
3138 4936 9
3139 2826 8
3139 508 4
3139 154 8
3139 1856 1
3139 2616 7
3140 3572 1
3140 813 6
3141 716 9
3141 1859 4
3142 4670 4
3142 1053 4
3142 4629 8
3142 3998 8
3143 3039 4
3143 2725 6
3143 4457 3
3144 3937 8
3144 4870 10
3145 3475 4
3145 2958 2
3145 4527 9
3145 4379 9
3145 4839 5
3146 4165 2
3146 115 1
3146 917 2
3146 855 9
3146 2567 6
3147 4684 5
3147 2328 4
3147 444 4
3147 2638 10
3148 3181 7
3148 581 1
3148 351 7
3149 1952 8
3150 4058 5
3150 390 5
3151 4564 10
3151 2148 10
3151 3821 6
3152 153 6
3152 1295 1
3152 2903 5
3152 663 8
3152 4318 10
3153 4882 1
3153 1855 9
3154 3241 8
3154 2801 8
3155 2214 7
3156 2878 2
3156 3395 7
3156 3672 7
3157 4311 7
3157 3766 5
3157 2727 2
3157 1779 6
3157 2711 1
3158 1758 3
3158 2424 10
3159 2554 7
3159 3590 3
3159 1286 10
3160 2117 8
3160 3131 5
3160 3694 8
3161 578 9
3161 2172 10
3161 4560 7
3161 3688 6
3162 3758 6
3163 1356 7
3163 4353 2
3163 3761 8
3163 1935 3
3163 2243 10
3164 1093 7
3164 987 4
3165 1835 8
3166 4705 9
3166 2749 3
3167 4469 4
3167 3758 5
3167 2137 5
3167 3796 5
3167 3679 3
3168 4511 1
3168 1751 3
3168 4173 2
3168 3859 1
3169 956 5
3170 1873 6
3170 3059 3
3171 4283 8
3172 4392 4
3172 3346 2
3172 3656 4
3173 968 6
3173 3920 4
3174 392 1
3174 2214 8
3174 4873 4
3174 4594 6
3175 4458 7
3175 1083 5
3176 3683 7
3176 4010 4
3177 1548 3
3177 4299 7
3178 735 5
3178 3341 6
3178 1871 8
3179 4035 6
3179 1313 6
3180 4693 4
3180 2075 2
3180 1957 9
3180 2640 10
3181 2770 2
3181 702 1
3181 4012 9
3181 4080 7
3182 3928 5
3183 3766 1
3183 2362 4
3183 982 7
3183 1015 1
3184 415 4
3185 3313 10
3185 1485 2
3185 4058 8
3185 3587 6
3186 185 2
3187 1113 4
3187 3201 4
3187 2659 10
3188 1359 10
3188 2131 8
3188 555 9
3188 2497 8
3189 589 9
3189 2899 2
3189 1172 10
3190 3093 4
3190 1587 2
3190 24 1
3190 4752 8
3190 2222 4
3191 4714 6
3192 1599 5
3192 1107 8
3192 1177 5
3193 71 6
3193 438 8
3193 2038 9
3193 3831 1
3193 2820 3
3194 4324 8
3195 1995 4
3196 4153 2
3196 646 5
3196 1945 8
3196 4192 7
3196 306 5
3197 3669 5
3198 2104 7
3199 4923 10
3200 1254 3
3201 1506 1
3201 1514 8
3202 3715 8
3203 4600 5
3203 1402 6
3204 4558 2
3204 492 10
3204 1304 2
3205 218 6
3205 800 9
3205 160 4
3205 4684 6
3206 354 10
3207 463 7
3208 4826 10
3208 454 9
3209 765 2
3209 801 10
3209 3473 3
3209 2651 4
3209 1580 10
3210 534 3
3210 3573 7
3210 2996 1
3210 4547 3
3211 1885 3
3211 4734 2
3211 2025 9
3212 617 2
3212 1449 5
3212 480 7
3212 1163 7
3212 2326 6
3213 4976 7
3214 1338 2
3215 1767 8
3216 4399 2
3217 152 9
3217 2318 2
3217 226 7
3217 1790 4
3218 3262 10
3218 306 5
3218 3127 2
3218 2926 5
3219 4891 3
3219 41 5
3219 1528 9
3220 4382 6
3220 83 10
3220 915 6
3221 78 6
3221 1357 8
3222 875 2
3222 2755 2
3222 268 2
3222 2168 1
3223 2175 5
3223 4268 3
3224 3515 8
3224 353 2
3225 2192 6
3225 4131 10
3225 1129 7
3225 2593 3
3225 1889 9
3226 314 8
3226 2943 9
3226 3962 6
3226 1728 7
3226 4498 8
3227 3647 6
3227 2666 9
3227 4143 4
3227 3388 8
3228 2292 1
3228 1739 10
3228 1399 4
3228 2072 2
3228 3697 3
3229 722 9
3230 4016 8
3230 3002 8
3231 1626 3
3231 1338 3
3231 4376 10
3231 4399 7
3231 4971 6
3232 3049 7
3232 494 2
3232 3555 10
3233 4679 7
3233 1635 4
3233 3186 6
3233 1311 8
3233 2538 9
3234 4873 6
3234 247 10
3234 4671 3
3234 2554 10
3235 2329 10
3236 943 8
3236 652 9
3236 4588 6
3237 4270 1
3238 1545 9
3238 4726 2
3238 3633 6
3238 2494 10
3238 1690 8
3239 3312 2
3239 31 2
3239 230 9
3239 4481 8
3240 3533 8
3240 2114 8
3240 3667 7
3241 3718 7
3241 1969 5
3241 1961 1
3241 4290 5
3241 3182 10
3242 3264 10
3242 3842 2
3243 648 8
3243 4429 9
3244 242 6
3244 596 4
3244 199 8
3245 2675 5
3245 3743 10
3245 808 6
3245 947 2
3245 624 10
3246 4102 9
3246 909 5
3247 1072 4
3247 2609 5
3247 4067 1
3248 4041 1
3249 3886 10
3249 4409 4
3249 3802 5
3249 2583 10
3250 1534 5
3251 4676 1
3251 2657 8
3251 2472 5
3251 3022 6
3252 2584 4
3252 4634 1
3252 1041 7
3252 3421 3
3252 3103 5
3253 1547 4
3253 4921 9
3254 2071 10
3255 4912 2
3256 312 9
3257 3656 9
3257 1626 8
3257 3178 1
3257 1612 6
3257 2564 10
3258 661 6
3258 4411 10
3258 3530 2
3258 1229 6
3259 3947 5
3259 2618 4
3259 2643 1
3259 684 3
3259 4615 6
3260 1538 6
3260 1760 10
3260 2013 10
3260 935 8
3260 3896 4
3261 3505 2
3261 3926 2
3261 4729 6
3262 4848 5
3262 3028 7
3262 2044 8
3262 2064 6
3263 3927 5
3263 4041 7
3263 3558 3
3263 3963 7
3264 3448 4
3264 746 3
3264 4117 10
3264 4710 5
3265 2669 2
3266 3098 4
3266 4441 7
3266 1409 1
3266 1047 8
3267 2358 10
3267 2850 9
3268 3853 6
3268 410 10
3268 4395 2
3268 4396 6
3269 3543 1
3269 4095 1
3270 1163 2
3270 1561 2
3270 839 4
3270 630 2
3271 4123 3
3272 3098 1
3273 1679 10
3273 3312 10
3273 505 4
3273 1693 6
3273 237 6
3274 4981 7
3274 3049 9
3274 2719 9
3275 2976 10
3275 3262 8
3275 92 1
3276 76 4
3277 716 9
3277 1379 6
3278 643 6
3278 96 3
3279 2689 2
3279 3811 5
3280 770 1
3280 1020 2
3280 500 4
3281 4588 6
3281 2194 8
3281 323 8
3281 2812 10
3282 4575 3
3282 2643 5
3282 1552 9
3282 4162 7
3282 4477 7
3283 2074 6
3283 2426 8
3283 4007 7
3283 2381 4
3284 4741 3
3284 1021 2
3284 4387 5
3284 2256 1
3285 3289 3
3285 4057 5
3285 2446 10
3286 1878 1
3286 4392 2
3286 712 6
3287 3083 9
3287 401 4
3287 3255 9
3288 4572 4
3288 1000 10
3288 4397 5
3289 4519 8
3289 336 1
3290 1584 4
3290 2843 8
3290 2564 2
3290 4740 4
3291 3342 7
3292 4426 9
3293 3644 8
3293 4217 2
3294 4443 8
3294 4006 5
3294 4710 3
3294 3735 8
3294 766 9
3295 1456 2
3296 3140 10
3296 2266 4
3296 1523 4
3297 2593 7
3298 2870 5
3298 1553 2
3298 4727 5
3298 2878 8
3299 1727 8
3299 4730 4
3299 972 2
3300 4487 9
3300 3255 5
3300 1100 7
3301 879 4
3301 4399 8
3301 3250 10
3301 4843 8
3302 1536 5
3302 243 9
3302 409 3
3302 1119 3
3303 3515 9
3303 4167 1
3303 67 8
3304 233 10
3305 186 7
3306 469 6
3307 874 10
3307 3807 9
3307 4234 8
3307 2915 3
3308 648 4
3308 557 4
3308 1584 3
3309 4120 5
3309 4995 4
3309 172 2
3309 746 5
3310 3132 6
3310 1867 8
3310 433 4
3311 1634 5
3311 1559 1
3311 2813 5
3311 1618 2
3312 4965 3
3312 1635 5
3312 1302 7
3312 2358 2
3312 668 9
3313 997 6
3313 4602 7
3313 3684 4
3313 1593 10
3313 1565 10
3314 321 6
3314 3670 9
3314 3268 4
3314 4896 3
3314 2725 3
3315 573 10
3315 3644 3
3315 4963 2
3315 951 8
3316 2306 3
3316 1382 1
3316 1091 9
3316 907 7
3316 1470 3
3317 1567 1
3318 3709 3
3318 1445 10
3318 4577 8
3318 3451 2
3318 4666 1
3319 491 9
3320 4132 9
3321 1873 4
3321 4109 3
3322 80 9
3322 2275 4
3323 2170 1
3323 3942 1
3323 1462 2
3323 80 10
3323 4929 3
3324 1069 6
3324 1594 5
3324 51 3
3325 2200 1
3326 1612 5
3326 1534 5
3326 1878 10
3326 3516 4
3326 3965 3
3327 1993 7
3328 651 10
3329 3085 3
3329 4510 8
3329 4005 5
3330 1930 9
3330 297 5
3330 3040 9
3330 2667 1
3331 1843 9
3331 3415 6
3331 2710 2
3331 3751 9
3331 137 7
3332 4175 5
3333 3211 3
3333 4988 5
3334 2862 5
3335 4744 10
3335 4544 4
3336 3235 1
3336 753 4
3336 3389 2
3336 3022 9
3336 3279 7
3337 4403 9
3337 3975 8
3337 4888 3
3337 322 10
3338 2328 6
3338 4487 10
3338 4253 7
3339 991 2
3339 4104 3
3339 2179 1
3340 3887 1
3340 3320 4
3341 1719 10
3341 1204 10
3341 4289 6
3342 4609 5
3342 1075 1
3342 1345 4
3343 2295 7
3343 2152 5
3343 3235 1
3344 3294 2
3345 4945 3
3345 3074 3
3345 3661 8
3345 2254 3
3346 792 2
3346 2096 7
3346 714 7
3346 4392 4
3346 4495 6
3347 2642 1
3347 3644 6
3347 2023 4
3348 3776 9
3348 4734 1
3348 1103 1
3349 4149 2
3349 2181 1
3350 128 7
3350 3717 1
3350 2755 6
3351 1740 8
3351 4462 2
3351 1931 10
3351 1187 5
3352 1782 8
3352 862 9
3352 4389 7
3353 2525 9
3354 2113 9
3354 4696 3
3354 1783 3
3354 509 7
3355 3661 5
3355 141 5
3356 3925 10
3356 2534 5
3357 3308 7
3357 4703 6
3357 2843 9
3358 2142 4
3358 3563 2
3358 3920 10
3359 144 4
3359 2876 8
3360 4530 4
3360 805 7
3360 1619 7
3361 4338 4
3361 996 5
3361 1088 6
3361 3088 9
3361 753 9
3362 4504 2
3362 2976 10
3362 4896 4
3363 88 2
3363 753 2
3363 994 3
3363 4143 7
3364 2149 10
3364 4973 5
3365 2234 5
3365 307 2
3366 4600 7
3366 4331 9
3366 2546 9
3366 842 2
3366 2487 7
3367 4316 2
3368 4050 3
3369 677 1
3369 4746 2
3370 4649 8
3371 446 10
3371 840 3
3372 2074 4
3372 2285 8
3372 628 7
3372 3936 10
3373 29 7
3373 1624 1
3373 3208 1
3373 537 3
3373 4648 5
3374 4103 8
3374 2684 4
3374 436 4
3375 609 5
3375 4107 4
3375 724 6
3376 3752 10
3376 4633 2
3377 2817 6
3377 653 8
3377 4408 10
3377 485 2
3377 3278 2
3378 2494 8
3379 2650 9
3379 2915 5
3379 1382 4
3380 2167 1
3380 982 4
3380 2382 4
3381 178 3
3381 572 5
3381 3208 9
3381 3394 7
3382 1635 8
3383 4057 8
3383 3971 3
3383 1571 1
3384 2688 2
3384 4280 5
3384 550 5
3384 3741 6
3385 3084 2
3385 592 2
3385 4889 7
3385 2831 4
3385 505 1
3386 2582 10
3386 1119 10
3387 727 8
3387 4615 8
3387 466 6
3387 3689 9
3387 2916 10
3388 4187 9
3388 4815 4
3388 3615 6
3389 3582 6
3389 2552 10
3389 3001 6
3389 1018 7
3390 4330 3
3390 2738 6
3391 3693 7
3391 4824 10
3391 4361 4
3392 3735 10
3392 4128 2
3392 3609 4
3392 1334 7
3393 3490 10
3394 4000 8
3395 4824 10
3395 4341 3
3395 2306 8
3396 1516 10
3396 3575 8
3396 3639 4
3396 1494 7
3397 1370 2
3397 224 6
3397 2123 1
3397 491 2
3398 4843 9
3399 4866 8
3399 535 4
3399 4973 9
3400 2907 2
3401 530 5
3401 3002 8
3402 1045 3
3403 192 7
3403 257 1
3403 4228 2
3403 3120 3
3404 3194 7
3404 1989 8
3404 3198 8
3404 4661 7
3404 1597 2
3405 13 5
3405 289 7
3405 2887 4
3405 437 1
3406 739 3
3406 4915 1
3406 4050 9
3406 2535 8
3407 3983 1
3408 3159 8
3408 1700 4
3408 2592 3
3408 1150 7
3408 2891 3
3409 3254 10
3409 4674 4
3409 3476 2
3409 3220 3
3410 3366 1
3410 4298 4
3410 3615 1
3410 3863 1
3411 1754 3
3412 2859 7
3412 972 2
3412 4951 4
3412 1536 5
3412 4740 2
3413 3815 5
3413 1815 3
3414 798 3
3415 883 6
3415 1859 2
3415 302 9
3415 3270 9
3416 2722 7
3416 4961 4
3417 4594 8
3417 2907 9
3417 830 5
3418 2528 9
3418 2696 3
3418 4614 6
3418 1691 10
3418 1334 6
3419 2879 8
3419 1585 8
3419 476 6
3419 494 1
3419 4786 1
3420 4151 5
3420 3559 2
3420 1607 4
3420 4170 1
3421 4184 3
3421 1284 7
3421 1935 7
3421 596 5
3421 770 8
3422 1132 7
3422 1950 4
3422 2138 6
3422 1111 10
3423 3769 9
3423 3197 1
3423 2651 4
3423 3459 3
3424 4072 6
3424 3813 8
3425 72 7
3426 3504 3
3426 574 4
3426 3503 2
3426 840 1
3427 71 8
3427 302 7
3427 4744 3
3427 1390 6
3428 2402 8
3428 1839 10
3428 4071 7
3428 1862 6
3429 1218 1
3429 4841 4
3429 3238 6
3429 101 5
3430 3282 2
3430 3438 2
3430 672 7
3431 3971 6
3432 1179 10
3432 39 8
3432 2232 3
3433 1052 5
3434 1709 3
3434 2285 9
3434 741 9
3435 1571 10
3435 474 1
3435 3970 8
3436 4646 4
3436 4719 3
3436 1992 6
3436 2631 8
3437 616 5
3437 4646 1
3437 3511 6
3438 3239 1
3438 4965 9
3438 4678 4
3438 1009 6
3439 782 9
3439 3069 5
3439 128 3
3440 4081 2
3441 850 5
3441 4919 8
3442 1440 9
3443 653 7
3443 2206 2
3443 651 6
3444 1872 6
3444 3903 10
3445 4644 4
3445 3410 3
3446 1091 6
3446 4376 6
3446 4052 2
3446 3386 7
3447 4759 3
3447 280 1
3447 4102 3
3447 2660 10
3447 2209 10
3448 37 1
3448 4224 7
3448 644 1
3448 3377 6
3448 2477 5
3449 4752 4
3449 3123 5
3449 3686 3
3449 1442 10
3449 2837 7
3450 670 10
3450 586 4
3450 3188 2
3450 346 1
3450 2097 2
3451 3705 1
3451 1919 2
3451 1386 7
3451 2817 1
3452 12 7
3452 2765 5
3453 1727 9
3453 1946 2
3453 1584 10
3454 2474 5
3454 819 2
3454 4974 1
3454 2280 5
3454 3806 8
3455 3026 3
3455 1749 2
3455 193 9
3455 665 9
3455 3395 3
3456 994 3
3456 2398 10
3456 2910 9
3456 4825 4
3457 1280 1
3457 1369 5
3458 470 2
3458 2182 7
3458 4291 5
3459 4449 5
3459 4654 4
3459 3473 7
3459 2158 3
3460 3620 1
3460 202 6
3460 2833 3
3460 4961 4
3460 3696 6
3461 3684 7
3461 1082 4
3462 157 2
3462 2177 3
3462 4416 1
3462 192 5
3462 502 9
3463 2705 6
3464 4906 8
3464 2243 10
3464 4812 8
3464 3727 3
3464 282 2
3465 708 8
3465 1556 9
3465 829 8
3465 2320 5
3466 3354 8
3466 1372 4
3467 2850 1
3467 1677 10
3467 3034 9
3468 234 5
3468 3260 4
3468 665 6
3468 4061 9
3468 1807 4
3469 188 6
3469 1709 7
3469 3017 6
3470 802 2
3470 3155 10
3470 1056 10
3471 2357 6
3471 4883 7
3471 2591 7
3471 1025 9
3471 1281 4
3472 4759 8
3472 3246 7
3472 4339 8
3473 2474 8
3473 377 9
3473 4844 5
3473 624 5
3474 2306 6
3474 757 3
3474 4510 7
3475 2480 4
3475 3815 4
3475 2512 6
3476 4164 10
3476 1905 3
3476 4176 2
3476 3119 1
3477 2886 6
3478 1818 10
3479 1153 5
3479 3575 3
3479 4163 9
3480 654 3
3480 1221 5
3481 1456 4
3481 1070 5
3482 3692 5
3482 1580 1
3482 1130 5
3482 2539 10
3483 145 6
3484 2528 3
3484 3640 9
3484 337 7
3484 1593 7
3485 3356 3
3485 7 9
3485 4426 8
3486 4521 6
3486 3045 9
3486 4597 9
3486 4662 10
3487 1394 7
3487 4923 2
3487 2298 8
3487 4154 6
3488 2180 3
3488 4779 4
3488 1043 3
3488 4144 8
3488 3318 6
3489 3784 9
3489 4602 4
3490 1284 3
3490 2243 7
3490 4353 6
3490 2898 2
3490 1041 10
3491 4581 2
3491 1802 5
3491 840 5
3491 3132 10
3492 875 3
3492 4722 4
3493 1175 6
3493 189 5
3493 4475 10
3494 3254 5
3494 121 6
3494 4019 6
3495 2412 10
3495 1473 1
3495 2275 5
3495 1599 9
3495 2047 3
3496 1434 1
3496 2462 10
3496 3617 7
3496 2533 6
3496 2787 8
3497 1137 9
3497 1820 3
3497 4649 7
3497 2084 6
3498 1259 10
3498 1486 5
3498 872 5
3498 619 5
3498 1575 4
3499 4046 4
3499 1369 7
3499 2330 2
3499 2675 4
3499 699 6
3500 1704 10
3500 2276 7
3500 608 7
3500 4968 5
3501 4600 7
3501 2109 4
3502 1334 8
3502 2060 10
3502 4685 2
3503 1228 1
3503 3743 3
3503 4751 7
3503 4528 3
3503 1000 9
3504 334 9
3504 1033 4
3504 318 1
3505 167 1
3506 220 5
3506 327 1
3506 4598 4
3506 3783 1
3506 4825 4
3507 1784 5
3508 667 5
3509 4835 5
3509 192 6
3509 3208 5
3509 156 10
3510 110 1
3510 3903 8
3510 3241 4
3510 3886 2
3511 3868 10
3511 478 9
3512 972 1
3512 243 10
3512 3779 7
3513 3884 5
3513 3717 4
3513 596 7
3513 459 1
3513 3727 2
3514 1523 3
3515 243 7
3515 2314 5
3516 3555 10
3516 189 7
3516 381 2
3516 1545 9
3516 4234 3
3517 760 7
3518 2542 8
3518 4217 2
3518 982 2
3518 3614 9
3519 2014 1
3519 4260 8
3520 2447 4
3520 3245 4
3520 4060 10
3520 2574 3
3520 3202 6
3521 3606 7
3521 932 4
3522 2475 8
3522 3622 6
3522 1641 2
3522 852 8
3522 3292 6
3523 3984 7
3524 2521 4
3525 3224 1
3525 1799 5
3525 200 3
3526 1529 6
3526 4885 7
3527 2746 10
3527 4491 5
3527 4387 7
3527 2840 10
3527 3305 9
3528 4710 8
3529 4062 10
3529 4281 1
3529 881 9
3529 1329 10
3529 1332 3
3530 4792 9
3530 2953 3
3531 84 5
3531 3473 4
3531 176 8
3531 3406 7
3532 1941 7
3532 2815 7
3532 2927 10
3533 3421 10
3534 1144 8
3534 3119 1
3534 2049 3
3534 3399 3
3535 1290 6
3535 2734 6
3535 2597 4
3535 1319 7
3535 1412 2
3536 2298 1
3537 2075 7
3537 3313 2
3538 2400 5
3539 973 6
3539 628 9
3539 3017 9
3540 96 7
3540 2222 2
3540 1283 2
3540 127 10
3541 302 9
3541 3989 3
3541 1379 5
3542 1152 10
3542 770 5
3542 3353 8
3543 2880 4
3543 3585 4
3543 4349 10
3543 4379 7
3543 2966 1
3544 243 3
3544 4824 7
3544 409 4
3544 1548 9
3544 4412 8
3545 4879 9
3545 2886 9
3545 744 5
3546 2802 1
3547 1890 8
3547 2428 10
3547 947 5
3547 956 6
3548 1289 6
3548 1820 9
3548 4926 2
3548 3481 2
3549 2515 8
3549 4094 10
3549 3220 2
3550 1833 9
3550 1027 6
3551 643 10
3551 2892 7
3551 3820 8
3552 400 1
3553 10 9
3553 4142 10
3553 2833 5
3554 1922 8
3554 3788 5
3554 1624 6
3554 4902 9
3554 1794 1
3555 1393 8
3556 3074 4
3556 492 9
3556 741 10
3556 4258 1
3557 1907 5
3558 3571 2
3559 465 4
3559 4729 10
3559 3926 10
3560 4844 10
3560 2039 1
3560 1236 2
3561 3468 4
3561 338 6
3561 110 5
3561 3859 6
3562 3553 4
3563 2748 4
3564 3887 4
3564 3877 10
3564 203 2
3564 3889 7
3565 3682 8
3565 342 1
3565 1701 2
3565 3331 5
3566 4404 9
3566 3369 8
3566 4097 2
3566 3393 3
3566 101 2
3567 780 4
3567 3789 3
3568 3699 9
3569 1190 5
3569 4315 5
3570 2286 9
3570 4068 10
3571 1161 10
3571 587 3
3572 4663 10
3572 2746 9
3572 2900 7
3572 220 9
3573 2474 2
3573 3945 3
3573 1846 4
3574 535 2
3574 3227 8
3574 2533 9
3575 3862 8
3575 4395 5
3576 3220 2
3576 4676 2
3576 3058 6
3577 4051 8
3577 2011 5
3577 2586 7
3577 1625 9
3577 3758 5
3578 4768 1
3578 1221 5
3578 3280 8
3578 1096 9
3578 2755 1
3579 4484 10
3580 3312 10
3580 689 10
3581 2802 8
3581 3592 7
3582 3249 1
3583 1693 2
3584 1702 1
3584 4508 6
3584 2824 9
3584 56 5
3584 136 10
3585 1800 8
3585 3054 4
3586 1466 9
3586 2194 7
3586 2450 5
3587 291 10
3587 2477 10
3587 4844 1
3587 794 1
3587 1334 8
3588 16 1
3589 4772 5
3589 473 8
3590 2203 7
3590 4534 6
3590 2953 5
3590 4999 2
3591 3169 6
3591 4359 10
3591 781 2
3591 2388 6
3592 532 10
3592 2228 3
3592 1979 3
3593 2306 2
3594 1724 7
3594 4591 7
3594 4286 8
3595 4353 4
3595 3350 4
3595 4999 6
3596 2538 2
3596 2479 6
3597 1213 3
3597 4504 2
3598 1424 4
3598 2961 6
3599 1114 6
3599 648 4
3600 4465 9
3601 1322 9
3602 1008 9
3602 2623 3
3602 3621 5
3603 2558 1
3603 71 2
3603 1189 4
3604 26 2
3604 4008 3
3604 2540 5
3604 4747 5
3605 1258 1
3605 2008 10
3606 4108 9
3606 2583 3
3606 1032 3
3606 4815 4
3606 4940 4
3607 4411 8
3607 4468 5
3607 4792 4
3607 1954 2
3607 1648 2
3608 2688 5
3608 289 5
3608 2300 1
3608 1359 6
3609 331 4
3610 3983 5
3610 4058 8
3610 323 3
3611 1935 6
3611 1053 3
3612 3762 10
3612 4649 2
3612 2913 7
3613 808 6
3613 2030 3
3613 3540 3
3614 4231 5
3615 2689 4
3615 4735 3
3615 775 6
3616 3354 4
3617 2647 10
3618 4949 10
3619 2776 9
3619 351 5
3619 3379 1
3619 3156 8
3619 4976 1
3620 3915 9
3620 1438 1
3620 1253 1
3620 1632 9
3620 2604 3
3621 26 6
3621 3390 3
3621 3064 2
3621 3233 1
3622 566 6
3623 1546 1
3623 3458 1
3623 4503 2
3624 4597 8
3624 2953 10
3624 146 10
3624 4468 3
3624 198 3
3625 4544 8
3625 508 4
3625 1552 7
3626 3903 8
3626 2887 1
3626 346 5
3627 338 4
3627 4963 3
3628 4960 4
3628 2599 1
3628 2043 1
3628 476 4
3629 2279 7
3629 2200 1
3629 4927 10
3629 3793 8
3629 1449 10
3630 1597 8
3630 2254 10
3630 1632 3
3631 3157 10
3631 1354 8
3631 3744 9
3632 1744 3
3632 534 10
3633 3871 7
3633 210 8
3633 1634 7
3634 4057 8
3634 4814 2
3635 3340 6
3635 3706 10
3636 1704 1
3636 351 9
3636 743 4
3636 2133 8
3637 602 3
3637 1304 1
3637 379 8
3637 3543 5
3637 2895 7
3638 190 2
3638 177 9
3639 474 10
3639 2638 2
3640 3328 8
3640 1919 8
3640 2962 7
3641 1307 7
3641 584 10
3642 4130 1
3642 2143 2
3642 3233 3
3643 4119 7
3643 2125 6
3643 3499 3
3643 958 4
3643 4844 6
3644 916 3
3644 2921 2
3645 672 9
3645 3971 4
3645 527 5
3645 1362 2
3645 3118 10
3646 3890 4
3646 1047 3
3646 3266 6
3646 3298 3
3647 229 10
3647 4086 9
3647 514 8
3648 3411 10
3648 4093 2
3649 500 8
3649 106 6
3649 3825 6
3649 46 2
3649 1046 8
3650 3157 9
3650 927 4
3650 3550 1
3650 3674 3
3650 2033 1
3651 4953 3
3651 4117 6
3651 1510 2
3652 3997 9
3652 4961 3
3652 1219 9
3652 246 9
3652 85 4
3653 280 1
3653 1839 8
3654 4785 1
3654 1052 6
3655 3278 3
3655 2802 3
3656 4262 3
3656 4431 6
3657 2200 9
3657 3721 8
3657 4980 6
3657 2028 2
3657 4590 7
3658 2854 3
3658 3244 2
3658 4911 10
3658 3311 10
3659 1627 9
3659 1645 8
3659 909 4
3660 172 4
3660 4528 5
3661 4349 4
3661 2880 3
3661 3585 10
3661 3543 5
3662 2812 9
3662 691 10
3663 3028 6
3663 2047 9
3663 2604 3
3664 110 10
3664 1956 10
3665 2604 9
3665 1438 3
3665 3600 5
3666 4815 10
3666 3168 9
3666 1543 1
3666 3955 5
3666 1702 3
3667 1545 7
3667 3354 8
3667 4656 7
3668 2900 4
3668 2846 8
3668 4757 4
3668 643 4
3668 869 3
3669 1975 7
3670 4194 3
3670 2581 9
3670 1297 4
3670 4653 1
3670 2155 7
3671 946 2
3671 2502 1
3671 3920 7
3671 1744 1
3671 2107 3
3672 1493 1
3672 3555 9
3672 1719 2
3673 1653 1
3674 4117 9
3674 3504 3
3674 4710 3
3675 972 6
3676 3517 10
3676 1319 3
3676 4294 6
3676 2201 7
3676 213 8
3677 3565 9
3677 640 6
3678 3517 1
3678 839 2
3678 883 8
3678 4977 9
3678 339 7
3679 702 9
3679 4619 9
3679 4446 10
3680 437 1
3680 4035 1
3680 2475 8
3680 3351 3
3681 691 1
3681 186 3
3681 2106 5
3681 2154 3
3682 3940 1
3682 320 7
3682 4653 3
3682 1479 6
3682 2828 5
3683 2076 1
3683 4027 3
3683 4294 1
3683 4732 6
3684 273 7
3684 807 5
3685 1536 5
3685 1119 7
3686 244 2
3686 4735 10
3686 930 1
3687 3692 3
3688 3679 3
3688 545 7
3688 1813 8
3689 2662 4
3689 4688 4
3689 1851 9
3689 237 7
3689 4351 3
3690 3526 2
3690 2163 8
3690 1352 8
3691 1272 9
3691 273 3
3692 3650 6
3693 3171 6
3693 3516 9
3693 1119 10
3693 4431 6
3694 4598 7
3695 2212 7
3696 2940 1
3696 3396 3
3696 4002 6
3696 4769 10
3696 3670 6
3697 3352 5
3697 2822 2
3697 1386 1
3698 2545 4
3698 1337 2
3699 2817 1
3699 2051 10
3700 2277 4
3700 4484 2
3700 2051 8
3701 854 7
3701 4470 10
3701 4898 4
3701 1326 5
3701 4882 5
3702 1927 10
3702 3055 3
3703 379 8
3703 2575 4
3704 2049 9
3704 894 3
3704 2321 10
3704 2499 4
3705 1154 3
3705 1646 3
3705 4016 1
3706 60 4
3706 4605 5
3707 1537 3
3707 3034 1
3707 375 9
3707 1358 3
3708 3715 8
3708 808 7
3708 1541 9
3709 2747 7
3709 4577 7
3710 3815 6
3710 636 8
3710 445 5
3711 3026 5
3711 1414 10
3712 4001 1
3712 3093 4
3712 2205 10
3712 4375 3
3712 1027 4
3713 587 3
3713 3994 1
3713 1166 3
3714 3246 6
3714 2038 10
3714 3819 9
3714 2213 9
3714 1253 6
3715 1876 7
3716 2790 5
3716 1373 6
3717 268 5
3717 4141 3
3717 1947 6
3717 4267 3
3717 2348 7
3718 3250 3
3718 1601 10
3718 3525 8
3718 2593 6
3719 3592 4
3720 252 6
3720 2985 1
3721 2820 2
3722 1500 5
3722 1870 1
3722 3406 7
3722 3609 2
3723 1009 6
3723 4862 7
3723 4432 2
3723 2536 10
3723 1191 2
3724 3730 6
3724 4143 9
3724 3501 5
3724 4735 6
3725 3670 1
3726 2843 3
3726 2941 4
3726 1204 6
3726 3599 4
3727 3075 7
3727 1916 10
3727 1288 7
3728 3625 4
3728 672 7
3728 800 10
3729 4802 8
3729 1359 4
3729 3549 1
3729 1650 2
3729 1405 7
3730 4421 9
3730 4998 2
3730 4176 3
3730 4425 9
3730 664 3
3731 2797 3
3731 588 8
3731 4977 10
3731 1262 9
3731 2512 5
3732 1290 10
3732 2254 7
3732 2201 5
3733 4348 9
3734 4696 3
3734 3402 4
3734 4403 7
3734 2306 1
3735 3371 1
3735 1510 1
3735 3426 2
3735 1396 6
3735 407 3
3736 2124 10
3736 4960 1
3736 647 10
3736 3302 8
3736 625 4
3737 3152 8
3737 3628 10
3738 3906 8
3738 3784 9
3738 1143 9
3738 54 4
3738 2368 2
3739 4002 6
3739 4457 10
3739 4007 7
3739 2064 1
3740 3136 4
3740 1268 5
3740 504 8
3740 1185 8
3740 2179 1
3741 3089 5
3742 2003 8
3742 1216 7
3743 2700 4
3743 2585 3
3743 1467 2
3744 1524 3
3744 4569 3
3744 1365 9
3745 4350 5
3746 263 10
3747 4511 5
3747 1942 10
3747 4176 4
3748 3132 9
3748 1833 4
3748 4312 6
3748 1834 6
3748 2894 10
3749 51 3
3749 4125 5
3749 4510 9
3749 2912 1
3749 4464 3
3750 30 6
3751 71 8
3751 4972 3
3751 1859 10
3752 4252 2
3752 1749 10
3752 2669 6
3753 1715 6
3754 1867 5
3754 1159 3
3755 2568 8
3755 3534 1
3756 1536 3
3757 1015 7
3758 2432 6
3758 942 3
3758 4492 6
3758 2059 1
3759 2774 7
3760 874 4
3760 4446 9
3760 3980 8
3761 2350 7
3761 259 5
3761 3607 7
3762 2722 5
3762 2716 1
3762 3767 2
3762 1321 8
3763 3623 8
3764 4613 9
3764 1232 5
3765 2555 10
3765 2062 3
3765 4082 7
3766 2740 9
3766 1577 4
3766 7 5
3766 4660 7
3767 4890 3
3768 550 3
3769 660 6
3769 2035 10
3770 4614 1
3770 3215 5
3770 1972 4
3770 332 3
3770 54 2
3771 4751 2
3772 3648 2
3772 2517 6
3772 2923 3
3772 4229 7
3773 882 8
3773 3828 9
3773 3796 5
3773 4361 4
3774 4655 3
3775 425 2
3776 1836 2
3776 624 10
3776 3443 4
3776 3209 9
3776 2072 9
3777 2169 4
3777 3889 3
3777 3610 3
3778 2816 9
3778 1428 10
3778 1348 10
3778 780 1
3779 4268 10
3779 907 1
3779 3628 2
3779 4603 1
3780 3531 4
3780 1130 1
3781 90 8
3781 3382 10
3782 4035 2
3783 1984 4
3783 1587 10
3783 2887 5
3783 4757 5
3783 2731 9
3784 3478 2
3784 1030 8
3784 723 2
3784 4406 4
3784 713 7
3785 2271 10
3786 2309 2
3786 4051 10
3786 189 7
3787 1479 8
3787 252 7
3787 2512 10
3787 1314 10
3788 4954 3
3788 1302 3
3789 3679 9
3789 4450 4
3789 3379 7
3790 4595 5
3790 3615 5
3790 4946 3
3790 3389 6
3790 1887 7
3791 4534 9
3791 4318 7
3791 3915 9
3792 3803 1
3792 2387 2
3793 2852 4
3794 2911 9
3794 2330 3
3795 4633 10
3795 764 1
3795 4270 5
3795 1626 2
3796 2306 10
3797 3860 5
3797 1672 10
3797 4557 10
3797 3436 5
3798 3844 1
3798 947 1
3798 1043 8
3798 4224 10
3799 4057 1
3799 1561 8
3799 3889 1
3799 1176 7
3799 1462 2
3800 4369 1
3800 2620 10
3800 3549 5
3800 4855 5
3801 2439 6
3801 3312 9
3802 4450 3
3802 621 3
3802 3257 3
3802 702 7
3803 2099 3
3803 4823 4
3803 462 6
3804 1456 4
3804 4650 5
3804 4171 10
3805 1172 6
3805 589 10
3805 3171 6
3806 3519 6
3806 2035 4
3806 2570 9
3806 1773 3
3807 1951 8
3807 1938 4
3807 3658 1
3808 3483 6
3808 3449 1
3808 4255 5
3809 4781 5
3809 3317 6
3809 3586 1
3809 1540 1
3810 3161 10
3810 4061 1
3810 1277 2
3810 3468 10
3811 4940 2
3811 3561 2
3811 1402 8
3812 453 2
3812 2828 6
3812 263 2
3813 3703 8
3813 1632 6
3813 2345 8
3813 3447 5
3813 2116 9
3814 2604 2
3815 508 4
3815 3860 1
3815 3821 1
3815 218 8
3816 877 7
3816 1340 9
3816 1876 4
3816 4700 1
3817 1115 10
3817 1465 7
3818 4071 3
3818 1832 1
3818 3556 4
3818 1709 4
3819 3012 4
3819 160 5
3820 4143 2
3820 1164 9
3820 272 8
3820 2664 4
3820 3895 2
3821 3940 3
3821 3430 8
3821 1932 9
3822 4000 5
3822 2180 6
3822 4144 2
3823 4662 7
3823 3508 5
3823 782 5
3823 4186 6
3824 2915 7
3824 4376 7
3824 1536 8
3825 2907 6
3825 1417 2
3825 2040 1
3825 1229 4
3825 3217 3
3826 3885 8
3826 3640 7
3827 2937 8
3827 4648 5
3827 4925 8
3827 3889 6
3827 3436 10
3828 1585 5
3828 2655 6
3828 2701 3
3828 4556 1
3828 4908 8
3829 1044 8
3829 4632 6
3829 3525 7
3829 2562 8
3830 1544 8
3831 771 6
3832 469 5
3833 2863 4
3833 2415 5
3833 4917 10
3833 522 5
3833 2553 3
3834 2869 2
3835 732 7
3836 2259 7
3836 355 2
3836 2372 10
3836 90 2
3837 2652 9
3837 4588 4
3837 4117 8
3838 3840 10
3838 3924 8
3838 2943 1
3839 1453 10
3840 625 2
3840 389 1
3840 717 2
3840 1414 9
3841 186 10
3842 3352 10
3842 4293 2
3843 1927 3
3843 2744 4
3843 3091 9
3844 4198 4
3845 2783 10
3845 1770 1
3846 209 7
3846 3944 8
3846 2980 8
3846 4225 9
3847 352 10
3847 2824 10
3848 3322 5
3848 80 2
3848 3873 7
3848 1462 6
3848 1290 5
3849 3481 9
3849 4038 2
3849 667 4
3850 2682 8
3851 1709 4
3851 4653 8
3851 2938 4
3851 3661 4
3851 821 7
3852 1765 7
3852 482 6
3852 4260 5
3853 3648 8
3853 2248 10
3853 1607 7
3853 2489 7
3854 2300 6
3855 4867 1
3855 4340 4
3855 233 10
3855 2160 1
3855 394 4
3856 738 10
3856 1487 6
3856 2484 3
3856 2096 10
3857 3355 4
3857 1267 10
3857 1880 5
3857 4729 3
3858 3851 2
3858 2656 10
3858 1816 10
3859 1323 10
3859 2821 10
3859 4441 6
3859 4474 3
3860 1189 6
3860 2721 1
3860 4648 5
3861 3762 6
3861 3105 8
3861 246 5
3861 1133 5
3862 2209 8
3862 1238 6
3863 1536 2
3864 2550 1
3865 1021 3
3865 3036 2
3865 1282 2
3865 1306 8
3866 2962 4
3866 3650 8
3866 3062 3
3867 280 2
3867 1468 4
3867 1862 7
3867 3074 6
3867 141 6
3868 1537 3
3868 3651 1
3868 3776 6
3868 4069 1
3869 3856 2
3869 2919 8
3869 346 1
3870 376 1
3870 3890 2
3870 2484 1
3870 2189 5
3870 1871 1
3871 3091 7
3872 4981 2
3873 471 2
3873 1701 8
3873 3992 9
3873 3300 5
3874 1516 10
3874 4483 9
3875 4154 5
3875 1653 1
3876 2756 5
3876 1033 8
3876 4448 8
3877 3651 2
3877 3027 9
3877 1333 8
3877 1551 7
3878 3109 8
3878 2718 3
3879 4006 9
3879 2756 1
3879 2220 7
3879 4387 4
3879 1037 10
3880 4194 5
3880 3383 9
3880 821 10
3880 339 9
3881 3737 3
3881 1618 1
3882 2875 6
3882 139 7
3883 4588 6
3883 2404 4
3883 4685 7
3883 806 9
3884 3159 10
3884 2670 3
3884 4611 6
3884 4246 3
3884 2632 6
3885 4694 5
3885 3705 5
3885 3197 6
3885 3784 8
3885 1903 4
3886 2824 10
3886 2276 6
3886 3646 3
3887 1490 8
3887 3484 2
3887 4357 9
3887 237 6
3887 703 1
3888 81 6
3888 4231 3
3889 4330 5
3889 1477 5
3889 1656 4
3889 2793 7
3889 1903 1
3890 2564 8
3890 409 8
3890 3386 6
3890 2095 8
3891 2268 3
3891 2381 5
3891 2716 8
3892 3236 9
3892 1424 2
3892 3281 2
3893 2145 2
3893 3006 3
3894 3902 4
3895 435 8
3895 3036 8
3895 437 5
3895 2403 2
3895 3384 6
3896 2052 10
3896 1478 4
3896 2172 9
3897 3351 4
3897 4280 10
3897 789 10
3897 2014 4
3898 1118 6
3898 2672 8
3898 1604 8
3898 2936 6
3899 883 5
3899 4756 8
3900 1833 8
3900 2462 1
3900 4855 3
3901 2006 9
3901 839 3
3901 4379 6
3902 1069 5
3902 2208 9
3902 2245 8
3902 757 10
3902 4074 2
3903 3168 8
3904 3158 8
3905 2585 2
3906 1629 8
3906 1301 7
3906 4846 7
3906 4413 9
3907 77 5
3908 1867 10
3908 1524 9
3908 2741 10
3908 4995 1
3908 2182 4
3909 862 7
3909 3613 4
3909 2286 2
3910 1060 10
3910 4232 7
3910 999 4
3910 1645 9
3910 4395 6
3911 2283 5
3911 4973 8
3911 4595 2
3912 3883 2
3912 1312 7
3913 2396 4
3913 2009 7
3914 2520 6
3914 4002 5
3914 321 5
3915 630 4
3915 320 3
3916 3484 5
3916 4953 5
3916 472 10
3916 2793 10
3916 3889 1
3917 738 8
3917 4257 9
3917 1749 8
3917 879 3
3917 1190 9
3918 2008 7
3918 645 2
3919 4330 10
3919 703 5
3919 4643 5
3920 2310 8
3920 4119 10
3921 3568 5
3921 3499 6
3921 3401 9
3921 2167 5
3921 4598 5
3922 3109 10
3922 3409 7
3922 4173 3
3923 534 2
3923 3443 9
3923 2144 3
3924 1548 6
3924 3628 2
3924 2095 10
3924 4730 7
3925 3928 2
3925 1211 8
3925 916 7
3926 3956 2
3926 1474 8
3926 3229 2
3926 2311 6
3926 2377 3
3927 538 7
3927 2460 8
3927 117 1
3927 4308 4
3927 1253 5
3928 845 3
3929 4351 9
3929 846 2
3929 2210 6
3929 173 10
3930 1389 8
3930 4365 1
3930 4171 8
3930 2578 2
3931 156 9
3931 4481 2
3931 2686 9
3931 3892 4
3932 2986 5
3932 3833 2
3933 2086 8
3934 2726 7
3934 1531 8
3934 3037 2
3934 3710 9
3934 800 7
3935 4513 2
3936 4830 2
3936 1390 6
3937 1855 2
3937 1933 8
3937 237 9
3938 682 9
3939 2088 5
3939 3530 2
3939 3199 9
3940 4512 5
3941 3693 2
3941 3243 9
3942 4130 2
3942 3373 3
3942 3201 4
3942 4803 2
3943 1980 10
3943 4035 5
3943 676 6
3943 570 1
3943 2881 2
3944 4503 4
3945 1556 2
3945 2696 1
3945 794 7
3945 2330 3
3945 2072 4
3946 909 5
3946 4838 6
3946 2345 4
3946 3428 3
3947 4336 4
3947 1712 5
3948 3399 1
3948 3119 9
3948 4447 4
3948 3546 3
3948 3820 1
3949 3510 8
3949 1636 2
3949 3928 2
3949 664 4
3949 4752 2
3950 428 4
3950 3408 3
3950 4769 9
3951 4696 6
3951 3552 7
3951 4787 8
3952 3542 10
3952 4696 9
3953 3994 4
3953 430 8
3953 2855 9
3954 2045 9
3954 2380 2
3954 2651 1
3954 3129 3
3955 4566 4
3956 2259 10
3956 4832 1
3956 2410 10
3956 2528 10
3957 4216 1
3957 4356 1
3957 3053 9
3957 2365 1
3958 4989 10
3958 3035 3
3958 2884 6
3959 4597 4
3959 2032 2
3959 3639 1
3960 4484 3
3960 5 6
3960 2398 6
3960 2881 6
3961 3491 4
3962 4682 10
3963 453 10
3963 3193 10
3963 4670 1
3963 1161 5
3964 2217 10
3964 2852 2
3964 630 8
3964 2714 9
3965 1591 8
3965 4131 8
3965 2669 4
3966 111 1
3966 293 8
3966 3772 5
3967 473 2
3967 4377 6
3968 4590 5
3968 1449 8
3968 2914 6
3968 3689 4
3969 1813 7
3969 3688 3
3969 3924 8
3970 1599 8
3971 3691 1
3971 1052 5
3971 2188 1
3971 1362 1
3971 3129 5
3972 3037 2
3972 36 4
3973 3411 10
3973 4699 5
3973 4966 9
3973 3330 8
3974 1386 3
3975 4780 6
3975 3727 10
3975 4670 7
3976 4217 9
3976 2664 1
3976 1513 6
3977 4791 9
3977 2726 9
3977 4157 6
3978 86 3
3978 970 6
3978 2316 3
3978 776 1
3979 1009 3
3980 2947 8
3980 1422 10
3980 1554 10
3980 960 9
3981 2415 1
3981 522 10
3981 2771 10
3981 2419 3
3982 1928 5
3982 4815 4
3982 3795 9
3982 4538 7
3983 1506 3
3983 3776 5
3983 4198 1
3983 1758 4
3983 2163 6
3984 3772 8
3984 2377 8
3984 3269 7
3984 838 7
3984 2271 10
3985 1973 2
3985 2686 8
3985 4293 5
3986 4472 10
3986 3994 1
3986 2849 4
3986 325 9
3987 702 3
3987 2465 7
3988 3067 4
3988 4228 2
3988 3482 6
3988 394 2
3988 3532 9
3989 1796 7
3989 1769 9
3990 2360 9
3990 1863 6
3991 3328 6
3991 860 10
3992 1571 8
3992 2148 9
3992 4839 3
3992 2553 5
3993 367 9
3993 125 8
3994 4760 3
3994 838 7
3994 4483 5
3995 702 4
3995 3982 4
3996 3812 6
3996 2632 4
3996 3553 1
3996 3910 7
3996 4483 10
3997 1653 6
3997 2606 8
3997 4142 9
3998 1930 8
3998 2926 5
3998 3585 1
3999 2071 2
4000 1466 6
4000 610 1
4000 3236 9
4001 1407 2
4001 1950 1
4001 4811 7
4001 2338 7
4001 4216 5
4002 3851 2
4002 4007 4
4002 2503 7
4002 821 9
4002 4901 10
4003 1707 1
4004 3351 8
4004 2905 6
4004 1088 10
4005 1820 9
4005 3252 3
4005 2129 8
4006 1027 5
4006 993 8
4006 165 10
4006 1083 8
4006 2263 2
4007 2248 8
4008 4861 1
4008 249 8
4008 254 10
4009 21 7
4009 597 3
4009 2382 4
4010 1512 7
4011 4882 2
4011 3532 3
4011 668 6
4011 2180 3
4012 2915 10
4012 50 7
4013 3767 5
4014 3211 8
4014 291 10
4014 4397 5
4014 1606 2
4015 2429 9
4016 3190 5
4016 4986 4
4016 2053 9
4016 3279 1
4017 4746 3
4018 1387 2
4019 4368 1
4019 978 1
4019 4940 1
4020 971 5
4021 2788 3
4021 4613 4
4021 1345 5
4022 4123 1
4022 2858 7
4022 3956 3
4022 4982 5
4023 1620 6
4023 1954 7
4023 4662 6
4023 2667 8
4024 1112 8
4024 4699 3
4024 2254 7
4024 4314 8
4024 4756 7
4025 2157 7
4025 2983 4
4025 3586 5
4026 1285 9
4026 1340 2
4026 3905 9
4026 3504 7
4026 777 8
4027 1013 3
4027 4533 3
4027 3087 6
4028 4476 3
4028 2588 7
4028 4934 1
4028 2904 1
4029 2722 3
4029 2525 5
4029 1645 9
4029 198 6
4029 4754 2
4030 4779 9
4030 1365 7
4030 1660 9
4030 1694 10
4030 2398 9
4031 3686 8
4031 2049 3
4031 4815 5
4031 289 7
4032 3054 10
4032 1715 2
4032 733 7
4033 4356 9
4033 1873 8
4033 4588 9
4033 2388 3
4034 1783 7
4034 1749 2
4034 1338 9
4034 3542 6
4035 3016 8
4035 4467 6
4035 1442 6
4036 982 6
4036 4144 5
4036 3909 7
4036 949 1
4036 3709 2
4037 3737 7
4037 4956 6
4037 647 3
4037 2644 7
4038 2550 10
4038 2958 8
4038 4966 4
4038 3853 7
4039 4833 1
4039 3928 7
4039 4970 6
4040 342 10
4040 3040 4
4040 3857 5
4040 3935 6
4040 4055 7
4041 92 1
4041 480 6
4041 3772 7
4042 994 1
4043 4229 9
4043 3277 7
4043 824 1
4044 3599 6
4044 743 1
4044 3688 7
4044 3297 5
4045 424 8
4045 4911 1
4045 2521 4
4046 1662 1
4046 4779 3
4047 4512 3
4047 1851 3
4048 3748 4
4048 1514 6
4048 4134 7
4048 1973 10
4048 1230 8
4049 2048 10
4049 2085 6
4049 4824 4
4049 4270 10
4050 305 6
4051 2291 2
4051 428 4
4051 2805 5
4051 4446 1
4051 3244 1
4052 4793 2
4052 4234 7
4052 2291 1
4052 4252 9
4052 3480 8
4053 3810 5
4053 3257 3
4053 2993 1
4054 731 1
4054 1217 3
4054 610 4
4055 726 1
4055 4977 7
4056 4389 6
4056 2741 1
4057 2631 1
4057 1647 5
4058 777 2
4058 2033 1
4059 2975 3
4059 2343 4
4060 1315 4
4060 866 3
4060 1144 6
4061 3524 5
4061 3679 3
4061 4091 4
4062 348 6
4063 4860 4
4063 4859 6
4064 139 4
4065 617 7
4066 3220 6
4066 3349 5
4066 996 6
4066 3011 8
4066 550 8
4067 4169 10
4067 2730 10
4067 505 9
4067 1806 8
4068 441 6
4068 4179 2
4068 1228 5
4069 4375 4
4069 1062 9
4069 3449 3
4069 4389 6
4070 2325 6
4071 4349 10
4071 167 4
4071 1552 5
4072 3772 8
4073 1074 2
4073 806 1
4074 1608 10
4074 4409 8
4074 1636 1
4074 1309 5
4074 4843 5
4075 3547 1
4076 875 6
4077 4031 2
4077 4453 5
4077 1547 4
4078 1492 2
4078 4898 5
4078 3427 5
4078 438 9
4078 4713 9
4079 727 1
4079 3460 10
4080 2360 9
4080 882 5
4080 1393 3
4080 1703 1
4080 476 4
4081 4602 2
4081 2721 6
4081 4330 4
4081 1198 2
4081 2710 8
4082 2995 4
4083 112 1
4083 2704 8
4083 4944 8
4084 3776 4
4084 1638 3
4085 1384 10
4085 2783 8
4085 4527 10
4085 4240 4
4085 1304 10
4086 4309 8
4086 3154 5
4086 3795 6
4086 4121 5
4086 2769 6
4087 1411 9
4087 3254 3
4087 1142 10
4087 4576 6
4087 2192 7
4088 1512 5
4088 394 9
4088 4847 9
4088 1386 4
4088 177 4
4089 2858 8
4089 2310 6
4090 415 9
4091 4262 3
4091 1493 5
4091 2770 6
4092 4784 8
4092 1777 4
4093 4927 6
4093 4969 6
4093 1552 7
4093 2029 2
4094 1106 7
4095 2660 7
4095 3129 4
4095 3772 9
4095 47 8
4095 3383 3
4096 1284 9
4096 2592 4
4096 2011 1
4097 400 8
4098 1845 6
4098 3624 9
4098 1304 2
4098 4106 5
4098 4792 4
4099 1352 8
4099 4637 4
4099 4557 2
4099 2793 1
4100 4625 2
4100 807 1
4101 3161 5
4101 2899 6
4101 3181 3
4101 2095 9
4101 1471 1
4102 2148 4
4102 3935 4
4102 3889 4
4102 1115 5
4102 3239 10
4103 1001 7
4103 4858 4
4103 972 5
4103 403 5
4103 702 1
4104 863 7
4104 777 10
4104 1765 2
4104 4551 1
4104 1903 6
4105 4121 5
4105 2788 7
4105 1901 1
4106 263 8
4107 2225 10
4107 4794 2
4107 4582 3
4107 2622 10
4108 4555 9
4108 2728 6
4108 2776 9
4109 377 3
4109 1731 3
4110 3382 1
4110 1791 9
4110 3043 7
4110 3236 3
4111 3384 2
4111 1779 3
4111 866 8
4111 656 9
4112 2205 1
4113 1422 3
4114 2457 5
4115 3642 3
4116 1865 6
4116 2746 8
4116 2053 5
4117 2866 1
4118 3863 6
4118 2456 3
4119 414 8
4120 2267 9
4120 1979 2
4120 2162 5
4120 1111 8
4120 414 8
4121 4450 10
4122 4359 4
4122 1842 10
4122 4751 6
4123 4830 5
4123 806 4
4123 846 10
4124 4830 3
4124 2971 3
4124 3082 9
4124 1966 9
4125 3490 2
4125 1844 9
4126 4869 2
4126 3159 1
4127 937 6
4127 2894 4
4127 4282 5
4127 4280 5
4127 1907 6
4128 1568 7
4128 3878 3
4128 1773 9
4128 3614 1
4128 2389 1
4129 4040 5
4129 1468 1
4129 1552 7
4130 4330 4
4130 4640 3
4130 4592 10
4130 4992 1
4130 4416 3
4131 1141 6
4131 2466 6
4132 3406 3
4132 4027 6
4133 1339 9
4133 1907 3
4133 1291 7
4133 3557 4
4133 816 9
4134 3333 6
4134 1413 4
4134 2450 10
4135 1800 4
4135 3817 3
4136 1079 8
4137 4922 5
4138 2520 9
4138 456 4
4139 193 6
4139 2005 7
4140 1877 3
4140 4338 3
4141 3994 1
4141 3812 5
4141 2544 9
4141 3632 6
4141 954 4
4142 538 2
4142 58 6
4143 1091 6
4143 3928 5
4143 3146 3
4143 3080 8
4143 4369 7
4144 1741 9
4144 1941 3
4145 4047 3
4145 1384 6
4145 1592 2
4145 4468 6
4146 4006 9
4146 708 5
4146 2838 5
4147 4001 10
4147 1762 10
4147 766 7
4147 958 7
4148 3271 8
4148 4378 8
4148 4688 6
4148 3382 4
4148 2065 4
4149 4749 5
4149 1955 2
4149 833 9
4149 2839 5
4149 4632 3
4150 3809 3
4150 572 7
4150 3273 5
4150 504 7
4151 3040 1
4151 2254 9
4152 1106 4
4152 4702 1
4152 161 3
4152 4632 4
4152 2782 8
4153 1580 7
4153 4958 9
4154 2923 4
4154 895 3
4155 2051 9
4156 183 3
4156 770 4
4156 3302 8
4157 1529 5
4157 642 5
4157 4685 9
4157 2864 6
4158 3099 9
4159 2555 3
4159 1006 5
4160 2006 6
4161 67 1
4161 2655 2
4161 4603 7
4161 1927 3
4161 538 10
4162 4623 1
4162 2275 9
4162 3138 5
4163 2066 8
4163 3659 6
4163 3268 7
4163 4530 4
4163 3541 5
4164 1970 4
4164 2620 10
4164 2743 2
4164 4606 3
4164 2572 7
4165 2461 9
4166 3611 2
4166 3142 7
4166 3263 2
4166 3396 10
4167 3302 4
4168 2013 10
4168 312 3
4168 4498 8
4169 441 1
4169 4844 3
4170 2213 6
4170 2752 8
4170 1275 4
4170 899 8
4171 2531 6
4171 4593 4
4171 1583 1
4171 731 6
4172 4640 9
4172 3887 10
4172 4826 3
4172 4803 8
4172 2550 3
4173 295 8
4173 621 1
4173 2586 7
4173 692 5
4174 1554 3
4175 4594 6
4175 4812 3
4175 1700 1
4175 3530 3
4176 4520 1
4176 256 6
4176 3096 3
4177 3312 8
4178 3255 8
4178 964 2
4178 981 4
4179 1254 2
4179 691 3
4179 4231 7
4179 658 9
4180 333 3
4180 2858 2
4181 3468 7
4181 1979 10
4182 2981 7
4183 4978 2
4183 540 5
4183 167 9
4183 1267 4
4183 4396 10
4184 4818 2
4184 981 7
4184 2093 8
4184 1105 3
4185 2870 4
4185 837 2
4185 2571 8
4185 2788 5
4186 1053 7
4186 301 2
4186 2732 4
4186 303 10
4186 4352 6
4187 4806 4
4187 110 2
4187 4368 2
4187 3041 2
4188 1847 5
4189 2979 8
4189 3013 8
4189 2862 3
4189 723 10
4190 1524 5
4190 4493 2
4190 2605 3
4190 4991 1
4191 4638 2
4192 86 7
4192 4653 10
4192 4871 1
4192 3415 9
4192 3935 9
4193 2950 10
4194 2671 3
4195 4217 10
4195 2543 4
4195 1864 10
4196 3030 6
4197 4120 5
4197 574 9
4197 435 10
4197 460 3
4198 354 4
4198 941 8
4198 4875 4
4199 437 5
4199 4801 2
4200 2499 9
4201 1137 2
4202 3642 2
4203 4520 2
4203 1038 5
4203 3664 5
4203 2838 4
4204 1961 4
4204 735 10
4205 3854 9
4205 3278 5
4206 3436 3
4207 2849 5
4207 4699 8
4207 226 6
4207 1417 4
4208 45 9
4209 3491 8
4210 3250 6
4210 2571 1
4211 4829 5
4211 2741 4
4211 3527 8
4211 4394 5
4212 1242 1
4212 4588 9
4212 1855 3
4213 808 2
4214 2161 10
4214 2656 6
4215 2564 6
4215 2977 10
4215 4696 10
4215 598 6
4216 1869 9
4216 2306 8
4216 4598 5
4216 398 7
4216 1694 10
4217 118 3
4217 4426 6
4217 135 9
4217 2005 9
4218 4852 2
4219 3085 1
4219 4429 6
4219 4911 4
4219 1946 8
4219 1584 3
4220 4428 9
4220 689 7
4220 2615 7
4220 610 2
4220 1311 3
4221 2721 10
4221 4102 8
4221 4941 3
4221 4945 9
4222 737 9
4222 349 6
4222 1671 1
4223 3543 8
4224 1285 4
4224 2154 3
4224 4659 5
4224 2058 4
4224 3863 5
4225 3518 8
4226 839 1
4226 1009 6
4226 1561 4
4227 3111 4
4228 60 8
4228 2631 8
4228 1259 9
4229 2742 1
4229 597 1
4229 800 9
4229 1744 3
4230 2969 6
4230 4653 5
4230 1771 6
4230 4582 3
4230 2974 3
4231 3616 3
4231 4017 10
4231 3374 7
4231 3512 7
4232 209 2
4232 2254 1
4233 3691 3
4233 4057 6
4233 4350 2
4233 3145 5
4233 4527 8
4234 770 1
4234 2650 5
4235 1243 1
4235 1635 3
4235 1030 4
4235 333 5
4236 3854 9
4236 1387 6
4236 2399 6
4236 997 4
4237 237 8
4237 4795 2
4237 1268 1
4237 1976 5
4238 4618 3
4238 4050 3
4238 2399 6
4239 2849 2
4239 4184 9
4239 843 5
4240 4847 3
4240 1796 3
4240 3390 3
4240 2254 10
4240 653 2
4241 4216 8
4242 587 1
4243 3927 6
4243 3882 9
4243 2903 8
4243 4597 5
4244 4439 1
4244 1103 2
4244 2982 6
4245 2576 5
4245 1224 5
4245 718 7
4245 4041 10
4246 428 4
4246 10 9
4246 3851 5
4246 4999 10
4247 4268 6
4248 3499 8
4248 2159 1
4249 949 2
4249 2165 2
4249 1560 7
4250 948 9
4250 3925 10
4251 2944 2
4251 2503 9
4251 677 9
4251 3571 8
4251 1938 2
4252 1515 5
4252 895 2
4252 1238 1
4252 2298 6
4253 2797 9
4253 1771 1
4253 3411 2
4254 1051 5
4255 1587 10
4255 341 8
4255 2785 9
4255 1779 6
4255 576 5
4256 1142 5
4257 4227 4
4258 1945 7
4258 410 2
4258 3372 2
4258 492 5
4258 2989 10
4259 346 10
4259 4273 1
4259 3361 4
4259 1091 7
4259 2329 2
4260 4751 8
4261 1554 8
4261 2915 3
4262 874 8
4262 4671 4
4262 981 7
4263 689 6
4263 2471 7
4263 758 7
4263 4144 1
4264 2821 3
4264 3393 10
4264 4668 1
4265 3171 7
4265 4364 1
4265 1702 4
4265 1868 4
4266 3710 6
4266 2312 5
4267 3100 9
4267 4594 9
4267 2907 9
4267 1971 6
4268 4686 2
4269 2293 10
4269 2866 2
4269 1062 7
4269 4128 3
4270 2281 2
4270 3072 5
4270 875 2
4271 4541 3
4271 3504 8
4271 3444 5
4271 4503 9
4272 4623 4
4272 1074 6
4272 3743 6
4272 1063 1
4273 3298 3
4273 1047 10
4273 4441 8
4273 648 6
4273 3182 10
4274 4525 2
4274 1313 6
4274 3718 6
4274 169 8
4274 4016 2
4275 1936 1
4275 2398 10
4276 1976 9
4276 4745 5
4276 1628 9
4276 1921 7
4277 1243 5
4277 2796 6
4277 2652 7
4277 1185 6
4278 1442 4
4278 4905 3
4279 4074 7
4279 1408 2
4280 3795 2
4280 3374 4
4281 4194 5
4281 3971 9
4282 3379 2
4282 3965 8
4282 1612 2
4282 3758 5
4283 4472 3
4283 2034 1
4283 1649 1
4284 1494 9
4284 3815 3
4285 3400 5
4286 4586 2
4286 2447 1
4286 1467 10
4287 3743 8
4287 4016 9
4287 4572 2
4287 1154 8
4287 84 3
4288 4961 3
4288 1238 1
4288 2203 7
4289 1422 2
4289 2233 6
4289 45 4
4290 2774 8
4291 3036 4
4291 2668 7
4292 1927 8
4292 1820 5
4292 3761 4
4293 118 4
4293 2162 6
4294 2450 6
4295 1186 2
4296 1286 3
4297 3239 5
4297 4095 2
4298 4778 6
4298 3999 1
4298 4061 3
4299 222 8
4299 2129 1
4299 3103 7
4299 2273 1
4299 526 2
4300 412 8
4301 2006 2
4301 1166 10
4301 1456 7
4301 2312 9
4301 4411 2
4302 2211 10
4302 4975 2
4302 2721 6
4302 304 8
4303 915 8
4303 3014 2
4303 2300 8
4303 3483 6
4304 2462 2
4304 1636 3
4304 121 5
4305 159 2
4305 1082 2
4305 4067 9
4305 4602 9
4305 2169 6
4306 3419 10
4306 4730 8
4306 3266 1
4307 4179 9
4308 3074 8
4308 4713 9
4308 2204 6
4308 2989 5
4308 328 6
4309 845 8
4309 3515 6
4310 2565 10
4310 307 2
4310 3550 1
4310 818 4
4310 4255 8
4311 3681 6
4311 4016 7
4311 857 9
4312 4216 2
4312 4046 9
4313 766 8
4313 4563 6
4313 4689 4
4314 2006 2
4314 3054 3
4315 882 5
4315 914 7
4316 322 7
4316 4017 4
4316 1626 3
4316 4441 3
4316 2728 7
4317 139 8
4317 4411 1
4318 3862 7
4318 3777 5
4318 4967 7
4319 1872 4
4319 3744 1
4320 3410 2
4320 3925 5
4321 486 3
4321 83 6
4321 4787 1
4321 220 3
4321 1678 6
4322 3819 9
4322 955 8
4322 3912 5
4323 1326 3
4323 3009 10
4323 3777 9
4324 2450 2
4324 3621 8
4325 2890 6
4325 280 5
4325 543 5
4326 2281 1
4327 2245 10
4327 1361 9
4327 3081 2
4327 775 3
4328 4853 3
4328 2542 7
4328 1482 1
4329 4459 4
4329 4847 5
4330 69 4
4330 3215 9
4330 133 6
4330 2207 6
4331 1402 3
4332 845 1
4333 4237 5
4334 3484 2
4334 491 9
4334 2771 5
4335 2679 2
4335 653 5
4335 5 5
4335 1569 9
4336 1522 3
4336 3385 10
4336 863 1
4336 2815 7
4337 3635 5
4337 1259 5
4337 2188 8
4338 550 10
4339 3517 7
4339 2866 9
4339 3074 2
4339 4847 5
4339 1123 6
4340 257 1
4341 1548 8
4341 4571 9
4341 2805 8
4342 2919 3
4342 2585 7
4343 1079 3
4344 4234 2
4344 2947 7
4344 83 2
4344 664 10
4344 4012 5
4345 3233 2
4345 970 8
4345 878 4
4346 4598 9
4347 2682 2
4347 2192 8
4347 4585 3
4347 654 4
4348 375 10
4349 4480 7
4349 3115 7
4350 3157 10
4350 2280 3
4350 3385 1
4350 4732 6
4350 3406 8
4351 349 2
4351 753 6
4351 2649 3
4352 998 7
4352 4884 9
4352 1531 5
4353 847 1
4354 3613 1
4355 1159 10
4356 1154 10
4357 180 4
4357 1529 10
4357 1092 7
4358 3387 3
4358 834 3
4358 192 10
4358 3433 2
4359 1678 10
4360 2005 7
4360 3048 2
4361 1284 8
4361 1735 10
4361 268 1
4361 950 6
4361 3786 10
4362 907 3
4362 2234 6
4362 4450 7
4363 218 2
4363 2714 1
4364 4257 6
4364 428 6
4364 225 9
4364 3001 8
4365 198 3
4365 347 8
4365 3460 9
4366 2365 2
4366 3215 8
4367 1702 3
4367 3802 10
4367 3581 10
4368 2341 10
4368 1584 6
4369 2801 7
4369 1830 2
4369 2186 1
4369 3182 4
4370 3510 5
4371 3552 9
4371 3092 8
4372 467 1
4373 1314 9
4373 3438 1
4373 3125 10
4374 830 4
4374 3352 8
4375 3913 9
4375 341 1
4376 3807 3
4376 3378 3
4376 3337 2
4376 3786 8
4376 2934 3
4377 2457 1
4378 1313 6
4378 2672 5
4379 2377 9
4379 888 8
4380 586 10
4380 1106 8
4381 596 4
4381 2341 5
4381 3952 9
4381 2354 1
4382 3828 6
4382 4578 1
4382 2129 1
4383 1376 1
4383 2264 10
4384 2049 8
4384 1773 8
4384 1334 7
4384 3458 10
4384 4356 10
4385 400 10
4385 2928 2
4386 1312 7
4386 922 4
4386 3075 8
4386 141 3
4387 1244 6
4387 608 3
4388 2432 10
4389 1431 9
4389 2879 8
4389 2746 10
4389 934 7
4389 3582 9
4390 482 7
4390 546 7
4390 3771 3
4390 1185 4
4391 567 5
4392 1393 9
4393 4187 9
4393 4957 2
4393 2599 10
4393 115 3
4394 873 8
4394 1386 9
4394 781 1
4394 2756 1
4395 2361 8
4395 3684 8
4395 4898 6
4395 2895 7
4395 1358 5
4396 2645 7
4396 3432 4
4396 2006 7
4397 112 10
4398 2468 3
4398 3173 9
4398 4144 9
4398 69 7
4399 593 2
4399 3191 7
4399 1119 6
4399 2852 5
4400 3830 2
4400 1903 7
4400 315 1
4400 2665 3
4401 2655 4
4401 612 10
4401 3930 10
4401 1751 6
4402 3370 1
4402 3050 4
4402 2701 6
4403 2347 6
4403 3772 6
4403 4629 3
4404 2879 2
4404 3807 4
4405 1897 1
4405 3647 3
4405 3928 4
4405 2005 6
4405 1091 5
4406 3863 9
4406 2183 4
4406 3925 3
4406 2869 2
4407 3440 4
4407 3639 8
4408 3002 3
4408 4176 7
4409 2484 7
4409 3924 3
4409 2947 3
4409 2925 2
4409 3524 2
4410 3230 2
4410 3504 4
4411 3815 10
4411 4172 5
4411 2940 7
4411 2328 4
4411 167 2
4412 3159 9
4412 3048 2
4412 1061 4
4412 895 5
4413 1448 8
4413 808 9
4414 2287 7
4414 1063 10
4414 2740 8
4415 3681 8
4416 3621 5
4416 1952 7
4416 3945 7
4417 1724 3
4417 2440 3
4417 4320 3
4418 1759 5
4419 4744 7
4419 242 1
4419 2376 10
4420 4582 3
4420 4675 9
4421 351 1
4422 4751 4
4422 2157 8
4422 2082 7
4422 2823 6
4422 2796 9
4423 1649 7
4423 3939 7
4423 2547 6
4424 1793 5
4424 4214 7
4424 2576 3
4424 3767 3
4425 845 5
4426 35 5
4426 2355 1
4426 2774 8
4427 3113 1
4427 3015 4
4427 3259 9
4427 17 8
4427 3815 2
4428 1635 1
4428 3610 8
4428 60 3
4428 4902 6
4429 4131 4
4429 1323 3
4430 4898 6
4430 1236 7
4430 3531 8
4430 4862 8
4431 2276 1
4432 4046 8
4432 3662 10
4433 147 1
4433 670 3
4433 3279 6
4433 4963 4
4434 4628 9
4434 2843 7
4435 2266 9
4436 4368 9
4436 4520 7
4437 3621 2
4437 4568 10
4437 3580 10
4438 4125 6
4438 3081 9
4438 3828 8
4438 1309 10
4439 3579 7
4440 2756 8
4440 2962 5
4441 4981 5
4441 4402 10
4441 1374 9
4441 3490 4
4442 2054 8
4442 1701 4
4443 1004 6
4443 562 10
4443 685 2
4443 2648 6
4443 3432 5
4444 3681 5
4444 2625 1
4444 3507 5
4445 2047 8
4445 4915 1
4445 2397 3
4445 1506 7
4445 2138 6
4446 4911 7
4446 3428 9
4446 117 10
4446 4472 6
4446 2714 5
4447 1376 3
4448 4981 2
4448 450 6
4448 2239 4
4448 1282 5
4448 2501 9
4449 1779 8
4449 3036 1
4449 2234 8
4449 4581 4
4449 2031 8
4450 3191 2
4450 2212 1
4450 4662 9
4450 2203 10
4450 3085 6
4451 4318 7
4451 2643 7
4451 3889 9
4451 1715 4
4451 2907 7
4452 2047 8
4453 4956 10
4454 2651 4
4454 192 2
4455 1386 2
4455 1599 9
4455 2219 7
4456 3249 5
4456 1969 7
4456 424 4
4457 1058 8
4457 1358 6
4457 2075 8
4457 3060 7
4457 3198 5
4458 4122 7
4459 4568 5
4459 2210 1
4459 2665 10
4459 2652 6
4460 1035 9
4460 1981 3
4461 4634 8
4462 193 6
4462 56 5
4462 4908 2
4462 3389 7
4463 2831 4
4464 4629 2
4465 2814 6
4465 544 3
4465 39 8
4465 3074 7
4466 1514 6
4466 3407 8
4466 2550 10
4466 1052 8
4467 1943 8
4467 2096 7
4467 1894 10
4467 4257 5
4468 3774 5
4468 1468 10
4468 90 9
4469 4812 9
4469 4464 6
4469 3530 4
4469 4223 7
4469 849 2
4470 4313 1
4470 2579 2
4470 2844 2
4470 4689 4
4471 3908 6
4471 1181 7
4471 1555 6
4472 1461 1
4473 3924 7
4473 3736 9
4474 1594 6
4475 2006 1
4475 1572 10
4475 1348 7
4476 4885 8
4476 3640 5
4476 519 4
4476 3368 4
4477 4428 3
4477 2916 1
4477 4689 3
4478 4875 5
4478 1165 8
4478 1228 7
4479 165 1
4479 207 10
4480 4535 1
4480 323 6
4480 4414 8
4480 237 1
4481 1846 10
4481 2528 7
4481 3906 6
4482 224 9
4482 777 8
4483 4319 9
4483 1163 10
4483 4922 7
4484 1587 4
4485 2131 7
4485 956 8
4485 1215 1
4486 4380 1
4486 1618 1
4486 384 10
4486 96 10
4486 1970 8
4487 3411 4
4487 3151 7
4487 1449 9
4488 3518 6
4488 138 8
4488 4209 6
4489 2143 10
4489 1761 3
4489 1600 10
4489 4228 3
4490 3242 7
4491 555 2
4491 4450 5
4491 3512 1
4491 3232 6
4492 4738 6
4493 2497 9
4493 2023 7
4493 3035 10
4493 2069 1
4493 1840 10
4494 4830 7
4494 4595 2
4494 1530 1
4495 3796 2
4495 2723 5
4496 1930 5
4496 3517 7
4496 4711 7
4497 960 4
4498 1615 6
4499 2284 6
4499 1741 2
4500 346 3
4500 3181 8
4501 4569 8
4501 1975 8
4501 1869 5
4501 4717 10
4501 3245 4
4502 4367 9
4503 2711 4
4503 3686 10
4504 4814 10
4504 4675 6
4504 1341 10
4505 159 6
4505 1468 6
4505 4967 1
4505 1572 2
4505 762 5
4506 3192 4
4506 2673 5
4507 3968 7
4507 2153 8
4508 2085 5
4508 3038 5
4508 369 2
4509 230 10
4509 4400 2
4509 3125 3
4510 4716 4
4510 1583 9
4511 865 2
4511 2476 9
4511 1076 1
4511 2484 6
4511 1430 6
4512 1990 10
4512 505 3
4512 3312 9
4512 1181 3
4512 1926 1
4513 4803 1
4513 4636 8
4514 3254 7
4514 2035 3
4514 3146 1
4514 658 7
4515 3115 3
4515 2248 2
4516 4761 9
4517 2651 4
4517 736 4
4517 2469 1
4517 3433 10
4518 1060 6
4518 2283 7
4518 2153 5
4518 401 5
4518 4891 8
4519 1116 4
4519 3698 4
4519 4537 7
4519 1413 9
4519 4898 8
4520 2946 3
4521 2344 1
4521 782 6
4521 129 5
4521 1620 8
4521 313 7
4522 734 8
4522 1703 8
4522 2821 9
4522 4709 3
4522 2212 1
4523 3969 2
4523 1972 1
4524 4881 6
4524 3766 5
4524 3705 10
4525 1830 5
4526 247 3
4527 2880 6
4527 4993 1
4527 2651 10
4527 2707 6
4528 938 3
4528 2024 10
4528 145 5
4529 744 8
4529 3119 6
4529 135 4
4530 1257 7
4530 4351 8
4530 3659 7
4530 4577 10
4530 551 10
4531 3372 2
4531 3484 1
4531 2514 2
4532 3546 9
4532 3622 10
4532 2493 9
4532 3485 10
4532 346 4
4533 775 9
4534 3196 9
4535 1264 7
4535 3060 9
4535 4362 3
4536 3629 10
4536 4570 3
4536 3145 2
4537 2817 9
4537 4551 2
4538 4061 4
4538 865 5
4538 2655 10
4538 4730 2
4538 1073 9
4539 3093 10
4540 4839 10
4540 3282 6
4540 3833 4
4541 1434 9
4541 1453 10
4541 1969 8
4541 3608 7
4542 3339 2
4542 3100 10
4542 2558 7
4543 3959 1
4543 2512 6
4543 361 9
4544 4659 10
4544 2167 1
4544 4439 6
4544 3060 10
4545 2961 2
4546 62 5
4547 4293 5
4547 3669 3
4547 2911 3
4547 4654 2
4547 1656 8
4548 3811 6
4548 1467 5
4548 3856 9
4548 5000 2
4549 2316 10
4549 2873 1
4549 2514 5
4549 4685 5
4550 2494 2
4550 3354 8
4550 1911 10
4550 3616 6
4550 1409 9
4551 441 8
4551 4035 4
4551 4205 4
4551 4855 7
4551 1986 5
4552 2049 5
4552 345 10
4552 4551 10
4552 3215 3
4552 4553 2
4553 1836 9
4554 2115 7
4554 2287 10
4555 1719 9
4555 381 10
4555 2774 8
4555 4632 2
4556 821 6
4556 4680 1
4557 349 3
4557 3129 4
4557 610 3
4557 2742 5
4558 2809 5
4558 728 2
4558 2797 3
4558 1967 2
4559 1792 2
4560 3290 3
4560 2494 8
4560 3419 10
4561 3595 9
4562 12 2
4562 4825 1
4563 349 2
4564 565 9
4564 2555 3
4564 2164 2
4564 3322 7
4564 3860 10
4565 3372 3
4565 3252 10
4565 543 4
4565 1554 6
4566 2503 9
4566 2934 9
4566 2888 2
4566 1073 5
4567 4480 8
4567 467 8
4567 2164 3
4568 90 3
4568 237 4
4568 4488 7
4569 4998 4
4570 2377 2
4570 2651 3
4570 2542 2
4571 1157 10
4571 1704 4
4571 4388 3
4572 4255 8
4573 3087 1
4574 746 9
4574 2948 8
4574 374 1
4574 4105 9
4574 3374 2
4575 4855 4
4575 1855 9
4575 1765 3
4576 2032 9
4577 145 5
4577 4255 10
4577 4815 3
4577 25 3
4577 2024 9
4578 4125 9
4578 4519 2
4578 3159 2
4578 722 1
4578 3880 6
4579 1064 10
4579 3889 7
4580 1074 2
4580 1544 7
4580 4574 1
4580 546 3
4580 3132 4
4581 274 9
4581 862 9
4581 1098 2
4581 1365 3
4581 4375 9
4582 4864 9
4582 2039 10
4583 4363 3
4583 1161 7
4583 4862 9
4584 3917 9
4584 4216 5
4584 1339 1
4585 1069 6
4585 129 6
4585 734 10
4585 50 8
4586 2147 2
4586 961 3
4587 2047 10
4588 3085 2
4588 3834 5
4588 3503 1
4588 692 2
4589 2280 4
4589 2107 4
4590 1177 8
4590 2143 1
4590 4400 2
4590 1932 10
4590 2220 6
4591 4231 5
4591 4143 6
4591 1587 6
4591 3245 10
4591 346 6
4592 102 7
4592 1666 8
4592 785 3
4593 1319 10
4593 202 1
4593 616 10
4593 2169 6
4594 1754 5
4594 1648 6
4595 4968 4
4595 200 4
4596 3169 4
4596 2522 7
4596 3379 7
4596 3066 6
4597 1831 5
4597 3300 9
4598 857 5
4599 389 8
4599 4268 6
4599 1404 2
4599 4005 2
4599 2347 4
4600 3240 2
4600 4560 1
4600 3516 9
4600 4714 6
4600 2463 8
4601 1141 10
4601 372 6
4601 3531 6
4602 986 6
4602 1001 8
4603 617 8
4603 2849 7
4604 2821 7
4604 3616 5
4604 4045 6
4604 240 9
4605 1677 4
4605 2681 8
4605 31 1
4606 338 7
4606 3256 9
4607 2093 1
4607 1520 2
4607 718 10
4607 1163 8
4608 3373 9
4608 3935 10
4609 3562 9
4609 950 6
4609 1799 3
4609 3391 5
4610 1271 1
4610 3442 5
4610 2186 3
4611 849 1
4611 4593 8
4612 2782 1
4612 3450 10
4612 3089 3
4612 3159 7
4612 4431 8
4613 2827 4
4614 3473 7
4614 4559 1
4614 961 7
4614 377 8
4614 691 6
4615 3085 6
4615 3273 4
4616 1707 2
4616 2424 9
4617 3664 9
4617 4757 10
4617 4569 9
4617 3399 3
4617 903 5
4618 2501 10
4618 405 2
4618 1929 8
4618 2380 3
4618 1634 4
4619 4363 4
4619 2888 3
4619 1549 5
4619 3162 2
4620 4442 4
4620 141 6
4620 4570 9
4620 1771 3
4620 2618 4
4621 2174 3
4621 3525 5
4621 3238 1
4622 4574 10
4622 2628 9
4622 746 4
4622 1833 10
4622 3206 6
4623 1174 10
4624 3359 4
4625 3514 2
4625 4730 10
4625 915 6
4625 625 5
4625 12 2
4626 4093 2
4626 88 9
4627 3705 9
4627 1913 3
4627 1767 10
4627 2333 5
4628 3080 10
4628 3804 10
4628 3016 6
4628 3693 9
4629 2508 5
4630 2903 3
4630 3490 3
4631 647 5
4631 224 2
4631 2569 9
4631 92 3
4631 4650 2
4632 1853 6
4632 4691 4
4632 4786 3
4632 4262 9
4632 3252 5
4633 4632 9
4633 4064 3
4633 4880 6
4633 412 5
4633 577 4
4634 1468 7
4634 379 2
4634 276 4
4634 3843 2
4634 770 2
4635 1836 7
4635 1113 1
4635 3076 7
4635 2397 1
4635 1331 9
4636 3020 10
4636 4236 8
4636 4618 8
4636 2587 8
4637 510 7
4638 3782 7
4638 4231 10
4638 4591 3
4638 3384 7
4638 2382 10
4639 2607 5
4639 3765 7
4640 433 7
4641 4848 9
4641 2179 6
4642 4991 6
4642 24 7
4642 4217 4
4642 1675 8
4643 2479 7
4643 2757 9
4643 3201 8
4644 4005 1
4644 1968 6
4644 1967 4
4645 1599 10
4645 4985 7
4645 1932 7
4646 2975 8
4647 4581 4
4647 3863 8
4648 2696 8
4648 2626 5
4648 1424 8
4649 4597 8
4650 1758 8
4650 3830 1
4650 1754 7
4650 2405 9
4650 1858 1
4651 2410 4
4651 3757 3
4651 108 4
4651 4200 9
4651 2980 8
4652 4517 2
4653 4180 5
4653 2781 8
4653 3579 9
4654 1688 4
4655 713 3
4656 2907 6
4656 2019 8
4656 2087 7
4657 4920 9
4658 646 7
4658 3864 6
4658 4009 2
4658 544 1
4658 3190 8
4659 3384 6
4660 110 3
4660 4376 8
4660 753 8
4660 4595 8
4660 1844 6
4661 834 6
4662 4729 1
4662 3481 4
4662 1216 1
4662 1344 2
4663 2459 2
4663 2023 5
4663 2357 2
4663 764 8
4664 4328 8
4664 2900 7
4664 2024 8
4664 919 3
4665 4016 2
4665 1377 4
4665 3232 2
4666 3230 9
4666 4408 7
4666 2475 8
4667 2956 2
4668 3562 8
4668 476 6
4668 2347 9
4668 1096 10
4668 2530 5
4669 2873 8
4670 3880 1
4670 3581 5
4670 2751 6
4670 3143 1
4670 4717 1
4671 385 10
4671 1952 3
4671 39 5
4671 245 6
4672 4981 10
4672 4939 8
4672 2582 1
4672 2432 9
4673 1093 2
4673 3499 5
4674 3786 6
4674 4392 2
4674 1914 2
4674 4576 6
4675 839 2
4675 3355 9
4676 1047 4
4676 2034 3
4676 3266 3
4676 596 2
4677 594 10
4677 3909 5
4677 2932 5
4677 947 7
4678 3443 5
4678 337 10
4678 374 3
4678 1765 5
4678 112 8
4679 3503 5
4679 4018 7
4679 4885 1
4679 2167 7
4679 601 5
4680 3850 7
4680 1428 4
4681 2757 7
4681 2748 2
4681 3465 6
4681 17 9
4681 897 10
4682 731 7
4682 2903 1
4682 663 2
4683 3815 9
4684 727 6
4685 3928 2
4686 1127 10
4687 3388 9
4688 2700 6
4688 3067 3
4688 296 10
4688 3596 3
4688 4004 7
4689 2320 3
4690 2436 1
4690 1040 5
4690 4275 1
4690 4664 3
4690 2390 10
4691 4972 2
4692 3642 1
4692 1530 2
4692 4689 1
4693 3614 2
4693 451 1
4693 244 2
4693 2887 8
4693 1907 9
4694 1556 6
4694 3754 6
4694 2884 1
4694 4140 2
4695 1582 3
4695 509 2
4695 1112 5
4695 4862 9
4696 4093 10
4696 1954 4
4696 259 4
4696 4285 4
4696 2938 8
4697 2236 4
4697 2584 7
4697 3058 10
4697 4436 4
4698 3916 9
4698 3817 1
4698 349 8
4699 4975 4
4699 4698 8
4699 2696 7
4699 1656 6
4699 1932 6
4700 2946 2
4700 877 6
4700 2462 2
4700 1365 9
4700 24 3
4701 2220 7
4702 4385 10
4703 2839 10
4703 4920 6
4703 1545 3
4703 1954 10
4703 4257 1
4704 1839 6
4704 4803 10
4704 445 7
4704 410 3
4704 4675 4
4705 4434 6
4705 2158 5
4705 1848 10
4706 1226 5
4706 1117 7
4706 2631 10
4707 2455 1
4707 3541 1
4707 4769 7
4707 2798 1
4707 3106 10
4708 1969 7
4708 1235 4
4708 625 4
4708 653 5
4709 4640 2
4709 1470 7
4709 3135 8
4709 3350 4
4710 2546 9
4711 4847 2
4711 3706 10
4711 2612 6
4712 2080 8
4712 4417 8
4712 853 10
4712 470 4
4713 4636 2
4713 2003 5
4713 4275 7
4714 3196 6
4714 4751 4
4714 3289 9
4714 4640 4
4715 3520 5
4715 2037 1
4715 2894 7
4716 2038 4
4716 3028 5
4716 349 4
4716 2544 7
4716 1189 1
4717 6 6
4717 4401 1
4717 1144 3
4718 4487 1
4718 3981 9
4719 2087 8
4719 2717 2
4719 4688 7
4720 263 4
4720 4716 1
4720 1703 5
4720 520 8
4721 3135 10
4721 4317 7
4721 950 1
4722 4640 7
4722 2554 8
4722 684 1
4722 342 8
4722 500 7
4723 2850 2
4723 3767 6
4723 871 3
4723 1212 6
4724 592 5
4724 3655 9
4725 4173 8
4725 761 5
4725 3879 3
4726 4062 5
4726 4907 3
4726 1288 5
4726 3402 3
4727 3411 5
4727 3152 2
4727 422 5
4727 3910 10
4727 962 10
4728 550 4
4728 4885 7
4728 3130 3
4729 4699 8
4730 263 9
4730 1413 9
4730 3421 2
4730 1417 1
4731 4069 5
4731 2126 1
4731 1757 10
4731 3040 10
4731 1298 10
4732 1915 10
4732 3718 10
4732 736 4
4733 1539 2
4733 1743 3
4733 4786 10
4733 3379 8
4733 2938 3
4734 2922 8
4735 2521 3
4736 4132 8
4736 3748 5
4737 3059 7
4738 3658 4
4738 1515 3
4738 2638 3
4739 3088 7
4739 2308 4
4739 1065 10
4739 3293 1
4740 900 7
4740 4668 7
4740 4509 1
4741 346 3
4741 2061 5
4741 4676 10
4741 4662 2
4742 2178 8
4742 2526 7
4742 1998 1
4742 2570 6
4743 4071 8
4744 1693 5
4744 786 10
4745 3758 6
4745 3680 2
4745 4467 10
4746 4896 8
4746 626 4
4747 1829 6
4747 2056 7
4747 1376 6
4748 1179 9
4748 2863 10
4748 4109 5
4748 1886 2
4749 3324 3
4749 3142 4
4749 4651 7
4750 3725 10
4750 2833 2
4750 3295 10
4751 3736 8
4751 3080 10
4751 1694 9
4752 4994 10
4753 2169 9
4753 3715 8
4753 186 6
4753 2672 3
4754 2862 2
4754 4223 2
4754 3585 1
4754 2497 2
4755 1887 10
4756 296 1
4756 4832 2
4756 4651 7
4756 2086 6
4756 1333 6
4757 1330 6
4758 1454 6
4758 3319 2
4758 4530 1
4758 2307 3
4759 1334 7
4759 2164 6
4759 2659 5
4759 3668 2
4759 3906 10
4760 4700 2
4760 4442 4
4760 4396 3
4760 4119 8
4761 3516 8
4761 1914 6
4761 412 4
4762 1434 8
4763 2057 4
4763 2776 6
4763 2030 7
4764 136 5
4764 1784 2
4765 4071 5
4765 3255 5
4766 259 5
4766 3817 9
4766 4427 8
4766 4941 4
4767 2046 8
4767 4102 2
4768 3849 2
4768 4330 9
4768 1427 7
4768 976 7
4769 1513 7
4769 844 10
4769 4180 7
4769 2424 2
4769 4953 9
4770 3773 8
4770 4341 10
4770 1157 3
4770 2947 6
4771 2966 1
4771 1057 3
4772 1039 7
4772 2718 1
4773 2136 5
4773 3652 8
4773 1297 4
4773 3675 8
4773 4012 10
4774 3380 10
4774 2811 3
4774 3300 1
4774 928 1
4774 3143 6
4775 282 6
4775 2118 3
4775 3142 2
4775 4567 8
4776 3647 4
4776 1210 6
4776 4806 8
4776 4376 6
4777 2417 7
4777 2206 7
4778 4404 9
4778 3889 2
4779 1541 4
4779 2894 2
4780 2643 3
4780 283 8
4780 3138 1
4781 3697 2
4781 368 8
4781 3190 9
4781 2404 9
4781 2343 2
4782 459 8
4782 4822 1
4783 4082 7
4783 389 1
4783 4735 10
4783 2586 4
4783 4270 3
4784 1809 3
4784 4352 8
4784 1358 5
4784 1422 8
4785 2727 3
4786 3064 6
4786 3321 5
4786 1243 2
4787 4941 9
4788 3856 1
4788 2304 9
4788 4671 8
4788 4538 8
4789 898 6
4789 3205 9
4789 87 7
4789 1252 6
4789 2639 7
4790 3142 9
4791 4069 10
4792 1195 5
4793 259 9
4793 2411 10
4793 3354 4
4793 1074 3
4794 3467 2
4794 4832 3
4794 846 2
4794 1052 7
4794 2158 2
4795 396 9
4795 2534 1
4795 2652 4
4796 3789 3
4796 4130 1
4796 2160 2
4796 2879 4
4797 1715 5
4797 3915 2
4798 3899 1
4798 4506 7
4798 213 6
4798 2024 3
4799 3874 10
4799 4227 5
4799 3468 1
4799 2347 2
4800 2811 7
4801 2005 9
4802 4676 9
4802 2346 9
4802 244 7
4802 2032 4
4803 3909 3
4803 949 6
4804 1286 8
4804 3523 6
4805 1405 3
4805 2952 3
4806 1922 1
4807 360 4
4807 3640 6
4807 1749 10
4807 2652 9
4808 405 2
4808 4973 4
4808 1867 10
4809 4844 3
4809 2852 3
4809 1530 10
4810 4846 2
4810 4384 9
4810 2724 7
4810 786 6
4810 3029 1
4811 3156 9
4812 1498 8
4812 17 4
4812 4941 3
4813 1267 9
4813 3934 8
4813 2966 2
4813 2835 2
4813 87 5
4814 366 3
4815 4876 7
4815 3354 2
4815 2626 4
4816 4047 6
4816 1329 10
4816 3460 7
4816 184 4
4816 3411 2
4817 3418 10
4817 3252 8
4817 1322 8
4817 30 7
4818 1514 5
4818 1467 10
4818 1882 1
4818 4875 1
4819 2007 8
4819 3418 9
4820 1825 1
4820 569 2
4820 3560 5
4820 2920 7
4821 3600 10
4821 1195 1
4821 1302 1
4821 4519 3
4822 222 4
4823 3419 5
4823 8 3
4823 2994 6
4823 722 6
4823 4385 9
4824 3850 9
4824 3940 1
4824 4196 7
4824 2632 10
4825 389 9
4825 69 2
4826 1833 9
4826 980 7
4827 3049 1
4828 2852 7
4829 34 9
4829 2769 4
4829 1743 7
4830 1833 7
4831 3705 9
4831 678 7
4832 1903 5
4832 215 5
4832 1307 1
4833 2938 6
4833 752 7
4834 900 2
4834 57 8
4834 4722 3
4835 886 5
4835 3067 4
4835 3570 8
4835 642 1
4835 940 4
4836 3352 10
4836 1416 4
4836 4981 1
4837 4425 9
4837 1812 3
4837 4940 1
4838 2853 6
4839 779 6
4839 1331 7
4839 445 7
4839 3009 2
4839 302 7
4840 857 8
4840 4076 9
4840 24 8
4840 3131 2
4840 523 1
4841 3269 9
4841 3595 8
4841 2918 10
4841 280 7
4842 3755 3
4842 4187 6
4843 666 3
4843 4166 10
4843 4457 1
4844 4068 5
4844 4751 10
4845 3615 8
4845 2259 4
4845 2047 6
4845 3300 9
4845 2640 7
4846 3913 10
4846 2946 10
4846 3715 10
4847 390 9
4847 845 5
4847 307 6
4847 1952 9
4847 3740 8
4848 3854 9
4848 4432 3
4848 2674 8
4848 2030 5
4849 1293 6
4849 2975 2
4849 4069 2
4850 3892 9
4851 612 10
4852 4093 1
4852 3728 9
4852 1120 10
4853 1922 5
4853 3555 3
4853 2256 1
4853 1905 10
4853 2212 9
4854 576 6
4854 2585 10
4854 4224 9
4854 2518 2
4855 2122 10
4855 2354 5
4855 3074 10
4856 171 6
4856 625 8
4856 3135 5
4856 853 9
4857 4336 8
4858 896 8
4858 4671 6
4858 4407 2
4858 2979 7
4859 1979 2
4859 1606 9
4860 2658 6
4861 3561 3
4861 873 4
4861 4050 6
4861 3906 5
4861 4617 6
4862 3986 3
4862 3339 9
4863 3592 8
4863 2884 8
4863 2802 6
4864 143 10
4864 2005 3
4865 4262 5
4865 2907 1
4865 3755 7
4865 1971 5
4865 3642 4
4866 157 1
4866 2990 4
4867 1048 1
4867 2399 3
4867 2647 7
4867 3800 1
4868 1065 2
4868 4702 5
4868 981 7
4868 2785 8
4869 3855 1
4870 27 2
4870 3088 4
4870 3459 3
4870 4516 3
4870 1259 7
4871 2344 2
4871 4928 2
4871 224 6
4871 1300 7
4872 3674 7
4872 2259 3
4872 3411 3
4872 1709 3
4872 1314 1
4873 4124 10
4874 4912 6
4874 3933 9
4874 1987 3
4875 553 9
4875 2560 10
4876 3554 10
4876 4275 7
4877 3804 3
4877 2823 5
4877 3203 3
4877 4441 1
4877 1952 2
4878 3879 2
4878 2399 10
4878 3692 9
4878 3117 7
4879 3981 7
4879 4603 3
4880 2113 5
4880 4696 1
4880 3616 4
4881 1818 7
4881 25 1
4882 1837 9
4882 1758 9
4882 2231 7
4883 3688 5
4883 2776 7
4883 3628 9
4884 839 4
4884 4229 3
4884 385 4
4884 4925 1
4885 2769 9
4885 938 4
4886 2652 1
4886 4068 10
4886 2316 9
4887 2969 3
4887 3552 3
4888 4901 8
4888 268 4
4889 2975 10
4889 3130 4
4889 4035 7
4889 3722 3
4890 2974 5
4890 3011 8
4891 2498 5
4891 1846 9
4892 3084 4
4892 2200 6
4892 4501 8
4892 2442 8
4893 1911 10
4893 4309 3
4894 3240 5
4895 2372 7
4895 1314 5
4895 1758 6
4896 973 1
4896 3211 9
4896 4734 2
4897 4635 7
4897 1400 8
4898 4719 1
4898 3512 5
4898 3580 10
4898 4574 1
4899 3520 4
4899 3096 1
4900 2271 3
4900 1346 7
4901 1311 6
4901 4679 9
4901 4848 3
4901 3317 4
4902 2397 8
4903 4795 7
4903 3025 4
4903 3490 10
4903 354 6
4904 4491 4
4904 4872 8
4904 3696 7
4904 3725 5
4904 4807 7
4905 107 5
4905 1366 5
4906 3304 9
4906 1236 8
4906 4999 3
4907 2212 8
4907 3252 2
4907 1743 8
4908 4293 8
4909 2302 3
4909 2258 4
4909 3127 8
4909 3595 8
4909 4263 10
4910 709 4
4910 3159 6
4910 1493 9
4910 1465 3
4911 1382 1
4911 3333 8
4911 2397 6
4912 4033 4
4913 764 2
4913 2152 8
4913 1411 5
4913 1330 7
4913 2321 8
4914 733 2
4914 1515 8
4914 2096 1
4914 2218 2
4914 2499 2
4915 916 1
4915 4016 2
4915 4539 10
4915 1641 8
4916 3864 6
4916 4928 9
4916 2410 6
4916 3689 7
4916 2706 6
4917 3750 8
4917 4582 7
4917 4179 4
4917 203 3
4917 1796 4
4918 3303 8
4919 4841 7
4919 314 10
4919 4489 7
4919 3555 5
4919 556 7
4920 4162 9
4920 175 9
4920 1242 8
4921 2614 3
4921 761 5
4921 1280 1
4921 927 7
4922 3484 6
4923 2626 4
4923 344 4
4923 1941 6
4924 4774 5
4924 1458 10
4925 1678 3
4925 813 7
4925 978 4
4926 3339 6
4926 333 7
4926 4468 6
4926 1992 4
4926 1525 6
4927 4826 8
4927 3036 2
4927 2708 2
4927 4588 8
4928 3462 9
4929 1779 8
4929 3698 4
4929 906 4
4930 3804 10
4930 4761 5
4931 4087 2
4931 2181 7
4931 3169 7
4931 2881 2
4931 4467 8
4932 4786 1
4932 445 2
4933 775 7
4933 4331 3
4934 1222 6
4934 1440 1
4934 4733 4
4934 2420 4
4934 1015 5
4935 2706 7
4936 1063 4
4937 17 8
4937 3642 9
4938 4124 8
4938 4440 7
4938 2604 7
4938 4102 4
4938 3762 1
4939 1506 9
4939 4743 7
4940 3214 7
4940 1437 9
4940 509 9
4940 2644 7
4941 2115 5
4941 4551 4
4941 2116 1
4941 3706 8
4941 385 7
4942 3419 8
4942 2228 3
4942 606 10
4942 2935 1
4943 1391 9
4943 2870 1
4944 2546 5
4944 624 5
4944 1407 10
4945 773 5
4946 3388 1
4946 3232 1
4946 3855 9
4946 3064 10
4946 3507 3
4947 4735 4
4947 2372 1
4947 4095 3
4947 519 4
4948 4194 3
4948 3552 10
4948 342 5
4949 4387 8
4949 938 7
4950 4492 2
4950 3399 3
4950 1870 4
4950 4712 8
4951 4977 7
4951 3008 10
4951 3670 2
4951 1470 4
4952 624 8
4952 2182 10
4952 3278 1
4952 4741 1
4953 1190 9
4954 3267 8
4955 3303 7
4955 4234 4
4955 135 3
4955 4813 2
4955 4495 7
4956 1550 9
4956 4309 10
4956 2582 1
4957 3778 6
4958 1552 6
4958 4544 1
4959 2591 3
4959 3269 4
4959 3421 6
4960 3137 1
4961 4036 8
4961 328 9
4962 1981 4
4962 2765 1
4962 4173 5
4962 2341 6
4962 1024 9
4963 4239 10
4963 3414 2
4964 771 7
4964 4078 7
4964 3800 1
4964 1962 3
4964 4512 5
4965 2629 5
4965 3503 10
4966 4692 6
4966 3465 1
4966 4442 7
4966 716 5
4966 2158 10
4967 59 7
4968 3994 10
4968 2139 10
4969 1838 5
4969 1233 7
4969 4514 4
4969 345 6
4970 2944 7
4970 3466 9
4970 4251 6
4970 4751 10
4971 4422 9
4971 2303 7
4971 3989 10
4971 2179 8
4972 2721 10
4973 4294 8
4973 3550 7
4973 1424 9
4974 624 10
4974 1313 8
4975 843 1
4975 2634 10
4975 2708 6
4975 3933 10
4975 713 10
4976 3588 10
4976 4505 9
4976 2372 7
4976 1219 10
4976 4163 4
4977 2313 1
4977 3012 7
4978 3721 7
4978 2636 1
4978 1825 4
4978 3681 4
4979 1821 6
4980 2679 10
4980 2176 1
4981 2505 7
4981 1587 5
4981 1000 10
4981 3162 2
4981 3075 1
4982 3601 8
4982 1231 5
4982 1804 2
4983 4184 9
4984 172 10
4984 1757 9
4985 2115 1
4985 1664 4
4985 2453 7
4985 3312 1
4986 950 8
4987 3071 9
4987 4303 4
4987 2701 5
4987 1407 1
4988 658 8
4988 1456 2
4988 2727 6
4988 1437 5
4989 1901 10
4989 4519 8
4989 3926 1
4990 4387 1
4990 288 3
4990 436 9
4991 4491 3
4991 1985 10
4991 2129 5
4992 3504 9
4992 1330 2
4992 3334 7
4992 3560 4
4992 4699 3
4993 2639 10
4993 4008 2
4993 845 8
4994 3301 2
4994 2944 9
4994 857 9
4994 1286 3
4994 526 3
4995 4311 2
4996 2330 5
4996 3971 2
4996 2711 6
4996 4515 4
4997 1422 2
4997 3345 5
4998 256 5
4998 4911 1
4999 615 5
4999 1619 10
4999 348 5
5000 2037 6
5000 4389 3
5000 4213 3
5000 2868 9
5000 2308 3
