5000 0 0 1
2604 4122 12
4122 2847 2
2847 2951 10
2951 3215 20
3215 4161 4
4161 1558 2
1558 1678 15
1678 4486 16
4486 3377 20
3377 423 2
423 4195 19
4195 3362 4
3362 4491 15
4491 1681 16
1681 2156 5
2156 2713 16
2713 1464 7
1464 3432 2
3432 2631 18
2631 2188 4
2188 2357 19
2357 3704 14
3704 2434 1
2434 3842 1
3842 3881 19
3881 4169 1
4169 2829 3
2829 2470 10
2470 1871 8
1871 3008 10
3008 2200 8
2200 1846 3
1846 3161 5
3161 1885 13
1885 3737 11
3737 4923 1
4923 4367 12
4367 3617 9
3617 1023 7
1023 4009 12
4009 2873 18
2873 435 16
435 4818 19
4818 2419 20
2419 3814 14
3814 4642 14
4642 2009 6
2009 3402 11
3402 1764 14
1764 2469 5
2469 3478 1
3478 3213 6
3213 4804 16
4804 1133 12
1133 3464 6
3464 1567 13
1567 2299 20
2299 2248 6
2248 2854 3
2854 4258 4
4258 4959 19
4959 654 17
654 4890 18
4890 3120 14
3120 535 19
535 27 4
27 4875 10
4875 3181 3
3181 4376 5
4376 1095 17
1095 836 16
836 3144 7
3144 1803 13
1803 4536 11
4536 1109 3
1109 607 13
607 1571 10
1571 2808 10
2808 3042 5
3042 2298 5
2298 4779 15
4779 3870 3
3870 2607 10
2607 3680 10
3680 1684 12
1684 4406 8
4406 3612 5
3612 4196 12
4196 1036 8
1036 4891 20
4891 4722 16
4722 179 20
179 1153 20
1153 283 2
283 1474 17
1474 914 7
914 2743 2
2743 4454 13
4454 3203 16
3203 4148 7
4148 410 10
410 777 3
777 2449 2
2449 2152 3
2152 4455 6
4455 409 16
409 3872 13
3872 3507 5
3507 1184 5
1184 4240 2
4240 3597 14
3597 3971 7
3971 4014 3
4014 2684 17
2684 2993 3
2993 212 16
212 3174 11
3174 740 12
740 1483 4
1483 4696 10
4696 804 9
804 1118 16
1118 3113 20
3113 3929 8
3929 3114 9
3114 1203 16
1203 4197 19
4197 3250 18
3250 552 8
552 4949 6
4949 2962 12
2962 2169 11
2169 4286 14
4286 3787 2
3787 3699 9
3699 243 9
243 3878 16
3878 2721 16
2721 3328 14
3328 2697 20
2697 2552 10
2552 3034 1
3034 2688 20
2688 211 9
211 1308 16
1308 764 11
764 3712 19
3712 4303 17
4303 1560 1
1560 3372 17
3372 4601 10
4601 262 13
262 4320 19
4320 1711 9
1711 3751 18
3751 4626 10
4626 361 9
361 3861 3
3861 2486 3
2486 626 10
626 1207 3
1207 754 1
754 305 15
305 3249 13
3249 4083 6
4083 2088 11
2088 315 18
315 4021 5
4021 3685 6
3685 4344 20
4344 1922 11
1922 3656 16
3656 3408 11
3408 1213 18
1213 2503 15
2503 3002 11
3002 2179 11
2179 2719 14
2719 3793 18
3793 571 15
571 3397 18
3397 3828 9
3828 3821 20
3821 3732 11
3732 2675 14
2675 93 7
93 3359 2
3359 3743 9
3743 3383 6
3383 1549 11
1549 2051 13
2051 4249 14
4249 367 14
367 4645 13
4645 1676 8
1676 2511 3
2511 2709 8
2709 576 2
576 2406 5
2406 1416 20
1416 1594 18
1594 816 16
816 1056 2
1056 4223 3
4223 4522 9
4522 3147 14
3147 1939 5
1939 1039 18
1039 2423 5
2423 4426 3
4426 1632 4
1632 131 17
131 3773 9
3773 4396 9
4396 4623 7
4623 3790 6
3790 4684 19
4684 3428 16
3428 119 7
119 3321 15
3321 4778 20
4778 2756 7
2756 1738 9
1738 2982 10
2982 2745 8
2745 3865 2
3865 3236 14
3236 4937 4
4937 1314 19
1314 1226 18
1226 994 6
994 317 9
317 2650 15
2650 2068 15
2068 182 2
182 1156 18
1156 3512 8
3512 4180 18
4180 1701 13
1701 898 13
898 4130 20
4130 2543 10
2543 1375 19
1375 4298 19
4298 2985 18
2985 3214 2
3214 4330 12
4330 4691 6
4691 4809 5
4809 1637 3
1637 4186 18
4186 174 10
174 1548 18
1548 2996 2
2996 1279 14
1279 3295 7
3295 3619 10
3619 2877 11
2877 4833 19
4833 3103 1
3103 2930 1
2930 2916 8
2916 4694 15
4694 2610 6
2610 4958 7
4958 2176 13
2176 2255 16
2255 4869 20
4869 1654 9
1654 4965 16
4965 2103 14
2103 2172 14
2172 2656 15
2656 2 19
2 3639 20
3639 1033 10
1033 3370 3
3370 3957 12
3957 3713 14
3713 3544 16
3544 291 20
291 4956 16
4956 4953 15
4953 2399 13
2399 2012 5
2012 4150 5
4150 2365 5
2365 4029 3
4029 3583 3
3583 4538 4
4538 4545 11
4545 4232 14
4232 4191 14
4191 581 12
581 4408 14
4408 1974 17
1974 3177 11
3177 2396 6
2396 1288 11
1288 3809 6
3809 2923 10
2923 1233 1
1233 965 7
965 3672 3
3672 1422 5
1422 1249 5
1249 2045 16
2045 2584 4
2584 4264 7
4264 4839 7
4839 3138 7
3138 858 12
858 2768 4
2768 2812 3
2812 3142 6
3142 2002 12
2002 596 19
596 364 8
364 3615 9
3615 3490 10
3490 4886 19
4886 4437 7
4437 1414 10
1414 4481 17
4481 4984 19
4984 2322 6
2322 3118 17
3118 39 2
39 892 8
892 822 13
822 3080 6
3080 91 8
91 3268 3
3268 1390 10
1390 74 19
74 2239 20
2239 4151 18
4151 2832 5
2832 1533 15
1533 4854 9
4854 3186 15
3186 2210 14
2210 2928 9
2928 307 20
307 3688 8
3688 527 20
527 3389 3
3389 3189 1
3189 2401 3
2401 602 3
602 3287 2
3287 1635 1
1635 4423 20
4423 246 15
246 4888 9
4888 2848 11
2848 824 7
824 1298 4
1298 222 13
222 2862 6
2862 4033 16
4033 600 16
600 2271 1
2271 3621 18
3621 1006 18
1006 744 20
744 1848 4
1848 306 9
306 2595 20
2595 4361 9
4361 2428 16
2428 3197 8
3197 4669 18
4669 4552 8
4552 255 14
255 4356 1
4356 1640 9
1640 311 8
311 3442 3
3442 199 8
199 1009 11
1009 2508 13
2508 835 12
835 4513 1
4513 1293 17
1293 4921 1
4921 1748 16
1748 3631 5
3631 3655 13
3655 3942 19
3942 3650 7
3650 4814 14
4814 4769 17
4769 50 3
50 95 3
95 3454 14
3454 3131 5
3131 4948 19
4948 959 9
959 4876 11
4876 4664 4
4664 1234 20
1234 4043 10
4043 4535 7
4535 314 13
314 3224 5
3224 569 17
569 2910 19
2910 2648 6
2648 4245 2
4245 4156 8
4156 1968 13
1968 3877 16
3877 2380 16
2380 672 13
672 3729 4
3729 4813 11
4813 3864 9
3864 3331 12
3331 2590 13
2590 3969 4
3969 825 12
825 2443 1
2443 8 15
8 1865 16
1865 1828 11
1828 200 12
200 4110 6
4110 237 12
237 1664 13
1664 1362 13
1362 4973 2
4973 215 13
215 1172 15
1172 3320 15
3320 3010 17
3010 3371 13
3371 3616 18
3616 3275 18
3275 3532 12
3532 1648 2
1648 724 1
724 4260 5
4260 2622 8
2622 574 20
574 407 1
407 2116 8
2116 2813 5
2813 2780 12
2780 3482 5
3482 156 6
156 4939 13
4939 4222 1
4222 1049 6
1049 1600 13
1600 1192 13
1192 951 4
951 2857 1
2857 708 9
708 1693 5
1693 2005 17
2005 1591 1
1591 4199 2
4199 1016 14
1016 509 1
509 3909 13
3909 3495 11
3495 2568 1
2568 4123 9
4123 3681 17
3681 4865 15
4865 2825 16
2825 1305 19
1305 3065 17
3065 1758 19
1758 26 5
26 661 5
661 2883 5
2883 1826 1
1826 3198 19
3198 4864 8
4864 1364 13
1364 3122 16
3122 1569 1
1569 3242 15
3242 593 17
593 4503 7
4503 2094 11
2094 4066 1
4066 2549 4
2549 3568 3
3568 3976 6
3976 3416 12
3416 1115 1
1115 2252 3
2252 86 4
86 2676 20
2676 3075 3
3075 4638 11
4638 1432 17
1432 4067 14
4067 3960 3
3960 1113 3
1113 1442 15
1442 809 9
809 3698 17
3698 432 19
432 4835 16
4835 3796 2
3796 4788 2
4788 1811 5
1811 1794 18
1794 1471 4
1471 595 10
595 1343 2
1343 4701 2
4701 902 15
902 1668 8
1668 4933 6
4933 1470 5
1470 2429 6
2429 1704 13
1704 4377 3
4377 3273 13
3273 3757 13
3757 1984 15
1984 2572 13
2572 3226 11
3226 4820 6
4820 4077 17
4077 3220 19
3220 4078 15
4078 3890 4
3890 4270 7
4270 2481 14
2481 2388 18
2388 4404 15
4404 1097 11
1097 2870 7
2870 3366 13
3366 3555 2
3555 1131 19
1131 1237 12
1237 1766 12
1766 3854 15
3854 997 7
997 779 13
779 3980 19
3980 3628 8
3628 1112 2
1112 186 9
186 4301 10
4301 798 2
798 1260 9
1260 3914 6
3914 3376 18
3376 1419 14
1419 4985 1
4985 348 7
348 1400 20
1400 3337 6
3337 145 17
145 2433 10
2433 1485 17
1485 933 17
933 1022 12
1022 32 4
32 4401 19
4401 1385 9
1385 3668 18
3668 668 1
668 3734 1
3734 2350 20
2350 755 1
755 2609 14
2609 4259 15
4259 4878 18
4878 4588 4
4588 3614 3
3614 3271 15
3271 345 5
345 3928 8
3928 2069 3
2069 2731 13
2731 2444 18
2444 1160 13
1160 3643 9
3643 3642 1
3642 332 1
332 100 20
100 2244 14
2244 2954 2
2954 69 13
69 3827 17
3827 1246 3
1246 579 8
579 2628 13
2628 4635 16
4635 2000 13
2000 2777 9
2777 1332 13
1332 4739 18
4739 3293 1
3293 1275 12
1275 3604 9
3604 1110 2
1110 4555 9
4555 3991 11
3991 3299 5
3299 2644 12
2644 1186 18
1186 4447 9
4447 1596 11
1596 3876 16
3876 4112 10
4112 3266 9
3266 3018 10
3018 154 12
154 3090 13
3090 3086 2
3086 3286 6
3286 3070 5
3070 3450 7
3450 2755 13
2755 4282 19
4282 3689 20
3689 4239 1
4239 1263 17
1263 730 2
730 3836 7
3836 2753 9
2753 4782 1
4782 1141 16
1141 4416 19
4416 1947 3
1947 1373 4
1373 1742 11
1742 4941 20
4941 1136 1
1136 664 12
664 3541 11
3541 1431 15
1431 4947 6
4947 2265 1
2265 1221 8
1221 1079 12
1079 1437 9
1437 2931 2
2931 846 18
846 485 14
485 2424 5
2424 3368 10
3368 714 11
714 67 10
67 1199 18
1199 1773 11
1773 2492 12
2492 3038 16
3038 2505 14
2505 808 10
808 657 12
657 3939 10
3939 4698 15
4698 4610 1
4610 4624 1
4624 1757 18
1757 1525 8
1525 2927 15
2927 3465 6
3465 4069 17
4069 4716 8
4716 2565 3
2565 2308 2
2308 3896 15
3896 3032 6
3032 2571 9
2571 4433 1
4433 2378 7
2378 4205 7
4205 4443 5
4443 2177 8
2177 1151 17
1151 419 15
419 1088 12
1088 3291 6
3291 1222 19
1222 1074 11
1074 1928 18
1928 2640 4
2640 2025 9
2025 1710 7
1710 2329 15
2329 1919 9
1919 3026 11
3026 4930 3
4930 323 13
323 993 20
993 3240 6
3240 4363 20
4363 3336 6
3336 4841 12
4841 815 19
815 4872 16
4872 4026 9
4026 2948 18
2948 821 4
821 3179 5
3179 3330 15
3330 3845 4
3845 1689 17
1689 748 2
748 514 8
514 2518 5
2518 2582 9
2582 370 4
370 4436 8
4436 4798 9
4798 4039 10
4039 65 15
65 3496 11
3496 140 1
140 2287 7
2287 4489 15
4489 861 10
861 4424 15
4424 1180 16
1180 4124 8
4124 4081 16
4081 2905 14
2905 4013 9
4013 4850 3
4850 3404 15
3404 1146 4
1146 375 9
375 4453 12
4453 1834 7
1834 3182 19
3182 3570 11
3570 1029 3
1029 1330 8
1330 1906 16
1906 4315 6
4315 2034 13
2034 3060 19
3060 2695 11
2695 3190 12
3190 3076 16
3076 60 5
60 2685 14
2685 2602 5
2602 1512 20
1512 1057 15
1057 1666 12
1666 2300 9
2300 4177 7
4177 4313 20
4313 1547 7
1547 3850 19
3850 2581 1
2581 2906 19
2906 1692 19
1692 2767 14
2767 1589 10
1589 573 2
573 54 15
54 328 8
328 729 19
729 2869 11
2869 1468 5
1468 3055 20
3055 105 15
105 1965 11
1965 2749 13
2749 4326 15
4326 2638 19
2638 2611 2
2611 2553 4
2553 3858 9
3858 3007 14
3007 4608 17
4608 4440 11
4440 2355 15
2355 4666 17
4666 1540 20
1540 3311 19
3311 4560 9
4560 3922 11
3922 557 15
557 2686 16
2686 1508 16
1508 3521 5
3521 2411 9
2411 788 19
788 2149 6
2149 185 7
185 2559 5
2559 2925 8
2925 1304 16
1304 2055 18
2055 1232 2
1232 1081 4
1081 2569 1
2569 3857 7
3857 4520 12
4520 736 6
736 2459 5
2459 1189 12
1189 2217 3
2217 45 1
45 2358 6
2358 1618 20
1618 4113 12
4113 3977 9
3977 1817 20
1817 1019 15
1019 2120 2
2120 2659 19
2659 3041 4
3041 3049 9
3049 3448 12
3448 1149 8
1149 4834 20
4834 3801 3
3801 4924 7
4924 377 2
377 3816 20
3816 4137 12
4137 4255 19
4255 3823 14
3823 1562 14
1562 2382 2
2382 2054 2
2054 3950 2
3950 320 12
320 1402 5
1402 2556 2
2556 3300 12
3300 1101 17
1101 949 5
949 4775 15
4775 2637 4
2637 3995 17
3995 3985 19
3985 4134 2
4134 693 3
693 3763 3
3763 1733 19
1733 2166 10
2166 3156 15
3156 3001 18
3001 2748 2
2748 4304 1
4304 1371 6
1371 4510 10
4510 4830 16
4830 4687 3
4687 2782 7
2782 1096 10
1096 4631 19
4631 1804 1
1804 3484 2
3484 4278 4
4278 1588 8
1588 1878 2
1878 1264 1
1264 1317 12
1317 4794 9
4794 3394 18
3394 3853 12
3853 3173 1
3173 1741 11
1741 3627 1
3627 2092 13
2092 2418 8
2418 4352 18
4352 2624 17
2624 1083 15
1083 2734 4
2734 4934 8
4934 3721 12
3721 3005 20
3005 716 6
716 1107 8
1107 1498 3
1498 3238 17
3238 1052 7
1052 890 16
890 1875 12
1875 1516 5
1516 4220 13
4220 4337 20
4337 4305 7
4305 1597 8
1597 954 17
954 757 9
757 2736 15
2736 3632 11
3632 4620 18
4620 2893 3
2893 4349 3
4349 1565 5
1565 1486 2
1486 3886 15
3886 2570 2
2570 1418 9
1418 639 6
639 1815 14
1815 682 7
682 298 5
298 625 15
625 4473 1
4473 2722 13
2722 3488 15
3488 1990 6
1990 2912 11
2912 2215 9
2215 1337 14
1337 2379 5
2379 3391 2
3391 4292 16
4292 4054 2
4054 1417 17
1417 4845 17
4845 577 5
577 4403 8
4403 3456 5
3456 279 6
279 3988 19
3988 1108 2
1108 4604 11
4604 2980 3
2980 1367 12
1367 620 3
620 2538 4
2538 1280 15
1280 4986 12
4986 989 5
989 4909 15
4909 3526 16
3526 1062 16
1062 2427 11
2427 6 8
6 673 8
673 396 2
396 404 15
404 3554 2
3554 259 4
259 2646 17
2646 2195 18
2195 172 9
172 1859 1
1859 4004 6
4004 3469 13
3469 2231 16
2231 2033 20
2033 663 3
663 2833 5
2833 1573 16
1573 1918 12
1918 3989 11
3989 4019 19
4019 2527 13
2527 2792 3
2792 1127 11
1127 2701 15
2701 2425 18
2425 3303 7
3303 4175 8
4175 3883 2
3883 469 19
469 3093 3
3093 448 16
448 1327 4
1327 3430 9
3430 240 3
240 507 11
507 521 7
521 3733 5
3733 2844 13
2844 2465 15
2465 3931 1
3931 480 19
480 3838 7
3838 1659 1
1659 734 11
734 3651 17
3651 1546 4
1546 1529 9
1529 4792 11
4792 1238 6
1238 1003 3
1003 566 9
566 1119 11
1119 2474 1
2474 2431 3
2431 4900 15
4900 2798 18
2798 138 3
138 3869 3
3869 3398 10
3398 1863 6
1863 3143 9
3143 3746 5
3746 3310 7
3310 3908 15
3908 4007 13
4007 3201 19
3201 1410 2
1410 1067 20
1067 2440 10
2440 4206 8
4206 1642 19
1642 2523 6
2523 4894 3
4894 83 14
83 4976 20
4976 3334 11
3334 544 13
544 2171 18
2171 4736 8
4736 4058 15
4058 2630 11
2630 1929 1
1929 2766 16
2766 4413 7
4413 4448 7
4448 1271 11
1271 4616 4
4616 1251 13
1251 1455 11
1455 1084 12
1084 1030 20
1030 2111 19
2111 1054 18
1054 542 2
542 2839 5
2839 2851 8
2851 4799 2
4799 434 14
434 4675 6
4675 1204 3
1204 749 10
749 3410 7
3410 3350 13
3350 3904 10
3904 1847 1
1847 12 3
12 1724 17
1724 4479 13
4479 1992 11
1992 4253 18
4253 2717 3
2717 3726 17
3726 2585 6
2585 2946 12
2946 1348 6
1348 608 10
608 1318 15
1318 2849 16
2849 3531 6
3531 1972 9
1972 356 5
356 504 12
504 2128 13
2128 4010 17
4010 113 9
113 3202 18
3202 390 11
390 3155 13
3155 1302 13
1302 2014 8
2014 3637 6
3637 2900 1
2900 1520 10
1520 580 9
580 2653 3
2653 4241 5
4241 648 9
648 4006 2
4006 2243 16
2243 1492 20
1492 3974 2
3974 2718 11
2718 3903 12
3903 2952 7
2952 4096 11
4096 1494 15
1494 1675 17
1675 4091 12
4091 3110 11
3110 3749 5
3749 1669 3
1669 4508 6
4508 2131 15
2131 4589 10
4589 1150 7
1150 2155 9
2155 967 8
967 638 15
638 4414 5
4414 2963 17
2963 1290 3
1290 181 16
181 1953 16
1953 3209 17
3209 1535 9
1535 592 16
592 4290 2
4290 2007 3
2007 4964 16
4964 1346 12
1346 1913 4
1913 2347 7
2347 3252 14
3252 3115 13
3115 936 18
936 2344 18
2344 727 15
727 4989 10
4989 2363 3
2363 1328 3
1328 4228 13
4228 2521 3
2521 684 3
684 856 4
856 4991 17
4991 4730 6
4730 4519 10
4519 860 15
860 3403 13
3403 4242 19
4242 722 11
722 1836 13
1836 1999 17
1999 2351 4
2351 1801 10
1801 2191 4
2191 373 5
373 2023 9
2023 3669 2
3669 1982 5
1982 1890 18
1890 3725 19
3725 1187 11
1187 3710 10
3710 3499 15
3499 1564 4
1564 2647 1
2647 955 2
955 319 9
319 3601 17
3601 3163 3
3163 1861 3
1861 4387 15
4387 4822 2
4822 1438 19
1438 1975 16
1975 4714 15
4714 2774 15
2774 3918 1
3918 1145 7
1145 1225 15
1225 2987 14
2987 1117 12
1117 2246 5
2246 910 19
910 904 16
904 2560 1
2560 1059 19
1059 1910 16
1910 4633 7
4633 3736 8
3736 733 7
733 503 8
503 4238 18
4238 4500 8
4500 4762 16
4762 2121 16
2121 3605 8
3605 4873 2
4873 594 15
594 11 11
11 1386 13
1386 242 16
242 880 3
880 2413 12
2413 1778 11
1778 4492 14
4492 794 11
794 4200 17
4200 399 2
399 4262 18
4262 4037 11
4037 3941 17
3941 2001 20
2001 1769 5
1769 1694 19
1694 3851 18
3851 4874 12
4874 441 3
441 3528 1
3528 101 16
101 3852 20
3852 3457 17
3457 1194 12
1194 2537 1
2537 3021 4
3021 1898 14
1898 3758 2
3758 4709 19
4709 2991 19
2991 2818 12
2818 721 20
721 381 6
381 1142 11
1142 3867 6
3867 3085 3
3085 2669 1
2669 3983 8
3983 248 12
248 1927 18
1927 2184 20
2184 1762 19
1762 1926 16
1926 4853 7
4853 3694 3
3694 945 3
945 909 20
909 660 15
660 92 5
92 2315 10
2315 894 8
894 4932 11
4932 3618 11
3618 3237 3
3237 220 3
220 1791 14
1791 1622 17
1622 4915 17
4915 1788 10
1788 871 19
871 2187 6
2187 3884 10
3884 4931 12
4931 957 4
957 575 18
575 2247 2
2247 1557 10
1557 4975 9
4975 2097 4
2097 3439 13
3439 4312 7
4312 893 11
893 2861 6
2861 2250 4
2250 3747 2
3747 4871 4
4871 1398 10
1398 3470 7
3470 2597 20
2597 1586 6
1586 2994 17
2994 3264 3
3264 1524 14
1524 1063 7
1063 3072 6
3072 1568 9
1568 4421 15
4421 3040 18
3040 3417 14
3417 4142 15
4142 986 3
986 4584 12
4584 4993 15
4993 750 18
750 968 16
968 1326 19
1326 583 20
583 2816 19
2816 4858 15
4858 3407 15
3407 1629 9
1629 363 14
363 3933 6
3933 4999 13
4999 4397 16
4397 828 4
828 87 12
87 2018 15
2018 4432 16
4432 1866 5
1866 4966 10
4966 162 10
162 2394 1
2394 3151 6
3151 4371 7
4371 3111 7
3111 1528 14
1528 4546 12
4546 1331 11
1331 2826 16
2826 493 3
493 4119 18
4119 1858 17
1858 1611 3
1611 3610 5
3610 1060 6
1060 225 18
225 1686 5
1686 2819 17
2819 4445 17
4445 3692 3
3692 355 13
355 4194 4
4194 578 5
578 970 20
970 4543 6
4543 2738 18
2738 1593 11
1593 1932 7
1932 494 13
494 3984 12
3984 2797 11
2797 440 18
440 658 9
658 4284 6
4284 3067 8
3067 2139 13
2139 3061 7
3061 1652 17
1652 116 14
116 3804 18
3804 2704 16
2704 1732 20
1732 4198 10
4198 3590 10
3590 4943 20
4943 3584 8
3584 3993 7
3993 2090 10
2090 4380 14
4380 4334 1
4334 2203 16
2203 1460 1
1460 4524 9
4524 3444 16
3444 2710 6
2710 449 16
449 2835 18
2835 1040 11
1040 3261 5
3261 326 18
326 2212 11
2212 1874 2
1874 3289 16
3289 964 2
964 500 8
500 567 3
567 3835 16
3835 2143 2
2143 2067 20
2067 1707 11
1707 645 10
645 2491 12
2491 2209 1
2209 1737 2
1737 1450 4
1450 349 18
349 3390 4
3390 4718 12
4718 308 18
308 2264 10
2264 3409 19
3409 4800 3
4800 3094 2
3094 1183 12
1183 4550 10
4550 3832 13
3832 2651 5
2651 2198 20
2198 1592 5
1592 4706 2
4706 3546 20
3546 1607 1
1607 2621 11
2621 2608 20
2608 4297 4
4297 2618 16
2618 128 15
128 1265 9
1265 3098 3
3098 2781 13
2781 976 14
976 3292 12
3292 183 19
183 735 17
735 2633 16
2633 2747 18
2747 4868 8
4868 3473 18
3473 3535 20
3535 2663 18
2663 3157 16
3157 4115 7
4115 1880 1
1880 1556 3
1556 2327 11
2327 340 15
340 3951 6
3951 3992 9
3992 1639 16
1639 335 15
335 4582 4
4582 1456 12
1456 4625 20
4625 1091 19
1091 3256 12
3256 2115 6
2115 3134 8
3134 2374 7
2374 3518 15
3518 1421 5
1421 2741 5
2741 3897 6
3897 3379 12
3379 34 13
34 2456 20
2456 1797 5
1797 4593 10
4593 344 3
344 4504 18
4504 786 17
786 260 13
260 4273 12
4273 868 10
868 3513 20
3513 2791 17
2791 559 9
559 142 8
142 1058 6
1058 710 17
710 9 8
9 2376 8
2376 415 19
415 1008 20
1008 1810 2
1810 1167 15
1167 3146 11
3146 2673 18
2673 4598 13
4598 2004 16
2004 2903 19
2903 3307 19
3307 25 3
25 1121 18
1121 1459 6
1459 719 17
719 1872 9
1872 473 7
473 4346 6
4346 905 12
905 4132 3
4132 3640 16
3640 4686 20
4686 2454 11
2454 3744 3
3744 2929 15
2929 4398 14
4398 3487 19
3487 1728 8
1728 141 12
141 3750 4
3750 4011 12
4011 3936 18
3936 3153 11
3153 643 4
643 2887 19
2887 3924 11
3924 4759 7
4759 4061 3
4061 2183 2
2183 1658 9
1658 4422 11
4422 2577 10
2577 1377 4
1377 3348 1
3348 4218 7
4218 2655 11
2655 1630 1
1630 1085 3
1085 2367 5
2367 2415 11
2415 3549 11
3549 3037 7
3037 4093 4
4093 3561 5
3561 1228 17
1228 3452 12
3452 1515 14
1515 572 5
572 2144 13
2144 300 7
300 4740 2
4740 3071 15
3071 2497 7
2497 2405 14
2405 129 11
129 1933 10
1933 4485 17
4485 977 16
977 2977 11
2977 884 13
884 3112 18
3112 1477 15
1477 4801 9
4801 4825 3
4825 2353 6
2353 359 7
359 2524 13
2524 1001 16
1001 3355 16
3355 1043 2
1043 988 20
988 2301 3
2301 1347 4
1347 2339 12
2339 2113 15
2113 3569 19
3569 4022 14
4022 130 4
130 71 8
71 2458 5
2458 2531 9
2531 793 16
793 1461 2
1461 3608 2
3608 1888 15
1888 168 12
168 4333 3
4333 3033 17
3033 1185 2
1185 4475 11
4475 1615 14
1615 4817 19
4817 4257 8
4257 4343 7
4343 4318 18
4318 1211 1
1211 2062 4
2062 2073 3
2073 1415 4
1415 1824 11
1824 2512 4
2512 2337 16
2337 3768 9
3768 81 6
81 3498 19
3498 3406 16
3406 1576 20
1576 4856 19
4856 695 18
695 2828 3
2828 737 20
737 1792 17
1792 2955 18
2955 277 11
277 4630 8
4630 1882 5
1882 3047 13
3047 155 8
155 702 19
702 513 8
513 3834 15
3834 4035 3
4035 3133 10
3133 756 4
756 3557 12
3557 3824 4
3824 1102 2
1102 1831 3
1831 167 13
167 4213 16
4213 1713 11
1713 1942 12
1942 3580 2
3580 229 17
229 797 9
797 4471 14
4471 4663 19
4663 1789 12
1789 1905 14
1905 2550 16
2550 973 17
973 3281 1
3281 4836 18
4836 293 11
293 2026 5
2026 2915 13
2915 2600 9
2600 3887 20
3887 2468 7
2468 3413 12
3413 1134 5
1134 204 13
204 4574 12
4574 276 18
276 1469 20
1469 1519 11
1519 2122 7
2122 1482 10
1482 3907 17
3907 1031 9
1031 464 17
464 3905 18
3905 3882 7
3882 953 15
953 2853 3
2853 4960 3
4960 4104 20
4104 378 6
378 3567 2
3567 486 13
486 2586 12
2586 1893 18
1893 3582 16
3582 4760 6
4760 159 3
159 3046 17
3046 765 4
765 3483 7
3483 761 17
761 2885 7
2885 497 2
497 4012 19
4012 3263 6
3263 3912 19
3912 1552 13
1552 2320 18
2320 2259 6
2259 1376 3
1376 2599 17
2599 3564 7
3564 4202 6
4202 1089 18
1089 245 6
245 2181 15
2181 529 11
529 1779 19
1779 4662 4
4662 699 2
699 3657 14
3657 3476 4
3476 1215 1
1215 2318 19
2318 3573 14
3573 2334 17
2334 1434 12
1434 4803 17
4803 1214 18
1214 637 16
637 216 6
216 2109 15
2109 267 5
267 707 16
707 321 10
321 4160 7
4160 4979 17
4979 1098 5
1098 177 6
177 678 10
678 2442 2
2442 3871 6
3871 4766 12
4766 3309 14
3309 2107 5
2107 1301 18
1301 534 17
534 110 3
110 22 5
22 4158 17
4158 1837 3
1837 103 20
103 3987 13
3987 1307 18
1307 4911 16
4911 21 20
21 4695 10
4695 1190 12
1190 925 4
925 653 5
653 3462 18
3462 4727 17
4727 812 10
812 4549 17
4549 1449 5
1449 3414 9
3414 1695 11
1695 47 14
47 4913 14
4913 4533 7
4533 769 5
769 153 8
153 1645 20
1645 2233 16
2233 3251 19
3251 299 14
299 1333 9
1333 312 13
312 3424 13
3424 4446 13
4446 4060 14
4060 4539 9
4539 1241 9
1241 4323 20
4323 4972 12
4972 4484 18
4484 3609 14
3609 3011 3
3011 2175 10
2175 210 12
210 726 10
726 4995 17
4995 30 11
30 2416 17
2416 4129 16
4129 24 20
24 4632 3
4632 4237 14
4237 3082 2
3082 2482 9
2482 227 13
227 3315 18
3315 3839 5
3839 3009 12
3009 4170 11
4170 597 1
597 1511 6
1511 1802 11
1802 586 13
586 4733 14
4733 4230 19
4230 4758 16
4758 732 2
732 1077 17
1077 2546 17
2546 1581 12
1581 830 13
830 1914 14
1914 3043 2
3043 3087 10
3087 926 9
926 4935 20
4935 4030 9
4030 3611 19
3611 3752 6
3752 2592 12
2592 2214 10
2214 1321 9
1321 4893 5
4893 4357 4
4357 2788 20
2788 4936 2
4936 4898 20
4898 2645 1
2645 1322 12
1322 1839 6
1839 2801 1
2801 2958 11
2958 4073 16
4073 2232 18
2232 3160 16
3160 3947 7
3947 2220 18
2220 1685 9
1685 3387 14
3387 3778 1
3778 1513 13
1513 482 12
482 1688 14
1688 568 6
568 4139 1
4139 3994 2
3994 3982 17
3982 2990 14
2990 368 17
368 4786 20
4786 1936 3
1936 4474 5
4474 2127 3
2127 2874 20
2874 2199 6
2199 2112 10
2112 3775 19
3775 4908 7
4908 438 11
438 778 20
778 1767 12
1767 4152 19
4152 1259 6
1259 1426 19
1426 3316 10
3316 2897 8
2897 2325 3
2325 4400 6
4400 3575 12
3575 2594 5
2594 1816 20
1816 790 9
790 161 6
161 1829 2
1829 562 15
562 4558 4
4558 938 19
938 2984 16
2984 4187 2
4187 4087 16
4087 2230 14
2230 2375 7
2375 2420 3
2420 1948 7
1948 3109 17
3109 516 10
516 1104 5
1104 1650 13
1650 4482 12
4482 903 11
903 2319 1
2319 4883 16
4883 1453 3
1453 3538 16
3538 112 1
112 2138 16
2138 4685 12
4685 2506 2
2506 3258 20
3258 1969 16
1969 451 3
451 1484 1
1484 1 8
1 2377 1
2377 4374 19
4374 2708 18
2708 382 10
382 1777 4
1777 2467 12
2467 1895 19
1895 1423 1
1423 1116 13
1116 3141 3
3141 3682 2
3682 889 3
889 2096 13
2096 3997 13
3997 1495 13
1495 3622 4
3622 1374 1
1374 3054 13
3054 4509 14
4509 107 10
107 3466 8
3466 2269 8
2269 3106 11
3106 2462 1
2462 1852 18
1852 106 4
106 1844 11
1844 205 12
205 776 9
776 3847 6
3847 3068 17
3068 3425 19
3425 4217 14
4217 738 2
738 689 3
689 278 16
278 4136 4
4136 3363 13
3363 2878 14
2878 1478 20
1478 3967 2
3967 2566 3
2566 3641 1
3641 2082 4
2082 2312 4
2312 157 1
157 3562 2
3562 2093 12
2093 3400 2
3400 2711 10
2711 4047 17
4047 4306 13
4306 4844 14
4844 4968 17
4968 2059 20
2059 461 17
461 2441 10
2441 1046 4
1046 2860 14
2860 2950 18
2950 75 7
75 1584 16
1584 2613 5
2613 3140 11
3140 3449 7
3449 2687 6
2687 942 6
942 3795 1
3795 4072 20
4072 1124 20
1124 4025 11
4025 4824 19
4824 676 14
676 4612 1
4612 1907 6
1907 2196 7
2196 4742 9
4742 2820 11
2820 1420 8
1420 2500 3
2500 2154 17
2154 2949 13
2949 694 16
694 3510 9
3510 886 2
886 3243 11
3243 1805 1
1805 2472 17
2472 2095 6
2095 1197 6
1197 472 6
472 3019 7
3019 3152 18
3152 1578 18
1578 2258 19
2258 501 16
501 4466 5
4466 2038 19
2038 3919 7
3919 4412 16
4412 2397 16
2397 4497 5
4497 4674 7
4674 531 3
531 2652 6
2652 3480 11
3480 4216 16
4216 4049 5
4049 3602 11
3602 3117 15
3117 417 19
417 4379 11
4379 3517 13
3517 2775 17
2775 800 17
800 3653 16
3653 2270 13
2270 4350 5
4350 4221 6
4221 536 4
536 3781 8
3781 3326 20
3326 3063 8
3063 2346 15
2346 2967 2
2967 4370 3
4370 928 13
928 46 19
46 124 16
124 2867 15
2867 4207 15
4207 3663 17
3663 401 19
401 4265 6
4265 2960 1
2960 3380 12
3380 70 8
70 2366 15
2366 2667 2
2667 635 16
635 1752 20
1752 3624 3
3624 37 5
37 3500 18
3500 3973 11
3973 2516 10
2516 2488 8
2488 1394 16
1394 3029 20
3029 303 17
303 4149 14
4149 888 3
888 4399 20
4399 3216 1
3216 659 6
659 1093 16
1093 4945 4
4945 2641 3
2641 2809 3
2809 383 17
383 1961 6
1961 3620 6
3620 4461 19
4461 3803 15
3803 2805 6
2805 1891 18
1891 2557 1
2557 20 5
20 2071 5
2071 4125 12
4125 3104 3
3104 1842 4
1842 2502 13
2502 3952 13
3952 1627 14
1627 629 18
629 725 2
725 4978 15
4978 703 16
703 4712 3
4712 2660 1
2660 1998 9
1998 2681 5
2681 4717 5
4717 4884 15
4884 1425 9
1425 3891 20
3891 4417 18
4417 3373 16
3373 1303 11
1303 632 1
632 1235 12
1235 2052 11
2052 2108 5
2108 2074 19
2074 768 10
768 3381 9
3381 3722 13
3722 1843 15
1843 3284 17
3284 1522 7
1522 184 17
184 4590 14
4590 1628 7
1628 380 8
380 3771 4
3771 2535 4
2535 840 7
840 3534 19
3534 4444 12
4444 4772 8
4772 3308 17
3308 3057 12
3057 4365 2
4365 4634 7
4634 1935 7
1935 2677 2
2677 2728 19
2728 3352 20
3352 1310 10
1310 4434 5
4434 1510 5
1510 2891 3
2891 1931 14
1931 723 9
723 3171 12
3171 4899 17
4899 4556 6
4556 1850 9
1850 143 10
143 1315 8
1315 4606 4
4606 4494 3
4494 4420 13
4420 3441 16
3441 4046 14
4046 55 12
55 4441 11
4441 4988 2
4988 2306 8
2306 4728 6
4728 4505 9
4505 2989 5
2989 2692 4
2692 1243 13
1243 3453 14
3453 603 18
603 611 1
611 2237 2
2237 2705 13
2705 2589 5
2589 3524 15
3524 2841 9
2841 2029 18
2029 2658 5
2658 1624 17
1624 1154 9
1154 292 20
292 4981 13
4981 3218 20
3218 3676 2
3676 2642 15
2642 773 12
773 4250 1
4250 3187 5
3187 252 16
252 731 20
731 3956 3
3956 2596 3
2596 3438 4
3438 1610 16
1610 1409 10
1409 1138 9
1138 1745 11
1745 2907 15
2907 3690 5
3690 2313 20
2313 3508 14
3508 4723 19
4723 4051 4
4051 555 4
555 1277 4
1277 3353 16
3353 4080 8
4080 3693 16
3693 820 8
820 2352 18
2352 2241 12
2241 2983 4
2983 420 17
420 2895 10
2895 915 16
915 2273 6
2273 1901 6
1901 4229 2
4229 4529 15
4529 3740 10
3740 1294 10
1294 2490 3
2490 1749 11
1749 3846 11
3846 3888 13
3888 233 14
233 4002 4
4002 679 16
679 35 5
35 3367 12
3367 1384 8
1384 669 13
669 3764 11
3764 2373 2
2373 387 1
387 3813 13
3813 2911 6
2911 1035 20
1035 1753 3
1753 1340 18
1340 3540 6
3540 4540 6
4540 1090 10
1090 4715 18
4715 4919 3
4919 2540 13
2540 4597 16
4597 4108 9
4108 4514 3
4514 1940 20
1940 1542 14
1542 1223 20
1223 2940 14
2940 3166 11
3166 1466 12
1466 231 15
231 3849 1
3849 3522 3
3522 2114 20
2114 705 13
705 841 5
841 3437 4
3437 1132 10
1132 3253 7
3253 2369 15
2369 4358 4
4358 1506 4
1506 616 1
616 2261 7
2261 3755 2
3755 38 15
38 3435 9
3435 3990 10
3990 1609 8
1609 418 4
418 3035 3
3035 1577 16
1577 2087 14
2087 3927 2
3927 1122 2
1122 1964 12
1964 984 13
984 1879 9
1879 4628 1
4628 3084 9
3084 492 2
492 4507 14
4507 4279 16
4279 4690 3
4690 1997 12
1997 2901 10
2901 3027 14
3027 849 10
849 4627 15
4627 4957 7
4957 4750 12
4750 4410 18
4410 3327 16
3327 1428 11
1428 2207 20
2207 2455 4
2455 3599 11
3599 3088 11
3088 2632 16
2632 164 9
164 2412 2
2412 845 12
845 4680 10
4680 4569 17
4569 4887 9
4887 1798 20
1798 2499 7
2499 3645 5
3645 1159 12
1159 450 19
450 4425 3
4425 1012 7
1012 1868 5
1868 3423 16
3423 4458 9
4458 4994 1
4994 3184 1
3184 152 11
152 4889 4
4889 408 8
408 713 3
713 3121 17
3121 1945 1
1945 3661 5
3661 2226 5
2226 1201 16
1201 3099 9
3099 987 1
987 3206 12
3206 2664 6
2664 3665 18
3665 760 13
760 1018 7
1018 2789 8
2789 4812 17
4812 3130 6
3130 4689 17
4689 3014 9
3014 1765 5
1765 1521 20
1521 2740 10
2740 2221 8
2221 3004 13
3004 1490 4
1490 3644 12
3644 2894 7
2894 4903 20
4903 353 5
353 3194 6
3194 1370 18
1370 4747 7
4747 224 4
224 2846 16
2846 352 18
352 4185 2
4185 919 13
919 2372 12
2372 2146 8
2146 700 18
700 3176 10
3176 2689 17
2689 4121 1
4121 2804 10
2804 3401 1
3401 4106 6
4106 3445 15
3445 3926 8
3926 2872 4
2872 885 12
885 2561 18
2561 2046 8
2046 1191 10
1191 2619 17
2619 3162 12
3162 4748 19
4748 1403 15
1403 4114 11
4114 1168 1
1168 2323 13
2323 1454 5
1454 241 1
241 118 13
118 1956 13
1956 3577 10
3577 920 16
920 2314 7
2314 4044 10
4044 1073 15
1073 4562 10
4562 1082 16
1082 2971 12
2971 1819 5
1819 4102 12
4102 2037 9
2037 2435 16
2435 1925 14
1925 3780 16
3780 3000 15
3000 2168 10
2168 1661 9
1661 2281 12
2281 2381 15
2381 4085 6
4085 1329 19
1329 484 15
484 3136 19
3136 127 10
127 1311 20
1311 3340 13
3340 195 18
195 4256 7
4256 1960 7
1960 4783 17
4783 2576 18
2576 2827 10
2827 4605 5
4605 2341 10
2341 426 8
426 4477 14
4477 4661 20
4661 327 10
327 1993 12
1993 1025 16
1025 206 13
206 2330 13
2330 3607 10
3607 3759 15
3759 2884 19
2884 4225 16
4225 442 12
442 4141 18
4141 2473 17
2473 1996 1
1996 2124 12
2124 2528 19
2528 3217 2
3217 4784 19
4784 1005 14
1005 4823 16
4823 1378 13
1378 1709 1
1709 2036 17
2036 3684 14
3684 3324 18
3324 4171 10
4171 4793 9
4793 3946 10
3946 2398 19
2398 4063 5
4063 2263 19
2263 4153 2
4153 430 17
430 2291 3
2291 763 4
763 1787 6
1787 2541 1
2541 2562 14
2562 1814 18
1814 4383 11
4383 2110 14
2110 4031 2
4031 1269 3
1269 520 4
520 2715 20
2715 1605 17
1605 1955 4
1955 2065 2
2065 313 4
313 2773 5
2773 551 20
551 3298 6
3298 1614 8
1614 2020 2
2020 360 12
360 477 5
477 1351 1
1351 3525 5
3525 2450 11
2450 4248 6
4248 4359 4
4359 2292 13
2292 1130 15
1130 4369 6
4369 4464 19
4464 2392 3
2392 3999 1
3999 4075 17
4075 1178 9
1178 424 5
424 4042 6
4042 2266 17
2266 1697 2
1697 3349 3
3349 2896 6
2896 2197 2
2197 782 7
782 2190 14
2190 280 17
280 4339 3
4339 1430 12
1430 2141 4
2141 896 3
896 4388 19
4388 2959 4
2959 1436 1
1436 4427 20
4427 2620 4
2620 3715 8
3715 1743 9
1743 7 10
7 2260 3
2260 2163 11
2163 3433 14
3433 1790 3
1790 4291 8
4291 3970 11
3970 123 17
123 4938 5
4938 1967 18
1967 2303 8
2303 2147 6
2147 1048 1
1048 1408 12
1408 1721 5
1721 1545 5
1545 1239 18
1239 4233 20
4233 2294 3
2294 2218 10
2218 2892 1
2892 1698 9
1698 3600 5
3600 1299 5
1299 4767 3
4767 1447 17
1447 671 15
671 1170 8
1170 1336 8
1336 3708 7
3708 843 11
843 2402 14
2402 2945 11
2945 2668 11
2668 479 2
479 4532 10
4532 354 19
354 263 4
263 4234 12
4234 316 16
316 1399 2
1399 447 1
447 2752 10
2752 1507 16
1507 3800 1
3800 230 5
230 4896 8
4896 1188 4
1188 10 2
10 698 14
698 621 1
621 90 11
90 1465 9
1465 28 3
28 1663 4
1663 537 16
537 4311 20
4311 2691 4
2691 1106 9
1106 362 13
362 41 4
41 1966 18
1966 1135 1
1135 2340 17
2340 466 4
466 3091 20
3091 4572 17
4572 4076 14
4076 4751 15
4751 1105 15
1105 1103 11
1103 4467 9
4467 4859 6
4859 3036 18
3036 1638 20
1638 3576 16
3576 1620 14
1620 2282 2
2282 1864 17
1864 1433 10
1433 4583 8
4583 2267 16
2267 4905 3
4905 1987 11
1987 429 20
429 1256 16
1256 1064 14
1064 4332 2
4332 52 14
52 4405 19
4405 4154 4
4154 1061 18
1061 2545 17
2545 2605 1
2605 1641 17
1641 2999 15
2999 4599 14
4599 3325 8
3325 4692 7
4692 3485 7
3485 612 5
612 718 6
718 2153 3
2153 3716 13
3716 3092 12
3092 2924 4
2924 2712 10
2712 4496 20
4496 2919 11
2919 4283 1
4283 1920 12
1920 743 7
743 4676 3
4676 3159 8
3159 618 1
618 2478 9
2478 670 19
670 4351 19
4351 3178 7
3178 3975 11
3975 281 8
281 3191 10
3191 1665 8
1665 1424 19
1424 2759 3
2759 3100 15
3100 3945 7
3945 4821 19
4821 848 19
848 4866 17
4866 4092 18
4092 1155 10
1155 88 14
88 1282 3
1282 3875 8
3875 4776 4
4776 4961 8
4961 4219 19
4219 2953 20
2953 4215 18
4215 2534 11
2534 4340 3
4340 4287 5
4287 4263 19
4263 286 20
286 4565 3
4565 2342 15
2342 2493 1
2493 2858 18
2858 1785 2
1785 3440 7
3440 2257 7
2257 854 7
854 18 6
18 1897 11
1897 4614 2
4614 1514 19
1514 3810 7
3810 411 9
411 197 18
197 3471 16
3471 2151 3
2151 2629 11
2629 4920 8
4920 1726 3
1726 3245 3
3245 1366 20
1366 2724 10
2724 1335 1
1335 962 5
962 4162 16
4162 2173 16
2173 1617 14
1617 3108 20
3108 2533 17
2533 3565 19
3565 4431 14
4431 842 6
842 3097 5
3097 2886 15
2886 1687 6
1687 2400 8
2400 4068 4
4068 523 16
523 720 6
720 2464 6
2464 2762 18
2762 1911 6
1911 4204 15
4204 1339 4
1339 623 11
623 1563 19
1563 2917 15
2917 1944 11
1944 1527 19
1527 4133 9
4133 467 12
467 376 15
376 2460 18
2460 4070 3
4070 857 2
857 2785 18
2785 680 19
680 502 12
502 254 13
254 4963 17
4963 3225 9
3225 1196 6
1196 4419 7
4419 3799 1
3799 556 2
556 4816 7
4816 1754 6
1754 3 3
3 4950 18
4950 4523 5
4523 4055 20
4055 4724 7
4724 4324 13
4324 257 16
257 937 14
937 4048 11
4048 342 18
342 490 5
490 999 7
999 2551 5
2551 1100 18
1100 4629 7
4629 4855 15
4855 2031 9
2031 2438 13
2438 3978 4
3978 4881 19
4881 1195 1
1195 4173 10
4173 4099 10
4099 2150 14
2150 530 2
530 2760 4
2760 244 7
244 1845 11
1845 2421 8
2421 3673 3
3673 1032 18
1032 2997 19
2997 2834 5
2834 64 12
64 3812 7
3812 2268 8
2268 2245 8
2245 147 16
147 2683 4
2683 166 10
166 1566 16
1566 4143 1
4143 3553 8
3553 1272 19
1272 864 9
864 3342 6
3342 4746 7
4746 2871 2
2871 425 12
425 2784 16
2784 930 10
930 3077 19
3077 2672 2
2672 3167 5
3167 1487 17
1487 4390 4
4390 121 10
121 4435 4
4435 4777 1
4777 4885 20
4885 4882 7
4882 1479 16
1479 1045 7
1045 882 16
882 4797 4
4797 3511 6
3511 3961 17
3961 4683 10
4683 4307 3
4307 3889 17
3889 4544 1
4544 901 13
901 1220 8
1220 879 9
879 2761 3
2761 1051 16
1051 3290 4
3290 3923 2
3923 158 9
158 4704 13
4704 2160 18
2160 3302 4
3302 3797 10
3797 3595 13
3595 4982 3
4982 4852 1
4852 2806 16
2806 445 3
445 2507 1
2507 2587 9
2587 3246 17
3246 2810 19
2810 2461 18
2461 4261 17
4261 917 7
917 148 11
148 1114 9
1114 2022 16
2022 190 14
190 911 16
911 1164 8
1164 4969 13
4969 1363 20
1363 4355 19
4355 3364 1
3364 120 6
120 609 10
609 4347 11
4347 3533 6
3533 99 7
99 282 4
282 4040 6
4040 1053 9
1053 4059 15
4059 2286 16
2286 296 8
296 1034 2
1034 4530 1
4530 4654 13
4654 1894 6
1894 630 2
630 1950 7
1950 4962 9
4962 4302 17
4302 3955 13
3955 2048 14
2048 3629 11
3629 3347 19
3347 3221 1
3221 2359 15
2359 2140 12
2140 1715 4
1715 1076 9
1076 3944 16
3944 681 1
681 649 20
649 1355 20
1355 4618 6
4618 1467 14
1467 998 15
998 2361 9
2361 1078 10
1078 753 10
753 4442 3
4442 2921 17
2921 647 15
647 111 16
111 4849 20
4849 2032 19
2032 4805 11
4805 1813 5
1813 2229 3
2229 4490 1
4490 1344 3
1344 1746 8
1746 1841 5
1841 4693 20
4693 1313 11
1313 135 17
135 1287 8
1287 1125 16
1125 3630 13
3630 4345 10
4345 1708 15
1708 1908 5
1908 4512 12
4512 3207 14
3207 4877 11
4877 3139 4
3139 4653 3
4653 2852 14
2852 1017 9
1017 3727 11
3727 4990 4
4990 4165 10
4165 3020 5
3020 3761 2
3761 3056 7
3056 1139 14
1139 4053 16
4053 3455 6
3455 3395 6
3395 3165 13
3165 1673 4
1673 333 16
333 341 2
341 2769 4
2769 3228 15
3228 759 17
759 1616 18
1616 4670 6
4670 2716 3
2716 2890 5
2890 1323 12
1323 29 14
29 4201 11
4201 3274 5
3274 3101 3
3101 3492 3
3492 2249 19
2249 17 3
17 391 2
391 1937 17
1937 855 20
855 927 9
927 2256 19
2256 1856 11
1856 3313 3
3313 4617 11
4617 2799 4
2799 2498 17
2498 543 18
543 2879 18
2879 1736 11
1736 1862 15
1862 3385 9
3385 61 12
61 1559 19
1559 2066 7
2066 4052 5
4052 3345 13
3345 3730 1
3730 2800 12
2800 3259 12
3259 996 10
996 1267 5
1267 1963 15
1963 1144 3
1144 2077 15
2077 4668 9
4668 495 19
495 2932 11
2932 792 12
792 1818 4
1818 4342 13
4342 4771 10
4771 3589 15
3589 3806 13
3806 3222 11
3222 4790 20
4790 1604 3
1604 3257 10
3257 2864 3
2864 770 3
770 3305 4
3305 1284 1
1284 193 2
193 365 2
365 2601 19
2601 3551 4
3551 2477 7
2477 2956 20
2956 522 10
522 924 12
924 1662 7
1662 1042 20
1042 2348 20
2348 366 1
366 3572 15
3572 2017 14
2017 4071 6
4071 2202 7
2202 2898 20
2898 3304 7
3304 4317 18
4317 4774 9
4774 3169 13
3169 3536 12
3536 232 3
232 264 4
264 2880 20
2880 2102 5
2102 948 17
948 3051 7
3051 294 17
294 1175 11
1175 1881 14
1881 2972 7
2972 3826 19
3826 94 1
94 2180 7
2180 4838 14
4838 1883 10
1883 829 16
829 1357 1
1357 3421 20
3421 1619 19
1619 519 14
519 4904 18
4904 338 11
338 690 18
690 876 1
876 554 6
554 4738 19
4738 4017 17
4017 4847 13
4847 2603 12
2603 3126 3
3126 1268 1
1268 2475 16
2475 4144 1
4144 4700 10
4700 3626 15
3626 3497 4
3497 2284 18
2284 427 4
427 1755 12
1755 1599 16
1599 3048 15
3048 1206 8
1206 4476 9
4476 3386 8
3386 2275 13
2275 553 11
553 4791 15
4791 4761 8
4761 908 11
908 2714 17
2714 3581 15
3581 4745 17
4745 3666 12
3666 1448 20
1448 4578 7
4578 3053 13
3053 934 17
934 4916 17
4916 2515 8
2515 807 4
807 3188 4
3188 510 1
510 4602 11
4602 3677 6
3677 4057 9
4057 144 8
144 3527 15
3527 1537 8
1537 2922 17
2922 170 3
170 4488 1
4488 652 19
652 746 6
746 2148 13
2148 851 12
851 4528 3
4528 1463 10
1463 2117 13
2117 1171 17
1171 4643 19
4643 3431 10
3431 4570 14
4570 2293 18
2293 2130 17
2130 3422 9
3422 2938 19
2938 1176 9
1176 2332 18
2332 3829 1
3829 223 17
223 3895 20
3895 3175 6
3175 4846 20
4846 1978 3
1978 1148 16
1148 2536 13
2536 3696 9
3696 2076 5
2076 2793 17
2793 4449 14
4449 4321 9
4321 431 9
431 4243 6
4243 3998 15
3998 4895 3
4895 2446 5
2446 4940 18
4940 1250 19
1250 4335 5
4335 4389 6
4389 3297 18
3297 2935 18
2935 4806 8
4806 4785 13
4785 4179 7
4179 691 2
691 2529 7
2529 956 15
956 4097 20
4097 4192 4
4192 818 15
818 3848 5
3848 2961 4
2961 1276 18
1276 3724 19
3724 1606 9
1606 2129 9
2129 1319 18
1319 590 18
590 4120 1
4120 2422 7
2422 1536 20
1536 2974 17
2974 2815 14
2815 3073 19
3073 1679 14
1679 1981 19
1981 2936 8
2936 2056 12
2056 1917 14
1917 2706 1
2706 1393 11
1393 2476 9
2476 192 2
192 2081 1
2081 1427 18
1427 1725 4
1725 4828 6
4828 4385 14
4385 2908 10
2908 3921 9
3921 688 1
688 2414 1
2414 3625 15
3625 1257 3
1257 2790 18
2790 3901 14
3901 2612 19
2612 883 16
883 3116 6
3116 379 8
379 1784 7
1784 1412 14
1412 2105 5
2105 1338 2
1338 3935 15
3935 3137 2
3137 3312 14
3312 526 19
526 3731 4
3731 3770 2
3770 2024 6
2024 2290 18
2290 1281 19
1281 1395 2
1395 1869 16
1869 2519 14
2519 834 17
834 1500 13
1500 1877 13
1877 1086 18
1086 1446 2
1446 1983 5
1983 4518 18
4518 456 11
456 1069 18
1069 4587 5
4587 1884 13
1884 2866 13
2866 1838 16
1838 1258 15
1258 3278 19
3278 1087 2
1087 3374 2
3374 4415 13
4415 4074 4
4074 3233 13
3233 944 20
944 1165 5
1165 3879 4
3879 1672 11
1672 1909 19
1909 853 6
853 3247 7
3247 2574 8
2574 389 5
389 2730 18
2730 4041 1
4041 907 3
907 4188 20
4188 2821 11
2821 1739 8
1739 2964 10
2964 598 2
598 76 10
76 2278 4
2278 983 18
983 4917 20
4917 1266 2
1266 2039 10
2039 844 1
844 1493 5
1493 58 17
58 4001 14
4001 2824 19
2824 2285 3
2285 4353 8
4353 2579 19
2579 2410 5
2410 329 1
329 3783 9
3783 4493 15
4493 3323 17
3323 1210 10
1210 1938 10
1938 1601 14
1601 3212 19
3212 745 8
745 468 8
468 4725 1
4725 3354 2
3354 4977 19
4977 3915 14
3915 2764 12
2764 2216 11
2216 43 4
43 2432 14
2432 2855 15
2855 2591 14
2591 4331 8
4331 3318 6
3318 3958 17
3958 869 20
869 1902 9
1902 169 1
169 3968 7
3968 1840 13
1840 3172 18
3172 2085 3
2085 3592 16
3592 2937 10
2937 3920 1
3920 1518 12
1518 1509 12
1509 1634 16
1634 801 11
801 1570 13
1570 2145 10
2145 2192 2
2192 4299 17
4299 563 11
563 4702 16
4702 4212 1
4212 1354 5
1354 4050 4
4050 4003 15
4003 2723 17
2723 3164 12
3164 4451 10
4451 3227 6
3227 2544 13
2544 4729 14
4729 1401 4
1401 1583 11
1583 3062 7
3062 2370 16
2370 4735 1
4735 2614 4
2614 2694 12
2694 4840 15
4840 1625 17
1625 1833 9
1833 265 17
265 4613 17
4613 465 4
465 96 18
96 85 4
85 2616 20
2616 863 10
863 4815 11
4815 1041 2
1041 4368 20
4368 405 1
405 4636 8
4636 2047 12
2047 610 17
610 1242 10
1242 1892 14
1892 1065 20
1065 3820 5
3820 4564 1
4564 109 16
109 2086 6
2086 1551 4
1551 1561 9
1561 1579 2
1579 4974 18
4974 4551 13
4551 4439 14
4439 4146 6
4146 2349 19
2349 4819 17
4819 3786 5
3786 1612 4
1612 4559 15
4559 952 8
952 201 10
201 309 12
309 717 9
717 208 11
208 1696 16
1696 4703 10
4703 2902 14
2902 1941 17
1941 4322 1
4322 4430 19
4430 4667 16
4667 1504 4
1504 2513 8
2513 4607 18
4607 832 20
832 3344 14
3344 1876 1
1876 1952 4
1952 1435 11
1435 1795 5
1795 4577 13
4577 805 5
805 4459 6
4459 3479 20
3479 3880 1
3880 4111 10
4111 634 15
634 946 6
946 1887 8
1887 3378 2
3378 439 17
439 4117 19
4117 102 8
102 1296 10
1296 247 15
247 4498 11
4498 463 18
463 4621 5
4621 2106 20
2106 3486 2
3486 3774 2
3774 33 5
33 558 11
558 4734 3
4734 3255 9
3255 4732 18
4732 1123 17
1123 2321 13
2321 4749 5
4749 2649 6
2649 3338 14
3338 384 13
384 2316 17
2316 4373 3
4373 4647 3
4647 585 19
585 3634 11
3634 1128 5
1128 3678 7
3678 1473 20
1473 780 7
780 2288 20
2288 478 2
478 3579 16
3579 446 5
446 3739 17
3739 1776 12
1776 2174 12
2174 4756 14
4756 3815 14
3815 4145 2
4145 487 6
487 36 15
36 2522 18
2522 1912 13
1912 1951 19
1951 550 6
550 624 8
624 4392 17
4392 4547 8
4547 4226 1
4226 3382 14
3382 752 13
752 2794 16
2794 1503 11
1503 1345 14
1345 3477 1
3477 2530 18
2530 3585 4
3585 2157 7
2157 3593 15
3593 3211 4
3211 2947 1
2947 674 7
674 4016 20
4016 471 12
471 2080 10
2080 2750 10
2750 692 10
692 1505 12
1505 878 16
878 4842 17
4842 641 5
641 3633 4
3633 2028 6
2028 2393 6
2393 2003 9
2003 4671 5
4671 3420 14
3420 1873 12
1873 4480 7
4480 3081 1
3081 1690 17
1690 2015 5
2015 3262 10
3262 15 12
15 1202 2
1202 4525 5
4525 847 17
847 961 10
961 2132 6
2132 3515 20
3515 1379 18
1379 1572 18
1572 3762 5
3762 3267 16
3267 1274 16
1274 3648 13
3648 2060 3
2060 1636 13
1636 4659 11
4659 413 20
413 3058 14
3058 3016 5
3016 4062 20
4062 839 12
839 2006 17
2006 3128 7
3128 1608 12
1608 1198 1
1198 1021 5
1021 2064 3
2064 394 20
394 4641 4
4641 1587 13
1587 4090 7
4090 622 12
622 2204 11
2204 2678 8
2678 4980 9
4980 1921 10
1921 457 10
457 3183 3
3183 202 12
202 561 13
561 981 13
981 1716 1
1716 2360 9
2360 77 19
77 4997 4
4997 4101 12
4101 236 10
236 506 9
506 3276 15
3276 3066 6
3066 4837 10
4837 2447 7
2447 1050 11
1050 2934 13
2934 2702 8
2702 198 3
198 3932 8
3932 538 9
538 357 5
357 318 16
318 3979 12
3979 1613 2
1613 3754 5
3754 2489 3
2489 1823 10
1823 3885 7
3885 2430 4
2430 433 6
433 470 14
470 2104 19
2104 2976 2
2976 2580 9
2580 3964 11
3964 1292 3
1292 1970 14
1970 897 11
897 4028 12
4028 706 19
706 4235 18
4235 2680 18
2680 393 17
393 4182 11
4182 1216 13
1216 3210 3
3210 1350 4
1350 3837 12
3837 887 12
887 44 20
44 1603 12
1603 4531 19
4531 3539 17
3539 1555 9
1555 2802 4
2802 2328 7
2328 3277 5
3277 1020 6
1020 3145 15
3145 982 7
982 3695 18
3695 1719 2
1719 462 15
462 2010 9
2010 4341 8
4341 584 3
584 4274 18
4274 3158 19
3158 3817 20
3817 4086 13
4086 3917 3
3917 4209 6
4209 358 5
358 4526 12
4526 940 18
940 1002 7
1002 1000 13
1000 4603 7
4603 1161 6
1161 2391 12
2391 1886 12
1886 256 18
256 518 11
518 791 16
791 178 18
178 3972 4
3972 125 8
125 1959 2
1959 4910 8
4910 3563 12
3563 771 8
771 2995 5
2995 2324 15
2324 3168 12
3168 2387 5
2387 4527 2
4527 796 10
796 3963 1
3963 3393 7
3393 2679 15
2679 3446 4
3446 2986 5
2986 4354 1
4354 3548 16
3548 636 18
636 2889 11
2889 1930 3
1930 4384 17
4384 3906 1
3906 4056 9
4056 1007 8
1007 4126 2
4126 1731 4
1731 1297 7
1297 4811 4
4811 2525 14
2525 3937 12
3937 2272 16
2272 3791 2
3791 219 15
219 2078 20
2078 2555 1
2555 1976 11
1976 4516 4
4516 712 19
712 2904 1
2904 4252 16
4252 218 4
218 1389 6
1389 73 5
73 2914 2
2914 3006 7
3006 1958 8
1958 398 15
398 4478 3
4478 275 1
275 4018 18
4018 2811 17
2811 524 1
524 4731 18
4731 1730 2
1730 3798 12
3798 4382 16
4382 3234 15
3234 3697 19
3697 1120 18
1120 1633 11
1633 2693 2
2693 852 12
852 1575 12
1575 2407 4
2407 2222 2
2222 53 20
53 4879 1
4879 1397 17
1397 13 16
13 3766 1
3766 3873 11
3873 4656 18
4656 4640 15
4640 3916 6
3916 774 13
774 1750 7
1750 1411 6
1411 3841 19
3841 3825 2
3825 3782 16
3782 2451 3
2451 2744 6
2744 3898 9
3898 1853 1
1853 4660 13
4660 605 5
605 4038 13
4038 3150 20
3150 3459 20
3459 1358 19
1358 4246 1
4246 2008 8
2008 4970 13
4970 49 12
49 3504 19
3504 1747 13
1747 541 10
541 3044 12
3044 2253 12
2253 2487 19
2487 3776 13
3776 4457 6
4457 3902 9
3902 3493 1
3493 4211 3
4211 452 5
452 1320 18
1320 995 12
995 1656 3
1656 939 12
939 287 16
287 2234 17
2234 2840 11
2840 3559 5
3559 1381 18
1381 2133 16
2133 3940 18
3940 2787 11
2787 540 17
540 1644 17
1644 2371 19
2371 640 10
640 742 10
742 686 15
686 4907 9
4907 899 18
899 4135 6
4135 772 9
772 371 6
371 3272 13
3272 1306 6
1306 873 1
873 4705 2
4705 1703 1
1703 261 18
261 2771 10
2771 1162 8
1162 2583 4
2583 3502 13
3502 4996 13
4996 209 20
209 1158 8
1158 2510 5
2510 1072 3
1072 249 14
249 1977 18
1977 4575 12
4575 4147 12
4147 23 8
23 564 4
564 4914 10
4914 2013 17
2013 1457 16
1457 4592 14
4592 4348 6
4348 3045 12
3045 3986 3
3986 2161 12
2161 1111 15
1111 1240 16
1240 1857 14
1857 146 12
146 122 15
122 4755 6
4755 4665 16
4665 1028 6
1028 290 18
290 683 20
683 369 6
369 1488 8
1488 3606 6
3606 150 11
150 2617 4
2617 3024 12
3024 1544 5
1544 499 19
499 3794 5
3794 4015 20
4015 1653 16
1653 1227 8
1227 545 15
545 238 10
238 4045 16
4045 1068 15
1068 1780 19
1780 4521 10
4521 5 9
5 3427 9
3427 1382 10
1382 2735 14
2735 2262 8
2262 302 10
302 2480 19
2480 2807 8
2807 428 1
428 3683 18
3683 4737 10
4737 2941 3
2941 2354 4
2354 2666 5
2666 251 7
251 1015 4
1015 3489 14
3489 2389 19
2389 2786 17
2786 1353 20
1353 2665 1
2665 4203 16
4203 2837 16
2837 762 7
762 633 3
633 3412 5
3412 3591 11
3591 16 20
16 3294 20
3294 274 4
274 1342 3
1342 4309 15
4309 4109 7
4109 126 13
126 4561 11
4561 4752 7
4752 2251 20
2251 3096 4
3096 3981 6
3981 604 18
604 2011 8
2011 3317 3
3317 374 10
374 826 18
826 2050 15
2050 63 11
63 3674 3
3674 837 9
837 2072 10
2072 2639 5
2639 115 18
115 4534 16
4534 2224 12
2224 1751 3
1751 4831 13
4831 1916 8
1916 3384 3
3384 4008 11
4008 4159 4
4159 4244 11
4244 2567 17
2567 163 17
163 2016 18
2016 3556 12
3556 4925 14
4925 4280 15
4280 3069 13
3069 1667 20
1667 4721 11
4721 3635 14
3635 273 2
273 1786 8
1786 4557 10
4557 3360 19
3360 1643 19
1643 4862 19
4862 2674 17
2674 351 10
351 1173 18
1173 631 17
631 4808 6
4808 3965 4
3965 3588 14
3588 3558 10
3558 3064 11
3064 2296 16
2296 2757 20
2757 3862 11
3862 1099 3
1099 4418 13
4418 4992 5
4992 2732 19
2732 1055 1
1055 1517 9
1517 1443 16
1443 4088 10
4088 4810 15
4810 496 20
496 2778 20
2778 2992 15
2992 3530 13
3530 4100 9
4100 2670 3
2670 4208 12
4208 2843 15
2843 827 16
827 3767 20
3767 1349 14
1349 3529 14
3529 3859 14
3859 2079 2
2079 1038 20
1038 4918 3
4918 1770 9
1770 1602 9
1602 4764 6
4764 1391 1
1391 3265 20
3265 1392 11
1392 4609 3
4609 4174 17
4174 3844 17
3844 1360 15
1360 697 14
697 2593 12
2593 196 18
196 601 5
601 1550 12
1550 2242 7
2242 650 7
650 2409 20
2409 3375 8
3375 402 9
402 3784 14
3784 546 5
546 4183 10
4183 4394 13
4394 2194 20
2194 2817 13
2817 3474 20
3474 985 1
985 675 6
675 2295 12
2295 3361 13
3361 2335 1
2335 3083 13
3083 715 20
715 2276 18
2276 823 1
823 4462 2
4462 2302 7
2302 4079 5
4079 2041 13
2041 4082 14
4082 4511 12
4511 1413 5
1413 2542 5
2542 4393 16
4393 921 5
921 42 10
42 4743 14
4743 1169 17
1169 1407 4
1407 1722 1
1722 2331 11
2331 613 3
613 3180 8
3180 2520 3
2520 2698 19
2698 3223 12
3223 1771 19
1771 4832 16
4832 108 18
108 2661 14
2661 1480 17
1480 508 14
508 1680 9
1680 4452 16
4452 1129 16
1129 1481 13
1481 2682 7
2682 2386 15
2386 2526 8
2526 2981 9
2981 228 1
228 4065 20
4065 4138 18
4138 1585 3
1585 4906 5
4906 2058 9
2058 4586 3
4586 372 1
372 4942 18
4942 173 1
173 1163 8
1163 2558 5
2558 992 10
992 655 1
655 1699 9
1699 1796 18
1796 350 9
350 3894 1
3894 310 5
310 1957 16
1957 3636 19
3636 619 16
619 2089 5
2089 3789 4
3789 1924 7
1924 3023 13
3023 412 18
412 1986 8
1986 2030 16
2030 2142 17
2142 2227 15
2227 3196 3
3196 3418 14
3418 4034 7
4034 3105 8
3105 2539 12
2539 2053 4
2053 3996 18
3996 1812 10
1812 98 12
98 1244 5
1244 1538 15
1538 817 12
817 3333 20
3333 2383 12
2383 4897 10
4897 4300 7
4300 3170 12
3170 3089 7
3089 3654 6
3654 1590 1
1590 814 20
814 4224 17
4224 4336 11
4336 1011 4
1011 517 16
517 966 15
966 972 3
972 4926 11
4926 324 11
324 1574 16
1574 4763 5
4763 599 5
599 4450 16
4450 1387 2
1387 2795 15
2795 403 8
403 642 19
642 1674 2
1674 2125 20
2125 4651 7
4651 2345 6
2345 4781 1
4781 2501 3
2501 285 5
285 4409 3
4409 78 2
78 1682 20
1682 1760 8
1760 2479 6
2479 3127 18
3127 1799 8
1799 862 1
862 416 18
416 4860 11
4860 1248 6
1248 4929 16
4929 3913 7
3913 3709 10
3709 4807 10
4807 646 20
646 1152 18
1152 3596 1
3596 3959 18
3959 3192 10
3192 3613 17
3613 3095 17
3095 1396 18
1396 3745 20
3745 704 18
704 2575 10
2575 171 1
171 268 8
268 1598 18
1598 1496 2
1496 2471 17
2471 1621 20
1621 767 17
767 1458 6
1458 1193 13
1193 437 18
437 785 19
785 4741 10
4741 560 1
560 488 18
488 498 9
498 1595 11
1595 1278 10
1278 1809 8
1809 3658 10
3658 1181 12
1181 1044 11
1044 2727 3
2727 3358 3
3358 2831 12
2831 2289 3
2289 2042 11
2042 4103 2
4103 2186 17
2186 3059 7
3059 4789 19
4789 3742 18
3742 3494 5
3494 4594 17
4594 4269 11
4269 3399 1
3399 900 17
900 2978 3
2978 3107 16
3107 1205 5
1205 1582 20
1582 331 3
331 2662 10
2662 819 8
819 975 14
975 2333 18
2333 4036 19
4036 3520 3
3520 1855 12
1855 2205 7
2205 1013 6
1013 3760 11
3760 1441 16
1441 4465 7
4465 1369 1
1369 4314 6
4314 4867 8
4867 3195 5
3195 14 17
14 4928 20
4928 4167 2
4167 3149 6
3149 980 2
980 3279 6
3279 2758 3
2758 3646 14
3646 3506 10
3506 207 20
207 2626 1
2626 4095 18
4095 2167 9
2167 3623 14
3623 51 15
51 4681 16
4681 2219 15
2219 2517 8
2517 2019 2
2019 444 7
444 491 8
491 1451 1
1451 4754 19
4754 214 2
214 1212 14
1212 1768 1
1768 3491 20
3491 3339 20
3339 4391 15
4391 4946 15
4946 4375 17
4375 918 15
918 266 16
266 528 18
528 4848 15
4848 539 12
539 3874 3
3874 4615 1
4615 2309 3
2309 3930 19
3930 2939 10
2939 875 10
875 3953 15
3953 3519 14
3519 79 2
79 2588 7
2588 4325 13
4325 2733 13
2733 1631 3
1631 1774 7
1774 2137 8
2137 481 2
481 3948 18
3948 1247 18
1247 3296 8
3296 2882 19
2882 2918 2
2918 3910 12
3910 301 13
301 2699 4
2699 1954 12
1954 4506 20
4506 4611 14
4611 3260 11
3260 1744 18
1744 1004 14
1004 1312 17
1312 3148 7
3148 4364 12
4364 2165 13
2165 2326 15
2326 1224 4
1224 4707 1
4707 400 18
400 3288 10
3288 4463 3
4463 1980 14
1980 4571 6
4571 3369 20
3369 1245 6
1245 2158 11
2158 4644 2
4644 1720 2
1720 4652 8
4652 4658 10
4658 2189 8
2189 2700 5
2700 3777 1
3777 1702 10
1702 4648 2
4648 4429 16
4429 1660 12
1660 4210 1
4210 2134 16
2134 1380 14
1380 4277 9
4277 3199 10
3199 97 4
97 392 3
392 870 12
870 1179 13
1179 3700 14
3700 1854 7
1854 4637 14
4637 2573 11
2573 1472 14
1472 784 10
784 4295 20
4295 1324 15
1324 1706 5
1706 2863 5
2863 2136 14
2136 1793 2
1793 2868 12
2868 1270 14
1270 4585 17
4585 1827 12
1827 165 15
165 1404 17
1404 960 19
960 2390 9
2390 1526 17
1526 3594 13
3594 677 10
677 3185 6
3185 4673 11
4673 2364 2
2364 1219 19
1219 4266 10
4266 137 16
137 1655 12
1655 455 4
455 1870 9
1870 3280 7
3280 3078 2
3078 2164 3
2164 4499 5
4499 4892 13
4892 4176 5
4176 4271 7
4271 1300 4
1300 1262 10
1262 2909 11
2909 709 8
709 1580 8
1580 3719 5
3719 810 20
810 1530 3
1530 2235 2
2235 453 12
453 1182 15
1182 2725 6
2725 1806 14
1806 865 8
865 1807 6
1807 3547 15
3547 4541 11
4541 3322 17
3322 3833 17
3833 2875 9
2875 234 18
234 1985 2
1985 80 12
80 4214 17
4214 4912 1
4912 89 10
89 4251 5
4251 1759 16
1759 1772 20
1772 4568 15
4568 1334 11
1334 4372 9
4372 239 2
239 272 13
272 4128 13
4128 644 18
644 4468 1
4468 3254 12
3254 833 12
833 459 13
459 2970 11
2970 4272 6
4272 3706 12
3706 4190 1
4190 2926 3
2926 4020 1
4020 149 3
149 4548 2
4548 2920 11
2920 2185 14
2185 151 4
151 4952 15
4952 525 3
525 3811 17
3811 685 9
685 3204 4
3204 2623 1
2623 1783 20
1783 2763 2
2763 4483 12
4483 1735 4
1735 2742 17
2742 548 16
548 2720 14
2720 2417 1
2417 1712 5
1712 2625 10
2625 533 18
533 1781 3
1781 2027 11
2027 947 9
947 1531 7
1531 696 12
696 2297 17
2297 3411 18
3411 1904 12
1904 4360 5
4360 203 13
203 4955 2
4955 950 10
950 3735 11
3735 803 15
803 1147 8
1147 3900 17
3900 1543 18
1543 3119 17
3119 3702 9
3702 4795 2
4795 2532 20
2532 2845 2
2845 3052 16
3052 1440 1
1440 187 7
187 1647 12
1647 1071 12
1071 2966 15
2966 3392 17
3392 515 20
515 180 8
180 4699 2
4699 1523 8
1523 2404 9
2404 2193 13
2193 3329 11
3329 1646 10
1646 347 20
347 922 5
922 3660 11
3660 701 3
701 2123 6
2123 4267 1
4267 614 3
614 133 1
133 1727 12
1727 1295 3
1295 40 9
40 3125 6
3125 3230 10
3230 2496 5
2496 3447 1
3447 1372 12
1372 3578 8
3578 1691 17
1691 1177 9
1177 1808 1
1808 3720 15
3720 3124 4
3124 4268 17
4268 3765 12
3765 460 10
460 4678 6
4678 2598 16
2598 2876 10
2876 1491 18
1491 1361 3
1361 1756 18
1756 1166 1
1166 2627 2
2627 1066 5
1066 4316 4
4316 1934 7
1934 5000 18
5000 2783 5
2783 1800 7
1800 4619 12
4619 2654 12
2654 3756 20
3756 3769 8
3769 2957 6
2957 4595 1
4595 489 7
489 2615 2
2615 4802 19
4802 3244 11
3244 422 9
422 3949 3
3949 4472 10
4472 3503 3
3503 2494 1
2494 269 3
269 3467 9
3467 2305 3
2305 2563 3
2563 194 13
194 3772 16
3772 3723 18
3723 66 19
66 3436 14
3436 2796 16
2796 3031 16
3031 4328 6
4328 2385 17
2385 913 5
913 4515 18
4515 3248 14
3248 1217 18
1217 388 7
388 4927 2
4927 2100 13
2100 2657 9
2657 990 16
990 4971 4
4971 288 7
288 3050 20
3050 874 10
874 2822 8
2822 4027 14
4027 2514 7
2514 3025 7
3025 3808 20
3808 1368 17
1368 4710 5
4710 1849 4
1849 2881 11
2881 877 20
877 3598 4
3598 4655 11
4655 2973 17
2973 2495 4
2495 188 16
188 3028 14
3028 4773 13
4773 665 13
665 4861 9
4861 2338 6
2338 4688 10
4688 4757 14
4757 2998 19
2998 3415 18
3415 916 15
916 2696 16
2696 3022 10
3022 258 19
258 2448 1
2448 136 15
136 4428 15
4428 3030 19
3030 3741 15
3741 2101 16
2101 3892 5
3892 1231 8
1231 4184 5
4184 476 18
476 3357 7
3357 943 14
943 3840 10
3840 1821 7
1821 4155 5
4155 2283 15
2283 1775 3
1775 2484 6
2484 3501 10
3501 1860 12
1860 2343 20
2343 895 15
895 2083 20
2083 3003 17
3003 3714 10
3714 1286 12
1286 4501 20
4501 974 1
974 3943 9
3943 2368 2
2368 963 11
963 532 3
532 3675 3
3675 4327 5
4327 4768 13
4768 775 15
775 3893 5
3893 1200 6
1200 511 8
511 1705 10
1705 3343 1
3343 3458 18
3458 3017 19
3017 68 1
68 4983 18
4983 4600 6
4600 2942 2
2942 1254 20
1254 3860 3
3860 31 4
31 4296 7
4296 2437 7
2437 3938 10
3938 3405 2
3405 2635 4
2635 2336 10
2336 906 7
906 1734 18
1734 615 16
615 1782 10
1782 2643 14
2643 2238 20
2238 3012 13
3012 3830 18
3830 3701 4
3701 1499 19
1499 1700 2
1700 4023 10
4023 386 18
386 802 3
802 1889 18
1889 4829 3
4829 3241 18
3241 4308 2
4308 3283 12
3283 1445 14
1445 3925 3
3925 2636 5
2636 2564 20
2564 2445 20
2445 4116 11
4116 3460 6
3460 4580 3
4580 4140 5
4140 3102 4
3102 4967 6
4967 2084 8
2084 4402 10
4402 3200 6
3200 923 1
923 4131 9
4131 3365 1
3365 4281 13
4281 591 14
591 4770 10
4770 667 20
667 3603 20
3603 617 4
617 2439 12
2439 728 5
728 221 7
221 4581 13
4581 1309 6
1309 3738 2
3738 3703 1
3703 1010 10
1010 3537 5
3537 4105 10
4105 1671 15
1671 1352 11
1352 1718 10
1718 3545 8
3545 806 13
806 2211 14
2211 1476 4
1476 4084 2
4084 57 13
57 4987 5
4987 4032 10
4032 3434 9
3434 2988 2
2988 483 11
483 3687 13
3687 1092 12
1092 4094 15
4094 3426 15
3426 226 4
226 4319 9
4319 4857 5
4857 505 6
505 1289 15
1289 3831 5
3831 1677 18
1677 2213 17
2213 2965 20
2965 3219 10
3219 1014 15
1014 2135 2
2135 3805 16
3805 1341 19
1341 104 14
104 1316 12
1316 3270 6
3270 2856 4
2856 2311 16
2311 4646 17
4646 1452 17
1452 2223 11
2223 3314 17
3314 3481 8
3481 1273 18
1273 295 3
295 3319 11
3319 1683 9
1683 325 15
325 866 10
866 941 1
941 235 6
235 1075 17
1075 4851 3
4851 72 3
72 1047 12
1047 4672 15
4672 4378 11
4378 3843 12
3843 3863 8
3863 4863 13
4863 1657 2
1657 4470 16
4470 2729 10
2729 2035 14
2035 4089 19
4089 4954 16
4954 1462 20
1462 3129 5
3129 1670 19
1670 1283 18
1283 3154 1
3154 789 9
789 3550 2
3550 2057 20
2057 191 7
191 4288 18
4288 2504 2
2504 4163 20
4163 969 2
969 406 5
406 59 15
59 4713 7
4713 3269 2
3269 1027 9
1027 4469 7
4469 3954 3
3954 2737 13
2737 1359 9
1359 1554 19
1554 1623 20
1623 1553 4
1553 3785 1
3785 1717 18
1717 385 3
385 3443 7
3443 2384 20
2384 474 4
474 3728 6
3728 850 4
850 1900 15
1900 1252 2
1252 1475 14
1475 813 6
813 1923 1
1923 549 4
549 62 8
62 1365 2
1365 3649 15
3649 3419 14
3419 2240 8
2240 4495 2
4495 3670 9
3670 589 16
589 2201 17
2201 512 5
512 2049 19
2049 4098 3
4098 3346 16
3346 2307 14
2307 628 12
628 4366 14
4366 4679 2
4679 3514 2
3514 1867 3
1867 2021 20
2021 4537 11
4537 971 3
971 4553 4
4553 4487 20
4487 4338 7
4338 3015 3
3015 4 7
4 134 10
134 1285 9
1285 1835 3
1835 3074 13
3074 4502 7
4502 3123 6
3123 3039 18
3039 2803 20
2803 4189 12
4189 4193 9
4193 339 4
339 747 7
747 3542 20
3542 2836 10
2836 1501 18
1501 1649 12
1649 3686 15
3686 2170 4
2170 475 16
475 4826 20
4826 978 4
978 3468 3
3468 929 4
929 3429 3
3429 4247 2
4247 2182 19
2182 651 12
651 2277 17
2277 4744 3
4744 3679 4
3679 2280 4
2280 4107 9
4107 3638 14
3638 547 12
547 4573 15
4573 3753 17
3753 4649 17
4649 2453 20
2453 19 12
19 2943 1
2943 3451 8
3451 4064 12
4064 4554 4
4554 4591 14
4591 4944 8
4944 4657 9
4657 4127 19
4127 114 13
114 1356 12
1356 2159 4
2159 1822 2
1822 2765 17
2765 2606 19
2606 2485 17
2485 1962 7
1962 2098 19
2098 2279 6
2279 2395 15
2395 4157 1
4157 3662 13
3662 3351 4
3351 2206 4
2206 958 15
958 2842 6
2842 838 11
838 2578 7
2578 56 8
56 1230 6
1230 1253 13
1253 4386 16
4386 4329 13
4329 1626 11
1626 1761 17
1761 565 4
565 3866 10
3866 4231 8
4231 3193 14
3193 1763 19
1763 330 5
330 2452 18
2452 4381 7
4381 2838 14
2838 587 10
587 1405 5
1405 687 2
687 3807 16
3807 3819 8
3819 4780 15
4780 3509 1
3509 991 4
991 48 12
48 2118 11
2118 4870 13
4870 1723 9
1723 3239 8
3239 1157 5
1157 2466 6
2466 2746 19
2746 2119 17
2119 4677 12
4677 3472 10
3472 1218 10
1218 4827 7
4827 1988 20
1988 4787 13
4787 570 1
570 1989 10
1989 1651 13
1651 2776 10
2776 4285 18
4285 1991 12
1991 656 15
656 2979 19
2979 343 9
343 4000 15
4000 253 13
253 2310 10
2310 4753 13
4753 217 19
217 662 11
662 4411 5
4411 3868 2
3868 1388 12
1388 2075 18
2075 4563 14
4563 2899 5
2899 751 14
751 4456 9
4456 289 3
289 1209 7
1209 2969 4
2969 3652 18
3652 799 6
799 3856 4
3856 271 10
271 4181 11
4181 2070 7
2070 4765 7
4765 1406 19
1406 4720 19
4720 4517 17
4517 3822 12
3822 1539 7
1539 175 4
175 1429 7
1429 2403 6
2403 2547 5
2547 3899 8
3899 3516 2
3516 4275 2
4275 297 7
297 1714 12
1714 2208 2
2208 3911 2
3911 3396 11
3396 2225 1
2225 2814 11
2814 2426 14
2426 2304 14
2304 1037 4
1037 3560 8
3560 1502 18
1502 3705 3
3705 1820 9
1820 881 18
881 414 12
414 1994 10
1994 454 8
454 1094 15
1094 4227 1
4227 3332 10
3332 4998 17
4998 3717 12
3717 3356 11
3356 2317 14
2317 606 2
606 1208 2
1208 2436 12
2436 1541 19
1541 304 13
304 2178 12
2178 2975 17
2975 3586 1
3586 3718 12
3718 3552 13
3552 1325 15
1325 132 5
132 2162 17
2162 4362 19
4362 1255 11
1255 3505 4
3505 912 10
912 2356 14
2356 2043 15
2043 4276 17
4276 3523 14
3523 1995 1
1995 1949 7
1949 3231 5
3231 3779 10
3779 1899 13
1899 2754 2
2754 4178 1
4178 1174 12
1174 1383 14
1383 2254 15
2254 2779 5
2779 4567 15
4567 4579 17
4579 2772 1
2772 2968 3
2968 783 3
783 2850 4
2850 4236 16
4236 859 1
859 935 15
935 3235 20
3235 891 4
891 4460 16
4460 4566 10
4566 2483 10
2483 2463 10
2463 2099 12
2099 189 5
189 3962 6
3962 3285 9
3285 4719 11
4719 346 8
346 3232 5
3232 322 12
322 1143 14
1143 3659 14
3659 932 14
932 4254 7
4254 270 17
270 4289 13
4289 3788 7
3788 117 20
117 3208 13
3208 3587 1
3587 1740 5
1740 2554 6
2554 1229 5
1229 1943 11
1943 2126 6
2126 4164 6
4164 3574 9
3574 1896 2
1896 2739 20
2739 3711 7
3711 4650 6
4650 739 7
739 867 16
867 3306 18
3306 1070 1
1070 3818 2
3818 3079 1
3079 139 8
139 2830 5
2830 160 5
160 1126 6
1126 4024 14
4024 4596 9
4596 3664 2
3664 3135 8
3135 82 3
82 3691 4
3691 2040 2
2040 1497 17
1497 2690 1
2690 3934 4
3934 979 2
979 4796 15
4796 84 14
84 4726 7
4726 1832 7
1832 3475 12
3475 2228 8
2228 4902 12
4902 284 18
284 741 20
741 397 16
397 3132 19
3132 1489 12
1489 3341 12
3341 1825 19
1825 872 18
872 2408 17
2408 666 13
666 1534 6
1534 2751 12
2751 4708 11
4708 443 19
443 1291 7
1291 3855 11
3855 4682 19
4682 4438 19
4438 766 1
766 4172 3
4172 3707 11
3707 2362 1
2362 1439 17
1439 3543 18
3543 4622 7
4622 931 12
931 176 13
176 4697 3
4697 582 14
582 3647 5
3647 1026 18
1026 1444 6
1444 250 5
250 4576 9
4576 3792 20
3792 1973 20
1973 4118 1
4118 4639 1
4639 337 3
337 1903 14
1903 758 9
758 4407 3
4407 3463 17
3463 458 12
458 3013 4
3013 4293 9
4293 2548 14
2548 2823 5
2823 2274 13
2274 3566 2
3566 2944 1
2944 2865 12
2865 4951 4
4951 2888 20
2888 2457 13
2457 1024 12
1024 4395 11
4395 4711 7
4711 4901 8
4901 2913 10
2913 3667 8
3667 4843 15
4843 1851 3
1851 1236 3
1236 436 2
436 3461 16
3461 1137 5
1137 2933 7
2933 334 9
334 3571 13
3571 2044 19
2044 336 6
336 627 13
627 1971 15
1971 2509 4
2509 3282 17
3282 711 6
711 1830 14
1830 795 3
795 1532 1
1532 4880 11
4880 831 2
831 2703 16
2703 2726 5
2726 4922 16
4922 4166 8
4166 1080 8
1080 2859 19
2859 2671 7
2671 2634 12
2634 3229 19
3229 787 14
787 1946 10
1946 3748 19
3748 4294 18
4294 1915 8
1915 395 14
395 3388 13
3388 1979 8
1979 2061 3
2061 1729 2
1729 4542 14
4542 811 10
811 588 4
588 2063 1
2063 4005 10
4005 2707 17
2707 421 12
421 1140 12
1140 781 12
781 4168 11
4168 4310 13
4310 3966 15
3966 2236 12
2236 3671 15
3671 3802 20
3802 1261 12
1261 2091 6
2091 3335 16
3335 2770 1
2770 213 11
213 3205 10
3205 3301 8
3301 2604 14
1 1777 8
2 291 5
2 3544 10
2 3713 7
3 257 1
3 4523 6
3 4724 1
3 4324 8
4 1835 8
4 3039 3
4 3074 9
5 1382 2
5 2480 1
5 302 4
6 2646 3
6 2195 8
6 3554 3
7 3433 8
8 1828 3
8 1362 6
8 200 8
8 4110 4
9 1810 5
9 3146 5
9 1008 10
9 1167 4
9 2673 3
10 1465 7
10 90 8
10 28 6
10 621 4
11 242 4
11 880 4
12 4479 10
12 4253 1
12 2585 5
13 4656 3
13 1750 1
13 3916 5
13 774 10
13 4640 2
14 3149 4
14 3279 8
15 2132 2
15 3515 10
15 847 9
16 4561 5
16 274 9
16 126 2
17 3313 1
17 927 7
17 2256 7
17 855 5
17 1856 10
18 197 2
18 3471 5
18 411 9
18 4614 9
19 3451 4
20 4125 2
20 3104 8
20 1842 8
21 925 3
22 1307 7
23 2013 2
23 4592 9
23 4914 2
24 3839 9
25 905 3
25 719 9
26 1364 2
26 3122 4
26 2883 4
27 3144 9
27 1803 1
27 3181 10
28 41 3
28 1106 10
29 927 7
29 3101 7
29 855 4
29 3313 1
30 4129 1
31 2336 2
31 2437 4
31 2635 10
31 906 5
31 3405 9
32 755 5
32 3734 3
33 4734 6
33 3255 9
33 2321 6
33 4749 9
34 1797 2
34 344 4
34 786 10
34 4593 7
34 260 4
35 3764 9
35 669 8
35 1384 8
35 387 6
36 4392 4
36 1912 8
37 2516 6
37 303 3
37 1394 3
37 3973 4
37 3029 3
38 1577 6
38 418 9
38 2087 2
39 91 9
39 1390 4
39 74 9
40 3230 5
40 1372 1
41 2340 7
41 3091 10
41 466 2
42 1722 2
43 4331 2
43 2591 3
44 4531 7
44 3277 3
44 1555 2
45 1618 10
45 2120 3
45 4113 9
46 2867 8
46 2960 10
46 4207 7
46 3663 8
47 4533 10
47 1645 5
48 4870 3
48 1723 9
48 2466 10
49 3776 4
49 2487 8
49 1747 5
49 541 9
49 2253 7
50 959 9
51 1451 6
51 2019 6
51 2517 5
51 2219 3
51 444 6
52 4154 7
52 1641 4
52 1061 6
53 4656 1
53 13 9
53 3916 6
53 3825 5
53 3873 3
54 105 4
54 2869 2
55 4988 8
56 565 1
56 1253 1
57 2988 5
57 4032 9
57 1092 4
58 2285 7
58 2579 8
59 1359 4
59 1027 2
59 3269 7
59 4469 2
60 1666 7
60 2300 6
60 4177 4
61 3730 10
61 3259 4
61 3345 8
61 2800 5
61 2066 6
62 3649 6
62 3419 1
63 4534 2
63 2639 2
64 166 10
64 2683 3
65 2287 8
65 4489 8
65 861 9
65 1180 9
65 140 7
66 4328 9
66 2796 4
66 3031 5
66 4515 5
67 808 7
68 2437 5
68 2635 3
68 1254 8
68 2942 8
69 2628 3
70 2667 4
70 1394 3
71 793 7
72 3843 2
72 4378 6
72 3863 6
72 1657 1
72 4863 3
73 1958 5
73 3006 5
73 4018 4
73 4478 10
74 2210 1
74 3186 4
75 2687 4
75 942 5
75 3449 9
75 3140 4
76 1266 10
77 506 3
77 4101 7
77 3276 6
77 3066 9
77 236 7
78 1760 9
78 416 9
78 1799 9
78 862 4
79 2733 4
79 1774 3
79 2137 4
80 4912 6
80 4251 4
80 1772 4
81 1576 2
81 2828 5
81 695 1
81 3406 10
82 4796 9
83 2630 9
83 544 2
83 4736 9
83 3334 10
83 2171 2
84 284 1
84 1832 4
85 4368 10
85 863 8
86 4638 8
86 1113 9
86 3075 1
87 4432 2
87 1866 6
87 3151 5
88 4219 5
88 4215 2
88 3875 9
88 2953 8
88 4776 2
89 4372 9
90 1135 6
90 2340 9
91 4151 6
92 220 9
92 3237 5
93 3383 4
93 2051 4
93 3743 4
93 367 9
94 4838 4
94 1883 6
94 3421 1
94 1357 4
95 959 10
95 4876 4
95 3131 3
95 4948 9
95 1234 1
96 4368 7
96 1242 3
96 2616 4
97 3700 1
97 2573 5
97 1179 4
98 1538 2
98 817 10
98 3333 2
98 4300 3
99 4040 4
99 1034 7
100 579 6
101 3021 6
101 2537 1
101 3457 5
101 1194 10
102 4498 1
102 4621 1
102 463 3
103 925 7
103 1307 9
103 3462 8
104 1452 4
104 3270 7
104 4646 7
104 2311 1
105 3858 1
105 2749 3
105 2638 10
106 205 9
106 3847 10
106 3425 1
106 3068 2
106 4217 1
107 3068 4
107 1852 9
107 2462 8
107 4217 1
107 205 3
108 1481 4
108 1129 3
108 1480 5
108 508 2
109 4551 2
109 1579 7
109 1561 6
110 653 3
110 925 3
111 4805 10
111 2032 2
111 4490 4
112 1969 10
112 4685 7
112 2506 8
112 3258 2
113 390 9
113 1302 10
113 3155 1
113 2900 5
114 1962 4
114 2606 8
115 4831 10
115 1916 2
115 3384 4
115 2224 7
115 4008 8
116 1732 7
116 4943 5
116 4198 5
116 3590 6
116 3584 3
117 2554 8
117 3587 2
118 2314 7
119 2982 2
119 2756 4
119 1738 8
119 3865 8
120 4654 10
120 4530 6
121 1479 10
121 4882 2
121 4777 4
122 290 3
123 2147 1
123 1408 8
124 2960 6
125 771 2
125 2324 9
126 604 4
126 2251 10
126 4752 10
127 3340 6
127 195 7
127 4783 10
127 1960 7
128 976 1
128 3098 7
128 183 1
129 2977 2
129 1477 6
129 4485 9
129 884 7
130 168 9
130 4333 8
131 4684 10
131 3790 9
131 119 10
132 3505 2
132 4362 10
133 1691 6
134 3123 4
134 1835 8
134 2803 4
135 4345 4
135 3630 4
135 1708 7
136 3892 9
136 4184 6
136 2101 3
136 3030 3
136 3741 9
137 3078 3
137 1870 6
137 455 10
138 3310 3
138 3908 8
139 160 7
139 4596 7
139 1126 4
139 3664 2
140 4424 10
140 4124 5
140 4489 2
140 861 1
141 3153 2
142 2004 1
142 9 3
142 2903 6
143 55 5
143 4606 4
144 652 4
144 4488 7
144 746 5
144 1537 1
144 2922 10
145 32 1
145 2350 1
145 4401 3
145 755 9
145 1022 9
146 1028 10
146 4665 2
147 3553 7
147 4143 6
147 1272 7
148 4969 3
149 2185 10
150 1653 10
150 499 4
150 4015 5
151 3204 5
152 2226 9
152 408 4
152 3121 8
152 713 8
152 1945 5
153 3424 1
153 312 1
154 3086 9
154 3450 8
154 4282 1
155 513 3
156 2857 7
156 1192 4
157 4844 5
157 4306 3
157 3400 8
158 4852 4
158 3302 10
159 2885 8
159 4012 8
159 765 7
159 761 1
160 3691 8
160 3664 6
161 4087 2
161 2984 5
162 1528 2
163 1667 9
164 1798 2
164 4887 6
164 2499 10
164 4680 1
165 2390 3
166 4746 10
167 3580 4
167 1942 8
168 4257 5
168 1185 3
168 4475 10
169 3592 8
169 3920 6
169 3172 1
169 2937 8
170 2148 2
170 746 6
170 1463 5
170 851 5
170 652 9
171 1458 9
171 1496 9
172 3469 2
173 992 3
173 2558 1
174 3619 3
174 3295 10
174 4833 4
174 2996 6
175 3899 6
175 297 1
175 2403 3
175 2547 4
176 250 6
176 1444 9
177 3309 6
177 2107 1
177 2442 10
178 125 5
178 771 2
178 796 9
179 2743 5
179 1474 5
179 914 3
179 4454 10
179 283 5
180 2404 7
180 2193 4
180 347 5
180 1523 4
181 4290 7
181 1535 8
181 3209 2
181 592 8
182 4180 9
182 1701 7
182 2543 4
182 4130 4
182 3512 4
183 4868 3
183 2663 1
184 3771 7
185 2925 5
185 2569 9
185 1232 6
186 4985 1
186 3914 8
186 1419 1
187 2193 3
187 2966 2
187 2404 2
187 515 2
188 4861 1
189 1143 5
189 346 1
189 322 4
190 1164 3
191 59 9
192 2908 2
192 4385 4
192 3921 3
192 4828 9
192 1427 5
193 924 10
193 2601 7
193 3551 4
194 4328 1
194 913 4
194 3248 1
194 2796 5
194 66 6
195 4783 4
195 2827 2
195 4605 6
195 1960 5
195 2341 3
196 402 8
196 2409 6
196 650 9
196 1550 4
196 2242 1
197 1366 1
198 357 10
198 3979 6
199 4513 3
199 1293 3
199 4921 9
200 1362 9
200 4973 10
201 1941 4
201 208 1
201 2902 1
201 717 6
201 4703 2
202 236 9
202 3276 4
202 981 3
202 4101 10
202 1716 4
203 3900 9
203 3735 4
203 1543 4
203 1147 9
204 1469 9
204 1482 9
204 1519 2
205 3068 3
205 689 5
206 3607 3
206 442 5
207 4095 5
208 4322 9
209 4147 10
209 1977 7
210 3839 9
210 30 6
210 4632 6
210 2416 2
211 3712 9
211 4303 10
211 3372 7
212 4696 1
212 1118 10
212 3113 7
212 1483 9
213 3301 2
214 3491 7
214 1768 3
214 4391 2
214 3339 5
214 4375 3
215 3616 9
215 3532 6
215 3275 10
215 3371 2
215 3320 9
216 4979 1
217 1388 9
217 2899 10
217 3868 7
217 2075 7
218 524 2
218 1958 1
219 712 5
219 4516 3
219 2904 6
220 1622 10
220 3884 9
220 4915 6
220 1788 5
220 871 4
221 1309 8
221 3738 5
221 1010 10
221 3537 1
221 3703 7
222 600 10
223 3696 2
223 3175 6
223 1978 5
224 919 9
224 2146 10
224 700 8
224 4185 5
225 2819 7
225 4194 8
226 1289 6
226 505 7
227 3009 5
227 1511 7
227 597 5
228 4586 10
228 372 1
229 2550 2
229 973 6
230 1106 10
230 4311 1
230 3091 4
230 621 10
230 698 3
231 841 8
231 705 5
231 3437 9
231 2114 7
232 1175 5
232 2102 5
232 948 9
232 294 2
232 3051 4
233 35 2
233 387 9
233 2373 4
234 4372 4
234 4568 1
235 2729 6
235 3843 7
235 1047 9
236 3276 3
236 3066 10
236 2934 6
237 3275 4
237 3616 9
237 3010 6
237 4973 7
238 2735 2
238 302 5
238 4521 2
238 2807 9
238 3427 8
239 4128 6
239 3254 7
239 459 1
239 4468 6
240 521 3
240 3931 3
240 480 5
240 2465 3
240 3733 5
241 1082 9
241 3577 1
241 1956 3
241 4044 2
242 399 4
242 794 8
243 3328 4
244 3673 10
244 1032 8
244 64 6
244 2421 4
245 3657 6
245 529 6
245 3476 6
246 2862 1
247 3486 4
248 1762 8
248 2184 10
248 945 1
248 4853 6
249 4348 7
250 4639 6
250 337 3
250 3792 5
250 4118 3
251 4203 10
251 2786 1
251 1353 7
251 2389 10
252 3438 4
252 3956 1
252 1610 7
252 2596 10
252 1409 5
253 3868 8
253 4753 3
253 4456 9
253 217 8
253 289 1
254 4419 8
255 199 9
255 2508 8
255 1748 9
255 3442 7
256 3963 8
256 125 10
256 3168 1
256 1959 7
256 4910 5
257 490 1
257 999 3
257 4048 4
258 3892 3
258 3741 8
259 1859 1
260 559 4
260 2791 5
260 9 5
260 868 10
261 4996 3
261 1977 4
262 361 4
263 3800 3
263 316 8
263 1507 8
263 1399 9
264 294 8
264 2102 7
264 3051 9
264 948 2
264 1881 1
265 4368 1
265 465 1
265 1065 7
265 85 9
265 3820 10
266 539 1
267 4979 6
268 2471 7
269 2563 6
269 3248 6
269 194 5
269 2385 8
270 117 7
270 2126 2
271 1406 2
272 4468 3
273 2674 9
274 4109 5
274 4309 3
274 126 9
274 604 7
275 524 2
275 1730 8
275 4382 8
275 4731 10
276 1031 2
276 1519 10
276 3907 2
276 464 2
277 1882 3
277 3834 9
277 3047 10
277 513 2
278 2878 3
278 3363 8
278 3641 9
278 3967 3
279 2980 8
279 620 5
279 1108 2
280 896 6
280 4388 7
280 1430 10
281 3945 6
281 2759 3
282 2286 9
282 296 3
282 4059 3
283 4454 2
283 410 7
283 4148 5
283 914 10
284 3341 2
284 397 2
285 862 9
285 416 5
285 1760 10
285 4929 7
285 1248 1
286 2342 1
286 2858 2
287 1381 4
287 2787 9
287 3559 7
287 2133 7
287 2840 7
288 3808 4
288 4027 5
288 3025 3
288 2822 1
288 2514 2
289 1406 5
289 3856 10
289 3652 6
290 3606 9
290 4015 5
291 4953 8
291 2365 9
291 2012 4
291 4029 8
291 4150 10
292 773 10
292 3218 4
292 3187 10
292 4250 5
293 2468 5
293 2600 10
294 1883 6
294 1619 10
294 1881 6
294 3421 4
295 1075 8
295 1047 7
295 866 8
295 1683 10
295 325 9
296 630 3
296 4962 3
297 2814 8
297 3911 2
297 2225 10
297 2208 3
298 2215 8
298 1990 8
298 2722 3
298 2912 4
298 4473 3
299 1241 7
299 312 2
299 4060 7
299 4446 1
299 4539 2
300 2977 2
300 129 9
300 3112 4
300 1477 2
301 1744 3
301 4611 8
302 2354 1
302 428 4
302 4737 8
302 2807 7
303 1093 5
303 3216 1
304 132 2
304 1325 9
304 3718 3
305 2088 9
305 315 8
306 3197 4
306 255 6
307 527 2
308 4550 8
308 3409 6
308 3832 7
309 1696 6
309 4430 7
309 1504 10
309 4703 9
310 3789 4
310 1924 5
310 3636 8
310 2089 6
311 1009 1
311 4513 8
312 4972 9
312 4060 7
312 4539 6
312 4323 10
313 1614 5
313 551 4
314 2648 10
314 4156 10
315 1213 3
315 4344 5
315 3408 9
315 1922 6
315 3685 4
316 3091 7
316 698 3
316 4896 7
316 3800 3
317 2068 8
317 3512 9
317 1156 10
317 4180 1
318 1613 6
318 1823 6
318 2430 6
319 4822 2
319 1861 6
319 3163 7
319 4387 8
320 4775 6
320 949 2
320 1101 1
320 2637 6
320 3300 4
321 3309 9
321 4766 5
321 534 8
321 3871 9
321 678 9
322 117 1
322 270 3
322 932 7
322 3208 7
322 4289 2
323 4841 5
323 3240 5
323 815 8
323 4363 4
323 4872 1
324 1387 8
324 2795 8
324 4763 4
324 403 9
325 1075 2
325 1657 4
325 2035 9
326 3835 9
326 500 10
326 1874 10
326 567 5
327 2473 6
327 442 5
327 4141 4
328 2869 5
329 3323 3
329 4493 2
330 687 1
331 2333 8
331 975 5
332 69 2
333 3228 7
333 2716 8
333 759 7
333 1616 2
333 2769 5
334 3282 4
334 336 6
334 627 8
334 1971 6
335 3134 2
336 711 4
336 3282 7
336 1830 6
336 2509 8
336 1971 3
337 758 5
337 3013 6
337 4407 2
337 3463 4
338 4738 4
338 4847 10
339 2170 2
340 4625 5
340 1456 3
340 3134 1
340 4582 8
340 3992 4
341 759 4
342 4629 5
342 4855 7
342 2551 3
342 2031 7
343 4517 3
344 4273 7
344 2376 4
344 3146 8
344 786 9
344 2004 9
345 3642 9
345 2731 9
345 2069 5
346 4254 7
346 1896 10
346 932 8
346 1143 3
347 614 9
348 2609 5
348 32 1
348 145 4
349 3409 4
349 4550 1
349 2264 1
349 2651 6
350 2030 2
351 4808 3
351 3064 6
351 3558 10
351 3588 10
352 2372 6
352 2146 9
352 919 5
352 700 4
353 2689 4
354 1188 5
354 90 8
355 970 1
355 578 2
356 2900 6
356 2014 10
357 433 7
357 3885 5
357 2580 6
357 1613 9
357 470 3
358 1000 7
359 2301 7
359 988 8
359 1043 6
359 3355 2
360 4359 10
360 2450 3
360 1351 3
360 2292 3
360 4248 6
361 305 9
361 2088 9
362 4572 5
362 1103 3
362 2340 5
363 4999 5
363 828 4
363 2018 2
363 4397 3
364 4984 8
364 1414 9
364 4437 9
364 4886 4
365 3551 5
365 1662 7
365 2956 4
365 522 7
365 924 4
366 4071 8
366 2898 5
366 3304 8
366 2202 4
366 4317 10
367 2406 2
368 2127 10
368 2199 5
368 2112 8
368 1936 3
368 4474 1
369 1653 2
370 4081 3
371 1306 10
371 1703 6
371 1977 2
371 261 6
371 4996 10
372 1796 8
372 1163 5
372 655 10
372 173 5
373 3725 1
373 3710 7
373 3669 10
373 1890 1
374 4159 1
374 2050 4
374 1751 8
374 2224 9
374 2639 4
375 1029 5
376 857 5
376 4070 3
376 2785 3
376 502 8
377 3823 8
377 1562 5
377 2054 4
378 3582 6
379 1412 7
379 3137 1
379 3312 5
380 3308 3
380 2535 7
380 4444 6
380 840 7
381 2184 3
381 2669 7
381 945 7
381 4853 9
381 3983 3
382 2467 9
382 1116 9
383 2805 1
383 3803 6
383 2557 3
384 1128 9
384 4647 6
384 4373 3
384 3634 9
385 1900 8
386 1445 9
387 1753 3
387 4540 7
388 2100 3
388 2657 6
388 3808 9
388 4971 4
389 4041 9
389 907 4
389 1739 1
389 2964 5
389 4188 1
390 2014 1
390 1302 5
390 1520 5
391 1856 1
392 1854 5
393 44 8
393 3837 10
393 3210 7
394 622 6
394 2678 4
394 4980 6
394 2204 3
394 4090 5
395 1979 4
396 2646 3
396 2195 3
396 1859 10
397 2408 2
397 872 10
398 3798 3
398 3697 5
399 3851 10
399 3941 2
399 1769 2
399 1694 10
400 3369 2
401 3029 1
401 2366 6
402 546 7
402 2817 3
403 1674 7
403 4781 3
403 2125 10
403 2501 1
404 3469 9
405 3820 9
405 1892 8
405 610 10
405 1242 9
406 1553 8
406 1717 4
406 1027 5
407 156 5
407 1192 6
407 2857 7
407 2813 10
408 3661 6
409 4014 9
409 3971 2
409 4240 3
409 3507 1
410 1184 4
410 4014 8
410 409 10
410 3507 5
411 2173 5
411 2151 2
411 3245 8
411 2724 4
412 2030 4
412 2227 3
412 3418 1
413 2006 5
414 1094 1
414 3332 3
414 4227 3
414 3717 1
415 1167 9
416 4929 5
416 4807 4
416 3709 5
416 646 9
416 3913 1
417 800 2
417 2270 8
417 3653 5
417 3517 9
418 1577 5
418 1964 7
418 2087 4
418 3927 8
418 1122 8
419 1222 7
420 2273 2
420 3740 1
420 915 8
420 4229 5
421 4310 7
421 2236 5
422 4328 8
423 2713 4
423 1464 6
423 4491 4
424 1697 2
424 782 5
424 3349 4
424 2266 3
424 2896 7
425 3077 6
425 2672 1
425 1487 10
426 3607 7
426 1025 2
426 2124 4
426 2473 3
426 4141 8
427 4476 6
427 3048 9
427 3386 8
427 1599 7
427 1206 8
428 2354 7
428 251 7
428 4737 2
428 2941 7
428 1015 3
429 2999 3
429 52 3
429 1061 5
430 2562 6
430 2541 10
430 4383 1
431 3998 10
431 4335 8
431 4940 1
431 4895 6
431 1250 6
432 1471 7
433 3964 5
433 1970 7
434 1847 5
434 1204 9
434 3350 6
434 3904 1
435 3814 8
435 2009 1
436 334 1
436 3571 9
436 1971 4
436 627 1
437 498 5
437 488 2
437 4741 9
437 1278 1
437 1595 2
438 2897 1
438 3316 10
438 1767 1
439 102 8
440 1652 7
440 2139 6
441 3852 10
441 3021 1
441 101 8
441 1194 9
442 2528 6
442 4784 7
443 4438 5
443 766 6
443 3855 5
443 3707 1
443 4682 5
444 4754 1
444 4375 5
445 917 2
445 3246 5
445 2810 9
445 2461 3
445 2587 9
446 487 3
446 2174 10
446 1776 3
446 4145 6
447 3800 6
447 2691 9
447 4572 2
447 1106 4
447 4076 8
448 507 2
448 240 2
448 2465 2
448 521 5
448 3430 4
449 500 5
449 2143 4
449 1040 8
449 567 4
450 3423 2
450 1012 1
450 4994 3
450 4458 2
450 1868 7
451 1116 7
451 2467 7
451 2708 8
451 2377 9
452 2133 7
452 3940 9
452 287 5
452 2234 2
453 865 10
453 3547 8
453 1807 5
453 1806 9
454 4998 6
454 3717 4
454 3356 7
454 2317 2
454 3332 4
455 3078 5
455 4499 7
455 4176 1
456 3278 9
456 1884 9
456 2866 8
456 4587 9
457 202 10
457 2447 10
457 1716 7
457 4101 8
458 3566 9
458 2548 8
458 2823 3
458 2944 3
458 2274 9
459 149 2
459 4272 6
459 2926 3
460 1756 8
460 1361 8
461 2687 5
461 1584 7
461 2860 1
461 2950 3
462 3817 4
462 3158 8
463 3255 2
464 378 3
464 953 1
464 3882 1
464 4104 8
465 4815 10
465 1892 2
465 1579 7
465 405 6
465 1041 10
466 4076 3
466 1103 3
466 4751 6
466 1105 8
467 857 2
467 556 9
467 2785 7
467 4963 9
467 502 9
468 3915 6
468 3354 10
468 2764 2
468 2216 2
468 43 1
469 3931 9
469 240 10
469 734 1
469 507 4
470 3964 1
470 2976 9
471 641 5
471 1505 8
471 878 4
471 692 2
471 2750 7
472 3152 5
472 1578 1
472 501 1
472 4466 7
472 2038 9
473 905 4
473 2454 7
473 4686 2
474 813 1
475 3468 4
475 2182 10
476 4155 7
476 1775 9
476 2283 4
476 3840 10
477 1130 5
477 2450 5
477 4248 8
477 4359 4
478 1912 2
478 446 4
478 36 5
479 466 8
479 4467 8
480 734 6
480 1659 2
480 1546 8
480 4792 2
480 3651 8
481 3910 9
482 568 1
483 226 9
484 3607 4
484 4256 6
484 426 10
484 2576 8
484 4605 7
485 1773 8
485 3939 2
485 3368 7
485 1199 10
486 2885 5
486 3483 6
486 3582 10
487 550 4
488 1809 9
488 1181 1
488 1044 1
488 1278 8
488 1595 9
489 3244 10
489 3949 4
490 4855 8
490 2551 9
490 2438 2
490 1100 1
491 3491 8
491 214 7
491 4391 6
492 849 4
492 4279 1
492 4690 8
493 1611 2
493 1858 3
494 1652 7
494 4943 6
494 440 8
494 2704 1
494 3993 2
495 4342 8
496 4208 3
496 3530 3
497 1552 4
497 1376 4
497 3263 8
497 2320 3
497 3912 1
498 1278 9
498 1044 2
498 1181 4
498 1809 9
499 3427 9
499 2735 3
499 2807 10
500 645 8
500 2491 10
501 4412 1
501 2397 4
502 4816 5
502 4963 5
502 1754 2
503 594 3
503 4500 7
503 4873 3
504 3202 4
504 390 7
504 1302 10
504 3155 5
505 3831 5
506 2702 3
507 3838 9
507 1546 1
507 2465 8
508 1129 2
508 2386 7
509 4865 6
509 2568 3
509 4123 2
509 3681 5
510 1537 6
510 3527 4
510 2148 4
510 1463 9
511 3017 9
512 4679 3
512 4366 2
512 4098 9
513 3133 10
513 1102 3
513 756 8
514 4081 4
515 614 6
515 4267 6
515 2193 10
515 1727 10
516 2319 7
516 1453 5
516 903 6
516 4883 6
516 4482 5
517 1674 7
517 4450 9
517 403 4
517 642 4
517 285 1
518 796 3
519 554 10
519 690 6
520 2773 6
520 1614 10
520 2020 7
520 551 10
520 1605 8
521 480 9
522 1662 9
522 3572 6
522 2017 10
522 3304 4
522 4071 7
523 2464 8
523 623 9
524 4382 9
525 1783 2
525 685 3
525 3204 8
525 2623 9
526 2290 10
526 1281 6
527 602 2
527 1635 1
528 3874 8
528 2309 1
528 539 1
528 3930 3
529 4662 3
530 3553 10
531 3480 5
531 3602 1
531 4049 8
531 4216 2
532 4327 8
533 3411 4
534 4158 6
534 4549 8
535 3181 9
535 1109 1
535 607 8
535 836 9
535 4536 2
536 2967 5
537 4467 10
537 3091 2
537 4751 9
538 1823 10
539 2309 8
539 3953 3
540 640 2
540 899 2
540 742 2
540 686 6
541 3776 5
541 2487 3
541 2253 7
541 4457 8
541 3902 6
542 3904 9
542 4799 7
542 1847 8
543 1862 8
543 4052 10
543 1736 4
544 1929 4
544 2766 9
544 4058 4
544 4413 10
545 2786 6
545 2735 6
545 2941 5
545 428 5
546 2817 2
546 985 9
546 675 9
546 2194 9
547 2943 1
547 4064 8
548 2027 8
548 1712 10
548 533 4
548 3411 1
549 3419 6
549 3649 5
549 2240 6
550 3382 9
550 4226 6
550 2794 6
550 4392 2
550 4547 3
551 4248 7
551 3525 10
551 4359 10
551 1351 6
552 4286 10
552 243 9
553 3581 3
553 4745 4
554 2475 1
554 2603 2
554 1268 4
555 3353 1
555 820 10
556 342 1
556 4048 10
556 490 10
557 3521 8
557 2411 4
557 788 7
557 185 3
558 3255 9
558 4749 4
559 1810 1
559 9 8
559 4598 5
559 3146 8
560 1809 10
560 1044 4
560 2042 4
561 77 10
561 198 3
561 4101 10
562 4087 4
562 4187 5
562 938 8
562 2375 4
562 2984 9
563 4003 1
563 2723 7
563 4212 7
564 3986 10
565 3807 2
565 3193 2
565 687 6
566 138 7
566 2474 3
566 3310 4
567 2209 6
567 2143 6
568 3775 3
568 4786 2
568 2990 1
569 2648 3
569 4245 2
570 2979 8
570 2776 1
570 1991 8
570 4285 6
570 656 1
571 2675 6
571 3383 10
571 93 9
571 3821 2
572 2977 10
572 359 10
573 3007 8
573 2749 10
573 2611 4
573 4440 6
574 708 3
574 1600 9
575 1557 3
576 4522 1
576 816 8
576 4223 9
577 279 3
577 4604 5
577 1367 1
577 1280 5
577 2538 6
578 3993 2
579 1332 3
579 4739 9
580 3974 1
580 1492 2
581 3809 8
581 3177 5
582 250 3
582 337 1
582 4407 1
582 4576 7
582 3013 1
583 363 7
583 3933 10
583 4999 5
584 3158 1
584 4086 5
585 478 8
585 780 3
585 1473 8
585 3678 10
586 1077 3
586 2546 8
586 4758 2
586 4230 9
586 732 8
587 687 4
587 3807 3
587 4780 5
587 991 3
587 3509 10
588 2707 5
588 421 9
588 1140 5
588 4310 5
588 3802 2
589 4098 4
590 2815 2
590 2422 1
590 3073 9
590 1536 5
591 221 1
591 617 2
591 3603 2
591 667 5
592 3252 1
592 4964 7
592 1346 1
593 3568 4
593 3976 9
594 3021 5
594 1769 6
594 399 7
595 902 10
595 4701 3
595 4933 3
596 2210 4
596 4984 2
596 3118 4
597 830 9
597 4758 6
598 844 8
598 2278 8
598 4001 6
599 2501 8
599 1760 5
600 1006 3
600 255 8
600 1848 2
600 3197 10
601 3784 2
601 2817 9
601 3375 7
601 2242 2
602 600 4
602 4033 4
603 2589 4
603 2237 3
603 2029 6
604 4244 2
604 374 7
604 63 1
604 837 10
605 4246 9
605 3150 8
605 1358 8
605 2008 7
606 3505 7
606 1325 4
606 1541 5
607 3042 3
607 3870 9
607 2298 1
607 2607 5
608 2128 6
609 4530 8
609 2286 2
610 4564 2
610 1561 5
610 4551 10
611 2589 10
611 2658 8
612 3092 8
612 2924 2
613 1771 9
613 2698 8
613 2520 8
614 1727 10
614 1177 6
614 3230 6
614 40 4
614 1808 9
615 2643 8
615 3012 8
615 1499 4
615 3830 5
616 984 2
616 3927 6
616 1964 2
617 3738 3
617 221 2
617 4105 6
618 3975 7
618 2759 1
618 3191 1
619 3418 8
619 3196 5
620 4986 8
620 4909 2
620 989 4
620 1280 7
620 1062 8
621 1106 6
621 1135 1
621 28 5
621 4859 5
622 2360 3
622 457 9
622 202 2
622 4101 5
622 981 8
623 4133 1
623 556 8
623 376 2
623 502 4
624 4226 2
624 3382 6
624 2794 3
625 3488 6
625 2215 10
625 1990 6
625 2912 7
626 754 7
627 795 2
627 3282 4
628 2021 9
628 971 9
629 2681 4
629 1998 3
629 4712 2
629 2660 9
630 3955 6
630 2048 7
630 3629 10
630 4962 9
630 4302 10
631 3558 10
631 2757 9
631 3588 9
631 3965 6
632 3722 8
632 2052 5
632 2108 4
632 2074 8
632 768 2
633 3294 10
634 439 7
634 1296 3
634 463 5
634 3255 4
634 4498 6
635 4945 3
635 2641 4
635 3029 8
636 4384 2
636 4056 7
637 3871 10
637 177 8
638 1290 5
638 4964 7
639 2379 6
639 1337 10
639 3391 4
639 298 2
640 4135 6
641 2393 5
642 4781 10
643 3924 5
643 4061 3
643 4422 2
643 2183 2
643 4759 6
644 3706 8
644 2185 3
645 349 8
646 3959 4
646 3613 8
646 3596 9
646 1396 3
646 3192 6
647 1344 8
647 4693 5
647 1746 10
647 4490 1
647 1313 6
648 2243 2
648 2718 6
648 1492 5
648 3974 8
648 2952 3
649 1467 2
649 753 2
649 2361 5
650 402 3
650 2817 10
651 3638 6
651 3679 5
651 547 7
651 2280 6
652 2117 5
652 4528 3
653 4549 2
653 4727 4
653 3414 1
654 3042 3
654 836 9
655 3023 8
655 2089 3
655 310 7
656 217 5
656 4753 3
656 3856 6
656 2310 6
657 4698 6
657 2927 5
657 4610 2
657 4624 8
657 1525 9
658 116 6
659 2641 4
659 4945 6
660 2315 9
660 220 2
660 1622 3
661 1569 9
661 1826 5
662 3868 9
662 2899 3
663 1573 3
663 3989 5
663 2792 8
663 1918 3
663 2527 2
664 1221 9
665 2338 5
665 916 3
665 4688 1
665 2998 3
665 3415 10
666 4682 4
667 617 9
667 728 5
668 2350 8
669 3540 4
669 1090 1
669 387 5
669 2911 3
669 2373 9
670 1424 5
671 2668 2
671 2402 4
671 3708 8
672 2590 4
672 3864 1
672 4813 6
672 3969 5
673 404 7
673 2646 8
673 2195 4
673 663 10
674 471 2
675 823 9
675 3083 10
675 2335 1
675 715 5
675 3361 1
676 2196 10
676 2820 1
676 1907 3
676 2500 8
677 4673 1
677 455 8
677 137 3
677 4266 10
678 4766 6
678 1301 2
679 2911 7
679 3764 6
679 4540 8
680 937 5
680 2031 3
680 556 1
681 2032 1
681 135 1
681 647 2
682 3488 10
683 3606 1
683 2617 8
683 428 2
683 251 5
684 4730 3
684 4519 9
685 2623 3
685 1735 8
686 873 1
686 4996 5
686 371 5
687 1723 2
687 991 1
687 2118 4
687 4780 10
688 883 8
688 2790 6
688 3625 9
689 2878 10
689 2093 2
689 2312 7
689 3967 4
690 4700 8
691 2961 7
691 4097 7
692 2003 3
692 4671 5
692 4842 5
693 3156 4
694 3243 2
694 2095 8
694 2472 5
695 756 3
695 4035 8
695 1792 2
695 2955 3
696 1904 9
697 196 9
697 3361 3
697 985 4
697 2295 7
697 601 4
698 3036 8
698 1465 7
698 41 1
699 1215 7
699 2334 6
699 3476 2
700 2689 10
701 133 9
701 1295 8
702 3557 8
702 756 6
702 1942 5
703 2681 10
703 2660 5
703 1425 2
704 785 7
704 767 7
705 4358 4
706 3837 4
707 4979 9
708 1016 2
708 2005 2
708 4865 9
708 3909 8
708 4123 7
709 1530 3
709 3547 8
709 1806 4
709 3719 9
710 1008 10
710 1810 2
710 3307 7
710 2376 3
711 4880 4
711 1532 2
711 831 6
711 795 9
712 2914 5
712 1958 9
712 218 8
712 275 1
712 73 8
713 1201 2
713 3099 9
713 2226 1
714 808 4
714 3465 5
714 4624 7
714 657 6
715 4082 5
715 4079 2
715 2041 5
715 4462 9
716 1052 8
716 890 2
716 1498 6
716 1516 5
716 1875 4
717 1941 4
718 3716 4
718 2919 6
718 3092 6
719 905 8
719 3744 9
719 473 6
719 4132 1
720 376 1
720 4133 2
721 2315 7
721 909 8
721 3237 6
721 3867 7
722 3725 6
723 4494 10
723 4556 5
724 2005 2
725 703 1
725 4717 2
725 1998 1
725 4884 1
725 4712 6
726 24 2
726 4237 3
726 4170 6
726 30 1
727 2521 9
728 3545 6
729 2749 7
729 1965 3
729 4608 3
729 4326 4
729 3007 10
730 1141 10
730 4416 4
730 4782 1
731 1745 9
731 1409 4
731 1138 6
732 2546 8
732 830 3
732 1581 1
733 11 6
734 1546 6
734 4792 5
734 566 3
734 1238 7
735 3535 2
735 3157 1
735 4868 3
736 2217 4
736 4113 4
737 1882 5
737 1831 6
737 3824 9
738 4306 2
738 2059 2
738 4047 6
738 3967 8
738 4136 4
739 2830 10
739 139 1
740 804 7
741 872 8
741 4172 6
742 1977 10
742 4147 6
743 4821 9
743 4351 8
743 3178 1
743 281 10
744 4513 9
744 3942 10
744 306 6
744 311 2
745 2855 10
745 3318 8
745 869 6
746 1171 5
746 1463 6
746 2117 1
747 1649 5
747 1501 9
747 2836 3
748 2582 8
748 4436 7
749 1724 10
749 12 5
750 4397 3
750 363 9
750 87 4
750 828 2
750 1326 10
751 1539 8
751 1406 5
752 3585 7
752 1345 8
752 2157 10
752 1503 7
752 2530 10
753 3630 10
753 4693 3
753 4345 7
754 3249 3
754 2719 8
754 4021 1
754 4083 2
755 4588 6
755 4878 5
755 3614 10
755 345 4
756 1713 7
756 3580 10
756 3824 9
756 1102 2
756 229 10
757 2893 6
757 3632 8
757 1565 8
758 4293 6
758 2888 5
758 2823 3
758 2865 9
759 29 4
760 4812 3
760 3014 1
761 1376 9
761 4202 2
762 1342 10
762 4752 6
762 3096 2
762 4561 1
763 4383 1
763 1814 3
763 4031 9
763 2110 10
764 4601 2
764 4303 5
764 4320 2
764 1560 2
764 3372 2
765 2885 5
765 245 5
765 761 8
765 3657 3
766 3543 7
766 1439 2
767 3658 10
767 785 3
767 488 7
768 3722 7
768 1843 1
768 4590 1
768 184 7
768 1522 1
769 1333 7
769 2233 5
770 2017 1
770 1662 9
770 924 7
770 193 7
771 2324 3
771 2387 7
772 4348 5
772 1162 10
772 1072 1
772 1457 5
772 2771 6
773 3187 7
773 1745 6
773 731 6
773 3956 7
773 2907 9
774 3825 10
774 3841 5
774 3782 6
774 1411 4
775 3938 5
775 1705 10
776 3363 3
776 2093 4
776 2059 9
776 4136 3
776 4844 1
777 2684 8
777 4455 3
777 1184 1
777 2152 8
777 409 2
778 1426 10
778 3316 9
778 1259 4
778 2897 6
779 1419 3
779 186 1
779 1112 4
779 3628 1
779 1400 7
780 2794 6
780 3382 8
781 3802 9
781 4310 1
782 4339 9
783 3235 6
784 2863 2
784 1706 8
785 2042 6
785 4789 7
785 1044 7
785 2727 5
785 488 5
786 9 1
786 1058 5
786 2903 9
786 2376 8
787 4294 2
787 1979 2
787 3748 4
787 395 1
787 3388 3
788 2055 4
788 3857 8
788 4520 1
788 2925 1
789 3269 2
789 1554 8
789 3954 4
789 191 10
790 4087 2
790 562 9
790 2375 7
790 938 1
790 2230 9
791 2995 6
791 3972 6
792 4771 7
792 3589 6
792 3806 1
793 1888 4
793 4257 1
793 4318 6
793 1615 8
793 4475 9
794 1898 4
794 3941 4
795 2726 10
796 3446 8
796 2679 9
796 4354 6
796 3393 8
796 3548 10
797 4663 5
797 3281 10
797 2550 4
797 973 4
797 1789 5
798 145 4
798 32 8
799 4720 1
800 4350 10
800 4370 1
800 4221 1
800 2967 2
800 3781 3
801 4003 7
801 563 9
801 4299 1
801 2145 1
802 3241 3
802 4308 9
803 1543 1
803 4795 10
804 3929 8
804 1203 7
804 3250 9
805 4498 8
805 4621 10
806 483 8
806 3434 2
806 226 8
806 4094 1
807 1537 4
807 4643 4
807 851 10
807 4528 1
807 746 7
808 4610 4
808 4624 2
809 4701 4
810 1182 7
811 421 1
811 3671 1
811 3802 9
812 47 8
812 769 3
813 3649 8
813 4098 8
813 549 8
813 3419 7
814 403 6
814 4409 8
815 4026 10
816 1939 3
816 4223 8
816 4522 4
816 3147 4
817 4300 10
817 3654 4
818 1319 10
818 2129 5
818 2961 5
819 2205 7
819 3520 6
819 1855 3
820 915 3
821 3845 5
821 1689 9
821 2518 4
822 74 5
823 1413 9
823 2041 7
824 3621 7
824 600 1
824 3655 7
824 1293 2
824 2862 7
825 3371 5
825 3275 1
825 200 2
826 3384 2
826 3674 3
826 115 5
827 3529 2
827 1349 7
827 3859 10
827 4918 6
828 4546 8
828 2018 5
828 1331 8
829 554 10
829 4847 1
829 2475 9
829 1619 10
829 4017 10
830 3087 8
830 4030 7
830 926 1
830 3043 5
831 4922 6
831 2726 9
831 2859 5
831 2671 8
831 1080 2
832 4577 2
833 3706 7
833 3811 7
833 2623 2
833 525 7
834 456 10
834 4518 8
834 1086 9
834 1983 9
834 1446 10
835 3655 3
835 3631 1
835 4921 5
836 3870 9
837 4244 1
837 4159 8
838 1626 3
839 1198 9
839 1021 1
839 1608 4
840 4365 3
840 4634 7
840 4772 5
840 3308 4
841 1506 4
841 3253 8
841 4358 2
841 1132 7
841 616 7
842 2400 1
842 4068 5
843 479 5
843 4467 8
843 1103 5
843 4532 4
844 3323 2
845 1798 3
845 3645 6
845 4569 2
846 1199 10
846 2927 2
846 2492 4
846 3465 10
847 3515 1
847 1572 4
847 3762 7
847 1379 3
848 2534 10
848 2953 10
849 2207 4
850 3649 3
850 3419 2
851 2117 4
851 4643 3
852 4656 4
852 2407 4
852 3825 9
852 2222 4
853 389 6
853 1266 8
854 4614 9
854 1617 9
854 2629 10
854 3810 8
855 1856 6
856 4242 10
857 257 1
857 556 2
857 4324 4
858 2210 6
858 2322 9
858 1414 4
858 3142 4
858 3615 9
859 891 4
860 1836 9
860 1999 8
860 722 5
861 4124 2
862 2727 8
862 4860 9
863 4564 8
864 4746 2
864 2784 4
865 3322 6
865 3547 3
865 3833 5
866 3843 9
866 235 4
866 2729 4
867 3664 8
867 3079 10
867 1126 3
868 2004 2
868 559 5
868 3307 4
868 1167 7
869 1634 4
869 1840 10
869 2085 5
869 801 1
870 3700 1
870 784 4
870 2573 10
871 1557 5
872 3855 9
872 1534 6
872 4682 3
873 1703 8
873 4996 2
873 1162 9
873 4147 8
873 2771 4
874 2514 6
875 3948 1
875 1631 10
875 2137 5
875 481 3
876 3126 4
876 4144 4
876 4847 9
876 3626 10
876 4738 7
877 3028 9
878 4671 4
878 3633 6
879 4704 4
879 3290 2
880 4492 4
880 3941 5
880 1898 9
880 399 10
880 1694 2
881 3332 2
881 304 7
881 4998 4
882 3889 1
882 3961 7
882 3511 8
882 4683 10
883 526 6
883 2105 4
883 1338 7
883 1412 5
883 3935 2
884 359 10
884 4825 9
884 2353 1
885 2046 3
885 2619 5
885 4748 5
886 3019 8
887 1555 4
887 4531 7
887 3145 5
887 1719 9
887 3277 4
888 3216 1
888 383 6
888 3803 6
888 1961 9
888 2809 3
889 1374 10
889 3997 3
890 4220 2
890 4337 7
890 1516 4
890 4305 9
890 1597 2
891 2099 1
891 322 1
891 189 4
891 346 9
891 2483 2
892 2928 10
892 4151 1
892 74 5
892 2210 1
893 4871 1
894 1791 6
894 3618 10
894 871 7
894 4915 3
894 4975 9
895 974 5
896 3715 7
896 1436 1
896 2620 3
897 2328 9
897 3837 3
897 44 4
898 4330 1
898 2543 7
898 4298 10
898 1375 1
899 772 1
899 261 3
900 819 3
900 4036 9
900 1205 3
900 975 1
901 2160 1
901 1051 2
901 3797 7
901 879 8
902 1470 8
903 2506 3
903 4685 4
903 3538 1
904 733 3
904 1059 9
904 503 4
904 3736 4
905 3640 4
906 2643 1
906 1782 6
906 1700 5
907 2964 7
907 1266 6
907 844 3
907 4001 9
908 1448 2
908 3666 4
908 3053 4
908 4578 8
909 2187 2
909 4932 2
910 1910 4
911 1363 5
912 1949 5
913 3248 2
914 4240 2
914 4148 4
915 3740 5
915 1901 6
916 258 2
916 2101 7
916 3892 1
916 476 9
917 4355 6
918 528 4
918 1247 10
918 4615 1
919 2146 7
920 1819 8
920 2971 4
920 4562 1
920 4044 9
921 3223 8
921 4743 5
922 614 5
922 2496 7
922 1808 5
923 4105 5
923 1671 6
923 617 8
923 3603 3
924 4071 10
924 4317 3
924 4774 8
924 2348 7
925 4972 3
925 1333 5
926 2592 1
926 4030 8
926 3752 3
926 3611 4
927 2498 7
927 543 2
928 635 8
928 3216 3
928 3029 9
929 3451 4
930 2672 6
930 4777 3
930 121 2
930 3167 6
930 1487 6
931 2548 7
931 758 9
932 1896 5
932 3574 3
932 270 6
932 3208 5
932 4164 8
933 4259 1
933 3668 7
933 2069 5
934 652 5
934 851 7
935 891 2
935 2099 2
935 1229 4
935 3574 2
936 727 4
936 722 5
937 2031 9
938 4087 7
938 4187 9
939 4914 3
939 2133 7
939 1644 2
939 209 9
940 2391 9
940 1161 10
940 1000 8
940 1886 2
940 4603 8
941 1047 7
941 4470 10
941 3843 1
941 1075 7
941 3863 7
942 2196 1
942 1907 6
942 4612 9
942 2820 3
943 2283 7
943 2484 5
943 1821 3
944 2039 7
944 3247 4
944 389 6
944 2964 2
944 3879 7
945 957 3
945 894 9
945 220 9
945 3439 6
946 4621 1
946 463 1
946 1296 8
947 1904 9
948 4700 1
948 1268 7
948 2603 8
948 3421 8
949 693 10
949 4134 4
949 3156 5
949 3763 3
949 2637 5
950 1440 2
950 3702 7
950 4795 10
950 3900 6
950 3052 10
951 1693 8
951 3495 4
951 1016 10
951 3065 6
951 3681 5
952 4430 1
952 4577 3
952 1504 2
952 208 7
952 1941 4
953 4760 4
953 159 5
953 4104 4
953 4960 10
953 2586 8
954 1565 9
954 2893 1
955 1975 5
955 4387 6
955 3918 2
955 1438 10
956 3073 4
957 4975 2
958 4780 8
959 4156 9
959 3224 1
960 4271 6
960 4499 4
961 3515 4
961 3762 4
962 4431 4
962 1617 4
962 2173 6
962 2533 6
963 3458 4
963 3675 8
964 308 1
964 4718 1
964 1592 9
965 4839 5
966 1248 2
966 2795 7
966 1574 2
967 2007 4
967 181 4
968 493 2
969 3728 8
969 1717 2
969 385 9
969 1252 2
969 813 8
970 1932 8
971 3015 4
971 4487 9
972 862 5
972 646 3
972 4763 1
972 642 8
972 4651 4
973 4836 1
973 2468 10
973 2915 9
973 204 7
974 3675 4
974 2942 9
974 775 5
974 3458 3
975 2205 7
975 1855 8
975 1013 2
976 4868 10
977 2339 2
977 2524 4
977 1477 6
977 2301 6
978 3451 5
978 4944 9
978 547 2
978 4064 10
978 2280 5
979 741 6
979 2228 2
979 872 5
979 3855 10
980 2758 9
980 3646 3
981 4997 2
981 2360 5
981 2447 2
981 506 9
982 2010 1
983 1210 2
984 3084 1
984 492 7
985 2335 9
985 3223 2
985 4393 8
985 823 4
985 4511 3
986 3933 9
987 2664 4
987 3014 4
987 1765 7
988 4022 10
988 2113 3
988 130 9
989 404 6
989 6 7
989 663 6
990 4710 7
990 3050 7
990 2822 10
991 2118 3
991 2746 3
991 2466 5
991 4870 8
991 1218 6
992 2089 5
992 2142 9
992 3023 9
992 4034 2
992 2030 3
993 2948 5
993 3336 6
993 4872 6
993 4363 9
993 4026 1
994 182 1
994 2650 10
994 1375 6
994 2068 7
994 4809 10
995 2133 6
995 742 6
995 686 5
995 4592 10
995 2510 9
996 4342 8
996 495 2
997 1385 3
997 1485 6
997 2731 8
997 1400 6
998 1746 6
998 111 6
998 4693 10
998 647 5
998 4345 8
999 4629 7
999 1100 2
999 2031 8
1000 3168 6
1000 1959 10
1001 988 5
1001 2339 10
1001 2301 6
1002 1959 1
1002 518 8
1003 4007 6
1003 2798 3
1003 2474 10
1004 4364 3
1005 1378 4
1005 4171 2
1005 1709 1
1005 3684 5
1006 4921 6
1006 1009 3
1006 2595 6
1006 1293 7
1006 1848 9
1007 2525 6
1007 4811 6
1008 2903 5
1008 4598 2
1008 3146 2
1009 1293 7
1009 835 10
1009 3655 7
1010 1671 10
1010 4105 4
1010 1718 6
1011 862 2
1011 4763 10
1011 4651 8
1011 4929 8
1011 4926 8
1012 2226 8
1012 408 1
1013 1369 10
1013 4465 3
1014 2311 7
1014 2856 2
1015 1353 7
1015 2389 7
1015 2837 5
1015 2665 6
1016 3681 1
1016 1758 9
1016 1305 4
1016 3495 6
1016 3065 4
1017 4165 3
1017 4990 10
1018 4812 4
1018 4689 3
1019 4834 4
1019 3049 8
1019 1149 1
1019 3448 2
1020 2010 9
1021 4090 9
1021 1921 3
1021 2204 3
1021 357 4
1022 4401 7
1022 2350 2
1022 3928 7
1022 4588 2
1022 1385 5
1023 2469 9
1023 1764 10
1023 2873 9
1024 1851 6
1024 3667 7
1024 2913 4
1025 3217 9
1025 1996 5
1025 1005 1
1026 3013 10
1026 4639 10
1026 2274 9
1026 2548 9
1026 758 10
1027 3954 7
1027 1554 2
1027 1359 5
1028 4015 4
1028 1353 2
1028 2666 10
1028 2354 10
1028 2262 4
1029 3060 8
1029 2034 9
1029 1906 6
1030 2946 1
1031 4960 2
1031 3046 5
1032 64 9
1032 2268 2
1032 2683 8
1032 2245 4
1033 4953 8
1033 3583 1
1033 291 2
1033 3544 4
1034 3221 6
1034 1894 1
1035 4715 3
1035 1090 5
1036 2743 2
1036 283 5
1036 4240 8
1037 1094 5
1038 1391 2
1039 4778 4
1039 3773 5
1039 119 4
1039 3865 4
1039 4684 8
1040 2651 2
1040 1450 4
1040 2198 4
1041 405 10
1041 1579 5
1042 3169 6
1042 2898 6
1042 2202 9
1042 4071 5
1042 366 8
1043 1211 2
1043 2339 6
1043 4257 1
1043 4817 5
1044 2289 5
1044 3358 5
1044 2042 4
1045 3889 5
1046 2196 2
1046 75 2
1046 4612 3
1046 2687 5
1047 4378 8
1047 3843 2
1047 4470 8
1047 4863 9
1047 3863 8
1048 1239 3
1049 3122 2
1049 4123 6
1049 3909 3
1049 26 5
1049 661 5
1050 357 7
1050 2702 10
1050 3754 1
1050 1292 7
1050 538 3
1051 4852 7
1051 4982 3
1051 2507 8
1052 4305 2
1052 1565 10
1052 4337 8
1052 4349 4
1052 1486 6
1053 630 1
1053 3221 7
1053 4654 2
1053 3955 1
1054 3410 5
1054 3726 3
1054 434 9
1055 4208 2
1056 3147 3
1057 2300 5
1057 4313 7
1057 3850 10
1057 2581 6
1057 1547 8
1058 1459 9
1058 3307 8
1059 503 6
1059 794 9
1059 1694 1
1059 1898 4
1059 399 10
1060 4943 5
1060 970 8
1061 1641 1
1062 3469 10
1062 4004 8
1062 2195 3
1063 986 7
1063 3040 4
1063 1568 1
1063 3417 5
1064 1641 7
1064 2605 7
1064 2545 6
1064 4599 10
1065 1561 2
1065 4564 2
1066 1934 2
1066 2783 3
1066 1800 9
1066 2654 8
1066 4619 7
1067 4894 6
1068 2354 4
1068 4203 6
1068 251 3
1068 428 6
1069 1258 6
1070 4596 9
1071 3392 5
1071 2496 6
1071 1177 10
1071 3447 5
1072 2161 8
1072 4348 1
1072 1977 8
1072 4147 5
1072 3045 3
1073 1082 7
1073 2037 9
1074 3026 9
1074 1710 10
1075 1047 9
1075 4672 3
1075 4863 6
1075 4378 3
1076 4618 8
1076 1708 1
1077 3611 8
1077 4935 3
1077 926 2
1077 1581 5
1077 4030 8
1078 135 7
1078 4849 9
1078 1908 6
1079 4698 10
1079 1773 8
1080 4294 7
1080 3229 9
1080 787 3
1081 3857 10
1081 3977 4
1081 45 1
1081 736 7
1081 2217 1
1082 1819 9
1082 4102 9
1082 3780 5
1082 2435 10
1083 4349 1
1083 1486 5
1083 1516 3
1083 1498 4
1084 434 8
1084 2128 6
1084 2839 2
1084 2111 7
1085 4093 10
1086 456 5
1086 1983 3
1086 1884 7
1086 1087 8
1087 1672 8
1087 2574 4
1087 944 9
1087 2039 10
1087 3233 6
1088 815 3
1088 1074 6
1088 4930 1
1089 4662 7
1089 4803 10
1090 2540 6
1090 4919 7
1090 1940 2
1090 4597 8
1091 2741 7
1091 2374 5
1091 3518 2
1092 4857 3
1092 505 2
1093 3104 8
1093 1891 4
1093 3803 3
1094 3356 7
1094 606 4
1095 1571 1
1095 3144 5
1096 1878 6
1096 3484 7
1096 1588 5
1097 3366 1
1097 1766 2
1097 1237 4
1097 3555 1
1097 3854 10
1098 110 6
1098 1333 9
1098 653 10
1098 4549 10
1099 2843 6
1099 2732 2
1099 1517 4
1099 1055 6
1100 2438 6
1101 2748 2
1101 4775 2
1101 2637 8
1101 4134 5
1102 4663 1
1102 4574 3
1102 1905 6
1102 204 7
1102 4471 5
1103 3576 7
1104 112 1
1104 3538 6
1104 1453 5
1104 2319 5
1104 451 2
1105 3576 6
1105 1864 4
1106 1433 1
1106 1135 6
1106 1620 3
1106 3091 4
1107 3886 9
1108 3526 2
1108 172 8
1109 3042 2
1110 4447 9
1110 1596 10
1110 3299 3
1111 2786 5
1111 3606 4
1112 1022 5
1112 2350 3
1112 4401 3
1112 3928 4
1113 432 3
1113 1343 3
1113 4835 10
1113 3796 6
1113 4933 10
1114 1363 10
1114 1164 10
1114 4969 8
1114 120 2
1115 1471 7
1115 3698 1
1115 1442 4
1115 2676 7
1115 1343 8
1116 1374 8
1116 107 2
1117 2560 3
1117 503 7
1117 4500 5
1118 1203 2
1118 3114 1
1118 3250 2
1118 3929 6
1118 4197 1
1119 4900 7
1120 3873 4
1120 3766 5
1120 2744 8
1120 2407 2
1120 3916 4
1121 4398 10
1122 492 4
1122 2901 4
1122 4507 5
1122 849 7
1122 984 1
1123 384 7
1123 585 3
1123 4749 6
1124 4742 8
1124 1907 6
1124 2500 9
1125 4512 7
1125 4877 10
1126 3691 10
1127 469 5
1127 3883 2
1127 734 1
1128 1473 6
1128 2288 10
1129 2386 6
1129 2526 2
1130 4075 9
1130 424 2
1130 1178 3
1131 1400 6
1131 997 5
1131 4259 1
1131 1419 2
1132 4358 3
1132 1964 5
1132 616 5
1132 3755 10
1132 1879 1
1133 1567 8
1133 2854 2
1133 2299 7
1133 4959 4
1133 2248 10
1134 3046 3
1135 1620 5
1135 2282 3
1135 3576 2
1135 4583 4
1136 3465 2
1136 4698 4
1136 1221 7
1136 3541 10
1136 2931 7
1137 831 5
1137 2044 4
1137 336 2
1137 1830 2
1138 4723 2
1138 2907 9
1138 2313 3
1138 3508 5
1139 341 1
1139 3455 2
1139 1673 3
1139 3228 5
1139 2716 1
1140 2236 8
1140 3802 9
1140 1261 3
1140 3671 5
1141 1221 6
1142 220 5
1142 3085 9
1142 3694 10
1142 3983 10
1143 4164 7
1144 3222 3
1144 4668 5
1144 792 4
1144 3589 6
1145 2560 5
1145 3736 2
1145 733 2
1146 3060 6
1146 2695 9
1146 3570 7
1146 1330 10
1146 2034 10
1147 3702 5
1148 3696 3
1148 4449 6
1148 2076 8
1149 4255 7
1150 1535 4
1150 2347 7
1150 4414 8
1150 1953 6
1150 4290 9
1151 1928 2
1151 2948 10
1151 3240 3
1152 3745 4
1153 2449 4
1153 914 6
1153 3203 7
1153 3597 1
1154 1610 6
1155 3875 10
1156 4180 6
1156 1375 6
1156 4691 4
1156 3214 5
1157 2119 8
1157 4677 2
1157 2746 4
1158 23 6
1158 564 8
1159 4889 2
1159 1201 8
1159 987 6
1160 2628 8
1161 796 1
1161 2679 5
1161 771 1
1162 4592 7
1162 2510 8
1162 564 7
1162 4914 8
1163 3996 3
1163 2089 2
1164 1363 8
1164 4654 9
1165 2039 2
1165 2730 5
1166 1934 9
1167 4598 7
1167 25 7
1167 2903 8
1167 2004 6
1167 3307 9
1168 1956 7
1168 2037 3
1169 2520 6
1169 1771 10
1169 4832 3
1169 613 7
1169 3223 4
1170 2402 4
1170 1638 8
1170 4467 8
1171 2293 8
1172 3275 7
1173 4208 8
1173 3767 6
1173 4808 7
1173 1443 4
1173 4418 7
1174 2772 8
1174 4567 4
1175 554 4
1175 1357 9
1175 1619 7
1176 2793 10
1176 3895 6
1176 1978 6
1176 4846 9
1176 2076 1
1177 3720 10
1177 4678 8
1177 1361 1
1177 3124 1
1178 1430 5
1178 3715 8
1178 1436 8
1179 1706 1
1179 784 1
1179 4637 7
1179 4295 9
1180 3404 10
1180 1146 8
1180 4081 2
1180 4013 7
1180 2905 9
1181 3358 9
1181 2289 5
1181 2042 7
1182 3833 1
1182 3547 10
1182 4541 4
1182 4568 10
1183 3832 3
1183 3546 6
1183 2198 2
1184 4014 1
1184 2993 7
1184 2684 2
1184 212 8
1184 3971 6
1185 1615 5
1185 1211 8
1185 4257 7
1185 4817 2
1185 4318 4
1186 4112 9
1186 1596 6
1187 1145 1
1187 2647 4
1188 28 7
1188 1864 2
1189 45 6
1189 1149 1
1189 1817 2
1189 1019 1
1190 4446 9
1190 1695 10
1190 47 1
1190 2233 8
1190 4913 10
1191 1403 9
1192 2005 3
1192 509 9
1193 4103 10
1193 3494 10
1194 1898 1
1194 2818 5
1194 4709 9
1194 2991 6
1195 1845 6
1195 864 4
1196 2438 4
1196 4950 8
1196 490 5
1196 3 2
1196 556 10
1197 1578 1
1197 4674 1
1198 506 7
1198 202 6
1199 2927 5
1199 3939 4
1199 2492 8
1200 2336 6
1200 1700 4
1201 2740 4
1201 760 7
1202 2060 4
1202 1572 4
1202 3762 7
1202 1274 5
1202 2132 7
1203 3328 8
1203 3787 9
1204 1348 4
1205 2205 1
1206 908 10
1206 4791 4
1207 2503 2
1207 2088 8
1208 1949 1
1208 912 4
1209 3822 8
1209 4181 10
1209 3652 1
1210 1570 10
1210 2764 5
1211 2073 3
1211 2337 5
1211 3768 7
1211 2512 8
1212 918 6
1212 3339 3
1213 2719 10
1213 3002 1
1213 2675 4
1213 3383 8
1214 4158 8
1214 4766 10
1214 1695 2
1214 4972 3
1214 812 9
1215 4972 5
1215 1434 10
1215 1695 5
1216 2010 9
1217 3050 4
1217 877 3
1217 874 4
1217 990 8
1217 2881 10
1218 1991 7
1218 271 8
1218 2776 6
1218 662 10
1219 1655 2
1219 3280 7
1219 1300 6
1220 3290 6
1220 4982 6
1220 3923 10
1220 445 1
1220 4852 5
1221 1525 8
1221 4716 1
1222 4930 6
1223 3849 8
1223 2114 5
1223 3437 3
1223 3755 4
1223 616 9
1224 3369 8
1224 400 9
1225 880 5
1225 4262 8
1225 1117 10
1225 1898 4
1225 3605 2
1226 1156 10
1226 4691 5
1227 2786 8
1227 762 1
1227 3489 10
1228 884 10
1228 4817 10
1228 130 4
1228 3355 8
1229 2739 3
1229 4164 9
1230 1626 1
1230 4386 1
1231 3357 9
1231 943 4
1231 3840 3
1232 45 10
1232 1019 3
1232 3823 2
1232 2459 4
1232 1618 2
1233 4886 7
1233 39 7
1233 3615 10
1233 2584 2
1233 2768 9
1234 3224 10
1234 4535 5
1234 4156 2
1235 3771 7
1235 3284 8
1236 4294 5
1236 2044 10
1237 1485 6
1238 3310 7
1239 1698 3
1239 2294 7
1239 2892 1
1240 2389 4
1240 2665 8
1241 3609 7
1241 4972 1
1241 4484 10
1242 109 1
1242 4564 9
1242 1065 6
1242 1551 3
1243 2237 2
1243 603 4
1243 611 10
1243 2029 6
1244 4897 3
1244 3089 8
1244 1674 8
1244 4336 3
1244 4224 6
1245 2700 6
1245 1720 10
1245 4658 7
1245 4644 5
1246 2777 2
1246 2628 8
1246 1332 10
1246 1110 2
1246 4635 1
1247 2699 4
1248 1152 10
1249 2322 1
1249 4839 6
1249 3138 9
1249 4264 4
1250 3297 2
1250 4389 5
1250 4785 2
1250 2935 7
1250 4179 1
1251 2014 8
1252 4098 8
1252 628 8
1252 2307 1
1252 3649 9
1253 1723 10
1253 2118 7
1253 3807 5
1253 991 7
1253 3819 7
1254 386 1
1254 3012 10
1254 2336 8
1255 1949 7
1255 4276 5
1256 2999 5
1256 2924 6
1257 2612 8
1257 3901 8
1257 1784 7
1257 1281 4
1257 3731 2
1258 3879 5
1258 1493 9
1258 983 10
1258 1938 9
1259 2325 1
1259 4400 5
1260 4401 5
1260 145 6
1260 348 10
1261 2604 10
1262 234 8
1263 4698 10
1263 2492 8
1263 4941 4
1263 1773 2
1264 3394 5
1264 3853 2
1264 3627 5
1264 3173 3
1265 2781 10
1265 3292 6
1265 976 5
1265 2633 4
1266 2579 4
1267 792 2
1267 3806 2
1267 4668 2
1268 4144 5
1268 427 2
1269 2450 5
1269 1178 1
1269 2266 5
1269 1430 6
1269 424 3
1270 165 8
1270 1526 10
1270 4271 4
1271 1030 9
1271 1084 2
1271 3350 3
1272 2784 1
1272 121 8
1272 2871 3
1272 4777 1
1273 3843 1
1274 3128 2
1275 1110 8
1275 3018 10
1275 1186 3
1275 3991 7
1276 590 4
1276 2422 7
1276 1679 4
1276 2129 4
1277 3693 10
1278 3658 1
1278 1181 2
1278 2289 8
1278 1044 4
1278 3358 3
1279 2930 7
1280 3883 6
1280 3093 7
1280 2646 8
1281 4587 6
1282 4219 5
1283 1027 1
1283 4288 4
1283 4713 5
1283 2057 1
1284 365 10
1284 232 10
1284 294 6
1284 522 2
1284 366 7
1285 2803 9
1285 3039 9
1286 4296 8
1286 3458 6
1286 3012 1
1286 2437 8
1286 386 2
1287 4990 2
1287 3630 3
1287 4165 8
1288 2239 1
1289 2311 6
1290 3209 3
1290 2344 3
1290 3252 6
1290 722 2
1290 2007 4
1291 1439 5
1291 4622 7
1291 3543 9
1291 4438 4
1292 393 5
1292 706 10
1292 2680 8
1292 887 6
1292 3145 6
1293 3942 2
1294 669 9
1294 1384 9
1294 35 7
1294 3846 5
1295 3578 7
1296 558 6
1296 4734 4
1296 2106 3
1296 463 4
1296 3486 3
1297 712 8
1298 744 4
1298 3655 3
1298 4033 4
1298 1006 6
1299 1105 3
1299 1447 10
1299 2402 3
1299 354 9
1299 4467 9
1300 833 7
1300 4128 10
1300 2185 9
1300 4468 2
1301 653 7
1301 103 3
1301 4913 9
1301 3609 2
1301 4484 8
1302 2653 5
1303 2108 7
1304 1189 5
1304 4113 6
1305 1569 2
1305 1364 9
1305 4864 3
1306 249 7
1306 4914 3
1306 23 7
1306 2771 3
1306 1158 2
1307 3424 2
1307 3011 2
1307 4549 1
1307 1190 10
1307 2233 3
1308 3712 10
1308 3861 6
1308 4021 1
1308 3372 6
1309 1010 5
1309 1671 3
1309 1352 8
1309 226 2
1310 723 2
1310 4420 3
1311 2576 7
1311 4783 2
1311 1005 4
1312 3369 2
1312 4707 4
1313 4512 6
1313 4653 1
1313 1708 7
1313 3207 1
1313 4165 8
1314 1156 10
1315 4046 5
1316 3314 1
1316 2856 2
1317 3853 7
1317 3173 3
1317 1741 2
1318 3202 6
1318 1972 7
1319 2936 9
1319 2422 7
1319 3073 1
1319 1917 4
1320 1656 8
1321 2645 7
1321 4357 7
1321 4898 8
1321 1322 6
1322 4073 4
1323 3274 8
1323 391 7
1323 855 1
1324 4271 6
1324 4585 9
1324 1270 9
1325 3505 9
1326 4371 5
1327 2465 9
1328 684 2
1328 1999 4
1328 2351 8
1328 3403 7
1329 3217 4
1329 206 1
1329 1025 1
1329 4141 9
1330 3076 8
1331 4194 8
1331 4943 2
1331 3584 4
1331 1060 4
1331 2819 10
1332 1596 10
1333 2175 7
1334 272 7
1335 720 6
1335 556 6
1335 2886 5
1335 4431 2
1336 4572 6
1336 1106 7
1336 1399 2
1336 263 2
1336 4583 2
1337 1417 8
1337 577 2
1337 4845 10
1337 4292 8
1337 4054 10
1338 3731 2
1338 3137 8
1339 2438 7
1339 502 6
1339 857 9
1339 4419 2
1339 257 3
1340 616 9
1340 4597 7
1340 1940 9
1340 2540 9
1340 1090 8
1341 1683 4
1341 325 10
1342 374 4
1342 604 4
1342 1751 2
1342 3096 4
1342 4561 6
1343 1704 6
1343 3273 8
1344 4693 10
1344 1841 5
1344 3630 10
1344 135 3
1345 2157 3
1346 2347 5
1346 3115 4
1346 4989 6
1347 4022 9
1347 3033 5
1347 4475 2
1347 71 1
1348 2900 9
1348 4241 4
1348 356 1
1348 113 6
1349 1038 10
1350 584 9
1350 3277 3
1350 887 6
1350 2328 8
1350 4086 5
1351 2450 9
1351 424 3
1351 1130 1
1352 483 1
1352 2211 4
1352 3426 6
1352 4857 10
1353 4159 6
1353 374 2
1353 2050 5
1353 2251 4
1353 3981 5
1354 4003 5
1354 3164 3
1355 1344 1
1356 2606 3
1356 1962 7
1356 1822 7
1357 4144 8
1357 3386 6
1357 3497 2
1357 4738 9
1357 1755 7
1358 3493 6
1358 541 8
1358 49 1
1358 4970 6
1358 4457 9
1359 1900 2
1360 2194 10
1360 108 2
1360 1129 7
1361 2783 9
1361 2627 10
1362 215 7
1363 296 8
1363 1950 7
1363 4530 2
1363 1894 9
1364 4503 3
1364 1569 1
1364 2094 9
1364 3416 1
1364 3976 1
1365 4495 5
1365 3419 6
1365 2240 1
1365 3670 3
1365 589 3
1366 1911 4
1366 556 10
1367 566 8
1367 240 4
1367 1062 10
1368 2973 4
1368 3028 5
1368 3598 6
1369 4167 4
1370 3401 10
1370 4185 9
1371 4631 3
1371 3484 1
1371 1878 1
1371 4687 9
1371 4278 6
1372 4619 4
1372 1800 9
1372 4268 5
1373 4698 8
1374 4136 9
1374 776 9
1374 1478 3
1375 3214 5
1376 3476 5
1376 4766 5
1376 4803 2
1376 1089 8
1377 1630 5
1378 3324 4
1379 3648 10
1379 1608 3
1379 1198 3
1379 3267 2
1379 1274 5
1380 4271 5
1380 1270 3
1380 2863 8
1381 4147 2
1381 540 8
1381 4996 10
1382 2354 4
1382 2666 2
1382 428 5
1383 2968 5
1383 2772 9
1383 4579 2
1383 4567 6
1384 38 1
1384 4715 3
1384 4919 8
1384 3437 8
1385 3734 10
1385 345 10
1385 3271 3
1385 332 4
1385 3928 4
1386 4709 5
1387 3913 5
1388 2899 2
1388 4456 10
1388 1209 10
1388 1406 8
1388 4720 1
1389 1730 3
1389 2744 5
1389 774 8
1390 3186 10
1390 2210 2
1390 4423 7
1391 4609 5
1391 1129 6
1391 4174 8
1392 2981 6
1392 1129 5
1392 1480 4
1392 1360 2
1392 3844 4
1393 3137 2
1393 2105 4
1393 2790 6
1393 3625 8
1393 1784 7
1394 2809 4
1395 2574 10
1395 4518 7
1395 2964 8
1395 1493 9
1396 498 5
1396 4789 1
1396 1278 9
1397 3898 5
1397 3825 3
1398 3264 9
1398 1063 1
1398 1586 2
1398 2994 5
1399 3576 3
1399 537 10
1399 28 4
1400 1022 10
1400 1485 8
1400 2350 2
1400 1160 4
1400 2731 3
1401 4840 3
1401 2694 1
1401 3062 8
1401 2370 2
1401 4735 2
1402 693 3
1403 920 9
1404 4176 5
1404 1300 2
1405 271 2
1406 2208 6
1407 3223 1
1408 1299 10
1408 1447 7
1408 2218 7
1408 1105 8
1408 1239 4
1409 2241 4
1409 4051 9
1409 1277 7
1409 1745 7
1410 1929 5
1410 2523 3
1410 2440 5
1411 3825 6
1411 3898 3
1411 2744 5
1412 3312 10
1412 3137 7
1413 108 7
1413 42 7
1413 1722 6
1414 91 2
1415 2512 3
1415 695 6
1415 2955 2
1415 756 5
1415 4856 4
1416 2982 1
1417 3554 5
1418 507 6
1418 2912 6
1418 172 4
1419 4878 2
1419 3734 3
1419 933 1
1419 3642 1
1419 2628 5
1420 2472 3
1420 694 4
1420 886 2
1420 1197 5
1420 4674 5
1421 1008 9
1422 2045 6
1422 3138 1
1422 596 5
1422 91 10
1423 157 3
1423 889 5
1423 3141 4
1423 4968 4
1424 4092 8
1424 3945 1
1424 848 7
1425 3771 10
1426 3575 9
1427 3921 2
1427 3625 6
1427 688 6
1427 883 8
1427 4385 3
1428 2499 3
1428 3599 2
1428 164 3
1428 4887 9
1428 1798 5
1429 4275 5
1429 2208 10
1430 3433 4
1430 7 8
1430 2959 9
1430 1743 10
1431 4069 5
1431 1079 3
1432 4701 8
1432 1470 3
1432 3796 4
1432 3757 1
1432 3273 3
1433 1256 8
1433 4405 3
1434 2175 2
1434 216 7
1434 4727 9
1434 769 8
1434 3462 3
1435 4459 5
1435 463 8
1435 2106 10
1435 4621 8
1436 2620 1
1437 714 3
1438 503 5
1438 3605 7
1438 11 2
1438 4714 2
1439 2888 10
1439 4639 3
1440 515 5
1440 2598 2
1440 180 1
1440 1523 2
1441 14 5
1441 1369 6
1441 4867 8
1441 3279 6
1442 4701 4
1442 1811 1
1442 4377 10
1442 902 2
1443 3767 1
1444 2913 4
1444 2888 5
1445 4580 1
1445 2636 6
1446 2964 4
1446 2574 3
1446 1672 4
1446 1909 1
1447 1064 7
1447 90 1
1448 746 9
1449 2175 10
1449 47 1
1449 4533 2
1449 1695 5
1450 1592 8
1450 3409 6
1451 2309 6
1451 4391 7
1451 539 2
1451 266 7
1451 4848 10
1452 3843 8
1452 325 4
1453 1852 5
1453 3466 8
1453 2708 9
1453 2506 1
1454 1661 8
1454 1082 6
1454 2281 7
1454 1819 10
1455 3637 1
1455 504 10
1456 3134 5
1456 2374 8
1456 344 2
1456 1797 7
1456 2673 6
1457 2786 7
1457 1240 9
1457 1111 2
1457 3986 2
1458 3059 1
1459 3744 5
1459 141 7
1459 2454 8
1460 1040 1
1460 645 10
1460 2491 6
1460 2835 10
1460 1592 4
1461 2337 5
1461 1185 9
1462 191 4
1463 3422 10
1464 2434 6
1465 4859 10
1465 3576 7
1466 1879 9
1466 1577 7
1466 1506 5
1467 4990 4
1468 2611 6
1468 2638 8
1469 4960 2
1469 4104 6
1470 3273 8
1470 1984 1
1470 2572 2
1471 1704 9
1471 4077 1
1471 4933 8
1471 2429 9
1472 1793 8
1472 3706 6
1472 4128 4
1472 2136 8
1473 2288 10
1473 487 6
1473 3382 9
1473 478 1
1474 4014 1
1475 4495 10
1475 4553 6
1475 4098 6
1475 2240 10
1475 3015 4
1476 3831 7
1476 1092 2
1476 483 7
1477 4333 1
1478 3562 2
1478 2312 3
1479 901 2
1479 3797 9
1479 4797 5
1480 2981 8
1480 1680 2
1480 173 5
1481 228 9
1482 761 6
1482 2320 5
1482 765 10
1483 1203 6
1483 3328 1
1483 3250 9
1483 1118 7
1484 1895 1
1485 332 9
1485 4259 3
1485 3734 9
1485 2244 8
1485 579 3
1486 2538 3
1486 4473 9
1487 2507 9
1488 2050 6
1489 443 1
1490 4121 1
1491 1934 6
1491 2627 10
1491 5000 10
1491 1800 3
1492 2718 7
1492 1675 4
1492 1494 9
1492 2952 5
1492 3903 1
1493 329 1
1494 4091 9
1494 4508 4
1494 3749 2
1495 3363 1
1496 1193 9
1496 3358 6
1496 4789 9
1497 741 7
1497 1832 10
1498 3883 7
1498 1565 2
1499 4023 10
1499 3241 9
1499 386 3
1499 3102 5
1500 3879 10
1501 4064 9
1502 454 5
1502 1255 3
1502 3552 3
1502 2975 10
1502 414 3
1503 3211 1
1503 2530 6
1503 3585 10
1503 3593 7
1503 2947 4
1504 4498 3
1504 4621 7
1504 463 2
1505 2003 6
1506 492 1
1506 4627 3
1507 1188 9
1508 3823 8
1509 2192 1
1509 2723 9
1509 1354 10
1509 4050 5
1510 4556 10
1510 55 10
1510 1931 5
1510 4046 5
1511 1914 2
1511 926 8
1511 4733 4
1511 3752 4
1511 830 2
1512 573 10
1512 1589 3
1512 4313 10
1513 1259 1
1513 1767 8
1513 2127 10
1513 1936 10
1513 4139 5
1514 2173 6
1514 962 6
1514 4070 2
1514 4048 9
1514 4920 9
1515 2113 6
1515 2531 5
1515 2073 10
1516 1565 1
1516 4305 6
1516 2893 4
1517 1602 8
1517 496 5
1517 2526 2
1518 3227 7
1519 4960 6
1519 159 3
1519 3483 7
1519 4202 8
1520 1150 5
1520 2131 2
1520 4006 4
1520 4508 4
1521 2221 2
1521 3401 4
1521 1490 8
1521 2894 8
1521 3004 6
1522 3057 9
1523 2496 3
1523 922 5
1523 3230 3
1523 1727 1
1523 3329 3
1524 968 1
1524 4993 6
1524 1331 10
1524 4546 1
1525 2565 6
1525 3896 5
1525 2308 10
1525 4716 9
1525 4069 10
1526 1300 6
1526 4499 8
1526 1219 3
1526 3280 1
1527 4816 1
1527 2551 1
1527 4724 6
1528 4445 1
1529 1119 3
1529 138 2
1529 2431 4
1529 1067 4
1529 1003 4
1530 2875 3
1530 4128 2
1530 1182 6
1531 1147 2
1531 2297 8
1531 803 9
1532 2061 3
1533 602 5
1533 2928 6
1533 3186 7
1533 2210 2
1534 2888 6
1534 1291 7
1535 4989 2
1535 4964 4
1535 2347 9
1536 2056 10
1537 3422 9
1537 2938 6
1537 4846 3
1537 2076 4
1537 4643 1
1538 3654 6
1538 862 8
1538 1760 8
1538 1682 7
1539 2304 2
1539 1429 6
1539 4275 10
1540 2149 9
1540 2055 9
1540 3521 10
1540 2569 10
1540 1618 9
1541 3779 9
1541 1949 9
1541 2043 5
1541 132 2
1542 1997 5
1543 3052 6
1543 3702 2
1543 2845 5
1543 4795 3
1544 4737 8
1544 2050 1
1544 4752 7
1545 263 2
1545 2340 3
1545 2892 6
1546 2431 7
1546 2766 5
1546 3334 7
1546 4058 10
1547 1589 5
1547 2906 5
1547 1692 6
1547 2767 10
1548 2610 4
1548 2916 3
1548 3103 9
1548 2930 10
1549 1676 2
1549 1416 7
1549 2511 8
1549 816 2
1549 2745 9
1550 1771 6
1550 823 5
1550 2041 6
1550 3361 8
1551 1579 2
1551 4974 1
1551 4439 7
1551 4551 5
1552 1214 4
1552 2259 9
1552 216 6
1552 4662 5
1553 4495 8
1554 1717 3
1554 385 5
1555 584 10
1555 982 3
1555 4341 10
1555 2010 9
1555 1020 9
1556 1008 3
1557 2097 2
1557 4871 5
1557 2861 6
1557 4312 2
1558 3432 6
1558 4491 10
1558 423 7
1559 2800 2
1559 3345 5
1559 3730 5
1560 4320 9
1560 262 6
1561 4819 5
1561 2349 10
1562 2556 1
1562 4304 3
1562 320 7
1563 2551 1
1563 937 9
1563 4523 3
1563 342 5
1563 3978 4
1564 319 9
1564 4709 7
1564 1898 6
1564 2991 2
1564 4873 6
1565 469 10
1565 2766 8
1566 3167 5
1566 4435 10
1566 864 1
1566 425 7
1566 882 7
1567 2248 3
1567 836 8
1568 3417 9
1569 1115 10
1569 3273 8
1569 2252 10
1569 4503 7
1569 1811 2
1570 4003 7
1571 4779 2
1572 1608 2
1572 2060 8
1573 469 6
1574 599 3
1575 3841 1
1576 702 6
1576 4630 3
1576 3580 5
1576 4213 9
1576 3413 5
1577 2207 5
1578 3480 2
1579 3786 6
1579 2349 5
1579 4146 1
1579 4551 8
1580 453 8
1580 3322 8
1580 2725 6
1580 4372 4
1580 234 5
1581 4893 4
1581 4357 1
1581 926 8
1581 2214 4
1581 2645 1
1582 4465 8
1582 4867 10
1582 4314 7
1582 4036 6
1583 2614 8
1584 4072 10
1584 4612 2
1584 4742 4
1585 2058 4
1585 1957 10
1585 412 6
1586 1326 2
1586 2090 1
1587 2702 4
1587 3276 5
1587 4101 8
1587 1716 4
1588 2418 7
1589 54 8
1589 2869 2
1589 4113 2
1590 966 4
1590 599 4
1590 642 9
1591 1811 1
1592 2618 1
1592 4297 9
1592 3546 5
1593 4334 4
1594 3790 2
1594 131 8
1594 3236 2
1594 4426 5
1595 1181 2
1595 2289 1
1595 2831 5
1595 4789 3
1595 2042 9
1596 4112 2
1596 154 9
1596 3086 5
1596 3450 9
1596 3090 6
1597 2722 10
1597 4448 9
1598 4741 1
1599 2148 10
1599 851 2
1599 2515 5
1599 3422 9
1600 3976 10
1600 2568 8
1600 2252 4
1600 595 7
1600 708 7
1601 2432 6
1601 1518 9
1601 2937 10
1601 4003 4
1602 108 6
1602 4586 1
1602 2386 6
1603 2328 6
1603 3145 10
1603 4274 1
1603 3539 1
1603 3277 6
1604 4774 9
1604 770 5
1605 424 6
1606 1393 5
1607 2663 10
1607 2633 7
1608 4997 9
1608 1823 5
1608 1587 8
1608 3979 8
1609 1997 8
1609 2455 7
1609 1964 9
1609 4957 2
1610 555 3
1610 35 6
1610 2313 4
1611 1686 4
1611 116 10
1611 970 7
1611 355 7
1612 4498 8
1612 2513 4
1613 3885 8
1613 1970 2
1613 433 8
1614 1743 10
1614 782 2
1614 360 3
1614 7 3
1614 1351 8
1615 2512 5
1615 4343 9
1616 543 4
1616 2498 5
1617 2886 10
1617 2533 5
1617 2400 10
1618 1149 7
1619 3386 1
1619 1448 10
1619 851 3
1619 3497 9
1619 2938 4
1620 2545 3
1621 2831 7
1621 4269 6
1621 3358 3
1621 3742 9
1621 1278 3
1622 4312 2
1622 871 9
1622 2097 9
1622 1557 2
1623 4495 10
1623 512 4
1623 628 7
1623 4098 3
1623 1900 8
1624 1745 2
1625 85 9
1625 610 3
1625 465 2
1625 96 2
1625 2513 2
1626 4231 10
1626 2466 2
1626 4381 3
1627 840 8
1628 4634 6
1629 3933 2
1629 3692 2
1630 4093 7
1630 3549 7
1630 2113 6
1631 3296 8
1631 2699 5
1632 3428 3
1632 1226 4
1632 3773 8
1632 4937 3
1633 3841 6
1633 1397 4
1633 852 5
1634 3227 10
1635 1009 3
1635 2862 5
1636 2006 4
1636 413 8
1637 3619 8
1637 2610 7
1637 4833 3
1637 2176 8
1637 2916 7
1638 1641 5
1638 2282 1
1639 260 8
1639 1797 3
1639 1091 6
1639 3134 3
1639 2004 5
1640 4513 9
1640 2508 4
1641 3325 6
1641 2924 2
1642 4894 5
1642 1271 9
1642 3334 4
1642 2171 3
1642 2630 1
1643 3529 8
1643 1038 10
1643 2843 7
1643 3558 5
1643 1173 1
1644 3606 2
1644 742 10
1644 3272 7
1644 4575 8
1645 1333 7
1645 2416 5
1645 4323 8
1645 30 1
1646 1808 8
1646 4316 1
1646 2627 3
1646 1066 9
1646 4678 6
1647 1491 6
1647 1295 10
1648 26 2
1649 3638 10
1649 4657 3
1649 2277 6
1649 3679 8
1649 547 2
1650 3538 7
1651 4285 3
1651 4000 2
1651 656 7
1651 4456 10
1651 2899 4
1652 4943 8
1653 428 2
1654 2 1
1654 3639 7
1654 4029 4
1654 3544 2
1655 4468 9
1655 1262 10
1655 1300 10
1655 3078 8
1656 1015 1
1657 4089 6
1657 2035 5
1657 191 9
1657 1462 10
1658 3549 10
1658 3348 1
1658 1228 5
1658 1085 4
1658 1377 8
1659 4448 5
1659 544 10
1659 2766 1
1660 2185 4
1661 3136 2
1661 3759 10
1662 3304 2
1663 1864 1
1664 3122 10
1664 3371 5
1664 661 10
1664 1172 10
1664 1569 1
1665 2759 5
1665 4961 8
1665 4219 7
1665 1282 9
1665 1155 4
1666 3977 1
1666 1692 9
1666 2749 7
1667 273 3
1667 2296 2
1667 1173 8
1667 2674 5
1667 3767 1
1668 1470 2
1669 3115 7
1670 4098 6
1670 1475 2
1670 59 10
1670 1623 1
1671 57 4
1671 2213 4
1671 4987 3
1671 3831 6
1672 3323 1
1672 2579 4
1672 2039 7
1672 3783 8
1673 3228 10
1673 759 8
1674 2345 2
1674 862 10
1674 1760 6
1675 722 6
1675 4589 5
1676 4684 4
1676 2745 8
1676 576 1
1677 4646 2
1677 1014 2
1677 1452 2
1678 3881 5
1678 3377 3
1679 2105 8
1679 2476 1
1679 2936 3
1679 2706 9
1679 1393 7
1680 2386 5
1680 4586 10
1680 350 10
1680 228 6
1681 4169 4
1681 2357 1
1681 2631 6
1681 3432 1
1682 4860 6
1682 3358 1
1683 4553 4
1683 1900 10
1683 4954 2
1683 2240 3
1684 409 4
1684 777 9
1685 1426 9
1686 494 3
1686 4543 7
1686 4194 3
1687 502 10
1687 257 10
1687 2917 5
1688 2990 5
1688 438 3
1688 4139 9
1689 4424 3
1689 4798 4
1689 2905 9
1689 1146 10
1690 1636 1
1690 3515 7
1690 4997 2
1690 3267 7
1690 847 8
1691 2627 2
1691 1361 2
1691 1491 7
1691 1756 9
1692 2611 10
1692 4113 3
1692 2869 5
1693 1364 2
1694 721 10
1694 101 6
1695 4913 10
1695 1241 9
1695 1333 3
1695 4995 6
1696 2902 10
1696 4430 9
1696 1941 7
1697 2190 7
1697 2141 8
1697 2896 9
1697 3433 1
1698 3800 5
1698 4311 4
1698 362 10
1699 2142 1
1699 3023 3
1699 2227 10
1699 1924 8
1700 4140 5
1700 386 8
1700 3241 2
1701 4691 9
1701 4833 3
1702 1270 10
1702 4952 9
1703 1977 7
1703 4996 6
1703 2161 6
1703 23 6
1703 2510 8
1704 3226 8
1704 3273 9
1705 3830 4
1705 4600 4
1705 3860 5
1705 1445 8
1705 3938 2
1706 4271 6
1707 2198 8
1707 3390 8
1707 3832 5
1708 4877 10
1709 3324 4
1710 4363 8
1710 815 1
1710 3240 3
1711 305 10
1711 3861 9
1711 2675 3
1711 4083 8
1711 1213 9
1712 696 8
1713 276 4
1713 4663 2
1713 204 5
1714 2814 9
1714 3396 5
1714 2304 3
1714 2225 1
1715 1078 6
1715 1287 10
1715 1841 3
1715 1746 9
1715 3020 9
1716 1613 8
1716 433 8
1716 77 1
1717 2021 2
1717 3074 3
1718 806 9
1718 3426 3
1719 4526 9
1719 3817 10
1719 1000 3
1719 3158 2
1720 4648 10
1720 3777 3
1720 1702 6
1720 4952 8
1721 1399 3
1721 1698 1
1721 4467 9
1722 2981 9
1722 4832 5
1722 1771 8
1723 271 8
1723 1218 8
1723 3472 6
1723 1988 9
1723 2746 2
1724 2946 1
1724 2717 5
1724 3726 8
1724 2585 7
1725 1412 9
1726 4523 5
1726 4963 4
1726 4881 5
1727 3720 6
1727 3230 3
1727 3125 2
1727 1372 6
1727 2654 10
1728 643 1
1728 2367 2
1728 130 6
1728 3549 3
1729 811 7
1729 588 7
1729 421 9
1729 4310 6
1730 3766 7
1730 3916 1
1730 774 1
1730 1120 4
1730 2407 6
1731 219 6
1731 2407 7
1731 3825 2
1732 4943 6
1732 3590 7
1732 3993 10
1732 3584 1
1733 1371 7
1734 4023 3
1735 2625 6
1736 3385 6
1737 3098 1
1737 183 10
1737 1183 2
1737 1265 6
1738 1226 3
1738 1156 5
1738 2745 4
1738 3865 2
1738 1314 1
1739 844 2
1739 4001 10
1740 1943 4
1740 2739 5
1741 1486 8
1742 3032 2
1742 2505 1
1742 3541 7
1742 2308 3
1742 1773 3
1743 2260 10
1743 4938 6
1743 2163 10
1744 3369 1
1744 4648 1
1744 525 10
1745 3690 5
1745 2313 4
1745 555 7
1745 3508 1
1745 4723 6
1746 1017 6
1747 3940 8
1747 1381 5
1747 3902 2
1748 4769 8
1748 3650 6
1748 3942 7
1748 50 6
1748 4814 10
1749 1132 7
1749 4540 4
1749 2911 1
1750 2451 7
1750 3150 9
1751 4159 9
1751 3384 1
1751 2567 7
1751 4244 8
1751 1916 6
1752 37 10
1752 3620 6
1752 2488 7
1752 2557 10
1753 3027 3
1753 2087 3
1753 3990 7
1753 3849 2
1754 4048 6
1754 490 5
1754 4055 3
1755 3581 5
1756 4619 1
1756 3756 6
1756 5000 4
1756 1934 7
1757 4716 9
1757 2565 5
1758 593 7
1759 4128 9
1759 3706 8
1759 833 7
1759 239 4
1759 2926 9
1760 3709 2
1760 1248 2
1761 3193 7
1761 330 6
1762 3439 9
1762 4312 5
1762 4915 4
1762 1788 6
1762 3237 5
1763 2776 8
1763 1723 1
1764 2299 5
1764 836 1
1765 3644 2
1765 4903 6
1766 2609 7
1766 4985 2
1767 3575 5
1768 4615 3
1768 4375 5
1768 918 6
1768 4391 5
1769 3528 7
1770 3636 9
1770 1986 5
1770 3996 10
1770 1481 5
1771 108 6
1771 3023 7
1771 1480 6
1771 1680 4
1771 310 5
1772 3254 8
1772 149 5
1772 3706 8
1773 2927 7
1773 2505 3
1773 3939 6
1774 3296 5
1774 481 8
1774 3811 8
1774 1245 9
1774 3204 7
1775 775 10
1775 2083 8
1775 2343 2
1776 2794 6
1776 4226 6
1776 3382 9
1777 461 7
1777 107 10
1778 794 10
1778 4874 9
1779 2334 8
1780 2262 3
1780 3427 6
1780 762 4
1780 374 6
1781 3900 1
1781 2845 7
1782 386 10
1783 947 7
1784 4518 4
1784 456 1
1784 3770 5
1785 411 9
1786 3064 10
1786 3996 3
1786 4918 9
1786 2386 9
1786 3360 8
1787 4383 4
1787 2110 8
1787 4031 10
1788 4371 2
1788 4584 6
1788 2090 8
1788 2250 8
1789 973 1
1789 2885 3
1790 1698 9
1790 1135 7
1790 3600 9
1790 28 8
1791 1524 10
1791 4142 6
1791 4931 3
1791 2090 8
1792 1789 2
1793 1219 6
1794 4078 9
1794 1704 4
1794 3226 9
1795 463 5
1795 4111 8
1795 3479 8
1795 33 3
1796 1986 2
1796 2030 2
1796 4034 10
1796 3894 6
1797 2004 2
1797 2376 6
1797 3153 4
1797 3513 7
1798 987 7
1798 3184 7
1799 1152 5
1799 3658 6
1799 2727 3
1799 3095 6
1799 3745 2
1800 489 4
1800 3756 10
1800 3769 9
1800 2957 8
1801 2991 4
1801 880 8
1802 4230 8
1802 3752 2
1802 2788 8
1803 1684 9
1803 1571 6
1803 2808 4
1803 3870 6
1803 3680 8
1804 4352 5
1804 1264 10
1805 1578 8
1805 2397 1
1805 472 5
1806 80 2
1807 2875 2
1807 4568 5
1808 1166 3
1808 2627 1
1808 4678 6
1809 4789 8
1809 2727 6
1809 2831 10
1809 2042 5
1809 3059 3
1810 719 1
1810 3750 9
1811 3757 10
1811 902 8
1811 4077 5
1811 1470 4
1811 1984 5
1812 2125 7
1812 2831 5
1813 1344 4
1813 3020 8
1813 4490 7
1813 4653 3
1814 4042 10
1814 2020 8
1814 1178 10
1814 1605 10
1815 4292 10
1815 2722 6
1815 625 3
1815 1062 6
1815 4054 6
1816 1104 6
1816 161 3
1816 4087 9
1816 1829 6
1816 4883 4
1817 3950 7
1817 4255 6
1817 2637 1
1817 3448 8
1818 3589 7
1819 1925 7
1819 2037 6
1819 2435 8
1819 3780 9
1820 132 10
1820 304 2
1820 1949 3
1820 912 1
1820 2436 7
1821 895 10
1822 2606 1
1822 2395 1
1823 2580 1
1823 4531 6
1823 706 9
1823 4182 6
1823 470 4
1824 2828 2
1824 2337 8
1824 1882 4
1824 513 2
1824 3413 9
1825 1236 8
1825 2457 6
1825 337 4
1825 4639 8
1826 86 3
1826 2676 9
1826 4638 9
1826 2429 3
1827 2970 2
1827 3594 10
1827 234 4
1828 3198 8
1828 2676 6
1829 903 7
1829 1104 8
1829 4087 3
1829 938 5
1829 1948 4
1830 781 8
1830 3802 7
1830 2061 4
1831 159 6
1831 4012 2
1831 204 6
1832 872 3
1832 3855 6
1832 2228 10
1833 1561 7
1833 4439 4
1834 3570 3
1834 2034 6
1834 4177 8
1834 60 8
1835 4189 9
1835 3123 6
1835 4502 9
1835 3039 5
1836 1898 10
1837 4170 8
1838 3318 10
1839 3160 2
1839 3947 8
1839 2220 3
1839 2958 5
1840 1509 8
1840 3227 6
1840 3592 2
1840 3920 2
1841 3207 6
1841 4345 2
1841 3139 6
1841 3727 9
1841 4653 8
1842 3952 5
1842 4634 1
1842 840 3
1842 4717 7
1842 1998 6
1843 380 8
1844 3400 8
1845 2871 6
1845 4777 2
1846 1885 7
1846 4367 9
1846 3617 5
1846 4923 8
1847 1724 7
1847 504 9
1848 4156 4
1848 1640 10
1848 4552 5
1848 3131 10
1848 3454 9
1849 3598 7
1849 4773 9
1849 877 7
1849 2338 2
1850 4728 6
1850 3441 1
1850 4420 7
1850 1315 8
1851 627 1
1851 4294 6
1851 811 8
1851 1830 9
1852 2312 6
1852 4306 1
1853 3493 7
1853 4147 3
1853 4246 10
1853 2487 5
1853 1320 5
1854 4585 10
1854 784 10
1854 1472 7
1855 3760 3
1855 1441 10
1855 4314 2
1856 3345 10
1856 3385 9
1857 3794 4
1857 4737 8
1857 63 5
1858 3804 3
1858 1686 3
1858 2819 1
1859 1918 5
1859 2527 10
1859 3989 1
1859 1127 2
1860 3458 2
1860 3943 3
1860 4501 3
1861 2991 6
1861 1975 1
1861 721 8
1861 4873 3
1861 4238 7
1862 3730 7
1863 4007 7
1863 1410 8
1863 3908 5
1863 3201 2
1864 1064 9
1864 2712 8
1865 1432 4
1865 1664 6
1866 1060 6
1866 578 7
1866 970 8
1866 3584 4
1866 4194 1
1867 1285 1
1867 3015 7
1867 4487 5
1867 4553 8
1867 3039 3
1868 4994 10
1868 713 3
1868 4458 8
1869 4001 1
1870 4176 5
1870 4271 7
1870 3078 1
1870 4499 6
1870 2164 1
1871 836 4
1871 4923 7
1871 4009 3
1872 905 8
1872 4132 1
1872 1728 7
1873 3276 9
1873 1021 8
1873 1274 7
1874 4868 8
1874 308 2
1875 2798 7
1875 2893 7
1875 507 2
1875 4986 4
1875 448 10
1876 439 6
1876 463 8
1876 4117 5
1876 3486 4
1877 853 7
1877 1601 5
1878 2722 5
1878 3173 5
1878 2538 10
1878 2646 4
1879 1997 9
1879 492 10
1880 3992 7
1880 3640 1
1880 2454 2
1881 3422 1
1881 427 10
1881 3497 10
1882 1942 8
1883 3053 3
1883 4528 3
1884 1087 9
1884 169 3
1884 4001 9
1884 2085 8
1885 4923 7
1886 3563 6
1886 178 6
1887 4498 5
1887 1296 6
1887 439 7
1887 2106 2
1888 3498 9
1888 4257 4
1888 2337 6
1888 3033 9
1889 2564 1
1890 319 1
1890 2246 10
1891 4444 10
1891 3308 7
1891 3891 6
1891 4712 3
1891 840 1
1892 3820 2
1892 1612 3
1892 109 4
1892 2086 8
1892 2349 1
1893 3476 7
1893 761 1
1893 4766 5
1894 4962 9
1894 3221 6
1895 2312 1
1895 4072 5
1895 3622 5
1896 3711 2
1897 3245 8
1897 857 5
1897 4173 10
1897 1754 3
1898 894 6
1898 909 2
1899 1383 7
1899 2968 6
1900 4338 7
1900 3419 7
1900 4366 5
1901 4919 9
1901 418 2
1902 4451 9
1903 3282 1
1903 1851 8
1903 2061 7
1903 1830 7
1903 3667 7
1904 2496 8
1904 4795 7
1904 3329 2
1904 3702 7
1904 203 10
1905 497 10
1905 378 2
1905 3046 4
1905 2181 1
1906 60 5
1906 3060 6
1906 3076 10
1906 3190 4
1906 2695 10
1907 2095 5
1907 2472 1
1907 472 2
1908 4653 3
1908 1017 3
1908 2852 1
1908 4877 3
1908 3139 9
1909 3783 5
1909 58 10
1909 1210 6
1909 844 10
1910 733 3
1910 1694 7
1910 3528 3
1910 3941 5
1911 864 4
1911 1754 8
1912 4392 6
1912 3593 5
1913 936 9
1913 1187 1
1914 3752 1
1914 1322 10
1914 4935 7
1915 2236 2
1915 2063 4
1915 1979 7
1915 3966 3
1916 4008 7
1916 2567 3
1916 4244 8
1916 2016 7
1917 4518 6
1917 3172 7
1917 2866 7
1917 2964 8
1918 3931 3
1918 2701 9
1919 3336 10
1920 3975 7
1921 462 2
1921 2489 7
1921 706 5
1921 2702 1
1922 1213 1
1922 1416 3
1922 2511 8
1922 576 8
1922 3147 9
1923 3419 2
1923 2049 1
1923 2307 4
1924 2142 9
1925 2381 9
1926 1788 9
1926 575 1
1926 3747 8
1927 3264 10
1927 4915 9
1927 3237 10
1927 909 2
1928 2025 3
1928 821 4
1928 3026 7
1928 815 8
1929 2946 3
1929 2128 5
1929 4448 6
1930 4126 5
1930 2407 8
1930 2272 10
1930 3906 9
1930 1297 2
1931 4556 5
1931 4728 9
1931 3441 9
1932 2203 4
1932 3804 6
1932 4284 2
1933 2531 9
1933 1888 1
1933 2524 8
1934 489 10
1934 4802 7
1934 3769 9
1935 3171 10
1935 723 4
1935 1510 2
1935 4046 2
1936 2874 3
1936 2112 1
1936 4908 5
1937 996 6
1937 927 6
1938 468 1
1938 869 5
1938 4050 1
1938 2432 4
1939 994 6
1939 2985 8
1939 4426 1
1940 2940 3
1940 3990 1
1940 1132 10
1941 2106 1
1941 3486 5
1941 4498 7
1941 3255 7
1941 463 9
1942 3483 5
1942 761 6
1942 464 3
1943 2739 9
1943 4650 3
1943 3574 7
1943 1896 6
1944 1754 7
1945 2740 5
1945 3130 7
1945 3665 9
1945 3099 1
1945 3206 6
1946 3388 8
1946 4542 2
1947 3465 8
1948 738 1
1948 2467 7
1948 451 10
1948 3847 1
1948 107 4
1949 783 4
1949 2779 10
1949 3779 3
1950 4302 3
1950 3221 7
1951 1503 6
1951 2794 8
1951 2750 2
1951 3593 5
1952 3338 7
1952 2106 3
1952 4373 1
1953 684 3
1954 947 8
1954 1744 7
1955 3298 8
1955 2163 2
1955 1351 10
1955 2197 5
1955 3349 6
1956 2435 8
1956 2037 4
1956 1661 4
1956 2971 2
1956 2314 5
1957 3196 8
1957 1924 10
1957 2089 10
1957 412 1
1958 852 9
1958 3766 9
1958 2744 2
1958 4478 5
1959 3446 7
1959 3168 4
1959 796 3
1959 4527 1
1959 2324 2
1960 2124 10
1960 426 8
1960 4605 10
1961 20 5
1962 2206 2
1962 4157 6
1962 3351 5
1963 2348 3
1964 3027 5
1964 849 3
1964 4628 2
1964 1879 3
1965 4326 10
1965 2638 3
1965 2553 9
1966 2282 1
1966 4332 8
1966 4859 3
1966 1061 4
1966 3091 1
1967 2294 7
1967 90 8
1968 3864 4
1968 3532 10
1968 4973 5
1968 3371 2
1969 4374 10
1969 689 9
1969 2096 9
1969 1777 10
1970 2391 6
1970 4531 6
1970 1161 4
1971 4542 8
1972 4091 8
1972 3155 2
1973 627 9
1973 3802 10
1974 3809 2
1975 1145 1
1976 3493 1
1976 3873 4
1977 1240 1
1977 2665 2
1977 1857 10
1978 2446 6
1978 4785 5
1978 2793 5
1979 4005 5
1979 3966 1
1979 4310 7
1979 2707 1
1980 3777 8
1980 1660 8
1980 4644 2
1981 3770 2
1981 3958 6
1981 2824 5
1981 3879 9
1981 1266 2
1982 1194 8
1983 3879 10
1983 1258 10
1983 3323 5
1983 169 9
1984 4077 10
1984 3220 10
1985 239 2
1985 4272 1
1985 525 6
1985 4912 4
1986 3105 1
1986 4034 8
1986 2142 5
1986 3418 3
1987 2545 5
1987 1064 2
1987 52 10
1987 2924 9
1987 4405 9
1988 1651 8
1988 3856 8
1989 1209 5
1989 3396 1
1989 4517 1
1989 4285 8
1990 507 6
1990 1337 2
1991 4765 4
1991 2969 6
1992 2585 6
1992 608 4
1992 2946 9
1993 4063 5
1993 4784 1
1993 4793 9
1993 3217 8
1993 4171 7
1994 132 9
1995 189 10
1995 3587 5
1995 3235 10
1995 2968 10
1996 2036 7
1997 2455 2
1997 4410 6
1997 4750 9
1997 2207 8
1997 4957 3
1998 4717 9
1998 3891 7
1998 1425 10
1999 945 10
1999 3669 1
1999 2669 3
1999 2537 9
2000 4447 7
2000 4239 6
2000 3266 7
2001 3852 3
2001 3758 9
2001 721 6
2002 246 2
2002 4886 2
2002 4481 1
2002 1414 5
2003 1873 2
2003 357 7
2003 1636 1
2004 2367 10
2004 3750 5
2004 3487 7
2004 473 5
2005 2481 7
2006 4182 5
2007 3725 8
2007 3115 1
2008 4907 9
2008 371 1
2008 3940 4
2008 4457 4
2008 3776 3
2009 1684 2
2010 358 2
2010 1000 8
2010 4526 5
2011 3556 7
2012 4545 4
2012 4029 9
2012 4232 8
2013 3045 4
2013 4159 2
2014 1492 8
2014 3903 8
2014 4589 6
2015 15 7
2015 1823 8
2015 2702 10
2016 4925 6
2016 1667 3
2016 4721 5
2017 4317 4
2017 3304 1
2017 2202 10
2017 4774 3
2018 1040 9
2019 1768 2
2019 4506 3
2019 528 10
2020 2450 1
2020 1135 6
2021 4189 2
2022 4302 1
2022 1950 10
2023 2187 10
2023 4500 7
2024 1884 5
2025 2582 10
2025 4798 8
2026 2600 3
2026 3887 6
2026 3046 9
2026 3413 4
2027 1543 4
2027 3230 4
2027 3578 10
2027 2532 9
2028 2010 8
2028 2328 4
2028 1587 4
2028 1161 7
2029 2911 7
2029 1753 7
2029 3690 8
2029 4080 5
2029 2313 3
2030 4034 2
2030 3196 5
2030 3105 5
2031 1195 6
2031 2421 10
2031 3673 4
2031 2784 3
2031 4885 3
2032 1139 1
2032 2852 8
2032 4990 4
2032 2716 10
2032 3207 3
2033 4175 7
2033 566 9
2034 60 4
2035 3129 2
2035 2504 1
2036 4171 9
2036 4063 8
2036 2398 9
2036 3324 10
2036 3946 8
2037 4256 5
2037 2576 7
2037 1025 4
2037 1996 8
2037 3136 3
2038 3480 10
2038 4497 9
2038 4049 5
2038 4674 6
2038 4216 9
2039 4050 1
2039 4977 10
2040 284 8
2040 2228 4
2041 4393 10
2041 2682 8
2041 1771 8
2042 4594 2
2043 3231 2
2043 1896 6
2043 2754 7
2044 1140 10
2044 3802 3
2045 3118 7
2045 3490 1
2045 3138 10
2045 2768 2
2046 1025 5
2046 1960 10
2046 2281 7
2046 1996 1
2046 4102 4
2047 1941 8
2048 1078 9
2048 1287 10
2048 1715 10
2048 3221 8
2049 2021 10
2049 4553 6
2050 3674 3
2050 2016 2
2051 119 10
2051 367 8
2051 2406 3
2051 4684 6
2052 2074 1
2053 2479 2
2053 1538 7
2053 2186 5
2054 4134 10
2054 693 8
2054 2166 4
2054 320 3
2054 1733 10
2055 3173 7
2055 3484 1
2055 3448 8
2056 3374 2
2056 389 2
2056 3592 10
2056 2024 10
2056 4917 1
2057 2240 4
2057 1252 10
2057 1923 2
2057 549 7
2057 3269 6
2058 1538 5
2058 817 8
2058 619 5
2058 2089 1
2058 4942 1
2059 3795 7
2059 501 6
2059 75 1
2060 4341 9
2060 3066 10
2060 1716 6
2060 887 7
2061 2604 4
2061 4005 8
2062 293 8
2062 2885 5
2062 529 9
2063 4310 8
2064 897 5
2064 1970 6
2064 3964 3
2065 2620 4
2065 7 4
2065 1790 3
2065 1436 4
2066 4342 7
2066 3259 10
2066 1267 8
2066 3730 8
2067 1737 9
2068 4330 9
2068 2543 10
2069 3643 4
2070 175 4
2070 2304 5
2070 2814 4
2070 2208 7
2071 4634 5
2071 55 5
2071 2535 2
2071 3104 8
2072 4280 1
2072 1173 6
2072 4244 2
2073 293 6
2073 3406 8
2074 2891 6
2074 4772 2
2074 4494 4
2075 4456 10
2075 3911 8
2075 751 8
2075 1037 8
2075 2304 1
2076 4895 10
2077 4342 10
2077 3806 7
2078 3898 3
2078 3825 7
2078 1381 9
2078 2840 9
2078 774 9
2079 619 9
2079 2053 10
2080 3276 1
2080 1873 10
2080 706 5
2081 3731 5
2081 2866 10
2081 58 8
2081 1884 9
2082 3449 8
2083 2942 5
2083 386 7
2083 4829 3
2083 3943 7
2083 4327 10
2084 2211 8
2084 3545 6
2084 57 6
2085 2937 7
2085 801 7
2086 1504 3
2086 2513 10
2086 3255 2
2086 952 7
2087 4957 4
2087 1879 3
2087 1964 9
2088 1416 3
2089 3105 7
2089 1924 10
2090 326 5
2090 2209 2
2090 2618 6
2090 3390 8
2090 4550 6
2091 2770 1
2092 4337 9
2092 1516 6
2092 4349 6
2092 1498 2
2093 2059 8
2093 4047 4
2093 4968 2
2093 2711 6
2094 3416 4
2094 3698 6
2094 3976 10
2095 4049 5
2095 3919 2
2095 3517 2
2096 2711 5
2096 3054 5
2096 1478 10
2096 4968 3
2096 3363 1
2097 1586 1
2097 1524 7
2097 3072 5
2097 3747 7
2097 893 8
2098 3351 2
2098 3662 7
2098 2395 10
2098 958 2
2098 2206 9
2099 3232 3
2099 4164 2
2099 270 2
2099 3659 10
2100 2338 10
2100 4655 7
2100 288 6
2100 3025 2
2101 1705 8
2102 427 7
2102 4791 2
2102 2972 10
2102 4904 3
2103 3639 1
2104 4531 1
2104 462 10
2105 3592 9
2105 3935 8
2105 801 5
2105 2824 1
2106 3255 3
2107 4913 5
2107 4632 2
2108 1843 1
2108 4590 10
2109 3987 2
2109 47 1
2109 4158 6
2110 1269 9
2110 2303 3
2110 4369 1
2110 1178 9
2111 2718 5
2112 1816 10
2112 2594 9
2112 438 5
2112 778 8
2112 3316 10
2113 4343 9
2113 71 7
2113 4022 9
2114 2087 8
2115 4598 6
2115 1167 2
2116 3482 4
2116 2857 2
2117 3895 10
2117 4570 3
2117 2293 3
2117 2332 2
2118 2426 3
2118 1209 7
2118 3911 4
2118 2466 5
2118 1388 3
2119 2776 8
2119 2208 1
2119 1651 6
2119 4285 8
2120 3049 2
2120 4834 3
2120 3823 9
2121 4873 10
2121 3851 7
2122 1214 10
2123 1295 1
2123 4678 9
2123 40 6
2124 1005 10
2125 4409 7
2125 4781 1
2125 285 1
2125 1760 8
2126 1896 4
2126 4650 1
2127 1426 8
2127 2230 6
2127 2897 3
2127 3466 9
2128 3202 5
2128 1535 6
2128 390 1
2129 1725 2
2129 3318 8
2129 192 5
2130 4895 7
2130 2536 10
2131 722 3
2132 2064 3
2132 457 5
2132 202 9
2133 2389 3
2133 1158 10
2133 1072 4
2133 2617 1
2134 2926 10
2134 4637 7
2134 4548 5
2134 4272 4
2135 1047 8
2135 2311 8
2135 3481 4
2135 866 10
2136 3204 4
2137 2699 1
2137 2158 9
2138 3466 1
2138 2059 10
2138 4217 10
2138 689 9
2138 3400 9
2139 2618 8
2139 326 1
2139 2209 6
2139 3993 9
2140 1841 7
2140 4053 5
2140 1139 6
2141 2959 7
2141 1698 10
2141 4427 5
2141 2218 4
2142 3105 10
2142 2539 10
2142 4034 3
2142 3196 4
2143 976 7
2143 4718 5
2143 2209 4
2143 4550 10
2144 1933 3
2144 2339 2
2144 2353 3
2144 3608 9
2144 2405 2
2145 4702 10
2145 3227 1
2145 2723 3
2145 4212 9
2145 4003 6
2146 3176 10
2146 2689 3
2146 4121 1
2147 4496 3
2147 4532 4
2147 1103 6
2147 41 5
2148 2293 1
2149 1817 5
2150 2245 4
2150 901 3
2150 2871 9
2151 4324 2
2151 864 1
2152 1184 4
2152 3971 4
2152 3597 3
2152 1203 10
2153 2924 6
2153 4496 10
2153 2712 7
2153 4283 4
2154 3602 9
2154 3152 8
2155 1975 1
2155 4228 7
2155 1290 4
2155 2363 3
2155 181 8
2156 3704 3
2156 2188 4
2156 2434 2
2156 1464 6
2156 2357 10
2157 674 7
2157 2750 3
2157 3211 1
2157 2393 2
2158 2700 4
2158 3777 4
2159 2206 3
2159 2279 1
2159 4157 2
2159 2098 8
2159 4780 3
2160 445 2
2160 3595 10
2160 3797 7
2160 4852 4
2161 1544 10
2161 3606 8
2162 1383 10
2163 2267 3
2163 362 2
2163 1465 4
2163 4467 4
2163 1967 6
2164 151 2
2164 234 2
2165 1660 2
2165 3777 10
2165 2189 7
2165 2700 2
2165 1980 9
2166 1804 4
2166 3001 2
2167 214 10
2167 4615 4
2167 2219 6
2168 3136 9
2168 2124 4
2169 243 1
2169 3878 9
2169 2552 4
2169 3699 10
2170 2943 4
2170 4573 6
2170 651 8
2170 2182 8
2171 608 10
2171 1302 1
2171 1929 1
2171 1535 5
2171 390 8
2172 3639 6
2172 3370 3
2172 2399 1
2172 4956 9
2172 1033 6
2173 1687 4
2173 2438 9
2173 523 4
2173 4070 3
2174 4547 8
2174 3815 4
2174 3382 4
2175 1322 4
2175 227 10
2175 726 9
2175 2482 7
2175 3315 9
2176 2012 5
2176 2656 9
2176 2103 10
2176 3713 1
2176 2399 4
2177 2034 2
2177 1689 10
2177 65 3
2178 3586 7
2179 3743 7
2179 2511 1
2180 4528 3
2180 3431 6
2180 3048 7
2181 4803 8
2181 2482 10
2182 547 9
2182 4554 1
2182 4944 10
2182 2943 8
2183 1085 10
2184 4993 3
2185 803 7
2185 2763 2
2185 2297 3
2185 4483 10
2186 4789 9
2186 4594 8
2187 1063 3
2187 968 8
2187 2097 6
2187 4312 9
2187 4993 7
2188 3881 8
2189 4585 3
2189 4499 8
2190 1743 4
2191 4500 3
2192 4451 7
2192 4702 2
2192 4212 10
2192 563 2
2193 1808 8
2193 701 6
2194 2386 5
2194 1413 6
2194 2041 8
2194 4393 5
2194 108 8
2195 3651 10
2195 2844 8
2195 1546 5
2196 4674 4
2196 2652 4
2196 694 5
2197 2282 4
2198 2621 9
2199 2096 2
2199 2138 3
2199 3258 9
2199 461 1
2199 205 8
2200 1885 2
2201 3074 7
2201 2307 1
2201 339 6
2202 3536 9
2202 3304 6
2202 4774 3
2202 4317 6
2203 3444 7
2203 3835 1
2204 2580 10
2204 202 2
2204 393 5
2204 77 8
2205 3506 5
2205 4465 1
2205 2758 8
2205 980 5
2205 4928 6
2206 2426 8
2206 2899 5
2206 4780 2
2207 2412 6
2207 3184 7
2207 987 4
2208 2225 10
2208 2304 5
2209 4868 7
2209 2633 8
2209 3409 7
2210 199 6
2210 835 1
2210 3942 9
2210 600 10
2210 744 4
2211 2856 6
2212 1737 1
2212 964 5
2212 4115 3
2213 3863 2
2213 866 2
2213 4863 2
2214 2788 2
2214 1426 2
2215 544 5
2215 2798 3
2215 2527 6
2216 1840 10
2216 3958 3
2216 2937 6
2217 3816 6
2217 3950 3
2217 3801 2
2218 316 1
2218 2668 7
2218 1620 9
2218 4599 4
2219 1744 10
2219 918 9
2219 1954 10
2219 79 10
2219 3339 9
2220 4139 3
2220 1104 10
2220 3466 2
2220 2319 4
2220 161 9
2221 4121 8
2221 3401 2
2221 2689 2
2222 4246 7
2222 1656 9
2222 3776 1
2223 4338 5
2223 4495 7
2223 1683 3
2223 3843 6
2224 1667 9
2224 4418 4
2225 1255 3
2225 1541 2
2226 2689 3
2226 4812 3
2226 1018 1
2227 2539 9
2227 1538 4
2227 2186 4
2227 4034 5
2227 2479 10
2228 758 7
2229 4165 6
2229 3020 4
2229 3761 7
2229 4345 8
2230 2269 8
2230 2312 9
2231 3398 1
2231 480 9
2231 3989 1
2232 4482 7
2232 4217 2
2232 2984 9
2232 3947 8
2233 4237 8
2233 1241 8
2234 2786 9
2234 3045 9
2234 4705 9
2235 865 7
2235 151 8
2235 3254 10
2235 1783 4
2235 4128 10
2236 2847 10
2236 4122 7
2236 2091 9
2236 3802 3
2236 3205 1
2237 1340 1
2237 3690 8
2238 386 10
2238 4308 4
2238 4023 3
2238 3701 1
2239 3197 1
2239 1533 5
2239 1748 4
2239 1635 8
2240 747 10
2240 3346 4
2241 4715 2
2241 1901 6
2242 1129 8
2243 3974 5
2244 3450 5
2244 4112 5
2244 4739 4
2245 4143 6
2245 2683 1
2245 3511 10
2245 3342 1
2245 930 5
2246 503 9
2247 4550 10
2247 4800 3
2248 2607 5
2248 3042 4
2249 1736 7
2249 4052 7
2249 2800 9
2250 3832 8
2250 567 7
2251 2639 9
2251 3317 2
2251 1916 7
2251 3556 8
2252 4835 5
2252 1471 9
2252 4788 9
2252 1432 9
2252 4078 5
2253 4211 1
2253 3493 7
2253 3776 4
2253 4457 7
2254 783 1
2254 4579 5
2254 4567 4
2255 4150 8
2255 4956 4
2255 3370 10
2256 495 5
2256 61 10
2256 4668 8
2256 2066 8
2257 1527 5
2257 2886 6
2257 4724 10
2257 4099 1
2257 623 4
2258 4412 4
2258 2397 3
2258 2038 1
2259 2416 7
2259 4170 7
2259 653 9
2259 4632 5
2260 1698 8
2260 3091 6
2260 4896 3
2260 4859 4
2261 3035 8
2262 826 8
2263 2562 8
2264 3546 8
2264 2651 10
2264 4550 10
2265 846 4
2266 2260 9
2266 4388 2
2266 3325 5
2266 2896 9
2267 2545 7
2267 1061 3
2268 425 9
2268 1487 2
2269 3425 1
2269 3562 3
2269 4844 9
2270 3781 5
2270 2346 6
2270 3326 7
2270 536 6
2271 4769 2
2271 2380 8
2272 219 1
2272 2013 9
2272 23 2
2273 1521 9
2274 4951 9
2274 2944 8
2274 1024 5
2275 1463 9
2275 4643 10
2275 3666 10
2276 2682 7
2276 3894 5
2276 2698 9
2277 547 9
2277 3679 2
2277 2280 2
2277 4107 1
2277 4064 9
2278 4050 3
2278 3164 10
2279 3662 9
2280 4064 1
2280 4649 5
2280 3638 7
2281 4605 4
2281 442 4
2281 3684 9
2281 2330 7
2281 1378 1
2282 4905 5
2282 2999 2
2283 2942 8
2283 3701 5
2283 2336 2
2283 4308 10
2283 3003 6
2284 2922 5
2284 3666 2
2284 4528 8
2285 3323 5
2285 1570 10
2285 4493 3
2285 3783 6
2286 681 7
2287 2034 1
2287 3076 4
2288 641 10
2288 1912 6
2288 2522 10
2288 1951 7
2289 3520 5
2289 3742 1
2289 1205 7
2289 2333 5
2290 1509 10
2290 3783 10
2290 3164 4
2290 1672 4
2291 2450 10
2291 1447 4
2292 1436 4
2292 2545 3
2292 2267 7
2293 4321 7
2293 4389 1
2293 2935 1
2293 3696 7
2294 1641 3
2294 3325 7
2294 2402 2
2294 3600 3
2294 4692 4
2295 4079 9
2295 1480 1
2295 108 8
2295 1680 6
2296 827 9
2297 489 10
2297 1147 4
2297 203 5
2298 2607 6
2298 4240 9
2298 3680 10
2298 1684 5
2299 2449 10
2299 777 2
2299 2607 2
2299 3042 1
2300 4313 5
2301 1185 3
2301 168 9
2302 2558 5
2302 3636 1
2302 3418 6
2302 655 1
2303 1465 6
2303 4905 9
2303 1299 5
2303 1399 5
2304 1949 5
2305 2657 10
2305 4655 5
2305 4971 9
2305 4927 1
2305 3808 7
2306 4505 4
2306 1243 8
2306 603 8
2306 2313 9
2307 747 5
2308 2571 9
2308 2378 10
2308 4433 10
2309 481 3
2310 4411 3
2310 4563 6
2310 217 9
2310 3560 5
2311 2223 3
2311 3670 8
2311 1075 8
2311 325 3
2312 1124 1
2312 2038 3
2312 2711 6
2312 2397 5
2312 3795 9
2313 3693 8
2313 2273 1
2314 4102 1
2314 2124 5
2314 2473 6
2315 308 3
2315 2663 7
2315 2198 7
2316 3678 2
2316 4756 2
2316 1912 10
2317 2739 7
2317 3235 10
2317 3586 2
2317 2043 1
2317 2356 6
2318 4766 8
2318 4170 3
2318 637 3
2319 3054 2
2319 2312 9
2320 2599 2
2320 678 3
2320 726 8
2320 3309 4
2321 641 4
2321 4647 9
2321 585 9
2321 2316 6
2321 1951 6
2322 4156 4
2322 600 10
2322 3268 2
2322 1533 8
2323 2036 5
2323 1956 1
2324 3446 6
2324 2889 3
2325 790 9
2325 112 8
2325 2312 1
2326 165 4
2326 4571 5
2326 1783 3
2326 4499 6
2326 4210 4
2327 3750 8
2327 3487 4
2327 2183 1
2328 982 10
2328 3168 4
2329 2948 10
2330 4141 5
2330 2473 6
2330 2884 7
2330 4225 5
2331 4138 3
2331 1585 7
2331 1680 8
2332 1148 2
2332 4389 2
2332 4449 2
2333 4095 1
2333 3279 1
2333 1441 4
2333 2626 5
2334 4733 4
2334 24 6
2334 3424 1
2335 4832 1
2336 3283 6
2336 1782 2
2336 4308 6
2337 737 6
2337 1031 7
2338 4757 6
2338 3840 3
2339 4662 1
2340 3576 9
2340 1638 8
2340 1433 4
2340 2605 7
2340 4599 7
2341 1378 7
2341 2398 2
2342 4133 8
2342 2257 8
2343 1254 2
2344 894 3
2345 4807 3
2346 659 6
2346 928 6
2346 2641 4
2346 3216 5
2346 4265 7
2347 936 9
2347 4989 9
2347 1557 5
2347 945 10
2348 1448 2
2348 3386 3
2349 3255 2
2349 201 7
2349 309 7
2349 4322 2
2350 2244 10
2350 3614 4
2350 4739 7
2351 4238 4
2351 4822 10
2351 2121 6
2351 4262 3
2351 4873 8
2352 3764 1
2352 2412 10
2353 1576 4
2353 378 9
2353 953 2
2353 168 9
2353 3046 8
2354 1015 7
2355 1189 10
2355 4924 8
2355 1618 8
2355 3311 3
2355 3950 2
2356 2772 6
2356 3779 7
2356 1899 2
2357 2434 1
2357 3881 2
2357 2470 6
2357 2829 8
2358 3977 9
2359 4052 6
2359 1673 2
2359 4653 2
2359 3101 10
2359 3274 2
2360 1613 7
2360 470 6
2360 357 5
2361 4849 7
2362 4407 7
2362 4542 5
2363 4584 1
2363 1861 3
2363 2250 6
2364 1182 6
2364 1655 8
2364 4912 9
2365 4538 3
2366 4717 8
2366 3624 6
2366 1842 5
2367 4093 3
2367 1228 3
2367 4817 5
2368 1782 9
2368 4983 7
2368 3458 8
2368 4327 10
2368 4600 6
2369 3435 2
2369 1997 9
2369 4628 2
2369 4410 9
2370 1242 10
2370 610 1
2370 2614 5
2370 1625 2
2371 4665 4
2371 1162 4
2371 2354 6
2371 209 3
2371 3045 9
2372 2689 9
2372 3401 8
2372 4106 2
2372 4121 8
2373 2455 9
2373 3084 2
2373 152 4
2373 3327 7
2374 1228 4
2374 4817 2
2375 382 3
2375 2500 5
2376 168 9
2377 1584 6
2377 107 9
2377 2093 7
2378 2034 9
2378 3496 1
2378 1222 3
2378 419 8
2378 4424 6
2379 3554 6
2379 1367 10
2379 259 3
2379 1859 7
2379 4604 3
2380 1432 1
2380 3532 6
2381 1329 1
2382 3173 8
2383 3089 6
2383 814 10
2383 642 5
2383 4300 5
2383 599 1
2384 850 4
2384 4366 4
2384 3514 9
2385 4773 9
2385 4757 9
2385 2973 8
2386 2089 9
2386 4942 7
2387 3393 5
2388 3628 6
2388 3928 5
2389 4244 7
2389 4280 1
2389 2016 10
2390 2496 10
2390 137 7
2390 3280 8
2391 3972 9
2391 2986 4
2391 2387 6
2392 1135 2
2392 2197 7
2392 2190 4
2393 3420 7
2393 1921 10
2393 15 2
2393 1216 9
2393 4235 10
2394 4194 7
2394 1331 3
2394 4943 1
2395 4780 6
2395 2304 7
2396 2832 7
2396 3621 7
2396 3442 7
2396 255 10
2396 3142 5
2397 3653 4
2397 4216 1
2397 4674 9
2397 800 8
2397 531 5
2398 2541 2
2398 1135 9
2399 4191 4
2399 4538 6
2399 3442 5
2399 1974 8
2400 2438 10
2400 3799 9
2400 3 1
2400 2785 8
2401 4067 1
2401 3757 4
2402 4234 8
2402 90 4
2402 263 10
2402 3036 3
2403 1541 10
2403 2208 3
2403 3516 4
2403 4275 7
2403 1255 10
2404 1646 7
2404 4267 1
2404 2654 4
2405 977 2
2405 1043 1
2406 3428 7
2406 3147 7
2407 3412 4
2407 4348 4
2407 1747 10
2408 4407 5
2408 4682 1
2408 2751 4
2408 176 5
2408 4438 4
2409 173 10
2409 402 10
2409 2194 8
2410 4977 1
2411 3857 8
2412 2789 3
2413 2184 1
2413 1524 6
2413 3072 8
2414 389 6
2414 3278 9
2415 3037 1
2415 3112 7
2416 597 5
2416 3082 9
2416 1511 1
2416 3009 8
2417 3720 5
2417 803 7
2417 2027 5
2418 1486 3
2418 2570 2
2419 2009 1
2419 2299 3
2419 3478 5
2419 2607 8
2419 4014 5
2420 776 7
2420 889 1
2420 382 10
2421 3342 6
2421 4777 4
2421 64 2
2422 4003 6
2422 3935 9
2422 3137 7
2422 1518 2
2422 4451 7
2423 4684 1
2423 4937 8
2423 4330 7
2424 1222 5
2424 1199 1
2424 3465 3
2424 67 4
2424 1757 8
2425 3093 5
2425 4175 4
2425 3651 3
2426 783 7
2427 1918 10
2427 448 1
2427 2431 2
2427 404 8
2428 95 3
2428 3631 10
2428 4513 5
2428 3942 3
2428 4356 10
2429 3226 4
2429 3890 7
2429 2572 4
2429 4820 3
2429 4078 4
2430 1886 4
2430 791 6
2430 3446 10
2431 3908 4
2431 4007 1
2431 1410 2
2432 2591 2
2432 1902 7
2432 1634 8
2432 1840 8
2432 2085 1
2433 1246 1
2433 3643 7
2433 4878 10
2433 1332 8
2433 3642 6
2434 1871 8
2434 3008 5
2434 4169 5
2434 836 3
2435 4784 4
2435 1311 7
2436 2043 10
2436 867 8
2436 3208 2
2436 4567 4
2437 4140 3
2437 615 1
2438 4881 7
2438 2683 5
2439 1309 3
2439 1671 3
2439 4319 4
2439 3537 7
2440 1204 6
2440 1535 8
2440 1492 8
2440 4871 8
2441 2472 4
2441 4497 1
2442 1301 1
2442 4549 9
2442 3309 5
2442 4913 3
2443 809 6
2443 4078 10
2444 1596 10
2445 4580 6
2446 2529 10
2446 4785 5
2446 1276 3
2446 590 1
2447 1959 1
2447 538 1
2448 4296 9
2448 1821 5
2448 615 7
2448 4140 3
2449 4240 10
2449 3328 4
2449 2688 9
2449 243 8
2450 2292 5
2450 2999 5
2450 2260 6
2451 1320 4
2451 2008 6
2452 2119 2
2452 687 8
2452 4285 8
2453 2943 4
2453 4064 10
2453 3451 7
2454 4093 8
2454 141 8
2454 130 5
2454 2887 1
2454 4333 6
2455 1159 8
2456 2454 7
2457 4843 3
2457 2933 5
2457 4711 7
2458 2468 10
2459 2748 4
2459 2556 7
2459 3995 4
2459 3041 8
2460 2683 5
2460 2421 7
2460 1754 7
2461 148 2
2461 4530 7
2461 1114 6
2461 4347 2
2462 3243 7
2462 942 1
2462 2641 2
2462 3967 5
2463 4254 8
2463 2126 6
2463 322 1
2464 3167 3
2464 4629 5
2464 425 4
2464 1911 4
2464 999 1
2465 3904 10
2465 3869 3
2465 734 6
2465 4058 10
2465 1030 5
2466 2754 4
2467 2312 4
2467 3019 9
2467 3602 1
2467 4612 8
2467 2860 5
2468 3046 9
2468 2259 3
2468 4662 10
2468 2416 9
2469 1133 6
2470 3737 4
2470 4367 1
2470 607 9
2470 3872 4
2470 2808 10
2471 819 9
2471 3399 4
2471 2626 7
2471 3623 3
2471 498 5
2472 3602 1
2472 2652 5
2473 4583 3
2473 4076 3
2474 1348 4
2474 1861 5
2474 1067 10
2474 4058 10
2475 3386 1
2475 3048 2
2476 2579 10
2476 907 10
2477 1171 6
2477 4071 10
2477 3572 9
2477 294 10
2477 264 9
2478 3178 9
2479 862 6
2479 1396 3
2479 3913 6
2479 4269 9
2479 3279 6
2480 826 4
2481 4404 9
2481 1766 9
2481 2444 3
2481 4878 10
2481 2731 2
2482 2592 3
2482 2788 2
2482 3947 4
2482 2645 7
2482 3575 3
2483 270 9
2483 2099 7
2483 1740 7
2483 4289 5
2483 4254 2
2484 3701 3
2484 4829 4
2484 3343 5
2484 1705 1
2484 3012 8
2485 4460 7
2485 346 7
2485 2099 4
2485 2395 2
2486 3359 6
2487 4211 7
2488 4399 8
2488 55 4
2488 4365 2
2489 3917 4
2489 3563 9
2489 4603 7
2489 1555 3
2489 433 7
2490 233 4
2491 4718 4
2491 4115 9
2491 2781 3
2491 4297 3
2491 3832 1
2492 4610 1
2492 4433 6
2493 3342 8
2494 3050 4
2494 4515 8
2494 4861 7
2495 4773 5
2495 4688 4
2495 1821 2
2496 4328 6
2496 1934 3
2496 1066 8
2497 953 10
2497 3112 9
2497 737 3
2498 3385 1
2498 3259 4
2498 792 8
2499 1490 9
2499 2740 9
2499 2664 7
2499 2221 7
2500 2949 4
2501 3596 9
2502 2681 5
2502 1510 1
2503 816 4
2503 3821 7
2503 3793 1
2503 2982 7
2504 134 5
2505 3896 9
2505 3496 6
2505 3032 4
2506 1578 9
2506 1969 10
2506 2096 3
2507 4261 5
2508 4535 4
2508 1293 6
2509 1080 9
2509 3802 6
2509 4310 2
2509 4922 7
2509 2091 10
2510 564 10
2511 119 1
2511 3512 6
2512 765 9
2512 3413 4
2512 229 2
2512 3912 7
2512 3657 10
2513 4621 8
2513 3255 6
2513 832 5
2514 2338 7
2514 1368 1
2515 4321 10
2515 2938 4
2516 3441 1
2516 2589 10
2516 1935 10
2517 1247 7
2517 491 10
2517 875 10
2518 65 8
2518 4850 1
2518 4489 6
2519 2591 9
2519 1446 6
2519 2937 2
2520 1957 8
2521 1836 6
2521 1788 3
2521 4037 5
2521 4312 9
2522 2393 10
2522 2003 10
2522 2580 1
2523 1675 10
2523 2155 1
2523 356 9
2523 4975 10
2524 216 10
2524 761 7
2524 2550 5
2525 2451 10
2525 1857 1
2526 619 6
2526 2186 3
2526 2479 7
2527 469 6
2527 3883 2
2528 1709 3
2529 3278 8
2529 1412 9
2529 2730 1
2530 706 1
2530 2680 1
2530 1970 4
2530 1161 1
2531 756 2
2531 1824 9
2531 4012 6
2531 229 7
2532 515 2
2532 4699 7
2532 2123 5
2532 3578 5
2532 1800 7
2533 2438 10
2533 4133 9
2533 937 3
2533 2400 7
2534 411 7
2534 2257 4
2534 1785 8
2535 1931 7
2535 3057 9
2535 2306 1
2536 3278 8
2536 4449 1
2536 3998 8
2537 660 5
2537 4142 9
2537 575 8
2537 3439 9
2537 2861 1
2538 6 8
2538 1859 8
2538 3883 5
2539 966 1
2539 646 3
2539 862 6
2539 4450 1
2540 3990 2
2540 1132 9
2541 4583 9
2541 3525 3
2541 362 2
2541 2141 6
2541 4496 9
2542 3636 4
2542 412 6
2543 1637 5
2543 2610 6
2543 3214 5
2543 4691 3
2543 4809 3
2544 4732 3
2544 3344 2
2544 610 3
2545 4283 6
2545 612 6
2545 2924 3
2545 1641 1
2546 1685 4
2546 3043 10
2546 4217 4
2546 2220 7
2546 3575 2
2547 304 4
2548 1971 6
2548 2707 5
2548 4294 4
2548 4711 2
2549 3226 9
2549 4835 1
2549 3796 8
2549 4077 9
2550 245 1
2550 4574 5
2550 4129 8
2551 2150 5
2551 2438 9
2551 930 9
2551 4629 5
2552 3712 3
2552 4344 5
2552 1711 6
2552 1308 5
2552 1560 8
2553 320 3
2553 1189 5
2553 3311 10
2554 3664 7
2554 2830 5
2554 2739 9
2554 867 5
2555 2904 9
2555 4246 5
2556 4631 1
2557 2306 7
2557 3534 3
2557 4505 3
2557 3352 9
2557 1340 5
2558 3596 4
2558 3996 4
2559 2569 3
2559 2120 10
2559 3977 4
2559 2556 10
2559 1618 1
2560 2618 5
2561 2340 10
2561 1960 8
2562 2260 9
2563 4688 8
2563 4757 6
2563 2101 9
2563 2973 7
2564 3102 6
2564 2084 8
2565 1512 1
2565 2582 8
2565 748 4
2565 140 3
2565 4124 6
2566 4049 10
2566 2270 10
2566 2082 4
2566 4742 10
2567 3859 6
2567 1602 9
2567 1770 4
2568 1569 8
2569 320 9
2569 2459 7
2569 377 8
2569 4775 8
2569 1189 9
2570 3904 8
2570 1062 5
2570 4989 4
2571 821 7
2572 4270 5
2573 803 6
2573 3900 4
2573 833 8
2573 1827 2
2574 869 3
2574 1601 3
2574 329 10
2574 4041 6
2574 598 10
2575 1809 8
2575 488 1
2575 2042 3
2576 4063 6
2576 3324 3
2576 3607 7
2576 4661 3
2576 4572 1
2577 2259 7
2577 1888 4
2578 1949 6
2578 289 1
2579 3227 9
2580 178 2
2581 729 6
2581 45 4
2581 3922 6
2581 1692 4
2581 3763 2
2582 65 4
2582 4039 1
2582 4436 5
2582 3076 10
2583 2665 6
2583 4996 7
2583 4015 7
2584 2768 2
2584 4839 2
2584 4921 8
2585 504 4
2585 4589 9
2585 2128 3
2585 648 2
2585 1348 9
2586 2320 1
2586 3573 10
2586 529 9
2586 4662 7
2586 765 5
2587 1164 9
2588 2882 7
2588 1531 3
2588 947 10
2588 3948 1
2589 4919 2
2589 2740 6
2590 3698 3
2591 869 1
2591 4212 10
2592 1124 3
2592 1426 3
2592 1816 2
2593 2186 8
2594 3106 7
2594 4674 9
2594 938 1
2595 50 9
2595 3631 6
2595 314 1
2595 1748 8
2595 3877 1
2596 3353 4
2596 1901 5
2596 420 10
2596 4358 2
2596 2895 5
2597 1874 5
2597 1450 2
2597 3289 9
2598 2615 6
2598 2783 3
2599 2181 2
2599 2318 6
2599 2645 10
2599 2482 2
2599 1434 4
2600 4484 2
2600 3413 1
2600 3564 9
2600 3009 3
2600 3087 4
2601 4785 6
2601 3048 5
2601 553 8
2602 1402 4
2602 1804 5
2602 377 7
2602 2569 10
2602 2559 10
2603 3048 6
2603 2148 4
2603 2130 7
2603 431 6
2603 3626 1
2604 423 2
2604 1558 4
2604 3432 2
2605 2712 5
2605 718 4
2605 4599 7
2605 2999 8
2606 2279 7
2606 1218 2
2606 2578 1
2606 4870 9
2606 3560 7
2607 3929 4
2607 740 8
2607 2721 1
2607 3372 10
2607 3878 2
2608 3535 5
2609 3271 10
2609 3928 7
2609 4588 9
2610 3583 4
2610 2103 8
2610 2 7
2610 3442 3
2610 4513 3
2611 2686 2
2612 3247 2
2612 1840 9
2613 942 7
2613 501 4
2614 4974 6
2614 4819 5
2614 4815 1
2614 4732 3
2614 863 7
2615 2973 3
2615 4757 5
2616 2902 6
2617 2296 8
2618 3473 9
2619 2528 7
2619 1005 10
2620 4599 10
2620 41 2
2620 1106 1
2620 1967 2
2621 4115 2
2621 128 2
2622 2116 5
2622 156 2
2623 2385 7
2623 2720 8
2624 2431 2
2624 1337 9
2625 2627 2
2625 950 2
2625 1781 6
2626 2939 3
2626 3930 4
2626 3777 5
2626 481 5
2626 4325 4
2627 2615 10
2627 4472 1
2627 188 8
2627 4802 1
2627 3756 5
2628 2492 10
2628 3836 5
2629 1100 1
2629 1196 3
2629 2784 8
2629 2724 7
2630 2521 8
2630 727 5
2630 12 9
2630 1290 4
2630 4091 5
2631 3372 7
2631 2469 9
2631 607 3
2631 2470 9
2631 3872 10
2632 1018 7
2632 152 1
2632 4994 1
2632 1490 2
2633 2663 7
2633 3157 5
2634 1261 2
2634 1915 6
2635 3241 1
2636 2445 10
2636 4084 2
2636 4094 9
2636 2311 4
2636 1047 3
2637 3001 4
2637 1733 1
2637 3763 6
2638 3300 6
2638 1371 6
2638 3763 10
2639 2539 9
2639 2981 2
2639 1812 1
2640 3845 4
2640 370 9
2640 1146 4
2641 4628 1
2641 2740 10
2641 3441 1
2641 2237 7
2642 1122 7
2642 4279 7
2642 4106 6
2643 1445 6
2643 4023 4
2643 2988 3
2643 2211 8
2644 4239 5
2644 154 5
2644 3450 4
2645 4558 5
2645 3400 9
2645 3795 10
2645 3054 3
2645 1426 9
2646 894 9
2647 1117 1
2647 3941 6
2648 3371 2
2648 1432 1
2648 2590 7
2648 3877 7
2649 4671 2
2649 3634 5
2649 550 2
2649 15 7
2649 2316 8
2650 2 2
2651 3561 7
2652 3517 10
2653 1492 6
2653 3974 2
2653 4589 3
2654 2957 10
2655 699 3
2656 1293 4
2656 2399 4
2656 3370 7
2656 1974 9
2657 4773 8
2657 2514 6
2657 4027 2
2657 895 10
2657 3415 5
2658 555 10
2658 1090 8
2658 4279 8
2658 2540 4
2658 3849 6
2659 3049 2
2659 4255 10
2660 1303 8
2661 966 8
2661 372 10
2661 3279 2
2661 3654 2
2661 2981 1
2662 3520 1
2663 4257 10
2663 2929 10
2663 4115 10
2663 71 6
2663 1167 6
2664 2689 5
2664 1521 2
2664 353 2
2664 1765 8
2665 4008 9
2665 2837 9
2666 2981 7
2666 3862 2
2667 1627 5
2667 2658 10
2667 4540 10
2668 2712 4
2668 2691 5
2668 1663 3
2669 92 3
2669 2097 7
2670 2386 5
2670 2053 8
2670 3996 3
2671 836 2
2671 423 10
2671 3507 1
2672 4885 3
2673 3561 9
2673 2531 1
2673 3112 10
2673 1515 6
2674 827 5
2675 4330 4
2676 1984 7
2676 2572 4
2676 4270 10
2676 3757 2
2677 143 10
2677 3352 8
2677 4899 1
2677 723 5
2677 2891 3
2678 1959 9
2678 538 3
2678 236 5
2679 1930 1
2679 2889 2
2679 3548 2
2680 4182 8
2680 1719 5
2680 3917 5
2680 4274 4
2680 3539 6
2681 3441 6
2682 1760 4
2683 2871 1
2683 4435 2
2684 2962 1
2685 4278 7
2685 3977 6
2685 4292 1
2686 4520 2
2686 3950 1
2686 1817 8
2686 320 7
2687 4379 4
2688 93 8
2688 2503 2
2688 764 4
2689 3926 4
2689 2804 7
2690 3566 5
2690 1444 1
2690 3132 6
2690 2944 6
2690 4118 9
2691 2267 10
2691 4751 1
2691 2282 1
2691 4351 6
2692 915 3
2692 3035 6
2692 4507 4
2693 2050 3
2693 4244 8
2693 4996 9
2694 3820 9
2695 1417 3
2696 2211 5
2696 3675 9
2697 3002 7
2697 3773 7
2697 1226 3
2697 4320 10
2697 1039 9
2698 1152 6
2699 3702 3
2699 2134 10
2699 2326 9
2699 1934 4
2699 803 6
2700 4757 2
2700 525 4
2700 4468 10
2700 1526 7
2700 2623 7
2701 3931 3
2701 4871 6
2701 4413 7
2701 3110 5
2701 4989 8
2702 1886 7
2702 3277 3
2703 2061 7
2703 4542 1
2703 4005 6
2703 3388 7
2703 2236 7
2704 567 1
2704 500 6
2704 3157 4
2704 4550 9
2704 2929 6
2705 38 8
2706 3374 8
2706 4451 9
2706 1266 5
2706 2790 1
2707 4310 2
2707 2713 2
2707 3377 10
2707 3881 3
2708 1777 7
2708 3054 2
2708 1805 10
2709 3236 9
2709 3321 8
2709 816 5
2710 2903 7
2711 1584 2
2711 4412 7
2711 4466 3
2712 4821 9
2713 4536 7
2713 3680 7
2713 2200 4
2714 746 2
2714 4745 4
2714 3895 1
2715 4938 6
2716 17 3
2716 4052 1
2717 2585 3
2717 4312 3
2717 2946 8
2717 2718 4
2717 1557 5
2718 3115 7
2718 4508 9
2719 1676 1
2719 4223 4
2719 3732 8
2720 3119 9
2721 1939 6
2722 3988 7
2723 1123 2
2723 4819 4
2723 1876 9
2723 4117 2
2723 1579 10
2724 4099 8
2725 4541 9
2725 1735 6
2725 4372 10
2726 1080 10
2726 787 3
2726 4122 1
2727 3777 8
2727 207 6
2727 4269 3
2727 1855 4
2727 2626 6
2728 4420 6
2728 4899 5
2728 143 2
2728 2306 9
2729 1554 8
2730 4451 6
2730 4353 1
2730 4003 10
2731 3689 7
2731 3876 1
2731 4782 8
2732 4174 9
2732 3844 4
2732 972 2
2732 1392 10
2732 3636 2
2733 2742 4
2733 2920 3
2734 2465 3
2734 4473 7
2734 1327 7
2734 2538 7
2734 240 1
2735 4737 1
2736 507 5
2737 1900 5
2737 3679 6
2738 3261 9
2738 658 3
2738 1460 9
2739 82 8
2740 3644 7
2740 2340 7
2741 3513 5
2741 2367 8
2741 905 5
2742 4795 10
2742 1781 9
2742 922 5
2742 3411 5
2743 4148 8
2743 2152 4
2744 3045 10
2745 3512 2
2745 3236 6
2745 1156 10
2745 3214 1
2746 3652 8
2746 454 9
2746 3822 4
2746 751 3
2747 1121 4
2748 1878 8
2749 3989 2
2750 2132 5
2751 458 9
2751 1903 4
2752 1966 2
2752 3576 6
2752 41 2
2752 466 3
2753 2287 4
2753 1437 5
2753 4313 3
2753 1221 10
2753 2931 6
2754 1174 6
2755 4239 4
2755 3038 6
2755 1221 1
2755 664 1
2756 4958 1
2756 2176 8
2756 4298 10
2756 1701 1
2756 291 10
2757 4651 2
2758 207 2
2758 1212 1
2759 4099 10
2759 411 9
2759 2953 5
2760 1045 2
2760 2587 6
2761 3221 4
2761 3364 3
2761 3923 3
2761 4852 9
2761 2806 8
2762 3511 7
2762 4797 9
2762 1566 3
2763 422 3
2763 2297 4
2763 950 7
2764 3227 4
2765 2969 4
2765 3779 5
2765 4456 7
2765 4329 7
2766 1302 6
2766 113 9
2766 1030 1
2767 1019 6
2767 949 6
2767 2782 10
2767 3883 9
2767 4687 1
2768 3197 6
2769 1559 4
2769 4052 5
2769 927 4
2770 4536 10
2770 3842 5
2771 1227 8
2771 1158 3
2771 1857 6
2772 2099 2
2772 783 3
2772 1943 10
2773 2545 7
2774 4500 8
2774 3852 3
2774 3528 9
2774 1791 6
2774 4709 7
2775 4945 7
2775 3063 5
2776 454 1
2776 2208 1
2777 4239 1
2777 2755 7
2778 1812 7
2778 2981 9
2778 3279 8
2778 827 10
2778 2186 9
2779 4460 3
2779 859 8
2779 2483 2
2780 2252 6
2780 4864 1
2780 4878 10
2780 3628 2
2781 719 5
2782 521 5
2782 1557 1
2782 1878 7
2782 1067 5
2783 4155 7
2784 1051 8
2785 1164 4
2785 4055 9
2785 4885 7
2785 930 8
2786 3294 10
2786 1244 8
2786 4109 7
2786 4309 10
2786 4808 7
2787 3294 6
2788 1322 10
2788 3054 1
2788 4047 3
2789 2894 4
2790 1876 7
2790 2964 6
2790 2285 3
2791 3750 9
2791 3608 9
2791 2512 9
2791 4257 7
2791 4012 6
2792 1238 4
2793 3073 1
2793 4243 9
2794 1716 6
2794 1603 6
2794 1274 3
2794 3515 1
2795 4465 10
2795 1181 2
2795 1278 1
2795 2345 10
2795 646 3
2796 4688 7
2796 2338 9
2796 2998 10
2796 258 1
2796 2101 3
2797 308 8
2797 25 6
2797 2264 2
2798 3310 9
2798 4975 10
2798 2128 9
2798 4871 4
2799 4774 3
2799 2066 8
2799 1862 6
2799 996 3
2799 2800 10
2800 2077 10
2800 1818 2
2800 1963 6
2800 4771 3
2800 4342 5
2801 4187 10
2801 278 5
2801 1685 3
2802 462 1
2803 4107 9
2803 4554 9
2803 4744 7
2803 3686 5
2804 3445 2
2804 2872 5
2804 2046 9
2804 2561 10
2804 4106 4
2805 2221 10
2805 4108 4
2805 1243 6
2805 3166 5
2805 3035 4
2806 3533 4
2806 2587 2
2807 4831 4
2808 764 9
2808 3787 10
2808 3214 4
2808 4778 9
2809 2352 10
2809 4919 5
2810 4052 6
2810 1114 7
2810 2286 2
2810 1287 5
2810 2140 4
2811 1750 9
2811 3045 6
2811 4996 2
2812 3650 1
2813 2094 7
2813 4638 2
2813 2731 2
2813 4404 5
2813 1600 1
2814 2436 8
2814 3208 4
2814 4579 8
2815 3164 1
2815 1069 8
2815 4518 4
2815 1909 7
2816 87 3
2816 3584 10
2817 4079 5
2817 2302 1
2818 1524 1
2819 4543 8
2819 4380 7
2820 800 3
2821 1938 8
2822 877 8
2822 3415 1
2822 916 3
2823 811 2
2823 1729 6
2824 201 7
2824 3774 1
2824 2579 7
2824 4493 5
2824 1354 4
2825 26 1
2825 3198 2
2826 225 3
2826 4194 10
2826 4550 9
2826 2704 8
2827 1698 7
2827 4751 9
2827 4793 1
2828 3912 2
2829 3161 5
2829 4958 4
2829 4642 10
2829 3773 8
2830 4407 7
2831 819 1
2831 266 4
2831 1582 3
2831 918 4
2831 2588 8
2832 2401 4
2832 3969 6
2832 4973 6
2833 2090 10
2833 3202 4
2833 2474 4
2833 1271 4
2834 1051 9
2834 4544 10
2834 147 10
2834 4307 7
2834 1164 7
2835 2067 5
2836 2159 2
2836 4944 5
2836 4573 10
2836 19 8
2837 3959 4
2837 3317 8
2837 2674 3
2837 3418 4
2838 2254 9
2838 217 10
2839 2128 6
2839 1992 4
2839 648 10
2840 2251 3
2840 3045 6
2840 640 3
2840 1306 4
2841 3849 3
2841 3184 7
2842 751 8
2842 2754 1
2842 687 5
2842 4227 1
2843 1244 4
2843 4789 5
2844 1492 7
2844 566 8
2844 1145 3
2844 3201 5
2845 180 10
2845 4678 9
2846 3176 5
2847 1681 10
2847 2469 6
2848 26 10
2848 1470 10
2848 724 6
2849 1494 8
2849 113 2
2850 346 10
2850 4566 10
2850 2739 6
2850 4254 8
2850 739 2
2851 3350 8
2851 2946 9
2851 1992 6
2851 1847 2
2852 2716 6
2852 3727 2
2852 3020 1
2853 3046 1
2854 4959 10
2854 1684 4
2854 2298 6
2854 836 7
2854 3372 8
2855 463 8
2855 3968 9
2855 169 2
2855 1840 6
2855 3786 10
2856 2504 8
2856 1452 9
2856 4657 5
2856 3129 9
2857 1263 1
2857 3757 7
2857 432 7
2857 4782 9
2858 879 3
2858 1196 7
2859 4310 7
2859 3699 10
2859 2770 1
2859 811 6
2859 3215 3
2860 2613 4
2861 130 10
2861 4333 9
2861 2994 9
2861 1043 6
2862 3454 5
2862 1470 9
2862 50 3
2862 3877 10
2862 3969 10
2863 1655 8
2863 4585 2
2863 1783 6
2863 2164 8
2863 1440 8
2864 2714 8
2864 829 2
2864 4179 7
2864 264 7
2865 1915 10
2865 4542 2
2865 421 8
2865 4711 3
2865 1024 1
2866 2937 8
2867 1093 5
2867 303 8
2868 3949 7
2868 2763 9
2868 709 4
2868 239 7
2868 2532 6
2869 469 1
2870 1400 2
2870 755 5
2870 3643 6
2870 1596 10
2870 933 9
2871 445 8
2871 121 10
2871 4969 6
2872 4085 8
2873 4959 9
2873 4818 8
2873 836 9
2873 4406 1
2873 2503 8
2874 2375 10
2874 1895 8
2874 278 4
2874 1948 2
2875 4795 10
2875 2973 3
2875 2297 4
2875 3811 10
2876 2998 7
2876 2484 6
2876 1756 2
2877 2930 4
2877 2610 7
2877 2916 9
2877 3442 6
2877 2 9
2878 3781 4
2879 4771 2
2879 1448 4
2879 2066 6
2880 948 3
2881 895 4
2881 1821 7
2881 2998 3
2881 1705 1
2881 3741 7
2882 1004 6
2882 3769 10
2882 1934 5
2883 3226 5
2883 593 1
2883 1794 5
2884 3946 1
2884 4784 3
2884 2545 10
2884 3217 2
2884 4823 2
2885 4549 7
2885 1914 8
2885 1552 8
2886 4435 7
2886 4777 9
2886 720 8
2887 1630 7
2888 3667 5
2888 2604 8
2888 2859 1
2888 395 1
2888 3881 9
2889 3981 3
2889 2487 2
2889 4575 3
2889 3556 4
2890 996 9
2890 1559 3
2891 1243 3
2892 52 6
2893 6 4
2893 2701 8
2894 2146 9
2894 3576 8
2894 466 2
2894 426 2
2894 2046 9
2895 38 7
2896 3433 2
2896 4896 2
2897 107 8
2898 2102 7
2898 3051 8
2898 4317 10
2898 264 1
2898 3536 8
2899 2225 8
2900 2347 8
2900 4993 7
2900 3033 4
2900 220 1
2901 4750 2
2901 4121 5
2901 3644 4
2902 4607 9
2903 4759 3
2903 473 8
2903 4346 5
2903 3549 6
2904 3776 7
2904 4478 1
2904 3898 8
2904 1853 3
2905 4845 3
2905 60 5
2905 1666 3
2906 693 2
2907 2273 7
2907 4597 6
2907 845 3
2907 4102 10
2907 4957 6
2908 4459 2
2908 208 8
2908 102 7
2909 4699 4
2909 2763 4
2909 3702 2
2910 1668 2
2910 1828 3
2911 1506 3
2911 4507 10
2911 1122 2
2911 1090 9
2912 4964 4
2912 493 4
2912 1586 8
2913 3432 5
2914 939 6
2914 2487 1
2914 3776 7
2914 4731 8
2914 1015 10
2915 2196 6
2915 3413 5
2915 1907 5
2915 2122 3
2915 3947 7
2916 3583 10
2916 4814 2
2917 2438 5
2917 4855 10
2917 917 2
2917 3225 3
2918 2720 9
2918 4271 5
2918 3769 3
2919 2150 9
2919 4676 3
2920 525 5
2921 1344 4
2921 4053 3
2921 4849 7
2921 1841 8
2921 4877 7
2922 4846 7
2922 2935 2
2922 1250 5
2923 199 9
2923 4033 8
2923 4888 6
2923 2508 9
2923 4264 10
2924 3246 8
2925 45 6
2925 1817 4
2925 1804 2
2926 2623 4
2926 3949 10
2926 4548 4
2926 685 10
2927 4081 10
2927 370 5
2927 2378 7
2927 65 7
2928 1984 7
2929 3924 1
2929 3033 2
2929 2458 3
2929 4333 10
2930 4156 4
2930 2508 8
2930 3713 9
2930 2 4
2930 1033 1
2931 485 4
2931 657 8
2931 1146 3
2931 2927 9
2931 3032 6
2932 4342 2
2933 1184 8
2933 4161 3
2933 1140 5
2934 2010 10
2934 1930 3
2934 4235 4
2934 3556 5
2934 1216 1
2935 4451 2
2936 4050 3
2936 2024 8
2936 329 4
2936 4493 10
2937 3634 5
2937 4212 5
2937 4050 10
2938 2285 9
2938 2410 3
2938 4041 1
2938 3879 1
2938 1210 6
2939 180 9
2940 4410 1
2940 3644 10
2940 1159 5
2940 3755 1
2941 3591 10
2941 274 7
2941 1751 1
2941 4174 4
2941 4942 10
2942 1476 6
2943 4657 4
2943 4064 5
2943 4554 4
2943 4591 2
2944 1846 8
2944 2248 5
2945 4572 7
2945 1527 9
2946 578 7
2946 1398 1
2946 4550 4
2947 4525 9
2947 3210 5
2948 2980 3
2948 3988 1
2949 4265 5
2950 4824 2
2951 3737 7
2952 936 10
2952 3252 2
2952 1836 6
2952 2363 7
2953 2460 1
2953 2784 7
2953 2150 4
2954 4698 3
2955 3912 9
2955 3657 8
2955 4803 7
2955 3580 7
2955 1907 8
2956 1171 10
2956 2348 7
2956 2880 9
2956 934 1
2956 3536 6
2957 269 6
2958 2711 5
2959 2605 8
2959 3716 9
2959 2218 3
2959 3715 2
2959 3485 7
2960 2705 6
2960 4715 5
2960 4634 6
2961 4702 5
2961 3318 7
2961 1884 7
2962 3790 3
2962 3787 3
2962 131 9
2962 4809 1
2962 2719 8
2963 4238 2
2963 2212 10
2964 2649 4
2964 439 6
2964 3323 3
2964 2192 9
2965 3863 3
2966 5000 3
2966 1295 3
2967 3435 8
2967 46 8
2967 2605 9
2967 1394 3
2968 3306 9
2969 3856 9
2969 4517 8
2969 4765 1
2970 2417 10
2970 2926 7
2970 2973 10
2971 327 7
2971 2827 4
2971 3600 4
2971 4076 1
2972 690 6
2972 746 3
2973 1700 2
2973 3343 8
2973 943 7
2973 1499 3
2974 3344 5
2975 1255 6
2975 2162 9
2976 3539 8
2976 4575 7
2977 4012 4
2977 3912 7
2977 1469 6
2977 1477 5
2977 1792 6
2978 207 4
2978 1768 4
2978 4325 2
2979 3705 10
2979 253 1
2979 297 1
2980 3469 3
2980 3110 2
2980 1410 4
2980 2425 6
2981 646 1
2982 4809 2
2982 2543 6
2983 4583 5
2983 1960 2
2984 2154 6
2984 3109 5
2984 3363 9
2984 2059 8
2984 2613 3
2985 2103 7
2986 636 2
2986 3776 6
2986 2272 7
2986 2487 9
2986 837 4
2987 2246 7
2988 2311 3
2988 1075 7
2988 1677 2
2988 235 3
2988 4495 1
2989 2804 3
2989 4569 10
2989 2455 10
2989 2124 8
2990 4306 5
2990 2711 6
2991 1265 7
2992 2981 6
2992 1924 2
2992 1760 8
2993 3743 8
2993 3114 9
2993 3929 9
2993 3002 9
2993 1308 2
2994 3417 7
2994 968 8
2994 2704 3
2994 3832 9
2995 3766 3
2996 724 3
2997 2048 3
2997 2683 10
2997 99 2
2997 1566 3
2997 4302 10
2998 4140 2
2998 4657 10
2998 1700 9
2998 1782 3
2998 2445 2
2999 3716 4
2999 2919 3
2999 612 2
3000 2341 4
3001 577 2
3001 4845 7
3002 2365 9
3003 3701 3
3003 3893 9
3004 1329 7
3004 1620 7
3004 3324 7
3004 4405 3
3004 3176 1
3005 4792 4
3005 2900 6
3005 113 6
3005 3303 10
3006 1306 10
3006 3898 3
3007 949 6
3007 377 10
3008 3213 1
3008 2449 3
3008 2419 3
3008 836 4
3008 3042 3
3009 2645 1
3009 2594 1
3009 2788 2
3009 2232 2
3010 661 7
3010 1648 8
3010 2883 1
3011 3562 10
3011 1650 7
3012 4967 5
3012 4084 7
3013 836 1
3013 2091 3
3013 1885 7
3014 2124 6
3014 4599 5
3014 3716 2
3015 475 10
3015 3542 6
3015 3451 6
3015 3123 3
3015 747 2
3016 1216 9
3016 1292 6
3016 1603 6
3017 4983 6
3018 1437 10
3018 3286 4
3018 2755 6
3018 4947 6
3018 4069 6
3019 4049 3
3019 4370 6
3020 4670 2
3021 3993 8
3021 116 4
3021 220 1
3021 1874 7
3021 2247 2
3022 3860 4
3023 2479 10
3023 1590 1
3023 481 10
3024 3588 10
3024 274 10
3024 1248 5
3025 3701 7
3025 2495 10
3026 2523 2
3026 566 1
3027 4751 9
3027 353 7
3028 4688 10
3028 3714 10
3028 2238 9
3028 2338 7
3029 1891 8
3029 3176 8
3029 3104 8
3029 3771 2
3029 1931 7
3030 2084 9
3030 3283 9
3031 4971 8
3031 114 9
3031 2343 7
3032 2640 2
3032 2025 4
3032 1906 4
3032 1692 4
3033 2885 5
3033 1882 3
3034 3865 5
3034 4232 3
3034 2051 3
3035 3014 5
3035 2207 4
3035 1879 1
3035 2901 10
3035 3194 9
3036 901 9
3036 1620 5
3037 229 1
3037 3046 4
3037 953 10
3037 1615 10
3038 3049 8
3039 1501 2
3039 4554 1
3040 3933 10
3040 4142 4
3041 4304 1
3041 2382 6
3041 4834 8
3042 2607 4
3042 552 6
3043 4883 3
3044 4224 7
3044 1538 10
3044 4135 8
3044 371 8
3044 1072 6
3045 2567 4
3045 173 1
3045 2161 5
3045 1353 8
3045 4561 8
3046 110 7
3046 2233 6
3046 3082 2
3047 1031 7
3047 2416 5
3047 1215 1
3048 3666 10
3048 4643 1
3048 2332 8
3048 3175 3
3048 3431 9
3049 1562 10
3050 2822 10
3050 4773 8
3050 4501 10
3051 1276 9
3051 1755 2
3051 3666 8
3052 1071 4
3052 2496 7
3052 133 8
3052 1445 6
3053 2410 7
3053 3278 8
3053 4785 6
3053 851 3
3053 1909 8
3054 2221 4
3054 2093 9
3054 3243 4
3054 694 3
3054 3363 9
3055 1557 4
3056 759 7
3056 2879 6
3056 2799 5
3056 1818 7
3056 2249 5
3057 4494 1
3057 611 5
3057 4046 9
3057 143 6
3058 3963 2
3059 4594 8
3059 900 3
3059 3494 5
3059 4269 5
3060 4004 6
3060 2749 6
3060 2980 9
3060 259 6
3061 3993 5
3062 2316 3
3062 4146 5
3063 723 4
3063 2282 3
3063 4627 10
3063 3891 10
3063 2667 5
3064 646 3
3064 3279 5
3064 4586 8
3064 3105 6
3065 4377 10
3065 1115 1
3066 1161 3
3066 4603 3
3066 318 4
3067 2608 8
3067 128 1
3067 3750 5
3067 473 7
3067 3033 2
3068 278 2
3068 2093 8
3068 1046 4
3069 3333 7
3069 3996 1
3070 4239 1
3070 1692 7
3071 2196 1
3071 4202 9
3071 756 9
3071 4158 5
3072 3417 5
3072 4993 5
3072 3933 8
3073 463 6
3073 4564 1
3073 585 7
3073 1242 4
3073 2410 3
3074 3638 8
3075 4835 7
3075 1811 8
3075 2572 5
3076 2054 2
3076 573 6
3076 3093 4
3077 917 1
3077 1363 10
3077 2810 10
3078 2495 10
3078 4892 7
3079 3132 9
3079 4293 9
3079 836 1
3079 82 6
3079 758 6
3080 4356 3
3080 1635 3
3080 3287 6
3081 4531 9
3082 2740 8
3083 4832 6
3084 3645 8
3084 2689 8
3084 1159 2
3084 450 1
3084 987 10
3085 988 6
3085 4371 3
3085 957 7
3086 2659 5
3086 4698 9
3087 3400 9
3087 738 4
3088 4751 1
3089 2501 7
3089 4224 4
3089 324 8
3089 3613 3
3090 3484 10
3090 3896 5
3090 2646 9
3090 2659 5
3091 4599 7
3091 1620 6
3091 2545 6
3092 3955 3
3092 2022 1
3092 445 6
3092 1017 1
3092 2286 2
3093 1863 10
3093 2900 9
3093 4387 10
3094 1880 7
3094 2468 6
3094 1515 1
3094 1888 6
3095 3742 5
3095 3623 9
3095 4789 6
3095 2167 3
3095 704 7
3096 2479 2
3096 2089 9
3096 374 4
3096 2843 6
3097 2286 5
3097 1754 2
3098 1630 9
3098 735 10
3099 3926 8
3100 4133 5
3100 530 6
3100 2784 1
3100 3810 7
3100 3797 4
3101 2799 9
3101 4317 2
3101 4790 4
3102 2504 7
3102 4987 2
3102 4470 1
3102 57 1
3103 3583 5
3103 2255 5
3103 4958 10
3103 2883 4
3103 2508 1
3104 4634 10
3104 2705 9
3104 4712 9
3105 498 9
3105 2479 1
3105 3948 5
3106 466 10
3106 3967 4
3106 472 9
3106 4217 9
3107 875 9
3108 1195 8
3108 1034 6
3108 2762 2
3108 4746 2
3109 2561 9
3109 1104 5
3109 4171 2
3109 2138 4
3110 1999 8
3110 4975 1
3110 1187 1
3110 4312 1
3110 1669 6
3111 658 4
3111 3692 8
3111 1060 4
3111 3584 6
3112 1185 3
3112 1211 8
3113 4684 10
3114 3712 1
3114 3751 6
3115 721 4
3116 33 1
3116 1087 9
3116 3968 7
3117 4207 7
3118 2572 8
3118 1293 1
3119 1727 1
3120 4778 7
3120 3042 9
3120 409 9
3120 4014 1
3121 1709 10
3121 3644 1
3121 4283 1
3121 3176 2
3121 1103 1
3122 3075 3
3122 4404 9
3122 1766 2
3123 4944 1
3123 2182 3
3123 747 6
3123 2803 1
3124 2484 7
3124 4861 4
3124 460 9
3124 1166 2
3125 2283 5
3125 3244 7
3126 4528 6
3127 3811 7
3127 171 9
3127 1808 6
3128 23 8
3128 2010 4
3128 3979 2
3128 4384 6
3128 2702 8
3129 3451 10
3129 2201 3
3129 4744 7
3129 1867 10
3129 2240 4
3130 2528 5
3131 4701 10
3131 3698 8
3131 1648 8
3132 1236 8
3133 4484 8
3133 1102 5
3133 3414 5
3133 953 6
3134 953 3
3134 1043 4
3134 71 1
3135 176 2
3135 1832 5
3135 3667 5
3136 1061 5
3136 2124 8
3136 1005 8
3137 1509 9
3138 4156 2
3138 3532 2
3139 2256 10
3139 3345 10
3139 4201 10
3139 1963 3
3140 3117 2
3140 2775 6
3140 3243 3
3141 1046 6
3141 2312 9
3141 4047 8
3142 672 8
3142 3650 10
3142 825 4
3142 246 1
3143 3201 10
3143 4007 8
3143 2523 6
3143 2440 4
3143 3908 10
3144 4684 8
3144 3214 4
3144 182 6
3144 2743 10
3145 3563 4
3145 3981 6
3145 3168 10
3146 3483 6
3146 3834 9
3146 1576 8
3147 4869 5
3147 291 4
3147 2543 9
3147 3790 10
3147 4330 3
3148 2496 1
3148 2623 10
3148 4429 7
3148 3900 10
3149 3339 6
3149 1247 3
3150 3902 5
3150 899 5
3151 473 2
3151 3157 2
3152 3326 6
3152 2038 9
3153 3569 2
3153 4257 2
3154 2277 9
3154 4573 2
3154 1475 9
3154 3039 4
3155 721 2
3156 2844 5
3156 2912 2
3156 4473 2
3156 1438 10
3157 2903 10
3157 3569 1
3157 473 8
3158 3168 9
3158 358 10
3158 4086 8
3158 4603 4
3159 3178 1
3159 848 3
3159 2464 1
3159 2785 9
3159 197 2
3160 2269 6
3160 2775 3
3160 4883 1
3161 2873 7
3161 1023 8
3162 1993 3
3162 4467 6
3163 2987 8
3163 4445 8
3163 3852 8
3163 3033 8
3164 2086 1
3164 1625 6
3165 3345 5
3165 3313 6
3165 4578 9
3166 3644 2
3166 3522 10
3167 3923 7
3167 4683 9
3168 837 5
3168 2407 7
3168 2889 4
3168 3963 10
3168 712 6
3169 2446 7
3169 2972 2
3169 4785 10
3169 1276 5
3170 3279 2
3170 642 10
3170 4789 9
3171 143 8
3171 4988 10
3171 4556 9
3171 4046 2
3171 1315 2
3172 1123 6
3172 2321 9
3172 1561 8
3172 4498 10
3173 220 7
3174 1560 3
3175 2056 3
3176 2576 7
3177 2380 4
3177 2508 9
3177 1172 10
3178 1487 5
3178 147 2
3178 4982 10
3179 1666 5
3180 1809 2
3180 1163 2
3180 3059 2
3180 3105 2
3180 1152 2
3181 764 2
3182 2155 8
3182 2646 9
3182 2869 2
3182 3977 8
3182 4871 9
3183 3069 6
3183 358 4
3183 1350 7
3183 3917 7
3184 1945 4
3184 4793 1
3184 4783 4
3184 2894 6
3185 2926 8
3185 1580 6
3186 4552 2
3186 4814 1
3186 1635 4
3187 2352 7
3188 2824 1
3189 3890 4
3189 1968 8
3189 2428 3
3190 4292 4
3190 83 10
3190 2527 4
3190 3651 5
3190 497 10
3191 2806 6
3191 1196 1
3191 4055 8
3192 4946 6
3192 4103 10
3193 912 8
3193 4827 4
3193 3239 2
3193 82 9
3194 4085 10
3194 885 10
3195 4548 8
3195 947 3
3196 646 5
3197 3442 10
3197 3655 6
3197 4814 6
3198 1794 3
3198 4820 3
3198 1704 8
3198 4077 5
3199 2027 5
3199 2385 3
3199 2615 5
3200 4770 5
3200 4954 5
3201 2187 3
3201 727 1
3201 608 3
3202 4598 7
3203 2719 6
3203 3971 10
3203 3821 8
3204 386 8
3204 2627 4
3204 3125 10
3204 1705 5
3205 2449 2
3206 4283 8
3206 3014 3
3207 1323 2
3207 3345 9
3208 2823 3
3208 739 5
3208 3132 6
3209 893 5
3209 4262 9
3209 3669 4
3210 358 4
3210 4996 7
3210 73 7
3211 1350 10
3211 2787 10
3211 4660 3
3212 1902 3
3213 2299 2
3214 2172 1
3214 3442 3
3214 2255 4
3214 4029 6
3215 3617 4
3215 836 8
3215 3214 5
3215 3372 8
3216 2221 9
3216 4154 6
3216 3352 3
3217 2263 3
3218 2596 10
3219 1316 1
3219 2280 5
3220 1237 5
3221 1076 2
3221 3345 10
3221 1746 4
3222 4451 8
3222 4700 7
3222 1319 9
3222 746 2
3223 4224 9
3223 2682 3
3223 966 4
3223 1768 3
3224 4788 9
3224 3275 9
3224 1766 2
3224 3220 7
3224 3371 7
3225 4052 7
3225 2245 2
3226 4259 1
3226 3271 8
3226 3928 2
3227 1776 7
3227 33 8
3227 4607 4
3227 4732 1
3227 717 9
3228 29 3
3228 1862 9
3228 2716 8
3228 543 6
3229 4486 10
3229 3737 8
3229 213 10
3230 4657 9
3230 4802 10
3231 783 2
3231 322 3
3231 3574 7
3231 4579 1
3231 4178 7
3232 1885 8
3233 4101 4
3233 4498 5
3233 745 8
3233 1952 1
3234 1656 3
3234 2837 5
3234 3317 8
3234 4244 6
3234 2786 3
3235 4294 4
3235 3671 1
3235 4719 3
3235 3461 4
3235 1261 3
3236 3214 1
3236 4869 8
3236 199 2
3237 658 9
3237 3835 6
3237 71 2
3237 1450 4
3238 970 2
3238 396 7
3238 1999 5
3239 82 4
3239 3356 2
3239 1094 6
3240 2948 10
3240 821 6
3240 2980 7
3240 815 3
3241 2729 6
3241 4967 7
3241 4402 10
3241 3670 5
3241 1683 9
3242 1668 8
3242 809 1
3242 902 6
3242 4377 2
3243 417 2
3243 2809 10
3243 4496 8
3244 4515 8
3245 2997 9
3245 530 1
3245 2031 8
3245 3923 2
3246 1894 10
3246 3228 2
3246 3347 4
3247 3920 2
3247 169 7
3248 4688 6
3248 2283 10
3248 2881 4
3248 4495 6
3248 4983 10
3249 4223 9
3249 4958 10
3250 1308 3
3251 4139 9
3251 3160 9
3251 3011 9
3251 112 3
3252 349 10
3252 4346 5
3252 3157 6
3252 3403 4
3253 152 4
3254 2625 7
3254 2238 5
3254 476 5
3255 641 10
3255 2003 8
3255 2288 3
3256 1515 5
3256 1792 2
3256 1615 9
3257 1509 7
3257 1606 7
3257 2477 4
3258 3926 5
3258 382 3
3259 2077 8
3260 31 9
3260 4271 8
3260 3283 5
3260 2495 7
3260 4967 5
3261 183 4
3261 3992 9
3261 2747 2
3261 1008 3
3262 2976 7
3262 4997 8
3262 4209 9
3263 4073 5
3263 4979 6
3263 2318 2
3263 4170 7
3263 2416 2
3264 2903 3
3265 3894 2
3265 819 6
3266 4930 4
3266 2034 3
3267 2430 10
3267 393 9
3267 457 10
3268 3698 6
3268 1848 4
3269 3514 7
3269 850 9
3270 3468 8
3270 2277 9
3270 813 2
3270 1723 3
3270 2182 2
3271 4416 3
3271 4635 10
3271 2308 9
3271 1160 5
3272 4008 1
3272 1682 6
3273 2481 3
3273 1160 8
3273 2628 1
3273 4112 6
3274 4668 7
3274 1579 2
3274 3935 1
3274 2422 4
3275 3273 9
3275 3242 5
3275 3568 7
3275 724 9
3276 1959 1
3276 2986 8
3277 4660 3
3278 329 3
3278 2393 3
3278 2794 9
3278 4392 10
3279 3411 9
3280 4952 6
3280 234 2
3280 3012 3
3281 3009 2
3281 4549 10
3282 1871 10
3283 589 4
3283 3200 10
3284 3990 8
3284 1624 5
3284 4420 5
3284 3441 1
3285 1489 2
3285 811 4
3285 4367 7
3285 160 4
3286 1019 9
3286 2195 1
3286 4255 7
3286 2905 5
3286 3896 1
3287 3568 9
3287 4552 3
3287 3890 5
3288 1270 2
3288 3811 5
3289 2113 10
3289 3094 3
3290 3797 4
3290 148 9
3290 4530 10
3291 4039 5
3292 572 2
3292 1515 1
3292 2828 7
3292 3498 5
3292 1215 8
3293 3931 4
3294 2479 7
3294 3613 10
3294 4651 10
3294 1904 6
3294 285 3
3295 2610 5
3295 3103 2
3295 3713 9
3295 3226 1
3296 258 6
3297 2157 1
3298 3433 3
3298 2286 4
3298 537 2
3298 429 8
3299 3286 7
3300 4989 4
3300 3904 6
3301 243 8
3301 3842 6
3302 445 7
3302 3246 5
3302 2806 8
3302 99 6
3302 3533 1
3303 4900 2
3303 2440 10
3303 3733 3
3304 1463 2
3304 2422 3
3304 2476 5
3305 1570 8
3305 1148 4
3305 1042 3
3306 4294 10
3306 4726 1
3307 3549 6
3307 3640 2
3307 793 5
3307 1882 10
3307 2415 7
3308 2237 7
3308 915 9
3308 1964 6
3309 103 5
3309 4484 9
3309 1301 4
3309 3609 8
3310 1030 6
3310 4894 4
3310 4964 7
3311 2411 10
3311 1817 5
3312 1202 6
3312 4974 1
3312 2024 8
3312 4977 6
3312 1041 5
3313 4785 2
3313 3806 10
3313 1144 6
3313 4578 1
3313 691 4
3314 325 9
3314 866 6
3314 747 8
3314 295 3
3314 3863 4
3315 1584 7
3315 3176 7
3316 2150 3
3316 4685 4
3316 3926 2
3317 1152 9
3317 115 9
3317 3623 10
3317 2167 6
3318 2288 4
3318 3382 10
3318 1503 3
3318 1123 9
3319 134 10
3319 2170 4
3320 4788 4
3320 4635 3
3320 1097 4
3321 2923 8
3321 4180 1
3321 3236 10
3322 2720 6
3322 4600 7
3322 4267 2
3322 1646 10
3323 3344 7
3323 752 4
3323 2855 10
3324 4793 4
3324 2340 1
3324 4153 2
3324 4583 10
3325 3485 2
3325 29 1
3325 2153 10
3325 1920 4
3326 917 8
3327 1920 7
3328 4958 3
3328 4320 3
3329 1499 4
3329 4501 6
3330 6 1
3331 4788 5
3331 3226 3
3331 3242 2
3331 2622 5
3331 1704 10
3332 4460 3
3333 3702 2
3333 3127 10
3333 3170 1
3333 4789 6
3333 1387 7
3334 4616 4
3334 4584 9
3334 1992 2
3334 3903 1
3334 3804 7
3335 3432 4
3335 4014 9
3335 1464 6
3335 2808 5
3335 2503 3
3336 1666 8
3336 1367 9
3336 172 3
3336 620 8
3337 4698 4
3337 4259 10
3337 3266 1
3337 480 5
3338 4756 2
3338 2157 2
3338 3515 4
3338 847 2
3338 3837 2
3339 1247 10
3340 442 5
3340 4605 8
3341 421 6
3341 2808 4
3341 3463 3
3341 3929 2
3341 758 6
3342 3221 9
3342 3167 8
3343 4140 3
3343 2437 8
3343 2988 2
3343 2238 5
3343 4402 5
3344 433 10
3344 178 2
3344 2393 10
3345 4071 4
3346 3542 6
3346 2969 6
3347 201 4
3348 4960 5
3348 3657 1
3348 2175 9
3348 210 10
3349 2959 7
3350 3983 7
3350 580 9
3350 1557 9
3350 2243 8
3351 3396 8
3351 1383 7
3351 3711 3
3351 4289 2
3351 2483 4
3352 3690 9
3352 4899 8
3352 4420 2
3352 3693 9
3353 35 10
3354 4547 1
3354 3634 8
3355 1511 3
3355 3476 5
3355 4960 3
3355 4632 10
3356 3432 4
3356 2356 9
3357 974 1
3357 4470 3
3357 963 2
3357 4105 8
3358 2700 5
3358 2390 8
3358 2973 1
3359 2745 3
3360 1809 6
3360 3089 2
3360 4651 5
3360 1349 3
3361 3127 6
3361 1957 10
3361 4224 6
3361 1129 8
3362 2656 7
3362 3680 8
3362 804 3
3362 2009 2
3363 4905 2
3363 4049 1
3363 4494 7
3363 942 9
3364 4653 5
3364 2361 8
3365 4987 2
3366 3334 9
3367 466 2
3367 4628 3
3367 4747 2
3367 2576 3
3367 492 9
3368 3038 1
3368 259 5
3368 3007 1
3369 1705 2
3369 803 5
3370 2365 1
3371 2000 8
3371 2753 5
3372 3383 2
3372 2982 10
3372 4223 1
3373 1628 8
3373 768 8
3373 418 4
3373 4365 2
3373 3534 1
3374 1509 3
3374 1210 8
3375 2335 2
3375 655 7
3375 4375 1
3375 3023 5
3375 2309 7
3376 485 2
3376 2350 9
3376 3734 7
3376 4792 5
3376 3465 3
3377 3713 1
3377 2745 10
3378 446 4
3379 3414 10
3380 4365 8
3380 3540 4
3380 4712 6
3381 4919 7
3381 4444 6
3381 3284 4
3381 4723 2
3381 2273 4
3382 3329 5
3382 2407 8
3382 2222 5
3382 1015 6
3383 39 1
3383 965 5
3383 3790 1
3384 2567 6
3384 1986 2
3384 2386 10
3384 2674 7
3385 1881 6
3385 2348 2
3386 1570 7
3387 689 1
3387 889 1
3387 1484 1
3388 1184 2
3388 409 9
3388 3236 2
3388 3383 5
3388 552 5
3389 600 7
3389 1773 4
3390 1228 5
3390 4662 7
3390 3413 3
3390 4115 5
3390 2468 10
3391 4845 2
3391 1367 4
3391 4403 10
3392 1476 4
3392 4308 2
3392 2495 10
3393 3825 1
3394 4915 1
3394 1524 6
3394 3747 9
3394 2187 8
3395 1210 5
3395 2288 4
3395 1338 7
3395 1536 1
3396 2739 10
3397 3383 8
3397 3743 2
3397 4645 5
3397 39 1
3398 1054 3
3398 4142 10
3398 2991 5
3399 3777 7
3399 1212 7
3399 4391 6
3399 1441 8
3399 4036 10
3400 3990 9
3400 2960 7
3400 2712 6
3401 2619 5
3401 3926 9
3401 4748 6
3401 2528 7
3401 4102 4
3402 4191 2
3402 3203 9
3402 3929 7
3402 1375 8
3403 2618 3
3403 2991 3
3403 1564 4
3403 2097 7
3403 4915 1
3404 1371 6
3405 3856 4
3405 806 8
3406 3281 4
3407 326 7
3407 1866 2
3408 835 7
3408 3942 10
3408 2012 9
3408 4769 1
3408 3131 4
3409 4825 1
3409 1031 7
3409 1905 8
3409 3518 7
3410 4543 1
3410 1520 10
3410 2458 1
3410 529 3
3411 2636 3
3411 2598 3
3411 4657 10
3411 2563 6
3412 1543 2
3412 285 7
3413 3990 5
3413 3400 6
3413 21 8
3413 382 3
3413 1907 2
3414 2804 4
3414 4995 2
3415 3283 6
3416 3757 10
3416 3266 10
3416 2444 5
3417 828 9
3418 4272 5
3418 3204 4
3419 4275 4
3420 398 8
3421 4643 1
3421 1473 6
3421 2730 2
3421 3126 8
3421 2723 3
3422 1876 8
3422 2085 7
3422 2936 5
3422 1719 1
3423 3401 1
3423 2528 4
3423 987 10
3423 3130 1
3424 1241 1
3424 2175 3
3424 3609 9
3424 4323 8
3424 3562 4
3425 3795 5
3426 3831 6
3427 1015 5
3427 2567 1
3427 3981 6
3428 4869 7
3428 3650 3
3429 4107 5
3429 3753 9
3430 2618 2
3430 1145 6
3430 2187 6
3431 3592 10
3431 3486 2
3432 2179 6
3432 3619 5
3433 316 1
3434 971 1
3434 2729 10
3434 3419 3
3435 2226 4
3436 339 10
3437 1798 2
3438 2846 8
3438 3353 9
3438 555 1
3438 4583 6
3438 2804 9
3439 2301 7
3439 1185 5
3440 2683 1
3440 857 1
3441 3508 2
3441 2306 4
3441 1901 10
3441 3453 7
3441 2705 5
3442 4921 10
3442 4664 8
3442 3131 3
3443 3856 5
3444 1658 10
3444 1942 9
3445 4562 8
3445 3325 8
3445 1105 7
3445 2576 2
3446 3766 1
3446 1747 4
3447 188 8
3447 3769 4
3447 4600 10
3447 895 6
3447 3714 5
3448 693 6
3448 3995 8
3448 3823 2
3448 4989 4
3448 3801 6
3449 2038 4
3449 3326 10
3449 4265 1
3450 3836 2
3450 1438 1
3450 1222 4
3450 2250 3
3450 1199 1
3451 4554 3
3451 4127 3
3452 1997 8
3452 953 8
3453 984 2
3453 2153 7
3454 1221 5
3454 1596 9
3454 3271 3
3454 4985 1
3454 4260 10
3455 4997 6
3455 1776 2
3455 2174 7
3455 1493 8
3456 1992 7
3456 4584 3
3456 4091 5
3456 4006 1
3457 3912 6
3457 4584 5
3457 4706 3
3457 2318 3
3457 3462 10
3458 2211 3
3458 2988 8
3458 3405 7
3458 3434 6
3458 2201 4
3459 274 6
3459 1111 1
3459 1602 10
3459 1011 7
3459 814 5
3460 2223 6
3461 1654 1
3461 3174 9
3462 2269 8
3462 3414 8
3462 4733 4
3463 2756 3
3463 3215 5
3463 4711 1
3463 1203 3
3463 1701 7
3464 4684 10
3464 2854 1
3464 4021 8
3464 1156 8
3464 1293 3
3465 729 9
3466 2306 2
3466 723 5
3467 4967 8
3467 1231 6
3467 4378 1
3468 4944 5
3468 4247 8
3469 1318 1
3469 4479 4
3470 3009 5
3470 513 2
3471 2799 6
3472 3779 6
3472 1896 5
3473 1615 4
3473 3134 3
3473 21 2
3473 1824 7
3474 1538 4
3474 3930 2
3474 3636 6
3475 588 4
3475 4293 9
3475 395 8
3475 2751 10
3475 2888 5
3476 1214 5
3476 885 9
3477 2013 2
3477 457 10
3477 1958 2
3477 1007 2
3478 4522 4
3478 4344 6
3478 1118 3
3478 4691 1
3478 2103 10
3479 2794 9
3479 247 3
3479 3633 5
3479 446 8
3480 3517 6
3480 2346 7
3480 4350 9
3480 3602 8
3481 4851 9
3481 3652 5
3481 3443 7
3482 2252 9
3483 3251 5
3484 4473 5
3484 4993 1
3484 4371 8
3485 3630 1
3486 457 10
3486 4647 2
3486 3058 4
3486 2794 9
3487 2233 9
3487 1347 8
3487 572 4
3487 4318 6
3488 1732 3
3488 1063 9
3489 4224 1
3489 1349 6
3490 2322 9
3490 2832 4
3491 4184 9
3491 1727 2
3491 2845 5
3491 1300 9
3491 4428 6
3492 3497 6
3493 3965 6
3494 4036 3
3495 4112 6
3495 3689 8
3496 2556 4
3496 2355 2
3496 2195 5
3496 1367 10
3496 1150 4
3497 1952 7
3497 4806 9
3497 2117 9
3497 3386 8
3498 1713 3
3498 157 2
3499 2903 4
3499 47 6
3500 4121 8
3500 2576 7
3500 718 7
3501 2969 5
3502 2389 3
3502 3591 9
3502 1158 6
3502 4561 10
3502 4721 2
3503 4710 4
3503 2084 2
3503 2495 8
3504 1163 10
3504 3702 9
3504 3745 1
3504 4918 10
3505 4289 2
3506 3660 2
3507 131 2
3507 2179 2
3508 2273 10
3508 3367 1
3508 418 9
3509 607 5
3509 2968 1
3509 3232 6
3510 1891 6
3510 4125 4
3511 4683 5
3511 3797 7
3512 3544 6
3512 3655 1
3513 637 7
3513 2919 2
3513 4035 6
3513 4446 1
3514 4944 4
3514 2803 1
3514 3662 4
3515 357 1
3515 940 10
3515 457 5
3515 1158 10
3515 398 7
3516 758 4
3516 1740 10
3517 2226 9
3518 953 6
3518 3037 3
3518 1215 2
3518 2712 6
3518 4960 6
3519 2136 3
3519 4470 9
3519 3720 3
3519 165 9
3519 4688 2
3520 1768 2
3520 1247 4
3521 1817 3
3521 3111 1
3521 3484 1
3522 4889 2
3522 3661 6
3523 4289 5
3523 932 10
3523 1464 8
3523 2483 6
3523 3544 2
3524 2141 8
3524 4153 6
3524 224 1
3524 1879 6
3525 3975 3
3525 649 7
3525 2022 1
3526 1063 9
3526 3292 6
3526 4096 7
3526 2128 10
3527 4551 10
3528 4334 2
3529 2720 1
3529 4781 5
3530 4586 2
3530 2479 10
3530 619 8
3531 4333 3
3531 936 7
3531 1942 9
3531 4257 5
3532 2069 8
3532 2005 4
3532 1947 3
3533 4317 2
3533 4146 5
3533 996 8
3534 669 9
3534 4627 9
3534 4751 2
3534 1384 5
3534 4988 2
3535 1872 6
3535 761 10
3535 4533 2
3536 908 5
3536 3724 5
3536 2530 1
3537 3314 3
3538 738 10
3538 3380 2
3538 3997 1
3538 4350 2
3539 940 8
3539 3556 10
3540 705 10
3540 1090 3
3540 2261 2
3540 3576 3
3540 1945 9
3541 1437 1
3542 2277 6
3542 1261 4
3542 565 2
3542 2225 8
3542 4231 5
3543 3881 3
3543 1738 5
3543 2865 9
3543 1203 1
3543 1140 8
3544 2380 3
3544 959 4
3544 1234 7
3545 3843 7
3545 747 10
3545 1501 8
3545 4469 6
3546 643 9
3547 3283 1
3547 239 6
3547 4316 1
3547 188 10
3548 2222 9
3548 53 5
3549 4662 7
3549 2467 4
3549 204 6
3550 4127 7
3550 4826 10
3550 628 7
3550 4247 7
3550 3351 2
3551 3585 2
3551 4145 3
3551 948 7
3552 2126 6
3552 912 7
3552 4719 6
3553 864 7
3553 2672 10
3553 2806 7
3553 3101 4
3553 4201 6
3554 4662 7
3554 2537 2
3554 3908 9
3555 3854 3
3555 2444 6
3555 4112 9
3556 1152 6
3556 2386 4
3556 3811 9
3556 171 4
3557 4047 1
3557 1914 1
3557 4104 6
3557 3309 5
3557 653 7
3558 3723 9
3559 1703 9
3559 1396 7
3559 3089 3
3559 826 4
3560 3335 5
3560 4833 5
3561 1191 9
3561 2109 5
3561 1403 8
3561 1025 8
3562 3517 1
3562 4410 7
3562 224 5
3562 4540 6
3562 1578 6
3563 4879 7
3563 4914 7
3564 1241 7
3564 2214 9
3564 4936 4
3565 937 9
3565 3 6
3565 467 3
3565 630 4
3565 2852 7
3566 3215 10
3566 3773 5
3566 409 5
3567 3046 9
3567 4748 8
3567 75 8
3567 1333 8
3568 4239 8
3568 3018 10
3568 3747 2
3569 1214 1
3569 21 6
3569 1942 4
3569 1449 8
3570 220 10
3570 1492 5
3571 4778 6
3571 2434 10
3572 4738 3
3572 4570 7
3572 208 9
3572 3169 3
3573 1645 6
3573 4911 10
3573 1190 4
3574 3711 5
3574 4407 6
3574 4024 4
3575 2281 3
3575 3092 8
3575 4509 1
3575 2467 7
3576 691 8
3576 4982 10
3576 3975 1
3576 4283 7
3576 1139 6
3577 2691 5
3577 4256 10
3577 4784 2
3577 2541 10
3578 3248 9
3579 584 3
3580 4471 2
3580 3462 4
3580 3243 9
3581 4916 9
3582 4685 6
3582 2107 6
3582 1837 7
3582 738 8
3583 4191 6
3584 976 7
3584 2860 2
3584 1802 4
3584 497 2
3584 501 10
3585 3695 5
3585 3648 6
3585 1644 9
3586 189 2
3586 912 5
3586 4923 6
3587 582 3
3588 4615 8
3588 266 6
3588 2159 1
3588 4023 7
3589 1776 6
3589 3422 8
3589 2922 5
3590 830 5
3590 2689 2
3590 4883 10
3591 63 6
3591 3059 7
3592 3593 3
3592 2407 8
3592 1242 6
3593 646 8
3593 3917 5
3594 1177 10
3594 2385 9
3594 614 5
3594 2494 7
3595 3533 5
3595 2286 7
3595 282 3
3595 1963 5
3595 4654 6
3596 785 5
3597 3113 1
3598 2729 5
3599 2412 10
3599 848 3
3599 152 6
3599 3099 9
3600 1663 4
3600 2961 9
3600 1338 4
3601 3439 9
3601 828 10
3601 497 6
3601 2143 10
3602 2346 1
3602 3308 2
3602 2867 5
3602 3325 3
3603 4319 4
3603 2504 8
3603 1010 10
3603 1289 10
3603 4954 10
3604 1666 1
3604 4792 6
3605 957 2
3605 964 5
3605 2264 5
3605 3747 7
3605 3021 7
3606 1682 4
3607 442 1
3607 4823 2
3608 4935 9
3608 2467 10
3608 2337 8
3609 2154 7
3609 2919 2
3610 3590 5
3610 976 5
3610 1515 10
3610 157 7
3611 1329 6
3611 2230 10
3611 3781 7
3611 205 1
3611 903 6
3612 2743 1
3612 2684 1
3613 3948 7
3613 528 2
3613 4465 1
3613 1543 2
3613 4103 7
3614 4013 8
3614 3465 6
3614 1263 5
3615 2481 7
3616 4635 6
3617 3144 4
3618 3289 1
3618 3037 3
3618 87 6
3619 1648 5
3619 2365 6
3620 492 4
3620 3104 10
3621 306 4
3622 4046 8
3622 3795 6
3622 845 4
3622 1864 9
3623 3840 6
3624 555 4
3624 4957 5
3625 3774 6
3625 4607 7
3626 1087 9
3626 3592 2
3626 3798 7
3626 3073 3
3626 4146 9
3627 2900 4
3627 4993 7
3627 2121 8
3627 3931 1
3627 909 7
3628 3991 2
3628 714 2
3628 345 2
3628 4716 4
3629 2102 4
3630 1323 1
3630 495 3
3630 1448 1
3630 3386 7
3631 95 3
3631 50 6
3631 3650 10
3631 3942 5
3631 4814 9
3632 3804 1
3632 3289 1
3632 2646 10
3633 2914 9
3633 1930 10
3633 1690 8
3633 1050 1
3633 2391 4
3634 173 6
3635 481 9
3635 2563 1
3635 2558 5
3635 3623 8
3635 1349 10
3636 4224 6
3637 3561 4
3637 4803 6
3637 1791 1
3638 2453 9
3638 4157 2
3638 1822 10
3639 4067 1
3639 1172 10
3639 4701 9
3639 3131 5
3639 729 6
3640 4562 6
3641 4653 1
3641 676 3
3641 4417 4
3642 3689 5
3642 964 5
3642 2034 7
3642 3465 9
3643 3055 5
3643 1872 10
3643 2505 3
3643 1918 3
3644 3340 5
3644 2348 6
3644 2282 3
3645 2561 3
3645 4053 6
3645 4467 1
3645 3092 10
3646 525 2
3647 1971 1
3647 4298 10
3647 4223 5
3647 3114 1
3648 63 2
3648 3791 10
3648 3873 5
3648 1656 10
3649 3306 1
3649 3753 10
3650 95 10
3650 4635 10
3651 1025 2
3652 3396 8
3653 2046 10
3654 3059 9
3654 4594 9
3654 137 4
3655 1400 9
3655 1947 4
3655 2755 7
3655 4716 5
3656 2731 9
3656 3226 7
3656 569 3
3657 4748 3
3657 885 10
3658 2283 6
3658 1075 4
3658 455 9
3659 4407 7
3659 3341 10
3659 117 2
3660 2084 10
3660 3124 1
3660 589 5
3660 2494 2
3661 2961 1
3661 4578 6
3661 2689 3
3661 2827 6
3662 838 6
3662 2304 6
3662 1174 1
3663 1384 4
3663 2273 9
3664 3377 2
3664 2888 7
3664 176 7
3664 1291 10
3665 1960 10
3666 2529 5
3666 3128 3
3666 2855 10
3666 2148 4
3666 4916 10
3667 423 5
3667 336 4
3667 711 7
3667 1851 7
3667 831 3
3668 2753 9
3669 4550 10
3669 4312 5
3669 1592 10
3669 4445 4
3669 2663 5
3670 2098 4
3670 912 9
3671 3372 7
3671 724 10
3672 3650 6
3672 255 4
3672 1364 5
3673 333 8
3673 1053 2
3673 2268 5
3673 495 9
3673 4040 1
3674 372 5
3674 98 1
3674 3170 4
3675 2636 8
3676 4583 9
3676 4085 7
3676 2971 4
3677 389 5
3678 2539 5
3679 2225 10
3679 2808 5
3679 3560 1
3679 2739 1
3679 783 8
3680 4691 10
3681 2429 10
3682 4634 9
3683 4244 4
3683 2194 8
3683 1582 6
3684 1399 1
3685 4684 3
3686 2604 5
3686 132 4
3686 2040 1
3687 1289 3
3688 3643 6
3688 3032 1
3689 3950 8
3689 3404 6
3689 3896 10
3690 2348 5
3690 4597 1
3691 4130 2
3692 2491 2
3692 3835 2
3692 4800 2
3692 2203 8
3693 3014 8
3694 1888 5
3695 774 4
3696 4392 9
3697 2013 1
3697 1111 8
3698 4588 4
3699 4953 1
3699 4130 4
3699 965 4
3699 3328 7
3699 3177 8
3700 1904 8
3701 505 3
3701 1677 1
3701 2856 9
3701 4378 6
3702 2822 7
3703 3219 4
3703 4944 3
3703 3451 3
3703 4163 9
3703 2040 7
3704 4454 8
3704 1213 10
3704 3131 7
3704 1172 1
3704 119 1
3705 176 9
3705 1464 2
3705 4596 2
3705 4951 1
3706 2385 2
3706 2881 5
3706 1904 9
3706 4495 9
3707 1203 10
3707 2063 8
3708 28 9
3708 1527 9
3708 2461 7
3708 4777 3
3709 2134 7
3709 4946 3
3709 4848 8
3709 3296 2
3710 30 4
3710 4760 7
3710 1630 4
3710 4562 3
3710 75 7
3711 3699 6
3711 4796 5
3711 3691 4
3711 3855 10
3711 4843 10
3712 1422 8
3712 3821 5
3712 4151 7
3713 3371 6
3713 3757 10
3713 4664 8
3713 3877 10
3714 4863 2
3714 923 5
3714 2280 7
3714 2765 5
3714 1092 6
3715 3595 4
3716 746 4
3716 4322 4
3716 99 8
3716 1696 7
3716 2919 9
3717 3779 5
3717 4664 6
3717 3574 7
3718 2508 6
3719 4863 10
3720 4032 10
3720 1623 1
3720 483 8
3721 1063 2
3721 4479 5
3721 3263 2
3722 1945 7
3722 1931 4
3722 1159 10
3722 4121 5
3722 3324 1
3723 3638 7
3723 4870 2
3723 1092 1
3723 2696 5
3724 1719 1
3724 4430 2
3725 1082 6
3725 312 6
3725 945 3
3725 1124 1
3726 3043 5
3726 1713 9
3727 341 7
3728 2803 4
3728 2847 3
3729 156 3
3729 3371 9
3730 170 6
3731 1395 6
3731 1435 1
3732 3147 10
3732 3865 5
3732 835 8
3732 291 1
3732 3655 2
3733 3043 4
3733 2663 1
3733 2651 2
3734 3845 4
3735 4378 1
3735 990 9
3736 1694 4
3736 4584 3
3737 2172 2
3737 2248 9
3738 1501 6
3738 2228 1
3738 3971 6
3738 4987 2
3738 454 3
3739 2104 8
3739 2876 2
3739 489 3
3740 4784 4
3741 226 3
3742 4594 3
3742 1702 10
3743 593 3
3743 959 9
3744 2175 7
3745 4773 6
3745 2942 6
3745 3742 3
3746 3009 10
3746 1290 5
3747 1449 8
3747 2645 3
3747 2597 8
3747 597 9
3747 3264 8
3748 243 9
3748 2982 6
3749 592 2
3749 3590 4
3749 2651 3
3750 229 9
3751 2511 10
3752 530 3
3752 461 6
3752 4692 10
3753 2279 7
3754 4147 5
3754 4914 6
3754 1959 3
3754 2089 8
3755 4171 6
3756 258 6
3756 4470 6
3757 2000 9
3757 348 1
3758 4284 1
3758 1824 10
3758 3835 6
3758 909 7
3758 1449 3
3759 927 6
3759 4383 3
3759 2340 6
3759 1920 5
3760 866 3
3760 3660 4
3760 2796 5
3761 4299 4
3762 4942 2
3762 4300 2
3762 2161 3
3763 660 10
3763 1063 6
3763 3869 6
3763 259 6
3763 11 10
3764 2146 4
3764 3661 1
3764 2898 2
3764 1785 9
3765 4861 5
3765 2504 6
3765 1821 10
3765 2280 1
3765 4470 9
3766 3782 9
3767 1441 2
3768 1792 8
3769 4032 10
3769 2514 10
3769 1231 8
3769 386 10
3769 2336 3
3770 3212 3
3770 952 3
3770 1634 6
3771 4405 10
3771 841 10
3771 1638 1
3772 3129 6
3773 4869 5
3773 4635 6
3773 4814 2
3773 119 5
3774 77 9
3774 3255 8
3774 287 2
3774 742 4
3774 3979 9
3775 2561 2
3775 2048 1
3775 3302 10
3775 4844 10
3775 205 1
3776 3965 5
3777 3949 4
3777 548 7
3777 1499 4
3777 4699 2
3777 3124 6
3778 4306 1
3778 3020 2
3779 3335 6
3779 4650 3
3780 4052 7
3780 691 6
3780 2168 7
3781 1542 8
3781 3534 7
3781 4962 2
3782 4147 1
3782 274 5
3782 499 7
3783 1892 10
3783 3548 6
3783 2174 8
3783 3593 1
3783 3633 1
3784 2302 4
3784 2089 1
3785 4744 8
3785 3711 9
3785 4765 6
3785 4780 2
3786 4659 1
3786 1636 2
3787 3266 10
3787 2543 7
3788 2040 4
3788 1740 10
3788 4161 1
3788 3680 1
3788 3335 6
3789 2699 8
3789 1702 1
3789 2615 2
3789 4699 9
3789 2309 4
3790 3371 8
3791 1977 10
3792 3213 8
3792 3802 6
3792 607 7
3792 2236 6
3792 831 1
3793 3465 5
3794 163 1
3794 2674 2
3795 303 6
3795 928 4
3795 417 7
3795 3781 4
3795 4125 10
3796 480 1
3797 4052 1
3797 1841 7
3797 4654 1
3797 4990 5
3797 1559 8
3798 3558 2
3798 488 7
3798 2137 4
3799 425 8
3799 4816 7
3799 759 5
3799 29 8
3799 2890 1
3800 1696 10
3800 917 5
3800 4076 1
3801 4714 9
3801 3816 3
3801 4915 5
3801 3627 9
3802 1308 2
3803 2529 6
3803 2476 8
3803 2728 6
3803 840 1
3803 1577 3
3804 513 1
3804 3824 9
3805 4411 10
3806 2794 4
3806 801 4
3806 446 8
3807 783 6
3807 1094 7
3807 2968 2
3807 3787 10
3808 2856 8
3808 4863 6
3809 892 8
3809 4033 1
3809 140 7
3809 4503 10
3810 3955 8
3810 3889 1
3810 1715 8
3810 4419 6
3810 201 9
3811 4483 2
3811 347 9
3811 1231 2
3811 971 5
3812 296 8
3812 3167 3
3812 3497 2
3813 3755 3
3813 366 8
3813 2901 6
3813 4605 5
3814 3712 10
3814 2179 5
3814 3751 2
3814 3872 2
3814 243 1
3815 4280 5
3815 4525 3
3815 1015 7
3815 1608 5
3816 320 1
3816 1733 6
3816 1101 1
3816 3823 1
3816 2637 4
3817 940 5
3817 3917 10
3817 796 9
3817 1002 8
3817 837 8
3818 1023 7
3818 2755 3
3819 3671 8
3820 1274 2
3820 2028 1
3820 4559 1
3820 309 1
3821 4809 2
3821 1676 10
3821 4921 7
3822 322 8
3823 608 4
3823 3390 1
3823 1858 4
3824 2046 7
3824 2652 1
3824 110 2
3824 3425 5
3824 973 3
3825 4918 2
3826 1876 9
3826 4203 10
3826 1128 4
3826 4678 5
3826 2316 10
3827 4004 7
3828 1637 4
3828 3454 1
3828 3957 3
3829 2935 8
3829 3920 5
3829 2706 6
3829 468 6
3830 1383 9
3830 971 7
3831 4649 5
3831 4554 8
3831 2280 1
3831 1962 7
3832 3462 5
3832 2183 8
3832 1615 9
3833 4020 6
3833 3769 2
3834 3609 9
3834 1942 2
3834 4158 2
3834 2181 9
3834 3152 4
3835 3037 5
3835 3400 4
3835 2093 9
3835 245 1
3835 2960 3
3836 1141 1
3836 3908 7
3837 4656 2
3837 4811 10
3837 2889 1
3837 3766 2
3837 3459 4
3838 3651 1
3838 2885 1
3838 3072 3
3839 3771 6
3839 4905 1
3840 2336 8
3840 511 1
3840 2283 7
3840 4502 6
3841 2558 5
3841 1382 9
3841 1111 6
3841 371 1
3841 2161 1
3842 2009 5
3842 3478 9
3842 4447 10
3842 2 5
3842 1560 3
3843 1867 4
3843 4064 7
3843 191 4
3844 2520 9
3844 4183 9
3844 3658 3
3844 1585 2
3845 279 3
3845 4976 2
3845 12 4
3845 986 8
3846 2576 2
3847 1105 1
3847 3104 4
3847 2716 8
3847 3517 1
3847 3653 6
3848 4525 4
3848 4910 6
3848 470 5
3848 1002 3
3849 851 1
3849 1087 4
3850 1060 4
3850 25 10
3850 2458 3
3850 699 2
3851 92 7
3851 2663 7
3851 3021 2
3851 812 6
3852 2046 1
3852 572 3
3852 2458 7
3852 830 1
3853 4800 7
3854 1110 5
3854 2722 9
3854 4313 5
3854 645 2
3854 1057 6
3855 3966 3
3856 2483 1
3856 1236 10
3856 1943 9
3857 3853 1
3858 3747 5
3858 3904 10
3858 2952 3
3858 1450 1
3858 320 9
3859 4360 5
3859 3279 9
3860 3855 9
3860 2434 3
3860 226 8
3860 3426 2
3860 1075 4
3861 1594 10
3861 835 4
3862 1585 5
3862 975 10
3863 2737 5
3863 4553 8
3863 4537 3
3864 2175 3
3864 2094 3
3865 4965 4
3865 3689 4
3866 1218 7
3866 3193 7
3867 4853 2
3867 92 4
3867 800 4
3868 3231 8
3868 2483 10
3868 4563 9
3868 1729 8
3869 4960 5
3869 2506 10
3869 4012 10
3869 4022 8
3869 2144 2
3870 4701 10
3871 2804 9
3871 3309 6
3872 4769 10
3872 2648 3
3873 3898 4
3873 126 7
3873 2451 4
3874 1727 3
3874 2137 8
3874 1934 6
3874 4267 6
3875 3553 9
3876 377 1
3876 1141 10
3876 4993 8
3876 2931 3
3877 1432 2
3878 3512 4
3878 3861 10
3878 1156 3
3878 965 3
3879 3212 2
3879 1353 4
3879 1840 8
3879 4665 8
3879 3267 2
3880 413 5
3881 2756 5
3882 2712 7
3882 210 9
3882 4911 8
3882 942 6
3882 1089 1
3883 3908 5
3883 2318 8
3883 4091 5
3883 2315 7
3883 155 7
3884 2097 2
3884 2826 8
3885 3158 10
3885 3917 5
3885 2272 1
3885 3811 9
3885 4086 7
3886 1695 5
3886 3590 2
3886 3607 4
3887 4085 3
3887 4968 6
3887 2022 4
3888 1191 10
3889 1841 10
3890 3991 3
3890 2308 5
3890 3496 4
3890 2931 3
3890 370 5
3891 4715 2
3891 4605 2
3891 4994 6
3891 3035 6
3891 4279 5
3892 1943 10
3892 1775 9
3892 2772 6
3893 1445 7
3893 3426 7
3893 1900 5
3894 3996 9
3895 1518 6
3895 4348 7
3895 478 2
3896 4012 2
3896 2695 5
3897 1888 1
3898 2558 6
3898 2050 10
3899 1308 3
3899 3132 9
3899 4310 5
3899 1830 10
3899 2396 9
3900 4770 3
3900 3244 10
3900 1896 8
3900 3949 5
3900 476 5
3901 4117 3
3901 1248 9
3901 1353 8
3901 717 5
3902 4289 6
3902 2296 5
3902 386 6
3902 3638 7
3902 2558 4
3903 3046 2
3903 4822 6
3903 4297 3
3903 2143 5
3903 3163 6
3904 957 10
3904 2014 5
3905 3243 9
3905 1243 1
3905 3797 10
3905 112 7
3905 4905 6
3906 2016 9
3907 4025 7
3907 830 2
3907 1478 1
3908 2900 7
3908 2645 8
3908 592 1
3908 856 4
3908 3289 6
3909 871 6
3909 3018 8
3909 577 6
3909 2025 4
3910 974 1
3910 2437 6
3910 2699 5
3910 4658 3
3911 1851 10
3911 912 6
3911 2254 5
3911 2225 4
3912 1426 8
3912 3771 6
3912 3315 6
3912 4803 4
3912 2233 2
3913 803 8
3914 2143 8
3914 3816 7
3914 2718 7
3914 1332 7
3914 3876 6
3915 4203 10
3916 1853 5
3916 2479 6
3916 4314 1
3916 3662 6
3916 310 7
3917 4280 6
3917 3045 9
3917 3898 9
3918 4718 4
3918 2184 7
3918 183 5
3918 2468 2
3919 3485 3
3919 3101 4
3919 3630 4
3920 1892 8
3921 2937 6
3921 3885 4
3921 1555 10
3922 578 8
3922 1367 10
3923 4317 9
3923 3255 3
3924 4093 3
3924 2175 1
3924 1519 8
3924 2482 7
3925 1261 4
3925 838 8
3925 2969 2
3926 2323 8
3926 3485 5
3927 2275 10
3928 67 4
3928 4782 5
3928 684 3
3929 744 9
3929 4239 7
3929 3370 7
3930 3720 1
3930 2336 6
3930 525 1
3931 1888 3
3932 887 3
3932 1353 3
3932 2525 10
3933 2826 1
3933 3561 8
3933 2454 6
3933 3912 3
3934 3802 3
3934 3671 10
3934 443 8
3934 2469 7
3935 1716 2
3935 2060 5
3936 1482 5
3936 529 3
3937 4034 3
3937 4831 7
3937 2661 10
3937 3825 9
3937 1602 5
3938 2021 8
3938 3231 4
3938 3802 5
3938 617 2
3938 1684 9
3939 3896 1
3939 4610 2
3940 2158 7
3940 290 3
3940 2837 3
3941 4063 9
3941 4398 9
3941 4823 10
3941 3795 5
3942 3454 5
3942 1918 1
3943 191 7
3943 2049 3
3943 3925 3
3944 3227 2
3944 2192 10
3944 641 5
3944 1139 9
3945 376 10
3945 2438 8
3945 2834 8
3945 857 6
3946 2256 7
3946 896 3
3946 4001 8
3946 360 4
3947 2949 2
3948 1782 3
3949 4954 7
3949 4983 10
3949 4600 4
3949 1670 2
3950 3040 1
3950 3610 8
3950 977 3
3950 1535 10
3951 4504 1
3952 3764 9
3952 2540 3
3953 1949 9
3953 3003 5
3953 4517 3
3953 4483 1
3954 2982 8
3954 1554 5
3954 744 4
3954 4843 5
3954 3138 5
3955 3053 7
3955 2140 5
3955 1908 1
3956 233 10
3957 2492 10
3957 12 8
3957 3404 4
3957 3570 9
3958 2665 3
3958 15 1
3958 3678 4
3959 4658 8
3960 1146 5
3961 3207 4
3961 2160 10
3961 2256 2
3962 2172 8
3962 3213 4
3962 1740 10
3963 1760 1
3963 547 3
3963 1770 5
3963 852 5
3963 2386 10
3964 1480 2
3964 4341 3
3964 3170 6
3964 2727 10
3965 3351 2
3965 4130 6
3965 4954 7
3966 1390 8
3966 3161 1
3967 2346 6
3968 4501 2
3968 1561 7
3968 3418 2
3968 3059 8
3969 2433 5
3969 2000 9
3969 1511 5
3970 1641 7
3970 1447 2
3971 2709 3
3971 1560 10
3971 3685 8
3971 3821 3
3972 4018 1
3972 827 6
3972 785 7
3972 3841 4
3973 3693 3
3973 1106 10
3974 1586 4
3974 2381 5
3974 3163 1
3975 2106 5
3975 3440 3
3975 3255 8
3976 3747 4
3976 4292 6
3976 3845 10
3976 846 8
3976 1019 5
3977 1328 5
3977 159 1
3977 3823 3
3978 4342 4
3978 3553 5
3978 4261 8
3978 3511 4
3979 4942 4
3979 1044 8
3979 3938 2
3979 3646 7
3979 2563 2
3980 1589 3
3980 1918 1
3980 734 3
3981 642 6
3981 2627 4
3982 928 3
3982 2683 9
3982 3517 9
3982 106 9
3983 2315 8
3983 4993 9
3983 737 4
3983 4733 2
3984 1377 3
3984 2689 4
3984 2915 2
3984 4484 1
3985 3747 6
3985 2337 4
3985 2597 7
3986 2845 8
3986 3591 8
3986 3709 3
3987 4170 2
3987 3152 3
3987 147 4
3988 1043 9
3988 3974 4
3989 1434 2
3989 953 6
3990 746 4
3990 851 10
3991 2722 2
3991 2054 10
3991 4403 3
3992 2561 2
3992 3557 9
3992 4533 6
3992 4106 1
3992 973 8
3993 2633 4
3993 4748 9
3993 942 3
3994 4306 4
3994 4379 9
3995 1918 6
3995 2760 6
3995 2232 2
3995 299 2
3996 3078 3
3996 2831 9
3997 4866 3
3998 2908 2
3999 1743 7
4000 552 6
4000 1885 9
4001 236 4
4001 3913 10
4001 4561 6
4001 3702 6
4002 1570 4
4002 4738 6
4002 4540 3
4003 3329 8
4003 2876 1
4004 945 8
4005 4959 8
4005 306 1
4005 2985 2
4006 3518 3
4007 3350 5
4007 1271 7
4007 4093 10
4008 2164 2
4009 2511 9
4009 4778 1
4009 2210 1
4009 1373 10
4010 4093 6
4010 4550 2
4010 4935 6
4010 3749 10
4011 4185 3
4011 689 7
4012 2230 1
4012 2461 3
4012 4793 1
4013 3692 3
4013 2090 4
4013 2425 8
4014 4433 10
4014 91 3
4014 1364 1
4014 3828 8
4014 4255 1
4015 1517 2
4015 2479 5
4015 762 1
4016 2042 7
4016 2627 6
4016 3006 9
4016 4182 4
4017 468 6
4017 481 2
4018 1270 7
4018 324 7
4019 2351 1
4020 4773 1
4020 1670 6
4020 57 6
4020 916 7
4021 835 1
4021 2380 6
4022 4170 2
4023 1462 4
4024 3532 4
4024 4130 6
4024 2172 10
4025 3480 4
4025 2919 7
4025 3152 1
4026 4424 2
4026 220 9
4026 11 8
4026 2861 2
4027 775 4
4027 1286 4
4028 1857 6
4028 4341 8
4028 992 1
4029 1172 2
4029 3010 3
4029 3076 6
4029 4545 5
4030 2066 10
4030 3313 1
4030 4812 4
4030 205 9
4030 2932 6
4031 281 3
4032 114 3
4032 3426 8
4032 3822 8
4033 4535 8
4034 1870 8
4034 2501 3
4034 4781 5
4034 1553 6
4035 2482 10
4036 3003 3
4037 2146 8
4037 4634 3
4037 4578 9
4037 4434 3
4038 642 2
4038 3658 3
4038 4456 10
4039 2844 4
4040 4530 10
4040 1323 3
4040 2286 9
4040 4415 7
4041 4640 6
4042 2752 8
4042 478 10
4043 2005 7
4044 1064 1
4044 2545 3
4044 4256 1
4045 1443 5
4045 3503 2
4046 555 3
4046 3690 3
4047 3795 2
4047 2775 6
4047 2950 3
4047 4824 8
4048 1894 1
4049 4099 10
4049 2293 2
4049 1665 9
4049 2022 9
4050 3966 10
4050 4997 5
4051 411 3
4051 3027 9
4051 2151 4
4051 2940 2
4051 2804 4
4052 4389 8
4053 2161 8
4053 877 1
4054 2209 5
4054 3839 1
4054 3657 10
4055 630 3
4055 1195 3
4055 3345 5
4055 4173 4
4055 2245 3
4056 3776 5
4056 287 8
4056 966 3
4057 4335 3
4057 3979 2
4057 3175 4
4058 1421 10
4058 1043 10
4058 2839 3
4058 4543 1
4058 2561 6
4059 630 6
4059 1841 5
4059 1206 3
4059 1715 7
4060 726 6
4060 4674 6
4060 224 5
4061 4632 6
4061 4471 3
4062 3045 1
4062 3856 4
4063 4339 6
4063 4311 9
4063 29 2
4063 3485 8
4063 1697 6
4064 2606 6
4064 4944 8
4064 114 3
4064 4127 5
4065 1705 2
4065 4807 3
4065 3830 9
4065 3343 3
4065 4946 8
4066 1645 2
4066 3991 1
4066 2014 4
4066 2308 6
4066 1222 8
4067 3839 7
4067 2637 4
4067 4371 9
4067 2128 6
4067 2853 4
4068 2784 5
4068 3274 8
4068 3812 2
4068 1051 5
4068 2507 2
4069 3143 10
4069 2695 3
4069 573 9
4070 2716 8
4071 1210 9
4072 4444 6
4072 2273 6
4072 3630 6
4073 3084 3
4073 3117 3
4074 4795 5
4074 2591 5
4075 2691 9
4075 230 5
4075 495 6
4076 4866 7
4077 3263 6
4077 1817 5
4077 3642 9
4077 2025 3
4077 3038 2
4078 1929 3
4078 2215 6
4078 2425 5
4079 1796 3
4079 4637 6
4080 3431 4
4080 2499 10
4080 4071 1
4080 2332 2
4081 2231 1
4081 4091 8
4081 3289 10
4081 1642 5
4081 2686 9
4082 3418 3
4082 4272 4
4082 1553 3
4082 785 8
4083 93 5
4083 3796 8
4083 2481 2
4084 1899 7
4085 2398 4
4085 1709 2
4085 230 1
4085 477 6
4086 1457 5
4086 3280 5
4087 417 5
4087 4219 5
4087 3517 3
4088 1812 9
4088 2479 8
4088 3646 9
4089 4495 7
4089 783 8
4090 548 8
4090 3811 5
4090 617 6
4091 4434 10
4091 1837 3
4091 2788 9
4091 2896 2
4091 2537 4
4092 411 8
4092 3935 7
4093 1824 8
4093 229 2
4093 925 9
4093 3424 10
4093 2320 1
4094 3966 7
4094 3638 9
4094 3659 9
4095 3714 9
4095 3948 7
4096 2155 5
4096 1709 2
4096 1338 4
4096 4871 9
4096 11 6
4097 3477 6
4098 304 6
4098 552 6
4099 3345 9
4099 3167 8
4099 2003 10
4099 647 7
4100 3714 3
4100 98 7
4100 2831 1
4100 4517 3
4100 3170 3
4101 16 5
4101 4811 4
4101 2625 4
4101 1254 10
4101 1462 1
4102 1106 8
4103 3195 7
4103 4269 2
4104 926 10
4104 3380 10
4104 738 8
4104 726 2
4105 3042 4
4105 3434 10
4105 2873 7
4105 687 8
4106 1106 1
4107 4178 5
4107 4951 9
4107 19 8
4107 783 9
4107 346 9
4108 4627 4
4108 1521 2
4109 943 1
4110 3950 3
4110 2433 3
4110 3404 4
4110 1449 6
4110 3263 8
4111 2234 8
4111 15 8
4111 558 9
4111 2680 2
4112 2523 7
4112 2034 9
4112 734 8
4113 4574 4
4114 206 10
4115 3117 4
4115 2376 1
4116 235 4
4116 4826 10
4116 3193 5
4116 589 1
4117 4062 8
4117 194 6
4117 4226 10
4117 4145 8
4117 470 8
4118 2457 2
4118 4293 3
4119 2026 3
4119 3538 5
4119 4129 5
4119 1415 2
4120 3777 10
4120 1021 6
4120 4493 1
4121 230 2
4121 2824 10
4121 2924 3
4121 90 7
4122 1133 6
4123 3890 9
4124 1302 4
4125 3661 2
4125 387 6
4125 2660 8
4125 4434 2
4126 2501 6
4126 1986 1
4127 4998 5
4127 3821 8
4127 4433 5
4128 2049 6
4129 1852 1
4129 4154 8
4129 3316 6
4130 4043 7
4130 2255 7
4131 3351 6
4132 1228 4
4132 2037 4
4132 2915 5
4132 2827 9
4133 4059 3
4133 3255 10
4133 170 1
4133 4777 5
4134 2618 8
4134 2363 9
4135 4328 10
4135 3735 6
4135 3489 9
4135 2778 2
4136 2245 1
4136 2421 4
4136 1277 2
4136 4774 8
4137 3252 9
4138 1499 5
4138 1682 2
4139 4572 3
4139 616 5
4139 3453 3
4140 1683 4
4140 2604 10
4140 628 10
4140 2554 7
4141 4342 8
4141 4982 7
4141 2997 5
4142 1089 4
4143 170 5
4143 333 1
4144 646 2
4144 4289 4
4144 1902 9
4145 4480 5
4145 2157 3
4145 4308 3
4145 3477 6
4145 3596 7
4146 2015 3
4146 4209 6
4146 173 7
4147 1152 1
4147 150 8
4147 4586 7
4147 2164 10
4147 1699 8
4148 2449 8
4148 2870 5
4148 861 7
4148 4989 1
4149 29 8
4150 2597 6
4150 1766 10
4150 3473 2
4151 312 7
4151 4989 8
4151 4503 5
4151 1525 4
4151 1965 9
4152 746 10
4152 3345 7
4152 2375 1
4152 2660 1
4153 3731 1
4154 1696 6
4154 649 10
4155 4296 7
4155 1289 8
4155 2772 1
4155 2737 6
4155 3269 6
4156 4222 2
4156 4315 10
4156 1343 4
4157 4381 2
4157 213 8
4157 4778 1
4158 4812 7
4159 1458 3
4159 655 2
4159 4095 1
4159 3996 7
4160 4995 9
4161 744 7
4161 4522 3
4161 3008 6
4162 4797 8
4162 1856 2
4162 1051 4
4162 1566 8
4162 1196 1
4163 2162 6
4163 1915 7
4163 3787 4
4163 1027 6
4163 4381 5
4164 1533 9
4164 1439 8
4164 758 4
4165 1491 1
4166 2396 1
4167 2636 3
4167 3015 5
4168 4077 9
4168 1558 2
4169 255 4
4169 2543 4
4169 977 4
4169 2000 1
4169 2172 8
4170 2306 6
4170 4784 7
4170 2922 1
4170 1463 2
4170 1852 3
4171 2723 2
4171 1135 7
4171 2321 7
4171 61 8
4171 3938 3
4172 3712 1
4172 1729 9
4172 2176 9
4172 3821 3
4173 3696 9
4173 4618 6
4173 2716 4
4174 1904 10
4174 3679 8
4174 4857 9
4175 3146 1
4175 3094 2
4176 57 9
4176 1147 7
4176 4027 1
4176 4912 3
4177 4047 4
4177 4991 10
4177 1238 6
4178 2483 4
4178 3335 5
4178 1560 5
4179 4665 1
4180 1654 10
4180 1794 10
4181 1502 2
4181 1325 10
4182 1300 6
4182 4354 2
4182 2390 3
4183 4848 5
4183 3702 4
4183 4757 3
4183 1413 3
4184 3074 5
4185 1025 1
4185 236 4
4185 3162 8
4186 3642 7
4186 3404 9
4187 4903 1
4187 2340 2
4187 901 2
4187 3696 5
4187 2237 6
4188 801 5
4188 3811 6
4188 1000 1
4188 3296 1
4189 565 7
4189 4178 6
4189 4433 6
4189 2159 8
4190 2969 1
4190 2338 6
4191 858 10
4191 259 10
4191 2927 10
4191 661 10
4192 77 3
4192 2091 1
4193 1678 5
4194 2652 2
4194 699 7
4195 4012 5
4195 2812 4
4195 1885 1
4196 4503 8
4196 3428 4
4197 2755 6
4197 4081 5
4198 1315 6
4198 4141 1
4198 3278 5
4199 3495 4
4200 4139 9
4200 3004 1
4200 4702 3
4200 973 9
4200 4962 8
4201 553 2
4201 1518 6
4201 4617 8
4201 636 8
4202 1837 6
4203 285 9
4203 4088 1
4203 4897 3
4203 958 6
4203 3241 3
4204 855 10
4204 4816 7
4204 4852 8
4204 2889 3
4205 2767 6
4206 580 2
4206 3669 6
4207 3253 3
4207 3764 6
4208 285 7
4208 4450 2
4209 2943 8
4209 2072 10
4210 4338 10
4210 2123 9
4210 3185 5
4210 3280 3
4211 4140 4
4211 1462 2
4211 3654 7
4211 4418 9
4211 2279 8
4212 3861 9
4212 1473 9
4212 4607 4
4212 1533 10
4212 3949 7
4213 4342 9
4213 4748 10
4214 4757 8
4214 4128 7
4214 4600 8
4215 3978 4
4215 927 2
4215 3020 6
4215 2031 9
4216 4962 6
4216 558 9
4216 4957 8
4216 4283 2
4216 3325 5
4217 4670 1
4217 590 3
4217 864 3
4218 1792 6
4218 4466 1
4219 2438 5
4219 1673 1
4219 2533 6
4220 6 5
4221 4358 4
4221 418 6
4222 2571 3
4223 1974 4
4223 2000 3
4224 1674 5
4224 3102 1
4224 4314 5
4225 753 5
4225 4579 2
4226 4579 10
4226 1247 1
4226 1177 6
4226 150 4
4227 117 4
4228 1603 3
4228 1116 8
4228 2903 4
4228 4345 6
4228 653 3
4229 3599 3
4229 1749 4
4230 4905 5
4230 2924 10
4230 2984 3
4230 3324 6
4231 1143 1
4231 4726 9
4232 3672 10
4233 4385 3
4234 202 6
4234 2151 10
4235 2387 5
4235 372 3
4235 3168 4
4235 4929 9
4236 1184 6
4236 3213 8
4237 1650 2
4238 1511 6
4239 3094 3
4239 2427 2
4239 2300 3
4239 2582 7
4240 4869 1
4240 3242 3
4240 2051 9
4241 1322 1
4241 127 1
4242 3462 10
4242 1089 7
4243 1499 1
4243 487 9
4243 3906 7
4244 1066 8
4245 3890 2
4245 1811 5
4246 1441 9
4246 3306 5
4246 4575 10
4246 4861 4
4247 4657 10
4247 1464 3
4248 4427 2
4248 230 10
4248 743 7
4248 3349 1
4248 1950 9
4249 3619 1
4249 1400 7
4249 898 8
4249 4043 8
4250 1191 1
4251 2606 4
4251 239 2
4251 1849 6
4252 3658 6
4252 619 9
4253 1478 5
4254 1740 7
4254 4118 2
4254 2000 6
4255 4365 7
4255 2376 10
4255 1858 1
4255 3308 2
4255 4821 2
4256 2959 7
4256 4866 2
4256 3938 4
4256 4496 4
4257 382 2
4258 898 6
4258 2745 10
4259 2069 8
4259 3093 3
4259 3444 3
4259 1417 5
4259 664 10
4260 2433 9
4260 86 2
4260 1929 1
4261 4345 6
4261 4302 10
4262 4345 4
4262 3043 4
4262 4606 10
4262 4449 10
4263 3955 8
4263 1785 1
4263 2160 1
4263 2148 4
4263 3727 4
4264 3496 1
4264 2685 4
4264 2505 9
4264 3371 4
4265 352 9
4266 3675 4
4266 1231 2
4267 1075 3
4267 1775 7
4267 133 10
4268 304 4
4268 483 3
4268 4118 8
4268 4005 4
4268 3655 3
4269 2297 2
4269 803 5
4269 4272 6
4269 4983 5
4270 2749 8
4270 986 1
4271 4362 8
4272 4193 2
4272 3860 8
4272 191 4
4273 841 5
4273 4572 7
4273 3744 6
4274 2988 1
4275 4833 9
4275 3821 4
4275 787 7
4275 4601 9
4275 1560 10
4276 3966 4
4276 3186 10
4276 4695 2
4277 180 6
4277 2969 5
4278 1271 8
4278 2301 4
4278 567 4
4279 1868 1
4279 1620 9
4279 4689 6
4279 4784 10
4280 273 9
4280 171 7
4280 4362 9
4280 1582 8
4280 1445 9
4281 72 5
4281 2063 2
4281 2823 3
4281 3911 8
4282 1494 9
4282 480 5
4283 1462 8
4283 584 4
4284 4072 10
4284 1959 2
4285 4650 7
4285 4536 2
4285 1444 4
4286 4691 7
4286 3442 7
4286 1033 9
4286 1918 10
4287 4665 7
4287 3228 7
4288 3819 6
4288 2905 3
4289 3878 1
4289 1115 1
4289 1019 6
4290 4715 8
4291 190 6
4291 463 6
4292 1228 7
4292 3217 5
4292 1434 5
4292 562 2
4293 3214 2
4293 3215 7
4294 3619 10
4294 199 7
4295 3855 9
4295 4688 5
4295 1300 4
4295 2868 3
4295 4795 6
4296 3807 9
4296 4064 2
4296 84 3
4296 1364 2
4296 1717 2
4297 4035 9
4297 905 2
4298 2255 4
4298 3275 2
4298 1189 2
4298 2768 6
4299 1359 9
4300 3840 7
4300 51 2
4300 3149 8
4300 2765 3
4300 1682 1
4301 3098 8
4302 4003 8
4302 2102 1
4302 4877 10
4303 3383 2
4303 3865 2
4303 4958 1
4304 750 4
4304 2339 5
4304 4004 2
4305 4995 9
4305 1338 7
4305 542 3
4306 2196 8
4306 4466 1
4306 4283 10
4307 3981 10
4308 4954 5
4308 57 1
4308 3878 5
4308 3205 10
4309 3096 4
4309 1364 7
4310 4821 8
4310 1654 6
4310 2308 10
4310 4169 7
4311 2886 9
4311 4570 9
4311 1908 5
4312 2618 5
4312 2306 9
4312 1060 10
4312 3832 2
4312 500 1
4313 4663 1
4314 3052 4
4315 2819 7
4316 4657 8
4316 783 10
4316 913 5
4316 2279 9
4316 4983 10
4317 2484 6
4317 427 1
4317 4518 3
4317 3959 10
4317 4459 5
4318 2594 9
4318 3380 6
4318 2369 10
4319 19 8
4320 661 10
4320 1039 7
4320 4888 9
4321 3545 5
4321 2211 10
4321 2666 5
4321 487 2
4322 3255 10
4322 1873 7
4322 4667 1
4323 3609 2
4323 24 2
4323 3308 7
4324 879 10
4325 1452 1
4326 3903 3
4326 1484 4
4326 4530 9
4327 4843 3
4327 3856 1
4327 505 7
4328 2998 9
4328 923 2
4329 1832 6
4330 2399 5
4330 581 2
4331 4336 7
4332 1504 4
4332 1078 7
4333 4539 3
4333 4030 6
4333 2641 7
4334 1031 10
4335 4362 10
4335 3277 7
4335 1358 1
4336 4140 4
4336 2998 3
4336 4391 9
4336 3296 5
4337 2506 1
4337 986 7
4338 3147 9
4338 4407 7
4338 2254 9
4338 3177 7
4338 3679 4
4339 1841 1
4339 2147 4
4339 4866 6
4339 649 1
4339 1053 9
4340 4040 7
4340 1585 9
4340 4263 5
4340 1503 10
4340 2727 10
4341 2943 8
4341 4095 6
4341 2623 6
4341 2251 9
4342 3959 1
4342 752 6
4342 839 5
4342 2013 4
4342 3276 8
4343 4358 8
4343 229 6
4343 4856 2
4343 3912 7
4344 3220 9
4344 1676 8
4344 2301 1
4344 2832 5
4345 1536 2
4345 4551 6
4345 2799 6
4345 4771 4
4345 1267 4
4346 702 2
4346 4960 7
4346 3009 1
4347 4084 7
4347 4331 3
4347 2048 1
4347 23 8
4348 171 10
4348 922 8
4349 3733 8
4350 1840 8
4350 4358 3
4350 4283 9
4351 1220 1
4351 2649 7
4352 1597 3
4352 1280 3
4352 4253 1
4352 2801 2
4353 1504 9
4353 3170 10
4353 2145 2
4353 3959 9
4353 2016 3
4354 191 1
4354 992 5
4354 3244 7
4355 4439 4
4355 23 1
4355 4391 5
4356 2565 7
4356 3541 2
4356 729 6
4357 2983 2
4357 4207 4
4357 1322 9
4358 3121 5
4359 3593 6
4359 1355 9
4359 4671 4
4359 759 9
4360 4503 7
4360 2968 3
4360 4131 9
4360 2280 2
4360 1756 3
4361 1968 9
4361 726 4
4361 1618 3
4362 2604 6
4362 3532 5
4362 764 9
4362 2357 7
4362 4719 1
4363 3110 3
4363 2556 5
4363 3823 2
4364 2731 3
4364 2134 9
4364 4983 1
4364 4470 6
4365 4420 2
4366 3461 5
4366 3432 5
4366 3231 4
4366 4118 7
4366 1356 8
4367 140 3
4367 1172 6
4367 3512 10
4367 4232 2
4368 3012 9
4368 3938 1
4368 3129 10
4369 1064 1
4369 99 5
4369 3395 5
4369 746 5
4369 28 10
4370 4125 1
4370 4149 1
4370 4583 4
4370 4785 9
4371 500 1
4371 1521 2
4371 3645 9
4371 678 10
4372 1452 1
4372 2277 9
4372 2636 5
4373 1636 5
4373 4929 10
4373 982 2
4373 1177 5
4374 3297 1
4374 3485 3
4374 738 2
4375 2779 1
4376 4191 5
4376 4701 6
4376 4878 1
4376 1293 8
4377 2037 4
4377 1477 6
4377 3141 4
4378 2888 1
4379 3373 1
4379 4606 4
4379 4106 1
4380 4165 8
4380 4323 1
4380 2633 3
4381 1444 9
4381 2571 7
4381 2099 5
4381 2436 3
4382 2779 8
4383 4795 3
4383 1697 10
4383 2117 2
4383 1641 7
4384 3123 1
4384 2219 10
4384 992 1
4384 203 1
4385 4554 7
4385 1247 4
4385 4580 10
4386 1405 7
4387 1421 7
4387 976 7
4387 417 9
4388 1272 7
4388 3515 8
4388 2006 6
4388 2460 3
4388 1176 8
4389 331 8
4389 1921 9
4389 4929 7
4389 2973 8
4390 2148 5
4390 4488 6
4390 1114 8
4390 331 9
4391 1261 9
4391 2457 10
4391 1740 1
4391 3124 3
4392 285 7
4392 1531 9
4392 2514 7
4393 1775 8
4394 3003 1
4394 1631 7
4394 1623 6
4394 1205 8
4395 2610 9
4395 3881 3
4395 3671 3
4395 2648 2
4395 4536 4
4396 4814 3
4396 2025 2
4397 1089 1
4397 1415 10
4397 1552 4
4398 2352 8
4398 1824 2
4398 2046 1
4398 790 8
4399 1378 7
4399 1864 8
4399 1941 10
4399 3684 6
4400 584 2
4400 2793 3
4400 190 5
4401 100 3
4401 3417 5
4401 977 8
4401 4714 2
4402 4131 2
4402 654 5
4402 4094 9
4403 3040 4
4403 2885 2
4404 3610 2
4404 3668 9
4404 2537 4
4405 4322 3
4405 4490 6
4405 201 5
4405 495 1
4405 2800 7
4406 4814 4
4406 4124 7
4406 3650 3
4406 3639 8
4407 2155 8
4407 1592 7
4407 3793 9
4408 3268 6
4408 4282 3
4408 2609 9
4408 3890 1
4408 1692 2
4409 1181 7
4409 2942 4
4409 3415 6
4410 2161 2
4410 3194 5
4410 2789 7
4410 147 4
4410 4777 8
4411 168 5
4411 3828 1
4411 3971 3
4411 1037 9
4411 2755 5
4412 445 1
4413 1836 6
4413 2633 8
4413 1204 6
4413 3993 9
4414 87 5
4414 4706 5
4414 1890 8
4415 3776 9
4415 4595 10
4415 1009 4
4415 2039 5
4415 2084 8
4416 2782 10
4416 2308 1
4416 1101 1
4416 3747 1
4416 986 8
4417 2257 5
4418 4741 3
4418 2606 1
4418 1674 7
4418 3787 6
4418 3375 8
4419 1448 3
4419 158 9
4419 4914 1
4419 4512 6
4419 506 7
4420 2263 2
4421 2337 10
4422 3082 5
4422 1645 7
4422 2871 3
4422 792 2
4422 2029 4
4423 2609 10
4423 4255 9
4424 3995 7
4425 801 6
4426 404 2
4426 3090 9
4426 4872 1
4426 1701 2
4427 2890 5
4427 3385 5
4427 3581 6
4428 3703 3
4428 3426 8
4428 226 4
4428 3283 1
4428 4967 3
4429 3542 10
4429 3560 2
4429 4901 6
4429 1772 10
4430 585 2
4431 4348 5
4431 4307 4
4431 4419 7
4432 157 4
4432 3011 10
4432 3101 7
4432 3557 3
4433 2749 3
4434 418 2
4434 2562 3
4434 3431 6
4434 3453 10
4434 4556 7
4435 3345 6
4435 3511 3
4436 4508 1
4436 4085 5
4436 4964 2
4437 949 7
4437 1189 5
4437 1180 4
4437 2919 1
4438 4697 4
4438 1156 9
4438 573 1
4439 3774 8
4440 3094 1
4440 4352 5
4440 3473 5
4440 1025 1
4441 1749 10
4442 3228 3
4442 2723 9
4443 3590 4
4443 2187 6
4444 4121 4
4444 611 4
4444 2306 10
4444 3572 4
4444 4982 10
4445 1377 1
4446 2397 6
4446 411 1
4447 1953 9
4447 620 5
4448 3324 5
4448 4238 2
4448 3835 1
4449 2794 6
4449 813 5
4449 4103 8
4449 2790 8
4450 2193 10
4450 3052 1
4450 2434 4
4450 1300 6
4450 2654 5
4451 3241 3
4451 2680 7
4451 2539 1
4452 2978 9
4452 3900 1
4452 4378 7
4452 3017 6
4452 2831 7
4453 495 8
4453 721 2
4454 933 10
4454 567 2
4454 4445 6
4454 3544 8
4454 2777 6
4455 3643 6
4455 2731 6
4455 748 4
4455 1211 7
4456 1994 2
4456 4588 8
4456 1140 8
4457 454 5
4457 4456 8
4458 2422 10
4458 1329 5
4458 2528 8
4458 2263 3
4459 3052 3
4459 4879 5
4459 2555 4
4460 4706 2
4460 741 3
4460 3273 9
4460 6 5
4461 4322 8
4461 2964 9
4461 1296 10
4461 1782 7
4461 1403 10
4462 3357 8
4462 4860 7
4462 3343 10
4462 4328 1
4462 2626 8
4463 3447 7
4463 1558 3
4463 3660 1
4463 1670 3
4463 4381 8
4464 1188 5
4465 2765 5
4465 3028 8
4465 2822 2
4465 1808 4
4466 1855 2
4467 1493 2
4468 764 1
4468 1678 10
4469 4112 1
4469 2505 1
4469 2425 4
4469 3055 9
4470 2772 4
4470 651 5
4470 2739 1
4470 789 7
4471 4217 5
4472 4189 4
4472 1821 6
4472 3671 1
4472 874 2
4472 4894 7
4473 4087 10
4473 3047 4
4473 3263 3
4473 1882 9
4473 1185 5
4474 776 1
4474 3538 3
4474 3139 3
4474 4647 4
4475 4960 1
4475 3057 4
4475 497 1
4475 756 8
4475 4279 8
4476 4564 7
4476 2056 2
4476 3596 8
4476 2332 5
4476 1634 4
4477 4339 1
4477 2324 5
4477 1106 5
4477 2439 1
4478 3031 2
4479 4915 6
4479 1085 3
4479 4284 6
4479 3747 7
4479 4025 5
4480 59 5
4481 3331 9
4481 3942 8
4481 4821 7
4481 661 2
4481 3018 5
4482 4540 5
4482 2799 2
4482 4226 4
4483 3659 2
4483 4469 7
4483 974 5
4484 445 6
4484 296 2
4484 1511 6
4484 2220 1
4485 4712 9
4485 942 6
4485 446 4
4485 277 7
4485 2586 1
4486 4535 9
4487 2097 2
4487 1246 4
4487 1684 4
4487 2707 6
4488 4603 4
4488 3058 2
4488 3458 5
4489 92 3
4490 4512 3
4490 1448 9
4490 2529 8
4491 1848 7
4491 4009 1
4491 199 2
4492 2376 6
4492 3194 1
4492 3826 10
4492 855 5
4492 2799 9
4493 59 6
4494 820 3
4494 1624 1
4495 1949 5
4496 2117 1
4496 502 4
4496 3595 6
4496 2487 7
4497 4671 7
4498 1730 8
4498 2028 10
4498 585 9
4499 511 2
4499 4495 4
4499 2304 8
4500 4343 6
4500 3037 1
4500 2621 1
4500 2531 1
4500 4733 7
4501 4127 10
4501 2607 6
4502 1157 3
4502 2277 3
4502 140 7
4502 978 8
4502 1851 1
4503 2329 9
4503 4634 6
4504 1132 6
4504 359 8
4504 4533 4
4504 3112 5
4504 1415 4
4505 1188 1
4505 3786 2
4505 1964 6
4505 418 5
4505 495 10
4506 3161 8
4507 3137 2
4508 1663 6
4509 4379 2
4509 1267 7
4509 800 9
4510 1096 2
4510 2339 2
4510 1167 9
4510 4473 1
4510 1063 8
4511 3405 7
4511 3654 7
4511 4952 10
4512 3304 2
4512 4904 8
4512 3312 1
4512 1163 9
4512 3981 9
4513 345 3
4513 1872 8
4514 2576 6
4514 4063 10
4514 2024 8
4515 1014 8
4515 2554 4
4515 3892 6
4515 4024 8
4515 2749 5
4516 524 6
4517 2040 10
4518 2627 3
4518 1625 5
4518 3031 2
4518 2625 4
4519 4751 2
4519 812 8
4519 3106 8
4519 326 3
4519 3444 8
4520 2220 7
4520 3602 10
4521 416 7
4522 769 9
4522 1596 6
4522 1386 8
4522 3009 3
4523 3709 10
4523 3885 1
4524 502 6
4524 3557 1
4524 820 7
4524 3400 7
4524 3367 8
4525 194 10
4525 2693 2
4525 4506 3
4525 2744 6
4526 2539 9
4527 4619 4
4527 1962 4
4527 228 8
4527 3079 7
4527 1111 5
4528 2013 2
4528 4015 5
4529 2349 10
4529 197 9
4529 2689 4
4529 4957 3
4530 2794 7
4530 3329 2
4530 1963 4
4530 4962 6
4531 287 10
4531 1007 2
4531 548 3
4531 3045 9
4532 2360 8
4532 4332 10
4532 4599 10
4532 99 10
4532 470 5
4533 2161 10
4533 4187 10
4533 4758 10
4533 3553 8
4533 1116 4
4534 2985 7
4534 2079 7
4535 2444 3
4535 664 6
4535 2037 3
4535 4834 2
4535 3496 4
4536 3010 9
4536 4701 10
4536 2051 4
4536 1009 3
4536 1596 2
4537 687 5
4537 3993 5
4537 3390 10
4538 4326 4
4538 2590 1
4539 4509 3
4539 2988 7
4539 700 6
4540 1908 8
4540 691 5
4541 3675 2
4541 906 3
4541 3343 2
4541 1783 1
4541 1440 10
4542 4933 9
4542 836 4
4542 4634 10
4542 4168 5
4542 4835 2
4543 495 2
4543 139 5
4543 572 1
4543 1124 7
4544 879 10
4545 3217 10
4545 2329 2
4545 3651 10
4545 4403 4
4546 3534 2
4546 4398 1
4547 151 9
4547 2840 3
4547 3777 1
4547 4842 7
4548 4778 2
4548 4472 6
4548 4678 1
4548 3177 4
4549 2846 2
4549 4209 10
4549 927 9
4549 700 9
4549 3347 6
4550 555 9
4550 2740 2
4550 3327 5
4550 1511 5
4550 973 2
4551 374 7
4552 3989 1
4552 110 2
4552 821 3
4552 989 2
4552 2128 6
4553 4531 5
4553 3749 2
4553 694 2
4553 1403 9
4554 1676 6
4554 419 3
4554 3496 10
4554 4664 4
4554 4433 5
4555 1589 7
4555 4975 9
4556 3347 4
4557 1286 4
4557 213 6
4558 2973 2
4558 4945 1
4558 3172 2
4558 4040 7
4558 3802 5
4559 852 4
4559 3856 2
4559 3006 3
4559 1254 5
4560 381 7
4560 3989 9
4560 3627 3
4560 1030 2
4561 4469 7
4561 234 8
4562 1698 3
4562 4784 7
4562 430 4
4562 2605 8
4563 4164 1
4563 270 4
4563 1830 7
4564 1297 5
4565 2064 5
4566 4024 7
4567 2274 1
4567 4622 5
4567 2684 1
4567 243 8
4568 3732 9
4568 3012 2
4568 4122 7
4568 1896 6
4569 366 6
4569 58 4
4569 1765 5
4569 2576 7
4570 4391 6
4570 1123 8
4570 4430 9
4570 4402 4
4571 3208 7
4571 2829 10
4571 4122 7
4572 1276 6
4572 2106 10
4573 3560 8
4574 1478 10
4574 3987 9
4574 4774 6
4574 2924 4
4575 4952 2
4575 2845 1
4576 848 3
4576 91 4
4576 3667 3
4577 628 3
4577 3723 8
4577 462 4
4577 3119 7
4577 1496 4
4578 982 3
4578 2680 8
4578 2148 4
4579 2628 5
4580 4596 2
4580 3287 10
4580 1885 3
4581 587 6
4582 1824 10
4582 1719 8
4582 1393 7
4583 3917 4
4584 4766 1
4585 3720 3
4585 2504 4
4586 980 1
4586 2345 2
4586 4848 1
4586 2779 6
4586 4651 3
4587 4094 6
4588 4206 10
4588 1888 10
4588 597 9
4588 4125 3
4589 1708 4
4589 3169 1
4589 2971 6
4590 2373 3
4590 1894 8
4591 2206 3
4591 3821 1
4591 60 1
4592 180 9
4592 3603 5
4592 2699 3
4592 1364 7
4593 2652 3
4593 3312 1
4593 161 6
4593 1645 3
4593 2876 6
4594 4167 2
4594 4118 10
4594 906 1
4595 2635 10
4596 2859 9
4596 4112 7
4597 3422 5
4597 1661 2
4597 3058 4
4597 2706 6
4598 2827 9
4599 647 1
4600 3509 3
4600 2299 4
4600 4356 9
4600 140 5
4601 2755 1
4601 1826 6
4601 2034 4
4602 4579 6
4602 3411 8
4602 43 5
4602 2763 5
4603 1320 8
4603 2345 7
4603 2078 7
4604 356 6
4604 1641 1
4605 4141 6
4605 1163 3
4606 3016 6
4606 2348 7
4606 2484 5
4606 4283 9
4606 2562 3
4607 1296 2
4607 2554 4
4608 1932 3
4609 2588 6
4609 2838 7
4610 2025 4
4610 3093 5
4611 627 9
4612 4229 2
4613 457 9
4614 296 8
4615 1543 10
4615 3231 7
4615 667 10
4615 3458 9
4616 4730 10
4617 4212 6
4617 15 3
4618 2921 5
4618 4052 10
4618 1917 1
4619 2057 4
4619 4131 8
4619 2280 10
4620 4730 6
4620 4072 10
4620 2014 2
4620 544 6
4621 462 3
4621 188 1
4621 837 5
4622 2707 5
4622 3473 3
4622 367 4
4622 1803 1
4623 729 1
4623 1033 3
4623 2597 6
4624 120 10
4625 1894 7
4625 2667 5
4626 4739 7
4627 3176 5
4627 4311 8
4627 2664 2
4627 4808 8
4627 3342 3
4628 1925 6
4629 3655 9
4629 4791 2
4629 844 10
4630 3994 10
4630 3834 1
4630 2804 3
4631 4477 3
4631 1438 9
4631 1463 9
4631 1012 9
4632 2540 6
4632 4702 10
4632 1478 3
4632 3794 3
4633 4037 4
4633 4823 8
4633 2827 7
4634 2381 6
4634 4274 4
4634 2894 5
4634 3145 1
4634 4153 2
4635 3303 8
4635 11 9
4635 2560 10
4635 3850 10
4635 2553 6
4636 4274 4
4636 712 7
4636 2288 3
4637 3079 7
4637 3243 7
4638 4010 3
4638 3259 8
4638 1515 9
4638 2146 10
4639 2097 2
4639 573 6
4639 1982 3
4640 2721 5
4640 3898 8
4641 2680 7
4641 173 9
4641 1110 8
4641 4384 5
4641 1603 10
4642 1880 2
4643 1289 5
4643 801 5
4644 3785 2
4645 4993 1
4645 3941 10
4645 1059 2
4645 2611 6
4646 4944 9
4646 2836 4
4646 1255 6
4646 2729 5
4647 23 1
4647 3762 4
4648 1975 1
4649 4769 3
4649 2310 9
4650 2703 4
4651 4678 6
4651 877 7
4651 1369 9
4651 1166 6
4651 3358 2
4652 483 3
4652 4155 6
4652 833 7
4653 3515 4
4653 457 6
4653 2662 2
4653 366 2
4654 1616 2
4654 2205 1
4654 2902 1
4654 398 8
4654 264 2
4655 4308 9
4655 1681 2
4655 2836 10
4655 2135 7
4656 661 5
4656 1560 9
4656 3396 3
4656 877 7
4656 742 7
4657 2482 3
4657 1533 10
4658 2040 10
4658 1549 4
4658 2635 10
4658 4193 10
4658 3878 10
4659 4128 7
4660 1244 10
4660 4688 1
4660 4294 7
4661 896 5
4661 102 5
4662 3194 6
4662 2924 1
4662 4049 9
4662 1894 10
4663 4774 8
4663 170 10
4664 1679 8
4665 704 10
4665 2699 2
4665 1451 3
4665 4802 8
4666 3851 3
4666 4911 4
4666 790 9
4666 4241 7
4666 1108 9
4667 318 9
4667 4095 5
4668 2309 4
4668 2995 7
4668 4807 9
4668 4702 7
4668 4615 3
4669 116 6
4669 507 9
4669 3390 4
4669 2712 10
4669 925 3
4670 2390 2
4671 541 4
4671 4056 2
4671 1636 4
4672 1353 7
4672 958 2
4672 3114 3
4673 4987 10
4674 2006 4
4675 278 5
4675 170 1
4675 3473 10
4675 3390 4
4675 4312 4
4676 948 7
4677 3773 7
4677 3560 5
4678 3949 9
4678 1984 3
4678 3475 7
4678 4064 3
4679 3639 6
4679 2525 1
4679 2310 9
4680 4467 2
4680 3386 10
4680 851 3
4681 3343 3
4681 1499 1
4681 4402 5
4682 1678 9
4682 2176 3
4683 3769 7
4684 3134 9
4684 855 4
4684 3456 5
4684 1618 5
4684 4905 2
4685 2257 4
4685 3663 6
4686 1719 5
4686 4040 7
4686 4012 7
4687 3009 10
4687 566 9
4687 1685 8
4688 4306 8
4688 3752 4
4688 160 2
4689 1009 9
4689 1951 2
4689 4528 6
4690 1765 10
4691 4260 5
4691 1637 3
4691 3619 2
4691 4869 8
4692 2157 1
4693 331 5
4693 4785 2
4693 3742 4
4693 4774 3
4693 3056 4
4694 2638 10
4694 1773 9
4694 2472 9
4695 3917 3
4695 1032 1
4696 4330 7
4696 2172 5
4696 4313 8
4697 4371 6
4697 2486 4
4697 3669 3
4698 2062 1
4698 77 8
4699 2220 1
4699 4184 6
4699 1222 10
4700 1744 7
4700 1674 4
4700 4525 3
4700 4658 7
4700 2137 9
4701 1337 2
4702 1730 8
4702 1932 2
4702 2315 9
4703 641 9
4703 3461 2
4703 2457 7
4703 4480 4
4704 4328 4
4704 247 4
4704 2140 6
4705 1646 10
4705 3610 5
4706 4733 4
4707 31 8
4707 4699 3
4707 3701 9
4708 4598 10
4708 91 10
4708 3001 2
4708 4520 2
4708 994 10
4709 1214 6
4709 3992 8
4710 3966 1
4710 3443 8
4711 4876 4
4711 3865 8
4711 3454 2
4712 4302 9
4712 2541 3
4712 1960 9
4713 2933 1
4713 3749 7
4714 75 4
4714 352 8
4714 4887 3
4714 4475 2
4715 3231 4
4715 3938 4
4715 3099 3
4715 3802 5
4715 3374 9
4716 4379 2
4716 477 7
4716 1918 9
4717 3644 5
4717 270 10
4717 3508 1
4717 845 9
4717 1746 3
4718 3380 2
4718 848 4
4718 4816 8
4718 3592 5
4719 1222 6
4719 3205 4
4719 1974 3
4719 1194 6
4719 949 9
4720 3505 3
4720 4635 8
4720 4024 2
4721 416 3
4721 273 8
4722 2062 3
4722 1228 1
4722 4180 4
4722 4876 6
4722 4530 6
4723 2281 10
4724 2902 2
4724 4390 5
4724 4629 9
4725 2003 10
4725 4088 2
4725 2219 8
4725 151 2
4725 2588 7
4726 4545 6
4727 3081 4
4727 3963 7
4728 4661 1
4729 3276 2
4729 1912 8
4730 3251 8
4730 1438 2
4730 1445 5
4730 341 10
4730 4265 2
4731 4843 7
4731 3418 10
4731 2877 1
4731 4032 7
4732 2786 10
4732 4169 5
4732 644 9
4733 236 9
4733 2845 4
4733 3441 9
4733 4719 4
4734 372 8
4734 4169 10
4734 2083 3
4734 511 6
4734 1211 10
4735 2869 9
4735 1000 10
4736 1423 10
4737 78 8
4737 775 9
4737 3306 2
4737 291 7
4737 3002 10
4738 2714 7
4738 1904 9
4739 1620 3
4739 1511 1
4740 1777 6
4740 1403 2
4740 4497 5
4741 4987 10
4741 4029 6
4741 2134 4
4741 3039 2
4742 4102 1
4742 206 6
4743 2479 2
4743 4429 5
4744 764 1
4745 1718 10
4745 2252 9
4745 4561 10
4746 3211 6
4747 4749 3
4747 558 1
4748 362 8
4749 3662 1
4749 3683 9
4750 3607 7
4750 1135 4
4750 2179 7
4751 4146 4
4752 4912 6
4752 3913 8
4752 4124 9
4752 2005 6
4752 877 9
4753 3122 7
4753 3672 2
4753 1402 4
4754 4795 5
4754 2654 7
4754 339 1
4754 262 7
4755 498 9
4756 538 7
4756 2042 3
4756 3204 4
4756 3138 1
4757 3642 8
4757 4502 1
4757 3995 1
4757 3362 9
4757 4106 2
4758 2022 5
4758 2340 2
4759 1862 7
4759 3538 2
4759 2097 10
4760 1864 8
4760 4670 2
4760 4052 1
4760 2038 4
4761 3374 10
4761 2937 1
4761 1587 1
4761 201 1
4761 4348 10
4762 1777 5
4762 1802 3
4762 2327 3
4763 906 3
4763 4329 1
4763 620 1
4764 2504 10
4764 1033 10
4764 4224 8
4765 2968 8
4765 2465 7
4766 4852 9
4766 1932 1
4766 4600 6
4766 303 9
4766 732 2
4767 4855 1
4767 1899 8
4768 2255 4
4769 3643 2
4769 1061 6
4769 4270 4
4769 1150 10
4770 1922 7
4770 3733 7
4770 1896 2
4771 1677 9
4772 555 7
4772 3486 6
4772 3813 7
4772 3453 6
4772 3849 10
4773 3675 8
4773 3042 4
4773 738 7
4774 764 8
4775 1788 9
4775 2482 9
4775 1588 2
4776 4746 5
4776 4435 7
4777 1491 5
4778 4947 6
4778 593 5
4778 4365 9
4778 4142 4
4779 4662 9
4779 1632 4
4779 3942 6
4779 2885 5
4780 3161 7
4780 4833 2
4780 4953 4
4781 2696 1
4781 3596 6
4782 3300 4
4783 1884 2
4783 2349 6
4783 4385 1
4783 1687 1
4784 3855 2
4785 1380 10
4785 3339 2
4785 3742 7
4785 4596 7
4785 4429 4
4786 3400 5
4786 2545 9
4787 2120 3
4787 3928 10
4788 2894 3
4788 4194 4
4788 4701 7
4789 497 9
4789 3971 5
4789 4580 9
4790 3058 2
4790 3128 2
4790 2719 8
4790 1531 7
4790 1242 5
4791 4418 2
4791 433 1
4791 1705 7
4791 1297 1
4792 4727 7
4792 4931 1
4792 1142 5
4793 3025 9
4793 1440 7
4793 4277 7
4794 1111 3
4794 3470 1
4794 976 7
4794 1586 4
4794 2017 2
4795 3230 1
4795 2281 2
4795 1146 10
4796 4298 8
4796 848 9
4796 423 10
4797 2772 6
4798 230 3
4798 2562 8
4799 2887 3
4799 1925 9
4799 4101 6
4799 3027 8
4800 764 1
4800 3517 7
4800 3994 10
4801 4606 2
4801 2013 1
4801 2894 2
4801 765 3
4801 137 7
4802 2486 3
4802 3131 1
4802 395 1
4802 2049 4
4803 2968 8
4803 1340 4
4804 1525 3
4804 1637 9
4804 4344 4
4804 3413 6
4805 1278 3
4805 1344 8
4806 2310 2
4806 269 9
4807 1224 10
4807 3447 8
4807 4155 8
4807 2832 8
4807 3217 8
4808 2505 6
4808 3359 7
4808 1075 9
4808 3041 1
4808 2254 3
4809 2329 7
4810 2134 4
4810 2988 1
4810 3405 5
4810 4391 2
4810 836 3
4811 3787 2
4812 3955 10
4813 326 8
4813 382 7
4814 4283 2
4815 4721 3
4815 2713 6
4815 2439 1
4815 4636 7
4815 619 1
4816 3978 1
4816 1730 8
4817 204 7
4818 1624 4
4818 3877 2
4818 4714 1
4818 1803 2
4818 2382 4
4819 2049 1
4819 1690 3
4819 712 2
4820 1187 6
4820 4993 4
4820 296 5
4820 4512 4
4820 1687 2
4821 2393 7
4821 882 5
4821 4774 2
4822 4874 3
4823 2914 2
4823 4914 10
4824 2293 8
4824 4819 5
4824 1542 4
4824 2373 9
4825 1323 9
4825 103 5
4825 699 5
4826 1261 9
4827 2043 7
4827 881 7
4827 2671 7
4827 2885 8
4828 3526 8
4828 2592 6
4828 256 6
4829 2485 7
4829 2473 9
4829 1578 9
4830 1996 4
4830 3752 7
4830 630 2
4831 2563 4
4831 1974 3
4831 4452 1
4831 4155 3
4832 1376 1
4832 833 5
4832 1684 9
4832 3369 2
4833 4904 2
4833 6 4
4833 4151 6
4833 2440 8
4833 3563 10
4834 1241 6
4834 4448 9
4834 4265 4
4835 637 9
4835 2592 3
4836 3052 8
4836 4812 6
4837 2471 4
4837 3619 9
4837 1353 5
4838 934 6
4838 4615 1
4839 2645 10
4840 1853 6
4840 3052 2
4841 2949 2
4841 2894 4
4841 4871 9
4841 3473 4
4841 326 10
4842 3714 4
4842 1445 10
4843 1470 2
4844 2348 8
4844 2049 4
4845 1746 4
4846 4579 4
4846 2162 7
4847 4914 6
4847 2514 10
4847 2947 8
4848 1491 3
4848 262 4
4848 4293 7
4848 4863 10
4848 1947 10
4849 309 9
4849 3701 4
4849 543 6
4850 1370 9
4850 426 4
4851 893 4
4851 4236 6
4851 3418 7
4851 4612 9
4851 968 7
4852 3589 1
4852 1276 1
4852 4664 2
4853 363 10
4854 2953 4
4854 1351 6
4854 3977 5
4855 4173 9
4855 2935 4
4855 374 6
4855 366 4
4856 2872 9
4856 4514 2
4857 3651 5
4857 1012 3
4858 3575 3
4858 3099 7
4858 4104 9
4859 2257 2
4860 3900 4
4860 1458 3
4861 4019 6
4861 3283 4
4861 790 5
4861 1477 4
4862 3769 7
4862 2615 4
4862 3959 1
4862 2850 9
4863 475 8
4863 1623 4
4863 651 2
4863 2618 7
4863 2685 4
4864 949 4
4864 2728 1
4864 583 9
4864 2046 4
4864 1337 7
4865 177 6
4866 2719 7
4866 3343 6
4867 3049 8
4867 160 9
4867 515 10
4867 4619 5
4868 3169 10
4868 792 10
4868 2950 1
4868 3437 9
4868 3752 8
4869 3904 4
4869 4010 3
4870 2440 5
4870 243 10
4871 1789 6
4871 864 6
4871 1267 4
4872 4039 10
4872 3538 8
4873 3569 10
4874 2809 4
4874 1908 2
4875 1632 7
4875 2 1
4875 4021 2
4875 2594 3
4876 2730 7
4876 572 6
4876 2505 4
4876 1704 5
4876 2674 8
4877 3798 3
4878 3536 2
4878 370 3
4878 3152 3
4879 742 10
4879 1481 2
4879 2236 2
4879 86 7
4880 421 9
4880 4845 7
4881 982 3
4882 3276 10
4882 2615 1
4883 2373 10
4883 358 8
4883 477 5
4883 746 8
4883 236 6
4884 1638 1
4884 4302 2
4884 3714 7
4884 4547 5
4885 461 9
4885 3493 1
4886 1867 7
4886 4270 2
4886 2459 6
4886 2977 5
4886 1062 7
4887 2882 1
4887 2206 4
4887 3386 2
4888 3631 4
4888 2731 10
4888 1373 7
4888 970 9
4888 4401 10
4889 614 1
4889 4943 3
4889 3374 7
4889 3600 10
4890 2721 3
4890 2037 9
4891 4144 3
4891 1237 8
4892 2966 6
4893 2010 4
4893 3318 10
4893 3425 9
4894 1552 6
4895 692 2
4895 4665 5
4895 2926 10
4895 4971 7
4896 1894 3
4896 543 4
4896 2460 2
4897 4281 10
4897 3357 6
4897 1717 10
4898 3629 3
4898 3290 3
4898 4225 3
4899 1862 8
4899 1178 8
4899 998 6
4899 4578 1
4900 567 1
4900 4241 10
4900 164 7
4901 2631 2
4901 154 8
4901 4403 3
4902 2768 4
4902 3134 8
4902 1432 6
4903 3774 4
4904 4157 2
4905 975 10
4905 4086 2
4905 3294 7
4905 1140 10
4906 2517 10
4907 943 3
4907 775 7
4907 3432 4
4907 3985 9
4907 347 3
4908 190 3
4908 2894 4
4908 4279 7
4908 2093 3
4908 466 6
4909 669 3
4909 448 9
4910 3168 2
4911 372 7
4911 1194 6
4912 2634 2
4912 217 4
4912 3822 6
4913 1876 2
4913 1433 3
4914 3769 5
4914 1491 5
4915 3424 2
4916 4860 1
4916 3025 4
4916 1367 4
4916 3901 3
4916 1266 4
4917 2297 7
4917 2000 6
4917 463 5
4918 4469 10
4918 3566 1
4918 423 6
4918 803 5
4919 783 5
4919 4235 8
4920 942 1
4921 3086 7
4921 3669 5
4921 4803 7
4921 4774 7
4921 3136 8
4922 3850 1
4922 2061 4
4923 4512 7
4923 4406 4
4923 3043 5
4923 3313 1
4923 1666 6
4924 320 9
4925 803 7
4925 2998 4
4925 4535 1
4926 1181 1
4926 4954 3
4927 255 7
4927 3346 1
4927 213 3
4927 1649 9
4927 3325 8
4928 4472 6
4929 918 9
4930 558 3
4930 1789 4
4930 4141 7
4931 1201 9
4931 4692 8
4931 225 1
4931 3004 4
4931 938 5
4932 359 6
4933 2033 7
4933 3488 9
4933 375 1
4933 3450 6
4934 3252 10
4934 3386 6
4935 530 3
4935 2496 5
4935 1746 7
4935 2340 5
4936 1310 2
4936 3925 10
4936 717 1
4937 3103 3
4937 3839 1
4937 3093 2
4937 2768 9
4937 2916 4
4938 4317 10
4938 2390 2
4939 1241 1
4939 1704 4
4939 4025 6
4940 2061 5
4940 2448 3
4940 4433 4
4941 864 6
4941 3076 1
4941 4936 2
4941 968 10
4941 566 2
4942 1526 5
4942 2227 9
4942 234 2
4943 4979 7
4943 3423 5
4943 2442 4
4944 2689 3
4944 926 9
4944 3657 5
4944 4751 9
4944 2709 6
4945 4420 10
4945 2146 1
4946 2088 2
4947 1618 7
4947 1330 5
4947 4141 1
4947 99 6
4947 1929 9
4948 1840 10
4949 3796 7
4949 4583 3
4950 4688 4
4950 58 1
4950 4469 3
4950 2097 4
4950 1918 8
4951 769 8
4951 1237 10
4951 1830 5
4951 711 10
4952 3821 1
4952 3144 4
4952 1848 6
4953 1642 1
4953 4320 9
4954 2201 3
4954 2378 10
4954 2105 2
4954 173 7
4954 3651 9
4955 3691 1
4955 3991 9
4955 1231 1
4956 855 8
4956 3115 2
4956 4709 2
4957 1765 5
4958 1057 3
4959 3114 6
4959 4377 3
4959 4621 10
4959 3823 9
4959 4921 6
4960 1904 7
4961 3358 5
4961 4551 10
4961 29 9
4962 2837 5
4963 3066 6
4963 923 5
4963 342 6
4963 4293 2
4964 2467 8
4964 2328 5
4964 2633 6
4964 2352 4
4964 1243 4
4965 3476 4
4965 3584 9
4966 2915 6
4966 2412 1
4966 3553 7
4966 4230 7
4966 4121 3
4967 4180 2
4967 3822 8
4967 2856 7
4967 4921 4
4967 2000 10
4968 1087 5
4968 2505 5
4969 3347 5
4969 4209 10
4969 1320 4
4970 2998 9
4970 4857 7
4971 4124 10
4971 4343 6
4971 4134 1
4971 2378 3
4971 3509 7
4972 701 7
4972 996 5
4973 1953 6
4973 2611 7
4974 79 9
4975 4475 5
4975 1274 7
4975 2967 8
4976 4793 6
4976 3386 9
4976 3217 5
4977 2843 6
4977 803 3
4977 1475 2
4978 3421 9
4978 4791 4
4979 4392 4
4980 2843 6
4980 1848 3
4981 1798 9
4981 1719 6
4981 1960 3
4982 4640 3
4983 793 8
4984 555 6
4984 637 2
4984 584 4
4985 1733 9
4985 3276 1
4985 3055 8
4985 2264 6
4986 1067 3
4986 3136 6
4987 777 1
4987 2050 9
4987 1218 9
4987 1267 1
4988 4339 6
4988 23 2
4988 264 7
4988 1609 6
4988 4324 10
4989 991 10
4989 2339 2
4989 4714 3
4990 1623 2
4990 4027 8
4990 978 5
4990 1157 8
4990 4894 7
4991 4826 10
4991 3927 4
4991 386 2
4991 2212 2
4991 3352 4
4992 4206 8
4993 1630 2
4993 3216 9
4993 942 9
4994 3673 8
4994 2617 5
4995 975 9
4995 351 8
4995 1841 5
4995 1296 7
4996 1452 9
4996 4892 9
4997 1734 3
4997 3840 4
4997 2495 3
4998 2063 2
4998 3713 2
4998 284 4
4998 3186 10
4998 3144 10
4999 3027 9
4999 4905 2
4999 1351 4
5000 2765 2
5000 1367 2
