5000 0 0 1
861 3422 7
3422 1533 20
1533 1688 6
1688 4054 5
4054 3956 20
3956 3252 19
3252 4065 18
4065 2655 15
2655 1718 13
1718 1265 8
1265 204 20
204 2827 16
2827 4072 15
4072 3775 10
3775 2610 8
2610 3079 16
3079 3900 7
3900 1559 17
1559 43 8
43 4198 2
4198 1116 20
1116 1666 14
1666 786 12
786 3546 15
3546 915 11
915 4460 15
4460 2077 15
2077 3781 8
3781 3188 17
3188 4640 9
4640 2118 7
2118 3791 1
3791 2166 8
2166 3139 18
3139 3503 8
3503 3992 4
3992 3650 20
3650 2603 20
2603 4878 5
4878 4508 2
4508 178 14
178 1964 15
1964 4600 9
4600 2356 16
2356 4066 15
4066 1824 15
1824 2454 2
2454 51 16
51 1049 4
1049 4499 15
4499 3793 2
3793 4322 10
4322 559 2
559 3799 8
3799 4398 13
4398 2458 6
2458 4406 4
4406 407 14
407 4552 2
4552 269 15
269 1634 5
1634 4574 19
4574 1937 8
1937 1440 16
1440 3095 3
3095 4966 19
4966 4470 1
4470 2668 1
2668 4731 14
4731 1346 18
1346 2855 16
2855 364 6
364 1238 1
1238 1371 9
1371 3842 2
3842 580 12
580 367 6
367 1708 7
1708 2618 3
2618 3399 18
3399 900 16
900 927 17
927 1167 12
1167 3499 5
3499 4902 8
4902 3191 16
3191 2745 11
2745 1263 8
1263 3790 10
3790 3845 2
3845 254 11
254 1082 16
1082 3146 4
3146 3841 3
3841 3903 1
3903 2056 15
2056 1536 19
1536 4328 10
4328 3629 8
3629 242 10
242 470 5
470 3277 12
3277 2451 15
2451 4088 8
4088 4608 15
4608 806 8
806 3279 6
3279 3505 14
3505 665 9
665 4418 14
4418 103 18
103 294 10
294 2185 18
2185 1522 19
1522 2601 13
2601 933 5
933 1972 1
1972 2147 14
2147 2611 16
2611 1705 17
1705 594 4
594 3746 15
3746 1963 7
1963 1619 10
1619 741 13
741 767 5
767 114 1
114 2197 8
2197 4753 6
4753 3574 7
3574 1481 10
1481 476 20
476 135 3
135 1530 19
1530 1126 15
1126 4881 6
4881 1537 13
1537 558 9
558 3887 9
3887 1488 18
1488 3658 8
3658 160 15
160 3882 8
3882 1715 1
1715 2983 4
2983 2471 17
2471 2817 14
2817 677 9
677 3370 7
3370 4346 3
4346 1908 7
1908 1230 9
1230 2494 16
2494 301 11
301 328 5
328 3128 5
3128 3311 15
3311 1074 2
1074 1151 6
1151 2421 5
2421 235 8
235 3667 13
3667 359 19
359 450 6
450 4197 19
4197 2430 7
2430 3733 1
3733 2353 2
2353 998 10
998 4787 4
4787 2388 3
2388 1177 7
1177 3620 17
3620 3021 13
3021 3285 5
3285 2105 7
2105 4747 17
4747 451 19
451 335 1
335 2323 10
2323 1734 9
1734 1997 3
1997 1121 19
1121 278 16
278 4128 14
4128 4643 5
4643 1576 8
1576 1271 4
1271 2625 11
2625 3926 19
3926 4230 18
4230 1841 10
1841 2866 1
2866 4263 3
4263 2211 1
2211 1896 11
1896 3969 17
3969 1727 10
1727 1153 6
1153 4597 1
4597 1382 18
1382 652 10
652 4582 18
4582 2074 12
2074 307 12
307 351 20
351 93 14
93 3287 10
3287 3251 14
3251 4284 12
4284 1921 11
1921 2740 16
2740 3229 10
3229 1853 17
1853 712 3
712 3268 14
3268 2334 8
2334 259 15
259 1417 3
1417 436 20
436 1060 11
1060 4785 16
4785 1479 11
1479 1255 19
1255 2347 11
2347 4645 7
4645 448 10
448 2474 4
2474 2168 8
2168 489 20
489 3302 18
3302 2081 16
2081 3220 20
3220 4384 16
4384 1828 19
1828 2164 8
2164 1657 10
1657 524 11
524 4676 4
4676 1593 6
1593 3758 13
3758 835 4
835 65 7
65 4041 2
4041 3025 8
3025 3829 20
3829 3462 8
3462 3734 16
3734 4234 20
4234 2321 2
2321 1018 14
1018 3425 5
3425 4761 6
4761 3276 9
3276 639 5
639 3160 11
3160 2506 5
2506 4794 1
4794 4767 4
4767 3847 16
3847 1073 16
1073 3651 19
3651 2362 7
2362 2797 2
2797 4433 15
4433 724 13
724 2182 11
2182 343 4
343 686 9
686 4509 2
4509 682 17
682 3915 4
3915 1524 15
1524 2193 15
2193 1713 6
1713 2847 4
2847 3544 9
3544 2947 13
2947 1604 7
1604 649 12
649 630 2
630 1292 1
1292 1581 9
1581 4951 2
4951 2329 9
2329 3666 4
3666 2836 1
2836 2885 19
2885 4515 6
4515 4312 9
4312 3824 4
3824 3348 15
3348 1457 14
1457 702 5
702 922 17
922 502 7
502 4804 20
4804 2682 10
2682 1290 16
1290 2464 5
2464 4093 13
4093 4782 4
4782 1047 16
1047 3670 11
3670 150 4
150 2497 18
2497 4652 12
4652 140 8
140 2279 16
2279 2807 14
2807 2828 4
2828 4531 17
4531 116 5
116 3939 19
3939 2913 7
2913 1804 14
1804 4483 15
4483 3653 15
3653 4453 17
4453 1647 2
1647 1934 5
1934 4220 20
4220 2256 5
2256 575 6
575 3072 12
3072 4689 12
4689 1712 7
1712 4602 12
4602 4058 10
4058 3661 2
3661 2035 1
2035 83 16
83 4187 1
4187 1618 12
1618 192 12
192 3143 10
3143 1993 12
1993 911 13
911 2789 14
2789 3068 18
3068 3716 10
3716 3771 11
3771 3736 19
3736 320 17
320 2680 13
2680 3852 11
3852 3245 14
3245 2938 6
2938 4082 9
4082 3446 18
3446 4078 1
4078 1358 17
1358 4489 2
4489 4627 15
4627 3257 9
3257 1391 4
1391 1117 20
1117 4690 3
4690 4571 14
4571 2292 6
2292 750 10
750 2533 18
2533 361 16
361 2512 3
2512 2386 19
2386 4335 9
4335 4589 18
4589 4286 5
4286 247 20
247 3114 11
3114 290 9
290 99 4
99 3132 7
3132 1336 20
1336 113 11
113 4191 4
4191 3844 11
3844 919 2
919 635 14
635 2895 12
2895 4619 4
4619 3452 4
3452 2615 2
2615 3086 20
3086 4494 6
4494 429 3
429 674 17
674 1956 13
1956 22 1
22 4925 13
4925 3579 4
3579 4479 1
4479 566 6
566 262 10
262 4825 8
4825 4882 13
4882 4306 14
4306 4912 7
4912 2772 4
2772 4362 5
4362 1210 6
1210 4836 17
4836 875 14
875 2447 6
2447 1476 14
1476 3457 19
3457 1257 3
1257 2264 9
2264 475 5
475 642 1
642 2975 14
2975 1188 16
1188 2647 1
2647 2689 14
2689 1120 16
1120 1925 14
1925 2505 19
2505 2189 5
2189 2846 5
2846 2859 2
2859 1264 10
1264 2016 16
2016 4580 3
4580 4020 20
4020 243 11
243 2646 20
2646 3158 20
3158 326 14
326 1767 14
1767 3310 10
3310 3317 5
3317 3272 9
3272 3752 6
3752 3001 10
3001 3704 6
3704 111 6
111 3009 16
3009 4186 16
4186 4565 7
4565 3340 17
3340 2373 11
2373 2278 2
2278 3394 16
3394 4777 8
4777 2908 18
2908 10 17
10 4012 19
4012 3994 11
3994 1010 13
1010 2539 3
2539 1069 1
1069 3843 1
3843 655 2
655 4138 12
4138 4685 7
4685 1326 3
1326 755 4
755 3442 8
3442 4687 4
4687 3614 1
3614 1568 19
1568 2273 11
2273 3360 14
3360 4167 2
4167 2794 17
2794 2062 4
2062 4817 3
4817 424 11
424 659 5
659 4903 1
4903 2293 20
2293 757 12
757 3741 13
3741 4325 16
4325 337 10
337 2799 8
2799 4177 13
4177 2079 18
2079 1534 14
1534 3803 5
3803 3121 16
3121 1709 7
1709 2486 15
2486 4773 6
4773 1367 3
1367 2940 13
2940 822 16
822 3707 18
3707 340 15
340 3876 3
3876 2395 10
2395 2775 17
2775 4933 14
4933 2801 17
2801 1650 4
1650 4799 3
4799 4654 19
4654 3637 15
3637 2312 17
2312 2612 6
2612 4718 19
4718 3475 15
3475 1387 6
1387 128 17
128 4491 3
4491 4319 15
4319 2119 10
2119 336 10
336 2116 4
2116 70 5
70 1439 18
1439 1540 3
1540 1110 12
1110 4668 3
4668 1744 6
1744 4226 1
4226 3347 17
3347 1293 3
1293 362 2
362 4934 6
4934 2000 14
2000 487 1
487 2715 4
2715 1201 18
1201 3039 16
3039 4956 9
4956 2163 16
2163 1052 2
1052 3292 10
3292 2345 17
2345 158 14
158 305 11
305 2128 11
2128 3584 11
3584 57 5
57 1254 14
1254 761 10
761 3112 14
3112 3148 6
3148 3487 10
3487 3454 17
3454 1954 13
1954 1760 15
1760 2487 6
2487 3511 1
3511 1716 10
1716 4678 6
4678 1926 5
1926 2781 6
2781 1670 5
1670 3537 2
3537 2435 10
2435 2235 12
2235 466 1
466 1343 5
1343 4285 7
4285 2060 19
2060 2440 12
2440 2581 18
2581 1981 16
1981 463 13
463 3368 13
3368 4869 14
4869 4217 1
4217 4788 11
4788 3051 9
3051 170 10
170 3765 18
3765 2780 11
2780 4926 3
4926 3429 3
3429 4743 1
4743 4412 11
4412 1595 18
1595 2477 18
2477 4265 14
4265 2130 3
2130 511 7
511 3756 8
3756 7 2
7 929 14
929 672 9
672 105 7
105 1039 12
1039 4171 1
4171 4725 16
4725 48 15
48 1930 2
1930 1840 3
1840 3974 18
3974 867 2
867 4129 13
4129 3870 11
3870 2073 13
2073 1184 17
1184 3659 6
3659 2305 16
2305 2010 13
2010 844 18
844 414 3
414 4659 17
4659 1145 2
1145 1672 19
1672 413 19
413 4017 3
4017 3697 5
3697 4456 10
4456 1088 3
1088 1031 7
1031 304 2
304 4555 11
4555 1915 6
1915 120 1
120 1156 2
1156 132 16
132 498 9
498 809 19
809 3796 5
3796 4992 16
4992 2248 6
2248 3363 9
3363 763 1
763 1895 16
1895 4227 8
4227 2446 8
2446 1128 10
1128 563 18
563 2283 20
2283 591 9
591 3069 14
3069 2058 17
2058 4228 3
4228 515 12
515 2974 7
2974 3966 15
3966 1041 20
1041 1447 19
1447 4134 14
4134 1215 8
1215 953 14
953 1606 19
1606 3046 1
3046 3116 19
3116 1600 12
1600 4498 7
4498 1775 17
1775 3078 14
3078 1392 11
1392 2592 12
2592 3744 8
3744 121 20
121 1968 19
1968 1250 4
1250 3495 8
3495 3264 20
3264 4548 5
4548 4207 12
4207 3161 11
3161 1834 12
1834 3814 10
3814 2630 6
2630 529 8
529 4647 2
4647 1818 17
1818 3717 7
3717 3602 4
3602 887 16
887 1472 10
1472 1306 1
1306 3117 7
3117 2771 5
2771 4469 8
4469 3428 14
3428 4879 12
4879 3393 14
3393 926 2
926 4435 7
4435 3041 6
3041 28 2
28 860 20
860 4702 1
4702 2437 5
2437 1203 4
1203 4392 12
4392 4405 8
4405 624 19
624 3350 1
3350 2333 7
2333 2932 13
2932 1506 15
1506 3839 14
3839 4243 16
4243 4174 12
4174 4250 12
4250 646 15
646 1761 8
1761 2097 4
2097 4989 8
4989 155 18
155 3853 15
3853 1711 18
1711 3297 8
3297 3634 9
3634 595 10
595 4963 7
4963 112 10
112 1133 12
1133 1294 2
1294 2513 1
2513 1720 9
1720 30 11
30 4982 14
4982 91 10
91 4780 1
4780 2087 7
2087 2893 5
2893 1124 11
1124 2809 9
2809 2299 7
2299 4079 1
4079 3488 14
3488 4211 5
4211 1465 10
1465 4478 2
4478 4031 2
4031 3225 8
3225 3618 17
3618 1353 5
1353 1212 11
1212 2523 16
2523 629 9
629 332 1
332 3483 19
3483 2521 5
2521 4962 17
4962 4996 11
4996 4819 5
4819 4562 20
4562 2739 20
2739 4693 20
4693 4244 16
4244 706 15
706 4844 11
4844 994 6
994 493 2
493 4573 12
4573 183 2
183 1975 8
1975 4485 14
4485 4188 14
4188 3778 3
3778 4712 17
4712 4955 2
4955 1860 5
1860 4161 15
4161 4612 13
4612 3685 18
3685 2822 3
2822 2889 14
2889 3910 11
3910 4073 5
4073 2307 19
2307 3354 17
3354 370 20
370 2577 3
2577 3955 15
3955 3226 2
3226 4710 16
4710 3321 17
3321 3518 14
3518 2624 17
2624 2736 5
2736 167 6
167 1223 16
1223 4043 2
4043 1072 9
1072 4413 16
4413 4607 3
4607 2049 8
2049 798 11
798 1694 9
1694 2468 16
2468 2199 6
2199 4380 2
4380 2215 8
2215 2628 6
2628 1959 6
1959 4449 12
4449 678 14
678 2301 3
2301 291 5
291 4240 6
4240 878 15
878 4724 16
4724 2575 13
2575 2252 20
2252 2140 12
2140 3522 15
3522 1058 2
1058 4727 7
4727 4105 4
4105 4854 6
4854 839 10
839 621 15
621 3750 13
3750 3638 7
3638 948 2
948 2911 18
2911 2028 6
2028 2178 18
2178 3135 2
3135 4792 15
4792 2255 7
2255 1892 15
1892 1502 1
1502 3531 17
3531 4618 1
4618 44 17
44 4356 17
4356 925 1
925 1171 12
1171 1889 9
1889 1221 6
1221 1449 3
1449 240 6
240 1399 3
1399 3322 3
3322 3450 9
3450 85 11
85 1258 16
1258 2716 11
2716 949 7
949 841 4
841 1414 11
1414 1499 12
1499 4164 20
4164 633 14
633 185 20
185 4156 10
4156 1011 19
1011 908 6
908 1438 1
1438 695 7
695 3426 19
3426 2448 11
2448 1792 4
1792 2337 11
2337 4462 8
4462 840 19
840 4052 7
4052 2522 12
2522 909 12
909 469 12
469 3213 3
3213 930 13
930 614 3
614 3042 12
3042 4606 16
4606 1061 9
1061 3141 16
3141 1648 8
1648 2425 8
2425 2418 7
2418 2559 11
2559 4235 4
4235 1495 17
1495 4441 20
4441 1856 8
1856 1947 13
1947 1570 6
1570 3298 18
3298 826 5
826 600 1
600 640 16
640 3869 9
3869 3932 3
3932 231 4
231 1793 9
1793 3299 6
3299 2344 7
2344 4001 2
4001 2750 11
2750 914 4
914 3672 17
3672 2700 10
2700 4149 4
4149 746 18
746 756 11
756 1890 6
1890 522 6
522 2919 4
2919 3406 20
3406 1569 2
1569 217 16
217 2891 4
2891 4686 7
4686 68 3
68 1751 2
1751 4642 20
4642 3721 15
3721 2604 16
2604 899 6
899 1000 15
1000 3159 18
3159 1361 18
1361 4974 4
4974 1951 9
1951 4601 14
4601 4581 16
4581 4484 5
4484 447 1
447 1186 13
1186 189 10
189 1752 4
1752 2350 12
2350 1654 19
1654 1437 12
1437 3040 20
3040 820 8
820 1050 2
1050 882 7
882 2707 12
2707 3640 3
3640 4961 8
4961 3494 11
3494 4110 12
4110 1097 4
1097 2150 13
2150 2254 17
2254 119 9
119 4371 12
4371 917 10
917 1005 2
1005 398 14
398 1286 3
1286 4447 13
4447 130 3
130 656 18
656 3739 18
3739 4253 12
4253 3440 15
3440 3002 15
3002 2158 10
2158 738 20
738 3410 3
3410 873 10
873 2146 16
2146 397 4
397 838 7
838 3677 13
3677 690 17
690 1520 19
1520 711 6
711 1475 6
1475 3263 11
3263 4728 2
4728 410 13
410 596 8
596 3565 2
3565 1659 10
1659 3760 2
3760 4248 6
4248 2997 13
2997 1599 18
1599 1961 9
1961 3179 17
3179 179 13
179 4899 4
4899 4826 10
4826 2948 1
2948 3772 19
3772 4993 14
4993 61 8
61 4401 5
4401 3830 5
3830 2878 13
2878 2939 10
2939 1777 18
1777 3043 11
3043 743 15
743 1924 4
1924 3404 3
3404 3708 14
3708 577 4
577 1195 14
1195 4467 10
4467 3963 12
3963 537 4
537 3890 3
3890 2525 13
2525 411 7
411 2910 3
2910 588 12
588 62 20
62 1681 14
1681 4310 6
4310 2263 13
2263 4502 14
4502 1632 1
1632 3052 10
3052 2929 6
2929 1674 10
1674 573 8
573 430 13
430 3327 9
3327 3622 12
3622 4809 5
4809 968 19
968 2553 4
2553 3985 15
3985 4732 2
4732 4176 15
4176 1348 12
1348 2090 7
2090 893 2
893 4179 9
4179 102 4
102 1025 1
1025 2172 19
2172 2490 2
2490 4554 13
4554 403 17
403 2173 9
2173 3938 12
3938 679 13
679 3085 13
3085 2946 3
2946 3989 4
3989 1739 14
1739 3612 9
3612 4537 19
4537 2022 12
2022 609 5
609 3255 10
3255 567 18
567 292 16
292 252 10
252 1033 6
1033 1393 4
1393 2086 15
2086 4115 11
4115 4496 8
4496 1266 16
1266 2 20
2 55 7
55 2511 4
2511 4439 13
4439 1412 7
1412 72 7
72 641 9
641 2988 20
2988 3862 2
3862 3767 18
3767 4610 7
4610 4282 6
4282 1277 19
1277 2188 13
2188 11 12
11 1405 3
1405 902 3
902 1053 6
1053 3089 7
3089 2257 2
2257 2565 4
2565 2297 5
2297 2324 18
2324 2731 20
2731 2277 7
2277 3735 11
3735 1846 7
1846 2092 20
2092 1057 13
1057 3718 9
3718 283 3
283 4009 5
4009 3779 3
3779 372 2
372 4480 20
4480 4127 4
4127 2402 3
2402 4255 1
4255 1743 13
1743 2840 17
2840 1372 8
1372 2405 17
2405 3851 9
3851 4431 14
4431 317 19
317 227 14
227 3668 19
3668 4331 18
4331 1020 2
1020 4316 13
4316 144 3
144 1904 4
1904 4805 7
4805 4679 3
4679 4122 15
4122 4791 18
4791 1019 12
1019 957 12
957 1345 12
1345 3682 12
3682 76 4
76 4885 17
4885 2318 4
2318 73 20
73 2186 16
2186 626 11
626 800 8
800 1298 12
1298 3884 14
3884 2433 7
2433 1397 12
1397 4069 7
4069 2095 17
2095 3217 14
3217 2110 12
2110 4674 13
4674 4523 6
4523 4948 17
4948 4059 6
4059 3101 15
3101 385 9
385 4257 3
4257 3696 4
3696 4561 8
4561 3060 6
3060 1193 19
1193 778 16
778 3014 20
3014 4639 15
4639 996 11
996 3937 13
3937 1310 5
1310 2177 15
2177 3300 15
3300 2317 15
2317 2989 9
2989 2159 18
2159 437 2
437 289 11
289 3827 9
3827 2240 6
2240 1085 5
1085 4425 9
4425 3435 9
3435 979 8
979 3333 1
3333 4783 15
4783 890 7
890 2041 9
2041 4419 9
4419 2676 2
2676 4084 2
4084 2225 20
2225 4756 9
4756 3923 8
3923 3623 12
3623 3123 12
3123 1173 7
1173 338 1
338 4064 1
4064 2108 7
2108 319 9
319 244 17
244 1917 3
1917 2935 2
2935 2617 9
2617 3535 3
3535 4232 2
4232 4946 15
4946 1781 8
1781 1122 6
1122 1383 16
1383 2495 3
2495 3084 15
3084 1146 16
1146 1768 12
1768 2632 12
2632 9 19
9 1525 12
1525 464 2
464 2698 17
2698 4254 18
4254 3386 7
3386 613 16
613 1673 19
1673 1311 4
1311 497 15
497 1757 6
1757 1675 3
1675 2691 4
2691 296 6
296 3319 6
3319 1817 8
1817 2737 19
2737 3125 4
3125 1252 18
1252 4859 15
4859 492 13
492 1803 2
1803 3466 3
3466 638 16
638 4520 3
4520 4314 5
4314 2849 7
2849 2607 18
2607 382 4
382 1007 4
1007 3856 11
3856 2195 1
2195 4988 4
4988 2190 9
2190 1513 8
1513 3539 12
3539 3244 4
3244 1004 9
1004 2488 1
2488 1500 10
1500 423 17
423 4199 15
4199 87 7
87 2941 10
2941 2117 13
2117 3753 13
3753 3234 3
3234 2660 10
2660 2605 14
2605 1016 6
1016 2005 19
2005 2046 17
2046 1519 9
1519 3203 19
3203 541 20
541 4534 17
4534 2671 6
2671 3509 15
3509 199 6
199 4195 9
4195 4409 11
4409 3723 5
3723 1789 12
1789 2701 16
2701 3766 20
3766 956 15
956 4303 15
4303 1137 17
1137 2819 20
2819 3377 14
3377 2760 2
2760 2520 20
2520 2882 6
2882 4998 11
4998 625 19
625 3949 4
3949 3705 16
3705 1737 8
1737 3330 5
3330 2369 6
2369 2431 14
2431 3227 14
3227 1487 17
1487 4301 16
4301 4663 20
4663 277 7
277 2250 8
2250 122 8
122 1560 15
1560 981 3
981 4779 16
4779 3309 13
3309 3250 16
3250 2644 18
2644 725 1
725 360 13
360 2465 3
2465 1174 8
1174 218 11
218 3722 1
3722 4465 14
4465 1208 10
1208 2843 5
2843 3071 9
3071 1836 19
1836 2884 2
2884 1820 14
1820 4424 2
4424 3897 11
3897 2961 1
2961 45 18
45 4877 5
4877 123 20
123 1403 18
1403 2419 15
2419 101 19
101 526 9
526 4719 2
4719 3206 3
3206 1698 15
1698 3538 12
3538 1913 12
1913 442 8
442 21 12
21 4096 16
4096 80 6
80 4768 2
4768 4492 7
4492 1317 4
1317 1866 12
1866 2229 15
2229 427 14
427 3643 13
3643 246 6
246 4224 7
4224 2280 17
2280 4969 2
4969 4457 10
4457 4272 1
4272 4209 14
4209 400 4
400 4930 11
4930 3103 19
3103 3615 20
3615 408 18
408 2640 7
2640 4845 11
4845 4327 10
4327 1758 13
1758 4399 5
4399 381 5
381 1880 3
1880 1347 15
1347 1631 6
1631 2008 10
2008 2912 2
2912 1161 7
1161 2271 18
2271 2678 20
2678 4338 20
4338 4576 9
4576 4847 2
4847 4056 4
4056 3305 12
3305 1486 1
1486 4980 2
4980 2677 18
2677 486 14
486 2050 3
2050 2063 2
2063 2269 4
2269 2217 10
2217 2656 17
2656 270 12
270 3107 18
3107 3930 15
3930 3033 19
3033 1547 7
1547 4684 11
4684 3729 5
3729 2184 6
2184 2930 2
2930 2537 14
2537 2209 20
2209 4995 3
4995 142 8
142 3458 11
3458 4158 18
4158 2773 18
2773 4532 19
4532 1978 6
1978 1515 5
1515 3972 15
3972 191 13
191 4720 19
4720 1312 1
1312 2980 11
2980 754 4
754 4309 1
4309 3913 2
3913 1080 4
1080 848 7
848 4522 14
4522 2080 16
2080 3893 15
3893 3349 17
3349 2378 11
2378 1219 4
1219 1609 4
1609 805 11
805 753 19
753 4189 13
4189 3463 14
3463 3011 15
3011 2777 7
2777 3207 5
3207 3863 20
3863 2524 12
2524 2713 9
2713 4241 13
4241 2397 1
2397 1320 7
1320 264 18
264 4279 7
4279 2554 1
2554 3975 4
3975 3083 2
3083 2355 13
2355 3137 10
3137 2338 9
2338 4036 3
4036 3525 16
3525 2561 3
2561 847 6
847 1096 18
1096 14 14
14 4014 9
4014 1152 7
1152 4901 10
4901 2953 3
2953 974 11
974 4762 2
4762 4019 14
4019 2284 3
2284 1111 4
1111 3588 5
3588 3385 11
3385 973 6
973 4999 9
4999 664 2
664 271 18
271 3606 10
3606 1251 7
1251 195 8
195 4653 9
4653 4884 8
4884 1189 16
1189 4106 8
4106 2135 19
2135 1241 14
1241 314 13
314 1801 4
1801 2883 19
2883 3174 18
3174 2897 5
2897 704 15
704 3401 3
3401 4383 10
4383 676 12
676 2963 12
2963 869 10
869 913 9
913 2551 1
2551 84 5
84 3074 15
3074 1823 16
1823 4656 20
4656 531 13
531 453 5
453 2746 19
2746 2692 19
2692 149 7
149 620 3
620 4022 1
4022 547 15
547 1163 12
1163 4368 1
4368 213 15
213 4763 14
4763 1478 20
1478 4906 8
4906 2417 7
2417 1885 13
1885 765 8
765 4862 18
4862 2886 17
2886 356 12
356 1225 16
1225 599 6
599 3549 16
3549 787 8
787 4323 3
4323 1233 5
1233 2411 8
2411 478 11
478 615 11
615 4165 19
4165 1517 7
1517 4375 12
4375 3431 2
3431 693 2
693 4695 8
4695 1497 3
1497 3701 12
3701 184 2
184 3055 6
3055 3065 7
3065 587 9
587 4991 14
4991 2057 18
2057 616 13
616 696 7
696 3341 17
3341 2124 13
2124 4871 5
4871 215 18
215 2732 15
2732 2702 6
2702 4273 5
4273 1247 15
1247 2621 9
2621 3925 3
3925 568 1
568 309 16
309 4473 18
4473 1597 20
1597 3743 5
3743 4810 20
4810 647 6
647 1003 10
1003 3740 16
3740 2265 13
2265 2572 14
2572 4107 13
4107 2548 9
2548 4422 12
4422 1769 12
1769 877 7
877 3138 9
3138 2012 2
2012 3301 5
3301 4856 10
4856 3152 4
3152 4950 8
4950 1281 2
1281 3833 11
3833 4268 16
4268 1330 7
1330 781 19
781 4516 17
4516 4008 17
4008 2030 13
2030 3154 8
3154 938 19
938 2544 11
2544 3854 7
3854 1427 14
1427 1839 2
1839 3849 6
3849 965 20
965 713 8
713 3169 1
3169 1845 16
1845 3189 5
3189 1991 4
1991 232 2
232 2088 14
2088 2151 3
2151 2160 20
2160 3465 11
3465 643 19
643 2364 6
2364 2998 4
2998 2492 7
2492 3920 15
3920 4967 5
4967 2285 11
2285 1470 2
1470 3177 19
3177 2238 10
2238 2304 3
2304 3448 10
3448 4215 6
4215 4972 11
4972 4739 4
4739 2275 15
2275 1557 2
1557 1214 11
1214 3861 14
3861 2361 13
2361 552 10
552 2719 20
2719 4011 5
4011 1351 12
1351 2237 19
2237 1988 10
1988 4102 17
4102 281 16
281 1707 1
1707 2381 20
2381 4697 17
4697 1996 14
1996 3411 20
3411 1888 10
1888 2949 8
2949 650 11
650 2783 3
2783 3635 13
3635 3502 10
3502 3374 6
3374 748 8
748 1107 16
1107 871 17
871 3831 16
3831 3013 16
3013 4545 3
4545 4432 9
4432 2872 4
2872 3795 14
3795 4153 7
4153 4302 8
4302 3044 8
3044 4006 12
4006 3909 16
3909 1220 20
1220 1642 15
1642 4367 10
4367 3058 16
3058 2407 20
2407 3984 16
3984 2148 3
2148 2663 3
2663 3561 18
3561 4386 5
4386 2246 20
2246 323 10
323 3165 20
3165 3346 7
3346 4032 17
4032 2768 10
2768 154 10
154 1974 12
1974 4547 12
4547 812 11
812 477 16
477 1651 3
1651 3420 6
3420 4851 4
4851 2478 8
2478 1275 6
1275 4190 5
4190 2162 10
2162 2509 18
2509 3797 15
3797 1745 5
1745 3353 7
3353 4029 3
4029 2875 13
2875 3369 1
3369 3470 3
3470 1307 1
1307 3879 14
3879 3110 14
3110 2966 12
2966 3878 19
3878 1249 3
1249 1661 12
1661 2288 13
2288 4585 7
4585 837 7
837 4296 5
4296 3023 19
3023 912 16
912 3262 12
3262 2863 7
2863 92 14
92 1868 2
1868 4954 7
4954 3389 8
3389 20 15
20 1735 7
1735 4868 19
4868 2724 3
2724 3993 7
3993 3032 4
3032 3552 19
3552 354 1
354 2714 11
2714 700 7
700 3408 5
3408 3961 1
3961 2201 18
2201 3136 15
3136 2566 20
2566 4426 7
4426 3467 12
3467 3506 13
3506 1658 12
1658 4935 7
4935 4342 1
4342 1949 1
1949 4500 19
4500 4940 15
4940 1592 8
1592 3980 16
3980 3075 9
3075 4294 2
4294 2134 15
2134 4620 19
4620 2751 12
2751 3826 14
3826 3642 6
3642 237 17
237 4831 3
4831 3848 13
3848 4536 11
4536 1986 2
1986 4225 3
4225 4664 11
4664 4305 4
4305 617 16
617 858 6
858 3867 20
3867 2131 2
2131 1905 15
1905 796 16
796 303 3
303 3954 11
3954 124 11
124 2927 19
2927 4680 19
4680 4007 6
4007 4311 17
4311 3430 2
3430 3816 12
3816 3417 15
3417 2432 8
2432 2567 12
2567 1278 20
1278 4057 14
4057 4271 7
4271 4709 14
4709 1477 9
1477 691 2
691 4051 19
4051 2945 2
2945 1099 10
1099 1829 12
1829 564 19
564 2810 15
2810 2968 1
2968 4391 1
4391 2352 3
2352 3820 17
3820 1697 4
1697 1970 11
1970 4026 10
4026 1992 3
1992 3209 8
3209 2657 16
2657 4170 20
4170 2442 17
2442 241 11
241 4178 10
4178 1322 8
1322 2290 7
2290 118 9
118 500 15
500 78 15
78 4005 5
4005 2449 2
2449 461 4
461 4204 11
4204 4299 7
4299 3294 6
3294 3168 17
3168 1213 13
1213 1302 1
1302 1763 1
1763 2136 2
2136 3780 2
3780 4564 6
4564 1127 10
1127 2026 10
2026 1426 11
1426 4981 13
4981 416 13
416 2068 5
2068 2375 1
2375 3003 16
3003 651 13
651 3577 16
3577 1245 19
1245 1790 11
1790 2985 9
2985 3129 2
3129 2300 9
2300 1507 14
1507 4521 8
4521 148 16
148 4542 16
4542 4018 14
4018 3559 8
3559 330 8
330 1928 13
1928 2769 11
2769 3598 15
3598 2993 20
2993 1452 4
1452 2017 8
2017 162 8
162 3644 3
3644 2622 15
2622 54 5
54 4121 2
4121 4595 7
4595 2498 17
2498 792 10
792 4360 8
4360 687 18
687 4488 5
4488 2470 18
2470 3270 17
3270 3331 3
3331 1543 14
1543 3788 17
3788 4344 17
4344 3307 8
3307 2154 10
2154 535 11
535 2412 15
2412 1960 8
1960 1355 9
1355 1077 3
1077 3433 7
3433 1667 1
1667 3530 14
3530 817 9
817 3914 19
3914 3080 13
3080 4218 18
4218 1695 14
1695 4533 5
4533 439 12
439 3194 1
3194 2995 8
2995 419 19
419 26 9
26 1228 19
1228 4238 9
4238 4376 1
4376 1785 5
1785 4540 17
4540 1118 14
1118 2703 19
2703 3228 8
3228 1207 17
1207 1185 11
1185 4353 19
4353 1511 6
1511 3104 1
3104 2082 5
2082 3590 13
3590 3534 14
3534 1114 4
1114 2428 2
2428 1541 15
1541 3759 12
3759 465 9
465 603 6
603 939 2
939 1473 2
1473 2493 6
2493 4264 6
4264 2529 4
2529 4556 16
4556 2593 5
2593 3812 17
3812 1444 15
1444 2306 16
2306 2410 15
2410 1078 7
1078 3978 14
3978 1416 4
1416 3198 11
3198 729 5
729 4510 3
4510 42 2
42 3 20
3 1955 5
1955 3127 3
3127 4583 2
4583 1505 10
1505 2262 19
2262 2902 10
2902 3592 20
3592 3935 14
3935 4708 9
4708 4339 7
4339 4850 12
4850 4142 13
4142 1894 17
1894 606 5
606 4381 8
4381 1587 4
1587 1001 4
1001 4210 9
4210 2586 7
2586 2328 20
2328 2094 15
2094 2925 17
2925 3679 7
3679 3524 5
3524 3558 12
3558 1891 3
1891 1867 1
1867 1098 18
1098 4790 16
4790 3768 6
3768 4281 18
4281 64 11
64 4735 8
4735 1692 18
1692 2296 17
2296 3688 14
3688 4615 5
4615 2443 1
2443 1035 11
1035 2040 15
2040 3572 7
3572 1095 17
1095 4977 13
4977 1927 6
1927 3568 15
3568 3022 4
3022 2107 7
2107 3459 19
3459 780 8
780 1211 4
1211 3567 5
3567 810 2
810 1276 8
1276 3702 11
3702 4053 19
4053 934 9
934 2888 3
2888 4448 3
4448 808 4
808 1341 19
1341 3082 9
3082 2348 13
2348 2973 15
2973 265 2
265 3029 18
3029 2984 3
2984 4168 10
4168 576 14
576 1574 19
1574 4201 2
4201 209 7
209 1158 7
1158 181 1
181 3600 14
3600 4180 7
4180 1635 16
1635 3373 6
3373 3088 8
3088 622 2
622 2991 14
2991 2636 1
2636 2758 9
2758 2870 13
2870 2444 20
2444 74 6
74 4402 20
4402 1966 20
1966 4104 12
4104 1858 19
1858 3378 20
3378 4957 11
4957 3589 5
3589 4632 12
4632 2651 13
2651 1832 9
1832 2391 15
2391 2686 7
2686 1192 20
1192 3304 13
3304 4742 13
4742 4027 12
4027 3541 10
3541 569 12
569 2037 10
2037 325 9
325 3180 3
3180 1748 8
1748 1415 9
1415 1026 14
1026 1509 7
1509 2623 5
2623 549 10
549 2170 11
2170 4080 16
4080 4030 6
4030 872 13
872 722 13
722 1462 11
1462 168 1
168 3037 15
3037 1119 6
1119 2853 17
2853 1062 15
1062 2560 9
2560 870 13
870 258 6
258 104 6
104 2965 12
2965 1798 8
1798 1170 8
1170 1774 11
1774 1425 4
1425 445 16
445 891 1
891 2276 9
2276 881 7
881 1315 17
1315 1325 16
1325 1202 3
1202 3875 3
3875 239 11
239 1794 5
1794 2699 11
2699 1248 1
1248 3219 20
3219 3451 9
3451 2916 20
2916 1660 17
1660 3594 8
3594 4670 2
4670 327 3
327 190 16
190 1553 6
1553 2385 10
2385 2641 15
2641 1143 19
1143 660 17
660 4755 9
4755 24 4
24 4734 4
4734 53 20
53 1602 17
1602 4472 8
4472 2936 11
2936 2234 3
2234 1012 16
1012 2098 12
2098 426 14
426 2357 2
2357 1808 2
1808 1701 11
1701 4696 16
4696 4436 3
4436 1357 11
1357 4894 2
4894 3950 6
3950 4090 2
4090 4839 19
4839 2697 17
2697 4738 1
4738 4141 11
4141 3516 2
3516 815 17
815 1608 5
1608 3067 15
3067 1788 8
1788 3210 2
3210 298 14
298 2710 4
2710 3514 17
3514 4109 5
4109 1090 4
1090 4166 19
4166 774 5
774 2614 5
2614 3253 13
3253 4061 19
4061 1044 12
1044 709 9
709 4099 11
4099 2198 6
2198 4985 18
4985 4035 8
4035 417 5
417 2900 8
2900 2484 4
2484 1861 16
1861 1548 12
1548 1902 7
1902 2550 20
2550 1467 5
1467 2952 13
2952 386 12
386 2793 20
2793 4137 7
4137 391 18
391 1550 20
1550 153 5
153 760 13
760 901 8
901 2320 4
2320 1205 7
1205 193 18
193 1630 3
1630 2247 19
2247 1484 11
1484 1982 7
1982 238 3
238 1328 11
1328 1901 2
1901 2923 6
2923 2393 18
2393 295 18
295 2981 3
2981 220 19
220 324 20
324 491 11
491 3005 5
3005 4261 12
4261 3193 5
3193 3204 10
3204 3108 5
3108 3979 9
3979 1623 11
1623 940 2
940 1935 5
1935 177 7
177 3474 7
3474 862 5
862 3725 5
3725 4766 6
4766 2667 9
2667 2372 3
2372 49 3
49 612 7
612 388 11
388 2445 3
2445 4900 10
4900 4889 7
4889 987 10
987 4420 15
4420 951 1
951 3556 18
3556 2729 19
2729 788 18
788 2029 14
2029 3388 1
3388 813 17
813 3221 3
3221 480 8
480 2034 2
2034 387 5
387 1140 19
1140 3190 11
3190 2083 13
2083 1182 10
1182 4616 19
4616 4832 5
4832 2669 1
2669 3547 5
3547 1784 14
1784 287 20
287 346 15
346 1764 19
1764 1181 5
1181 3366 18
3366 528 16
528 3628 1
3628 2354 2
2354 4130 4
4130 302 16
302 4117 1
4117 3982 12
3982 3737 2
3737 2755 20
2755 2527 18
2527 3313 16
3313 3345 19
3345 4838 12
4838 3931 15
3931 1028 18
1028 1800 9
1800 2808 6
2808 3787 10
3787 2071 1
2071 904 9
904 4960 20
4960 1948 5
1948 1864 15
1864 4103 15
4103 1318 5
1318 1704 9
1704 334 11
334 801 9
801 355 18
355 586 12
586 1329 19
1329 4740 8
4740 3699 6
3699 2161 12
2161 1373 8
1373 4986 20
4986 1187 17
1187 1971 6
1971 2101 13
2101 2540 9
2540 1762 16
1762 843 1
843 1339 12
1339 315 8
315 56 6
56 2491 8
2491 4464 20
4464 726 3
726 4394 14
4394 2216 2
2216 4408 13
4408 598 1
598 4700 4
4700 3977 1
3977 2717 16
2717 636 18
636 4863 3
4863 2382 2
2382 2341 5
2341 2530 10
2530 1273 2
1273 3070 6
3070 1359 18
1359 1087 16
1087 2093 8
2093 1787 12
1787 202 19
202 3528 2
3528 1384 3
1384 2643 17
2643 2546 4
2546 3873 1
3873 3183 16
3183 1338 9
1338 1759 15
1759 3886 11
3886 2684 13
2684 4815 12
4815 1451 8
1451 182 2
182 1240 16
1240 1639 20
1639 4143 12
4143 1874 20
1874 1042 5
1042 210 13
210 4837 11
4837 523 4
523 4646 5
4646 4049 14
4049 3278 2
3278 2951 4
2951 504 1
504 898 10
898 3413 1
3413 1222 13
1222 3240 3
3240 2721 10
2721 988 2
988 2359 6
2359 1881 13
1881 2349 7
2349 1952 19
1952 483 9
483 18 11
18 2138 17
2138 2538 6
2538 4429 6
4429 525 2
525 2914 9
2914 2480 2
2480 58 8
58 2704 13
2704 683 15
683 2205 7
2205 571 5
571 2738 8
2738 1272 3
1272 2141 19
2141 422 15
422 2259 17
2259 3660 10
3660 1811 12
1811 4290 7
4290 758 3
758 2880 3
2880 895 11
895 1999 8
1999 2103 5
2103 3267 11
3267 441 2
441 2727 12
2727 1941 9
1941 4318 11
4318 759 6
759 3199 9
3199 3654 16
3654 2725 16
2725 512 8
512 3478 2
3478 4633 18
4633 2085 13
2085 3948 8
3948 4514 12
4514 3215 2
3215 1362 19
1362 1835 17
1835 4818 9
4818 3306 2
3306 3646 4
3646 1455 16
1455 3424 7
3424 3464 6
3464 52 16
52 1008 15
1008 4326 18
4326 4549 4
4549 4183 11
4183 3371 18
3371 697 14
697 906 17
906 206 18
206 1389 18
1389 1549 20
1549 2690 5
2690 3387 5
3387 2516 3
2516 1067 10
1067 3832 4
3832 1742 7
1742 3200 20
3200 4482 6
4482 768 11
768 3649 4
3649 1468 20
1468 4148 15
4148 4333 19
4333 4154 3
4154 1420 11
1420 740 17
740 4525 13
4525 1944 12
1944 2367 11
2367 4002 14
4002 1603 20
1603 1390 6
1390 4914 13
4914 864 4
864 1578 2
1578 3543 17
3543 548 7
548 4219 4
4219 3456 8
3456 3486 4
3486 1482 11
1482 4063 15
4063 983 12
983 3328 6
3328 4132 12
4132 4551 10
4551 2856 19
2856 1558 14
1558 3063 7
3063 623 12
623 2759 9
2759 2850 6
2850 2227 7
2227 4814 1
4814 2122 12
2122 4126 19
4126 1731 3
1731 2387 12
2387 3365 15
3365 151 1
151 79 15
79 797 16
797 608 6
608 645 20
645 4737 1
4737 2180 7
2180 668 2
668 2167 19
2167 4155 7
4155 2879 13
2879 4786 4
4786 4343 5
4343 1144 15
1144 2627 6
2627 947 15
947 707 13
707 519 1
519 4475 10
4475 2067 18
2067 4016 17
4016 553 20
553 1305 19
1305 3624 15
3624 3091 19
3091 4504 7
4504 2626 18
2626 4675 9
4675 1006 16
1006 1508 18
1508 4517 17
4517 3235 10
3235 4622 18
4622 561 19
561 3323 18
3323 1903 5
1903 4759 10
4759 2438 12
2438 1987 5
1987 2508 8
2508 4997 10
4997 3218 10
3218 4003 8
4003 1719 11
1719 3113 8
3113 1933 19
1933 1287 10
1287 3437 13
3437 2303 3
2303 3632 15
3632 4085 14
4085 4276 18
4276 3521 20
3521 3062 20
3062 39 14
39 2915 2
2915 2534 18
2534 1699 9
1699 1911 14
1911 1093 9
1093 2076 9
2076 1172 2
1172 200 20
200 496 1
496 2314 3
2314 4245 6
4245 1816 16
1816 250 6
250 3461 5
3461 428 11
428 1939 17
1939 1984 10
1984 960 16
960 1409 2
1409 4800 9
4800 3825 11
3825 4414 8
4414 1442 4
1442 4806 18
4806 4813 17
4813 2003 10
2003 2007 7
2007 40 18
40 2892 12
2892 1572 3
1572 879 18
879 4304 20
4304 1786 4
1786 1615 12
1615 1429 13
1429 3201 9
3201 4077 9
4077 530 3
530 2776 6
2776 3895 18
3895 737 18
737 4364 9
4364 4733 20
4733 1582 2
1582 2143 12
2143 3693 12
3693 3724 3
3724 3490 8
3490 2665 10
2665 2785 19
2785 3774 14
3774 689 5
689 2654 16
2654 3192 3
3192 482 19
482 4707 6
4707 4206 20
4206 2631 17
2631 3822 7
3822 4275 3
4275 2881 6
2881 2838 14
2838 1641 3
1641 173 13
173 347 9
347 851 2
851 3358 12
3358 94 16
94 1907 11
1907 4559 15
4559 3960 15
3960 81 11
81 538 7
538 997 12
997 2735 2
2735 4677 18
4677 3094 10
3094 32 3
32 2857 13
2857 3921 10
3921 4630 8
4630 4490 20
4490 369 1
369 4971 8
4971 1863 8
1863 766 19
766 1580 3
1580 4297 15
4297 990 15
990 1046 5
1046 1496 20
1496 4919 15
4919 267 8
267 2542 8
2542 4570 3
4570 4340 16
4340 2114 18
2114 3390 20
3390 2841 19
2841 2416 10
2416 1780 18
1780 3627 5
3627 2590 5
2590 4563 19
4563 467 19
467 1337 7
1337 4181 1
4181 3274 20
3274 4382 18
4382 2455 9
2455 3382 20
3382 3834 5
3834 3260 20
3260 4000 10
4000 3111 6
3111 2694 10
2694 1528 20
1528 1463 17
1463 3167 10
3167 4330 2
4330 211 4
211 1450 7
1450 995 18
995 935 5
935 3999 5
3999 889 2
889 133 10
133 916 13
916 4307 7
4307 3453 9
3453 3892 18
3892 4443 20
4443 4062 5
4062 1696 14
1696 4076 20
4076 2220 10
2220 1401 7
1401 352 11
352 4949 10
4949 3762 13
3762 2019 9
2019 1770 12
1770 4416 12
4416 4579 6
4579 3031 17
3031 783 10
783 1783 7
1783 1157 9
1157 2662 4
2662 4067 11
4067 3090 18
3090 3761 11
3761 3532 18
3532 194 16
194 897 16
897 2852 3
2852 506 19
506 4150 13
4150 2475 7
2475 3548 3
3548 1023 4
1023 776 3
776 3698 4
3698 1865 4
1865 3587 20
3587 865 10
865 2171 14
2171 2754 15
2754 1331 18
1331 1197 11
1197 2169 5
2169 618 18
618 1055 2
1055 701 16
701 2272 1
2272 2661 8
2661 4716 1
4716 3222 11
3222 4614 11
4614 1994 13
1994 1037 8
1037 1967 20
1967 2899 10
2899 2253 3
2253 3680 13
3680 1946 8
1946 3501 3
3501 2894 14
2894 4487 7
4487 3471 15
3471 4152 6
4152 3064 3
3064 966 16
966 75 16
75 2370 20
2370 3633 13
3633 1179 6
1179 69 19
69 3097 14
3097 4895 17
4895 3872 8
3872 4060 13
4060 3329 12
3329 2206 6
2206 3858 6
3858 4808 12
4808 1733 17
1733 572 13
572 3241 1
3241 4722 18
4722 3891 4
3891 2943 3
2943 2877 2
2877 1686 18
1686 1643 18
1643 2281 18
2281 2555 13
2555 2266 12
2266 1544 15
1544 4341 19
4341 732 8
732 2685 6
2685 644 12
644 1776 14
1776 2806 1
2806 4444 13
4444 892 2
892 4506 6
4506 1598 1
1598 2214 14
2214 1914 7
1914 230 14
230 4860 20
4860 2832 2
2832 3266 2
3266 4269 13
4269 4390 17
4390 1071 4
1071 2790 5
2790 4672 4
4672 610 4
610 1616 12
1616 1209 19
1209 863 20
863 1260 2
1260 719 13
719 3894 12
3894 3133 11
3133 2770 12
2770 4853 10
4853 13 18
13 3800 7
3800 4010 15
4010 2744 1
2744 1579 15
1579 2705 8
2705 2100 7
2100 986 20
986 1104 1
1104 3098 4
3098 1512 12
1512 836 14
836 4423 16
4423 1256 14
1256 3163 16
3163 3945 11
3945 3087 5
3087 1136 4
1136 4446 13
4446 4621 17
4621 536 8
536 8 13
8 1612 10
1612 261 20
261 2830 6
2830 63 16
63 3550 19
3550 2748 13
2748 4493 19
4493 3202 13
3202 1183 16
1183 2541 15
2541 161 15
161 406 3
406 4858 4
4858 1131 3
1131 1702 3
1702 3533 4
3533 4543 2
4543 3053 16
3053 456 13
456 4324 4
4324 583 5
583 4811 2
4811 1051 9
1051 1198 17
1198 4609 20
4609 1483 6
1483 1916 17
1916 1610 7
1610 534 15
534 1045 3
1045 661 19
661 2106 17
2106 2224 9
2224 4714 16
4714 4920 14
4920 1833 6
1833 3066 20
3066 585 4
585 3243 10
3243 3150 9
3150 749 9
749 1682 9
1682 1564 6
1564 4921 13
4921 3580 17
3580 4440 10
4440 2547 18
2547 4214 2
4214 4411 17
4411 2730 11
2730 4237 20
4237 4434 17
4434 1526 2
1526 570 10
570 2787 16
2787 680 16
680 1234 16
1234 1448 14
1448 3140 2
3140 4938 13
4938 2842 2
2842 3030 15
3030 2450 4
2450 1388 8
1388 3047 12
3047 4593 15
4593 4194 13
4194 2089 10
2089 3907 14
3907 574 18
574 3730 3
3730 520 3
520 2099 12
2099 4648 5
4648 3990 9
3990 2532 2
2532 3438 6
3438 29 2
29 3934 11
3934 2072 8
2072 1352 2
1352 3819 17
3819 3273 4
3273 127 1
127 2851 2
2851 3794 14
3794 1199 4
1199 2536 8
2536 3504 10
3504 2109 11
2109 145 16
145 4888 10
4888 2514 20
2514 2848 18
2848 2473 4
2473 1059 1
1059 3709 18
3709 955 11
955 1413 1
1413 2556 17
2556 3687 10
3687 1065 14
1065 2038 20
2038 2800 9
2800 1204 20
1204 3929 20
3929 2282 9
2282 276 7
276 3447 4
3447 126 7
126 1423 13
1423 2179 10
2179 4421 19
4421 141 18
141 1466 12
1466 16 8
16 98 6
98 2502 13
2502 1084 4
1084 1884 4
1884 4591 13
4591 2633 3
2633 3376 10
3376 963 13
963 2600 15
2600 3557 11
3557 4028 12
4028 3092 4
3092 3523 9
3523 3971 6
3971 460 13
460 2518 17
2518 2921 17
2921 3282 4
3282 163 18
163 3860 3
3860 1957 9
1957 1710 19
1710 1086 12
1086 3224 18
3224 2579 8
2579 1216 20
1216 941 6
941 3927 1
3927 349 6
349 964 6
964 3281 17
3281 4698 8
4698 490 14
490 4807 15
4807 2245 14
2245 989 16
989 2233 1
2233 3608 18
3608 2591 7
2591 4507 17
4507 3880 14
3880 4979 13
4979 1613 8
1613 2084 6
2084 34 16
34 4688 8
4688 4040 2
4040 2261 4
2261 3631 11
3631 4781 3
4781 3669 19
3669 4918 19
4918 316 10
316 1753 3
1753 4193 14
4193 3545 18
3545 4377 12
4377 4097 4
4097 3326 9
3326 1259 1
1259 3407 18
3407 4415 16
4415 3912 2
3912 1771 5
1771 2066 14
2066 1909 15
1909 4598 12
4598 2501 13
2501 27 5
27 1887 8
1887 2399 10
2399 3205 16
3205 2267 5
2267 4223 15
4223 3691 6
3691 3540 11
3540 2904 15
2904 2620 9
2620 3239 15
3239 4578 13
4578 420 19
420 266 19
266 4947 6
4947 459 12
459 3801 6
3801 846 17
846 4452 10
4452 3813 2
3813 4461 15
4461 4100 7
4100 4451 14
4451 3314 1
3314 3318 9
3318 681 19
681 4094 16
4094 3187 7
3187 514 9
514 197 19
197 421 13
421 4400 15
4400 2597 8
2597 1523 20
1523 2406 17
2406 2805 18
2805 2377 10
2377 2374 10
2374 224 19
224 3324 18
3324 3889 13
3889 1510 12
1510 830 2
830 1070 1
1070 1809 8
1809 4404 16
4404 2112 20
2112 2545 11
2545 15 16
15 784 15
784 716 8
716 233 16
233 4758 10
4758 1843 3
1843 1132 7
1132 3119 18
3119 3455 20
3455 2999 11
2999 4953 20
4953 4203 11
4203 279 6
279 3482 8
3482 2549 14
2549 2964 10
2964 1319 19
1319 4848 19
4848 1989 14
1989 1607 7
1607 1242 13
1242 3286 16
3286 3337 6
3337 4033 10
4033 2723 8
2723 3034 10
3034 136 18
136 1280 13
1280 3343 1
3343 207 3
207 4277 3
4277 4348 9
4348 1942 15
1942 1561 6
1561 438 13
438 2756 11
2756 2113 15
2113 3477 15
3477 675 18
675 4329 4
4329 631 9
631 2479 16
2479 4915 13
4915 4546 8
4546 4713 8
4713 2821 10
2821 4242 6
4242 3933 2
3933 3500 14
3500 4691 9
4691 4512 3
4512 727 7
727 2331 11
2331 225 3
225 556 7
556 4864 20
4864 4751 16
4751 253 11
253 1456 7
1456 2242 16
2242 980 8
980 3773 20
3773 794 1
794 2922 10
2922 3808 19
3808 4131 6
4131 2053 7
2053 3162 20
3162 1282 14
1282 2203 1
2203 3988 6
3988 402 3
402 2482 16
2482 1516 11
1516 507 10
507 3184 14
3184 1799 4
1799 2499 1
2499 1806 12
1806 4172 12
4172 1514 10
1514 4345 6
4345 457 13
457 4397 18
4397 2032 19
2032 3664 10
3664 1923 2
1923 4907 20
4907 849 3
849 251 4
251 954 3
954 3379 9
3379 268 3
268 1402 9
1402 1274 8
1274 3383 15
3383 4703 19
4703 4503 18
4503 2796 4
2796 3944 16
3944 1406 6
1406 2483 17
2483 2531 11
2531 4833 10
4833 431 20
431 2051 12
2051 1176 9
1176 3957 15
3957 2415 8
2415 2309 17
2309 2002 14
2002 4789 10
4789 685 9
685 4519 12
4519 886 4
886 1155 12
1155 1562 18
1562 2165 12
2165 1191 12
1191 2976 11
2976 137 7
137 2782 17
2782 321 16
321 1687 1
1687 19 11
19 1304 3
1304 607 19
607 1685 5
1685 2123 12
2123 1721 3
1721 1333 7
1333 2602 7
2602 662 1
662 3061 7
3061 3315 18
3315 1123 17
1123 2726 15
2726 1826 12
1826 4880 8
4880 4135 15
4135 578 15
578 3947 8
3947 634 17
634 3810 1
3810 3686 16
3686 4037 11
4037 1076 20
1076 1938 6
1938 2436 2
2436 736 5
736 739 12
739 3308 5
3308 1810 3
1810 1830 16
1830 4821 20
4821 1309 15
1309 4157 17
4157 2383 9
2383 35 16
35 3710 20
3710 2869 17
2869 4945 19
4945 4075 10
4075 3006 19
3006 3690 20
3690 2696 7
2696 2924 15
2924 4298 20
4298 1577 15
1577 488 3
488 2571 18
2571 1159 7
1159 1411 18
1411 484 12
484 3996 8
3996 715 5
715 3472 4
3472 4795 17
4795 260 14
260 1464 4
1464 2127 15
2127 1458 6
1458 1094 4
1094 345 1
345 4221 18
4221 4669 11
4669 1847 10
1847 2243 4
2243 3359 8
3359 1851 19
1851 60 16
60 1109 1
1109 363 9
363 2228 16
2228 3782 15
3782 1321 20
1321 1877 10
1877 2741 6
2741 3811 3
3811 545 7
545 4159 16
4159 1160 16
1160 3636 2
3636 1663 20
1663 1356 1
1356 2673 10
2673 1244 10
1244 2132 18
2132 3480 1
3480 2834 6
2834 4427 13
4427 747 5
747 3081 8
3081 4136 13
4136 4124 6
4124 3196 20
3196 1386 17
1386 2971 8
2971 1617 18
1617 2722 15
2722 1779 11
1779 2251 3
2251 2638 17
2638 1850 6
1850 579 17
579 1596 16
1596 129 12
129 4910 5
4910 1105 11
1105 485 5
485 2962 19
2962 4370 4
4370 3212 18
3212 772 13
772 3695 6
3695 255 20
255 1605 9
1605 4175 5
4175 3563 3
3563 1164 4
1164 2422 3
2422 2753 8
2753 1980 14
1980 1965 6
1965 2047 6
2047 4395 20
4395 1756 3
1756 1611 20
1611 4852 11
4852 1703 1
1703 4772 10
4772 1849 6
1849 3423 9
3423 1640 2
1640 1594 7
1594 992 13
992 1485 18
1485 2469 9
2469 2413 5
2413 100 18
100 1268 12
1268 1976 14
1976 152 19
152 1985 15
1985 1370 18
1370 2992 15
2992 959 13
959 1454 11
1454 1883 7
1883 4892 1
4892 3904 10
3904 4288 4
4288 473 6
473 2286 1
2286 4694 13
4694 1162 3
1162 2658 5
2658 795 2
795 1990 7
1990 1962 11
1962 2249 3
2249 1554 8
1554 2708 11
2708 3728 1
3728 4941 14
4941 2811 10
2811 2476 13
2476 2429 8
2429 3641 5
3641 3289 7
3289 1295 16
1295 4259 16
4259 3986 9
3986 3605 16
3605 4771 15
4771 4116 10
4116 2688 14
2688 1194 5
1194 3122 13
3122 1428 20
1428 4842 16
4842 395 4
395 3444 12
3444 1135 5
1135 2814 5
2814 3575 6
3575 3249 8
3249 2937 15
2937 2319 4
2319 2064 5
2064 1441 4
1441 4042 6
4042 1418 2
1418 4087 12
4087 2543 5
2543 1424 12
1424 627 13
627 2181 6
2181 3911 12
3911 533 11
533 4192 3
4192 4267 14
4267 2761 5
2761 1837 11
1837 4358 4
4358 4896 9
4896 2907 8
2907 3445 1
3445 4524 13
4524 2152 12
2152 234 18
234 971 18
971 1385 1
1385 455 19
455 2845 4
2845 3656 10
3656 2326 8
2326 503 11
503 4247 19
4247 918 10
918 4518 7
4518 3197 11
3197 165 11
165 4315 9
4315 435 7
435 1729 13
1729 2018 18
2018 2563 9
2563 699 15
699 67 20
67 4952 8
4952 1678 16
1678 1869 11
1869 4866 12
4866 1765 9
1765 2145 16
2145 1750 5
1750 1190 8
1190 4897 4
4897 970 9
970 1805 17
1805 698 5
698 770 16
770 2434 16
2434 1232 9
1232 3380 13
3380 1102 7
1102 584 19
584 2241 11
2241 166 6
166 2583 1
2583 4274 18
4274 4535 5
4535 718 1
718 3028 8
3028 4575 7
4575 1693 17
1693 392 4
392 1369 15
1369 2313 16
2313 854 17
854 975 20
975 1 4
1 2055 4
2055 3295 1
3295 1284 6
1284 1862 20
1862 472 3
472 4366 16
4366 4931 11
4931 4140 19
4140 4497 11
4497 203 1
203 3815 8
3815 117 1
117 982 2
982 3403 5
3403 944 5
944 2970 15
2970 3868 10
3868 3652 20
3652 2826 7
2826 2466 2
2466 931 5
931 1871 10
1871 4566 17
4566 4569 15
4569 803 1
803 329 15
329 3726 18
3726 3336 11
3336 1746 6
1746 3436 18
3436 969 10
969 4984 2
4984 4671 6
4671 1089 19
1089 4125 12
4125 3562 6
3562 2061 10
2061 1724 3
1724 4039 10
4039 2642 3
2642 703 4
703 3364 7
3364 1445 11
1445 3357 10
3357 3130 3
3130 751 5
751 2270 6
2270 3186 5
3186 433 16
433 3807 11
3807 2890 5
2890 3432 18
3432 4623 11
4623 3256 11
3256 762 19
762 293 8
293 4662 13
4662 3952 8
3952 1973 5
1973 1150 13
1150 516 2
516 2021 18
2021 4229 20
4229 2896 8
2896 3536 16
3536 3617 2
3617 2024 18
2024 521 14
521 3970 3
3970 2670 10
2670 1138 19
1138 1239 8
1239 1009 4
1009 311 9
311 2812 19
2812 4750 5
4750 3857 18
3857 4541 8
4541 3962 11
3962 4599 4
4599 4924 9
4924 1766 12
1766 2742 5
2742 554 6
554 791 2
791 544 7
544 2876 14
2876 1749 1
1749 3134 5
3134 458 12
458 771 20
771 3706 17
3706 2346 11
2346 1308 1
1308 1374 19
1374 1218 10
1218 3421 12
3421 174 9
174 1601 2
1601 3611 19
3611 2027 14
2027 2728 16
2728 907 14
907 4417 19
4417 1431 14
1431 2384 16
2384 3395 11
3395 2778 16
2778 3296 1
3296 2743 13
2743 3918 17
3918 4120 13
4120 619 2
619 3024 11
3024 3919 14
3919 590 4
590 1229 2
1229 3678 8
3678 471 20
471 4196 6
4196 2187 3
2187 1879 17
1879 1113 3
1113 2791 7
2791 1932 8
1932 1723 13
1723 4320 2
4320 1036 12
1036 2409 6
2409 560 10
560 2149 17
2149 272 10
272 1297 5
1297 1644 1
1644 412 3
412 4169 19
4169 2213 2
2213 106 12
106 3916 6
3916 1821 1
1821 673 6
673 1129 12
1129 4636 18
4636 3007 4
3007 187 20
187 2803 2
2803 4471 19
4471 249 19
249 3828 8
3828 4936 1
4936 2291 12
2291 342 16
342 4968 15
4968 1624 1
1624 4572 20
4572 3073 4
3073 825 14
825 4665 2
4665 1872 15
1872 1474 6
1474 1279 6
1279 4160 10
4160 4775 3
4775 3665 12
3665 589 6
589 3809 8
3809 2795 17
2795 4965 13
4965 3149 5
3149 3553 16
3553 3751 10
3751 1797 14
1797 3265 15
3265 4091 2
4091 4586 19
4586 308 11
308 3352 7
3352 3998 18
3998 2858 19
2858 723 9
723 4797 1
4797 2786 15
2786 1490 12
1490 452 7
452 297 18
297 3689 17
3689 3415 13
3415 2014 16
2014 38 9
38 936 9
936 742 14
742 375 7
375 1270 15
1270 2679 5
2679 2901 11
2901 2798 18
2798 2462 12
2462 4898 7
4898 4070 9
4070 4673 17
4673 4046 4
4046 4550 9
4550 1289 3
1289 4729 15
4729 4389 2
4389 2820 12
2820 789 19
789 1726 8
1726 4013 10
4013 4266 12
4266 2310 6
2310 2400 18
2400 4812 12
4812 793 9
793 1375 12
1375 3671 9
3671 3290 10
3290 393 17
393 180 4
180 3427 10
3427 2712 11
2712 2258 20
2258 1365 19
1365 1166 13
1166 1919 9
1919 1714 10
1714 688 18
688 2069 20
2069 1180 18
1180 1738 19
1738 1655 5
1655 4629 15
4629 4661 16
4661 310 2
310 4604 8
4604 1773 10
1773 730 2
730 186 10
186 4624 11
4624 4262 20
4262 284 11
284 499 7
499 2460 6
2460 2747 6
2747 3742 12
3742 4184 15
4184 228 7
228 3675 11
3675 593 13
593 3748 9
3748 3639 5
3639 59 2
59 4939 9
4939 2472 14
2472 50 5
50 3076 15
3076 1030 19
1030 2613 8
2613 2987 19
2987 1910 3
1910 4369 13
4369 143 1
143 4251 10
4251 2244 3
2244 3764 15
3764 3573 8
3573 2295 15
2295 3153 17
3153 539 16
539 2854 2
2854 2711 14
2711 2955 3
2955 611 13
611 3106 20
3106 2619 5
2619 2137 20
2137 4904 20
4904 3412 16
3412 110 4
110 2363 6
2363 1633 16
1633 1498 1
1498 1983 11
1983 1081 16
1081 775 17
775 2202 12
2202 513 5
513 2675 11
2675 824 5
824 2371 5
2371 1178 20
1178 66 6
66 4757 5
4757 2496 3
2496 1301 7
1301 3943 17
3943 4754 20
4754 972 16
972 1480 9
1480 581 2
581 479 11
479 3496 13
3496 4337 11
4337 1664 4
1664 2212 9
2212 2587 17
2587 874 17
874 2507 13
2507 4692 6
4692 3156 5
3156 481 10
481 1108 10
1108 390 6
390 1226 20
1226 1656 6
1656 3384 11
3384 1342 19
1342 3512 20
3512 3821 10
3821 2342 10
2342 4770 6
4770 3164 2
3164 214 8
214 446 14
446 425 16
425 3441 1
3441 376 12
376 226 3
226 31 19
31 221 16
221 4163 10
4163 1419 15
1419 3120 18
3120 910 5
910 2709 7
2709 1236 5
1236 4258 20
4258 3995 13
3995 717 9
717 41 13
41 3965 11
3965 3520 9
3520 1040 20
1040 3529 17
3529 1376 4
1376 1546 16
1546 4721 2
4721 3571 11
3571 667 9
667 219 2
219 3881 9
3881 799 8
799 71 13
71 3019 13
3019 1583 18
1583 1169 9
1169 1882 9
1882 802 18
802 4365 7
4365 350 12
350 628 18
628 565 10
565 2766 10
2766 2368 5
2368 97 10
97 4527 3
4527 1079 8
1079 4843 20
4843 4567 3
4567 1237 8
1237 3049 3
3049 17 15
17 3727 5
3727 401 13
401 2606 13
2606 371 12
371 1283 6
1283 3258 12
3258 3798 15
3798 3792 15
3792 3473 8
3473 845 14
845 1725 10
1725 3732 4
3732 274 8
274 2126 12
2126 4347 6
4347 3284 4
3284 4752 5
4752 2485 20
2485 1958 13
1958 3610 18
3610 991 2
991 1684 11
1684 3498 14
3498 33 6
33 4403 2
4403 4101 2
4101 3291 13
3291 4802 20
4802 2042 3
2042 1430 17
1430 1585 13
1585 212 13
212 3749 3
3749 4865 19
4865 1854 19
1854 4495 19
4495 3280 12
3280 3000 18
3000 962 7
962 4357 16
4357 993 15
993 1668 2
1668 2389 7
2389 3405 8
3405 300 14
300 2390 1
2390 4793 1
4793 4855 6
4855 3320 11
3320 2222 13
2222 4108 11
4108 1683 5
1683 4846 8
4846 1897 9
1897 2204 4
2204 4505 9
4505 494 4
494 828 4
828 3096 14
3096 2637 8
2637 2917 20
2917 2573 18
2573 2481 14
2481 952 4
952 2861 10
2861 1772 10
1772 1722 3
1722 365 11
365 1175 12
1175 4835 14
4835 3261 13
3261 196 12
196 1380 16
1380 3223 12
3223 1231 19
1231 3818 4
3818 3093 1
3093 3118 7
3118 36 19
36 3888 16
3888 2223 11
2223 405 6
405 518 6
518 3020 9
3020 3784 4
3784 868 6
868 5000 20
5000 3526 15
3526 3035 15
3035 4213 5
4213 2365 9
2365 2048 13
2048 1354 10
1354 3564 10
3564 108 20
108 205 20
205 2423 18
2423 2075 1
2075 4628 4
4628 1017 12
1017 923 4
923 3242 15
3242 2666 6
2666 4631 4
4631 2274 13
2274 4891 2
4891 223 12
223 3905 18
3905 1929 10
1929 3770 12
3770 2650 16
2650 4990 19
4990 2078 8
2078 2398 18
2398 82 17
82 985 19
985 4278 19
4278 3942 15
3942 2568 20
2568 2972 17
2972 3147 17
3147 2302 11
2302 1822 3
1822 853 12
853 2978 9
2978 3582 4
3582 285 5
285 1859 13
1859 876 13
876 3508 6
3508 1130 4
1130 1106 16
1106 2960 5
2960 2504 11
2504 3777 5
3777 4151 5
4151 3874 12
3874 4641 10
4641 4748 1
4748 368 18
368 1299 20
1299 2608 9
2608 2956 16
2956 3817 6
3817 2070 20
2070 1433 7
1433 3166 2
3166 257 16
257 694 16
694 4283 14
4283 2815 18
2815 1529 1
1529 3616 8
3616 2779 2
2779 1875 14
1875 1637 6
1637 1446 2
1446 2208 8
2208 4111 19
4111 3259 15
3259 3054 19
3054 4625 16
4625 2380 8
2380 3866 18
3866 1898 6
1898 3694 3
3694 2802 14
2802 829 20
829 3208 19
3208 764 8
764 25 9
25 4929 16
4929 3157 19
3157 4870 10
4870 4428 10
4428 4486 8
4486 3396 12
3396 4827 7
4827 842 8
842 229 8
229 1796 1
1796 4617 1
4617 4458 8
4458 2765 7
2765 1056 13
1056 2648 6
2648 807 20
807 3713 3
3713 1435 13
1435 1503 16
1503 3747 3
3747 2155 19
2155 256 7
256 3802 16
3802 1627 1
1627 2871 3
2871 2025 1
2025 2023 8
2023 2994 5
2994 1691 5
1691 648 6
648 222 20
222 4410 17
4410 4388 3
4388 1024 3
1024 1125 2
1125 3692 13
3692 2986 19
2986 341 19
341 4626 20
4626 557 7
557 4973 20
4973 555 1
555 3214 8
3214 3928 18
3928 2616 15
2616 2001 13
2001 733 12
733 3507 11
3507 2441 3
2441 2268 2
2268 2526 12
2526 3987 17
3987 3877 13
3877 339 20
339 2043 1
2043 3585 15
3585 4455 17
4455 4212 8
4212 937 19
937 1936 19
1936 1068 19
1068 905 6
905 3576 1
3576 4044 9
4044 1873 2
1873 4875 20
4875 139 6
139 734 1
734 2982 16
2982 4587 8
4587 2519 16
2519 2792 17
2792 201 19
201 404 1
404 4744 12
4744 2959 14
2959 2844 18
2844 4430 16
4430 1314 20
1314 358 6
358 3968 9
3968 1029 4
1029 4270 4
4270 4393 17
4393 728 18
728 4396 3
4396 4147 5
4147 4317 15
4317 4459 3
4459 2595 19
2595 2634 11
2634 1754 12
1754 3439 1
3439 4468 6
4468 2996 13
2996 2115 11
2115 3936 6
3936 3237 16
3237 4557 4
4557 3185 19
3185 4603 6
4603 3397 2
3397 510 6
510 2200 14
2200 3517 5
3517 443 7
443 3946 13
3946 1285 5
1285 4222 12
4222 4577 18
4577 396 8
396 509 8
509 540 17
540 1398 14
1398 3468 5
3468 705 10
705 1700 10
1700 3510 4
3510 282 15
282 4256 17
4256 1539 18
1539 1410 8
1410 3469 7
3469 3647 1
3647 2944 4
2944 4681 12
4681 3805 16
3805 1300 5
1300 1893 7
1893 147 14
147 4635 5
4635 4081 8
4081 2594 2
2594 3077 11
3077 2459 3
2459 3683 19
3683 4776 1
4776 2036 5
2036 3398 8
3398 171 5
171 3175 9
3175 1460 7
1460 1706 2
1706 4173 12
4173 2804 7
2804 2864 10
2864 546 7
546 4867 7
4867 3100 13
3100 3142 14
3142 1912 10
1912 542 17
542 3754 9
3754 1324 18
1324 2528 17
2528 3625 6
3625 4841 5
4841 1676 12
1676 2653 19
2653 1886 9
1886 3755 2
3755 3012 20
3012 1141 11
1141 2219 8
2219 3338 14
3338 1021 1
1021 1852 8
1852 454 10
454 216 16
216 2467 10
2467 1092 5
1092 1532 6
1532 3151 16
3151 2510 8
2510 4778 16
4778 1168 13
1168 4613 7
4613 4463 15
4463 3367 18
3367 3182 5
3182 2674 6
2674 2104 5
2104 1629 2
1629 3238 11
3238 4887 16
4887 823 1
823 4975 4
4975 4089 6
4089 2664 8
2664 4071 8
4071 164 14
164 4883 18
4883 2120 20
2120 434 3
434 3657 11
3657 4202 18
4202 4978 7
4978 1566 17
1566 3823 19
3823 1066 9
1066 2426 5
2426 3621 19
3621 2463 7
2463 2596 13
2596 1034 11
1034 2903 6
2903 1542 5
1542 3997 14
3997 4657 9
4657 3865 11
3865 2111 17
2111 924 7
924 5 16
5 3283 9
3283 4474 15
4474 833 19
833 1671 11
1671 2096 4
2096 1736 20
1736 2453 19
2453 1825 19
1825 1407 7
1407 4828 10
4828 1625 11
1625 2752 20
2752 444 20
444 3776 20
3776 4145 4
4145 3789 14
3789 4123 10
4123 978 11
978 344 6
344 4481 17
4481 2788 10
2788 1196 14
1196 3271 4
3271 379 8
379 1855 6
1855 4538 16
4538 4928 20
4928 3738 4
3738 449 20
449 2420 11
2420 597 20
597 4216 8
4216 4592 7
4592 1953 12
1953 4231 11
4231 1998 8
1998 2176 1
2176 670 15
670 816 14
816 3560 10
3560 3601 9
3601 4544 19
4544 172 11
172 2823 10
2823 2232 6
2232 2569 11
2569 1015 8
1015 2582 19
2582 3711 5
3711 2865 13
2865 3010 13
3010 2401 19
2401 2294 10
2294 977 15
977 1876 20
1876 2833 3
2833 1379 15
1379 1814 13
1814 333 9
333 380 16
380 1652 14
1652 1995 15
1995 2403 15
2403 2649 6
2649 967 18
967 517 17
517 605 20
605 4908 18
4908 236 18
236 3630 4
3630 3885 18
3885 2322 6
2322 3355 18
3355 95 12
95 4048 10
4048 4092 1
4092 2379 1
2379 2194 8
2194 3583 15
3583 3898 1
3898 1590 20
1590 4260 5
4260 138 18
138 1227 19
1227 4050 18
4050 1906 12
1906 1977 1
1977 415 3
415 1567 8
1567 2500 4
2500 4200 20
4200 3124 11
3124 3342 18
3342 4354 13
4354 125 20
125 1979 8
1979 2958 19
2958 4352 19
4352 4905 8
4905 2396 18
2396 4774 12
4774 1831 2
1831 1313 5
1313 827 5
827 2934 12
2934 1291 18
1291 4644 14
4644 306 1
306 3609 8
3609 1827 13
1827 3131 12
3131 373 11
373 1588 5
1588 2558 20
2558 4442 11
4442 86 7
86 2020 12
2020 4944 1
4944 3493 8
3493 2059 8
2059 4146 20
4146 508 18
508 1075 15
1075 856 11
856 3015 9
3015 2645 5
2645 4840 3
4840 4849 7
4849 2764 4
2764 3908 9
3908 2044 11
2044 2681 20
2681 3763 15
3763 945 19
945 2343 18
2343 1626 8
1626 4476 15
4476 2950 15
2950 4820 7
4820 1646 12
1646 1443 1
1443 2456 7
2456 2133 17
2133 4112 10
4112 4295 15
4295 4293 3
4293 3850 3
3850 3973 10
3973 3515 16
3515 4701 3
4701 3460 17
3460 4717 6
4717 2580 5
2580 2210 18
2210 4913 17
4913 3409 15
3409 3485 11
3485 4611 16
4611 961 13
961 2192 9
2192 1571 17
1571 4634 19
4634 3171 3
3171 3339 5
3339 2327 20
2327 3591 13
3591 4291 15
4291 2734 11
2734 4437 10
4437 1812 3
1812 3715 14
3715 1795 9
1795 884 9
884 3700 2
3700 4943 8
4943 2977 16
2977 3145 17
3145 2006 19
2006 1224 7
1224 2457 7
2457 357 3
357 1350 13
1350 669 14
669 1815 9
1815 3236 15
3236 2898 2
2898 1253 9
1253 1112 14
1112 852 15
852 4909 19
4909 3038 18
3038 2557 20
2557 2584 6
2584 4280 2
4280 1922 9
1922 2979 20
2979 1527 18
1527 1918 14
1918 2121 1
2121 2156 13
2156 4249 5
4249 47 3
47 2404 10
2404 2774 1
2774 1755 8
1755 2835 11
2835 3105 17
3105 1434 18
1434 4208 20
4208 3381 10
3381 3050 16
3050 3254 16
3254 1717 5
1717 3414 9
3414 1032 1
1032 2153 10
2153 46 3
46 3769 8
3769 888 2
888 3570 18
3570 720 17
720 2332 17
2332 245 15
245 4349 13
4349 1620 17
1620 3170 12
3170 3247 4
3247 3248 6
3248 1870 4
1870 2718 3
2718 2552 14
2552 885 15
885 2325 11
2325 4890 18
4890 2672 13
2672 3599 13
3599 4937 19
4937 2695 19
2695 3837 19
3837 3056 16
3056 394 14
394 409 20
409 1064 6
1064 4873 19
4873 4605 13
4605 1469 2
1469 2687 5
2687 4658 17
4658 710 12
710 4378 8
4378 3449 17
3449 2933 19
2933 2004 1
2004 731 15
731 2191 10
2191 2226 20
2226 2054 6
2054 592 6
592 1689 14
1689 2139 17
2139 2439 4
2439 4336 12
4336 4876 11
4876 2236 1
2236 1334 10
1334 263 11
263 3492 19
3492 2693 10
2693 3745 19
3745 1013 9
1013 2239 14
2239 4466 20
4466 146 17
146 950 20
950 1645 1
1645 348 3
348 1844 7
1844 3246 13
3246 4407 11
4407 3443 12
3443 2414 8
2414 666 16
666 169 10
169 1802 13
1802 2570 12
2570 312 8
312 773 1
773 1323 9
1323 4236 11
4236 4139 15
4139 1395 13
1395 2489 20
2489 4874 3
4874 37 19
37 2831 17
2831 4513 6
4513 3855 9
3855 2942 20
2942 2231 1
2231 3681 9
3681 1349 5
1349 602 11
602 432 1
432 2351 1
2351 2311 5
2311 3703 6
3703 2427 10
2427 4385 18
4385 4246 12
4246 4015 7
4015 2392 4
2392 4308 19
4308 637 16
637 2813 10
2813 1899 12
1899 286 17
286 3155 17
3155 4568 1
4568 4300 8
4300 208 20
208 1518 8
1518 4736 2
4736 378 7
378 3144 14
3144 3048 2
3048 4287 14
4287 2358 12
2358 857 19
857 3804 20
3804 958 11
958 2360 6
2360 1368 17
1368 883 3
883 3596 17
3596 3513 18
3513 4798 1
4798 4083 16
4083 3195 2
3195 3016 4
3016 134 16
134 3940 14
3940 4355 14
4355 12 8
12 4118 19
4118 1316 12
1316 188 17
188 4970 18
4970 4746 18
4746 88 2
88 3835 3
3835 3551 4
3551 96 2
96 1778 13
1778 1747 12
1747 4704 2
4704 3178 12
3178 2837 4
2837 2196 9
2196 671 5
671 4829 16
4829 2157 4
2157 4711 5
4711 2461 2
2461 331 20
331 2905 12
2905 383 9
383 4528 15
4528 1545 7
1545 2535 4
2535 3351 16
3351 2289 13
2289 4387 1
4387 2589 15
2589 2706 11
2706 4723 10
4723 3883 20
3883 2868 13
2868 1491 11
1491 2931 6
2931 4334 8
4334 2298 3
2298 1677 18
1677 1489 5
1489 1394 2
1394 3976 20
3976 1969 3
1969 1591 9
1591 4351 2
4351 3967 15
3967 3673 13
3673 4784 16
4784 2330 6
2330 4185 5
4185 4637 6
4637 2598 9
2598 850 18
850 377 2
377 4649 10
4649 4927 13
4927 3586 2
3586 4 20
4 543 2
543 2308 8
2308 3783 5
3783 4038 20
4038 866 7
866 3941 6
3941 1243 8
1243 1950 13
1950 744 4
744 4682 6
4682 3332 3
3332 3917 8
3917 1521 7
1521 562 19
562 1538 4
1538 4801 5
4801 2860 19
2860 3924 20
3924 3419 1
3419 4119 9
4119 4976 10
4976 1422 16
1422 4760 2
4760 107 9
107 1421 11
1421 1878 19
1878 1366 15
1366 374 16
374 4741 17
4741 4558 4
4558 418 9
418 23 7
23 4313 11
4313 4133 11
4133 819 3
819 2909 17
2909 976 10
976 4923 16
4923 3008 9
3008 2874 1
2874 1453 14
1453 468 20
468 3303 8
3303 3400 2
3400 3958 4
3958 3604 15
3604 4861 8
4861 3489 3
3489 4363 17
4363 198 20
198 1573 3
1573 4886 11
4886 4650 12
4650 4983 14
4983 4047 5
4047 3391 3
3391 4830 2
4830 3211 1
3211 1494 10
1494 2609 16
2609 2599 5
2599 1586 14
1586 2816 7
2816 3275 14
3275 4144 14
4144 1807 20
1807 3555 4
3555 4024 17
4024 1459 11
1459 1408 9
1408 1636 15
1636 4730 1
4730 1622 5
1622 4021 1
4021 790 2
790 1501 20
1501 4824 10
4824 1139 9
1139 1288 17
1288 3991 19
3991 4726 8
4726 814 17
814 4113 13
4113 3871 15
3871 653 4
653 4796 11
4796 4596 16
4596 1101 19
1101 3109 5
3109 156 20
156 4834 12
4834 4560 16
4560 1471 11
1471 3036 10
3036 176 19
176 6 1
6 3316 14
3316 3527 15
3527 275 20
275 77 5
77 3836 12
3836 3566 2
3566 2175 13
2175 3172 14
3172 2578 15
2578 1940 15
1940 4638 5
4638 3362 16
3362 4588 1
4588 4332 2
4332 4705 11
4705 551 10
551 3597 19
3597 322 9
322 1396 10
1396 90 2
90 4987 4
4987 89 2
89 2873 6
2873 943 9
943 3325 17
3325 3102 2
3102 4034 2
4034 2503 20
2503 4932 1
4932 3603 4
3603 2091 11
2091 4959 6
4959 880 4
880 4292 17
4292 785 18
785 4660 2
4660 2336 6
2336 2394 11
2394 684 2
684 1555 16
1555 1083 8
1083 2125 15
2125 4454 9
4454 2376 19
2376 604 15
604 2839 9
2839 2920 16
2920 2906 8
2906 131 9
131 3334 2
3334 4765 13
4765 1741 20
1741 3392 16
3392 532 11
532 4361 2
4361 2639 1
2639 2576 2
2576 4074 4
4074 654 8
654 782 18
782 3951 2
3951 3595 2
3595 921 16
921 1142 19
1142 3361 14
3361 818 15
818 3569 3
3569 3554 18
3554 299 5
299 896 2
896 4233 13
4233 527 1
527 2763 13
2763 4098 2
4098 4114 11
4114 4942 8
4942 821 5
821 1728 13
1728 1791 15
1791 1262 9
1262 2039 13
2039 1217 10
1217 3479 10
3479 3714 6
3714 4764 12
4764 2918 15
2918 1296 14
1296 3173 18
3173 1665 1
1665 2315 19
2315 1732 17
1732 1740 17
1740 248 17
248 2366 11
2366 2749 15
2749 4379 2
4379 903 4
903 3233 4
3233 1531 4
1531 1043 9
1043 2515 19
2515 157 18
157 3344 4
3344 3418 14
3418 3806 18
3806 777 12
777 1920 4
1920 3859 8
3859 4917 2
4917 1493 8
1493 3519 15
3519 440 8
440 2052 13
2052 1381 5
1381 752 4
752 2990 3
2990 1148 10
1148 3731 4
3731 2957 3
2957 1206 14
1206 1048 14
1048 3542 15
3542 4350 2
4350 3613 3
3613 115 4
115 4666 18
4666 2969 11
2969 2031 15
2031 2015 10
2015 1614 10
1614 2260 16
2260 2221 20
2221 1378 11
1378 495 9
495 2065 7
2065 2574 12
2574 1303 10
1303 1653 14
1653 4706 16
4706 1246 14
1246 3901 20
3901 2144 9
2144 3840 3
3840 389 17
389 4321 5
4321 859 7
859 1730 8
1730 984 18
984 3476 18
3476 3026 8
3026 4045 3
4045 3057 17
3057 894 6
894 474 18
474 109 15
109 3896 12
3896 3216 15
3216 2011 16
2011 3663 11
3663 1027 17
1027 384 11
384 399 5
399 3269 3
3269 3846 7
3846 4651 9
4651 632 4
632 1091 6
1091 1404 7
1404 4803 20
4803 3230 13
3230 1900 11
1900 4911 15
4911 4529 13
4529 4715 9
4715 4699 2
4699 3953 18
3953 3719 17
3719 2339 17
2339 1504 12
1504 1563 11
1563 1931 18
1931 3662 6
3662 855 18
855 1621 15
1621 4893 2
4893 3655 3
3655 159 20
159 1363 5
1363 4289 8
4289 1200 5
1200 1649 3
1649 4590 10
4590 4023 19
4023 4374 18
4374 831 16
831 4511 19
4511 3786 20
3786 4372 11
4372 3964 19
3964 657 14
657 779 7
779 1360 9
1360 4958 8
4958 3922 7
3922 366 6
366 3402 9
3402 4922 14
4922 1575 9
1575 3648 13
3648 1134 19
1134 3959 18
3959 1857 9
1857 4816 2
4816 3497 15
3497 4857 7
4857 4822 16
4822 3059 7
3059 3335 4
3335 745 4
745 4655 20
4655 4004 7
4004 2659 15
2659 1943 8
1943 2824 9
2824 1552 10
1552 3676 6
3676 2174 16
2174 2009 18
2009 4252 11
4252 3232 12
3232 3312 14
3312 920 7
920 4683 6
4683 4086 1
4086 3838 12
3838 4584 12
4584 3645 20
3645 735 19
735 3099 8
3099 313 15
313 834 16
834 1556 15
1556 2102 10
2102 2829 6
2829 2762 7
2762 2720 2
2720 2928 6
2928 3484 2
3484 2013 1
2013 2757 14
2757 2926 6
2926 1149 19
1149 1261 20
1261 1340 17
1340 932 10
932 4553 2
4553 462 10
462 4530 12
4530 4539 14
4539 2862 13
2862 942 8
942 1100 14
1100 3126 15
3126 1628 19
1628 3720 9
3720 692 18
692 3712 8
3712 1679 2
1679 3593 13
3593 2588 18
2588 3375 20
3375 3288 20
3288 1945 7
1945 2867 12
2867 4068 7
4068 3481 16
3481 3434 7
3434 928 3
928 1565 3
1565 2316 2
2316 3176 10
3176 3899 16
3899 4373 17
4373 550 13
550 1819 19
1819 318 20
318 1669 18
1669 3018 20
3018 4239 20
4239 3181 8
3181 288 10
288 1335 16
1335 4526 3
4526 1002 19
1002 3416 7
3416 273 2
273 804 4
804 1103 5
1103 1838 4
1838 946 10
946 280 8
280 3004 8
3004 1813 5
1813 2683 13
2683 2818 9
2818 1364 11
1364 4025 4
4025 2424 19
2424 505 10
505 1782 9
1782 4095 13
4095 4501 11
4501 501 13
501 2452 6
2452 4994 14
4994 1063 13
1063 2129 5
2129 1584 17
1584 3785 12
3785 1344 5
1344 1848 12
1848 4055 19
4055 3491 8
3491 3045 9
3045 3356 3
3356 4182 15
4182 4667 11
4667 769 18
769 1638 11
1638 4769 2
4769 2954 6
2954 2629 11
2629 2335 4
2335 2340 2
2340 663 7
663 1461 5
1461 1014 14
1014 4477 2
4477 2183 2
2183 4745 10
4745 1680 18
1680 2033 17
2033 1492 3
1492 1154 13
1154 2045 9
2045 4964 5
4964 1662 7
1662 2207 16
2207 708 14
708 714 10
714 3017 17
3017 3674 10
3674 1690 17
1690 2635 2
2635 1165 1
1165 2517 14
2517 1147 2
1147 2585 9
2585 175 9
175 4594 14
4594 3293 16
3293 1235 19
1235 1432 3
1432 2967 13
2967 2767 20
2767 3864 15
3864 3626 17
3626 3983 15
3983 2287 17
2287 4438 2
4438 2733 19
2733 3581 14
3581 658 16
658 2218 11
2218 2825 16
2825 2142 2
2142 1327 7
1327 3372 7
3372 353 16
353 1054 16
1054 3115 13
3115 1589 3
1589 1022 17
1022 4823 8
4823 1551 9
1551 4916 12
4916 1436 1
1436 811 12
811 2887 4
2887 4872 10
4872 2564 13
2564 3981 16
3981 3578 18
3578 582 13
582 1267 3
1267 1377 12
1377 3607 13
3607 3906 10
3906 4445 1
4445 2562 1
2562 999 1
999 4359 15
4359 1115 13
1115 1269 13
1269 3902 5
3902 601 17
601 4205 3
4205 1332 3
1332 3619 10
3619 2230 19
2230 832 17
832 2784 16
2784 2408 7
2408 3757 1
3757 3684 18
3684 3231 10
3231 3027 10
3027 1400 20
1400 1842 12
1842 721 5
721 4162 15
4162 4450 20
4450 1535 16
1535 1038 18
1038 4749 13
4749 2652 14
2652 861 13
1 472 3
1 3295 10
1 4366 10
2 72 8
2 4439 7
3 3127 10
3 2902 5
3 4583 5
3 2262 1
4 3783 10
4 2308 6
4 1243 10
5 1671 10
6 3566 1
6 3836 2
6 77 6
6 275 2
7 4171 8
8 4493 10
8 261 1
9 613 3
9 1673 8
10 2539 5
11 1053 7
11 2297 6
11 902 9
12 4746 8
12 1316 3
12 88 4
13 2705 6
14 2953 4
14 1152 4
14 4019 6
15 233 6
15 1843 5
15 716 2
15 1132 4
15 4758 3
16 2633 8
16 3376 3
16 1884 10
16 2502 6
16 4591 4
17 371 9
17 1283 4
17 3798 1
17 2606 2
18 4429 5
18 525 2
19 1721 10
19 1685 6
20 354 3
20 3032 7
21 80 7
22 566 9
22 262 5
22 3579 6
22 4882 9
23 4133 9
24 1602 8
25 3396 7
26 1785 1
26 4540 10
27 2399 2
28 2437 9
28 624 9
29 3273 4
30 2087 4
30 1124 2
30 4780 7
31 910 7
31 3120 5
31 2709 9
31 1236 4
32 3921 1
32 4490 4
32 4971 9
32 4630 4
32 1863 7
33 1585 8
33 2042 5
33 1430 2
33 4802 4
33 4101 3
34 2261 2
34 4040 10
34 4918 6
34 4781 3
35 3006 3
35 4075 1
35 4945 3
35 2869 1
35 3690 6
36 2223 6
37 4513 2
37 3855 8
37 2942 8
38 2901 9
38 375 3
39 1911 4
39 2076 6
39 1093 3
39 2534 10
40 1429 8
40 4304 9
40 1572 9
40 1786 8
40 879 7
41 4721 3
41 3529 8
41 3520 4
41 1040 10
42 2262 7
43 4460 7
43 915 7
43 3546 9
43 786 10
44 1171 2
44 925 4
45 1403 1
45 4719 4
45 526 9
45 123 2
45 101 10
46 2332 5
46 720 10
47 1434 3
47 1755 7
47 4208 6
47 2835 7
48 867 4
49 4900 6
50 1030 3
50 2613 5
50 4369 5
50 143 10
50 2987 8
51 559 6
51 3799 7
52 697 5
52 4183 9
52 3371 6
53 2234 10
53 4472 2
54 4360 9
54 792 2
54 4595 6
55 72 6
55 641 8
55 4439 10
55 1412 10
55 2988 10
56 4408 10
56 2216 6
56 598 1
56 726 6
57 1954 5
57 3487 3
57 3148 6
57 3454 1
58 2738 10
58 683 6
58 2141 8
58 2205 5
58 1272 5
59 1910 1
59 50 2
59 3076 5
59 4369 1
59 2244 5
60 1877 6
60 1321 8
61 2939 2
61 3043 6
61 3830 2
62 4502 7
62 1632 10
62 2929 9
62 4310 9
63 2541 5
64 4615 7
65 3462 2
65 4234 5
65 3734 4
65 3829 8
66 2496 9
66 4754 4
67 1869 3
67 4866 10
67 2145 4
67 1678 7
68 1000 8
69 2206 7
69 3858 2
69 3872 9
70 4226 6
70 1744 1
71 1169 5
71 1882 6
71 802 4
71 1583 6
71 4365 6
72 3862 8
72 4282 10
72 1277 3
72 4610 9
73 1397 5
74 1966 10
74 4104 5
75 1179 7
75 3858 6
75 3097 2
76 73 4
76 3217 7
76 1298 2
76 800 10
76 4069 3
77 2175 6
77 3172 1
78 4299 8
78 3294 7
79 2180 5
79 668 1
79 4737 4
80 3643 4
80 1317 2
80 4492 3
81 32 2
81 1863 10
81 2857 4
81 3921 2
81 997 4
82 3942 5
82 4278 3
83 2789 3
84 2746 1
84 531 9
84 1823 7
84 4656 3
85 841 3
85 949 10
85 1414 9
86 2059 1
86 3493 6
86 508 2
86 4944 9
86 1075 9
87 1016 9
88 4704 10
88 1747 8
89 4932 8
89 3102 7
89 4034 2
89 943 4
89 2503 7
90 2873 5
91 2893 4
91 2087 7
91 2299 2
91 4079 2
91 1124 5
92 4868 1
92 2724 1
92 20 6
93 2740 7
93 4284 4
93 3251 4
94 369 5
94 3960 1
94 997 3
94 81 4
95 3583 1
95 1590 7
96 2196 9
96 3178 10
97 17 2
97 3049 7
98 1884 1
98 2633 3
98 1084 6
99 635 4
99 1336 3
99 113 5
100 959 5
100 1985 9
100 2992 7
100 152 5
100 1370 9
101 3206 8
101 1913 2
101 1698 4
101 442 1
101 4719 1
102 2172 3
102 2173 10
103 2601 9
103 933 1
103 2147 7
103 1972 7
103 1522 5
104 1774 5
104 1170 4
104 445 4
104 1798 6
105 4171 7
105 867 2
106 187 5
106 1129 8
107 1366 3
107 4741 2
108 2423 4
108 923 3
108 3242 6
108 1017 4
109 3216 9
109 3663 3
109 384 1
110 1983 9
110 1081 4
111 3394 1
111 2373 3
111 3340 4
111 4186 9
112 4982 7
112 2893 1
112 2513 6
112 30 9
112 1294 6
113 2895 6
113 635 9
114 1530 6
115 2221 8
115 2015 6
115 2031 9
116 1804 7
117 3652 7
117 3403 5
118 2449 5
118 1302 10
118 3294 3
118 4299 2
119 398 5
119 130 4
119 1005 3
120 2248 10
120 132 8
120 809 4
120 4992 1
120 498 3
121 1250 3
121 4548 9
121 3264 8
122 3309 3
122 2644 10
123 21 6
123 101 6
123 80 7
123 2419 7
124 3816 2
124 3430 1
124 4311 1
124 4680 2
125 2396 3
126 141 2
126 2179 7
127 3794 5
127 2109 6
128 1744 9
128 4226 2
128 70 5
128 336 7
129 3212 3
130 4253 2
130 2158 9
131 4765 9
131 1741 4
132 4992 10
132 2248 2
132 3363 10
133 4062 6
133 3892 6
133 4307 10
134 88 8
134 4970 2
134 12 6
134 3178 3
134 4355 2
135 4881 7
135 1126 7
136 207 2
136 4277 6
136 1942 2
137 2123 2
137 321 5
137 1721 10
138 4050 6
139 2792 9
140 116 5
140 4531 6
141 2600 7
142 1978 10
142 1515 1
142 2773 10
142 4158 3
142 4532 2
143 3764 9
143 2244 9
143 2295 2
143 3153 7
143 3573 6
144 4122 6
144 4791 5
145 2473 5
145 1059 8
145 955 10
146 3443 3
146 348 7
146 1844 8
147 2459 8
147 3683 4
148 2769 7
148 1928 9
148 330 8
148 3598 7
149 4022 4
149 213 4
149 4368 8
149 4763 2
149 547 6
150 116 2
150 2913 10
150 2807 1
151 797 2
152 1454 7
152 2992 1
152 1883 10
153 1630 7
153 901 1
154 4547 4
154 3420 7
154 1651 8
154 4851 8
154 477 1
155 3634 7
156 6 9
156 275 1
156 3566 7
157 3859 5
158 1760 7
158 3112 10
158 761 10
159 4289 4
159 4374 3
159 4590 10
159 1200 9
160 3370 3
161 1131 8
161 3533 3
162 687 8
162 2622 2
162 2470 5
162 792 4
162 4360 1
163 1086 5
163 1957 10
163 1216 9
163 1710 9
164 4978 8
164 3657 10
164 434 1
165 67 2
166 718 1
166 4535 2
166 1693 3
167 1072 2
167 4043 10
167 2049 7
167 4413 3
168 2853 9
168 1119 10
168 1062 7
168 2560 9
169 312 10
169 2570 7
169 4139 5
169 4236 2
170 1595 8
170 4412 2
170 2780 1
170 3429 9
171 2804 5
171 2864 2
171 4173 3
171 1460 10
172 2569 6
172 1015 1
172 2582 10
172 2865 10
173 94 3
173 538 4
174 2027 5
174 3611 5
174 2728 10
175 2967 10
175 1235 1
175 2767 9
175 1432 9
176 2175 6
176 1940 2
177 49 6
177 4766 3
178 4600 2
179 3830 9
179 4826 5
179 3043 1
179 2948 9
180 2712 4
181 4180 7
181 2991 9
181 1635 7
181 622 1
181 3088 5
182 210 2
183 4955 1
183 4485 7
183 3778 6
183 1860 1
184 696 1
184 616 2
184 587 3
185 908 6
185 2448 6
185 695 9
185 1438 2
186 2460 6
187 4471 10
187 4936 4
187 342 1
187 249 3
187 2291 8
188 3835 6
189 2350 9
189 3040 1
190 4755 7
190 24 3
190 1143 5
190 2641 7
190 660 8
191 4309 5
191 1080 5
191 3913 8
191 754 2
192 3068 1
192 1993 10
192 911 1
192 3771 4
193 1484 5
193 238 2
193 2247 7
194 3548 2
194 2475 8
194 2852 7
194 1023 3
195 1241 8
195 2135 3
195 4884 2
195 1189 4
196 3118 1
197 1523 4
197 2597 2
197 2805 8
198 4983 9
198 4886 1
198 4650 9
199 4409 2
199 3723 7
199 2701 2
200 1816 6
200 428 4
200 3461 9
200 2314 8
200 4245 4
201 2844 1
202 3183 2
202 1384 3
202 2643 8
202 2546 5
203 3652 1
203 944 5
203 2970 5
203 3868 4
204 3079 1
204 4072 1
204 1559 8
204 3900 6
205 1017 5
205 2075 6
205 3242 6
205 4628 6
206 2690 1
206 1067 7
207 1561 7
207 438 8
208 378 3
208 3048 2
209 3600 2
209 2870 9
209 2758 9
209 1635 9
209 3373 6
210 4049 10
210 504 10
210 2951 1
211 133 4
211 4062 9
211 4307 8
211 889 1
211 3999 4
212 3280 7
212 4865 6
213 4906 9
213 4862 7
214 3441 6
214 425 1
214 1236 9
214 3120 8
214 31 8
215 2702 7
215 2621 4
216 2510 10
216 1168 5
216 4778 9
217 4686 9
217 1751 6
218 4465 2
218 1836 10
219 565 1
219 71 5
219 1169 9
219 1583 10
220 3204 10
220 4261 10
220 3108 4
221 4258 8
221 1419 2
221 910 4
222 341 9
222 1125 6
222 4388 4
222 2986 6
222 1024 5
223 2398 2
224 1510 6
224 1070 3
225 253 7
225 4864 4
225 980 4
226 3529 2
226 2709 8
226 3995 5
227 4791 8
227 4316 6
227 4122 10
227 1019 5
228 2613 7
229 2765 1
229 4458 10
230 4269 10
230 3266 7
230 4390 2
230 1071 5
230 2790 10
231 3299 10
231 2344 3
231 3672 2
232 643 9
232 2998 9
232 2160 9
232 2364 4
232 2151 6
233 1843 4
233 2999 3
234 455 8
234 2326 9
234 1385 7
235 2353 5
235 3733 9
235 4197 4
235 359 9
236 3355 5
236 3885 4
237 4305 4
237 1986 8
237 4225 9
237 4664 3
238 2923 1
238 2393 1
239 2916 4
239 1660 5
239 1248 10
239 3219 9
240 1414 7
240 841 7
241 2290 1
241 3294 3
241 1763 2
241 500 2
241 2136 8
242 806 1
243 3158 7
243 1767 9
243 3317 6
243 3272 4
244 4232 1
244 1781 2
244 2617 4
245 2718 4
245 1870 4
245 1620 2
245 3248 10
245 3170 4
246 400 1
246 4209 4
246 4272 10
246 2280 6
246 4457 9
247 635 6
247 113 6
247 3844 4
247 3132 5
247 2895 3
248 3233 5
248 4379 10
248 2749 1
249 4968 7
250 1409 4
250 1939 4
250 960 6
250 1984 7
251 1402 1
252 4115 7
252 1266 5
252 2 3
252 1393 7
253 980 8
253 2922 4
254 2056 2
255 3563 6
255 2422 9
255 1980 10
255 4175 5
255 2753 9
256 1691 7
256 1627 8
256 2025 3
256 2023 7
257 2779 1
257 1529 2
258 1425 3
258 1774 10
259 4785 3
259 436 9
259 1255 3
260 1458 7
261 2748 10
262 4306 4
262 4912 4
263 3745 10
263 2693 10
263 2239 4
263 146 4
263 1013 7
264 2355 7
264 2338 2
265 1574 10
265 209 7
265 4201 7
266 4461 10
267 4570 2
267 4340 6
268 3383 5
268 4503 9
268 4703 8
268 1274 8
269 3095 6
269 4966 1
269 4574 10
270 2184 7
271 4884 9
271 1801 8
271 1189 3
272 412 4
272 187 5
272 106 2
272 3916 7
273 3004 4
274 3284 8
274 2485 8
274 3610 9
274 4347 7
275 4638 3
275 4588 1
275 3172 9
275 3836 10
275 3362 6
276 2633 10
276 141 5
276 4028 3
276 3376 10
277 1174 6
277 981 9
277 360 8
278 3926 2
278 4230 4
278 1576 3
279 1607 9
279 4848 4
280 4025 2
281 2381 8
281 1996 8
282 3647 3
282 4681 3
282 3469 3
282 1410 6
283 2402 5
283 4255 5
284 228 3
284 3675 3
285 876 9
286 2358 1
286 4300 8
286 3048 8
286 208 10
286 4568 5
287 3366 1
287 2354 10
288 804 2
288 1002 6
288 3416 6
289 979 6
289 2240 7
290 2895 9
291 4724 10
291 2140 1
291 878 2
291 2575 9
291 2252 7
292 1266 8
292 3862 3
292 1393 4
292 2 2
293 1150 4
294 933 9
294 1972 2
294 1522 6
294 2601 3
294 2611 4
295 491 1
295 3979 4
295 324 8
295 3193 7
296 4859 9
297 375 1
297 38 4
297 2679 5
297 3415 9
298 774 6
298 2614 3
298 4109 5
299 527 7
299 4098 2
299 4233 5
300 2222 8
300 3320 5
300 4108 1
300 1683 2
300 4793 6
301 3128 8
301 2421 1
302 3737 1
302 2527 4
302 2755 1
302 3982 1
303 2567 9
303 3430 8
304 132 4
304 1915 8
305 761 3
305 3511 8
305 2487 7
306 3131 5
306 373 9
306 1827 1
306 2558 3
307 3251 3
308 4797 3
308 2858 5
308 1490 7
308 723 8
309 4810 5
310 4262 2
310 730 3
311 3857 2
312 4236 9
312 2489 9
312 1395 8
312 4874 5
312 4139 10
313 1556 4
314 4383 9
314 3401 7
315 4700 10
315 4863 4
316 4193 10
316 1259 2
316 3326 1
316 4097 6
316 4377 3
317 4122 10
317 4885 5
317 1298 6
318 273 7
318 3181 2
318 4239 5
318 804 7
318 1335 1
319 1146 6
319 3084 7
320 4082 5
320 3446 1
320 3852 8
320 3245 7
320 2938 7
321 607 6
321 1333 6
321 19 7
321 1721 5
321 2602 9
322 4932 7
322 3102 5
323 4032 6
324 3108 6
324 3005 8
324 4261 2
324 3193 8
325 1509 10
325 1026 5
325 2623 8
325 1415 5
325 549 9
326 3001 5
326 3752 4
326 3704 7
327 4755 10
327 2098 10
327 4472 2
328 2421 4
328 2353 8
328 1151 5
329 969 2
329 3436 5
329 3336 5
329 1746 7
330 2017 5
330 162 9
330 1452 8
331 2535 6
331 3351 1
331 1545 4
331 2289 1
332 4962 9
332 4819 7
332 2521 6
333 967 2
333 1995 3
333 2649 4
333 517 1
333 1652 9
334 355 5
334 1329 1
334 2161 10
334 3699 7
335 3926 6
335 1121 1
335 4128 2
335 1271 2
336 4226 9
336 4934 3
336 1540 4
336 1110 2
337 1534 1
337 3803 8
337 4177 6
337 1709 8
337 2079 7
338 1917 1
338 3535 1
338 1383 4
338 2617 5
339 937 3
339 4212 9
340 2775 6
340 2801 10
340 1650 2
341 3928 8
341 3214 10
341 555 7
341 557 7
341 4973 1
342 1624 5
343 1713 7
343 2193 3
343 4509 9
343 3915 1
344 1855 4
344 2788 9
344 4538 2
344 1196 3
345 4669 1
345 1851 1
345 1847 10
346 1181 7
346 3628 3
347 4971 10
347 3094 1
347 4630 7
347 81 7
348 3443 8
348 4407 9
348 2414 5
348 666 7
349 4698 8
349 2245 10
349 490 6
349 3281 5
350 17 3
350 565 1
351 712 5
351 3229 8
352 4579 2
352 2019 7
352 3031 4
352 1770 4
353 1551 2
353 1589 7
353 4823 2
354 2201 5
354 2566 6
355 3699 7
355 2161 5
356 2411 10
356 599 10
357 1112 2
357 1815 9
357 1253 1
358 1029 2
359 4197 1
359 2430 9
359 998 2
359 4787 6
360 3722 3
360 1174 7
361 3114 5
361 3132 10
361 2386 3
362 487 5
362 4956 9
362 2715 4
362 1201 5
363 1321 10
363 1877 2
364 367 8
364 580 6
364 1708 7
365 4835 7
365 2223 10
365 3223 3
365 1380 3
366 1134 9
366 3959 2
366 4922 8
367 3399 5
367 1167 7
367 927 2
368 3817 10
368 2956 8
368 1433 5
368 2608 2
369 990 10
369 1580 1
370 3955 1
370 3518 2
371 1725 5
372 1372 9
372 2840 1
372 4127 5
373 508 5
373 1075 8
373 2558 5
373 4944 7
374 2909 4
374 23 9
374 4558 2
374 4313 4
374 418 6
375 2901 9
375 2679 7
375 2798 9
376 1376 10
376 1546 9
377 4038 5
377 1950 3
377 866 9
378 3804 5
378 2358 8
379 2420 6
379 4538 9
379 4928 8
379 597 7
379 3738 9
380 605 8
380 2649 9
380 1995 7
380 517 6
380 2403 7
381 2912 1
381 1631 9
381 2008 3
381 1161 2
381 2271 1
382 4988 4
382 2195 8
382 3856 2
382 1513 7
383 2289 6
383 4387 6
383 2535 9
383 1545 3
384 3846 8
384 3269 2
385 3060 7
385 1193 5
386 4137 2
386 153 4
386 760 4
387 4616 3
388 987 2
388 4900 8
388 951 2
389 1730 5
389 3476 10
390 3512 5
390 3384 1
390 3821 2
391 1630 8
392 1284 2
393 1365 5
393 3427 7
393 2258 7
393 1166 10
394 4873 8
394 2687 5
394 4605 2
394 4658 7
395 3575 8
395 1135 3
395 2319 3
395 2814 7
395 2937 4
396 1700 8
396 3510 8
396 3468 4
396 705 9
396 540 1
397 1475 4
397 690 10
398 2158 7
398 130 1
398 4253 3
398 3440 2
399 4651 5
399 1091 3
399 4803 9
399 3846 5
399 632 8
400 4845 1
400 408 3
401 2126 2
402 1799 5
402 3184 10
402 2499 4
402 1516 5
402 507 8
403 1739 9
403 679 10
403 2946 10
403 3938 4
403 3085 1
404 2844 2
405 3020 4
405 868 2
405 5000 2
406 4543 4
406 3053 7
406 1131 3
407 3095 3
407 1440 9
407 4966 10
407 1937 6
407 1346 1
408 4327 7
408 4399 3
408 1161 3
408 2912 1
409 4873 7
409 4658 9
409 4605 9
410 4248 6
411 4310 2
411 3052 6
412 3007 1
412 3916 3
413 1915 9
413 304 10
414 4456 7
414 3363 4
415 3124 10
415 125 9
415 3342 6
415 4354 9
415 2500 1
416 2375 6
416 1245 8
416 1790 6
416 651 6
416 3577 10
417 1467 8
417 1861 2
417 2484 6
417 2550 9
417 1548 3
418 4923 5
418 4313 7
419 2703 3
419 4238 9
419 1228 3
420 4461 4
420 3314 4
420 681 8
420 4947 5
420 846 10
421 2597 5
422 895 4
422 1811 2
422 758 4
422 3660 7
422 2880 4
423 1016 7
424 337 8
424 4903 9
425 1546 5
425 667 6
425 3520 5
425 910 9
425 1419 10
426 1357 5
426 1808 5
426 4436 10
426 1701 7
426 4696 8
427 2678 7
427 2280 7
427 1758 8
428 960 3
428 4800 9
428 1409 5
428 1984 1
429 1956 3
429 4882 7
429 4479 7
429 3579 3
430 3622 10
430 2553 7
431 2309 2
432 3703 7
432 2427 3
432 4015 9
432 4385 1
432 2311 10
433 2890 8
434 2426 8
434 1566 3
435 1869 9
436 2347 4
436 448 8
436 4645 6
436 1479 6
436 1255 8
437 2041 6
437 4419 3
437 4425 9
438 675 9
439 1118 10
439 2995 6
439 26 6
440 3731 7
440 2990 4
440 1148 8
440 2957 3
440 1381 8
441 1941 4
441 3654 9
441 2725 6
441 3199 1
442 4096 8
442 2912 3
442 1161 7
442 4969 3
442 80 3
443 1700 9
443 282 10
443 4577 3
444 4538 2
444 344 8
444 4123 4
445 881 2
445 1325 2
445 1202 5
445 3875 4
446 1376 1
446 376 2
446 3571 8
446 3995 2
446 2709 6
447 2707 9
447 189 10
448 489 3
449 597 4
449 4592 6
450 4787 5
450 2353 1
451 1734 2
451 278 5
451 4230 8
452 1270 9
453 4368 5
453 620 2
453 356 1
453 1478 7
453 2886 9
454 1532 6
454 3182 6
454 4463 5
455 4247 6
456 4811 1
456 1051 9
456 4609 5
456 1198 3
457 3664 6
458 1374 5
459 4452 3
460 1957 3
460 2579 6
460 163 4
461 1213 9
461 3294 4
461 4299 2
461 1763 7
461 3168 5
462 1628 6
462 942 3
462 3126 4
462 1100 7
463 4412 7
464 4254 9
464 613 10
464 3386 6
464 1311 1
465 1473 7
465 4556 2
465 4264 5
466 463 10
466 2440 8
467 2455 10
467 3274 9
467 4181 3
467 3834 6
467 3382 3
468 4363 10
469 3141 2
469 1061 3
470 4608 5
470 3505 2
470 4088 4
470 806 1
470 3279 2
471 1879 1
471 2791 6
471 1932 10
472 944 3
472 4497 4
472 4140 7
473 1990 9
473 1162 5
473 2658 1
473 795 6
473 4694 6
474 3269 7
474 4911 9
474 4803 4
474 3846 4
474 1091 6
475 2975 8
475 2647 9
475 1188 3
476 1530 10
476 1537 6
477 2478 4
477 4190 1
478 1517 5
478 4165 6
478 4375 7
479 2507 6
479 1664 7
479 2587 6
480 3190 2
480 1784 7
481 4770 2
481 3821 4
482 4275 8
482 2631 7
482 3822 4
483 422 6
483 2538 5
483 58 3
483 683 6
484 1464 1
484 1094 1
484 4795 2
484 1458 5
485 3695 8
485 2753 10
485 1980 2
485 1605 7
485 3563 3
486 2063 5
486 2184 3
486 2656 10
487 1201 7
487 2163 1
487 3292 6
487 3039 8
488 345 5
488 2127 9
488 1159 8
489 4384 6
489 3220 9
490 989 2
491 1623 1
491 3193 4
492 3466 3
492 4520 4
492 4314 3
493 4712 10
493 4485 2
493 4955 3
493 4161 1
493 3685 2
494 952 8
494 2637 1
494 2573 5
494 2917 6
494 2481 5
495 4706 3
495 1246 2
495 3901 9
496 3825 1
496 250 6
496 428 3
497 1803 10
497 296 7
497 1675 1
498 3363 6
498 4992 7
498 2248 4
499 2747 9
499 3675 9
499 228 9
499 2613 4
499 4184 5
500 1763 8
500 4005 5
500 3294 2
501 1063 4
502 4093 4
502 1047 4
502 4782 9
502 1290 10
502 2682 2
503 3197 1
503 1678 1
503 67 1
503 4518 3
504 2359 3
504 3240 6
504 3413 6
504 1222 10
505 4095 6
505 4501 9
506 3548 9
506 776 3
506 3698 3
506 2475 9
506 1023 2
507 1806 3
507 4345 5
508 2764 8
509 705 2
509 3510 3
509 1700 9
510 1410 5
510 3510 3
510 3647 1
510 2944 9
511 672 5
511 929 3
511 7 9
512 3948 8
512 4633 1
512 4514 7
512 1362 1
513 66 7
514 4400 5
514 1523 6
515 953 1
515 4134 7
515 1215 10
516 3617 10
517 3355 8
517 3630 8
517 1590 3
517 4908 9
517 3583 4
518 5000 5
519 3624 3
519 2067 1
519 4016 6
519 1305 1
520 3438 10
520 4648 3
520 29 8
520 3990 8
520 3934 8
521 2670 10
521 311 6
521 3857 3
521 1009 3
522 4686 7
522 217 7
522 1751 1
522 4642 2
523 4049 8
524 3758 1
524 3462 3
525 1999 3
525 2480 10
526 1913 2
526 21 1
527 4098 5
527 1728 3
527 4942 6
527 821 10
527 1791 8
528 4117 5
529 3602 9
529 1306 10
529 1818 7
529 3717 2
530 2143 3
530 737 6
530 4364 8
531 4906 9
531 1225 8
531 2746 10
532 3951 7
532 2639 5
533 2761 4
533 1837 7
533 4358 1
533 4896 2
534 661 2
534 2106 4
534 1833 1
534 4714 4
535 1960 4
535 1077 1
536 3202 6
536 1131 2
536 2748 3
536 406 4
536 1183 2
537 2263 1
537 1632 5
537 62 9
537 3052 9
538 2735 1
538 369 7
538 3921 3
538 4971 10
538 2857 1
539 2619 2
539 2137 3
539 611 5
539 2711 7
540 4256 4
540 282 10
540 3469 4
540 4681 2
540 3510 6
541 3509 2
541 199 9
541 4409 4
541 4195 3
542 1676 5
542 3625 3
542 4841 4
542 2528 6
543 3783 9
543 1950 2
543 1243 8
543 866 4
543 4038 5
544 1749 3
544 771 9
544 458 2
545 1160 5
545 2673 6
545 3636 7
545 1356 3
546 542 8
546 3625 9
546 1676 1
546 2528 5
547 4763 10
548 3328 6
548 983 6
548 3486 8
548 4063 9
548 1482 1
549 722 8
549 4080 10
549 4030 10
549 1462 2
549 168 6
550 2683 6
551 4959 5
551 3603 5
551 4034 1
551 2503 8
551 3325 6
552 4102 5
552 4011 9
552 1988 2
552 1351 6
552 281 4
553 1006 6
554 458 7
555 733 10
556 1456 5
557 2616 1
557 733 7
557 2441 7
558 160 1
558 2983 10
558 1488 4
558 3370 2
559 4406 1
560 3916 8
561 2508 7
562 4801 8
562 3924 5
563 953 7
563 3069 4
563 4228 7
563 1215 7
563 2058 10
564 1970 1
564 2352 10
564 4391 10
564 3820 1
564 2968 4
565 1725 5
565 3727 5
566 4825 8
566 2772 1
566 4836 6
566 1210 5
566 875 7
567 2 4
567 4496 3
567 55 8
568 2572 9
568 3740 10
569 1062 8
569 325 7
569 1748 9
570 4938 4
570 3140 6
570 2842 2
570 680 5
571 1999 8
571 2880 3
571 2259 9
571 895 3
572 1686 5
572 2943 6
572 3891 2
572 1643 9
572 4722 3
573 2090 10
574 3990 2
574 1352 5
574 3819 2
575 3661 2
575 2035 7
575 1712 8
576 3088 8
576 4402 4
577 4310 6
577 537 7
577 411 7
578 4037 7
578 1076 6
579 255 1
580 4902 4
580 3191 9
580 1263 7
581 4692 3
581 3821 2
582 1377 1
583 1051 4
583 1610 2
584 1862 4
585 1564 5
585 3150 3
586 4986 10
587 616 1
587 4871 2
587 3341 4
587 696 10
588 4310 3
589 3751 8
589 3553 10
589 3149 5
589 1797 9
589 4965 9
590 3678 7
590 1723 3
590 1113 10
590 1879 9
591 1041 2
591 4134 4
591 1606 2
592 2236 5
593 3639 5
593 2613 4
594 767 10
594 1530 6
594 1619 9
594 114 7
594 1963 7
595 4211 8
595 2299 10
595 4780 9
596 2997 5
596 1599 3
596 1961 8
596 3760 3
597 670 2
597 1998 9
597 4592 3
598 4863 10
599 478 10
599 4323 7
600 2700 4
601 2230 9
601 832 8
602 3703 4
602 1899 9
602 2427 3
602 4385 6
602 2813 1
603 1473 2
604 1741 3
604 4765 2
605 138 4
606 1001 9
606 4210 1
607 1333 9
608 2180 6
608 668 1
608 4155 1
608 2879 10
608 2167 3
609 4610 9
610 3133 6
611 1983 10
612 951 8
612 788 9
612 4900 7
613 4520 5
613 2737 1
613 4314 4
613 1757 6
613 3466 10
614 2418 9
614 3141 7
614 2425 9
615 4695 7
615 3431 1
615 1517 8
616 3925 4
617 303 4
618 2661 1
618 4716 2
618 2272 8
618 4614 1
619 1723 4
620 1885 2
620 4368 8
620 547 9
621 3638 5
622 2636 2
622 4402 2
622 2758 10
623 2850 5
623 4126 7
624 3839 8
624 4174 7
624 2333 8
624 2932 4
624 1506 1
625 3330 1
625 3705 4
625 1737 6
626 4069 5
626 3884 10
626 1397 8
627 2761 4
627 1837 6
627 2907 9
628 3258 7
628 1079 8
628 2368 7
629 3483 2
630 3666 7
630 2885 3
631 4242 4
631 4915 10
631 4713 4
631 3933 7
631 2821 7
632 4911 1
632 3230 9
632 4803 5
632 4529 8
633 695 4
633 4462 6
633 3426 3
633 4052 6
633 1438 3
634 3686 1
634 1938 1
635 4494 1
635 3452 10
635 429 7
635 3086 1
635 2615 7
636 2530 9
636 1359 7
636 2382 1
636 2341 5
637 4287 2
637 3048 2
637 3804 8
637 958 6
638 2607 10
638 2849 10
639 3847 10
640 231 9
641 2188 4
641 1277 7
642 2689 9
642 1120 3
642 2505 7
642 2647 1
642 1925 10
643 2998 7
643 2285 4
644 2214 3
644 2806 9
645 4786 4
645 668 10
646 2097 5
646 3297 6
646 4989 1
646 4211 8
647 2265 7
647 2572 7
647 2548 4
648 4626 10
648 4410 1
648 3214 7
648 2986 1
649 2329 4
649 3348 4
650 3374 4
651 2300 8
652 3268 8
652 712 6
652 4284 4
652 3251 5
653 1101 7
653 156 8
653 3316 10
653 3362 10
654 1142 9
654 3595 9
654 818 9
654 3361 5
655 4685 7
656 3002 1
657 3402 7
657 1575 7
657 1857 8
657 4958 10
658 1327 10
658 1551 5
658 2142 4
658 353 4
658 1589 8
659 4325 7
659 3803 9
659 2079 2
660 24 8
661 2224 10
662 1123 3
662 2726 2
663 4745 3
664 3174 2
665 1530 9
665 2611 4
665 114 5
665 1705 6
666 2489 3
666 4236 9
666 3855 10
666 4139 3
666 4874 10
667 4365 6
668 2627 8
668 4786 10
669 3236 4
669 2898 8
670 3711 10
671 2157 10
672 1930 5
672 4725 9
673 187 2
673 2291 8
673 2803 3
674 4479 3
674 1476 2
675 4713 1
675 4546 4
675 3500 1
676 4906 1
677 1230 9
677 4346 4
677 301 4
678 4727 2
679 2946 9
679 2022 3
679 1739 6
680 2450 10
680 3140 6
680 1448 8
680 4938 10
680 3030 5
681 3187 9
681 2597 8
681 514 2
681 1523 5
681 2406 3
682 2847 3
682 2947 8
682 2193 10
682 3544 6
682 1713 5
683 3660 8
683 2725 9
683 3654 10
683 895 2
683 1941 10
684 604 9
685 1562 7
685 2165 1
685 1191 5
685 1155 6
686 630 10
687 3270 7
687 1543 1
687 4344 6
687 3331 4
687 3788 9
688 4629 4
689 1641 2
689 2631 7
689 3192 1
690 711 9
690 3263 7
691 564 8
691 3820 2
692 2588 4
692 1945 1
692 3288 3
693 3925 2
693 3701 4
693 2124 8
693 3065 8
694 2815 6
694 2779 10
694 3616 1
695 840 5
695 2337 8
695 2448 10
696 2124 9
696 3925 5
696 2621 6
696 4273 8
696 1247 10
697 1742 2
697 3832 1
697 3200 9
698 2434 3
698 3380 8
699 1869 7
699 1190 8
700 4426 10
700 3961 10
700 3467 1
701 3222 2
702 3670 6
703 3130 7
703 2270 1
704 2417 5
704 869 1
704 4906 5
705 282 10
705 1539 4
706 493 8
706 4188 8
706 2822 2
707 2626 3
708 2635 2
708 2517 5
708 3017 7
708 3674 1
709 2484 2
709 1467 1
709 1902 4
709 4035 7
710 731 3
710 3449 9
710 2191 10
710 2933 10
711 1961 9
712 259 9
712 4785 8
712 1417 2
712 1479 5
713 2364 4
713 1991 8
714 3674 1
715 1458 10
715 260 7
716 4203 8
716 4758 9
717 3520 8
718 1862 7
718 854 3
719 4010 9
719 4853 6
719 3133 9
720 885 1
720 2325 4
721 1535 6
721 4749 5
721 861 8
722 104 9
722 2853 6
722 2560 9
722 1774 5
723 452 7
723 2901 6
724 2947 3
724 3666 9
724 649 5
724 2836 2
724 2193 2
725 218 5
725 1820 8
725 4465 10
725 3071 4
725 1208 6
726 2341 3
726 4863 10
727 556 1
727 2922 9
728 4147 7
728 1754 6
729 2902 6
730 499 3
731 2439 6
731 2139 2
731 2054 2
731 592 1
731 263 1
732 1598 10
732 892 6
732 230 8
732 4672 1
733 3877 9
733 339 3
733 2441 1
733 2268 8
734 2792 7
734 2844 4
734 4430 1
734 4744 10
735 1556 5
735 2720 7
736 4157 9
736 3308 10
736 4821 4
736 1309 4
736 1830 6
737 2143 10
737 3693 6
737 3724 9
737 4733 6
738 3263 7
738 3677 4
739 1810 3
739 1830 10
739 1309 3
739 2383 6
739 4157 1
740 1944 3
740 2367 4
741 4881 7
742 4673 6
742 2798 2
742 2901 2
742 2462 1
743 588 4
743 1195 8
743 4467 3
743 3890 9
743 3963 5
744 3332 2
744 4801 1
744 3917 9
744 1521 8
745 4004 4
746 899 1
747 2971 8
747 1386 10
747 1617 8
748 2872 9
749 2547 9
749 4440 10
749 3580 8
749 1564 6
750 4286 7
751 3186 5
751 4623 7
751 3256 2
751 433 10
751 3432 1
752 3731 1
752 2957 7
752 1048 6
753 3011 6
753 3463 1
753 3207 6
753 2777 1
753 3863 10
754 848 3
754 3893 4
754 2080 4
754 3913 4
755 4687 2
755 1568 3
756 522 4
756 3721 7
756 2604 9
757 1367 9
757 3803 6
757 2079 4
757 2799 2
757 337 4
758 895 8
758 3267 7
759 512 10
759 4514 1
759 2725 1
760 1901 10
760 1630 5
760 2247 9
760 1484 9
761 2487 4
761 1760 5
761 3487 9
762 521 9
763 2446 9
763 515 6
763 1606 3
764 1056 8
764 4929 1
764 4428 7
764 4827 9
765 3549 1
766 990 6
766 4297 8
766 1046 9
767 2197 8
767 135 5
767 2983 2
768 4154 1
768 4148 1
768 4333 9
769 2335 9
769 663 2
769 2629 2
770 166 9
770 1102 2
770 1862 6
770 584 1
770 1232 1
771 3421 4
771 1308 2
771 2346 7
771 1374 1
771 174 2
772 1605 6
772 255 9
772 4175 3
773 1395 5
773 4874 9
774 2198 7
774 3253 10
774 4099 3
775 2675 10
776 1865 6
776 2754 8
776 1331 7
776 2171 2
777 440 7
777 2052 1
777 3519 8
778 3300 4
778 2177 4
779 1857 1
779 3922 8
779 4958 1
779 4816 2
780 1276 1
781 4008 9
781 2544 9
781 3854 2
781 2030 8
781 938 6
782 1142 2
783 1157 7
783 3761 10
783 2662 9
783 3532 4
784 1843 9
784 1242 8
784 2549 6
785 2336 8
785 4765 4
786 915 8
787 1497 3
787 478 6
788 287 4
788 3221 9
788 1784 5
788 813 1
789 793 3
789 4266 4
789 4013 3
789 4812 4
789 2310 8
790 1139 3
790 4824 10
790 814 9
790 4726 10
790 3991 4
791 1218 2
792 2154 6
792 2412 4
792 4344 6
792 535 5
792 4488 6
793 1166 10
793 1365 2
793 180 1
793 393 10
793 2712 9
794 2053 8
794 3162 8
795 1554 3
795 4941 9
795 2249 5
796 3430 10
796 2927 1
797 2626 9
797 1144 5
797 3624 1
798 2199 5
799 4527 5
799 2766 2
799 1079 7
799 97 8
800 2095 6
800 4069 2
801 2161 4
801 1329 2
801 1971 9
802 628 8
802 3798 4
802 1079 10
803 4984 6
804 946 3
804 1838 5
805 3863 7
805 2397 8
805 2777 2
806 2197 7
806 4418 7
806 3505 2
806 1963 3
807 2023 6
807 2025 5
807 256 6
808 3373 10
808 1574 9
808 265 2
809 1128 6
809 4992 6
809 1606 4
810 3702 2
810 4448 5
810 808 6
810 2888 1
811 582 5
811 1267 8
811 3578 1
811 3981 2
812 2162 10
812 4851 3
813 1181 10
813 2034 3
813 4616 8
813 1140 4
813 4117 1
814 3362 1
814 653 3
814 1101 5
814 6 1
814 1471 5
815 298 8
815 3253 7
815 4099 3
815 3514 9
815 3210 5
816 2401 4
816 2823 6
817 3194 9
817 4218 7
817 1695 8
817 439 7
817 26 8
818 527 2
818 1262 2
819 4923 8
819 976 5
819 1453 8
819 3008 9
819 2874 9
820 2707 10
820 4110 6
820 882 7
820 4961 5
820 3494 9
821 1217 10
821 1791 6
821 3479 9
821 2039 3
821 3714 6
822 1650 5
822 4654 7
822 340 3
823 4978 1
823 4071 6
823 3657 3
824 4757 8
824 1480 1
825 3665 5
825 4160 1
825 1474 7
826 231 1
826 899 3
826 2750 1
826 3869 1
826 2344 6
827 2558 5
827 856 4
827 4442 2
828 2637 9
829 842 10
829 3802 8
830 784 2
831 3964 10
832 1400 2
832 3231 5
832 3027 3
833 1407 7
833 2096 9
833 1736 3
834 2928 3
834 2102 8
834 2762 8
834 2829 4
835 3734 9
835 3025 4
835 3276 4
835 3425 10
835 2321 9
836 1136 5
836 3087 2
837 912 3
837 1868 5
837 4868 2
838 1599 6
838 711 7
838 2948 6
838 4826 3
839 2911 7
839 3750 2
839 2178 5
839 948 10
840 930 7
840 614 10
841 1011 4
841 1792 3
841 633 9
842 4458 7
843 598 5
843 1273 1
843 3977 1
843 2341 1
844 4227 1
844 1895 3
844 132 4
844 3363 4
844 4017 7
845 2126 5
845 2485 7
845 1958 7
845 1684 7
845 4752 4
846 4461 3
847 3385 7
847 974 10
847 2284 5
848 1219 5
849 4503 7
849 4703 7
849 954 2
849 1402 1
849 268 4
850 3941 3
850 1521 9
850 3917 8
850 744 8
850 1538 7
851 4490 2
851 369 3
851 766 9
851 1046 10
852 2557 10
853 1130 3
853 1859 9
853 1106 4
853 3582 10
854 117 2
854 1 8
855 4374 8
855 3964 10
855 3655 4
856 4849 3
856 2764 8
856 3908 4
856 4840 5
857 2360 6
857 883 10
858 2131 3
859 894 9
859 3057 5
859 4045 10
860 4405 6
860 1203 10
860 624 7
861 3956 2
862 4889 9
862 2667 3
862 49 8
862 388 2
863 1579 6
863 4010 1
863 986 7
863 3894 1
863 4853 8
864 983 9
864 3486 5
864 4132 1
865 1331 2
865 618 9
865 2169 7
866 562 10
866 3332 1
867 2010 3
867 3659 10
867 2073 4
868 3526 3
868 2365 9
868 1354 2
869 4763 6
870 1325 6
870 3451 5
870 1425 6
870 1794 5
871 3795 4
871 4153 1
871 3013 6
871 4545 2
871 4432 3
872 1798 8
873 4993 7
873 179 6
873 1475 2
873 61 6
874 3512 2
874 4770 8
874 3821 4
875 1188 5
875 1476 3
875 642 6
876 2960 2
876 1106 2
876 3777 8
877 4856 9
878 2140 6
878 2575 10
878 1058 10
878 3522 9
878 2252 7
879 1429 7
879 1786 3
879 3201 5
880 2336 3
880 2639 4
880 4765 3
880 3392 1
881 1660 3
881 1794 6
882 4961 1
883 3195 9
883 4798 1
884 2457 3
885 3837 7
885 4890 3
886 137 5
886 1721 6
886 2123 1
886 1562 6
886 2782 3
887 4469 1
887 3117 8
887 4879 8
887 2771 8
888 3247 4
889 3892 10
890 2225 2
891 327 8
891 4755 7
892 2790 7
892 1071 10
892 230 2
893 3612 5
893 1025 6
893 1739 9
894 4911 8
894 399 7
894 384 2
894 4699 5
894 3719 5
895 3267 7
895 3478 5
895 2727 6
895 3199 1
896 2918 6
896 1728 4
896 1262 3
896 2039 7
896 1296 8
897 1331 4
897 4150 10
897 2171 6
897 618 6
897 865 9
898 988 6
899 4974 7
899 4601 4
899 1951 6
900 2745 5
900 1263 3
900 1167 1
901 1484 4
901 1205 5
901 238 7
901 1901 4
902 2297 7
902 3089 10
902 2731 7
902 2257 6
902 2324 3
903 2515 7
904 334 5
905 2792 10
905 139 3
905 2982 2
905 4044 7
906 3387 9
906 2690 4
906 1742 2
907 3395 1
907 1431 2
908 4606 2
909 1061 1
909 3141 3
910 3529 6
910 3520 7
910 1236 8
910 717 10
911 3446 3
912 3032 2
912 1868 5
912 2724 6
913 1478 2
914 3159 7
915 3781 8
915 2077 2
916 3453 6
916 1696 3
916 4443 2
916 4062 10
917 3440 10
918 435 2
918 1765 5
919 2689 10
919 2772 10
919 4882 5
919 1925 8
920 3838 1
920 4086 8
921 4114 10
921 821 6
921 4233 5
922 4652 4
922 116 5
922 2464 9
922 3939 2
923 223 2
923 3905 5
923 2274 2
924 1407 8
925 1399 2
925 1792 6
925 1011 3
925 1221 10
925 240 9
926 4243 6
926 2437 3
926 3041 4
927 2745 1
928 550 8
929 1895 9
930 2559 2
930 2425 7
930 3141 2
931 1746 8
931 329 3
931 969 4
931 803 9
931 4671 5
932 1100 9
932 4530 10
932 3720 4
932 692 4
933 135 6
933 1530 7
933 2611 4
934 4201 8
934 1574 2
934 4168 7
934 2991 2
934 3373 5
935 3453 4
935 2220 7
935 4076 1
935 4307 7
936 4046 3
936 4070 6
936 4673 6
936 4729 8
936 4550 8
937 404 8
938 3849 3
939 3812 4
939 2593 1
939 4264 9
939 2529 1
939 2493 9
940 2029 5
940 4616 10
940 987 9
940 480 3
940 4420 8
941 349 10
941 4698 2
941 3608 6
941 4807 8
942 2588 3
942 3375 1
943 4932 5
943 3603 4
943 2503 6
944 1746 7
945 1443 5
946 501 4
946 4095 3
946 3004 6
946 505 10
947 553 10
947 519 1
947 3091 3
947 2067 2
947 1305 9
948 2178 6
948 3135 3
948 2028 1
948 2255 3
949 4235 8
949 1011 3
949 909 1
949 1414 5
950 2570 9
950 312 4
951 3366 7
951 3221 9
951 3737 6
951 4832 3
952 1231 5
952 1380 10
953 4498 3
954 1274 10
954 4503 1
954 3383 6
955 2038 10
955 2800 2
955 1065 9
956 1137 8
956 2520 4
957 626 9
957 4885 1
957 4069 9
957 3217 7
958 12 3
958 3195 4
958 3940 3
959 2286 4
959 1990 8
959 1162 8
960 4813 3
961 3591 2
961 3339 10
961 4634 7
961 1571 4
962 2222 7
963 3557 10
964 4807 7
964 2591 6
965 3177 6
966 2877 6
966 2370 9
966 4808 3
966 3329 2
966 69 8
967 2379 8
967 2322 8
967 3630 8
968 4176 7
968 3985 7
968 4732 3
968 893 2
968 1348 10
969 4125 5
969 3562 5
969 4671 7
969 2061 4
969 1724 2
970 975 3
970 4931 8
970 2241 4
970 392 3
970 718 4
971 435 4
971 2018 2
972 390 7
972 4770 2
972 4692 3
973 1885 6
973 2897 9
973 4106 9
974 3385 9
974 4019 9
974 1111 2
975 3295 5
975 117 2
975 4984 5
976 198 7
977 2403 7
977 517 2
977 605 7
977 1814 3
977 333 5
978 4592 7
979 890 4
980 3808 10
980 794 10
980 2053 5
980 402 9
980 1282 8
981 1836 2
982 1724 4
982 1746 8
982 944 5
982 2970 10
982 2061 2
983 4132 7
983 4551 2
983 2856 6
983 3063 7
984 109 5
984 894 9
984 4911 7
984 3846 2
985 3147 2
985 2568 2
986 1256 2
986 1136 4
986 3163 2
987 4832 9
987 2354 2
987 287 4
988 895 2
988 422 10
989 1613 8
990 4570 3
990 267 1
990 2542 9
991 4101 5
991 3280 3
991 4403 4
991 4802 1
991 3000 5
992 2992 8
992 1883 5
992 1370 4
992 4694 9
992 1962 8
993 300 6
993 1683 10
993 4793 2
994 3778 8
994 2307 6
994 183 6
995 1696 2
995 4076 9
995 2662 7
995 783 9
995 1401 5
996 2317 8
996 3300 6
997 4630 9
997 4677 4
998 2105 8
998 2388 10
998 3021 1
999 2230 7
999 601 6
999 3902 8
999 3231 9
999 832 5
1000 1951 10
1000 1361 2
1000 4601 8
1001 2328 6
1002 280 8
1002 1838 2
1003 2548 6
1004 2941 2
1005 410 1
1005 1286 7
1005 3440 2
1005 3410 6
1006 561 7
1006 4517 6
1006 2508 5
1006 4997 9
1006 3235 1
1007 3539 3
1007 2190 5
1007 4988 7
1007 1513 4
1008 1742 10
1008 2690 1
1008 3387 6
1008 206 8
1009 3857 3
1009 4541 1
1009 4924 2
1010 755 6
1010 1069 7
1010 4138 3
1011 3141 1
1012 1808 4
1012 4839 5
1013 666 8
1013 146 9
1013 1802 6
1013 2570 2
1014 4745 6
1014 1680 6
1014 1154 5
1015 2294 9
1016 1519 3
1016 199 9
1016 3509 3
1016 2671 1
1016 4534 10
1017 2398 7
1017 3770 8
1017 223 3
1018 2506 8
1018 3651 5
1019 1345 6
1019 3682 7
1020 3682 3
1020 4069 10
1021 1532 2
1022 811 3
1023 3698 3
1023 1331 3
1023 2171 6
1023 4614 2
1023 1994 7
1024 733 8
1024 4973 6
1024 341 7
1024 2001 3
1024 557 2
1025 3085 9
1025 2173 8
1025 403 7
1025 1739 5
1025 2022 10
1026 872 10
1027 1900 10
1028 2161 5
1028 3699 1
1029 4459 3
1029 728 3
1029 4468 4
1030 3764 1
1030 539 4
1031 4227 8
1031 4498 6
1031 4992 3
1031 3069 1
1032 2332 9
1032 3837 5
1033 72 2
1033 55 4
1033 2 7
1033 1266 6
1034 924 9
1035 1927 9
1035 1095 8
1036 2291 9
1037 1946 6
1037 3501 10
1038 1688 7
1038 861 6
1038 4065 7
1038 3422 1
1039 1930 7
1040 219 9
1040 4365 9
1040 1376 2
1040 1546 8
1040 4721 1
1041 4134 6
1041 1606 9
1041 3046 3
1041 1775 4
1042 1941 4
1042 523 5
1042 1999 3
1042 895 10
1043 777 4
1043 440 7
1044 2793 5
1044 4035 10
1045 2224 8
1045 4714 10
1046 4340 8
1047 2279 3
1047 4652 5
1047 1804 6
1047 2828 10
1048 2031 8
1048 2969 5
1048 4666 8
1048 2015 8
1048 2221 3
1049 1937 7
1049 559 4
1049 4552 6
1049 407 5
1050 4110 4
1051 1483 2
1051 4714 7
1051 4609 3
1052 57 3
1052 158 8
1052 3112 4
1052 761 4
1052 4678 6
1053 2277 4
1054 4916 9
1054 1267 7
1054 1377 9
1054 2564 3
1055 1946 2
1055 1037 2
1055 2272 1
1056 1627 7
1056 1691 10
1056 2023 6
1056 2155 4
1057 283 6
1057 372 7
1057 1743 6
1057 2840 2
1058 1892 9
1058 2255 5
1058 3750 9
1058 2178 10
1058 4854 5
1059 2038 7
1059 2282 8
1059 1413 8
1060 2347 1
1061 2559 3
1061 4235 7
1061 1648 3
1061 2425 7
1062 1170 2
1062 239 7
1063 1344 10
1064 4605 1
1064 3449 5
1064 4378 5
1064 710 7
1064 2933 2
1065 276 4
1065 3929 6
1065 4028 3
1065 1204 9
1065 3376 1
1066 2463 4
1067 4154 8
1067 3649 5
1067 4148 2
1067 4482 10
1067 1468 10
1068 1873 4
1068 4744 10
1069 4687 3
1069 2273 4
1069 3442 7
1069 755 1
1069 655 5
1070 716 5
1070 2545 6
1070 1132 6
1071 610 10
1071 4672 10
1072 2215 5
1072 2199 2
1072 2049 4
1072 4607 9
1072 4380 4
1073 2193 4
1073 3348 1
1073 649 9
1073 2885 1
1073 343 7
1074 4197 9
1074 2430 6
1074 235 10
1074 2105 2
1075 4840 8
1075 2645 8
1076 4157 7
1076 35 10
1076 4945 9
1076 2869 8
1077 1228 7
1077 4238 4
1077 817 7
1077 2703 6
1078 42 7
1078 3 3
1079 3258 1
1080 805 3
1080 3011 8
1080 264 6
1080 3863 1
1081 2587 1
1081 1480 9
1081 479 7
1081 513 5
1082 1536 5
1082 3629 9
1082 3903 1
1083 3392 5
1083 2906 8
1084 3557 3
1084 4028 8
1084 3376 2
1084 963 6
1084 2600 3
1085 2225 6
1085 979 8
1085 4783 2
1085 2041 4
1086 989 4
1086 4507 4
1086 4807 4
1086 2591 6
1087 1338 4
1087 3528 2
1087 3873 10
1087 1759 3
1088 3046 10
1088 4992 4
1088 1895 10
1089 2642 5
1089 4039 8
1090 4985 10
1090 2793 3
1090 4035 7
1090 2614 8
1091 4803 6
1091 1900 2
1092 4778 8
1092 3151 4
1092 4613 9
1093 3825 2
1093 4800 10
1093 200 10
1094 4669 2
1094 60 6
1095 1927 10
1096 974 7
1096 1152 1
1097 4253 4
1097 4371 8
1097 3760 7
1097 917 1
1098 1692 7
1099 564 7
1099 1697 8
1099 2810 8
1099 2352 1
1099 3209 10
1100 4068 2
1100 3288 6
1100 2588 1
1100 1945 8
1101 3316 7
1101 3036 3
1102 1862 10
1102 392 6
1102 3436 6
1102 4575 7
1102 969 9
1103 505 3
1103 1364 1
1103 2424 7
1104 1512 4
1104 3163 10
1104 4621 8
1105 255 4
1105 1605 3
1105 2047 7
1105 772 3
1105 1980 9
1106 4748 8
1106 2504 8
1106 3777 10
1106 3874 1
1107 3909 10
1107 1220 7
1107 4545 7
1108 446 4
1108 1342 7
1108 2342 6
1108 4770 8
1108 1226 1
1109 1160 6
1109 3811 7
1109 1321 9
1109 1663 3
1109 1877 3
1110 4226 1
1110 362 10
1110 1201 7
1110 4956 10
1111 4884 5
1111 271 2
1112 2979 9
1113 2291 5
1113 1932 9
1114 1541 6
1114 603 2
1115 1400 5
1115 4205 6
1115 3902 4
1116 4640 3
1116 915 10
1116 2118 6
1117 3114 1
1117 4286 9
1118 4353 10
1118 1185 10
1119 891 7
1119 2560 7
1119 3594 8
1120 2189 6
1121 4230 9
1122 1146 4
1122 2632 4
1123 35 9
1123 4135 6
1123 578 1
1123 1826 9
1123 1076 6
1124 3488 8
1124 4478 3
1125 3214 9
1125 2441 2
1125 2268 3
1126 3887 6
1126 1488 10
1126 558 4
1126 160 7
1126 1908 4
1127 1426 1
1127 2375 9
1127 651 9
1128 2974 3
1129 4572 6
1130 694 5
1130 2956 10
1130 3777 6
1130 4151 6
1130 2608 7
1131 4811 6
1131 1051 5
1131 4714 7
1131 3533 1
1132 4848 9
1132 1607 8
1132 4953 5
1132 2999 1
1132 3482 9
1133 2299 9
1134 3497 6
1134 1857 3
1134 3059 9
1134 4822 1
1134 4816 7
1135 1441 8
1135 2064 1
1136 1833 3
1136 2830 2
1136 456 10
1137 2520 7
1137 3377 8
1137 625 3
1138 3857 6
1138 2812 8
1139 3036 4
1139 653 2
1139 4834 6
1139 3172 9
1139 275 9
1140 1182 1
1140 2669 3
1141 454 4
1142 1262 6
1142 821 9
1142 3554 4
1142 818 4
1143 1012 7
1143 53 4
1143 1808 4
1143 4755 4
1144 3218 5
1144 2626 2
1145 132 9
1145 3046 10
1145 4017 2
1146 1673 8
1146 2632 10
1146 1525 8
1147 4594 8
1147 2767 1
1147 3293 8
1147 3983 10
1147 1235 3
1148 4350 1
1149 3434 6
1149 4539 9
1149 3481 7
1149 2588 9
1150 3970 4
1150 2021 1
1150 2812 5
1151 3285 7
1151 3021 5
1151 1177 9
1152 2897 5
1152 1111 1
1153 1382 2
1154 714 10
1154 3017 3
1155 1721 10
1155 19 4
1156 3116 6
1157 3548 10
1158 4402 7
1159 1458 2
1160 1356 3
1160 2132 9
1160 1663 1
1160 1244 4
1160 2673 3
1161 4338 10
1162 2249 10
1162 2708 8
1163 4862 1
1164 1756 1
1165 3983 7
1165 2767 8
1165 175 10
1166 2069 8
1166 1738 9
1166 688 10
1166 4604 1
1166 1180 5
1167 1263 2
1167 4902 9
1167 3845 7
1167 3191 6
1168 3182 6
1168 4463 9
1168 2104 3
1168 2674 9
1168 3367 8
1169 1725 1
1169 1958 5
1169 3792 2
1170 1315 5
1171 1449 3
1171 3426 8
1172 1939 7
1172 960 8
1173 1525 6
1173 1917 8
1174 1820 9
1174 4424 3
1174 3722 10
1175 1380 9
1175 2223 8
1175 3818 9
1176 1155 9
1176 1191 3
1176 2165 1
1176 685 7
1177 1734 6
1177 4747 7
1177 4230 5
1177 2105 1
1177 451 9
1178 1664 9
1178 31 2
1178 2587 4
1179 4808 4
1180 499 2
1180 310 1
1181 2755 1
1181 4117 9
1181 3628 2
1181 2527 10
1182 346 7
1182 287 5
1182 3547 7
1182 2354 3
1183 1131 2
1184 2446 7
1184 1145 9
1184 763 4
1185 3104 3
1185 3534 9
1186 2254 9
1186 4253 6
1186 2350 6
1187 1273 5
1187 1762 1
1187 4863 5
1187 2341 3
1187 2101 5
1188 2505 2
1188 2846 8
1188 2189 5
1188 2689 1
1189 676 8
1189 3174 6
1189 1801 10
1190 698 7
1190 1102 2
1190 3380 10
1191 1721 3
1191 2123 7
1192 325 5
1192 4027 6
1192 239 9
1192 1170 3
1192 2037 6
1193 4639 3
1193 3014 7
1193 437 8
1193 4425 8
1193 1310 7
1194 3444 7
1194 3249 2
1195 1681 2
1196 2401 9
1197 3222 1
1197 4487 2
1198 534 4
1198 4714 4
1198 3066 6
1198 1610 10
1198 2106 1
1199 4028 1
1199 276 7
1199 1413 1
1199 2556 8
1199 2038 5
1200 4023 2
1200 831 5
1200 657 3
1200 4511 6
1201 2163 10
1201 2345 8
1201 3487 9
1201 3292 5
1201 305 7
1202 3219 5
1202 3451 10
1202 2098 3
1202 239 1
1202 190 2
1203 2097 7
1203 3297 3
1204 3523 6
1204 2179 6
1204 2600 10
1204 1466 8
1204 2633 2
1205 3193 8
1206 1378 6
1206 2260 7
1206 2065 5
1206 2015 8
1207 3534 7
1207 1114 10
1207 1473 1
1208 1836 6
1208 4424 1
1208 3897 1
1208 1820 4
1208 2884 6
1209 1183 9
1209 1045 6
1209 4423 8
1210 2846 4
1210 1120 3
1210 1925 9
1210 2447 6
1210 475 2
1211 2758 7
1211 4053 10
1211 2870 7
1212 4962 8
1212 629 5
1212 4996 2
1212 3483 4
1212 4693 9
1213 651 5
1213 1127 9
1214 281 2
1214 4102 1
1214 2381 9
1214 552 8
1215 3744 10
1216 34 4
1216 1613 1
1216 989 10
1217 1296 4
1218 3395 2
1218 2778 8
1218 1431 9
1219 2338 5
1219 2524 4
1219 4241 1
1219 3863 7
1220 3058 6
1220 2663 7
1220 2148 1
1220 3984 7
1220 4367 4
1221 4052 9
1221 4156 2
1221 930 8
1221 2522 7
1222 2259 1
1222 4318 7
1223 2628 7
1224 852 8
1224 2979 9
1224 2584 4
1225 693 5
1225 184 1
1225 1497 1
1225 787 9
1226 4770 2
1226 3384 7
1226 1342 7
1226 3821 3
1227 4774 2
1227 1977 8
1227 2500 2
1228 1118 2
1228 4376 7
1228 3104 3
1228 4540 5
1229 4968 2
1229 4196 7
1230 451 2
1230 4230 3
1230 3021 4
1231 3020 5
1231 518 7
1231 405 2
1231 36 6
1231 5000 7
1232 392 7
1233 587 8
1234 4938 4
1234 3030 5
1235 2287 10
1236 1546 5
1236 3965 10
1236 41 4
1236 350 9
1237 2126 5
1237 2606 1
1237 3473 6
1237 371 3
1238 3399 5
1238 254 3
1238 3845 4
1238 3842 7
1239 2812 3
1239 4750 7
1239 771 9
1240 3413 3
1241 2417 4
1241 2551 10
1242 4277 7
1242 207 6
1242 2723 2
1242 1942 10
1242 4033 1
1243 4682 3
1243 1538 8
1243 2860 4
1244 3081 6
1244 1617 5
1245 4521 1
1245 148 7
1245 1507 6
1246 109 7
1247 2265 10
1247 2572 4
1248 1660 2
1248 4670 8
1249 4585 7
1250 3161 7
1250 3814 6
1250 4207 10
1250 3264 3
1251 2886 6
1251 676 3
1251 1225 6
1252 1803 9
1253 852 10
1253 1527 7
1254 4678 9
1254 1760 7
1254 1926 6
1254 3487 10
1255 2474 10
1255 2164 7
1255 3302 2
1255 3220 8
1255 4645 2
1256 456 8
1256 4621 6
1256 585 3
1256 1610 1
1257 2859 2
1257 1264 8
1257 2189 3
1257 2505 6
1257 2846 4
1258 2522 6
1258 4156 7
1259 4598 8
1259 2066 7
1260 1256 7
1260 3894 4
1260 13 3
1261 3481 5
1261 4530 2
1262 1732 1
1263 242 2
1264 3158 3
1264 3704 1
1264 1767 2
1265 3079 7
1265 1559 2
1265 4460 6
1266 72 4
1266 3089 8
1266 4439 9
1267 4445 3
1267 2562 1
1267 999 1
1268 473 10
1269 3027 6
1270 2901 3
1270 4070 9
1271 2866 5
1271 4230 3
1272 3199 4
1272 4290 1
1272 758 2
1272 1999 4
1273 1384 7
1274 2796 5
1274 1406 6
1274 4503 9
1274 4703 7
1275 3353 8
1275 3797 4
1275 1745 7
1276 1158 2
1276 934 9
1276 622 5
1277 2092 4
1278 2945 7
1278 4391 10
1279 3809 1
1279 3665 5
1279 1797 9
1280 1561 9
1280 4713 7
1280 207 10
1280 2113 1
1281 4516 9
1282 3988 2
1282 507 8
1283 1684 9
1284 1724 8
1284 472 7
1284 982 10
1284 3436 10
1285 396 4
1285 282 4
1286 2158 5
1286 3002 4
1287 4276 2
1287 2303 10
1287 3632 10
1288 3527 4
1288 4638 3
1288 4705 7
1288 3109 8
1288 4588 6
1289 2820 8
1289 180 3
1289 3671 3
1289 1738 9
1289 1375 5
1290 4782 4
1290 2913 1
1290 2828 6
1290 3670 7
1291 3015 9
1291 3908 2
1292 4951 7
1292 4515 9
1292 2836 2
1292 3666 10
1293 2487 8
1293 2000 10
1293 4934 1
1294 4780 9
1294 4478 8
1294 2809 8
1295 1194 4
1295 2688 4
1295 4116 1
1295 3605 4
1296 2315 9
1296 2749 4
1296 4379 3
1296 1665 6
1297 2213 6
1298 2110 1
1298 2433 10
1298 2095 2
1299 2956 10
1299 257 2
1299 1433 6
1299 3166 5
1300 2036 1
1301 2507 6
1301 4754 10
1301 4770 9
1301 3384 1
1302 3577 3
1302 3003 4
1303 1027 3
1303 632 1
1304 4880 3
1304 3061 10
1304 3710 2
1305 1006 3
1306 4879 6
1306 3393 8
1306 3428 1
1307 3110 6
1307 3878 2
1307 2288 4
1307 1661 10
1308 1601 10
1308 1431 1
1309 3690 8
1309 4945 10
1310 3300 8
1310 289 2
1311 2849 10
1311 1513 6
1312 753 10
1312 264 10
1312 2397 3
1313 2681 4
1314 3439 1
1314 2595 6
1315 4472 10
1315 190 5
1316 4970 7
1316 88 4
1316 671 9
1316 4829 10
1317 427 5
1317 1758 2
1317 408 7
1318 2161 7
1318 2540 4
1318 4740 10
1318 586 4
1318 1971 5
1319 3286 3
1319 1561 10
1320 2561 4
1320 2338 8
1321 545 4
1321 1663 3
1322 2300 6
1323 1395 7
1323 4874 10
1323 2942 4
1323 2831 7
1324 3755 6
1324 1676 9
1324 2653 7
1324 3625 8
1325 426 3
1325 1012 1
1325 2699 10
1326 3442 4
1327 3027 5
1327 3231 10
1327 1022 5
1327 1054 7
1328 3193 3
1328 2923 10
1328 4261 10
1329 3699 7
1329 1187 4
1329 2161 3
1329 4986 3
1329 1971 9
1330 965 5
1330 1427 6
1330 1839 9
1330 1845 3
1330 3154 2
1331 2272 2
1332 3027 2
1332 2408 7
1332 4749 6
1333 4945 7
1333 1076 2
1333 3810 6
1334 312 8
1334 3492 7
1334 146 10
1335 3004 4
1335 1838 5
1335 1344 9
1336 4912 5
1337 3834 6
1337 4382 10
1337 2455 4
1337 3382 3
1337 3260 10
1338 3886 1
1339 4700 5
1340 2862 6
1340 3375 2
1340 550 2
1340 3712 10
1341 2444 8
1341 4180 7
1341 4402 7
1341 181 7
1341 2870 2
1342 3441 6
1342 4770 3
1343 463 2
1344 3045 10
1344 3491 10
1344 3356 6
1344 4055 8
1344 4667 5
1345 3217 8
1345 4674 1
1345 2433 4
1345 3884 9
1345 4885 1
1346 3841 3
1346 4902 7
1346 364 9
1346 3146 1
1346 2745 10
1347 2008 7
1347 4338 6
1347 4576 5
1347 1161 3
1347 2912 8
1348 1739 7
1348 3255 3
1348 4537 3
1348 2022 5
1349 637 9
1350 1527 7
1350 1918 5
1350 4280 7
1351 2381 6
1352 4028 3
1353 2822 4
1353 994 6
1353 2521 4
1353 4712 10
1353 4962 5
1354 3942 2
1354 2274 4
1354 2423 5
1354 4990 1
1355 4376 2
1356 4427 9
1357 4839 6
1357 4141 2
1357 4090 8
1357 4738 7
1357 3950 5
1358 4627 8
1358 290 5
1358 1391 2
1358 3114 1
1359 1787 3
1359 2546 3
1359 182 5
1360 4816 3
1360 3648 5
1360 3959 9
1360 4822 4
1360 4857 7
1361 1186 8
1361 4484 2
1361 4601 6
1362 3464 9
1363 3964 6
1363 1360 5
1363 3959 1
1363 779 10
1364 2129 7
1364 2424 7
1364 505 5
1364 1344 2
1365 1919 7
1366 23 4
1366 4741 5
1366 4558 6
1366 819 1
1367 1650 2
1367 2801 2
1368 3513 3
1368 4970 6
1368 12 6
1368 3551 9
1369 982 4
1369 1862 8
1369 2642 9
1370 1883 10
1370 2249 4
1371 3505 4
1371 580 8
1371 4088 1
1372 1298 4
1373 1273 1
1373 182 8
1373 1087 4
1373 3873 2
1374 907 8
1374 2743 1
1374 2027 1
1375 4184 10
1376 667 8
1376 219 6
1376 4721 3
1376 71 3
1376 4365 5
1377 3906 10
1378 109 4
1379 3355 8
1379 1977 2
1379 138 7
1379 4260 9
1380 2078 4
1381 3542 6
1381 2969 1
1381 2574 10
1381 3663 1
1382 3268 3
1383 2607 6
1383 2632 5
1383 2698 4
1383 1311 1
1384 3886 5
1384 1759 6
1384 2684 2
1384 3183 1
1385 4952 4
1385 1729 6
1385 1678 6
1386 2251 3
1387 4956 10
1388 4593 8
1389 1420 1
1390 4551 7
1390 1731 2
1390 1482 9
1391 113 1
1391 635 2
1391 429 10
1391 4306 5
1392 4207 7
1392 3264 8
1392 3814 6
1392 1834 3
1393 2257 5
1393 1266 1
1393 3089 9
1393 2092 3
1394 4351 1
1394 3673 9
1394 1591 7
1394 4784 10
1395 3681 8
1395 1349 8
1395 4874 2
1395 2231 7
1395 4513 9
1396 2873 2
1397 4948 7
1397 2095 8
1397 4523 5
1397 3217 9
1398 1300 4
1398 1539 5
1398 3647 6
1399 185 1
1399 909 2
1399 4156 7
1399 1648 6
1400 3252 3
1401 3031 8
1401 2475 4
1401 1157 3
1401 1331 5
1401 2019 1
1402 1406 6
1402 2309 3
1403 2271 1
1403 4224 4
1404 4699 10
1404 4911 4
1405 3735 9
1406 1155 4
1406 4833 4
1407 2401 4
1407 3776 6
1407 4538 1
1408 1101 3
1408 4824 7
1408 6 2
1409 4806 10
1410 1893 9
1410 4681 9
1411 1109 8
1411 3081 6
1411 60 6
1411 2127 9
1411 2243 7
1412 641 7
1412 2565 8
1412 1743 4
1412 2988 3
1412 1846 4
1413 1204 2
1413 4591 10
1414 2425 9
1414 4606 3
1415 881 4
1416 3 7
1417 4645 10
1418 3445 3
1418 4358 10
1418 533 2
1418 2907 2
1419 910 6
1419 1725 8
1419 565 7
1420 4551 1
1420 864 5
1420 1603 2
1421 4047 8
1421 4558 3
1421 819 2
1422 418 4
1423 1884 2
1423 3376 3
1423 2600 10
1423 16 8
1424 3445 2
1424 2907 10
1424 2181 4
1424 4524 3
1424 971 1
1425 4755 7
1425 3875 8
1425 2641 5
1425 2276 10
1425 1248 3
1426 792 9
1426 651 9
1427 1991 8
1427 965 2
1427 2151 3
1428 3249 4
1428 3445 9
1428 4087 2
1428 2064 3
1428 2319 4
1429 4364 4
1429 3693 6
1430 2222 2
1430 4108 5
1430 212 7
1430 1854 1
1431 4120 7
1431 2778 10
1431 3296 4
1431 3918 10
1432 3626 9
1432 2767 3
1432 3864 4
1432 2287 6
1433 694 4
1433 1529 8
1433 1446 5
1433 2208 5
1434 3381 8
1434 1032 4
1434 1717 6
1434 3254 5
1435 222 6
1435 3747 5
1436 582 3
1437 4253 4
1437 119 6
1437 398 3
1438 469 10
1438 2522 10
1439 305 8
1439 3487 3
1439 1110 1
1439 2345 5
1440 4731 6
1440 3146 5
1440 3841 2
1440 4470 7
1441 627 10
1441 2761 5
1441 3445 9
1441 4358 8
1441 2326 1
1442 1786 8
1442 1572 7
1443 3850 2
1443 4112 7
1443 3973 10
1443 2133 8
1443 4293 3
1444 3127 5
1444 1078 1
1444 1955 8
1444 2262 1
1444 3 2
1445 3970 10
1445 2890 2
1445 751 4
1445 433 5
1445 3432 9
1446 4625 9
1446 3866 7
1446 3259 6
1446 3054 3
1446 4111 4
1447 3078 2
1447 1215 3
1447 4207 5
1447 3161 8
1448 2842 2
1448 2450 6
1448 1388 10
1448 3030 5
1449 1258 3
1449 2716 9
1449 1495 6
1450 618 3
1451 1042 1
1452 2622 10
1452 1667 5
1453 4047 10
1453 4983 6
1453 3400 5
1453 4830 2
1453 4650 6
1454 1554 6
1454 2708 7
1455 3200 2
1455 4154 1
1455 906 10
1455 3387 4
1456 4172 4
1456 1514 7
1456 3808 3
1456 3773 5
1457 4093 10
1457 502 1
1457 922 5
1457 3653 8
1458 60 8
1458 363 4
1458 2741 7
1458 2132 2
1458 2243 5
1459 3036 3
1459 4705 6
1460 4867 6
1461 4964 5
1461 4477 2
1461 1690 9
1461 2635 5
1462 1553 7
1462 1012 10
1463 1331 6
1463 2272 2
1463 2661 9
1463 1401 7
1464 1109 7
1464 1160 3
1465 629 2
1465 3483 4
1466 1084 3
1466 3557 4
1467 1484 1
1467 2247 2
1467 901 4
1467 1328 2
1467 3204 6
1468 4525 6
1469 4336 6
1469 2693 4
1470 2304 1
1470 4972 5
1470 4215 2
1471 3527 6
1471 3836 3
1471 4332 5
1471 3172 5
1471 6 6
1472 4469 5
1472 926 4
1473 4556 5
1473 4264 6
1474 3553 7
1474 3751 5
1474 589 8
1475 3565 1
1475 1599 8
1476 2505 2
1476 3009 10
1476 243 9
1477 1992 9
1477 2810 3
1477 2968 9
1477 4051 3
1477 4170 2
1478 4862 5
1478 4323 10
1478 765 5
1479 3734 8
1479 1593 9
1479 3425 4
1479 448 3
1480 3995 10
1481 1126 5
1481 2817 5
1481 558 8
1481 3658 7
1482 4132 1
1482 4126 1
1482 2387 2
1483 3066 7
1483 3150 5
1484 491 3
1485 4892 6
1485 1554 5
1485 4941 1
1485 473 2
1486 2050 3
1486 2184 10
1486 270 2
1487 2884 3
1487 1836 6
1488 1908 1
1489 1591 3
1489 4185 8
1489 4351 10
1489 2598 6
1490 297 7
1490 4389 5
1490 3415 2
1490 4898 7
1491 1591 5
1492 3017 10
1492 2635 3
1492 2517 10
1493 399 9
1493 2065 6
1493 1148 10
1494 2599 8
1494 1586 3
1494 1807 2
1494 4144 4
1494 3275 8
1495 899 6
1495 1856 3
1495 3869 4
1495 1947 2
1496 4570 5
1496 2841 8
1496 2114 3
1497 3341 3
1497 616 10
1497 309 5
1498 3156 7
1499 2418 7
1499 469 8
1499 2522 8
1499 3141 1
1500 87 5
1500 4409 3
1500 956 1
1500 3203 5
1500 4195 6
1501 3362 2
1501 551 1
1501 3172 2
1501 4705 10
1501 176 4
1502 1947 8
1502 3141 10
1502 4356 4
1502 469 2
1502 2337 2
1503 4410 6
1503 3802 3
1503 4626 1
1503 2155 3
1504 1931 1
1505 2902 7
1505 3935 3
1505 4850 3
1505 4708 8
1505 4339 5
1506 1761 4
1506 155 1
1506 4174 10
1507 3788 10
1508 3323 7
1508 4997 2
1509 1701 9
1509 1774 2
1510 1989 10
1510 4348 2
1510 279 1
1510 1280 2
1510 4713 3
1511 3590 6
1512 4324 8
1513 1500 5
1513 3234 10
1514 251 9
1514 4907 6
1514 1402 1
1514 457 5
1514 2032 3
1515 754 7
1515 3349 3
1515 2554 4
1515 2980 6
1515 3463 8
1516 4345 1
1516 4172 10
1516 954 1
1516 1274 7
1516 2499 1
1517 4473 2
1517 2732 9
1518 1368 4
1519 2701 9
1519 4409 8
1520 4467 4
1521 4976 7
1522 3658 7
1522 451 6
1522 1705 5
1522 4230 4
1522 2494 2
1523 3889 2
1524 649 2
1524 2847 9
1524 1604 3
1525 4988 4
1525 296 6
1525 3723 1
1526 3047 10
1526 4194 2
1526 2089 5
1527 1755 3
1527 2774 6
1528 995 10
1528 1946 7
1529 3054 1
1529 1875 7
1530 160 9
1531 3846 7
1531 1091 5
1532 2674 3
1532 4463 2
1532 2104 8
1533 4065 6
1534 2486 9
1534 3121 8
1534 1367 1
1534 2801 6
1534 2940 7
1535 1265 6
1536 294 4
1536 4753 5
1536 933 9
1536 470 3
1537 3370 8
1537 2323 1
1537 2866 3
1537 451 6
1538 4119 10
1539 4635 8
1540 1760 5
1540 487 5
1540 3454 6
1540 362 3
1541 465 2
1541 1444 2
1541 1955 7
1541 1473 8
1541 3812 1
1542 1671 9
1542 2111 7
1542 4538 6
1543 1960 9
1543 3433 6
1543 2703 5
1543 4344 5
1544 230 3
1544 4672 9
1544 2790 5
1544 1776 7
1544 892 2
1545 2706 5
1545 4387 1
1546 799 9
1546 3258 6
1547 2537 4
1547 2209 5
1547 2184 7
1547 2930 6
1548 3193 6
1548 3204 10
1548 1484 4
1549 3649 7
1550 2981 7
1550 3193 4
1551 832 10
1552 3312 8
1552 2009 7
1553 4436 1
1554 3641 2
1554 3728 5
1554 2429 9
1554 4941 5
1555 4454 10
1555 2376 6
1555 604 8
1555 3595 8
1556 2013 1
1556 2829 9
1556 2928 1
1556 2720 1
1557 2237 6
1558 2227 8
1558 2387 2
1558 2850 2
1559 2166 8
1559 3791 4
1559 4198 7
1559 3546 1
1559 3139 10
1560 2961 9
1560 3309 7
1560 725 8
1560 1836 7
1560 2884 8
1561 631 3
1561 675 4
1561 4915 4
1561 3477 8
1562 2726 3
1562 3061 9
1562 662 6
1562 1685 5
1562 1721 5
1563 3922 3
1563 4958 2
1563 855 6
1564 3580 1
1564 4411 4
1565 318 9
1565 1819 7
1565 2818 8
1565 3176 8
1565 3899 9
1566 2426 3
1566 924 10
1566 5 7
1567 3124 10
1568 2794 2
1568 424 6
1568 3360 6
1569 189 7
1569 2254 6
1569 4484 5
1569 4601 6
1569 4974 8
1570 3299 4
1570 3159 6
1570 4974 5
1570 2700 5
1571 3171 1
1571 2327 8
1572 4733 3
1573 4650 1
1573 3391 8
1573 4830 7
1574 181 9
1574 209 1
1574 2758 4
1574 74 4
1575 4816 3
1575 4004 7
1575 3959 1
1575 4655 2
1576 1896 5
1576 4230 1
1576 2625 5
1576 2211 2
1576 4263 10
1577 2132 7
1577 1851 6
1578 2387 2
1578 2759 1
1578 4551 6
1578 3486 8
1578 151 9
1579 3163 7
1579 2100 5
1580 990 3
1580 1496 4
1580 3390 1
1580 4570 1
1580 1780 2
1581 4515 4
1581 2836 9
1582 3774 3
1582 2785 5
1582 3724 10
1582 3490 1
1582 2665 5
1583 4365 3
1583 4347 8
1583 2606 4
1584 4477 2
1584 1014 8
1585 3000 3
1585 3749 2
1585 3280 4
1585 1854 7
1585 962 8
1586 3555 4
1586 4024 7
1587 3558 7
1588 86 1
1589 1267 4
1589 4823 5
1590 1831 3
1590 1906 2
1591 4185 10
1591 2330 9
1591 3967 4
1591 3673 4
1592 4294 1
1592 3075 6
1592 2751 4
1593 2321 10
1593 3462 10
1593 3348 4
1594 2688 1
1594 2708 7
1595 1039 5
1596 485 8
1596 4910 10
1596 1965 1
1597 2572 8
1597 2548 6
1597 4422 10
1597 3740 1
1597 1003 8
1598 4860 4
1598 1616 10
1599 4826 7
1599 3963 8
1599 3772 3
1599 61 1
1599 3043 6
1600 3161 10
1600 529 8
1601 1431 10
1602 4738 2
1602 2098 4
1603 3486 5
1603 2850 8
1603 608 6
1603 4814 7
1604 1457 1
1605 1611 4
1605 4852 2
1605 1965 6
1605 1980 10
1606 529 3
1607 4713 7
1607 207 2
1607 4546 8
1608 2614 9
1608 1788 1
1608 4099 10
1608 3210 6
1608 4035 6
1609 2561 2
1609 3463 1
1609 2338 5
1610 1564 9
1610 2547 1
1610 4411 6
1611 1849 8
1611 3423 6
1611 4772 9
1611 1640 1
1611 1594 3
1612 1702 1
1612 1183 7
1612 406 2
1612 4493 7
1612 2541 1
1613 34 3
1613 2261 8
1614 3840 8
1614 384 1
1615 3201 8
1615 2776 5
1615 530 6
1615 3490 5
1616 4010 10
1616 4921 3
1616 3533 4
1616 4237 2
1617 255 6
1617 579 6
1617 2251 9
1617 1779 7
1618 4078 4
1619 1481 6
1619 335 2
1619 114 9
1620 885 6
1621 3655 7
1621 3964 9
1621 1200 8
1621 1649 10
1621 1360 5
1622 3603 7
1622 3325 10
1623 4766 7
1624 1474 10
1624 3751 6
1624 3265 3
1624 4160 6
1625 4231 7
1625 2401 10
1626 4112 6
1626 1646 4
1626 4295 9
1626 4820 6
1627 1691 8
1627 2994 9
1627 2025 7
1628 1679 1
1628 3712 3
1628 3593 9
1628 1945 1
1629 823 3
1629 1066 2
1629 4887 8
1629 3823 9
1630 4261 6
1631 2912 9
1631 2271 4
1632 3622 10
1632 2929 7
1632 2553 1
1633 2342 9
1634 1346 3
1634 3191 5
1635 1966 1
1635 2636 5
1635 3088 9
1635 1858 4
1636 1471 6
1636 3172 3
1636 3527 1
1637 4111 9
1637 842 2
1637 3866 10
1637 2380 1
1638 1461 8
1638 663 7
1638 2629 9
1638 2954 4
1638 2335 7
1639 3267 9
1639 988 6
1639 3478 2
1639 895 4
1639 1881 3
1640 1194 10
1641 267 6
1641 4297 10
1641 990 4
1641 4570 6
1642 3984 8
1643 4341 6
1643 610 4
1643 1544 6
1643 2790 5
1643 3133 8
1644 2291 4
1644 3751 4
1644 589 6
1645 3443 3
1645 1323 2
1646 4717 7
1646 3515 5
1646 3850 4
1647 83 7
1647 4220 10
1647 2789 6
1648 1000 4
1648 1951 4
1648 1947 2
1648 3932 2
1649 3964 9
1649 4023 5
1649 3786 1
1650 4718 10
1650 2312 8
1650 2612 5
1650 4654 1
1651 2162 10
1651 3353 10
1651 4851 1
1652 3885 10
1653 389 3
1653 632 5
1653 3230 2
1653 3846 6
1654 2939 2
1654 3772 10
1655 2460 7
1655 4661 7
1656 226 9
1656 3019 3
1656 3520 3
1656 565 3
1657 3653 4
1657 3160 2
1657 1018 4
1657 4234 10
1657 2506 4
1658 1949 1
1658 4342 2
1658 3075 6
1659 3179 5
1659 4467 10
1660 24 7
1660 327 10
1661 2863 6
1661 3032 2
1661 4585 4
1662 3293 7
1662 708 8
1662 2967 10
1662 3983 8
1663 1386 5
1663 1611 4
1664 874 1
1664 214 8
1664 3156 1
1665 3846 7
1665 1740 8
1665 1043 7
1665 903 4
1666 2077 3
1667 3080 4
1667 2082 10
1668 3320 3
1668 2204 9
1669 280 4
1669 3004 9
1669 1838 6
1669 3181 8
1670 4285 2
1671 4928 1
1671 4145 8
1671 4828 4
1671 4538 1
1672 953 9
1672 1215 1
1672 3717 4
1672 1600 2
1673 423 8
1673 1137 6
1673 3466 4
1674 4554 1
1674 968 8
1674 2173 5
1674 4732 5
1674 3989 2
1675 2849 3
1675 4859 10
1675 492 3
1676 3755 9
1676 3012 10
1676 3182 10
1676 1532 1
1676 216 1
1677 744 6
1677 3586 7
1677 3673 3
1678 1102 10
1678 1190 4
1678 1765 1
1679 2588 9
1679 4068 2
1680 3674 5
1680 1492 9
1681 2553 2
1681 4502 6
1682 2730 6
1682 570 9
1683 1231 5
1683 2573 6
1683 2204 8
1684 1897 6
1684 518 2
1685 3006 7
1685 4945 1
1685 736 10
1685 578 1
1686 13 8
1686 863 2
1686 1702 6
1686 3800 9
1687 4821 4
1687 2924 4
1687 3315 5
1687 1938 1
1687 35 10
1688 3252 9
1688 2655 10
1688 1265 6
1689 3492 3
1689 2236 4
1690 2287 5
1690 3983 7
1691 557 1
1691 3928 8
1692 3688 10
1692 1927 9
1692 1095 3
1693 3364 10
1693 472 1
1693 4931 9
1694 4449 10
1694 2215 7
1694 1959 1
1694 2199 1
1695 439 10
1695 1207 10
1695 4353 2
1696 3532 1
1696 3031 1
1696 1157 2
1696 2475 5
1697 2657 2
1697 3209 4
1697 1992 3
1697 4026 3
1697 2442 7
1698 408 7
1698 246 10
1698 21 5
1698 2640 7
1699 250 6
1700 4681 7
1700 4776 2
1700 3398 2
1700 2594 10
1700 4081 5
1701 3516 2
1701 3950 6
1701 4099 7
1702 2224 4
1702 1045 3
1702 2106 4
1703 992 10
1703 1135 4
1703 1194 6
1703 3728 10
1703 1594 5
1704 523 5
1705 135 9
1705 1488 9
1705 4643 10
1706 1676 3
1706 3100 1
1706 2528 3
1706 3142 8
1707 4697 4
1707 650 8
1707 1888 8
1707 3411 7
1707 2949 3
1708 254 10
1708 1167 10
1708 3191 9
1708 4418 1
1709 4773 7
1709 2801 6
1709 2612 7
1709 2775 9
1709 3475 6
1710 941 10
1710 4979 10
1710 2261 7
1710 316 5
1711 4780 6
1711 629 2
1711 91 4
1712 83 7
1712 3068 8
1713 3544 7
1713 4804 5
1713 1047 9
1713 2947 4
1713 702 5
1714 593 4
1714 1738 5
1715 4230 7
1716 4285 7
1716 2440 4
1717 4658 10
1717 2153 6
1717 4349 7
1717 2687 1
1718 4072 6
1718 2118 8
1718 1666 2
1719 3521 10
1720 2299 7
1720 3225 10
1720 3488 2
1721 634 3
1721 1830 1
1721 4298 7
1722 2048 4
1723 673 7
1723 560 2
1723 4160 1
1724 2642 7
1724 4623 2
1724 3357 3
1724 751 1
1725 3280 1
1725 2204 10
1725 5000 4
1725 1684 7
1725 991 8
1726 2400 4
1726 180 10
1727 436 9
1727 3229 1
1727 1060 10
1727 2740 1
1728 2366 7
1728 3846 6
1728 1740 6
1728 1217 1
1729 1805 1
1730 3663 4
1731 4343 10
1732 3846 10
1732 3344 1
1732 3233 1
1732 777 8
1733 13 9
1733 2106 8
1733 1610 7
1733 4506 1
1733 1643 9
1734 4643 9
1734 1121 2
1734 2625 4
1734 4128 3
1734 1727 2
1735 3993 1
1735 2201 10
1735 354 7
1736 605 8
1736 3789 5
1737 1487 7
1737 1836 2
1738 2747 1
1738 4661 3
1739 2022 2
1739 4496 1
1739 4610 3
1740 2990 3
1740 3519 9
1741 782 7
1741 821 2
1741 4361 6
1741 527 3
1742 3486 2
1742 4148 8
1742 4482 4
1742 864 10
1743 4122 4
1744 3039 1
1744 2163 1
1744 4285 7
1745 2875 10
1745 3369 2
1745 3878 8
1745 3879 6
1745 1661 6
1746 1724 5
1746 2642 3
1747 2196 7
1747 4711 8
1747 2157 5
1748 881 9
1748 1425 5
1748 258 6
1748 1701 1
1749 1218 3
1749 4120 5
1749 174 10
1749 1431 5
1749 2384 2
1750 3256 1
1750 2434 9
1751 1361 7
1751 4601 8
1751 899 9
1751 3159 5
1752 2878 8
1752 882 10
1752 3043 9
1752 3263 7
1752 4110 2
1753 4097 5
1753 3326 7
1753 3407 5
1753 1259 1
1753 2066 5
1754 3237 9
1754 4557 3
1754 2115 1
1754 2996 9
1754 3936 1
1755 3414 7
1755 3381 1
1755 1870 5
1755 1717 10
1755 710 8
1756 992 9
1756 1441 8
1756 3289 8
1756 1849 6
1757 2660 10
1758 2912 6
1759 895 2
1759 3267 9
1759 4049 3
1760 2440 5
1760 1981 2
1761 1711 10
1761 91 1
1762 1359 8
1762 4394 4
1762 2717 3
1762 504 8
1763 3780 10
1763 3003 4
1764 4130 8
1765 762 2
1765 4984 10
1765 1190 3
1766 1218 4
1766 554 2
1766 2027 2
1766 2876 4
1766 458 9
1767 3752 9
1767 3272 6
1767 3317 9
1767 111 1
1768 3466 10
1768 2369 10
1768 1500 9
1769 3833 9
1769 4268 2
1770 3761 9
1770 1783 7
1770 3031 2
1770 3548 2
1770 783 10
1771 2501 4
1771 3205 2
1771 27 4
1771 1887 4
1772 2972 1
1772 5000 6
1772 2398 4
1772 4891 2
1773 2244 3
1773 1910 10
1773 4939 5
1773 3742 2
1773 59 3
1774 4090 1
1775 4647 8
1775 3602 5
1775 3264 4
1776 2790 4
1776 4010 9
1776 4390 4
1776 892 8
1776 3266 5
1777 2173 6
1777 3052 5
1777 3622 5
1777 537 1
1778 4829 6
1778 383 7
1779 129 8
1779 2753 7
1779 1965 7
1779 2962 8
1780 2590 1
1781 3723 9
1782 4477 3
1783 2169 4
1784 4838 7
1784 2755 10
1784 528 6
1784 3313 2
1784 3982 9
1785 3812 3
1785 3590 9
1785 1118 1
1786 2631 10
1786 3693 7
1787 1384 1
1787 512 8
1787 504 8
1787 3199 3
1788 4166 1
1788 774 5
1788 709 10
1788 417 3
1789 3949 2
1790 330 3
1790 1928 1
1790 4344 6
1791 2574 7
1792 2522 9
1792 1061 9
1793 914 6
1793 2750 6
1794 53 6
1794 1143 1
1794 3219 10
1794 1808 3
1794 1553 8
1795 1350 6
1795 2584 6
1795 669 9
1795 1870 8
1796 3928 8
1796 733 6
1796 1056 1
1797 2798 2
1798 445 3
1798 4696 9
1798 2641 7
1798 3516 7
1799 4703 5
1799 4172 8
1799 268 10
1799 251 2
1799 2002 3
1800 1329 5
1800 1187 9
1800 801 5
1801 3174 10
1801 704 4
1801 913 10
1801 1478 1
1802 4287 10
1803 1500 3
1804 1934 2
1805 1369 2
1805 1089 1
1805 3436 3
1805 2583 5
1805 3186 2
1806 2002 8
1806 1923 3
1806 685 3
1806 3383 9
1807 1408 6
1807 6 2
1807 1622 8
1808 709 10
1808 1467 5
1808 2614 2
1808 3067 5
1809 4713 1
1809 2723 7
1809 716 6
1809 4848 4
1809 2549 1
1810 2869 3
1810 2924 4
1811 4514 6
1812 2718 6
1812 2933 4
1812 4349 3
1812 1922 2
1813 4182 1
1813 2818 1
1813 769 7
1814 3124 2
1814 138 4
1814 415 8
1814 2649 10
1814 380 9
1815 1527 5
1816 2892 1
1817 2607 4
1817 1016 4
1817 1137 2
1818 4879 5
1818 4435 8
1819 1063 3
1820 4096 3
1821 2291 1
1821 4965 3
1821 3553 2
1821 4775 9
1821 1474 8
1822 3054 7
1823 4695 2
1823 3701 8
1824 1937 10
1824 1708 4
1824 1238 4
1824 4470 5
1824 4902 9
1825 3885 5
1825 1196 10
1825 3776 7
1825 1625 5
1826 2436 8
1827 2020 8
1828 3348 4
1828 4220 7
1828 3068 2
1829 118 3
1829 4026 6
1829 4391 7
1829 2810 1
1830 3710 4
1831 856 6
1831 2681 4
1831 1291 2
1832 2560 10
1832 1248 10
1832 1748 3
1833 2787 3
1833 4214 1
1833 1682 10
1833 3150 1
1833 3580 1
1834 1472 8
1835 4482 10
1835 1742 8
1835 3387 8
1835 3424 2
1835 4148 2
1836 4492 6
1836 4327 3
1836 1820 10
1836 101 10
1837 2907 7
1837 4896 1
1837 4524 2
1838 4745 8
1838 505 2
1838 1344 6
1838 1848 2
1838 3045 10
1839 2285 7
1839 3169 8
1839 4215 4
1839 2364 8
1840 763 6
1841 4263 5
1841 1896 9
1842 2652 4
1842 2118 2
1842 1265 4
1842 3546 10
1843 4713 10
1843 1242 5
1843 2964 1
1844 2942 10
1844 4236 2
1844 666 3
1844 4407 8
1844 1802 6
1845 3920 8
1846 4255 6
1846 1298 9
1847 1321 9
1847 1244 3
1847 1851 8
1847 1877 4
1847 4159 4
1848 3045 1
1848 4667 10
1849 3122 2
1849 1194 9
1850 255 8
1850 4370 3
1851 2741 6
1851 2992 10
1852 2596 8
1852 1066 3
1852 216 3
1852 2510 1
1853 2474 10
1853 3220 4
1853 2506 9
1853 4761 8
1853 639 5
1854 300 10
1854 3000 7
1854 993 9
1854 1668 8
1854 2222 1
1855 4592 6
1856 746 7
1856 899 7
1856 119 9
1856 1570 2
1857 4822 7
1858 1248 5
1859 3866 8
1860 4073 2
1860 2889 5
1860 2822 2
1860 3910 1
1860 4612 2
1861 2793 5
1862 2642 8
1862 4125 2
1862 3256 6
1862 4671 4
1863 3382 3
1863 1780 5
1863 4340 9
1864 3528 4
1864 202 7
1864 1338 9
1865 1946 9
1865 3222 7
1865 4614 1
1865 1994 9
1866 2912 1
1866 4338 6
1866 4272 10
1867 2107 6
1868 3961 9
1868 3993 7
1869 1232 10
1870 2325 6
1871 751 7
1871 1746 8
1871 329 6
1871 3357 9
1872 3809 4
1873 4744 7
1874 2721 1
1875 2765 7
1875 4625 1
1875 2023 10
1875 1627 9
1876 3355 1
1876 95 9
1877 2132 6
1877 1356 2
1877 579 9
1877 1160 8
1877 2673 10
1878 4923 10
1879 4965 6
1879 3007 5
1879 2791 2
1879 1932 8
1879 4320 8
1880 1631 4
1881 2141 10
1881 4290 6
1881 759 1
1881 525 6
1881 1999 10
1882 33 7
1883 795 9
1883 3904 4
1883 473 2
1883 4694 9
1883 2429 6
1884 2633 1
1884 2600 9
1884 4028 1
1884 3092 4
1885 1247 7
1885 4871 7
1886 3367 7
1886 1168 8
1886 216 7
1886 2219 6
1887 2267 1
1887 3205 4
1888 3795 9
1889 119 7
1889 1951 7
1889 756 5
1889 3869 1
1889 3298 2
1890 1000 7
1890 3721 4
1890 4110 6
1890 119 9
1890 4642 9
1891 4201 1
1892 3322 1
1892 908 7
1892 1856 6
1892 2254 1
1892 2350 5
1893 1460 3
1893 4081 3
1894 2925 4
1894 1891 3
1894 2107 4
1894 1587 6
1894 4210 10
1895 1775 8
1895 3069 4
1895 3744 6
1895 1128 2
1896 2334 1
1896 2321 4
1896 712 8
1896 3462 10
1897 494 5
1898 2802 3
1898 2025 7
1898 4617 5
1898 1627 1
1899 3804 10
1900 3719 2
1900 2339 6
1900 4529 1
1900 4699 7
1900 4715 1
1901 1623 10
1901 491 1
1902 2393 3
1902 2667 1
1902 1630 8
1902 2923 7
1902 491 2
1903 2508 1
1903 2438 2
1904 4069 4
1904 2433 9
1904 4791 5
1904 3217 3
1904 1345 4
1905 2945 9
1905 564 9
1906 1979 3
1906 2396 5
1906 856 3
1906 2500 5
1906 1831 2
1907 3260 6
1907 4570 9
1908 1576 7
1908 4645 7
1909 3691 10
1910 2711 9
1910 3412 7
1910 4904 9
1910 4251 6
1911 496 5
1911 4813 10
1911 2003 4
1911 4414 3
1911 879 10
1912 4613 10
1912 3238 4
1912 1676 8
1912 2467 9
1913 2640 9
1914 1616 3
1915 563 9
1915 132 3
1915 809 9
1915 4228 3
1916 3243 6
1916 1682 3
1916 2106 10
1916 4237 5
1917 3535 2
1918 2774 1
1918 2404 5
1919 2613 7
1919 4629 4
1919 2472 8
1920 2990 9
1921 639 6
1921 4645 5
1921 2334 5
1921 3302 8
1922 2332 7
1922 245 1
1922 4249 10
1922 1870 8
1923 4503 9
1923 3061 2
1924 1632 7
1924 577 3
1924 2263 6
1925 3310 10
1925 3158 6
1925 111 5
1925 326 9
1926 4285 7
1926 2581 6
1927 3459 5
1927 2870 7
1927 1158 7
1927 3702 4
1927 622 6
1928 4121 3
1929 2650 6
1929 3942 6
1930 4227 8
1930 1250 5
1930 2771 10
1931 1200 4
1931 1649 10
1931 831 4
1931 3648 10
1931 3655 3
1932 2798 3
1932 673 5
1932 1624 4
1932 4636 8
1932 342 3
1933 2076 7
1933 2534 5
1933 1093 4
1933 879 2
1934 83 6
1934 3716 8
1934 4058 1
1934 2789 3
1934 3072 7
1935 2029 1
1936 2519 2
1936 2982 6
1936 1314 2
1937 3629 9
1937 2611 7
1937 1371 7
1937 3399 7
1937 2185 10
1938 4157 6
1938 2383 7
1938 3690 8
1938 736 9
1938 1309 4
1939 2892 5
1940 551 4
1940 4034 10
1940 3325 7
1940 4332 4
1941 3464 3
1941 4183 1
1941 4482 3
1941 697 1
1942 4546 5
1942 3500 4
1942 3933 1
1942 4713 7
1943 4252 7
1943 920 7
1943 4584 2
1943 3312 7
1944 4551 8
1945 3176 2
1945 2683 9
1946 3064 10
1946 2894 8
1946 4152 8
1947 447 9
1947 4149 5
1948 4815 8
1949 3826 9
1949 3642 5
1949 237 9
1949 2751 9
1950 3332 10
1950 4976 10
1950 418 4
1950 1521 6
1951 4484 1
1951 882 4
1952 864 8
1952 4290 6
1952 3660 10
1953 3711 2
1953 3010 3
1954 2440 10
1954 4285 10
1954 4788 3
1954 1716 10
1955 2262 4
1955 3935 4
1955 4583 5
1955 2925 6
1955 4142 10
1956 4306 6
1956 111 6
1956 262 2
1956 566 8
1957 1259 8
1957 1909 9
1957 1216 10
1957 3880 10
1957 4415 9
1958 4108 1
1958 1585 10
1958 4101 7
1958 212 7
1958 1231 5
1959 839 10
1959 2252 5
1960 4583 9
1960 2428 6
1960 1473 9
1960 1667 8
1961 2948 8
1961 61 9
1962 3605 8
1962 1295 8
1962 3249 3
1962 2429 6
1962 4116 3
1963 2321 2
1964 3146 8
1964 242 9
1964 2185 7
1965 1962 6
1965 2937 4
1965 959 1
1965 1640 2
1965 2907 5
1966 4755 6
1966 3378 1
1966 327 9
1967 3501 1
1967 3680 6
1967 2253 6
1967 2370 9
1967 75 8
1968 4647 8
1968 1834 8
1968 887 10
1968 1472 2
1968 4548 5
1969 3332 2
1969 1243 6
1969 4976 6
1969 4185 3
1970 4170 9
1970 2442 1
1970 241 8
1970 2657 8
1970 3209 1
1971 504 10
1971 1339 4
1971 1384 8
1971 2717 2
1971 1881 8
1972 3021 9
1972 2494 8
1973 2346 6
1973 4541 6
1973 3421 9
1973 3857 10
1974 1651 8
1974 2478 6
1975 3778 10
1975 4712 7
1975 2889 10
1975 4612 2
1975 4073 5
1976 4259 6
1977 3342 10
1977 4354 5
1977 856 9
1977 4849 9
1978 848 2
1978 3083 5
1978 2980 3
1978 2524 9
1979 4352 9
1979 1313 9
1979 4905 3
1980 2064 6
1981 2771 9
1981 4207 1
1981 1039 10
1981 4869 1
1981 4217 3
1982 287 6
1982 940 10
1982 177 9
1982 1784 5
1982 4420 8
1983 479 9
1984 3825 7
1985 795 8
1986 2131 4
1987 1933 4
1988 1107 2
1988 281 3
1988 1888 10
1988 1707 8
1989 4691 10
1989 2756 7
1990 3122 3
1990 3575 4
1991 4972 5
1992 500 6
1992 2657 5
1992 2442 5
1992 2290 10
1993 3771 6
1993 4912 4
1993 1956 2
1993 113 7
1993 3579 1
1994 4152 8
1994 4506 1
1994 572 9
1995 1831 1
1995 517 8
1995 1979 10
1996 4153 1
1996 650 9
1996 2872 2
1996 748 7
1997 1018 5
1998 172 5
1998 1876 6
1999 1008 9
1999 759 6
1999 52 4
1999 3948 5
1999 3464 10
2000 761 1
2001 3439 7
2001 4587 4
2001 4468 8
2001 4744 2
2001 1314 6
2002 2436 3
2002 2123 7
2002 2602 1
2003 879 9
2003 530 8
2003 4364 9
2003 2785 5
2004 4236 4
2004 1013 8
2004 666 10
2004 4874 1
2004 2831 1
2005 3949 4
2005 1519 1
2005 2671 10
2006 4208 1
2006 2933 3
2006 1434 8
2006 4909 6
2007 3724 8
2007 737 5
2007 3192 3
2008 4847 9
2008 2271 7
2008 1161 5
2008 3305 9
2008 4056 4
2009 4086 4
2009 920 5
2010 1834 2
2010 1306 6
2010 3796 1
2010 1031 5
2011 1931 10
2011 1091 3
2011 831 1
2011 1649 5
2011 4651 1
2012 4950 1
2012 4008 5
2012 3833 3
2013 3288 8
2013 2862 6
2013 3712 9
2014 4898 1
2014 1375 8
2015 4715 10
2015 4699 7
2015 3057 5
2015 3719 4
2015 2221 5
2016 3752 7
2016 4777 8
2017 26 5
2017 4595 4
2018 3186 2
2018 1869 5
2018 3436 10
2018 4952 3
2019 1331 1
2019 13 4
2020 3493 9
2020 4840 1
2020 508 7
2021 521 5
2021 2896 8
2021 3536 1
2022 641 3
2022 2511 8
2022 3718 6
2023 341 7
2023 1024 5
2023 3439 10
2024 2742 4
2025 2616 4
2025 2268 9
2025 4455 3
2025 358 9
2025 3507 1
2026 2529 4
2026 2769 9
2027 3296 2
2027 560 6
2027 3918 10
2027 907 8
2028 908 5
2028 746 1
2028 1654 5
2028 4356 3
2028 3135 3
2029 813 5
2029 3982 10
2030 965 7
2030 3849 9
2030 1845 7
2030 2304 6
2031 2574 3
2032 4945 5
2033 1690 5
2033 2767 2
2034 3313 4
2035 635 4
2035 3114 9
2035 1993 6
2035 1391 9
2036 2467 6
2036 1886 1
2036 546 2
2037 1794 7
2038 1086 5
2038 2502 8
2038 1216 7
2039 3479 10
2039 3230 1
2039 2749 1
2039 4911 1
2040 2888 9
2040 4977 3
2040 3373 3
2041 2225 1
2041 4756 4
2041 3923 5
2041 4084 4
2042 3526 8
2042 4505 9
2042 3784 3
2043 4744 5
2043 3439 1
2043 2844 1
2044 4717 1
2044 4476 10
2044 3973 9
2044 2456 6
2044 1626 7
2045 3864 8
2045 714 8
2046 2701 3
2046 3766 2
2047 3249 6
2047 1554 8
2047 67 3
2047 2319 7
2047 992 1
2048 82 1
2049 4356 1
2050 3107 1
2050 2184 4
2050 2217 7
2050 3930 6
2050 2930 3
2051 4298 9
2051 1721 5
2051 3810 2
2051 2571 8
2051 3480 4
2052 3613 1
2053 736 9
2054 4466 7
2055 3562 4
2056 1522 8
2057 4810 2
2058 1606 9
2059 2764 2
2059 4295 5
2059 3515 1
2059 2681 3
2060 2477 3
2061 2270 4
2062 2293 8
2062 2486 5
2062 3707 3
2062 2612 6
2062 659 2
2063 2217 5
2064 4897 4
2064 521 7
2065 4529 2
2065 3719 6
2065 1027 7
2066 3540 2
2066 4223 4
2066 3205 7
2066 2399 1
2066 4578 2
2067 1508 5
2067 2508 10
2067 1006 10
2068 330 10
2068 2300 9
2068 1507 10
2069 1030 5
2069 1910 8
2069 4629 7
2070 3694 5
2070 1125 10
2070 1446 10
2071 3070 9
2071 1359 4
2071 1222 9
2072 2851 9
2073 2305 6
2073 3744 4
2073 4498 7
2073 2248 9
2074 4645 2
2075 2568 6
2075 2274 7
2076 3192 3
2076 482 7
2076 2665 6
2076 4414 10
2076 1816 1
2077 3139 7
2077 3188 2
2077 2166 7
2078 2972 3
2078 4278 7
2079 1387 5
2079 4491 5
2079 2940 2
2079 2163 4
2080 2397 2
2081 1457 1
2081 3462 7
2081 3661 8
2081 1290 5
2081 3736 7
2082 1114 10
2083 4838 3
2083 3313 8
2083 1764 8
2084 2399 5
2084 4223 6
2085 1362 3
2085 4482 5
2085 864 5
2085 2516 7
2086 2297 10
2086 1057 1
2086 2840 3
2086 2 4
2087 2521 5
2087 2299 9
2087 3618 2
2088 1470 6
2088 2285 9
2088 4215 5
2088 3920 3
2088 2998 8
2089 4028 10
2089 4648 1
2089 1199 5
2089 1352 5
2090 2257 1
2090 55 5
2090 4439 9
2090 4554 2
2090 1846 10
2091 654 2
2091 2576 2
2091 3392 7
2091 1083 6
2091 2574 4
2092 4127 5
2092 3718 7
2092 4480 1
2092 4009 5
2092 2405 9
2093 3387 6
2093 2690 3
2093 3832 8
2093 2727 4
2094 2107 3
2094 1098 9
2094 3558 7
2095 4674 2
2096 605 1
2096 1979 3
2097 155 2
2097 1294 7
2097 4982 3
2098 2393 4
2098 2697 9
2098 2755 7
2099 29 4
2099 2532 2
2099 3438 7
2099 2072 2
2099 3934 7
2100 3163 9
2100 1448 2
2100 4237 8
2100 4811 2
2100 536 2
2101 758 9
2101 3070 7
2102 2862 5
2103 3424 2
2103 3486 1
2103 3371 9
2103 3654 3
2104 2664 9
2104 4071 3
2105 1417 10
2105 1593 1
2106 1448 10
2106 4411 2
2106 4938 8
2106 4237 5
2107 810 5
2107 4180 6
2107 2444 8
2107 1966 8
2107 3702 4
2108 1817 8
2108 3535 8
2108 3539 3
2108 464 4
2109 963 4
2109 126 4
2109 2633 8
2109 2514 6
2110 3060 5
2110 3101 8
2110 4257 2
2110 1193 6
2110 385 10
2111 2403 4
2111 3124 9
2112 4546 6
2112 3119 9
2112 233 10
2112 3482 5
2112 136 2
2113 3500 5
2113 2821 2
2113 4242 4
2113 556 9
2114 2590 3
2114 4563 8
2115 510 5
2115 3185 4
2115 4557 9
2115 4603 6
2116 3292 4
2116 3039 9
2116 4217 7
2116 2781 1
2116 4788 1
2117 199 10
2118 3650 3
2118 3992 5
2118 3139 10
2118 2166 5
2119 3148 3
2119 1439 9
2119 3765 6
2119 4869 2
2119 158 5
2120 3283 10
2120 2426 7
2120 4145 9
2120 4538 5
2120 1034 10
2121 2191 1
2121 4658 10
2122 668 1
2122 4737 6
2123 488 9
2123 1159 7
2123 736 7
2124 4810 2
2124 309 6
2124 3925 3
2124 215 9
2125 604 6
2125 3846 3
2125 2763 3
2126 1958 2
2126 3000 9
2127 1162 1
2127 2937 4
2127 4852 6
2128 4171 4
2128 57 2
2128 3487 10
2129 1680 3
2129 4477 5
2129 2287 2
2129 4769 8
2129 3017 6
2130 929 2
2130 1834 4
2130 1895 3
2130 2010 1
2130 2592 3
2131 4057 2
2131 4170 2
2131 1763 5
2131 3780 8
2132 2722 8
2132 2834 10
2132 747 5
2132 1965 4
2132 3563 6
2133 3515 9
2133 3973 6
2133 4701 3
2133 3850 1
2133 4293 10
2134 617 8
2134 4831 1
2134 4305 4
2134 2751 7
2135 2621 8
2135 2551 3
2135 787 1
2135 4862 3
2135 2883 9
2136 416 7
2136 4564 10
2137 775 4
2137 1633 2
2137 4337 1
2137 2363 5
2138 4514 8
2138 3478 9
2138 2480 9
2138 4633 4
2138 1482 5
2139 3745 10
2139 146 4
2139 4236 2
2139 3443 1
2139 3492 7
2140 1792 5
2140 3750 3
2140 4727 1
2140 2255 6
2140 1437 1
2141 512 5
2141 3654 5
2141 4132 8
2141 3486 1
2141 4818 1
2142 3906 9
2142 43 2
2142 1377 10
2142 2887 5
2142 3791 10
2143 689 8
2143 2665 6
2143 2785 10
2144 3269 3
2144 3057 10
2144 4699 5
2144 3663 4
2144 4715 9
2145 521 4
2146 3565 3
2146 4899 10
2147 1896 7
2147 2211 4
2148 323 5
2148 3165 3
2149 1624 3
2150 61 5
2150 119 9
2150 4401 2
2151 4739 2
2151 2998 8
2152 703 8
2152 2845 10
2153 3056 8
2154 4142 1
2154 2410 8
2154 4533 10
2154 3812 1
2154 2493 8
2155 358 10
2155 4147 2
2155 1068 2
2155 3585 4
2155 1125 4
2156 720 4
2156 2718 6
2156 2332 6
2156 3105 10
2157 2289 2
2157 2905 7
2158 1599 9
2158 743 9
2158 690 10
2159 2225 4
2159 3827 1
2160 4215 10
2160 2364 7
2160 4739 9
2160 1470 4
2161 2216 5
2161 1240 5
2161 4633 7
2161 4818 10
2162 354 2
2162 1661 2
2163 2128 3
2163 2345 10
2163 4788 4
2163 1834 5
2164 3734 2
2165 739 2
2166 3992 10
2166 4508 8
2166 3650 5
2166 4878 5
2166 3503 8
2167 2879 1
2168 3462 7
2168 3072 10
2168 1828 2
2169 4237 2
2169 892 2
2169 4506 9
2169 2832 7
2170 2098 6
2170 2276 7
2171 1071 1
2172 403 4
2173 4255 2
2173 567 4
2173 4537 2
2173 4610 4
2173 55 4
2174 3645 8
2174 3312 1
2175 1083 9
2175 2091 9
2175 3102 3
2176 605 4
2176 3010 5
2176 2403 1
2177 2989 6
2177 2225 7
2178 119 7
2178 469 6
2179 3523 4
2180 707 5
2181 2845 8
2181 4524 8
2181 2761 7
2182 3661 3
2182 4058 2
2182 2836 5
2182 2497 1
2182 4804 5
2183 1680 3
2183 2733 3
2183 1662 10
2183 714 6
2183 2767 1
2184 2554 7
2184 3083 6
2184 1515 3
2185 3620 2
2185 1715 3
2185 1841 8
2186 996 8
2186 1397 5
2186 1193 7
2187 3265 6
2187 2462 1
2188 2095 4
2188 4127 5
2189 4186 7
2189 3009 8
2189 3272 1
2189 3340 2
2190 625 8
2190 2046 10
2190 2671 2
2190 3723 8
2191 1323 9
2192 2734 8
2192 3171 4
2192 2327 8
2193 2279 6
2193 1647 5
2193 1457 10
2193 4804 1
2193 3670 3
2194 4352 7
2195 1137 10
2195 3206 2
2195 625 3
2195 1513 5
2196 4711 9
2197 1481 1
2197 135 8
2197 1908 10
2197 2323 1
2197 1126 5
2198 3108 4
2199 2215 4
2199 1959 10
2199 2301 5
2200 4173 3
2200 2459 1
2201 3506 7
2201 4342 5
2201 4426 4
2201 3075 6
2201 1949 2
2202 3943 1
2203 1562 1
2203 3061 9
2204 365 5
2204 3096 8
2204 82 4
2204 1772 6
2205 2259 6
2205 3464 3
2205 906 3
2205 4551 2
2205 1008 7
2206 4440 5
2206 4593 10
2206 2744 7
2206 1776 1
2207 3293 2
2207 3864 8
2207 2733 5
2207 4438 1
2208 3866 9
2208 3259 7
2208 1898 7
2209 4241 5
2209 3083 2
2209 3463 3
2210 2734 4
2210 4634 8
2210 1571 1
2210 3485 2
2210 3591 7
2211 2740 1
2211 65 10
2212 41 3
2212 4258 4
2213 3665 5
2213 4091 7
2213 4665 3
2213 825 1
2214 1071 1
2214 536 4
2214 3266 4
2214 2770 5
2215 3213 8
2215 4105 4
2215 4356 8
2215 2301 5
2216 4863 3
2216 636 4
2216 2341 6
2217 4720 5
2217 4309 6
2218 2564 7
2218 1116 8
2218 999 6
2218 2142 4
2218 3992 1
2219 2674 8
2219 3621 9
2219 3657 10
2220 1136 3
2220 4150 5
2220 3945 7
2220 1055 3
2220 3222 1
2221 4911 3
2221 1303 5
2222 518 6
2223 2274 3
2223 3526 3
2223 1017 3
2223 2568 1
2223 2398 6
2224 3580 4
2225 4988 4
2225 1917 5
2226 773 1
2226 3745 9
2226 2489 7
2226 1844 2
2227 2067 9
2227 4155 3
2227 2627 9
2227 4504 4
2227 1144 5
2228 67 8
2228 1850 8
2229 4576 7
2229 1758 3
2229 246 10
2229 4399 4
2229 1486 7
2230 1533 10
2230 2652 4
2231 3804 5
2231 4355 7
2231 12 7
2231 2311 3
2231 4308 6
2232 3583 4
2232 2379 9
2232 4354 10
2233 2591 4
2233 4507 1
2233 2084 1
2234 4839 4
2234 2198 9
2234 1784 1
2235 1930 4
2235 3051 5
2236 666 5
2236 146 5
2236 3804 7
2236 1802 5
2236 3940 6
2237 2783 5
2237 323 1
2237 3044 3
2237 3984 3
2238 4739 6
2238 1557 3
2238 4972 8
2238 4215 5
2238 3448 7
2239 348 9
2239 1316 1
2240 890 9
2240 3435 3
2240 1525 10
2241 1724 3
2242 19 6
2242 488 5
2243 485 5
2243 3081 8
2243 3575 1
2243 1109 8
2243 4175 1
2244 2295 6
2244 611 3
2244 3106 9
2244 775 6
2244 2955 4
2245 3326 1
2245 4040 7
2246 477 10
2246 4032 9
2246 154 3
2246 1974 4
2246 2768 2
2247 2923 8
2247 3005 2
2247 4420 3
2247 4832 4
2247 1784 10
2248 3264 2
2248 3116 10
2248 3966 9
2249 1428 6
2249 3289 2
2249 2688 7
2250 4272 9
2250 2961 3
2250 246 1
2251 3122 2
2251 2670 7
2251 1849 7
2251 579 9
2252 3263 1
2252 2344 7
2252 695 8
2253 1179 7
2254 179 7
2255 4110 4
2255 3772 8
2255 3830 1
2255 4253 4
2256 4187 8
2256 22 3
2256 320 7
2256 1993 5
2256 4825 8
2257 2297 9
2257 1846 8
2257 2731 10
2257 2324 5
2258 730 9
2258 3742 7
2258 688 10
2258 59 3
2259 4148 8
2259 2727 10
2259 4633 2
2259 2880 2
2259 2725 7
2260 3476 5
2260 1200 5
2260 3840 3
2261 4377 5
2261 4598 8
2261 4918 1
2262 3592 9
2262 4339 8
2262 3935 9
2262 4142 6
2263 2946 8
2263 2511 9
2264 4580 10
2265 877 9
2266 536 5
2266 863 8
2266 1256 1
2267 2904 5
2267 2620 2
2267 3540 7
2267 3691 2
2267 3239 9
2268 4212 6
2268 3585 8
2269 4279 10
2269 2980 3
2270 3807 7
2270 2890 8
2271 1486 7
2271 4576 7
2272 4506 8
2272 1994 4
2272 3222 3
2273 2775 8
2273 2079 2
2273 4325 6
2273 2801 5
2273 3876 4
2274 1929 6
2274 985 8
2274 3770 2
2274 2398 1
2274 2972 9
2275 3831 9
2275 2381 9
2275 4302 7
2276 1982 8
2276 1608 7
2276 1788 1
2276 287 7
2276 1660 8
2277 1397 2
2278 3442 5
2278 1069 3
2278 2273 3
2278 2908 2
2279 83 5
2279 3653 4
2279 1804 7
2279 2828 8
2279 3072 1
2280 3103 2
2280 408 1
2280 4327 9
2281 1682 10
2281 4446 2
2281 986 8
2281 610 4
2281 4921 10
2282 3447 8
2282 1884 10
2282 2502 2
2283 3117 8
2283 1306 1
2283 2437 5
2283 1606 7
2283 4207 6
2284 787 9
2284 2572 4
2284 531 8
2285 4739 1
2285 2148 8
2285 1988 8
2285 3013 2
2286 311 3
2286 2476 8
2286 795 9
2287 1551 2
2288 912 8
2288 2201 10
2288 1868 7
2289 2589 10
2289 3883 10
2289 2868 4
2289 4723 3
2289 1491 10
2290 2017 2
2291 4572 10
2292 635 9
2292 3579 8
2292 4882 3
2292 113 2
2293 1201 7
2293 4799 9
2293 4773 1
2294 3355 5
2294 380 5
2294 4352 9
2294 2681 7
2294 4840 9
2295 3441 7
2295 2619 1
2295 3995 9
2296 780 8
2296 1927 1
2296 2444 1
2296 4448 2
2297 4948 5
2297 4674 10
2297 1057 8
2298 1950 4
2299 4962 5
2299 3483 4
2300 2410 7
2300 3530 8
2301 3932 9
2301 899 4
2301 2939 3
2302 2023 3
2302 1637 6
2302 2802 9
2302 3817 9
2303 2534 4
2304 2381 9
2304 3013 2
2305 1600 10
2305 3796 4
2305 3078 9
2305 1203 2
2306 1416 1
2307 1072 1
2307 2624 5
2307 4413 3
2308 3332 10
2308 3924 8
2309 4075 9
2309 3575 10
2309 578 4
2309 2383 6
2309 3686 5
2310 2987 2
2310 2258 3
2310 1365 9
2310 4184 3
2311 4246 7
2311 4308 2
2312 4491 2
2312 2345 1
2312 1744 8
2313 982 7
2313 4140 1
2313 3130 4
2313 2642 1
2313 944 6
2314 879 5
2314 4364 7
2314 1615 4
2314 3461 6
2314 2143 10
2315 109 1
2315 3806 9
2315 632 7
2316 4239 9
2316 2683 9
2316 1335 6
2316 2818 8
2317 1513 7
2317 3330 1
2317 4988 8
2317 3535 1
2317 3723 1
2318 4523 2
2318 1513 10
2318 385 9
2319 2152 8
2319 771 2
2319 3706 10
2319 718 10
2320 3366 7
2320 987 8
2321 2506 6
2322 2934 3
2323 1576 2
2323 1727 5
2323 3651 8
2323 4794 10
2323 3302 3
2324 3014 5
2324 3696 7
2324 2110 2
2324 283 1
2324 2405 1
2325 3837 5
2325 3056 5
2325 2695 8
2325 4937 5
2326 698 5
2326 516 2
2326 521 6
2327 2332 6
2327 1870 2
2327 3715 7
2328 576 10
2328 2357 8
2329 2836 9
2329 3824 9
2329 2885 3
2329 4312 10
2329 3348 8
2330 2598 1
2331 1309 5
2332 409 3
2333 4250 2
2333 2097 9
2333 3618 10
2334 2828 6
2334 3072 7
2335 3017 2
2335 3293 5
2335 708 6
2335 4916 3
2336 2574 2
2336 3951 5
2336 3334 7
2337 2522 1
2338 14 7
2338 4323 9
2339 1575 9
2339 366 10
2339 1134 1
2339 3959 10
2340 714 1
2340 2784 7
2340 4745 8
2341 1359 4
2341 759 5
2341 4049 9
2341 3387 6
2342 3529 9
2343 4112 9
2343 4913 4
2344 2350 7
2344 3159 9
2344 2254 1
2344 4581 9
2345 1834 2
2345 4217 7
2345 305 4
2346 1431 6
2346 4160 7
2346 907 3
2347 2828 6
2348 4755 1
2348 3088 10
2348 2870 8
2349 1811 1
2349 4154 2
2349 4148 10
2350 1743 10
2351 3155 2
2351 4746 10
2351 3048 10
2352 3209 6
2352 162 9
2352 1302 8
2352 4005 8
2352 2498 8
2353 4093 10
2353 1479 5
2354 3737 8
2355 1233 6
2355 2411 10
2356 3790 3
2356 1346 7
2356 3903 7
2357 4117 10
2358 2157 9
2358 2360 8
2358 4798 9
2359 758 1
2360 331 7
2360 883 10
2361 4302 9
2362 4804 6
2362 4187 10
2362 2947 5
2362 1581 7
2362 1292 3
2363 2212 9
2363 3384 9
2363 3496 9
2363 1419 10
2363 3727 2
2364 1988 2
2364 1888 10
2364 2304 10
2364 4739 9
2365 341 1
2365 4628 8
2365 3866 4
2365 82 10
2366 777 4
2366 3418 1
2366 4379 9
2367 4063 10
2367 864 7
2367 4814 3
2368 371 9
2368 33 4
2368 1585 10
2368 1430 10
2369 1913 9
2369 1174 10
2369 1698 6
2369 2912 5
2369 4663 10
2370 1610 8
2371 214 2
2372 480 4
2372 2029 5
2372 3221 2
2372 346 5
2372 4889 8
2373 3707 8
2373 4934 7
2373 4138 2
2373 1439 8
2374 4751 8
2374 4864 10
2374 3889 6
2375 4344 1
2376 4715 7
2376 3230 10
2376 3719 5
2376 109 3
2376 896 4
2377 980 3
2377 136 2
2377 4157 9
2377 4953 8
2377 3482 2
2378 1152 8
2378 4107 1
2378 2057 8
2378 615 2
2378 2554 5
2379 4905 2
2379 3763 6
2379 1590 10
2379 3583 10
2380 1691 8
2380 3968 7
2380 1029 8
2380 4744 6
2380 829 3
2381 4302 5
2381 1888 4
2382 4049 3
2383 488 9
2383 1851 4
2383 3006 7
2383 2132 10
2383 3690 3
2384 3296 9
2385 417 4
2385 2614 7
2385 3514 5
2385 1143 7
2386 99 2
2386 919 5
2386 1956 6
2387 3218 3
2387 4475 1
2387 1006 9
2388 4782 1
2388 2464 9
2389 494 8
2389 3942 8
2389 3320 8
2390 3784 8
2390 2222 8
2390 3320 2
2391 569 4
2392 12 3
2392 4300 10
2392 3178 8
2392 637 6
2392 4083 7
2393 4130 1
2393 2029 4
2393 4832 3
2393 2083 10
2393 951 7
2394 1142 9
2395 4285 3
2395 1744 7
2396 3609 1
2397 4106 10
2398 842 3
2398 229 2
2398 557 1
2398 3214 10
2399 846 1
2399 4223 4
2399 2904 9
2399 266 3
2400 2258 6
2400 1180 2
2400 2747 2
2401 2322 7
2401 827 10
2401 3908 6
2402 2095 4
2402 4069 9
2402 4431 9
2402 3101 5
2403 1291 5
2403 3908 6
2403 3015 1
2403 856 4
2404 4466 10
2404 2231 7
2405 3668 3
2405 4122 7
2405 2186 3
2405 1513 10
2405 4948 8
2406 2482 7
2406 1514 7
2406 1561 10
2406 1159 5
2406 1242 5
2407 3346 8
2407 477 9
2407 1651 10
2408 1400 7
2409 4169 3
2409 4665 2
2409 4936 2
2410 3198 5
2411 4473 4
2411 1003 7
2411 647 7
2411 568 2
2412 1894 3
2412 1416 8
2412 1587 4
2412 2410 10
2412 1228 2
2413 521 9
2413 2688 7
2413 2658 1
2414 3940 8
2414 2427 6
2415 4427 10
2415 2845 9
2415 2962 10
2416 4382 5
2416 3627 7
2416 467 3
2417 787 7
2417 3925 8
2417 2886 5
2417 587 2
2417 3549 7
2418 3672 4
2418 917 2
2418 2350 4
2418 4371 10
2418 899 10
2419 3206 7
2419 4096 6
2419 3930 1
2420 172 8
2420 4048 6
2420 4840 8
2421 451 10
2421 639 4
2421 4234 8
2421 3667 6
2422 3295 9
2422 2286 6
2423 3214 7
2423 2380 3
2423 2994 6
2423 4744 4
2424 2517 2
2425 1019 7
2426 1034 1
2426 5 5
2426 2463 5
2427 4308 8
2427 637 5
2427 88 4
2427 2358 4
2427 671 5
2428 1416 5
2428 3935 10
2429 2688 6
2429 3605 4
2429 1295 7
2430 448 1
2430 1593 10
2430 3620 8
2431 2229 10
2431 101 2
2431 80 1
2431 2884 7
2431 122 4
2432 691 4
2432 564 4
2432 1278 7
2432 1763 4
2433 4425 9
2433 385 4
2433 778 10
2434 1369 8
2434 4535 6
2434 718 4
2434 2890 7
2435 3116 3
2436 2383 3
2436 2047 1
2436 2127 3
2436 3081 8
2437 4174 1
2438 2003 5
2438 1699 7
2438 879 5
2438 2665 8
2438 1786 5
2439 1013 9
2439 88 8
2439 4513 10
2439 1323 10
2440 3051 9
2440 48 8
2441 1873 9
2441 4744 3
2441 2959 1
2441 3987 3
2442 3307 4
2442 2068 10
2443 1341 6
2443 265 4
2443 2040 7
2443 4957 10
2443 3022 8
2444 2198 3
2444 1808 2
2444 417 5
2444 2697 3
2444 295 5
2445 4420 3
2445 2729 4
2445 302 8
2445 3628 2
2445 3982 10
2446 2283 7
2446 1392 1
2446 3297 7
2446 4243 5
2446 1818 5
2447 2373 6
2447 3310 2
2448 73 8
2448 2344 2
2448 3159 6
2448 2707 6
2449 1213 7
2449 2154 5
2449 2300 8
2449 3577 2
2449 4521 3
2450 3523 1
2450 3687 8
2450 3047 10
2450 3819 2
2450 4648 9
2451 3370 7
2452 4769 5
2453 1652 7
2453 1590 4
2453 2950 10
2454 1049 10
2454 3969 6
2454 4406 4
2454 4608 2
2455 4000 5
2456 4634 2
2456 4701 1
2456 3485 9
2456 4295 8
2456 4717 2
2457 3449 5
2457 1323 8
2458 3629 8
2458 3499 9
2458 3277 1
2458 2611 8
2459 2104 7
2459 1676 1
2459 2864 3
2460 3675 9
2460 3742 1
2461 4528 5
2461 3673 3
2461 4185 7
2461 3351 7
2462 4046 7
2463 1671 10
2463 1979 8
2463 4928 7
2463 4538 2
2464 4058 5
2464 83 2
2464 3653 2
2464 4782 8
2464 1712 5
2465 101 1
2465 2640 5
2465 4845 5
2465 3722 3
2465 4492 7
2466 4039 2
2466 3130 1
2466 2270 9
2466 762 7
2467 4538 8
2467 1629 8
2467 2426 6
2467 3621 4
2468 130 9
2469 152 7
2469 2811 4
2469 2876 7
2469 2708 1
2470 1416 5
2470 465 1
2470 3759 6
2470 1444 7
2470 3307 4
2471 1151 10
2471 3160 2
2471 1018 4
2472 3764 9
2472 66 1
2472 717 1
2473 163 6
2473 4598 10
2473 4028 9
2473 4698 1
2474 1712 4
2474 3670 1
2475 4722 2
2476 1194 1
2476 3122 1
2476 718 5
2476 2319 6
2476 2814 1
2477 1203 8
2478 3878 1
2478 3353 4
2478 2509 7
2478 2966 10
2479 3500 10
2479 4546 3
2479 4713 2
2480 2725 2
2480 1742 7
2481 3877 7
2482 3184 6
2482 634 9
2482 1162 5
2483 4075 8
2483 1562 1
2483 3690 8
2483 1830 9
2484 901 8
2484 2755 10
2484 4616 1
2485 1017 3
2485 3214 4
2486 2775 1
2486 761 6
2486 3707 1
2486 3347 5
2486 158 8
2487 3429 9
2488 3766 5
2489 602 8
2490 2946 2
2490 1277 4
2490 1412 9
2490 2188 2
2491 3413 10
2491 3387 1
2491 2643 6
2491 504 9
2491 2725 1
2492 4102 9
2492 3984 10
2492 3909 8
2492 4386 5
2492 4367 8
2493 3812 3
2493 3 5
2493 2306 3
2493 2593 10
2494 83 3
2494 4794 8
2495 3539 4
2496 3512 7
2496 3384 10
2496 1480 9
2496 1040 3
2497 2256 4
2498 2154 1
2498 74 2
2498 3592 10
2498 1867 2
2499 1756 1
2499 3563 10
2499 1458 8
2500 2396 1
2500 4905 6
2500 1313 9
2500 4352 5
2500 3342 3
2501 4578 4
2501 4100 7
2502 3092 2
2502 2518 9
2503 2639 4
2503 4706 7
2503 1653 5
2504 3817 8
2504 4748 8
2504 3874 6
2505 3454 1
2505 362 9
2506 4187 3
2506 1524 6
2506 2329 6
2506 3653 8
2506 502 1
2507 3821 6
2507 219 1
2507 376 2
2508 879 5
2508 1287 1
2508 3062 3
2508 39 1
2508 1093 9
2509 2724 3
2510 3182 4
2511 4639 2
2512 1326 10
2512 3272 7
2512 1716 4
2512 2345 3
2513 4244 5
2513 4955 7
2513 2809 1
2514 3545 2
2514 16 3
2514 4807 10
2514 3709 2
2514 4979 1
2515 399 6
2515 3806 3
2515 632 7
2515 1920 7
2516 1742 5
2517 3581 4
2517 4916 10
2517 2585 8
2518 3631 7
2519 4744 6
2519 4468 9
2519 3439 3
2519 2844 4
2520 1161 3
2520 246 6
2520 1174 6
2521 4693 8
2521 4819 6
2521 4244 10
2521 4562 9
2522 4441 3
2522 2433 3
2522 626 4
2522 1951 1
2522 2418 3
2523 4962 5
2523 4955 2
2523 2822 5
2523 2739 4
2523 4161 2
2524 264 2
2524 14 9
2524 1096 9
2524 4279 5
2525 4639 3
2525 2565 4
2525 641 8
2525 72 4
2525 2553 8
2526 905 7
2527 4838 4
2527 1187 3
2527 801 4
2528 3012 9
2528 2219 1
2529 3935 5
2529 4708 8
2529 3812 8
2529 2925 6
2530 1835 9
2530 3948 7
2530 2103 3
2530 504 8
2530 3486 6
2531 4075 1
2531 1458 7
2532 4028 1
2532 2473 2
2532 126 2
2532 2848 1
2533 4619 8
2534 2076 1
2535 850 9
2536 4888 4
2536 4377 4
2537 2777 3
2537 3975 4
2537 4375 10
2537 4991 10
2538 2516 4
2538 683 10
2538 3660 10
2539 3121 8
2539 2395 9
2539 1201 9
2539 305 1
2540 2093 7
2540 1339 8
2541 1131 6
2542 2114 2
2542 4563 10
2543 4039 9
2543 455 6
2543 982 9
2544 965 4
2544 1427 8
2544 3189 8
2544 2237 5
2544 4032 2
2545 4512 4
2545 2756 7
2545 631 10
2546 895 8
2546 2727 8
2546 1451 6
2547 570 9
2547 2089 8
2547 1526 1
2547 4237 7
2548 1845 10
2548 4950 3
2548 3152 3
2548 1839 5
2549 4713 6
2549 4277 4
2549 3477 10
2549 4546 2
2549 1607 8
2550 3628 10
2550 1901 6
2550 1800 8
2550 4838 8
2550 2952 5
2551 1597 6
2551 3065 10
2551 4022 4
2552 1469 8
2552 4378 2
2552 409 6
2552 4336 3
2553 641 5
2553 4554 2
2553 3612 7
2553 1846 4
2554 4036 2
2555 3243 4
2556 1613 2
2556 3669 4
2556 3092 1
2557 4349 2
2557 394 8
2557 2933 9
2557 1918 4
2557 3414 7
2558 3515 2
2559 217 3
2560 815 2
2561 696 10
2561 568 7
2561 2364 2
2561 4950 10
2562 3252 10
2562 2784 6
2563 1190 7
2563 2670 6
2564 601 6
2564 4359 5
2564 2562 6
2564 2230 6
2565 3779 3
2565 4674 5
2566 3826 7
2566 3467 7
2566 4664 5
2566 4225 6
2566 4342 9
2567 3331 4
2567 330 9
2567 3644 1
2568 2070 6
2568 694 5
2569 2582 6
2570 4355 10
2570 4874 2
2570 2289 7
2571 3359 5
2571 4136 7
2571 2962 1
2572 4153 9
2572 2275 7
2572 4268 8
2572 2304 8
2572 1769 1
2573 3942 1
2574 4911 6
2574 3953 6
2574 366 6
2574 3269 8
2574 1504 7
2575 2337 9
2576 299 8
2577 3226 1
2577 3321 9
2578 782 8
2578 2336 2
2578 1900 4
2579 27 8
2579 2904 8
2579 316 5
2579 1259 5
2580 4937 4
2580 2327 10
2580 4873 5
2580 3171 8
2581 4869 9
2581 3051 10
2581 4227 1
2582 2764 2
2582 827 1
2582 2322 9
2582 2294 7
2582 86 9
2583 3028 7
2583 718 9
2583 4671 2
2583 982 5
2584 885 3
2584 2311 4
2585 3231 4
2585 3864 8
2585 3027 8
2586 1966 7
2586 774 1
2586 4137 4
2586 181 8
2587 212 7
2587 5000 2
2587 2042 3
2588 4373 9
2589 3673 7
2589 1591 5
2590 1337 10
2590 3274 6
2591 4223 1
2591 3631 8
2591 4918 2
2592 1834 1
2593 4583 7
2594 1886 8
2594 3398 8
2594 3683 3
2594 2426 3
2594 2864 6
2595 3805 10
2595 2200 6
2595 3510 5
2596 833 6
2596 2681 6
2596 1407 2
2597 1356 9
2597 3379 1
2597 715 8
2598 543 5
2598 1366 6
2598 3332 9
2598 2308 2
2599 3527 10
2599 1940 3
2599 3603 2
2599 4638 5
2600 1957 4
2600 3523 6
2600 163 8
2600 3092 6
2600 4028 8
2601 3758 4
2601 741 5
2602 1965 10
2602 4124 1
2603 451 5
2604 882 4
2605 1789 7
2605 4409 6
2605 3377 6
2606 2765 3
2607 4409 4
2607 442 3
2607 2678 1
2608 341 9
2608 4617 5
2608 4212 3
2609 632 8
2609 3554 3
2610 3503 7
2611 65 9
2611 3160 4
2611 114 10
2611 2506 5
2611 4453 2
2612 2163 8
2612 1540 4
2612 128 8
2612 1760 3
2613 41 4
2613 581 6
2613 4904 9
2613 4369 5
2613 775 3
2614 491 4
2614 2198 10
2615 3579 2
2615 674 8
2616 3182 3
2616 358 8
2617 2495 4
2617 2701 5
2617 1789 2
2617 1146 9
2618 254 8
2618 2323 5
2618 3191 9
2618 103 10
2618 3903 4
2619 3164 2
2620 3477 5
2621 1996 10
2621 2381 10
2621 4215 3
2621 3795 10
2621 2544 4
2622 2412 7
2622 1587 8
2622 42 8
2622 939 9
2623 2669 4
2623 2952 9
2623 4061 1
2624 948 10
2624 1889 1
2624 678 3
2625 2740 5
2625 4689 7
2625 4230 2
2625 3651 7
2626 2303 1
2626 4364 7
2626 3632 7
2626 3062 5
2627 2076 6
2627 2314 3
2628 621 8
2628 656 7
2628 909 2
2628 1286 4
2629 658 10
2629 714 7
2630 4250 2
2630 2097 2
2630 3350 8
2630 3839 4
2630 3428 9
2631 1046 2
2631 538 3
2631 94 9
2631 990 4
2632 3722 4
2632 1525 9
2632 2195 9
2632 2698 7
2633 2501 10
2634 2594 8
2634 3946 10
2634 1676 8
2635 4359 7
2635 2564 9
2636 4402 1
2636 1861 4
2636 1248 3
2637 4744 9
2637 3054 3
2638 1869 2
2638 4370 4
2638 3028 6
2639 3953 4
2640 381 2
2640 1758 5
2641 4832 5
2641 1623 9
2641 1548 10
2641 2484 3
2641 4472 1
2642 2670 1
2643 1999 1
2643 1639 5
2643 1549 9
2644 3538 5
2644 3722 7
2645 3763 7
2645 4820 10
2645 2950 1
2645 1646 10
2646 340 9
2646 2908 4
2646 2278 6
2647 2715 9
2647 4934 10
2647 2189 5
2648 3877 8
2648 3987 3
2648 3510 5
2649 2456 4
2649 3973 3
2649 4354 5
2649 4820 2
2649 1443 10
2650 4587 8
2650 2526 3
2650 4458 10
2651 2614 1
2651 1484 4
2651 1143 7
2652 3252 3
2653 827 8
2654 766 3
2654 369 5
2654 2857 9
2654 4559 10
2654 4971 3
2655 4072 1
2655 2118 2
2655 335 4
2655 3503 3
2655 2166 2
2656 2355 2
2656 1080 8
2657 2262 10
2657 2703 9
2657 4238 5
2657 500 8
2658 2270 6
2659 2102 6
2660 1737 3
2661 2877 6
2661 1702 5
2661 3133 5
2661 2943 1
2661 1686 8
2662 618 1
2662 4722 5
2662 776 2
2662 2852 5
2662 4614 9
2663 3420 10
2663 3165 4
2663 4547 9
2663 3346 4
2664 1566 6
2664 4928 5
2664 4202 7
2664 4538 5
2664 924 9
2665 997 5
2666 694 7
2666 2519 5
2666 3692 6
2666 4990 2
2667 1784 2
2667 302 9
2667 2540 10
2667 3313 7
2667 3737 8
2668 2323 10
2668 3499 4
2668 1705 3
2669 1028 9
2669 3366 10
2669 4130 5
2670 3916 9
2670 4160 7
2671 2819 2
2672 3837 6
2672 4658 9
2672 2695 7
2673 4771 8
2674 1313 5
2674 2120 4
2674 2401 10
2674 2934 3
2674 605 8
2675 1040 9
2675 1430 4
2675 2606 8
2675 1178 3
2676 1513 6
2676 2671 9
2676 2701 4
2676 3539 6
2676 2046 3
2677 4279 3
2677 1152 10
2677 3431 1
2677 4375 6
2677 3972 2
2678 3305 2
2678 2184 6
2678 4980 7
2678 1486 2
2678 2050 9
2679 2462 7
2680 3245 10
2680 4078 5
2681 2343 2
2682 2615 9
2683 3293 7
2684 3832 3
2684 3649 8
2685 4269 3
2685 4609 10
2685 4714 1
2686 3193 7
2686 774 10
2686 298 7
2686 1462 6
2687 637 7
2687 4513 2
2687 2933 2
2688 2812 2
2688 2152 7
2688 1374 8
2689 4678 1
2689 1716 1
2690 4148 4
2690 4814 10
2690 2856 4
2690 4551 8
2691 2882 7
2691 2280 9
2691 4209 4
2691 4424 10
2691 1737 5
2692 4871 4
2692 2621 4
2692 213 1
2693 4711 6
2694 3580 5
2694 3872 1
2695 2139 9
2695 4873 1
2695 3056 9
2695 958 2
2695 394 4
2696 363 1
2697 4061 4
2697 3253 3
2697 491 1
2698 2678 5
2698 246 1
2699 2357 1
2699 53 10
2699 417 9
2699 4090 1
2699 3253 8
2700 882 2
2700 4961 9
2700 3494 2
2700 3760 4
2701 1698 8
2701 2431 6
2701 4338 2
2701 4845 4
2701 4424 10
2702 3013 1
2702 4032 1
2703 4556 2
2704 2085 3
2704 4814 3
2705 4194 3
2706 2931 9
2706 3883 9
2707 4401 5
2707 3494 5
2707 1097 8
2707 4253 7
2707 1005 8
2708 472 4
2709 4357 3
2709 993 10
2709 4567 5
2710 417 2
2710 4109 4
2711 581 5
2711 214 1
2712 1365 7
2712 2675 1
2712 1166 8
2713 2548 8
2714 4831 10
2714 3075 6
2714 4935 3
2714 4620 6
2714 3961 9
2715 2780 10
2715 4412 5
2715 4788 8
2715 3454 3
2715 1716 10
2716 4484 9
2716 68 6
2717 3424 6
2717 4514 9
2717 697 5
2717 3306 6
2717 4525 10
2718 312 4
2718 263 7
2718 3449 4
2718 3673 3
2718 2239 1
2719 4547 1
2720 3484 4
2720 2926 9
2720 3126 6
2720 1149 3
2720 1679 9
2721 1549 9
2721 2516 7
2722 771 3
2722 2319 5
2722 4288 7
2723 3500 8
2723 3343 8
2723 4329 4
2724 4426 8
2724 354 3
2724 4620 10
2724 3961 1
2724 2751 6
2725 4525 7
2725 1067 9
2726 3186 3
2727 759 10
2727 4063 10
2727 1362 7
2727 3200 5
2728 3919 6
2728 4775 5
2728 619 8
2728 4120 1
2728 2149 4
2729 813 5
2729 4838 1
2729 1187 8
2729 1373 5
2729 1971 5
2730 3990 6
2731 3696 3
2731 4948 2
2731 2041 8
2731 4255 5
2732 3854 5
2732 568 7
2733 1265 10
2733 3902 3
2733 3578 3
2733 4205 2
2734 4711 6
2734 3170 4
2734 773 8
2734 4249 2
2735 2857 9
2735 2590 8
2735 990 9
2735 369 3
2735 3921 1
2736 1399 2
2737 1252 2
2737 3466 5
2737 2882 10
2737 625 9
2738 2085 8
2738 4514 1
2738 1603 5
2738 4737 3
2739 1072 1
2739 4188 6
2739 3910 4
2739 2307 10
2740 4689 2
2741 2971 9
2741 3122 3
2741 1295 9
2742 544 5
2742 3918 2
2742 791 6
2743 342 6
2743 3916 3
2743 4120 2
2744 4648 10
2744 1256 2
2745 135 4
2745 3370 2
2745 2817 6
2745 65 1
2745 2081 9
2746 4273 7
2746 3411 9
2746 1769 1
2746 4022 5
2747 2244 8
2748 1610 2
2749 1148 7
2749 1493 3
2749 3846 9
2750 410 7
2750 3640 3
2750 398 7
2750 3043 5
2750 1599 5
2751 4225 5
2751 796 7
2751 303 3
2751 858 6
2751 3430 6
2752 2322 10
2752 2558 2
2752 2681 9
2753 2024 7
2753 673 5
2753 3857 4
2754 2370 10
2754 2661 5
2754 1598 5
2754 1776 3
2755 4148 3
2755 4482 1
2755 1338 4
2755 483 1
2755 210 9
2756 4915 2
2756 1304 3
2756 4397 7
2756 3379 9
2756 225 4
2757 1565 1
2758 58 1
2758 4670 9
2758 683 10
2759 4003 5
2759 1582 6
2759 3632 2
2760 2008 8
2761 433 2
2761 4518 7
2761 67 5
2762 1100 9
2762 804 7
2762 1335 3
2762 3181 1
2762 3126 3
2763 2315 3
2764 2343 9
2764 3460 1
2764 2681 9
2764 2950 5
2764 4249 10
2765 1936 8
2765 2155 3
2766 2568 10
2766 4495 4
2767 832 2
2768 3826 10
2768 303 4
2769 3080 5
2769 3914 9
2770 4593 5
2770 1104 9
2770 406 5
2770 13 2
2770 1199 4
2771 2437 3
2771 3428 2
2771 3393 8
2772 2801 4
2772 2189 7
2772 2487 5
2772 2264 4
2773 704 6
2773 3207 3
2773 1609 3
2773 805 2
2774 3855 3
2774 2289 9
2774 4873 6
2775 2116 2
2775 4171 9
2776 267 6
2776 173 9
2777 647 1
2778 1129 5
2778 589 4
2778 3073 6
2778 4471 10
2778 3665 8
2779 4111 5
2779 3936 6
2780 2477 7
2780 1039 6
2780 1203 7
2780 4171 2
2781 463 7
2781 1343 6
2781 3393 2
2781 466 9
2781 2130 1
2782 1617 9
2783 3795 5
2783 871 5
2783 3502 6
2783 3374 4
2784 4162 7
2784 1116 6
2784 1535 10
2784 4749 10
2785 3260 1
2785 851 2
2785 1580 3
2786 2462 8
2786 1365 8
2787 3447 9
2787 4507 3
2787 2473 4
2787 126 10
2788 3898 10
2789 3771 10
2789 3736 4
2789 320 8
2789 3245 4
2790 2100 9
2790 4440 2
2790 1613 4
2790 4324 3
2790 4920 4
2791 1289 9
2791 2795 4
2791 4636 7
2791 1624 10
2791 4471 10
2792 4270 5
2792 404 5
2792 1029 1
2792 3517 6
2793 3979 5
2794 1039 4
2794 4226 2
2794 529 9
2794 3161 10
2794 2119 4
2795 3265 8
2795 4091 8
2796 662 8
2796 4298 9
2796 4124 10
2796 363 3
2796 4880 9
2797 4483 8
2797 4082 1
2797 4093 2
2797 3579 2
2798 180 6
2798 228 3
2799 2119 1
2799 2440 1
2800 1216 6
2800 34 6
2800 141 8
2801 3454 3
2801 4718 9
2801 4243 2
2801 1540 7
2801 1052 8
2802 1125 3
2802 4973 1
2802 2268 1
2802 1936 1
2802 4870 10
2803 3553 6
2803 249 8
2803 3073 10
2804 2104 5
2804 2934 9
2805 2602 1
2806 1131 6
2806 4621 2
2806 3631 4
2806 1564 5
2807 4220 8
2807 3653 2
2807 2256 2
2807 3771 10
2807 4689 8
2808 523 2
2809 332 3
2809 2215 4
2809 3685 6
2810 74 6
2811 3986 3
2812 4541 5
2812 4924 9
2813 4829 10
2813 1747 6
2813 4528 10
2814 521 5
2814 2761 10
2814 3421 7
2814 3611 2
2814 1441 10
2815 2959 1
2816 2576 7
2816 3316 3
2816 3036 3
2817 3128 2
2817 2164 6
2817 2321 2
2817 1230 5
2818 4477 1
2818 2183 8
2818 1332 9
2819 2677 2
2819 1758 6
2820 3106 5
2821 3500 5
2821 556 5
2822 4380 1
2822 1399 5
2822 4727 5
2822 2215 7
2822 2028 8
2823 3583 9
2823 3124 8
2824 2829 3
2824 3232 2
2824 3645 5
2824 3838 8
2825 1115 5
2825 1533 4
2825 4065 2
2826 4599 10
2826 2642 1
2826 2024 10
2826 1138 10
2826 554 4
2827 2166 10
2827 3650 8
2827 3791 2
2827 43 2
2828 1647 9
2829 1565 8
2830 4434 8
2830 3907 9
2831 4308 7
2831 2231 4
2831 4118 9
2832 1071 5
2832 1448 9
2832 610 4
2833 961 8
2834 3212 9
2834 2722 1
2835 4349 4
2836 3348 1
2836 922 7
2836 3824 7
2836 4312 9
2837 2330 2
2837 2535 7
2837 331 9
2838 4630 5
2839 3230 5
2840 957 8
2840 3244 2
2840 4561 6
2840 778 10
2840 3884 2
2841 3111 1
2841 467 9
2841 2455 7
2841 3382 2
2841 1528 1
2842 1216 5
2842 1423 2
2842 2851 10
2843 4768 9
2843 1631 2
2843 2229 9
2843 4980 5
2844 3182 5
2844 1754 8
2844 4256 6
2844 2036 10
2845 1750 10
2846 3394 3
2846 1767 8
2846 3707 2
2847 4804 2
2847 83 6
2847 150 3
2847 2615 2
2847 2947 4
2848 3927 9
2848 964 7
2848 126 5
2848 163 7
2848 3912 6
2849 80 4
2849 382 10
2849 2397 6
2850 1907 2
2850 4559 4
2850 3921 9
2850 4971 8
2850 689 4
2851 1710 6
2851 2600 7
2851 3687 2
2851 420 8
2851 2261 10
2852 1260 10
2853 1608 3
2854 2368 1
2855 4902 9
2855 927 3
2856 1409 9
2856 1172 1
2856 997 4
2857 766 8
2857 4490 6
2858 2786 5
2858 3427 8
2858 1490 8
2858 41 5
2859 2373 3
2859 326 8
2859 4565 5
2860 4976 6
2860 4923 1
2860 23 5
2861 985 6
2861 3020 1
2861 1130 1
2861 3905 6
2861 4990 10
2862 2424 7
2862 1565 7
2863 237 9
2864 542 3
2864 1676 2
2865 3460 10
2865 4611 10
2865 3409 8
2865 1814 1
2865 4476 10
2866 3025 10
2866 1153 4
2866 3847 8
2867 804 8
2867 2818 8
2867 2183 10
2867 1335 3
2867 1565 9
2868 1453 7
2868 1366 10
2868 4649 9
2868 4313 1
2869 1321 10
2870 4755 7
2870 4104 6
2871 2986 9
2871 2459 7
2872 3909 5
2872 4153 5
2872 3044 1
2873 2503 10
2873 3901 1
2873 4045 3
2873 2394 8
2873 4454 1
2874 3275 10
2874 3391 1
2874 4024 6
2875 2201 7
2875 1658 4
2875 4831 8
2876 1879 8
2876 2291 6
2876 3134 8
2876 1374 8
2876 1297 10
2877 420 6
2878 3862 6
2878 3985 6
2878 2840 7
2878 72 8
2879 4085 9
2879 960 8
2880 3267 4
2880 3948 5
2880 1731 1
2880 4318 10
2880 1468 2
2881 538 9
2881 3094 1
2881 267 10
2881 2416 1
2882 3705 9
2883 478 7
2883 2551 7
2883 2124 6
2883 4763 3
2884 2184 7
2884 2050 1
2884 3897 1
2884 1161 8
2884 4338 4
2885 3939 6
2885 3348 7
2885 3670 3
2886 2998 8
2886 3701 9
2887 204 1
2887 1559 9
2888 2900 4
2889 185 3
2890 762 4
2890 521 7
2891 3159 7
2891 68 2
2892 2735 7
2892 347 4
2892 3960 5
2892 2776 6
2893 706 3
2894 69 1
2895 3158 6
2895 3009 5
2895 111 2
2895 4306 4
2895 674 7
2896 4775 6
2896 1374 2
2896 3617 10
2897 787 10
2898 1802 9
2898 2835 2
2898 819 7
2899 4621 8
2900 2738 1
2901 2712 6
2902 1894 4
2902 4850 10
2903 4644 10
2903 3865 2
2903 2096 10
2903 2580 5
2903 827 5
2904 2406 8
2904 459 3
2904 1456 1
2905 374 2
2905 2598 4
2905 3008 4
2906 3663 9
2906 3846 8
2907 698 3
2907 3656 2
2907 1678 6
2907 918 2
2908 1981 7
2908 4325 10
2909 2609 5
2909 4144 9
2909 1573 9
2909 3008 4
2909 4047 1
2910 679 1
2910 3718 2
2910 4639 4
2910 2565 2
2911 179 5
2911 85 8
2911 1632 7
2911 3622 3
2912 3975 6
2912 3930 10
2913 4078 2
2913 83 5
2913 192 9
2914 1578 6
2914 1389 4
2915 1172 8
2915 1409 10
2915 2542 7
2915 4297 7
2916 1811 1
2916 1808 4
2916 3547 4
2916 2951 5
2917 3035 4
2917 223 5
2917 4748 7
2917 2365 7
2917 1873 6
2918 1404 4
2919 4993 1
2919 1097 8
2920 3648 10
2920 3418 8
2920 4651 6
2921 2066 8
2921 266 10
2921 3860 8
2922 4131 8
2922 35 3
2922 507 5
2922 4821 10
2923 4482 2
2923 2161 5
2923 3005 6
2923 4837 5
2924 1862 10
2924 2673 2
2925 4180 5
2925 3600 6
2925 3524 8
2925 1098 6
2925 2758 6
2926 1100 9
2926 288 10
2927 3417 4
2928 288 3
2928 505 3
2928 2183 2
2929 2173 7
2929 968 10
2929 1345 8
2930 2551 3
2931 744 9
2931 819 3
2931 4801 6
2932 4962 3
2932 1124 3
2932 4955 9
2932 1133 6
2932 4356 3
2933 2414 10
2933 1316 2
2933 3400 3
2934 945 9
2934 3591 7
2934 4913 6
2935 625 3
2935 1525 6
2935 2008 8
2935 4224 5
2935 2046 1
2936 3070 6
2936 1012 7
2936 1484 2
2936 3108 8
2936 898 4
2937 2061 7
2937 3857 2
2938 290 10
2938 1117 7
2938 4619 6
2939 902 8
2939 4425 6
2939 4561 3
2939 1412 7
2940 1670 2
2940 1306 7
2940 4243 10
2940 4217 1
2941 725 3
2941 2912 6
2941 1866 5
2941 270 4
2941 2050 8
2942 4015 7
2942 4308 8
2943 230 6
2943 251 3
2944 5 7
2944 546 8
2944 823 9
2944 4928 4
2944 3657 7
2945 2352 1
2945 3534 8
2945 808 3
2945 3644 1
2946 4674 2
2947 649 6
2947 1804 6
2948 4425 8
2949 4367 4
2949 4302 1
2949 3502 1
2950 1795 4
2950 2718 1
2951 3306 4
2952 1338 1
2952 3931 10
2952 4130 10
2952 1639 9
2953 453 2
2953 4999 1
2954 2340 9
2954 353 1
2954 4162 6
2954 1267 7
2954 1154 4
2955 1376 4
2956 404 6
2956 829 3
2957 1048 6
2957 3846 1
2958 4774 5
2959 5 4
2959 434 9
2960 2765 9
2960 1691 6
2960 3987 10
2960 3208 1
2961 1317 6
2961 4096 8
2961 80 5
2961 3975 2
2961 1913 5
2962 3212 8
2963 1823 3
2963 4268 10
2963 3013 4
2963 4323 2
2964 4751 7
2964 4546 10
2964 1402 9
2964 268 8
2965 298 8
2965 2198 2
2966 4426 10
2966 3552 9
2967 4508 4
2967 1535 1
2967 204 5
2968 4790 6
2968 3194 5
2969 1504 9
2969 3476 10
2969 4289 7
2969 4023 2
2970 293 7
2970 3857 5
2970 1431 6
2971 2181 5
2971 1678 2
2971 3706 2
2972 1068 1
2972 2441 6
2973 2952 8
2973 3108 2
2973 4838 10
2974 1392 1
2975 3368 7
2975 4668 5
2975 1343 4
2975 1840 3
2975 2446 6
2976 1594 1
2976 1431 8
2976 2869 10
2976 311 5
2976 345 4
2977 4909 8
2977 2226 2
2977 1224 5
2978 368 3
2978 222 9
2979 4830 5
2979 4927 8
2979 2687 4
2979 4650 3
2980 696 5
2980 4022 1
2980 1219 3
2980 2378 9
2981 4261 5
2982 3805 2
2982 3657 4
2982 2934 9
2983 1018 5
2983 3758 8
2983 436 8
2984 1966 4
2984 4551 8
2984 758 8
2985 1207 8
2986 4145 3
2987 1430 8
2987 3784 7
2988 4480 1
2988 3767 1
2988 3718 4
2988 2092 1
2989 492 8
2989 4969 4
2989 1525 5
2989 87 10
2989 2912 10
2990 3901 8
2991 2614 3
2992 4694 8
2992 854 5
2992 3395 8
2993 2493 5
2994 1886 4
2994 555 9
2995 4339 2
2995 4142 7
2995 2082 6
2995 2262 7
2996 3283 9
2996 605 1
2996 3805 7
2997 4610 7
2997 385 9
2997 3767 2
2998 3831 3
2998 3165 3
2998 2381 4
2998 4426 10
2998 2949 9
2999 4242 4
2999 1242 10
2999 3286 10
3000 2917 3
3000 494 5
3000 4357 1
3000 868 4
3001 2801 6
3001 4138 7
3001 1760 4
3001 4777 5
3002 743 6
3002 2946 9
3002 1277 3
3002 397 2
3003 3590 7
3003 687 1
3003 4583 3
3003 4142 7
3003 1185 5
3004 3017 3
3004 4916 2
3004 4964 1
3004 2954 9
3005 4766 7
3005 940 9
3005 3979 10
3005 3204 5
3006 4136 6
3006 1321 9
3006 4772 9
3007 4968 5
3007 342 10
3008 4983 5
3008 2609 5
3008 3400 4
3008 4824 8
3008 77 8
3009 1439 7
3009 2373 10
3009 2487 6
3009 4685 1
3010 4908 7
3010 1379 6
3010 4840 10
3010 2294 6
3011 4967 3
3011 4545 7
3012 1979 9
3012 517 9
3012 5 6
3013 4153 3
3013 4432 6
3013 3984 10
3013 2663 2
3014 4988 2
3014 2941 10
3014 80 1
3014 3827 6
3014 3083 10
3015 4784 10
3015 348 7
3015 3443 8
3016 4741 4
3017 4460 6
3017 2635 8
3017 2564 5
3018 1782 6
3019 3749 6
3019 1291 2
3019 3770 1
3020 733 4
3020 1433 5
3020 3242 7
3021 65 10
3021 1457 4
3021 4041 1
3021 2362 6
3021 4531 9
3022 2704 10
3022 3388 6
3023 3430 9
3024 4775 6
3024 249 6
3024 825 6
3024 2187 6
3025 502 2
3025 3653 4
3025 1018 3
3025 1524 5
3026 399 7
3026 4699 10
3026 2011 5
3026 3648 1
3027 3775 7
3027 3422 4
3027 4508 6
3028 3186 4
3028 4125 4
3028 975 5
3028 3436 6
3029 1044 9
3029 4738 8
3030 2591 9
3030 2532 9
3031 2281 5
3031 863 1
3032 3961 3
3032 3136 4
3032 3506 2
3033 1839 5
3034 2032 3
3034 438 5
3034 4172 3
3034 3664 6
3035 2441 2
3035 4617 9
3035 223 4
3035 1433 9
3035 4212 9
3036 1142 6
3036 1575 2
3036 4922 1
3036 2339 4
3036 3402 8
3037 504 1
3038 2054 9
3038 4351 5
3038 3254 8
3038 2489 3
3039 4243 6
3039 1760 1
3039 3839 2
3039 4982 9
3039 2581 3
3040 4248 6
3040 2939 5
3040 1412 10
3040 2878 6
3041 1124 4
3042 2418 6
3042 3884 2
3043 577 9
3043 2092 6
3043 2297 7
3043 4439 1
3043 3612 7
3044 4032 2
3044 3909 1
3044 4547 5
3045 2564 3
3046 926 2
3046 3428 10
3047 276 5
3047 4888 8
3047 3376 4
3048 3673 6
3049 945 3
3049 494 7
3049 1772 5
3049 3526 3
3050 3048 8
3050 3247 6
3051 1720 9
3051 763 8
3052 3014 6
3052 3851 5
3052 1739 2
3052 3217 6
3053 16 5
3053 1045 2
3053 34 4
3053 4324 7
3054 4744 6
3055 568 7
3055 3411 2
3056 1316 4
3057 2011 10
3057 384 4
3057 855 10
3057 831 6
3058 2567 5
3058 3642 8
3058 4868 6
3058 812 3
3058 3879 8
3059 1565 9
3059 2659 2
3059 2424 9
3059 4252 6
3060 4224 3
3061 2319 4
3062 960 5
3063 4275 2
3063 4814 7
3064 4920 3
3064 4390 3
3065 2285 8
3065 3152 6
3066 126 1
3066 1352 8
3066 3243 5
3067 3478 8
3068 3852 3
3068 4078 6
3068 290 4
3068 3446 10
3068 2895 6
3069 3814 2
3069 4392 3
3069 2630 8
3070 2735 4
3070 4326 6
3071 4273 10
3071 4930 4
3071 3431 7
3072 22 6
3072 4306 9
3072 3114 2
3073 4775 4
3074 3341 6
3074 4273 4
3074 1233 9
3074 2265 8
3075 3003 6
3075 564 5
3075 3331 2
3076 219 3
3076 1342 2
3076 2389 2
3076 3571 9
3077 1625 2
3077 95 2
3077 3823 7
3077 2020 9
3077 1021 6
3078 1353 4
3078 3041 1
3078 121 6
3078 3297 10
3078 3393 4
3079 278 4
3080 1416 1
3080 3194 2
3080 2529 4
3081 1102 9
3081 1779 3
3081 2251 9
3082 2234 4
3082 2085 5
3083 974 2
3083 4697 2
3083 3925 5
3083 4268 4
3083 1003 2
3084 3949 8
3085 4009 2
3085 3767 4
3085 283 8
3085 1412 5
3086 340 5
3086 4882 3
3086 2689 8
3086 1767 3
3086 2264 3
3087 2748 3
3087 1682 4
3087 4938 3
3087 1613 10
3087 2261 4
3088 177 3
3089 650 7
3089 3385 5
3089 2050 3
3089 360 8
3090 2943 6
3090 1197 3
3090 3532 2
3090 1023 7
3090 1994 5
3091 4364 3
3091 2542 5
3091 2007 9
3092 3860 5
3092 3239 7
3093 3242 4
3093 4212 6
3094 1863 1
3094 1780 7
3094 467 4
3095 3220 10
3096 4459 10
3097 892 8
3097 2790 8
3098 1884 6
3098 2748 8
3098 163 2
3099 4964 3
3099 2585 7
3099 714 1
3100 924 6
3100 138 1
3100 856 6
3100 1407 1
3100 3015 2
3101 3014 10
3101 3333 7
3101 2465 3
3102 3361 4
3103 2063 1
3103 270 5
3104 3524 5
3104 4708 3
3104 3558 10
3104 1416 6
3105 3381 4
3105 88 3
3105 4139 4
3105 592 2
3105 2439 3
3106 799 2
3106 1169 5
3106 2042 3
3106 2137 7
3107 4547 10
3107 871 4
3107 2663 2
3108 177 4
3108 3474 5
3108 483 6
3108 4889 6
3109 532 2
3109 299 3
3109 4715 3
3110 3262 8
3110 2714 8
3111 3819 6
3111 1157 7
3111 4888 8
3111 4920 2
3112 170 9
3112 763 8
3112 2440 5
3112 3511 5
3113 3201 9
3113 1172 10
3113 1780 6
3114 2000 10
3114 4306 10
3115 4054 8
3116 4243 7
3117 4174 9
3117 3839 1
3117 3393 6
3118 1125 2
3118 733 8
3118 1446 1
3119 3379 2
3119 2113 3
3119 3343 4
3119 1242 3
3120 4865 9
3120 4108 8
3121 128 10
3121 3046 4
3122 3617 10
3122 4775 4
3123 956 2
3123 4859 3
3123 244 2
3123 4719 5
3123 3033 2
3124 2020 8
3124 856 1
3124 827 7
3124 3763 8
3125 4195 7
3125 246 3
3125 1320 10
3125 4768 1
3126 2652 1
3126 2967 6
3126 4460 1
3126 4239 3
3127 4790 5
3127 1098 4
3127 4137 5
3127 4201 9
3127 295 10
3128 150 4
3128 2740 10
3128 3651 1
3128 116 2
3128 2421 10
3129 4218 5
3129 3600 1
3129 26 8
3129 3812 6
3130 3962 8
3130 1766 7
3130 4924 3
3131 2133 4
3131 4937 2
3132 635 6
3132 4217 10
3132 1925 3
3132 4788 1
3133 3202 6
3133 2282 8
3133 4609 3
3133 3447 7
3133 534 10
3134 1624 4
3135 1502 10
3135 3767 6
3135 909 7
3135 902 5
3135 397 8
3136 3590 2
3136 4057 7
3136 4294 3
3136 4170 10
3136 617 10
3137 271 1
3137 2561 2
3137 4268 2
3138 3795 2
3138 781 5
3139 4643 5
3140 4947 3
3141 4581 4
3142 3493 6
3142 1092 9
3142 3238 6
3142 2210 8
3142 3763 6
3143 2938 9
3143 2859 2
3143 326 10
3143 3475 4
3143 4933 2
3144 4185 9
3144 3917 6
3144 1366 9
3145 3967 2
3145 3400 6
3146 4794 6
3146 1727 7
3147 3968 2
3147 1898 7
3147 2510 10
3147 2001 10
3147 2934 6
3148 4412 7
3148 170 9
3149 2987 9
3149 775 7
3149 593 7
3149 4898 8
3149 2462 1
3150 520 10
3150 2089 3
3150 3447 9
3150 4648 4
3150 2109 7
3151 4352 4
3151 3885 6
3151 4291 3
3152 4008 2
3152 3154 6
3152 1330 8
3153 33 4
3153 2371 3
3153 2042 6
3153 2854 4
3153 4213 8
3154 650 2
3154 3013 9
3155 4711 10
3155 1518 4
3156 2222 8
3157 4458 6
3157 842 6
3158 2278 10
3158 867 2
3159 3989 2
3159 1097 9
3159 61 2
3159 4728 5
3160 4767 1
3160 1457 3
3160 502 3
3160 262 6
3161 4647 3
3161 595 3
3161 4356 3
3162 1411 7
3162 2708 1
3162 1333 9
3162 3710 6
3163 2399 4
3163 1131 1
3163 4507 3
3163 4493 3
3164 694 3
3165 4029 9
3165 3353 9
3166 4145 8
3166 2616 5
3166 2025 10
3166 2104 1
3167 1136 6
3167 3090 8
3167 2281 4
3168 1763 8
3168 2068 3
3168 1928 1
3169 650 2
3170 671 5
3171 3449 9
3171 1349 8
3172 3595 7
3172 2839 7
3172 3232 9
3173 1653 1
3173 1614 4
3174 2998 4
3174 599 2
3174 2492 3
3175 1021 8
3175 4784 5
3176 1432 3
3177 4006 5
3177 3420 2
3177 4697 9
3177 4215 9
3178 4649 2
3179 979 1
3180 4633 7
3180 2276 8
3181 1461 9
3181 1165 4
3181 4749 6
3181 1584 2
3182 449 8
3183 3267 7
3183 1222 1
3184 1756 2
3185 3805 10
3186 3807 7
3186 1239 9
3186 3536 1
3186 2021 8
3186 554 4
3187 4348 6
3188 4600 3
3188 1997 3
3188 2323 9
3189 1888 2
3190 4616 2
3190 2359 10
3191 4093 6
3191 116 7
3191 1082 9
3191 4794 4
3192 1863 8
3192 3382 2
3193 862 2
3193 895 9
3194 2725 7
3194 2198 7
3194 3935 3
3194 2484 7
3195 4723 3
3195 188 1
3196 854 6
3196 4694 4
3196 1554 7
3197 718 9
3197 3028 2
3197 554 3
3197 472 7
3198 1861 3
3198 4670 5
3199 1008 8
3199 2367 7
3199 3464 1
3200 1409 9
3200 2367 3
3200 1420 7
3200 4148 9
3201 3921 4
3202 4440 10
3202 161 8
3202 126 8
3203 3083 2
3203 2930 10
3204 2667 5
3204 3654 9
3205 2907 7
3205 4945 5
3206 21 9
3206 2285 7
3206 4768 3
3206 246 9
3206 4268 5
3207 4697 3
3207 1096 5
3207 4999 10
3208 807 2
3208 4458 2
3208 2115 5
3209 2262 1
3209 1001 7
3210 1187 2
3210 525 3
3210 2727 9
3210 4099 6
3210 2538 2
3211 4454 10
3211 2125 1
3212 3904 9
3212 2152 5
3212 907 5
3212 2743 4
3212 2992 6
3213 4149 3
3213 4425 9
3213 2418 1
3213 3060 9
3213 4974 7
3214 2634 3
3214 4442 7
3215 206 9
3216 1857 7
3216 657 3
3216 1504 3
3216 4803 8
3216 399 4
3217 2271 1
3217 4768 7
3217 3385 1
3218 1337 8
3218 200 8
3218 250 8
3218 3825 1
3219 2320 1
3219 1549 5
3220 192 10
3221 1881 5
3221 2354 7
3222 1104 3
3222 534 10
3222 2770 9
3223 2674 1
3223 2423 10
3223 2043 9
3224 438 6
3224 4979 5
3225 4612 5
3225 332 8
3225 1005 1
3225 4610 7
3226 1892 1
3226 4792 10
3226 4052 5
3226 4105 2
3227 4719 1
3228 3979 9
3228 1692 8
3228 2410 10
3228 2493 4
3229 3653 8
3229 712 10
3229 4718 6
3229 2279 7
3230 1931 5
3231 3146 8
3231 1666 7
3231 2625 5
3231 1842 8
3231 4749 4
3232 3099 3
3232 735 9
3232 920 10
3232 4086 5
3233 4289 8
3234 3203 6
3235 1984 4
3235 2534 10
3235 4813 9
3235 1939 10
3236 3254 9
3236 1453 6
3237 171 7
3237 216 1
3237 3398 10
3237 147 2
3237 4081 2
3238 1671 9
3238 2120 4
3238 2664 3
3238 4474 3
3238 4145 10
3239 1094 9
3239 4915 10
3239 4033 9
3239 268 5
3239 3477 2
3240 3464 1
3240 151 5
3241 1155 9
3241 4853 2
3241 3383 2
3242 2322 9
3242 597 4
3242 3928 6
3242 2996 4
3243 2066 10
3244 974 9
3244 2008 5
3244 4656 3
3245 1326 8
3245 4925 2
3245 3429 9
3245 22 5
3245 3487 5
3246 4829 1
3246 637 9
3246 958 1
3246 169 9
3247 4236 4
3248 3681 8
3248 3513 2
3248 2868 5
3248 4336 9
3249 4417 8
3249 4518 5
3250 1913 8
3250 1003 3
3251 3915 8
3251 4187 3
3251 3425 6
3252 3220 2
3253 1861 5
3253 1630 9
3253 1764 4
3253 2083 7
3254 857 10
3254 1395 8
3254 3248 5
3254 4355 4
3254 4246 4
3255 4791 1
3255 2186 10
3256 4599 7
3256 3617 10
3257 3511 9
3257 2395 10
3257 4491 3
3257 755 1
3258 4108 9
3258 4442 8
3258 962 2
3258 1684 3
3259 728 4
3259 3237 2
3259 833 1
3260 4938 4
3260 2220 1
3260 2084 10
3260 701 5
3260 1564 2
3261 3755 5
3262 2724 3
3262 4057 3
3262 4391 2
3263 61 2
3263 1632 1
3263 4674 5
3263 1057 3
3264 4469 6
3264 1818 6
3264 1465 2
3264 1834 5
3264 1449 8
3265 4797 1
3265 2462 6
3265 219 3
3265 2858 7
3266 1209 3
3266 13 9
3266 2084 4
3266 276 6
3266 2502 4
3267 2850 9
3267 4063 3
3267 2367 4
3267 4818 2
3267 4318 5
3268 2487 7
3268 3272 9
3268 1540 7
3268 1804 8
3268 3348 3
3269 4715 3
3270 3307 3
3271 4112 8
3271 2580 1
3272 4982 6
3272 1039 10
3273 1084 8
3273 1942 3
3273 1204 4
3273 1086 9
3273 1059 10
3274 3066 4
3274 4214 3
3274 4067 1
3274 127 5
3275 3361 4
3276 4689 1
3276 1358 1
3276 3847 7
3277 4645 4
3277 3658 3
3278 1881 3
3278 898 1
3278 3646 9
3278 4800 3
3278 52 3
3279 436 8
3279 1530 2
3279 3229 9
3279 4753 9
3280 985 5
3280 4145 6
3280 2802 4
3280 1754 2
3280 1354 10
3281 3205 6
3282 556 2
3283 86 1
3284 3515 6
3285 4531 7
3286 4691 8
3287 702 1
3287 3661 9
3287 3072 2
3287 4951 10
3287 1457 10
3288 3578 4
3288 3674 3
3288 3775 10
3289 2018 6
3289 4497 6
3289 1624 7
3289 4952 10
3289 3028 2
3290 1283 5
3290 2606 10
3290 518 4
3291 555 10
3291 3237 9
3292 2299 6
3292 4129 6
3292 170 6
3293 3926 6
3293 3581 2
3294 3600 2
3295 433 8
3296 1821 10
3296 3149 2
3296 3415 5
3296 4471 1
3297 4819 4
3297 4996 4
3297 4780 2
3297 1720 1
3297 3483 2
3298 2277 3
3298 4537 8
3298 3002 8
3298 4447 6
3299 4537 5
3299 4439 6
3300 1880 2
3300 4106 2
3300 4762 1
3300 3849 10
3300 2397 9
3301 3374 1
3301 4851 4
3301 2949 6
3301 2285 3
3302 2680 10
3302 2329 6
3303 198 5
3303 3489 3
3303 3604 3
3304 2699 4
3304 569 3
3305 1823 3
3306 4813 10
3306 3387 2
3307 483 8
3307 660 10
3307 439 4
3308 4136 4
3308 3605 9
3308 3359 6
3308 2869 5
3309 974 10
3309 4338 9
3309 4215 5
3309 381 4
3310 3974 8
3310 4174 4
3311 3939 4
3311 4197 1
3311 1712 4
3311 2329 6
3311 4804 2
3312 2720 3
3313 1329 4
3313 1273 6
3314 1458 3
3314 1554 4
3314 1155 10
3314 631 8
3315 2726 10
3315 4775 2
3315 4892 8
3316 313 10
3317 4668 1
3317 1775 9
3317 2889 10
3317 1926 5
3318 431 10
3319 4279 10
3320 4744 1
3320 3355 4
3320 3166 9
3320 223 2
3321 2022 6
3321 4537 10
3321 3263 9
3322 1951 6
3322 4069 3
3323 347 5
3323 4677 4
3324 4348 9
3325 1504 5
3325 2315 2
3325 3603 4
3325 4074 4
3325 4699 6
3326 1516 9
3326 3540 5
3326 431 6
3326 4136 8
3326 2904 1
3327 3767 3
3327 4732 10
3328 2626 1
3328 1558 9
3328 623 9
3328 2387 3
3329 2591 9
3329 1833 6
3330 360 7
3330 4877 9
3330 3103 10
3330 1880 2
3331 4616 5
3331 2029 2
3331 439 6
3331 18 6
3332 3924 3
3332 3419 4
3332 4133 9
3333 3723 4
3333 3705 4
3333 2008 8
3334 2052 9
3334 896 7
3334 1900 1
3334 4715 3
3334 3554 4
3335 2659 1
3336 4750 3
3336 342 10
3337 225 10
3337 1942 9
3338 2580 1
3339 4937 6
3339 3016 9
3340 3112 6
3340 4319 2
3340 3483 7
3340 529 4
3340 1670 7
3341 1651 8
3341 1988 5
3342 4774 5
3343 3477 4
3344 2031 5
3344 3806 9
3344 2144 4
3344 1378 2
3344 4651 3
3345 1971 4
3345 523 9
3345 3478 3
3345 4863 6
3346 2017 3
3346 3797 9
3346 808 1
3347 3297 5
3347 4250 8
3347 2087 7
3347 305 10
3347 57 9
3348 1716 3
3349 4241 7
3349 4022 9
3349 913 8
3350 112 10
3350 3213 10
3350 4693 8
3351 4923 3
3351 2706 5
3351 819 6
3352 2901 9
3352 2606 1
3352 228 2
3352 4266 9
3352 50 2
3353 3209 2
3353 912 10
3353 2138 3
3354 3735 8
3354 231 7
3354 3014 7
3355 47 7
3355 1291 3
3355 2681 6
3355 4849 3
3355 4644 4
3356 1432 10
3356 1022 4
3357 521 6
3357 3952 8
3357 1474 5
3357 1308 7
3358 3669 3
3358 4609 7
3358 4434 8
3358 1199 6
3359 2658 1
3360 3511 5
3361 1404 2
3361 2990 2
3361 2969 1
3361 1206 6
3362 4332 2
3362 322 3
3362 2336 5
3362 2315 6
3362 3597 7
3363 4982 6
3364 2987 4
3364 3432 10
3365 4003 1
3365 4806 8
3365 467 9
3365 3323 4
3365 1508 3
3366 3737 8
3366 1187 5
3367 47 5
3368 1215 5
3368 3618 2
3368 3051 1
3369 617 5
3369 2352 3
3369 2131 7
3370 3285 8
3370 192 6
3370 3068 6
3370 301 7
3370 1153 4
3371 2759 2
3371 1582 3
3371 4002 8
3371 4003 7
3372 3992 5
3372 2564 8
3372 4445 4
3373 2923 2
3374 3346 4
3375 1063 6
3375 1103 7
3375 2635 7
3375 4745 6
3376 3691 10
3376 1613 8
3376 2796 1
3376 3971 9
3377 1823 6
3377 4547 7
3378 3193 4
3379 1333 7
3379 2165 9
3380 1218 8
3380 1374 8
3380 2313 9
3380 4623 4
3380 166 10
3381 1620 7
3381 592 3
3381 3332 6
3381 4876 4
3381 4385 10
3382 1682 5
3383 1554 3
3383 3641 5
3383 4892 5
3384 3749 10
3384 3936 10
3384 2766 3
3384 376 9
3385 4862 3
3385 869 5
3385 4695 6
3386 3723 7
3386 423 7
3387 768 6
3387 2881 10
3387 2856 9
3388 768 4
3389 2567 10
3389 2724 7
3389 660 1
3389 1278 8
3389 3104 3
3390 2169 1
3390 2590 4
3390 127 7
3390 846 4
3391 1575 7
3392 3059 4
3392 1262 8
3393 909 10
3393 4982 8
3393 2822 7
3394 822 7
3395 2202 3
3395 3821 3
3395 1279 7
3396 4455 6
3397 3015 2
3397 3754 1
3398 2096 10
3398 4841 6
3398 2210 1
3398 3100 1
3398 3657 5
3399 3191 7
3399 1705 7
3399 4627 1
3399 2321 3
3400 1573 7
3400 4650 7
3400 4886 5
3400 3604 3
3400 198 2
3401 3065 2
3402 2829 9
3402 4655 4
3402 4584 2
3403 1431 8
3403 3652 2
3403 2795 8
3404 893 6
3404 974 9
3404 537 6
3404 270 6
3404 403 3
3405 2835 5
3405 3443 3
3406 2525 3
3406 2177 5
3406 2173 4
3407 3477 3
3407 4518 2
3407 2904 3
3407 1765 2
3407 4452 10
3408 4238 9
3408 2198 3
3409 3247 4
3409 671 10
3409 4355 4
3409 4741 6
3410 3435 10
3411 3644 8
3411 3013 3
3411 4225 10
3412 2996 2
3412 2363 4
3412 4495 4
3412 97 2
3413 707 5
3413 3646 6
3414 409 7
3414 2439 3
3414 4349 2
3414 4605 4
3414 4287 1
3415 41 5
3415 2901 2
3415 219 2
3416 4916 5
3416 3785 10
3416 3422 4
3416 1813 2
3416 1551 9
3417 162 7
3417 2094 2
3418 1206 5
3418 399 6
3418 3613 2
3418 3026 7
3418 4374 7
3419 1878 6
3419 2609 9
3420 3478 7
3420 576 3
3420 2288 4
3421 3821 3
3421 1910 6
3422 915 7
3422 1265 8
3423 4358 3
3423 4750 1
3423 4042 1
3424 701 5
3424 1582 9
3425 1712 9
3425 1524 8
3425 4652 9
3426 4084 6
3426 2050 8
3426 4974 7
3426 2707 10
3426 2355 10
3427 4661 8
3427 3147 2
3427 4846 4
3427 3571 1
3427 1627 9
3428 1053 1
3428 838 7
3428 3002 3
3428 1221 2
3428 2822 2
3429 3814 10
3429 3161 4
3429 3634 8
3429 3495 1
3430 810 9
3430 3688 8
3430 4448 10
3431 3189 4
3432 3134 8
3433 504 1
3433 3914 5
3433 2444 1
3433 2493 3
3433 483 8
3434 1533 9
3434 3926 6
3434 1559 8
3434 3578 8
3435 1547 6
3436 2061 2
3436 1797 5
3436 2987 8
3436 2728 3
3436 2778 10
3437 39 4
3437 2220 3
3437 1780 2
3437 2076 2
3437 200 4
3438 2179 7
3438 4915 9
3439 4635 4
3439 3789 7
3440 2186 9
3440 800 4
3440 4728 8
3440 3203 9
3441 3049 3
3441 3355 8
3441 3732 3
3441 365 2
3441 4495 9
3442 2780 3
3442 4167 10
3443 2351 5
3443 383 3
3443 1368 3
3443 3596 2
3444 2027 3
3444 3149 1
3444 234 9
3444 4924 9
3444 718 7
3445 4541 10
3446 290 6
3446 3317 4
3446 4925 8
3447 3477 5
3447 4100 9
3447 941 10
3448 1557 2
3448 4102 9
3449 3275 5
3449 77 6
3450 1743 1
3450 1648 2
3451 759 5
3451 2003 3
3451 1608 7
3452 4020 5
3453 897 4
3453 610 6
3454 511 6
3454 2073 3
3454 1818 6
3455 2032 5
3456 2881 7
3456 797 2
3456 1144 6
3456 3521 6
3457 2016 9
3457 2264 1
3457 1264 2
3457 4498 8
3458 3606 5
3458 2872 4
3459 3200 5
3459 2725 5
3460 3409 4
3460 47 1
3461 1580 9
3461 701 2
3461 1907 3
3461 4382 1
3461 1442 1
3462 502 3
3462 192 9
3462 922 7
3463 4422 7
3464 3543 10
3464 864 9
3464 4490 2
3465 2304 5
3465 4620 7
3465 3961 6
3465 3209 4
3466 427 8
3466 1839 2
3466 1219 5
3467 3914 2
3467 2034 10
3467 1894 9
3468 1300 5
3468 2059 2
3469 4883 9
3469 4231 10
3469 4867 4
3470 1249 2
3470 3558 2
3471 1776 8
3472 3857 8
3472 4852 7
3472 3911 7
3472 2741 2
3473 3214 6
3473 1979 4
3473 3694 1
3473 4635 3
3474 2838 7
3474 598 8
3474 4677 6
3475 2128 10
3475 3537 1
3476 1363 9
3476 2424 3
3476 474 9
3477 3773 4
3478 1907 8
3479 1732 7
3479 1900 8
3480 2937 2
3480 4771 2
3480 2149 6
3480 2249 5
3481 3231 1
3481 2230 4
3481 4065 1
3481 1018 7
3482 2811 6
3482 1721 2
3483 370 4
3484 1669 3
3484 2862 7
3485 4118 1
3485 4658 10
3485 4558 10
3485 2414 2
3486 4938 5
3486 2730 8
3486 1006 2
3486 1046 4
3486 4126 7
3487 4156 8
3487 563 8
3487 2130 4
3487 4435 9
3487 414 3
3488 4478 6
3488 2521 4
3489 1575 3
3489 3959 6
3490 990 6
3490 482 1
3491 3791 2
3492 958 8
3492 1323 2
3492 4723 7
3492 2609 4
3493 669 8
3493 2456 7
3493 2157 9
3494 2939 2
3494 2150 1
3494 537 5
3494 4069 6
3495 3612 6
3495 626 4
3496 3583 9
3496 2398 10
3497 4594 7
3498 82 10
3498 3770 10
3498 2674 3
3498 3585 8
3499 3317 7
3499 1255 7
3499 702 7
3499 4531 5
3499 3158 1
3500 457 5
3500 3006 10
3501 1071 4
3501 3376 9
3501 1733 1
3501 3800 6
3501 1084 2
3502 2567 5
3502 1960 4
3502 768 9
3502 535 8
3503 1060 7
3503 178 6
3503 1964 2
3503 2603 9
3503 1018 7
3504 941 10
3504 2518 2
3504 459 4
3504 2620 1
3504 963 7
3505 2164 10
3505 911 3
3505 712 1
3505 3021 1
3506 813 7
3507 2294 5
3507 3657 6
3507 1300 10
3508 2528 3
3508 3367 4
3508 2996 5
3509 1913 4
3509 2008 4
3510 3460 8
3511 1128 10
3511 2058 9
3511 4725 10
3511 3117 5
3512 3120 5
3513 3551 8
3513 2868 9
3513 12 1
3513 1491 6
3514 1550 1
3514 1205 5
3514 1548 7
3515 4387 1
3515 1316 4
3516 18 6
3516 2538 10
3516 3921 6
3516 2247 10
3517 1755 9
3517 418 7
3518 1743 2
3518 1298 6
3518 577 7
3519 1360 8
3519 4594 7
3519 1134 4
3519 3959 7
3519 3731 6
3520 2674 2
3520 348 9
3520 4865 9
3520 962 7
3520 4352 5
3521 2785 2
3521 40 1
3521 3192 8
3521 3834 6
3522 2158 6
3522 1397 6
3522 4695 2
3522 4534 8
3522 3640 3
3523 4507 1
3523 2242 2
3524 2161 4
3524 4482 2
3524 1467 5
3524 1067 7
3525 3925 10
3525 3649 1
3525 1894 2
3526 1407 6
3527 3712 8
3527 1728 7
3527 2873 1
3527 2394 8
3527 2652 9
3528 2914 5
3528 701 2
3528 1558 1
3529 2059 2
3529 4387 2
3530 2550 4
3530 2161 7
3530 4148 9
3530 1603 4
3530 801 7
3531 4069 6
3531 841 4
3531 4371 7
3532 3880 5
3532 3205 3
3532 4341 1
3532 126 7
3532 3030 4
3533 420 1
3534 810 9
3534 862 5
3535 1513 9
3536 4775 6
3536 521 3
3536 1218 7
3537 4244 3
3537 4548 6
3537 763 9
3538 408 6
3538 427 4
3538 2640 8
3538 1317 5
3539 615 10
3539 531 1
3539 1500 8
3539 2265 3
3539 2431 6
3540 472 8
3540 392 3
3540 1242 5
3540 253 2
3540 2688 1
3541 3306 4
3541 1774 5
3541 327 3
3541 417 2
3542 4706 8
3542 4023 6
3542 3402 10
3543 2851 9
3543 126 8
3543 1086 8
3543 3960 7
3543 1580 7
3544 761 4
3544 4531 5
3544 1618 6
3545 4546 3
3545 4497 8
3546 2329 4
3546 3845 9
3546 2081 3
3546 1727 8
3546 2797 6
3547 797 5
3547 2122 2
3547 182 3
3547 1580 5
3548 4598 4
3548 1562 3
3549 1845 7
3549 1988 10
3549 4432 9
3550 98 8
3550 2842 5
3550 266 5
3550 3533 4
3551 4650 8
3551 4313 5
3551 4558 3
3551 331 3
3552 780 8
3552 4838 9
3552 4850 6
3553 4369 3
3553 962 10
3553 2765 3
3554 1493 5
3554 3786 9
3554 3896 8
3554 4651 7
3554 2366 7
3555 399 4
3555 777 10
3555 921 8
3556 3486 5
3556 1549 9
3556 3215 2
3556 3627 4
3556 3873 8
3557 1847 2
3557 3808 8
3557 3477 7
3558 2704 9
3558 3600 6
3558 2205 7
3558 4132 8
3558 2923 1
3559 4838 7
3559 4154 8
3559 2107 9
3559 4264 3
3560 172 8
3560 2649 3
3560 3460 8
3560 945 9
3560 2569 4
3561 2888 10
3561 812 3
3562 516 10
3562 3256 10
3562 3130 10
3562 2876 7
3563 4518 2
3563 1385 2
3564 3683 5
3564 3928 2
3564 2210 4
3564 3247 7
3565 2041 4
3565 4554 6
3565 743 4
3565 4783 3
3565 2008 8
3566 4004 2
3566 1432 8
3566 4911 9
3566 779 4
3567 1338 1
3568 3486 10
3568 3210 9
3568 1858 5
3569 4655 5
3569 1262 1
3569 366 4
3569 1665 9
3569 2316 2
3570 23 3
3571 2398 7
3572 3600 5
3572 1635 7
3572 2850 4
3572 2085 2
3573 1886 5
3573 2709 6
3573 4908 5
3573 2573 8
3574 2105 10
3574 2947 10
3575 3412 1
3575 2890 4
3575 4358 3
3576 2463 5
3576 418 8
3577 2667 1
3577 3459 10
3577 1541 9
3577 4488 6
3578 3143 8
3578 999 9
3578 1535 9
3579 2373 8
3579 1326 2
3579 2487 10
3580 3669 5
3580 1352 6
3580 1710 5
3581 4933 1
3581 3666 10
3581 2279 7
3582 4111 1
3582 341 9
3582 3166 3
3582 1529 1
3582 1898 5
3583 2396 8
3584 3078 7
3585 4430 6
3585 201 8
3585 3237 4
3586 2609 10
3586 3604 5
3586 468 1
3586 1521 8
3586 374 7
3587 3800 7
3587 1914 9
3587 4324 9
3588 4862 2
3588 1988 7
3589 3950 7
3589 4130 6
3589 4670 5
3589 3190 1
3590 4839 6
3590 2540 4
3590 4818 1
3590 388 1
3591 331 9
3592 1894 4
3592 1587 5
3592 4850 9
3592 1891 5
3593 2033 9
3593 3864 1
3593 4508 8
3593 1565 2
3593 4460 10
3594 2951 5
3595 657 3
3595 1931 8
3596 1747 9
3597 1303 7
3597 1027 4
3598 3459 3
3598 901 1
3598 4814 10
3598 2493 2
3598 4104 10
3599 3604 2
3599 671 1
3599 4711 9
3599 3551 1
3600 2738 2
3600 1861 10
3600 4183 1
3601 1755 7
3601 967 8
3601 88 6
3601 4741 9
3602 3117 3
3602 3869 4
3602 3722 10
3602 1711 2
3603 175 2
3603 1063 3
3604 1573 1
3605 2742 9
3605 2778 9
3605 4120 10
3605 907 5
3605 2728 9
3606 4868 8
3606 323 8
3607 2784 9
3608 253 10
3608 2922 2
3608 4033 10
3608 3691 9
3609 1013 7
3609 958 4
3609 2552 9
3610 4558 1
3610 3946 10
3611 2204 9
3611 71 6
3612 1393 6
3612 4948 7
3612 1846 10
3613 3663 6
3614 711 7
3614 1840 10
3615 1161 4
3615 965 10
3615 2777 1
3615 1758 4
3615 3411 8
3616 3987 7
3616 3591 6
3616 3142 10
3617 71 6
3618 3213 2
3619 4878 10
3619 1290 1
3620 4645 6
3620 3537 8
3620 2506 3
3620 4483 3
3621 2695 10
3622 902 8
3622 1513 3
3623 4338 2
3623 2998 7
3623 4106 1
3623 1311 9
3624 1337 4
3624 369 9
3625 3630 3
3625 1291 6
3625 3170 10
3625 164 2
3626 2740 10
3627 2406 5
3627 4040 5
3628 1999 7
3628 3478 3
3628 523 10
3628 2382 2
3629 4643 3
3629 4234 1
3630 2396 1
3630 2325 9
3630 4291 5
3630 2153 3
3631 2688 8
3631 472 2
3631 4136 2
3631 253 4
3631 4097 6
3632 2590 3
3632 1401 3
3632 538 9
3632 4000 5
3633 2206 2
3633 251 8
3633 230 9
3634 4478 10
3634 4224 4
3634 2736 7
3634 4727 10
3634 3778 2
3635 740 10
3635 2034 2
3635 1172 10
3635 3373 8
3636 2907 2
3636 2812 8
3636 1 10
3636 4750 6
3636 3695 9
3637 463 1
3637 4250 1
3637 3046 4
3637 4562 4
3638 1659 6
3639 717 1
3640 1298 8
3640 4697 3
3640 2678 3
3641 4898 7
3641 1729 6
3641 970 8
3641 214 6
3642 3788 10
3643 4457 6
3643 4432 9
3643 2777 4
3643 4272 8
3643 3305 3
3644 54 5
3644 4646 2
3645 4933 7
3645 2720 8
3645 786 5
3645 708 8
3645 2129 2
3646 3053 1
3646 4807 10
3647 3398 1
3647 1015 1
3647 2133 4
3647 3657 10
3648 4230 3
3648 1364 7
3648 4769 3
3648 1782 3
3649 4806 8
3649 3063 10
3649 4551 4
3650 639 5
3651 99 6
3651 1568 2
3651 320 8
3652 1430 8
3652 2204 2
3652 2798 8
3652 962 3
3652 3952 6
3653 1358 5
3653 320 7
3653 2278 6
3653 635 2
3654 2851 10
3654 4219 1
3654 2842 2
3654 2591 4
3655 1200 4
3655 353 1
3655 2866 1
3655 4769 3
3655 3356 7
3656 718 1
3657 5 2
3657 1407 8
3657 1671 4
3657 4928 9
3658 2353 6
3658 2505 3
3658 2334 3
3658 259 4
3659 231 8
3659 1834 6
3659 3060 7
3659 1128 1
3660 1742 5
3660 2591 5
3660 2227 8
3660 1863 5
3661 3483 7
3661 2889 1
3661 4869 7
3661 4319 2
3662 2142 3
3662 4494 9
3663 3269 5
3663 2818 8
3663 3846 6
3663 4822 6
3663 4095 8
3664 3970 3
3664 4140 6
3664 3553 8
3665 1231 3
3665 3770 4
3665 1029 8
3665 236 5
3666 2373 7
3667 3116 5
3667 4058 4
3668 626 7
3668 4316 2
3668 996 5
3669 3477 5
3669 2834 8
3669 1191 9
3669 3641 5
3670 463 7
3670 1760 1
3671 2302 7
3671 1854 3
3672 2872 5
3672 4447 9
3673 4144 2
3674 2828 5
3675 2674 1
3676 1110 10
3676 1327 2
3676 4654 7
3677 3083 4
3677 1393 2
3677 4255 5
3677 2190 8
3678 3019 1
3678 4320 10
3678 2462 2
3678 3000 7
3678 2803 9
3679 4889 10
3679 2684 5
3679 3688 8
3679 4482 3
3679 3030 2
3680 456 1
3680 2179 7
3681 4185 8
3681 819 6
3681 4923 1
3681 4704 2
3682 4056 5
3682 3975 6
3683 3630 3
3683 2835 10
3683 4558 4
3684 1255 5
3685 240 5
3685 4826 9
3685 1412 5
3685 2177 5
3686 545 7
3686 2778 8
3687 3808 4
3687 2228 9
3687 4880 3
3688 3378 8
3688 1484 5
3688 1211 7
3689 611 9
3689 2222 9
3690 944 6
3690 3665 4
3691 3380 5
3691 1129 3
3692 2634 7
3693 2881 2
3694 4870 6
3695 187 5
3696 1631 4
3696 4969 8
3697 1250 8
3697 2433 10
3698 3092 1
3698 1234 8
3698 2165 6
3699 2103 5
3700 2457 2
3701 4344 8
3701 1894 9
3701 2138 10
3701 2567 5
3702 1341 3
3702 3388 8
3702 3108 7
3702 4551 1
3703 4024 2
3703 3016 2
3703 4385 9
3703 4970 7
3704 4743 6
3704 4244 1
3705 4877 5
3705 2949 9
3705 2238 7
3705 3083 5
3705 2431 10
3706 71 6
3706 1178 8
3706 2803 8
3706 1624 2
3706 3395 6
3707 3225 1
3708 227 4
3709 2406 1
3709 3380 1
3710 4427 9
3710 2937 1
3710 1428 9
3710 1640 4
3711 1368 4
3712 335 7
3712 3017 7
3712 1047 10
3712 639 8
3712 3068 9
3713 2519 8
3713 3439 3
3713 216 2
3713 4396 4
3713 555 5
3714 2339 1
3715 3703 4
3715 3361 5
3715 592 2
3716 2772 1
3716 3132 8
3716 4627 7
3716 1336 3
3716 4647 7
3717 4243 7
3717 2215 5
3718 4257 9
3718 725 1
3718 2117 2
3719 3115 9
3719 2824 5
3719 946 9
3719 4822 3
3719 658 7
3720 2859 10
3720 2680 9
3720 1210 5
3721 4257 3
3721 385 5
3721 2553 1
3721 2263 3
3722 1880 1
3722 3615 7
3722 2419 10
3722 4768 10
3722 3305 6
3723 4032 7
3724 2785 10
3724 352 3
3724 4609 3
3725 49 5
3725 4130 7
3726 4572 10
3727 108 5
3727 991 6
3727 4628 1
3727 4347 5
3727 2956 7
3728 589 2
3728 1624 1
3729 620 9
3729 2411 5
3729 1320 7
3729 3909 2
3729 2886 6
3730 3927 5
3730 3933 4
3730 1847 10
3730 3314 8
3731 4529 6
3731 115 4
3731 4715 1
3732 3469 1
3732 4865 4
3732 4701 7
3732 1684 4
3733 1060 4
3733 3666 10
3733 4058 3
3733 140 8
3733 1581 9
3734 4483 5
3735 3668 3
3735 3718 2
3735 3431 1
3735 1225 3
3735 3300 6
3736 3317 10
3736 1031 8
3736 3483 5
3736 4963 9
3736 1353 7
3737 1305 5
3737 947 2
3738 961 9
3738 827 7
3739 3849 5
3739 587 9
3739 748 5
3740 4032 6
3741 3225 2
3741 1254 9
3742 4908 6
3742 2414 8
3742 4495 2
3743 1427 6
3743 3861 5
3744 2948 9
3744 4439 3
3744 28 3
3744 2624 9
3745 3940 4
3746 1853 5
3746 639 7
3746 3009 1
3746 320 10
3746 4531 1
3747 2764 5
3747 2792 5
3747 2396 5
3748 4835 4
3748 3035 6
3748 71 1
3749 2204 9
3749 1368 9
3749 2414 7
3749 2389 2
3750 1499 5
3750 2092 8
3751 358 6
3751 1430 5
3751 4843 2
3751 3147 8
3752 1201 10
3752 4469 9
3752 4962 3
3752 370 8
3752 4668 8
3753 271 9
3753 973 1
3754 3012 7
3754 2582 2
3754 924 3
3755 666 1
3756 3744 7
3757 178 10
3757 1647 7
3757 4645 7
3757 2603 10
3758 3634 4
3758 1926 4
3758 4654 1
3758 3442 6
3758 659 1
3759 1067 4
3759 2529 10
3759 2410 5
3759 2725 5
3760 4457 4
3761 4247 2
3761 3407 8
3762 4506 7
3762 2106 3
3762 4324 10
3763 3591 7
3763 3449 3
3763 4295 5
3764 4355 4
3764 4293 9
3764 12 7
3764 365 8
3764 3237 1
3765 4826 5
3765 112 1
3765 2630 7
3765 626 9
3765 4129 2
3766 1161 4
3767 3668 4
3768 181 8
3768 74 10
3768 2991 2
3768 3082 9
3769 2905 6
3769 3599 3
3770 4978 1
3770 4145 4
3770 4468 6
3770 1886 2
3771 1954 2
3771 1951 6
3771 4869 1
3771 1465 10
3771 2771 7
3772 4695 1
3772 2280 8
3772 1846 9
3772 3890 10
3773 3197 6
3773 4572 7
3773 236 6
3773 363 8
3774 4919 4
3774 4630 10
3775 470 6
3775 2118 2
3775 4418 3
3775 3903 1
3775 1841 6
3776 4592 8
3777 2608 7
3777 1529 6
3778 4612 9
3778 1438 3
3778 2199 2
3778 1072 2
3778 930 8
3779 4656 9
3779 3083 5
3779 1161 8
3779 3753 6
3780 2320 6
3781 652 1
3781 4227 2
3781 4531 9
3782 3575 4
3782 4175 4
3782 1356 7
3783 4682 1
3783 468 5
3783 3400 8
3783 4650 4
3783 4824 5
3784 3564 4
3784 4216 5
3784 4336 6
3785 832 4
3785 3581 3
3785 4477 1
3785 811 4
3785 3017 7
3786 318 3
3786 2659 3
3786 505 2
3786 1360 4
3787 3224 5
3787 2387 5
3787 4063 5
3788 1001 5
3788 1742 10
3788 2995 3
3788 4238 4
3788 2141 10
3789 1855 8
3790 1908 4
3790 1926 8
3790 2334 1
3790 1479 6
3790 3128 10
3791 2908 8
3792 2268 2
3793 3220 1
3793 3841 5
3794 1089 1
3794 2723 6
3794 3318 6
3794 1059 9
3795 2567 7
3795 4032 6
3795 2407 5
3795 2663 2
3796 629 8
3796 4174 4
3796 3602 9
3796 4105 5
3796 1951 4
3797 2328 3
3798 4891 7
3798 2423 4
3798 4270 1
3799 4234 7
3799 4825 8
3799 2060 4
3799 1128 10
3799 4220 2
3800 2633 9
3801 4461 2
3801 363 4
3801 1094 7
3801 2741 3
3801 431 1
3802 4071 2
3802 2403 6
3802 1629 1
3803 2235 2
3804 1538 5
3804 2598 8
3805 4908 7
3805 827 1
3806 1943 9
3806 3719 3
3806 4917 5
3806 1327 2
3806 714 2
3807 3916 10
3807 3296 3
3807 1138 8
3807 4091 2
3807 187 10
3808 2708 8
3809 1166 7
3809 4347 2
3809 2401 5
3809 802 2
3810 4636 9
3810 2708 7
3810 2962 9
3810 3436 6
3810 2155 8
3811 4936 6
3811 1849 8
3811 2658 5
3812 1067 5
3812 1891 8
3812 4223 8
3813 1721 8
3814 4069 2
3814 4674 5
3814 1171 7
3814 4783 10
3814 3839 6
3815 952 5
3815 2901 1
3815 544 6
3815 4904 2
3816 813 2
3816 3108 1
3816 3005 10
3817 3185 1
3817 1021 6
3817 2426 7
3817 1855 8
3818 3485 3
3818 2133 2
3818 3469 1
3818 1168 8
3818 2210 4
3819 4277 3
3819 2756 9
3819 1458 2
3819 4028 7
3819 1065 6
3820 2375 6
3820 987 4
3821 4527 3
3821 819 6
3821 1886 2
3822 4000 6
3823 2322 8
3823 2420 3
3823 2332 7
3823 4605 7
3824 1124 5
3824 3974 4
3824 3368 9
3824 1981 4
3825 4806 6
3825 4000 8
3826 1216 6
3826 3328 8
3826 4142 9
3827 4845 8
3827 2561 2
3827 1220 7
3827 613 5
3828 723 2
3829 1254 4
3830 3463 9
3830 2692 4
3830 2265 9
3830 2676 9
3831 1574 7
3832 3260 7
3832 2579 2
3833 1960 9
3834 4593 6
3834 2805 5
3834 1598 1
3835 468 5
3835 4558 4
3835 4004 7
3835 4649 2
3835 4351 9
3836 4501 9
3837 4287 2
3837 37 4
3837 468 6
3837 3855 8
3838 4162 1
3838 786 6
3838 1535 2
3838 1628 5
3838 724 6
3839 1465 8
3839 1711 2
3839 1720 9
3840 399 7
3841 3025 3
3841 3758 9
3842 900 4
3842 524 10
3842 3143 9
3842 4483 5
3843 4725 5
3844 4079 7
3844 1257 2
3844 4017 9
3844 1716 6
3844 4788 4
3845 3841 3
3845 4761 1
3846 280 3
3847 2060 8
3847 3360 3
3847 3272 2
3847 336 1
3848 3954 7
3848 564 10
3848 1894 6
3848 4839 9
3849 3552 3
3849 4500 8
3849 2516 4
3849 2751 2
3850 3515 7
3850 671 2
3850 1434 6
3851 3705 8
3851 3668 5
3851 4805 9
3851 2660 5
3851 4885 1
3852 4031 2
3852 3853 2
3852 487 9
3852 2305 7
3852 2278 9
3853 899 10
3853 2301 5
3853 798 7
3853 1133 3
3853 2989 6
3854 810 8
3854 2285 8
3854 2148 4
3854 4868 5
3854 808 2
3855 4886 1
3855 2598 3
3855 4650 6
3856 2107 2
3856 309 7
3856 477 2
3856 3701 4
3857 2876 3
3857 544 4
3858 2536 4
3858 4506 3
3858 3314 8
3858 1643 10
3858 3053 2
3859 1027 5
3859 399 6
3859 3335 7
3859 1360 3
3860 3562 7
3860 2821 7
3860 2084 7
3860 980 3
3860 4915 8
3861 3374 8
3861 2148 7
3861 4367 9
3861 3642 6
3861 4006 3
3862 4059 8
3862 1320 6
3862 2397 8
3863 780 9
3864 4489 7
3864 3272 8
3864 83 1
3864 1116 5
3864 4794 4
3865 2289 8
3865 312 4
3865 883 8
3865 1590 3
3865 4385 5
3866 3396 10
3866 4558 1
3866 3510 9
3867 1808 6
3867 3558 1
3868 4278 8
3868 4262 3
3868 2835 9
3868 282 6
3869 2265 3
3869 3305 5
3869 1599 7
3869 3640 1
3870 2049 5
3871 639 8
3872 34 6
3872 276 7
3872 4040 10
3873 2631 3
3874 4455 5
3874 557 5
3874 1066 1
3875 2382 4
3875 1901 4
3875 4326 5
3875 1811 2
3875 3725 9
3876 2889 3
3876 4548 2
3876 2592 4
3877 3591 3
3877 3968 4
3877 4634 8
3878 3820 4
3878 4900 9
3878 837 5
3878 2354 3
3879 3313 2
3879 4551 2
3879 3091 10
3879 2470 7
3879 4061 10
3880 3289 10
3881 3485 5
3881 4044 3
3881 4270 9
3882 1959 1
3882 595 4
3882 524 8
3883 3008 5
3884 4576 1
3884 303 5
3885 3493 4
3885 2764 5
3886 4698 5
3886 1242 5
3886 126 4
3886 441 7
3887 3758 8
3887 3462 1
3887 4836 4
3887 4138 5
3887 4079 10
3888 2001 8
3888 4396 5
3888 1092 7
3888 47 8
3888 1995 8
3889 236 10
3890 4877 4
3890 2117 6
3890 87 2
3890 4215 10
3891 472 2
3891 4648 7
3891 2084 7
3892 2165 10
3892 1624 10
3893 1885 1
3894 431 6
3894 3407 5
3894 2591 5
3894 516 2
3894 1411 1
3895 1242 6
3895 3030 5
3895 4781 2
3895 610 7
3896 3581 10
3897 4547 7
3897 309 4
3898 4249 6
3899 4438 6
3899 946 1
3899 4205 8
3900 4869 5
3900 3132 10
3900 336 4
3901 632 1
3902 915 6
3903 1153 3
3903 4562 3
3903 2938 4
3903 2211 7
3904 2811 6
3904 3575 3
3904 3120 6
3904 2642 7
3905 3283 2
3906 3252 7
3906 3546 9
3906 3716 8
3907 970 7
3907 3061 7
3907 1333 7
3908 2931 5
3909 4677 8
3909 2590 8
3909 1099 6
3909 2758 9
3909 4540 7
3910 756 1
3910 4257 8
3910 616 1
3910 690 7
3911 1369 2
3911 2326 8
3912 3445 7
3912 311 5
3913 3909 2
3913 620 7
3913 1651 2
3913 2411 2
3913 753 8
3914 4708 7
3914 2591 7
3914 1248 6
3914 3194 3
3914 4636 6
3915 2801 2
3915 3112 2
3915 502 8
3916 2619 4
3916 4846 2
3916 214 1
3917 3786 8
3917 1091 1
3917 3419 9
3918 3355 1
3918 2462 10
3919 3164 7
3919 2268 7
3919 3751 6
3919 3973 7
3920 812 1
3921 3390 7
3922 2081 6
3922 1261 2
3923 4272 4
3923 3743 8
3924 2828 1
3924 1121 7
3924 2144 10
3925 748 9
3925 4153 4
3926 1382 5
3927 4833 3
3927 2032 2
3927 2242 8
3927 954 6
3927 3379 2
3928 1300 7
3928 2044 3
3928 2653 1
3928 3247 2
3928 2036 5
3929 1799 8
3929 2127 3
3930 4950 6
3931 52 10
3931 3094 2
3931 2842 7
3932 4181 1
3932 902 4
3932 410 2
3932 4367 3
3933 751 7
3933 1321 2
3933 4941 10
3933 1430 8
3934 2053 7
3934 2319 6
3935 2925 2
3936 1460 10
3936 2104 8
3936 1075 4
3936 2835 9
3937 2691 2
3937 1497 9
3937 4492 1
3937 4850 4
3938 4885 6
3938 4059 6
3938 2402 8
3939 899 7
3939 4956 10
3939 170 1
3940 374 5
3941 1083 1
3941 1493 8
3942 597 4
3942 4558 10
3943 2779 3
3944 1308 4
3944 1965 5
3944 2696 10
3945 2313 6
3945 4698 1
3945 4223 2
3945 1076 2
3945 4623 10
3946 4118 7
3946 2582 1
3946 509 2
3946 3647 9
3946 4658 9
3947 1159 6
3947 2270 3
3948 1496 5
3948 4818 5
3949 2306 6
3950 1861 9
3950 1484 2
3951 4325 5
3951 4822 7
3952 1300 2
3953 1744 3
3953 2073 3
3953 779 7
3954 2412 10
3954 1543 1
3954 3366 1
3955 2402 10
3955 4327 10
3955 199 7
3956 1153 7
3957 3436 6
3957 533 1
3958 3275 6
3958 2609 9
3958 4454 9
3958 3230 7
3958 1940 10
3959 804 8
3959 2967 9
3959 3027 7
3959 4205 2
3959 288 3
3960 4918 7
3961 2216 8
3961 4620 6
3962 4924 10
3963 4988 2
3963 568 4
3963 4695 1
3964 4530 3
3964 4667 9
3964 2659 9
3964 2967 5
3965 1469 5
3966 4974 4
3966 2559 2
3966 4576 3
3966 121 3
3967 4816 5
3967 1217 7
3967 4923 1
3967 3008 5
3968 4317 2
3968 282 2
3968 47 10
3968 2459 6
3969 4093 3
3969 4234 7
3969 1712 1
3969 1895 3
3970 619 7
3970 1129 5
3970 4846 10
3970 249 4
3970 2027 2
3971 2213 8
3971 1729 7
3971 4259 10
3972 808 8
3972 3262 7
3973 2210 5
3973 3485 5
3973 4528 9
3973 6 4
3974 3677 2
3974 120 10
3974 2678 9
3974 360 2
3974 1834 6
3975 154 2
3976 4861 6
3976 2609 7
3976 1728 1
3977 4214 1
3977 3224 2
3977 4807 1
3977 2727 9
3977 4858 2
3978 74 6
3978 2667 8
3978 491 1
3979 1028 2
3979 898 2
3979 1508 4
3979 346 1
3979 2684 2
3980 4615 1
3980 2614 10
3980 1452 8
3980 1077 4
3980 1541 4
3981 3910 5
3981 4610 8
3981 4156 4
3981 911 5
3982 2138 8
3982 988 3
3983 290 7
3983 3132 1
3983 4445 5
3983 635 4
3984 3993 3
3984 2017 7
3985 2988 3
3985 3089 3
3986 1125 3
3986 412 8
3987 637 2
3988 2907 10
3989 3431 2
3989 1820 9
3989 4862 8
3989 4419 1
3990 431 3
3990 3706 8
3990 1094 1
3991 2828 3
3991 782 5
3991 2564 4
3992 362 7
3992 867 1
3993 3270 9
3993 2567 2
3993 1067 1
3994 3121 9
3994 70 3
3994 1392 2
3995 1231 8
3995 2004 9
3995 219 7
3995 605 4
3996 2673 10
3996 2047 3
3996 3149 10
3997 4144 5
3997 773 4
3997 4650 5
3997 3449 10
3998 4256 5
3998 3280 3
3998 1772 9
3998 2996 5
3999 2992 4
3999 1579 8
3999 2384 10
3999 1237 3
4000 1094 7
4000 4507 1
4000 680 8
4001 4732 4
4002 2455 10
4002 4343 5
4003 1402 10
4004 1492 4
4004 343 9
4004 318 7
4004 1540 3
4004 2183 4
4005 3063 10
4006 603 9
4006 1389 9
4007 1970 1
4007 2538 7
4007 1484 9
4008 1868 10
4009 2701 1
4009 2872 2
4010 4945 1
4010 161 8
4010 1191 10
4011 4154 3
4012 4768 9
4012 1387 5
4012 4138 1
4012 2257 1
4012 1792 9
4013 2802 8
4013 1081 3
4013 3496 2
4013 341 5
4014 2751 7
4014 4375 8
4014 2265 8
4014 2480 10
4014 4273 2
4015 2330 1
4015 1538 4
4015 3940 10
4015 3604 8
4016 3066 8
4017 4601 5
4017 2 10
4017 3488 10
4018 4141 8
4018 126 5
4018 3366 1
4018 4914 4
4019 2724 9
4020 695 3
4021 3312 2
4021 336 1
4021 4596 3
4021 2824 7
4022 2949 5
4022 3549 3
4022 1003 5
4022 3502 5
4022 3346 5
4023 1964 5
4023 4072 5
4024 686 1
4024 2129 8
4024 4796 8
4024 273 10
4024 4652 2
4025 2452 8
4025 4912 1
4025 4749 9
4025 3475 1
4026 2516 7
4026 2586 5
4026 864 1
4026 1187 9
4026 2357 8
4027 4040 7
4027 1780 8
4027 104 7
4028 1411 5
4028 3162 8
4028 3536 2
4029 1098 10
4029 2717 7
4030 2667 6
4030 759 2
4031 2935 4
4032 3032 8
4032 2834 1
4033 4320 9
4034 121 1
4034 624 4
4034 1217 2
4035 906 7
4035 2354 9
4035 1787 7
4035 2590 1
4035 1199 4
4036 1003 7
4036 1574 6
4036 4210 3
4037 2286 4
4038 83 8
4038 1148 10
4038 4054 9
4038 3361 8
4039 4283 6
4039 4865 10
4039 593 4
4039 2778 6
4039 221 8
4040 3885 6
4040 4452 5
4041 3475 7
4041 4962 8
4041 4020 1
4042 3857 2
4042 3809 4
4042 2826 9
4042 2795 10
4042 300 6
4043 4069 4
4043 2140 6
4043 1005 10
4044 2322 2
4045 1956 7
4045 3484 8
4046 4908 1
4046 2389 3
4047 4114 2
4047 2045 10
4047 2652 9
4047 2366 5
4047 1492 5
4048 2933 3
4049 4630 6
4049 1086 3
4050 4280 7
4051 2810 1
4051 49 5
4051 417 1
4051 2851 4
4052 4523 10
4052 2177 10
4053 2527 5
4053 3832 2
4054 4912 10
4054 204 6
4055 1116 6
4056 1362 2
4057 330 9
4057 4299 8
4057 2352 3
4057 1065 3
4057 4420 2
4058 529 8
4058 778 4
4059 3539 3
4059 3904 1
4059 3930 4
4060 4572 9
4060 345 7
4060 2203 6
4060 31 9
4060 3751 6
4061 951 4
4061 4429 9
4062 3205 1
4062 1274 8
4062 1059 5
4062 4807 4
4062 349 8
4063 1580 10
4063 4919 1
4063 608 10
4063 13 10
4064 531 7
4065 4582 10
4065 278 9
4066 4783 10
4066 2908 6
4066 2739 6
4067 236 6
4067 34 4
4068 4489 5
4068 2128 4
4068 4548 5
4068 4869 6
4068 2683 5
4069 1478 6
4069 526 4
4069 704 8
4070 4629 9
4070 3223 1
4070 4744 5
4070 2157 2
4070 4855 6
4071 4801 10
4071 4287 3
4072 4498 5
4072 111 1
4073 2948 5
4073 1397 2
4074 1261 7
4074 4745 2
4074 4964 2
4074 3312 2
4074 4816 3
4075 918 3
4076 986 2
4076 4853 3
4076 578 8
4076 2976 5
4077 3536 9
4077 4364 3
4078 1711 3
4078 844 3
4078 340 7
4078 2771 6
4079 4693 8
4079 4847 3
4080 3931 5
4080 4333 1
4080 1884 7
4081 3332 9
4081 4308 9
4081 1021 7
4082 3116 7
4083 3896 9
4083 77 3
4083 4205 4
4084 2912 3
4084 3013 1
4084 244 8
4084 2135 1
4085 2383 5
4085 2169 7
4085 1939 10
4086 712 4
4086 3629 6
4086 2807 3
4087 962 4
4087 2342 7
4087 2507 8
4088 1110 2
4088 4996 1
4089 2734 4
4089 4970 7
4090 2550 3
4091 1684 5
4091 2854 4
4092 1922 2
4092 1048 5
4092 2931 2
4093 655 10
4093 1595 5
4093 4078 8
4093 3446 7
4093 140 7
4094 1159 8
4094 3256 6
4094 3477 8
4094 1799 1
4094 4124 4
4095 2287 9
4096 2275 8
4096 1111 7
4096 2352 6
4096 2050 6
4096 877 3
4097 446 6
4098 2315 5
4098 3004 3
4098 1653 2
4098 1531 9
4099 3486 9
4099 4737 1
4099 3306 7
4099 2669 3
4100 4495 8
4100 1869 9
4100 2743 1
4100 959 6
4100 1411 8
4101 2792 10
4101 1629 8
4101 1977 5
4102 1549 6
4102 4697 6
4102 1745 10
4102 3091 4
4102 3346 5
4103 3224 3
4104 1496 1
4104 2341 2
4104 4957 6
4104 1811 10
4105 185 10
4105 2158 10
4105 4235 9
4106 162 6
4106 2586 7
4106 4856 2
4106 2148 2
4106 3346 7
4107 4856 2
4107 934 2
4107 1416 6
4108 2802 5
4108 3818 7
4108 3940 3
4109 3387 8
4109 3150 5
4109 4986 5
4109 507 8
4110 4059 6
4110 3013 6
4110 87 4
4111 3493 1
4111 823 4
4111 632 5
4112 2535 6
4113 4489 6
4113 1732 4
4113 2873 7
4113 1760 10
4114 903 6
4114 4508 3
4114 1360 10
4114 3497 3
4115 309 1
4115 1281 10
4116 2642 10
4116 2858 2
4116 3015 9
4116 2149 2
4117 1952 1
4117 3235 8
4117 4126 5
4117 2382 7
4117 4414 10
4118 2868 8
4118 3864 4
4118 671 10
4119 4047 4
4119 2609 6
4119 4024 3
4119 1139 4
4120 1546 5
4120 2917 4
4120 3515 3
4120 2210 6
4120 4970 4
4121 4790 2
4121 3005 6
4122 3975 1
4122 2271 9
4122 3827 4
4123 2396 10
4123 331 8
4124 3469 8
4124 1683 1
4124 4046 1
4125 1684 2
4126 1157 2
4127 890 8
4127 4999 4
4127 385 10
4128 1576 3
4128 1841 6
4129 4581 7
4129 3002 3
4130 2591 1
4130 776 5
4130 4117 6
4131 4495 9
4132 4126 9
4132 947 9
4132 4297 3
4133 3391 10
4133 769 2
4134 2893 1
4134 2731 1
4134 1057 2
4135 3421 8
4135 201 2
4135 2812 1
4135 4427 9
4136 1068 3
4136 2001 10
4137 1982 2
4137 4889 5
4137 420 6
4137 1935 2
4137 2034 6
4138 711 2
4138 1326 2
4138 336 8
4138 3429 2
4139 4454 10
4139 861 4
4139 2635 1
4140 3818 6
4141 1087 2
4141 3501 3
4141 1442 7
4141 1939 2
4142 1835 7
4142 1357 1
4142 3794 10
4143 548 2
4144 2440 9
4144 632 4
4144 4794 1
4144 3272 1
4145 4840 8
4145 4682 8
4145 3275 2
4145 312 2
4145 4024 7
4146 3836 3
4146 1922 2
4146 23 5
4146 3414 3
4147 3515 8
4147 2322 4
4147 605 7
4148 608 8
4148 3632 8
4148 623 5
4149 3985 1
4149 4686 9
4149 2707 5
4150 3540 4
4151 1542 1
4151 827 9
4151 597 7
4152 1388 2
4152 959 2
4152 681 6
4153 2850 3
4153 2743 7
4154 3390 3
4154 4237 2
4155 1564 3
4155 2127 1
4155 2627 8
4155 2272 10
4155 1356 3
4156 2257 2
4156 2418 2
4156 3159 6
4156 2707 6
4156 1743 9
4157 3028 5
4157 628 3
4157 2741 3
4157 3575 4
4157 2814 5
4158 2614 2
4159 2342 10
4159 4039 8
4159 3415 1
4160 3515 1
4160 2802 10
4160 4586 5
4161 1789 5
4162 652 8
4162 204 10
4163 2289 6
4163 2368 6
4163 3630 2
4164 2586 2
4164 3420 3
4165 2572 5
4165 3 2
4165 3832 10
4166 3382 2
4166 2309 8
4167 3426 6
4167 57 5
4167 2097 10
4168 302 7
4168 3199 9
4168 3977 2
4168 4180 9
4168 3215 9
4169 1141 6
4169 4236 1
4169 226 9
4169 2664 8
4170 660 3
4170 1835 9
4170 1960 9
4170 697 2
4170 4504 8
4171 2095 10
4171 4974 10
4172 1176 10
4172 4913 8
4172 4369 10
4172 1129 9
4172 1239 2
4173 2219 4
4173 3625 10
4173 2489 7
4173 3171 9
4174 87 9
4174 4955 8
4174 4612 7
4174 4356 5
4174 4974 6
4175 3296 2
4176 4179 8
4176 3401 10
4176 2751 4
4176 3923 2
4177 1519 2
4177 2946 3
4178 2410 9
4179 2431 4
4179 3089 5
4179 3779 4
4179 252 3
4179 1836 5
4180 1157 1
4180 2103 10
4180 4900 2
4180 1420 10
4181 2723 4
4181 4150 10
4182 353 3
4182 652 3
4182 3653 5
4182 658 6
4183 3200 4
4183 3706 1
4183 918 8
4183 864 9
4184 2467 8
4184 205 10
4184 4650 6
4185 4004 3
4185 3956 7
4185 2659 3
4185 4916 1
4186 4743 1
4186 1347 5
4187 385 4
4187 3537 1
4188 841 9
4188 3622 9
4188 4537 6
4189 1557 9
4190 2703 10
4190 3914 4
4190 2154 3
4191 3722 9
4191 1711 6
4191 1343 5
4191 591 8
4191 3213 5
4192 117 1
4193 1166 1
4193 4242 8
4194 3885 2
4195 388 3
4195 2912 8
4195 2644 4
4196 4349 5
4197 2938 4
4197 4689 4
4197 1057 9
4197 725 7
4198 2334 6
4199 3174 7
4199 3561 10
4200 3254 6
4201 906 8
4202 773 5
4202 4048 9
4202 4876 8
4202 3776 1
4202 2360 4
4203 2642 4
4203 2286 10
4203 2479 8
4203 1308 5
4203 631 1
4204 4063 3
4205 933 9
4205 4306 5
4205 4082 6
4205 1908 7
4206 2756 5
4206 1356 2
4206 1160 4
4206 4377 7
4206 4340 9
4207 1478 4
4207 3107 3
4207 1648 8
4207 4447 2
4208 331 7
4208 1032 4
4208 156 3
4208 273 5
4209 3346 1
4209 4036 10
4209 713 2
4210 2550 8
4210 4938 8
4210 3563 9
4210 2540 2
4210 3459 4
4211 3539 4
4211 629 2
4211 2912 6
4211 1513 8
4212 1886 2
4213 924 8
4213 4928 2
4213 1754 6
4214 685 6
4215 1996 3
4215 4201 9
4215 906 10
4215 4180 8
4215 1214 4
4216 1015 5
4216 4083 8
4217 283 3
4217 4031 10
4217 3772 9
4217 4425 9
4218 1901 9
4218 419 3
4218 3464 9
4219 2261 3
4220 1212 10
4220 4762 5
4221 3904 6
4221 3445 3
4221 3807 9
4221 694 4
4221 802 6
4222 3170 3
4222 3630 5
4223 976 5
4223 673 3
4223 236 10
4223 2970 1
4224 4272 2
4224 4032 1
4224 400 4
4224 2124 6
4225 4170 8
4225 4448 5
4225 1701 10
4225 2927 2
4225 54 1
4226 2000 9
4226 2186 6
4227 1525 1
4227 2988 3
4227 1061 5
4228 1361 10
4228 3743 2
4228 4702 9
4228 756 3
4229 3784 3
4229 17 5
4230 2780 6
4230 4405 10
4230 4788 7
4230 2797 9
4231 4280 6
4231 3004 7
4231 4407 3
4231 263 9
4231 3673 7
4232 1757 4
4233 3251 6
4233 4610 2
4233 2767 4
4234 778 3
4234 2373 8
4234 3442 6
4234 4491 1
4235 4424 1
4235 2678 3
4236 779 7
4237 2018 1
4238 4085 2
4238 346 4
4239 4769 10
4239 4186 8
4239 204 6
4239 2278 5
4239 2280 8
4240 4282 3
4240 1599 5
4240 4686 7
4241 938 3
4241 740 7
4241 4488 5
4242 3656 5
4243 4161 10
4243 4576 2
4243 2919 3
4243 2028 9
4244 2238 5
4244 2215 4
4245 3094 3
4245 3545 9
4245 4570 5
4245 4028 1
4246 2824 3
4246 1589 6
4246 198 7
4246 4794 10
4246 175 5
4247 521 3
4247 67 9
4247 1009 7
4247 3665 9
4247 4518 8
4248 3884 4
4248 1478 2
4248 2041 9
4248 1631 3
4249 1638 1
4249 3940 3
4249 1334 1
4249 4450 2
4250 1761 2
4250 626 8
4250 595 4
4251 3754 5
4251 3258 1
4251 3683 1
4251 3175 10
4252 2435 9
4252 2655 9
4253 2929 9
4254 4845 9
4254 1078 10
4254 3421 8
4254 4525 8
4255 713 1
4255 4360 1
4256 4460 9
4256 3492 1
4256 1706 7
4256 2332 10
4257 4344 6
4257 1839 5
4257 4399 2
4257 613 4
4258 733 2
4258 1629 2
4258 3711 3
4258 1637 8
4259 1633 2
4259 605 7
4259 993 10
4259 2864 5
4259 2510 4
4260 4794 6
4260 2360 8
4260 2629 6
4260 2645 4
4260 2868 6
4261 2103 6
4261 3314 10
4261 187 9
4261 3424 6
4262 1671 7
4262 3529 5
4262 2401 3
4263 529 1
4263 4674 3
4263 10 6
4264 49 7
4264 2880 2
4264 1999 1
4264 1558 7
4264 2934 1
4265 1277 9
4265 3659 9
4265 1818 10
4265 3756 4
4266 1936 9
4266 4442 10
4266 1725 9
4266 602 2
4267 4108 8
4268 3831 3
4268 3430 4
4269 4598 2
4269 261 1
4269 4451 3
4269 3885 9
4270 924 8
4270 236 6
4271 500 5
4271 3433 4
4271 4125 9
4272 2114 3
4272 2567 6
4272 2319 6
4273 4620 2
4273 441 2
4274 1724 5
4275 3500 8
4275 2089 9
4275 3687 10
4275 1562 8
4275 2832 9
4276 1582 2
4276 2726 4
4277 5000 10
4277 1873 7
4277 2429 6
4277 1368 5
4277 255 3
4278 3004 2
4278 4558 9
4278 1434 6
4279 4053 2
4279 650 7
4279 992 3
4280 4816 9
4280 4313 8
4280 1038 1
4281 265 5
4281 1046 5
4281 3373 9
4281 1420 9
4282 4106 10
4283 1056 4
4284 2215 3
4284 3428 5
4285 4847 5
4285 4926 9
4285 3483 7
4285 1311 6
4285 1930 3
4286 4227 9
4286 2715 3
4286 4847 4
4287 1288 8
4287 3757 6
4287 2461 1
4288 2270 2
4288 350 9
4288 4468 9
4288 4924 10
4288 3496 9
4289 2166 8
4289 301 6
4289 1165 5
4289 3579 8
4290 1994 9
4291 286 9
4291 4460 4
4291 4489 8
4291 1838 7
4291 958 8
4292 2081 8
4292 604 6
4292 2128 3
4293 4861 10
4293 3883 9
4294 1764 1
4295 2330 5
4295 4015 4
4296 4636 2
4296 2534 8
4296 3314 10
4296 1341 6
4296 4622 6
4297 1463 6
4297 2169 1
4297 3794 8
4297 1496 7
4298 2396 9
4298 4337 7
4298 4283 3
4298 1218 6
4299 3390 6
4299 3314 10
4299 1463 3
4300 582 9
4300 804 9
4300 4723 1
4300 198 9
4300 1408 7
4301 1403 2
4301 2064 6
4301 4225 7
4301 3103 5
4301 2845 4
4302 4297 8
4302 3737 2
4302 3885 9
4302 1821 9
4303 3642 4
4303 1867 7
4303 2008 6
4304 2089 5
4304 4920 10
4305 1216 9
4305 2727 4
4305 3424 8
4305 3632 5
4305 2161 5
4306 3442 9
4306 4032 3
4306 3340 4
4306 4207 7
4307 1191 4
4307 2658 4
4307 829 6
4307 719 10
4307 3968 7
4308 721 4
4308 3847 10
4308 4501 3
4309 1143 3
4309 2259 3
4309 1273 7
4310 2041 3
4310 3820 9
4310 1003 4
4310 4523 2
4310 1348 1
4311 2755 10
4312 112 7
4312 123 4
4312 3429 10
4312 155 3
4313 4433 9
4313 1364 3
4313 3051 6
4314 2966 6
4315 2642 10
4315 4336 1
4315 4984 5
4315 521 5
4315 4417 9
4316 2240 2
4317 3460 7
4317 3908 5
4318 2642 5
4318 3464 1
4319 1716 6
4319 158 10
4320 3738 4
4320 2765 8
4320 1316 2
4320 1125 3
4321 2895 5
4321 595 5
4321 2435 6
4322 2740 9
4323 4102 3
4323 2657 9
4323 3154 3
4323 3189 10
4323 4585 2
4324 4421 4
4325 231 6
4326 1731 4
4327 1974 5
4327 2551 10
4327 2201 9
4328 2097 1
4328 437 5
4329 2291 9
4329 4293 10
4329 3641 3
4329 733 5
4329 3147 4
4330 3415 2
4330 2579 5
4331 1988 4
4331 3797 5
4331 354 4
4332 2183 8
4332 1931 3
4333 459 1
4333 236 2
4333 1431 9
4334 920 8
4335 4520 5
4335 3071 5
4336 850 4
4336 418 1
4337 3657 10
4337 1492 1
4337 2175 6
4337 1575 4
4337 976 9
4338 4148 3
4338 2050 3
4338 2063 3
4339 3514 2
4340 534 9
4341 2473 5
4341 4495 7
4341 1191 8
4341 4921 6
4341 2179 1
4342 2406 1
4342 2484 9
4342 2501 9
4342 3979 8
4342 3524 6
4343 482 5
4344 2103 7
4344 504 5
4344 3530 6
4344 3627 6
4345 1691 10
4345 268 2
4345 4280 1
4345 174 4
4345 1056 7
4346 4465 3
4346 2919 9
4347 3439 5
4347 1300 9
4347 47 10
4348 4145 8
4348 4644 5
4349 4047 7
4349 4861 7
4349 4558 1
4349 1575 6
4349 3109 7
4350 861 10
4350 1614 9
4350 384 10
4350 804 4
4350 632 7
4351 527 6
4351 4922 4
4352 2157 4
4352 3551 4
4353 1578 2
4353 1484 10
4353 2320 8
4354 3443 4
4355 1740 5
4355 305 6
4355 3835 6
4355 4668 10
4355 515 9
4356 696 9
4356 3721 7
4357 807 8
4357 4505 2
4357 4744 2
4358 4775 4
4358 2563 10
4358 2384 6
4358 2152 7
4358 2018 7
4359 2440 8
4359 1018 4
4360 3687 5
4360 420 8
4360 1858 2
4361 2562 4
4361 1153 9
4361 821 7
4362 4989 5
4362 1393 1
4362 4581 2
4362 713 9
4363 4638 6
4363 2315 8
4363 1147 2
4363 4582 7
4364 126 6
4364 4507 9
4364 2416 5
4364 4888 8
4365 3439 5
4365 4336 6
4365 147 9
4365 4291 2
4366 3316 9
4367 1835 1
4367 4863 1
4367 2888 7
4368 2148 2
4368 3240 2
4368 2387 2
4368 1960 4
4368 3215 9
4369 3414 10
4369 4745 1
4370 991 3
4370 71 2
4370 1678 6
4371 4906 10
4371 1003 1
4371 2411 7
4372 4031 3
4372 1576 10
4373 4912 7
4374 4128 2
4374 1760 9
4375 576 2
4375 18 3
4375 2444 8
4375 3374 3
4376 2245 9
4376 4919 9
4376 2841 7
4377 2792 6
4377 1688 5
4378 4498 3
4379 3503 6
4380 1659 7
4381 523 6
4382 673 10
4382 2549 3
4383 2417 4
4383 4972 4
4383 2387 10
4383 1468 5
4383 650 1
4384 4565 6
4384 1513 8
4384 2235 5
4385 1366 10
4385 4584 1
4385 1110 7
4385 1530 6
4386 255 6
4386 4556 1
4386 472 10
4387 3917 4
4387 2868 8
4387 4804 7
4387 1669 5
4388 3045 7
4388 540 9
4388 2020 4
4388 3016 9
4388 1323 4
4389 3648 1
4390 4591 10
4390 1454 8
4390 4979 10
4390 1466 4
4391 3768 7
4391 2880 7
4391 2721 7
4392 3042 6
4392 2809 10
4392 185 3
4392 1913 4
4393 1453 4
4393 946 6
4394 1287 5
4394 740 2
4394 4971 7
4395 3395 4
4395 117 3
4395 2152 4
4396 3109 1
4396 3959 5
4396 2339 7
4396 443 7
4397 1314 3
4397 2187 2
4397 1627 7
4397 4505 3
4398 635 2
4398 3723 3
4398 1343 6
4398 639 2
4398 3746 6
4399 270 1
4400 4417 10
4400 31 5
4401 1781 10
4401 1474 6
4401 3718 9
4402 951 10
4402 2385 6
4402 3486 5
4402 4985 8
4403 2463 5
4403 3195 9
4403 4205 3
4404 3332 4
4404 3959 7
4405 1698 6
4406 2989 4
4407 2424 4
4408 4570 1
4408 202 1
4408 2224 7
4408 2730 2
4408 1222 3
4409 3642 1
4409 795 8
4410 86 10
4410 884 9
4411 1725 5
4411 1239 9
4411 17 2
4412 887 10
4412 926 4
4413 4314 5
4413 4180 8
4414 662 4
4415 282 4
4415 2482 9
4415 4886 5
4415 2907 4
4416 126 9
4416 2266 9
4417 4937 10
4417 3763 5
4417 2398 10
4417 443 1
4417 4239 1
4418 4082 9
4418 1254 7
4419 3174 5
4419 1473 9
4419 18 10
4420 1389 9
4420 2661 3
4421 1847 4
4421 794 7
4421 3918 1
4421 2313 3
4421 3239 5
4422 3914 9
4422 1996 4
4422 3138 2
4422 346 2
4423 3020 4
4423 4945 10
4423 2325 5
4424 4720 1
4424 3430 4
4425 1362 9
4426 3390 3
4426 4261 4
4426 3030 5
4426 2721 6
4427 1583 1
4427 1854 10
4427 1617 6
4428 2155 1
4428 1796 7
4428 4463 7
4429 81 3
4429 3627 10
4429 1508 2
4429 4938 7
4430 2467 4
4431 2544 3
4431 4061 6
4431 2886 2
4431 2746 9
4431 2412 10
4432 1430 5
4432 773 6
4432 579 2
4433 4562 8
4433 121 7
4433 2539 3
4434 3162 5
4434 4924 6
4435 1203 8
4435 1506 4
4435 1654 3
4436 4945 10
4436 3253 2
4436 1579 5
4436 1109 2
4437 4205 6
4437 4594 9
4438 123 8
4439 423 2
4440 1431 8
4440 2204 5
4440 2620 3
4441 640 4
4441 4344 1
4441 826 3
4441 4032 4
4441 1475 2
4442 2427 7
4442 1253 9
4442 3051 6
4442 2231 8
4443 4434 5
4444 3971 2
4444 35 5
4445 3841 4
4445 4627 1
4446 2812 9
4446 1772 4
4446 3140 10
4446 2384 10
4446 4434 7
4447 3985 2
4447 877 5
4447 3705 6
4447 800 9
4448 1811 8
4448 2808 4
4448 668 7
4448 1084 1
4448 2393 5
4449 283 3
4449 3083 6
4449 2676 6
4449 4067 10
4450 1353 10
4450 4198 5
4451 3295 5
4451 849 7
4451 1441 10
4451 3441 6
4451 2786 10
4452 3575 7
4453 858 10
4454 2193 9
4454 2867 9
4454 2763 5
4455 4047 2
4456 1393 5
4456 3696 9
4456 1600 4
4457 2326 5
4457 3091 7
4458 4913 4
4458 2120 10
4458 2219 5
4459 4927 9
4459 2582 2
4459 1744 9
4460 2178 3
4460 4826 1
4460 4761 8
4460 3672 9
4461 521 2
4461 4259 3
4461 3175 10
4461 3689 5
4462 979 2
4462 3177 8
4462 858 7
4463 2535 5
4463 4594 7
4464 3794 2
4464 538 6
4465 45 10
4466 286 9
4466 3956 7
4466 4239 7
4466 418 5
4466 1018 2
4467 2005 7
4467 1393 5
4467 2946 1
4467 4719 5
4467 4432 6
4468 3630 7
4469 3385 4
4469 4102 6
4469 2215 7
4469 1996 10
4470 2130 7
4470 4478 10
4470 4689 5
4470 591 8
4471 3727 8
4471 2157 6
4471 3208 4
4471 1166 2
4471 1430 3
4472 1630 5
4472 3382 9
4472 483 4
4473 3136 4
4473 813 8
4473 959 10
4473 864 9
4473 237 4
4474 1313 2
4474 312 5
4474 2489 4
4475 2313 1
4475 4570 8
4475 4598 7
4476 4605 3
4476 394 7
4477 2087 1
4478 42 3
4479 1306 9
4479 2988 10
4479 2151 8
4479 3360 6
4479 4678 4
4480 2551 6
4480 2228 10
4480 4137 3
4480 1248 6
4481 2139 8
4482 4611 5
4482 47 4
4482 433 3
4483 2975 9
4483 2393 3
4484 2886 7
4484 1854 10
4485 1599 1
4485 4739 6
4485 1860 5
4485 3788 8
4486 4359 10
4486 4460 10
4486 2749 3
4486 2652 5
4486 216 2
4487 771 2
4487 1799 5
4488 2167 9
4489 1818 7
4489 3659 9
4490 1094 7
4490 2894 7
4490 4672 6
4491 158 1
4491 3537 1
4491 3159 7
4491 1803 3
4491 756 1
4492 2880 8
4492 3743 8
4492 3615 7
4492 1514 10
4493 1430 7
4493 2764 2
4493 4347 7
4493 728 4
4493 1929 4
4494 1742 10
4495 2535 1
4495 3259 4
4495 2969 6
4495 3361 1
4496 696 9
4497 1380 10
4497 799 2
4497 3672 4
4497 3048 1
4498 1347 3
4498 4215 9
4498 4739 5
4498 647 3
4499 761 2
4499 22 8
4500 4376 3
4500 1276 7
4500 4238 10
4500 3240 3
4501 1344 3
4501 2887 9
4502 72 6
4502 3219 9
4502 3058 4
4502 309 2
4503 1279 9
4503 245 10
4503 1110 3
4503 733 6
4504 1466 3
4504 81 3
4505 1344 1
4505 3242 5
4505 1813 9
4505 1316 3
4505 3016 9
4506 3436 7
4506 2666 7
4506 488 8
4506 1454 7
4507 2645 1
4507 2642 9
4508 761 8
4508 1705 2
4508 135 9
4509 4167 8
4509 1954 5
4509 1031 7
4509 3966 5
4509 4483 3
4510 3660 3
4510 3982 10
4510 683 8
4511 2539 9
4512 1724 7
4512 3480 2
4512 4397 2
4513 131 1
4513 4313 3
4514 3235 8
4514 1337 7
4514 1468 5
4514 3794 5
4514 2803 10
4515 1654 8
4515 4009 4
4516 2755 8
4516 4155 2
4516 1986 8
4517 3536 8
4517 3192 1
4517 267 3
4517 3521 8
4518 4112 6
4518 47 3
4518 1797 6
4518 1869 7
4518 4101 5
4519 4924 10
4519 628 5
4519 3296 6
4519 2648 2
4519 345 6
4520 4720 4
4520 2107 5
4521 1786 4
4522 773 7
4522 4402 3
4522 2034 1
4523 2732 7
4524 1755 6
4524 1190 5
4524 4662 1
4525 3800 8
4526 2045 5
4526 4243 6
4526 1327 6
4527 4846 6
4528 1404 6
4528 4412 1
4528 175 10
4529 1003 2
4529 1760 5
4529 735 7
4529 4922 5
4529 2572 10
4530 3079 7
4530 3900 5
4530 3626 4
4531 2354 1
4531 303 9
4531 4489 5
4532 3331 3
4532 2690 9
4532 1888 6
4533 4183 4
4533 673 10
4533 2272 4
4533 1541 4
4534 4845 7
4534 704 5
4534 4272 7
4534 2431 10
4534 3373 4
4535 3432 5
4535 3675 3
4536 1788 3
4536 3933 7
4536 2540 4
4536 2529 5
4537 3718 9
4538 3275 2
4538 4937 10
4538 4048 3
4538 3515 10
4539 2419 2
4540 1329 8
4540 2880 10
4540 3646 1
4540 1635 9
4541 1166 10
4541 1932 1
4541 560 2
4541 2213 5
4541 1910 4
4542 2881 7
4542 4461 1
4542 2579 9
4542 4264 7
4542 1028 10
4543 1873 7
4543 3880 6
4543 3184 2
4543 2821 1
4544 83 3
4544 3765 7
4544 3293 8
4544 3449 1
4544 4958 8
4545 782 8
4545 544 7
4545 2210 1
4545 3378 10
4545 4620 3
4546 1316 1
4546 3986 2
4546 944 4
4547 1199 9
4547 3660 1
4547 3420 7
4547 1623 6
4548 1845 5
4548 2554 9
4549 4144 7
4549 2044 5
4550 1964 5
4550 2044 1
4550 4584 7
4550 4355 1
4551 1854 4
4551 1911 5
4552 4453 6
4553 160 4
4553 1972 10
4553 4285 6
4553 4678 10
4554 1891 4
4554 3309 2
4554 2511 7
4554 1329 6
4555 4993 7
4555 4031 4
4556 3313 2
4556 4126 10
4556 1749 2
4556 3459 2
4557 3754 1
4558 4460 2
4558 3983 2
4558 3078 5
4558 3116 7
4559 4100 5
4559 1561 4
4559 4888 4
4559 1598 7
4559 3956 4
4560 632 5
4560 1332 7
4560 1506 2
4560 3045 9
4560 3393 9
4561 2285 2
4561 1276 6
4562 1067 3
4562 4224 2
4563 3460 5
4563 1724 5
4563 3380 9
4564 1960 9
4565 2297 7
4565 4988 2
4566 3962 3
4566 3336 7
4566 2743 8
4566 329 9
4566 518 4
4567 4182 7
4567 3526 6
4567 5 7
4568 2839 3
4568 999 6
4568 3051 1
4568 4730 2
4569 807 1
4569 688 1
4569 589 5
4570 1308 5
4571 4079 3
4572 2210 2
4572 686 1
4572 306 5
4572 3928 5
4573 4999 9
4574 3602 9
4574 4608 7
4574 3721 7
4574 3939 5
4574 3600 10
4575 3751 5
4575 2102 8
4575 23 3
4575 799 4
4576 4085 7
4577 3527 4
4577 4476 8
4577 861 5
4578 1194 4
4579 4672 1
4579 4714 7
4579 698 1
4580 3440 1
4580 2248 1
4580 2883 5
4581 2450 1
4581 778 10
4582 778 2
4583 1971 4
4583 1786 8
4583 4837 1
4583 145 10
4584 4531 3
4584 135 2
4584 4678 3
4585 3073 6
4585 2759 7
4586 1410 1
4586 5000 5
4586 1056 3
4586 4317 7
4586 1591 5
4587 201 2
4587 2004 8
4587 4841 1
4587 999 6
4587 1838 1
4588 4933 8
4588 4529 2
4588 1540 6
4589 3200 8
4589 4327 3
4589 3511 10
4590 595 7
4591 392 1
4591 1380 1
4591 2064 4
4591 4509 6
4591 584 9
4592 1940 2
4592 3027 1
4592 2950 2
4592 3902 5
4592 582 4
4593 3421 2
4594 4226 10
4594 624 10
4594 231 1
4595 4436 10
4595 4968 4
4595 1523 5
4595 3062 4
4595 3689 7
4596 1534 4
4596 1818 3
4596 4881 7
4596 1649 10
4597 2948 5
4597 4725 2
4597 973 10
4598 495 5
4598 1983 6
4599 4091 6
4599 2734 4
4600 1930 2
4600 1215 9
4601 2429 9
4601 2240 6
4601 2753 7
4601 3476 7
4602 2032 5
4603 1091 1
4603 96 1
4603 2308 10
4603 3252 4
4604 1126 4
4604 2792 6
4605 4927 4
4606 4085 10
4606 2677 7
4606 1352 3
4606 3760 1
4606 812 4
4607 1449 7
4608 4531 7
4608 566 6
4609 4459 6
4609 4671 8
4609 4509 2
4609 1354 1
4610 913 7
4610 2737 7
4610 2886 2
4611 671 9
4611 877 4
4611 2898 4
4612 346 10
4612 420 7
4613 4788 9
4613 1795 4
4613 1203 5
4613 1364 3
4613 2345 1
4614 1242 4
4614 1179 4
4614 2726 4
4614 2104 3
4614 4506 10
4615 1966 8
4615 1884 3
4615 2003 1
4615 1982 4
4616 2480 10
4616 3224 8
4617 2096 9
4617 3786 7
4617 1491 9
4617 4351 8
4617 4681 7
4618 385 5
4618 3682 2
4618 3740 7
4619 4685 10
4619 2131 8
4619 3457 6
4620 4821 5
4620 53 8
4621 1009 2
4622 3113 5
4622 3880 4
4622 4297 9
4622 40 8
4623 1936 4
4623 4198 8
4623 2854 10
4623 4513 7
4623 3553 9
4624 1434 7
4624 4794 9
4624 77 5
4625 1347 2
4625 4878 1
4625 2635 10
4625 3973 4
4625 3837 1
4626 1717 9
4626 2868 6
4626 3010 2
4626 3381 4
4626 1538 3
4627 3721 8
4627 4869 4
4627 3069 9
4627 2753 10
4627 2395 2
4628 1936 1
4629 508 9
4629 2389 9
4629 2330 3
4629 1652 9
4630 1218 5
4630 3318 9
4631 2133 4
4631 4300 5
4632 1982 7
4632 422 2
4633 2027 8
4633 383 9
4633 4588 7
4633 2089 10
4634 3864 8
4634 362 10
4634 582 3
4634 1064 7
4635 1101 8
4635 3086 4
4635 146 1
4635 3072 6
4635 3485 1
4636 4572 5
4636 3351 5
4637 3901 1
4637 2354 10
4637 305 7
4637 2015 3
4637 777 9
4638 2574 7
4638 3143 10
4638 3154 1
4638 4933 1
4639 2930 10
4639 3333 7
4640 867 5
4640 4161 1
4640 4128 5
4641 1893 1
4642 4318 10
4642 3854 7
4642 4533 4
4643 1600 6
4643 925 10
4644 4745 2
4644 3016 5
4644 1443 9
4644 275 6
4645 887 10
4645 3083 8
4645 566 9
4645 2885 8
4645 974 7
4646 1231 9
4646 4277 4
4646 1138 2
4646 3904 2
4646 3690 10
4647 1277 4
4647 2521 7
4647 3274 4
4648 533 8
4648 374 10
4648 1464 4
4649 1638 2
4650 2487 9
4650 4438 9
4650 3269 5
4651 4964 8
4651 4590 1
4651 4695 9
4651 2683 3
4651 3005 3
4652 422 3
4652 26 9
4652 2908 10
4652 2505 4
4652 1606 7
4653 2107 9
4653 2548 10
4653 2470 4
4653 1329 10
4654 3401 5
4655 414 6
4655 2753 1
4655 3229 5
4655 1203 4
4656 1162 5
4657 602 10
4657 2329 6
4657 1934 8
4657 1305 4
4658 2690 10
4658 2226 9
4658 602 6
4658 2103 1
4658 2706 5
4659 2728 5
4659 3135 5
4659 965 1
4659 3830 9
4659 588 2
4660 1900 9
4660 3454 4
4660 4526 2
4660 3099 4
4661 1926 5
4661 3764 10
4662 688 6
4662 1736 5
4662 2278 1
4662 2887 5
4663 2285 2
4663 623 7
4664 1613 10
4664 3669 5
4664 4053 10
4664 1458 2
4664 194 9
4665 2956 5
4665 186 9
4665 4711 1
4665 3881 1
4665 3208 7
4666 3778 4
4666 4422 2
4666 3422 10
4667 1052 2
4667 1336 9
4667 913 9
4667 1439 6
4667 4205 1
4668 1320 2
4668 3292 6
4668 4537 3
4669 187 2
4669 3671 3
4669 2688 4
4669 138 1
4669 272 2
4670 4806 4
4671 2994 9
4671 1433 2
4671 1749 4
4671 2027 2
4672 1813 2
4672 2393 4
4672 4853 8
4672 1504 4
4672 3282 8
4673 3974 8
4673 597 7
4673 1717 4
4673 1492 10
4673 4448 7
4674 3832 9
4674 2851 10
4675 661 5
4675 4507 9
4675 4116 9
4675 4181 2
4675 3390 8
4676 1793 9
4676 4531 9
4676 3706 8
4677 2726 9
4678 3831 2
4678 1500 2
4678 1996 10
4679 1863 2
4679 4656 7
4679 1420 5
4679 3467 8
4680 3190 3
4680 1473 6
4680 4698 4
4681 819 3
4681 1646 9
4681 3182 6
4681 2596 1
4681 663 9
4682 3099 9
4682 3475 1
4683 3117 4
4683 4500 10
4683 3139 6
4683 3740 8
4683 448 8
4684 287 1
4684 837 8
4685 3159 7
4685 2079 7
4685 3830 8
4685 4862 10
4685 626 9
4686 779 3
4686 3011 5
4686 693 8
4687 1968 2
4687 4325 5
4687 1971 1
4688 3248 6
4688 1725 2
4688 1591 3
4688 2268 1
4689 4227 1
4690 4854 5
4690 1057 2
4691 1231 4
4692 300 4
4692 229 1
4692 3338 8
4693 2743 6
4694 4599 6
4694 4793 6
4694 3965 7
4694 2149 3
4695 4620 2
4695 2801 8
4695 4670 10
4695 623 5
4696 2923 3
4697 554 8
4698 980 3
4698 1176 5
4698 3732 8
4698 1870 2
4699 4823 2
4700 3649 2
4700 4648 8
4700 758 4
4701 641 9
4702 1846 2
4702 4001 4
4702 4988 3
4702 1277 7
4703 3141 10
4703 4599 10
4703 1215 10
4704 2207 5
4704 4933 8
4704 3099 9
4704 4144 7
4704 2887 9
4705 4947 4
4705 4068 1
4705 3925 2
4705 3578 9
4705 2797 9
4706 3114 9
4707 376 6
4707 4039 3
4708 2586 8
4708 815 4
4709 2778 9
4709 4790 3
4710 1642 1
4710 4457 5
4711 1586 4
4711 1126 10
4712 1094 1
4712 167 1
4713 4369 2
4713 2595 9
4714 4852 6
4714 2834 3
4714 3006 1
4714 4403 9
4715 305 9
4715 2487 6
4716 1583 5
4716 1232 4
4717 1230 2
4718 3440 7
4718 4250 9
4718 4105 3
4718 4257 8
4718 4775 2
4719 1329 2
4719 3834 4
4719 3913 7
4719 3780 6
4719 1251 1
4720 547 2
4720 3961 6
4720 664 6
4721 1291 2
4721 1368 2
4721 3182 7
4721 2687 7
4722 4336 3
4722 3609 5
4722 4358 5
4722 3918 9
4723 663 5
4723 1072 9
4723 135 5
4723 4509 1
4724 1856 1
4724 209 4
4724 2678 5
4725 515 6
4725 4900 10
4726 4531 4
4726 3983 5
4727 3387 1
4727 1520 1
4727 1111 5
4727 3985 6
4727 1866 8
4728 4862 3
4728 3565 8
4728 3890 9
4728 4775 8
4728 638 9
4729 581 6
4729 3770 4
4729 3156 7
4730 3316 9
4731 2740 8
4731 3072 7
4731 4611 7
4731 4220 3
4731 364 3
4732 907 1
4733 1456 3
4734 3390 7
4734 1939 2
4734 3982 4
4734 1639 2
4734 1755 3
4735 1847 9
4735 901 6
4735 1389 1
4736 192 4
4736 2461 8
4736 4970 9
4736 903 4
4736 1834 1
4737 2654 4
4737 3632 8
4737 2851 10
4737 585 1
4737 4040 8
4738 1279 3
4738 3988 8
4739 352 6
4739 127 5
4739 4822 1
4739 4507 2
4740 4800 9
4741 4130 7
4741 3406 9
4741 3767 1
4742 1409 8
4743 1959 6
4743 2131 5
4744 3398 1
4744 1825 2
4744 2289 10
4744 1530 3
4745 1147 10
4745 4230 5
4745 4227 4
4745 4435 5
4745 2938 7
4746 1576 4
4746 4610 4
4746 4678 4
4747 1996 2
4748 1110 9
4748 4098 7
4749 4484 5
4749 3251 5
4750 1342 7
4751 1464 8
4751 2688 2
4751 2934 3
4752 2115 3
4752 1491 9
4752 3621 7
4753 2407 1
4753 2278 3
4753 2163 3
4753 502 2
4754 910 1
4754 1591 9
4754 4613 2
4754 1689 1
4755 4668 2
4756 1658 1
4756 3467 8
4756 4541 8
4757 546 10
4757 4780 9
4757 4202 3
4757 2023 5
4757 4911 7
4758 1124 2
4758 3362 10
4758 1279 7
4759 4452 6
4760 2642 2
4761 4819 4
4761 4085 9
4761 2333 2
4761 4601 8
4761 4678 5
4762 704 8
4762 1944 10
4763 236 3
4764 2603 2
4765 1846 4
4765 4794 5
4765 1417 8
4765 1575 9
4765 3966 1
4766 2776 3
4766 4549 4
4766 4382 9
4766 4506 1
4767 3803 1
4767 929 2
4767 4845 6
4768 3169 6
4768 363 6
4769 2010 5
4769 2440 5
4769 2477 9
4769 911 1
4769 175 10
4770 605 8
4770 2526 9
4770 2077 9
4770 1882 1
4770 3469 4
4771 1773 9
4771 1029 1
4771 4849 1
4772 3295 3
4772 4145 1
4772 2139 9
4772 2044 10
4772 2876 4
4773 567 10
4773 3430 4
4774 23 9
4774 3850 4
4774 2629 7
4774 2591 2
4775 5 4
4775 3393 7
4775 4437 3
4775 3764 3
4775 1521 7
4776 1091 5
4776 3673 2
4776 2461 3
4776 2332 9
4776 216 2
4777 2495 9
4777 2949 2
4777 3103 7
4777 1913 1
4777 2753 2
4778 2893 6
4779 3080 2
4779 4950 5
4780 4427 1
4780 4697 1
4780 3354 4
4780 291 1
4781 2854 8
4782 3827 6
4782 1984 2
4782 3161 1
4782 3378 7
4782 3053 2
4783 1571 3
4783 2548 2
4784 2553 4
4784 641 9
4784 1254 6
4784 2780 5
4785 1186 1
4785 303 6
4786 2032 2
4786 2950 4
4786 2089 10
4787 4432 3
4787 1271 10
4787 2625 10
4788 3668 9
4788 2630 5
4788 2199 4
4789 4661 7
4789 4628 6
4789 4865 9
4789 1906 4
4789 4101 6
4790 3313 10
4790 1046 9
4791 1839 3
4791 4422 10
4791 2660 3
4792 815 10
4792 3165 10
4792 4906 10
4792 4950 9
4793 2653 3
4793 2706 1
4793 2343 5
4793 4928 2
4794 659 5
4794 4826 6
4794 1606 9
4794 3374 1
4794 4610 1
4795 4770 5
4795 699 4
4795 3007 4
4795 3805 8
4796 4032 10
4797 793 2
4798 3915 2
4798 3479 9
4799 4607 6
4799 3039 4
4799 3706 4
4799 3448 9
4800 4192 3
4800 2245 7
4800 2662 6
4800 771 6
4800 1411 1
4801 175 5
4801 4911 8
4802 1064 9
4802 4638 10
4802 1857 8
4802 1782 1
4803 2166 2
4803 2116 6
4804 3614 8
4804 3736 8
4804 4426 8
4805 538 9
4805 4648 4
4805 740 9
4805 1388 6
4806 3822 2
4806 4572 5
4807 2629 5
4808 2309 1
4808 3805 6
4809 792 3
4809 3689 10
4810 2567 1
4810 4223 5
4810 3826 1
4811 3493 8
4811 3717 10
4812 728 5
4813 2796 1
4813 2018 5
4813 1406 3
4813 2600 3
4814 2061 6
4815 1006 2
4816 2581 6
4816 2256 10
4816 1551 10
4816 1212 5
4816 4956 2
4817 1745 8
4817 3640 9
4817 4160 2
4817 2350 8
4817 2587 3
4818 1420 2
4818 1613 2
4818 2579 2
4819 4669 4
4819 4150 7
4819 1018 6
4819 810 10
4820 4912 9
4820 335 2
4821 1300 10
4822 1540 9
4822 4507 3
4822 30 6
4822 1593 1
4823 4405 2
4823 2998 8
4823 4054 4
4823 3771 1
4823 4161 5
4824 4645 2
4824 2655 5
4824 2567 9
4824 4643 9
4824 2207 8
4825 3152 8
4825 4610 9
4825 3932 7
4825 4863 1
4825 3328 10
4826 3767 10
4826 3393 6
4826 1635 6
4827 1314 1
4827 4270 2
4827 2664 2
4827 4652 3
4827 1461 1
4828 658 4
4829 2772 3
4829 2581 2
4829 4933 6
4829 1600 6
4829 4149 8
4830 4765 5
4831 3345 9
4831 3553 9
4831 1216 10
4831 4957 4
4832 3328 8
4832 3672 10
4832 2534 5
4833 228 1
4833 1594 7
4834 2197 10
4834 911 9
4834 309 9
4834 1404 10
4835 3789 8
4836 181 1
4837 2688 8
4837 2582 10
4837 342 1
4837 2754 5
4837 3691 7
4838 4837 2
4838 1869 4
4838 4947 7
4838 1911 6
4838 3149 3
4839 983 9
4839 428 10
4839 2764 2
4839 759 8
4840 3850 8
4840 1559 9
4840 1717 9
4840 3835 7
4841 3515 7
4841 2254 5
4841 4485 6
4841 2360 2
4841 2376 7
4842 3657 6
4843 3072 3
4843 2934 8
4844 3878 7
4844 80 6
4844 715 7
4845 2127 10
4845 3194 6
4845 2412 5
4845 4810 4
4845 1067 10
4846 2289 6
4846 3247 10
4846 4881 8
4846 582 8
4847 2227 8
4848 165 9
4848 4546 9
4849 1126 7
4850 1762 2
4850 1329 4
4850 1821 10
4850 1800 3
4851 4790 8
4851 4160 4
4851 3594 9
4851 4408 9
4852 1546 10
4852 2573 8
4852 3692 6
4853 4775 2
4853 1216 9
4853 1683 9
4854 447 3
4854 3141 7
4855 3772 2
4855 1717 8
4855 4025 6
4856 990 2
4856 801 10
4856 2831 7
4856 4947 7
4857 4599 9
4858 4172 1
4858 3296 1
4858 1571 4
4859 3854 4
4860 3409 3
4860 2587 3
4860 2748 7
4861 3918 9
4862 3351 9
4862 3631 9
4863 548 3
4863 2309 7
4863 578 2
4863 906 10
4863 1984 4
4864 3155 1
4865 2681 7
4865 1363 5
4865 1940 9
4865 3272 1
4866 2780 6
4866 2166 4
4867 2418 5
4867 2189 5
4867 1908 3
4867 566 4
4867 4223 6
4868 1549 6
4868 2688 1
4868 1616 4
4868 3433 2
4869 4669 2
4869 1661 2
4870 175 9
4870 1720 9
4871 1596 7
4871 3561 2
4872 336 5
4872 4963 8
4872 3351 6
4872 2164 9
4872 3644 2
4873 551 7
4873 2191 8
4874 4351 8
4874 12 5
4874 4668 7
4874 4054 5
4875 4847 5
4875 4227 2
4875 2831 8
4875 4291 9
4875 3672 9
4876 3272 2
4877 4518 4
4877 504 6
4877 1302 6
4877 3328 6
4877 4860 10
4878 4903 5
4879 2939 6
4879 2743 6
4880 2390 8
4881 1069 5
4881 3347 5
4881 2913 10
4882 4337 10
4882 2644 10
4882 906 8
4883 1755 3
4883 4857 8
4883 3803 1
4883 3121 5
4884 2590 7
4884 4432 6
4885 2658 10
4886 2163 4
4886 4195 8
4886 635 9
4886 2248 2
4887 3789 4
4887 4762 5
4887 278 4
4888 3690 10
4889 854 5
4889 61 6
4889 2229 3
4889 1564 4
4890 2890 1
4890 2625 9
4891 1754 5
4891 160 2
4891 2815 1
4892 4777 10
4893 1792 9
4893 3696 5
4893 2103 4
4893 1327 5
4894 2785 7
4894 2764 6
4894 3646 1
4894 4420 5
4894 1786 2
4895 3585 2
4896 3843 3
4896 3432 4
4897 2858 5
4897 2535 1
4898 813 7
4898 58 1
4899 1569 3
4899 209 6
4899 908 7
4900 3414 1
4900 2897 1
4901 2289 5
4901 4339 8
4901 2854 10
4901 2359 10
4902 3826 1
4902 511 5
4902 3949 10
4903 1392 10
4904 216 8
4904 1283 1
4905 976 3
4905 2990 4
4906 3265 2
4906 1242 7
4906 4297 9
4907 678 5
4907 394 2
4907 3147 1
4907 2441 6
4907 2693 8
4908 4531 1
4908 2020 1
4909 1344 8
4910 4846 9
4910 2047 4
4911 2514 2
4911 812 3
4911 4821 8
4912 4174 8
4912 4273 9
4912 907 7
4912 2707 9
4913 366 1
4914 2834 6
4914 2061 8
4914 4010 5
4915 4263 3
4915 2404 9
4915 539 10
4916 4484 5
4917 4610 6
4917 3937 9
4918 3197 2
4918 3639 10
4918 2202 10
4918 3992 4
4918 2256 10
4919 3409 8
4919 4452 7
4919 2455 8
4919 3019 5
4919 2774 3
4920 1851 9
4920 342 8
4920 3243 7
4920 597 10
4921 2289 2
4921 3030 4
4921 487 8
4921 58 3
4922 2722 6
4922 3462 10
4922 4659 4
4922 3918 4
4923 3088 10
4923 3672 4
4923 2166 5
4924 1821 4
4924 688 1
4924 4904 6
4924 991 4
4924 499 2
4925 1311 7
4925 1298 1
4926 4001 1
4927 1508 3
4927 183 5
4927 4356 4
4928 4874 4
4928 1876 3
4928 175 3
4928 4784 1
4928 4819 6
4929 312 7
4929 2958 8
4929 2553 1
4929 3059 3
4929 2634 8
4930 3833 4
4930 1347 6
4930 408 10
4931 203 2
4931 1575 7
4931 2948 6
4932 3057 9
4932 4374 7
4932 2395 3
4932 470 2
4932 2248 10
4933 3918 3
4933 840 8
4933 1466 2
4933 4780 3
4934 3042 3
4934 170 7
4935 581 10
4936 3045 8
4936 4148 10
4936 4640 1
4937 896 3
4937 388 8
4937 1586 1
4937 798 6
4937 2842 6
4938 3794 8
4938 2061 6
4939 86 9
4939 468 10
4939 4371 10
4939 4807 4
4939 637 5
4940 1231 6
4940 3323 7
4940 1965 6
4940 521 4
4941 4320 10
4941 3237 7
4941 4616 5
4941 3221 7
4942 3442 10
4942 1531 9
4942 3313 10
4943 3173 2
4943 4749 1
4944 3835 4
4944 1666 1
4944 1586 9
4945 2230 4
4945 937 4
4945 3246 4
4945 3776 1
4946 2442 10
4946 4821 1
4947 1176 10
4947 2619 5
4948 2980 4
4948 3156 4
4948 3197 3
4948 795 10
4948 617 10
4949 449 1
4949 1913 10
4949 3184 10
4950 4563 5
4951 342 6
4951 4907 4
4951 192 4
4951 2885 6
4952 3357 9
4952 2208 9
4952 1873 5
4952 993 1
4952 38 10
4953 4952 4
4954 181 6
4954 3686 6
4954 330 8
4954 2725 6
4955 484 8
4955 3985 4
4955 4784 7
4955 3518 9
4956 1495 6
4956 1981 7
4956 4161 6
4956 2513 3
4956 4684 9
4957 1401 8
4958 2049 2
4958 4918 5
4958 4312 7
4958 1069 5
4959 3579 7
4960 2643 4
4960 2104 9
4960 1359 4
4961 3960 1
4961 1122 3
4962 2268 8
4963 2050 8
4963 2047 4
4963 4413 10
4963 3563 5
4963 68 10
4964 3796 8
4964 2780 1
4964 544 8
4965 2595 7
4965 223 7
4966 1853 3
4966 2429 8
4966 2707 1
4966 1846 8
4966 1558 6
4967 2530 8
4967 3312 3
4967 812 6
4968 4133 7
4968 4951 7
4968 1797 4
4968 952 2
4968 2332 8
4969 2008 10
4969 203 1
4969 610 1
4969 1770 9
4969 1029 2
4970 1624 4
4970 4591 8
4970 3553 1
4971 2027 4
4971 2704 7
4971 4411 4
4972 4180 2
4972 2083 6
4972 551 1
4972 763 2
4973 2718 8
4973 3214 7
4973 2456 6
4973 3703 2
4973 135 6
4974 425 3
4974 1436 10
4975 1740 6
4975 4741 4
4975 2153 6
4975 4849 10
4976 2207 5
4976 2293 7
4976 299 9
4976 2129 1
4977 4921 3
4977 4806 2
4978 1844 7
4978 3702 3
4978 2456 9
4978 4224 7
4978 4739 3
4979 2027 6
4979 2204 7
4979 944 4
4979 2907 8
4980 3094 3
4980 2908 3
4980 1331 4
4980 4257 6
4981 1207 1
4981 854 2
4981 3183 3
4981 1356 8
4982 4971 7
4982 372 6
4982 2707 2
4983 906 6
4984 3236 1
4984 1813 3
4984 3898 10
4984 945 5
4984 3427 4
4985 221 4
4985 3239 4
4986 1423 5
4987 4055 9
4988 1107 9
4988 4175 6
4988 1762 3
4988 1067 9
4989 4697 2
4989 2450 8
4990 1392 1
4990 1854 1
4991 4814 7
4991 4210 4
4991 4366 5
4991 2904 4
4991 200 1
4992 3374 9
4992 4498 3
4992 2288 6
4992 3690 8
4993 4948 5
4993 4108 10
4993 2565 7
4993 3905 2
4993 1395 8
4994 4171 1
4994 3915 3
4994 1818 10
4994 3607 4
4994 2268 3
4995 4277 9
4996 3977 4
4996 2008 5
4996 362 7
4996 576 1
4997 2688 6
4997 2830 1
4997 2787 5
4998 4521 4
4998 442 7
4998 2083 2
4999 3561 1
4999 4740 3
5000 4933 2
5000 4970 4
5000 4594 2
