5000 0 0 1
3293 3014 11
3014 3274 5
3274 3904 13
3904 2533 7
2533 1351 10
1351 4140 20
4140 402 15
402 979 12
979 1969 3
1969 4133 2
4133 2054 19
2054 980 10
980 142 7
142 2072 14
2072 1099 1
1099 3519 4
3519 4953 2
4953 699 3
699 1002 5
1002 191 13
191 2258 12
2258 2608 7
2608 3638 19
3638 676 5
676 4343 11
4343 365 14
365 2927 17
2927 2818 15
2818 3182 20
3182 562 19
562 2342 17
2342 4203 16
4203 1345 18
1345 1104 14
1104 3699 16
3699 2555 13
2555 3154 17
3154 1808 11
1808 4139 19
4139 2065 6
2065 3714 6
3714 658 4
658 3992 20
3992 903 2
903 3031 12
3031 1041 13
1041 4309 14
4309 1774 5
1774 256 9
256 804 16
804 3618 7
3618 1523 16
1523 2182 19
2182 4318 19
4318 2921 18
2921 2007 2
2007 656 9
656 4288 15
4288 4040 14
4040 1073 18
1073 2648 12
2648 784 20
784 38 15
38 600 7
600 4006 13
4006 2203 14
2203 3591 12
3591 337 12
337 2668 15
2668 4643 10
4643 153 18
153 2504 10
2504 3008 18
3008 3279 4
3279 1318 19
1318 4658 7
4658 3270 11
3270 1554 4
1554 4651 10
4651 2518 5
2518 722 16
722 4346 8
4346 598 14
598 2495 5
2495 2435 10
2435 4777 15
4777 2246 3
2246 2801 12
2801 4663 8
4663 2083 10
2083 486 19
486 1377 7
1377 929 3
929 3269 11
3269 2011 9
2011 2961 18
2961 468 2
468 298 6
298 2377 1
2377 137 17
137 540 1
540 200 11
200 4622 19
4622 107 4
107 1732 6
1732 1484 5
1484 3307 7
3307 611 13
611 4494 13
4494 4640 11
4640 2326 9
2326 1999 1
1999 764 15
764 3966 7
3966 3776 10
3776 210 13
210 777 14
777 4927 10
4927 4692 9
4692 88 12
88 405 1
405 236 13
236 3830 19
3830 3580 10
3580 488 14
488 2902 3
2902 4804 1
4804 825 7
825 1378 3
1378 3130 19
3130 3937 11
3937 3179 6
3179 3485 11
3485 2663 20
2663 132 9
132 1817 2
1817 3851 13
3851 3993 2
3993 536 11
536 860 2
860 203 12
203 1082 2
1082 2497 10
2497 134 14
134 655 16
655 4502 18
4502 2822 19
2822 982 9
982 4216 5
4216 4068 12
4068 4931 19
4931 605 8
605 158 14
158 2233 15
2233 4753 6
4753 1713 15
1713 2984 2
2984 1811 13
1811 2674 5
2674 2712 11
2712 2457 3
2457 4310 4
4310 1526 13
1526 1324 2
1324 1289 14
1289 1179 20
1179 4401 13
4401 2328 14
2328 1607 6
1607 3576 1
3576 4785 3
4785 597 3
597 121 15
121 1267 12
1267 296 18
296 2478 2
2478 3018 2
3018 3503 15
3503 2111 7
2111 75 11
75 1807 19
1807 627 3
627 1922 9
1922 3710 4
3710 1183 12
1183 2429 1
2429 1661 6
1661 4888 1
4888 4120 5
4120 555 10
555 280 19
280 1884 8
1884 2071 17
2071 4994 6
4994 4464 8
4464 3958 19
3958 3906 19
3906 4241 13
4241 4442 20
4442 2755 8
2755 1556 7
1556 1272 12
1272 2649 1
2649 2219 14
2219 3768 19
3768 2053 13
2053 3201 19
3201 2833 20
2833 4711 9
4711 1634 10
1634 4536 9
4536 3441 19
3441 59 18
59 3482 5
3482 301 18
301 4084 4
4084 338 16
338 883 15
883 1243 7
1243 1252 13
1252 2456 15
2456 4696 3
4696 3309 5
3309 2427 2
2427 4145 4
4145 2005 20
2005 1037 5
1037 4747 13
4747 686 5
686 4887 17
4887 1529 2
1529 2313 2
2313 2017 14
2017 2190 1
2190 4240 7
4240 1152 6
1152 1849 13
1849 4211 6
4211 1955 1
1955 1987 18
1987 2627 13
2627 1818 18
1818 4438 12
4438 2835 9
2835 1899 6
1899 1349 14
1349 4771 16
4771 846 20
846 1210 4
1210 2276 14
2276 425 2
425 4412 14
4412 4853 19
4853 2277 13
2277 2717 18
2717 3582 12
3582 1042 4
1042 4864 7
4864 2656 7
2656 1263 19
1263 189 6
189 2551 5
2551 4615 16
4615 2888 14
2888 1963 4
1963 1914 11
1914 3813 17
3813 2116 4
2116 4191 8
4191 3333 10
3333 4520 17
4520 1693 14
1693 3442 14
3442 4968 5
4968 968 15
968 3003 11
3003 1411 15
1411 2669 16
2669 12 14
12 2553 4
2553 2188 16
2188 2644 5
2644 3364 2
3364 3348 11
3348 1749 14
1749 4024 13
4024 677 1
677 2025 4
2025 3677 10
3677 3602 20
3602 3472 13
3472 3723 10
3723 4365 16
4365 4000 13
4000 3360 8
3360 3163 14
3163 3069 6
3069 1674 14
1674 1687 18
1687 1268 5
1268 241 1
241 3108 12
3108 3216 12
3216 4132 18
4132 4850 2
4850 4571 16
4571 1317 7
1317 2881 17
2881 1720 8
1720 565 13
565 2149 3
2149 1490 17
1490 4809 6
4809 3159 6
3159 342 12
342 3500 6
3500 462 14
462 383 3
383 1143 12
1143 3807 2
3807 2100 16
2100 578 13
578 3030 17
3030 3265 1
3265 1869 5
1869 4947 14
4947 361 4
361 3556 4
3556 2928 7
2928 1195 10
1195 2345 8
2345 1648 17
1648 4764 1
4764 1565 10
1565 2112 18
2112 3788 6
3788 1139 5
1139 3925 7
3925 4032 4
4032 1910 2
1910 4009 18
4009 1427 3
1427 3220 2
3220 4222 18
4222 2510 1
2510 1571 19
1571 1122 20
1122 3215 11
3215 1706 12
1706 192 4
192 1593 20
1593 996 7
996 4182 5
4182 3488 19
3488 4017 14
4017 73 15
73 1260 3
1260 3256 15
3256 1696 16
1696 1952 19
1952 1882 17
1882 1464 6
1464 3760 7
3760 1700 5
1700 4489 12
4489 3143 11
3143 1759 13
1759 896 6
896 1617 17
1617 2830 2
2830 316 1
316 2273 20
2273 941 6
941 3819 8
3819 900 4
900 1734 15
1734 4108 3
4108 1782 3
1782 3792 13
3792 3304 5
3304 3386 13
3386 3004 14
3004 3942 1
3942 1788 17
1788 4805 8
4805 3313 20
3313 410 9
410 1592 19
1592 3605 1
3605 2884 17
2884 2185 2
2185 852 12
852 2366 10
2366 1245 11
1245 4761 3
4761 3232 11
3232 1000 16
1000 1816 3
1816 2274 4
2274 2113 3
2113 4366 3
4366 1802 1
1802 1632 15
1632 3261 20
3261 2913 15
2913 3850 20
3850 4659 4
4659 246 7
246 1564 2
1564 1074 1
1074 3684 3
3684 988 20
988 1772 9
1772 1453 7
1453 2756 4
2756 4974 20
4974 2967 1
2967 859 1
859 3610 2
3610 360 2
360 3009 7
3009 455 19
455 367 19
367 4105 4
4105 2446 16
2446 4632 5
4632 1147 17
1147 1419 4
1419 4739 16
4739 2451 16
2451 3439 3
3439 3745 4
3745 4526 5
4526 2452 1
2452 4645 4
4645 1085 12
1085 83 10
83 4820 2
4820 4737 8
4737 3645 6
3645 574 14
574 126 2
126 639 10
639 3758 2
3758 1809 2
1809 324 5
324 700 10
700 1992 20
1992 1595 20
1595 3149 9
3149 2014 2
2014 4917 16
4917 743 13
743 1258 9
1258 4070 1
4070 67 10
67 1119 6
1119 1087 16
1087 1819 12
1819 3893 17
3893 2224 13
2224 201 6
201 1600 3
1600 3388 17
3388 1886 14
1886 1011 19
1011 3394 20
3394 3228 5
3228 4324 8
4324 3567 16
3567 989 19
989 4109 3
4109 499 11
499 1388 16
1388 4305 11
4305 381 16
381 228 10
228 4060 19
4060 3896 19
3896 2150 16
2150 568 6
568 1672 10
1672 4592 2
4592 2461 12
2461 1917 6
1917 1810 13
1810 1307 18
1307 302 11
302 2213 6
2213 935 5
935 1078 6
1078 2411 18
2411 198 17
198 2838 4
2838 3857 1
3857 41 17
41 1382 20
1382 2370 15
2370 4905 3
4905 2385 7
2385 3268 13
3268 3296 4
3296 967 15
967 2434 13
2434 1789 17
1789 2317 13
2317 1673 4
1673 790 12
790 4834 6
4834 27 9
27 1221 16
1221 706 7
706 2856 14
2856 3443 12
3443 783 6
783 3420 19
3420 4623 20
4623 2671 9
2671 1354 3
1354 2793 15
2793 211 20
211 4172 3
4172 926 7
926 3658 5
3658 512 18
512 2334 20
2334 2217 11
2217 2352 18
2352 3831 12
3831 29 9
29 4519 8
4519 1657 8
1657 3346 5
3346 4106 6
4106 2135 14
2135 2142 16
2142 17 19
17 4371 10
4371 4569 15
4569 3546 11
3546 3707 2
3707 1872 6
1872 3196 3
3196 404 18
404 4069 5
4069 3122 18
3122 4826 8
4826 2241 19
2241 2094 16
2094 3336 20
3336 4158 5
4158 1711 9
1711 644 11
644 3888 15
3888 2108 5
2108 4717 9
4717 767 12
767 3944 11
3944 3844 10
3844 4266 11
4266 4796 18
4796 3505 11
3505 838 10
838 1806 6
1806 4407 12
4407 4688 13
4688 4483 2
4483 3657 13
3657 1169 13
1169 863 15
863 2513 11
2513 1333 3
1333 3029 10
3029 3086 16
3086 10 20
10 741 8
741 1472 12
1472 4822 5
4822 3954 7
3954 2181 15
2181 4283 9
4283 3817 14
3817 62 15
62 3822 20
3822 288 15
288 2626 5
2626 2300 20
2300 1217 3
1217 947 8
947 3975 14
3975 4267 12
4267 3455 16
3455 4259 4
4259 4803 5
4803 1880 7
1880 3866 13
3866 2982 14
2982 801 20
801 150 4
150 869 16
869 3959 1
3959 3493 15
3493 2701 13
2701 2437 12
2437 2772 14
2772 258 17
258 3344 20
3344 3305 1
3305 3233 5
3233 3509 5
3509 2514 9
2514 4952 10
4952 297 5
297 1581 1
1581 1014 8
1014 4492 10
4492 2033 3
2033 4001 15
4001 739 5
739 4218 18
4218 1998 2
1998 3976 7
3976 4339 9
4339 2302 11
2302 4636 9
4636 909 16
909 348 1
348 1738 2
1738 4334 13
4334 4774 16
4774 543 14
543 4966 2
4966 30 16
30 3191 8
3191 4861 3
4861 4478 20
4478 4814 16
4814 380 7
380 1497 14
1497 3264 2
3264 4236 4
4236 4390 16
4390 4066 4
4066 1588 18
1588 4729 8
4729 765 9
765 4027 7
4027 475 5
475 866 18
866 4910 6
4910 3058 14
3058 330 6
330 2063 5
2063 1255 3
1255 1640 11
1640 3628 5
3628 586 20
586 727 15
727 3062 2
3062 1903 9
1903 4906 12
4906 2138 20
2138 2776 3
2776 2096 4
2096 3956 5
3956 1686 14
1686 377 5
377 4456 1
4456 452 8
452 186 17
186 4469 11
4469 2197 19
2197 4052 17
4052 378 1
378 4465 8
4465 4726 7
4726 1106 5
1106 1284 15
1284 2521 11
2521 3946 9
3946 3795 15
3795 857 11
857 610 1
610 937 20
937 4587 4
4587 1792 20
1792 1822 17
1822 11 11
11 4263 4
4263 4119 18
4119 879 3
879 2781 15
2781 2819 4
2819 3969 8
3969 1978 3
1978 751 13
751 3153 12
3153 2512 11
2512 3295 9
3295 1029 6
1029 33 18
33 3636 4
3636 4034 12
4034 1933 16
1933 3227 20
3227 4247 17
4247 2058 12
2058 4197 5
4197 3019 4
3019 2220 8
2220 1137 14
1137 364 10
364 3463 1
3463 3109 11
3109 530 16
530 1154 19
1154 2248 9
2248 871 13
871 4639 11
4639 810 18
810 2543 19
2543 519 16
519 3079 2
3079 2732 20
2732 1485 13
1485 2707 19
2707 1520 6
1520 2981 7
2981 3250 15
3250 4409 1
4409 3414 18
3414 160 9
160 3077 18
3077 1907 18
1907 3096 16
3096 482 15
482 4315 5
4315 2739 3
2739 1126 19
1126 4597 5
4597 759 11
759 1577 2
1577 3854 13
3854 1845 4
1845 4445 2
4445 1149 20
1149 1201 9
1201 4370 4
4370 1636 3
1636 2988 17
2988 5000 2
5000 265 4
265 1499 5
1499 3793 3
3793 2002 4
2002 4213 19
4213 1678 7
1678 2056 10
2056 4482 20
4482 1456 14
1456 2076 10
2076 2319 12
2319 268 11
268 2948 18
2948 687 19
687 3551 17
3551 3545 18
3545 4884 14
4884 4708 2
4708 259 2
259 1069 1
1069 4634 16
4634 2662 19
2662 3912 5
3912 2271 11
2271 1454 5
1454 3589 5
3589 960 12
960 2980 19
2980 501 12
501 3547 15
3547 4276 20
4276 3917 12
3917 2974 9
2974 802 19
802 595 14
595 3324 9
3324 2998 7
2998 1113 9
1113 2089 12
2089 3339 18
3339 248 11
248 4795 12
4795 4316 5
4316 2532 19
2532 1006 9
1006 164 15
164 52 11
52 4664 20
4664 4206 4
4206 1615 4
1615 4246 13
4246 1383 11
1383 2601 18
2601 4010 20
4010 4336 16
4336 2857 17
2857 4136 17
4136 2612 16
2612 2757 7
2757 2055 13
2055 4395 19
4395 662 15
662 2771 20
2771 1208 11
1208 876 4
876 3936 15
3936 1887 6
1887 2661 1
2661 2173 7
2173 2469 5
2469 621 9
621 2962 8
2962 3784 17
3784 2433 18
2433 4956 3
4956 1936 12
1936 4928 4
4928 1623 3
1623 704 8
704 723 12
723 4740 2
4740 1 7
1 4147 12
4147 2997 1
2997 1193 14
1193 308 8
308 2899 5
2899 2106 19
2106 4123 18
4123 4444 20
4444 3245 9
3245 2339 10
2339 4545 6
4545 1395 5
1395 3650 19
3650 4705 19
4705 2136 17
2136 1514 4
1514 772 6
772 1412 9
1412 2790 1
2790 2736 12
2736 4829 9
4829 1631 5
1631 3581 13
3581 2867 17
2867 3479 12
3479 3692 15
3692 3112 1
3112 251 9
251 1567 3
1567 2436 2
2436 3180 5
3180 2991 12
2991 1794 9
1794 1334 2
1334 4323 6
4323 4347 11
4347 3251 19
3251 1820 18
1820 4059 7
4059 480 3
480 2293 2
2293 853 10
853 3916 12
3916 1803 5
1803 2692 20
2692 3487 1
3487 1040 20
1040 1791 13
1791 1337 5
1337 3136 12
3136 1170 15
1170 3332 10
3332 66 11
66 76 17
76 1762 14
1762 3522 15
3522 1302 13
1302 527 15
527 1249 10
1249 3571 19
3571 3801 20
3801 4042 4
4042 4134 4
4134 584 7
584 503 15
503 2766 6
2766 1787 19
1787 957 3
957 2483 18
2483 2782 18
2782 2872 7
2872 1539 1
1539 2401 8
2401 413 13
413 2638 4
2638 124 16
124 3693 1
3693 2658 10
2658 2768 12
2768 3876 11
3876 1671 5
1671 2129 11
2129 582 4
582 4107 1
4107 4681 4
4681 4590 3
4590 1159 20
1159 682 16
682 4421 8
4421 3100 18
3100 1953 8
1953 4437 15
4437 3401 10
3401 3970 13
3970 2664 13
2664 1102 9
1102 4328 4
4328 3518 10
3518 3764 17
3764 3848 15
3848 2125 11
2125 1697 9
1697 3856 4
3856 1437 9
1437 4606 9
4606 2547 15
2547 1090 13
1090 4271 19
4271 40 19
40 3358 16
3358 1256 2
1256 3166 8
3166 1204 16
1204 3234 5
3234 4261 19
4261 213 4
213 1236 1
1236 3123 11
3123 1764 6
1764 2162 6
2162 2603 1
2603 3434 7
3434 1842 9
1842 4833 12
4833 837 4
837 3048 19
3048 3674 3
3674 2574 13
2574 207 3
207 363 13
363 3210 4
3210 4572 14
4572 3499 3
3499 2682 19
2682 4234 12
4234 1727 18
1727 3435 5
3435 270 6
270 2404 2
2404 3145 17
3145 4415 10
4415 930 14
930 2079 18
2079 4018 4
4018 3996 3
3996 3452 2
3452 2934 6
2934 1109 16
1109 3859 13
3859 1754 5
1754 299 11
299 678 9
678 1681 4
1681 3038 15
3038 1445 8
1445 3235 19
3235 2763 5
2763 3593 2
3593 4509 16
4509 2593 2
2593 2737 14
2737 1702 15
1702 730 15
730 3555 13
3555 3806 19
3806 2448 13
2448 1493 5
1493 3810 11
3810 4617 14
4617 1742 8
1742 1342 8
1342 2499 1
2499 3738 10
3738 800 15
800 3637 17
3637 4188 16
4188 901 16
901 719 7
719 2172 13
2172 4054 13
4054 3408 2
3408 4744 8
4744 4762 4
4762 936 6
936 2102 18
2102 2020 6
2020 2813 9
2813 2853 20
2853 793 7
793 354 12
354 3804 15
3804 3974 19
3974 3642 13
3642 13 3
13 2170 15
2170 4565 16
4565 3289 8
3289 1989 7
1989 1389 10
1389 2426 18
2426 3005 17
3005 865 16
865 4848 19
4848 3616 15
3616 4273 20
4273 427 1
427 3258 16
3258 624 3
624 2808 14
2808 1298 3
1298 3024 4
3024 2077 20
2077 1575 3
1575 4899 4
4899 4687 20
4687 102 18
102 523 13
523 3753 2
3753 474 7
474 2847 20
2847 214 8
214 183 2
183 3952 4
3952 263 9
263 3840 14
3840 4854 12
4854 1227 13
1227 3889 1
3889 3631 7
3631 1311 11
1311 2699 6
2699 2990 14
2990 2028 4
2028 3960 16
3960 4011 15
4011 2700 11
2700 3377 2
3377 2645 6
2645 3144 2
3144 4245 11
4245 1951 2
1951 588 18
588 1180 11
1180 3791 1
3791 94 5
94 2265 16
2265 3957 20
3957 2817 4
2817 2964 16
2964 617 3
617 1994 16
1994 3963 19
3963 1077 18
1077 696 6
696 1527 19
1527 14 12
14 814 6
814 3253 17
3253 769 8
769 1561 17
1561 2535 8
2535 4388 3
4388 4541 17
4541 713 14
713 4898 11
4898 4175 7
4175 4016 3
4016 3450 6
3450 2914 13
2914 2698 8
2698 2855 10
2855 255 17
255 4270 1
4270 4144 20
4144 710 2
710 4389 8
4389 559 6
559 1958 17
1958 2773 5
2773 4799 15
4799 2062 9
2062 362 15
362 2564 17
2564 130 3
130 1712 6
1712 1961 19
1961 1398 9
1398 4495 9
4495 1729 15
1729 1508 12
1508 5 9
5 1630 13
1630 2024 15
2024 1424 16
1424 3706 19
3706 2120 2
2120 3177 11
3177 443 8
443 3905 12
3905 3396 7
3396 2060 12
2060 841 10
841 3083 17
3083 4713 1
4713 4374 14
4374 4493 10
4493 1319 16
1319 57 11
57 622 2
622 4856 1
4856 3314 3
3314 1402 18
1402 1694 2
1694 479 11
479 537 11
537 3132 13
3132 234 13
234 2447 7
2447 1580 7
1580 4051 8
4051 3773 10
3773 2901 8
2901 2994 9
2994 645 6
645 755 13
755 129 16
129 2978 6
2978 1875 19
1875 3284 19
3284 4998 4
4998 3271 5
3271 3354 20
3354 4624 1
4624 3285 7
3285 1966 9
1966 264 6
264 181 18
181 439 14
439 4580 8
4580 3471 20
3471 397 18
397 3167 18
3167 2530 8
2530 2729 1
2729 4904 11
4904 1611 13
1611 1934 19
1934 847 3
847 2728 20
2728 4165 11
4165 613 7
613 2021 2
2021 1120 13
1120 897 3
897 4929 12
4929 1261 15
1261 1840 2
1840 1650 18
1650 2006 2
2006 148 20
148 4358 7
4358 4827 18
4827 2740 10
2740 65 18
65 2747 7
2747 3961 3
3961 1012 11
1012 672 20
672 3728 18
3728 4021 12
4021 2938 13
2938 2199 20
2199 4530 11
4530 1044 7
1044 335 13
335 4354 15
4354 3341 15
3341 205 4
205 277 6
277 593 9
593 1730 15
1730 2945 16
2945 2748 10
2748 279 10
279 4071 2
4071 450 19
450 4955 7
4955 4837 10
4837 4295 7
4295 3750 7
3750 1549 18
1549 1746 7
1746 1664 14
1664 2507 6
2507 3113 15
3113 4900 17
4900 3981 18
3981 1004 9
1004 1709 1
1709 3770 19
3770 4720 13
4720 3561 7
3561 2088 3
2088 2321 18
2321 4690 19
4690 483 9
483 2052 9
2052 321 5
321 2866 19
2866 4079 3
4079 3599 17
3599 4046 2
4046 4012 13
4012 2783 17
2783 3066 9
3066 3718 15
3718 4307 10
4307 446 10
446 1166 17
1166 1441 19
1441 2355 2
2355 3846 7
3846 3098 20
3098 1543 14
1543 2462 13
2462 4722 17
4722 4756 19
4756 4308 19
4308 4061 18
4061 3762 9
3762 3671 5
3671 3064 5
3064 459 5
459 1553 7
1553 648 17
648 625 15
625 3929 20
3929 4081 20
4081 2749 1
2749 4050 6
4050 2398 18
2398 2582 16
2582 1205 9
1205 46 18
46 3353 19
3353 2746 17
2746 906 8
906 140 1
140 720 18
720 339 14
339 833 10
833 3794 14
3794 1051 16
1051 4202 19
4202 813 19
813 3820 10
3820 4093 9
4093 3375 10
3375 3259 13
3259 4539 15
4539 3984 7
3984 465 3
465 317 19
317 68 16
68 3036 16
3036 579 19
579 1956 1
1956 4962 8
4962 549 19
549 614 11
614 323 16
323 4912 16
4912 4965 5
4965 3398 2
3398 2911 19
2911 3023 11
3023 4141 15
4141 679 9
679 728 15
728 1017 16
1017 2415 6
2415 3312 16
3312 2254 5
2254 2202 11
2202 3903 6
3903 1025 13
1025 4920 14
4920 2015 20
2015 3458 16
3458 666 14
666 1131 8
1131 2578 13
2578 1471 1
1471 1062 16
1062 448 19
448 3933 19
3933 3761 19
3761 3411 6
3411 615 10
615 647 6
647 2486 1
2486 2630 12
2630 4344 17
4344 1080 3
1080 3002 10
3002 949 20
949 1384 12
1384 3430 5
3430 3303 19
3303 1366 14
1366 3611 11
3611 785 11
785 3845 9
3845 4457 15
4457 3808 3
3808 4830 11
4830 4284 14
4284 3871 8
3871 607 2
607 4340 16
4340 1353 20
1353 3189 10
3189 2399 20
2399 4794 19
4794 1973 12
1973 4030 19
4030 1123 20
1123 1964 8
1964 496 10
496 82 14
82 3084 15
3084 1904 9
1904 3273 19
3273 2032 17
2032 1891 13
1891 831 14
831 4099 6
4099 472 11
472 3838 3
3838 3198 5
3198 4732 18
4732 757 11
757 3541 8
3541 3785 10
3785 4677 4
4677 1329 8
1329 4067 11
4067 387 11
387 3230 13
3230 3919 1
3919 2625 4
2625 2820 6
2820 3536 16
3536 461 7
461 1274 4
1274 4279 9
4279 924 15
924 2874 7
2874 966 11
966 3065 7
3065 60 16
60 4403 19
4403 2154 1
2154 1061 15
1061 4280 5
4280 715 2
715 1925 14
1925 1174 11
1174 513 20
513 1509 18
1509 1653 15
1653 4971 17
4971 3107 5
3107 3586 8
3586 891 19
891 2524 12
2524 3629 11
3629 334 12
334 3318 9
3318 3321 17
3321 2449 1
2449 3892 17
3892 4655 14
4655 506 2
506 1450 4
1450 4857 16
4857 254 15
254 4997 16
4997 508 14
508 2362 9
2362 2825 14
2825 1507 5
1507 161 13
161 1475 12
1475 1861 8
1861 2464 6
2464 773 10
773 3034 8
3034 3331 9
3331 1826 17
1826 1837 15
1837 923 17
923 1988 8
1988 2044 16
2044 398 11
398 3320 9
3320 144 3
144 294 6
294 356 19
356 630 19
630 2324 17
2324 39 12
39 830 15
830 1206 9
1206 2463 12
2463 3698 19
3698 1081 3
1081 1587 5
1587 131 16
131 2373 15
2373 1517 2
1517 4620 13
4620 1299 12
1299 2003 6
2003 1165 13
1165 388 3
388 558 17
558 1830 8
1830 4860 8
4860 1534 14
1534 3319 11
3319 4933 5
4933 948 11
948 4710 2
4710 389 14
389 594 1
594 738 18
738 3374 17
3374 1733 12
1733 1142 11
1142 4413 3
4413 2897 19
2897 2329 14
2329 2824 5
2824 3164 9
3164 993 16
993 1225 10
1225 822 15
822 4470 8
4470 4142 10
4142 1763 20
1763 3011 11
3011 4285 13
4285 2971 18
2971 2932 5
2932 4564 6
4564 1858 15
1858 341 6
341 1405 1
1405 2226 9
2226 1242 16
1242 4231 2
4231 2493 12
2493 2958 2
2958 4992 18
4992 172 8
172 2946 11
2946 2953 16
2953 3971 15
3971 390 19
390 1466 7
1466 525 16
525 4886 10
4886 4970 18
4970 4549 1
4549 3092 11
3092 1941 7
1941 4405 13
4405 827 8
827 766 3
766 4419 4
4419 4490 7
4490 3465 19
3465 688 20
688 4510 20
4510 954 3
954 1428 11
1428 4684 18
4684 3367 11
3367 1862 12
1862 2681 20
2681 3226 9
3226 1852 20
1852 3775 15
3775 1692 17
1692 4670 3
4670 309 15
309 4852 12
4852 1314 15
1314 1911 11
1911 1064 4
1064 3702 16
3702 92 18
92 4232 18
4232 34 16
34 851 18
851 3679 14
3679 842 9
842 3967 19
3967 521 19
521 2840 13
2840 2200 19
2200 2338 12
2338 2568 12
2568 3078 3
3078 292 20
292 113 19
113 3249 9
3249 2595 5
2595 2389 4
2389 4511 5
4511 904 7
904 244 10
244 4724 19
4724 1282 7
1282 3508 8
3508 2386 5
2386 916 13
916 322 20
322 3372 10
3372 535 4
535 2358 6
2358 4278 19
4278 1721 5
1721 3012 9
3012 1338 18
1338 3890 12
3890 2765 9
2765 4765 16
4765 2889 1
2889 2937 1
2937 1510 7
1510 156 3
156 4554 3
4554 1968 16
1968 4115 16
4115 1118 6
1118 2549 8
2549 1518 5
1518 998 2
998 1530 5
1530 1492 17
1492 3175 19
3175 1028 1
1028 4840 5
4840 26 10
26 3087 6
3087 1483 3
1483 4811 9
4811 2641 19
2641 3748 3
3748 3932 20
3932 3040 10
3040 423 4
423 3829 14
3829 4755 9
4755 1939 13
1939 4934 3
4934 3869 7
3869 1107 19
1107 1140 5
1140 4137 6
4137 3121 13
3121 4363 15
4363 3554 5
3554 3013 17
3013 1608 4
1608 3663 19
3663 2019 5
2019 748 15
748 4642 11
4642 2164 12
2164 4214 8
4214 972 8
972 4484 12
4484 3252 17
3252 620 5
620 3742 7
3742 1488 17
1488 4653 11
4653 1535 1
1535 1768 6
1768 994 4
994 1371 7
1371 326 2
326 596 4
596 3176 6
3176 3537 1
3537 3199 15
3199 1160 1
1160 4616 15
4616 1176 14
1176 3359 7
3359 4269 1
4269 761 18
761 4703 13
4703 1552 17
1552 4379 13
4379 3368 10
3368 4311 19
4311 3183 12
3183 1551 17
1551 1991 7
1991 4750 18
4750 1879 3
1879 4793 8
4793 3705 12
3705 464 20
464 3752 16
3752 4320 14
4320 1701 11
1701 2262 2
2262 3494 18
3494 2611 18
2611 2544 10
2544 3015 3
3015 238 9
238 556 16
556 3327 5
3327 4525 1
4525 55 10
55 3119 2
3119 4171 15
4171 920 19
920 1573 14
1573 179 12
179 1976 4
1976 2467 7
2467 216 11
216 2155 11
2155 2575 4
2575 3744 6
3744 3947 9
3947 1203 2
1203 2375 4
2375 874 10
874 139 11
139 1676 20
1676 2414 3
2414 1675 1
1675 2685 11
2685 4570 8
4570 2090 11
2090 4723 19
4723 357 8
357 1363 10
1363 2477 16
2477 4654 16
4654 1310 18
1310 108 17
108 2304 11
2304 2670 17
2670 3468 20
3468 293 3
293 4112 16
4112 3480 2
3480 3535 17
3535 2212 11
2212 3824 19
3824 563 16
563 576 17
576 616 1
616 1765 19
1765 4462 2
4462 4488 20
4488 1625 12
1625 697 2
697 1945 12
1945 4730 7
4730 2225 10
2225 457 12
457 3836 12
3836 1052 7
1052 3157 2
3157 343 3
343 4199 18
4199 1161 8
1161 505 14
505 4944 15
4944 2260 15
2260 1773 19
1773 3864 2
3864 2042 6
2042 4982 2
4982 3735 11
3735 4424 6
4424 1362 16
1362 340 18
340 2196 2
2196 2557 4
2557 653 2
653 4022 20
4022 4862 17
4862 3417 7
3417 2008 15
2008 1960 6
1960 806 15
806 1658 19
1658 4513 3
4513 4772 12
4772 1831 20
1831 3772 5
3772 925 12
925 4131 12
4131 4149 5
4149 430 10
430 2754 2
2754 3419 4
3419 3126 20
3126 3267 18
3267 2263 4
2263 4020 19
4020 2192 15
2192 3475 6
3475 2269 2
2269 1153 2
1153 1748 8
1748 4209 11
4209 4990 18
4990 1515 5
1515 1175 2
1175 4770 9
4770 1967 10
1967 4721 11
4721 1281 2
1281 2734 20
2734 2421 19
2421 714 12
714 2361 17
2361 4577 15
4577 1270 6
1270 726 7
726 1288 6
1288 1541 19
1541 3117 11
3117 4792 16
4792 2673 2
2673 1856 12
1856 72 2
72 1136 16
1136 347 4
347 877 11
877 4661 12
4661 3168 18
3168 3609 15
3609 690 1
690 4095 1
4095 681 5
681 684 13
684 4361 3
4361 4936 3
4936 1984 19
1984 4330 16
4330 2665 4
2665 1406 18
1406 1248 1
1248 1985 19
1985 1728 10
1728 2864 18
2864 3382 17
3382 4422 6
4422 2453 5
2453 97 16
97 3392 20
3392 1745 3
1745 489 13
489 4485 18
4485 4376 4
4376 1927 16
1927 173 2
173 2492 4
2492 2605 2
2605 609 20
609 1148 18
1148 2383 17
2383 463 9
463 2960 10
2960 1890 3
1890 4183 7
4183 629 14
629 1814 10
1814 2954 3
2954 542 4
542 4718 13
4718 1191 10
1191 2470 15
2470 2554 4
2554 516 7
516 3165 15
3165 3186 8
3186 3780 20
3780 1691 16
1691 707 10
707 1373 18
1373 3311 16
3311 3560 16
3560 4959 9
4959 1834 9
1834 1469 19
1469 1905 19
1905 310 6
310 1158 16
1158 3490 17
3490 2965 7
2965 442 8
442 3138 12
3138 4714 11
4714 2706 19
2706 493 17
493 2035 1
2035 4304 7
4304 1447 7
1447 2443 11
2443 2157 2
2157 3980 19
3980 1584 6
1584 4522 16
4522 1868 18
1868 2073 13
2073 1705 13
1705 4230 17
4230 1902 8
1902 3218 11
3218 2291 6
2291 2796 17
2796 2091 15
2091 1380 4
1380 2297 2
2297 1888 12
1888 2281 11
2281 1498 1
1498 3694 6
3694 4298 7
4298 4735 13
4735 2548 7
2548 2898 15
2898 2395 14
2395 2879 10
2879 1609 8
1609 4196 4
4196 2983 9
2983 2193 2
2193 2335 13
2335 695 10
695 3913 9
3913 1435 12
1435 4408 6
4408 886 17
886 4177 17
4177 3387 14
3387 911 3
911 3020 20
3020 1893 14
1893 3204 2
3204 3184 17
3184 2444 8
2444 2769 8
2769 3022 12
3022 2282 10
2282 651 13
651 1327 17
1327 4385 12
4385 718 13
718 4097 16
4097 4322 6
4322 3562 9
3562 187 14
187 1358 1
1358 370 6
370 539 11
539 3604 14
3604 4523 2
4523 447 6
447 1990 17
1990 262 12
262 3726 12
3726 4751 20
4751 3476 10
3476 3404 8
3404 2438 10
2438 4244 20
4244 3842 19
3842 552 13
552 1725 12
1725 4716 1
4716 1574 11
1574 3627 9
3627 4429 3
4429 1321 10
1321 1669 8
1669 2243 10
2243 2294 13
2294 2194 7
2194 3668 13
3668 1877 3
1877 3141 12
3141 3532 19
3532 4763 1
4763 4527 6
4527 910 8
910 4205 20
4205 3812 13
3812 1798 2
1798 884 11
884 2167 16
2167 1524 15
1524 350 9
350 3833 3
3833 261 18
261 3759 10
3759 1015 14
1015 3821 19
3821 1295 4
1295 4103 16
4103 2502 8
2502 990 16
990 1138 7
1138 2311 18
2311 654 1
654 3070 9
3070 224 7
224 893 2
893 2675 4
2675 1276 15
1276 3356 13
3356 2363 15
2363 932 7
932 3601 13
3601 4265 11
4265 3238 20
3238 2160 5
2160 1784 9
1784 4575 12
4575 3254 2
3254 812 12
812 3357 20
3357 2787 12
2787 3413 5
3413 329 17
329 4475 5
4475 4161 10
4161 4948 17
4948 577 20
577 2935 20
2935 4014 12
4014 4037 4
4037 1394 17
1394 3719 4
3719 3170 18
3170 312 16
312 3383 1
3383 477 9
477 3017 2
3017 4433 9
4433 4618 4
4618 2400 19
2400 531 6
531 2117 5
2117 995 9
995 106 10
106 4428 17
4428 4180 18
4180 3849 5
3849 2061 2
2061 2455 11
2455 1218 5
1218 2559 18
2559 1251 4
1251 4893 16
4893 2912 14
2912 3277 12
3277 1495 5
1495 1775 8
1775 3986 3
3986 2586 3
2586 2989 1
2989 4237 3
4237 898 9
898 1058 11
1058 964 15
964 3007 4
3007 1157 14
1157 4286 9
4286 1566 6
1566 315 11
315 2359 3
2359 1449 19
1449 3481 3
3481 1767 9
1767 284 20
284 1452 6
1452 4583 5
4583 3799 1
3799 1355 9
1355 219 9
219 1207 1
1207 4481 15
4481 3362 19
3362 4986 10
4986 4521 6
4521 1035 18
1035 2147 12
2147 4821 3
4821 2353 3
2353 4807 3
4807 895 16
895 2286 16
2286 1341 17
1341 3111 1
3111 3818 8
3818 4946 10
4946 4321 7
4321 1451 5
1451 4949 11
4949 2536 19
2536 2255 16
2255 2714 10
2714 3575 17
3575 2640 10
2640 1948 1
1948 4877 14
4877 112 1
112 781 16
781 3421 15
3421 28 19
28 2161 18
2161 650 15
650 1758 6
1758 466 5
466 1761 16
1761 71 11
71 494 14
494 3116 4
3116 2505 16
2505 2975 11
2975 3995 5
3995 3563 5
3563 2723 19
2723 206 14
206 776 3
776 3365 2
3365 4004 1
4004 2249 5
2249 3879 13
3879 295 8
295 3755 18
3755 2216 15
2216 1521 7
1521 4418 16
4418 770 13
770 2356 20
2356 4802 2
4802 3371 17
3371 155 7
155 2815 15
2815 3213 8
3213 4700 8
4700 1421 13
1421 4302 1
4302 4672 7
4672 2043 5
2043 2697 4
2697 2774 6
2774 809 3
809 4045 8
4045 3028 8
3028 4235 15
4235 768 19
768 878 6
878 1198 3
1198 3782 4
3782 1479 5
1479 4924 2
4924 2378 14
2378 1374 18
1374 289 19
289 1873 3
1873 3438 14
3438 2869 18
2869 2925 7
2925 3195 18
3195 2709 4
2709 2364 2
2364 945 6
945 2846 7
2846 939 12
939 1125 14
1125 548 18
548 1202 15
1202 1477 9
1477 2406 3
2406 1965 16
1965 2004 8
2004 4480 18
4480 4975 1
4975 1188 4
1188 4111 11
4111 2607 6
2607 2635 4
2635 4423 12
4423 2252 4
2252 267 14
267 230 6
230 3626 13
3626 4013 13
4013 3489 18
3489 2694 8
2694 2592 3
2592 2814 8
2814 4430 1
4430 561 11
561 2468 12
2468 1912 7
1912 2590 4
2590 2828 5
2828 1503 3
1503 4588 5
4588 816 8
816 283 8
283 4441 8
4441 2826 17
2826 1591 19
1591 2550 5
2550 3681 9
3681 3632 5
3632 4719 4
4719 2424 10
2424 4695 7
4695 169 10
169 1190 11
1190 1440 16
1440 3055 7
3055 1795 9
1795 3570 20
3570 4224 13
4224 2283 19
2283 3405 7
3405 4976 11
4976 4635 15
4635 218 10
218 856 3
856 495 19
495 2308 7
2308 3939 8
3939 758 18
758 4673 9
4673 135 17
135 1722 11
1722 4923 11
4923 1092 7
1092 2789 12
2789 3935 5
3935 585 3
585 3395 18
3395 1847 11
1847 4130 18
4130 4063 10
4063 3350 8
3350 919 12
919 1409 7
1409 1056 6
1056 725 11
725 3197 6
3197 2951 10
2951 401 14
401 2000 2
2000 660 19
660 1430 20
1430 1144 14
1144 2617 12
2617 3390 5
3390 1885 8
1885 4903 10
4903 3315 19
3315 4043 8
4043 4824 7
4824 3741 3
3741 3054 19
3054 3380 2
3380 1769 15
1769 1639 11
1639 750 17
750 4167 14
4167 4603 16
4603 4855 18
4855 4434 15
4434 1095 20
1095 839 3
839 2439 4
2439 3057 19
3057 2381 4
2381 4156 16
4156 4220 14
4220 1209 14
1209 1467 20
1467 4671 15
4671 4384 10
4384 2169 12
2169 1823 15
1823 1094 9
1094 3115 6
3115 2301 17
2301 4381 15
4381 2526 2
2526 4075 3
4075 3868 14
3868 2476 17
2476 3683 19
3683 4100 14
4100 2418 2
2418 3559 15
3559 4889 3
4889 1271 14
1271 3521 7
3521 3603 16
3603 1603 8
1603 1865 1
1865 4537 7
4537 3595 10
3595 2228 5
2228 1481 19
1481 3853 5
3853 1637 17
1637 3223 7
3223 4702 16
4702 157 6
157 4896 10
4896 3222 8
3222 2166 6
2166 3778 5
3778 2947 20
2947 3701 18
3701 1259 11
1259 4958 4
4958 407 12
407 1606 3
1606 2101 19
2101 953 14
953 382 9
382 3623 15
3623 276 20
276 2643 16
2643 306 17
306 3572 11
3572 2702 5
2702 3688 6
3688 2576 5
2576 2303 13
2303 1091 6
1091 3731 10
3731 89 4
89 1396 8
1396 587 11
587 2387 17
2387 1741 10
1741 762 6
762 3457 17
3457 2891 9
2891 243 1
243 54 14
54 2778 9
2778 2412 15
2412 4515 12
4515 544 18
544 1572 1
1572 1921 6
1921 3139 14
3139 247 1
247 1815 19
1815 4333 16
4333 2354 4
2354 2316 3
2316 2031 16
2031 3596 11
3596 4076 1
4076 1177 14
1177 2566 5
2566 1913 17
1913 3747 2
3747 789 12
789 3828 9
3828 1343 5
1343 3907 17
3907 4845 10
4845 1750 7
1750 411 6
411 752 5
752 2764 12
2764 2207 11
2207 1293 1
1293 4264 17
4264 1070 20
1070 3502 18
3502 331 11
331 4612 18
4612 3118 2
3118 1677 4
1677 1753 11
1753 2175 6
2175 1422 1
1422 3867 20
3867 1134 16
1134 4212 16
4212 3102 5
3102 4662 11
4662 1181 6
1181 4937 2
4937 3193 2
3193 1629 18
1629 2666 7
2666 320 18
320 2010 4
2010 3041 5
3041 1461 4
1461 973 7
973 950 2
950 3236 18
3236 1237 2
1237 4698 1
4698 2672 11
2672 3927 12
3927 4797 7
4797 4581 4
4581 1414 3
1414 599 11
599 1918 16
1918 123 14
123 2097 4
2097 2572 11
2572 426 5
426 3895 9
3895 3448 11
3448 4162 19
4162 3798 4
3798 1971 18
1971 4921 7
4921 1470 8
1470 4589 15
4589 1280 13
1280 2013 1
2013 2365 7
2365 2074 8
2074 1594 4
1594 4594 5
4594 4258 16
4258 2588 6
2588 4839 10
4839 226 12
226 1369 19
1369 2143 11
2143 1570 12
1570 2883 15
2883 1828 13
1828 4808 20
4808 2430 1
2430 3835 5
3835 2633 2
2633 2299 7
2299 4102 19
4102 4198 17
4198 136 14
136 188 18
188 1752 18
1752 2528 7
2528 4468 18
4468 101 3
101 2511 8
2511 4332 10
4332 3497 10
3497 328 6
328 3437 9
3437 15 5
15 4871 3
4871 4810 18
4810 3678 4
3678 3043 9
3043 1835 11
1835 2195 15
2195 1781 1
1781 3456 20
3456 1305 1
1305 2371 15
2371 2488 2
2488 2885 11
2885 4552 2
4552 2677 3
2677 1446 5
1446 3687 9
3687 4907 13
4907 927 10
927 3207 8
3207 4057 6
4057 3278 15
3278 1537 20
1537 4417 14
4417 2146 11
2146 1613 8
1613 4879 19
4879 4798 20
4798 1930 2
1930 4083 9
4083 2320 20
2320 3891 2
3891 1365 17
1365 1215 2
1215 2494 8
2494 368 12
368 1290 10
1290 2834 8
2834 1273 8
1273 3639 3
3639 1804 9
1804 592 11
592 4104 11
4104 3557 19
3557 3428 2
3428 2976 15
2976 4458 1
4458 3651 9
3651 1360 20
1360 4450 19
4450 786 11
786 2708 11
2708 2134 9
2134 4341 10
4341 4239 13
4239 4397 5
4397 4652 9
4652 1618 11
1618 4504 8
4504 4981 1
4981 2259 7
2259 3089 4
3089 3950 6
3950 3664 15
3664 4650 17
4650 915 17
915 572 20
572 2613 9
2613 646 7
646 1130 8
1130 3338 20
3338 649 2
649 3558 1
3558 454 19
454 275 2
275 4225 4
4225 3033 14
3033 1132 9
1132 1557 19
1557 4817 20
4817 3880 6
3880 4359 12
4359 1612 5
1612 4969 13
4969 3716 5
3716 4524 16
4524 4248 1
4248 2775 20
2775 3667 7
3667 2145 4
2145 4626 14
4626 3598 14
3598 1093 14
1093 4255 13
4255 2376 7
2376 2887 2
2887 4238 9
4238 2731 13
2731 4127 9
4127 90 3
90 1641 15
1641 497 12
497 1867 14
1867 2527 5
2527 1039 13
1039 872 11
872 3217 8
3217 1214 18
1214 3308 12
3308 3949 2
3949 1871 15
1871 3214 15
3214 3334 15
3334 2409 2
2409 2256 5
2256 2423 11
2423 3578 10
3578 4505 15
4505 2687 11
2687 4472 11
4472 2589 16
2589 4629 5
4629 1417 20
1417 1944 9
1944 2743 17
2743 3239 19
3239 4168 17
4168 4909 11
4909 2620 17
2620 4559 10
4559 1647 13
1647 2516 13
2516 19 14
19 4731 7
4731 545 13
545 141 8
141 4399 7
4399 70 12
70 441 13
441 4599 4
4599 1920 10
1920 2992 7
2992 4604 9
4604 305 7
305 2915 12
2915 3924 19
3924 4567 20
4567 4025 20
4025 914 14
914 2584 2
2584 515 5
515 4741 3
4741 3590 11
3590 1376 3
1376 3827 7
3827 1513 10
1513 1825 9
1825 3211 8
3211 3181 14
3181 834 17
834 3131 11
3131 336 14
336 4500 7
4500 3063 19
3063 882 15
882 2454 7
2454 3883 12
3883 2654 18
2654 3460 14
3460 862 13
862 1254 11
1254 104 19
104 2906 10
2906 3492 4
3492 4114 2
4114 873 11
873 889 7
889 3384 8
3384 2503 16
2503 566 3
566 3540 16
3540 4875 9
4875 4377 4
4377 2307 6
2307 1407 20
1407 6 16
6 1468 17
1468 424 2
424 1105 15
1105 1651 14
1651 2230 19
2230 3926 1
3926 2786 10
2786 1986 15
1986 4775 11
4775 37 1
37 4094 14
4094 146 1
146 1897 5
1897 2239 4
2239 3606 11
3606 4148 17
4148 422 17
422 3237 2
3237 1016 9
1016 3977 12
3977 4514 11
4514 4436 18
4436 4866 9
4866 2842 18
2842 3783 10
3783 4297 4
4297 2798 10
2798 3749 12
3749 1185 11
1185 663 5
663 3713 10
3713 3725 17
3725 2531 8
2531 928 5
928 3059 5
3059 797 2
797 3105 16
3105 2349 5
2349 4164 19
4164 4518 12
4518 2923 12
2923 2419 12
2419 2382 14
2382 4851 15
4851 514 5
514 970 18
970 176 12
176 3151 13
3151 1531 16
1531 1931 17
1931 3188 19
3188 1114 2
1114 2651 6
2651 1928 19
1928 2131 18
2131 178 9
178 3361 11
3361 4835 17
4835 2862 3
2862 1546 8
1546 3483 5
3483 4474 16
4474 4579 9
4579 2585 17
2585 2916 19
2916 4391 19
4391 3945 2
3945 2211 1
2211 1048 12
1048 2691 18
2691 4251 20
4251 1399 1
1399 2839 1
2839 2616 11
2616 958 10
958 4181 7
4181 2458 11
2458 2972 20
2972 1659 10
1659 2571 17
2571 3504 14
3504 4028 15
4028 3673 3
3673 3241 7
3241 4665 14
4665 253 17
253 125 1
125 3734 12
3734 1533 10
1533 18 6
18 1336 1
1336 416 2
416 237 17
237 3379 15
3379 3506 1
3506 319 5
319 3852 15
3852 4446 1
4446 2420 1
2420 952 8
952 2587 11
2587 4531 6
4531 3691 8
3691 2657 20
2657 1532 2
1532 3564 10
3564 3106 8
3106 3282 6
3282 4680 17
4680 1108 13
1108 3941 2
3941 2570 2
2570 3703 11
3703 4598 6
4598 3914 12
3914 2985 4
2985 3630 4
3630 4704 2
4704 4350 19
4350 1257 8
1257 4425 1
4425 756 17
756 403 4
403 4243 13
4243 4190 13
4190 1643 3
1643 1330 8
1330 3300 17
3300 1086 3
1086 4918 14
4918 4601 15
4601 4299 11
4299 569 15
569 4287 13
4287 4932 4
4932 3894 17
3894 974 15
974 4595 1
4595 2720 5
2720 965 8
965 1916 13
1916 2186 13
2186 955 5
955 3511 6
3511 1262 19
1262 4038 19
4038 3459 3
3459 2384 19
2384 4535 10
4535 4491 10
4491 325 7
325 601 7
601 1943 4
1943 1387 3
1387 2735 6
2735 1981 17
1981 1683 14
1683 2315 5
2315 204 6
204 4551 15
4551 3091 13
3091 3902 7
3902 345 19
345 453 18
453 1995 8
1995 3648 14
3648 742 14
742 815 18
815 4607 1
4607 2336 3
2336 3133 4
3133 1938 16
1938 3839 5
3839 4914 16
4914 1404 20
1404 1296 14
1296 346 10
346 1326 9
1326 1812 4
1812 2800 13
2800 2517 18
2517 111 2
111 3173 2
3173 2837 7
2837 3539 4
3539 2296 11
2296 469 2
469 4627 15
4627 3656 11
3656 3654 17
3654 3538 16
3538 3263 6
3263 4337 13
4337 2508 13
2508 2323 17
2323 3110 20
3110 664 16
664 1171 20
1171 961 6
961 4758 8
4758 3501 1
3501 1900 11
1900 3203 5
3203 4954 1
4954 532 18
532 1026 12
1026 2104 11
2104 2229 11
2229 3662 18
3662 3369 11
3369 708 14
708 2922 12
2922 3918 20
3918 4314 9
4314 1827 1
1827 2792 15
2792 2234 18
2234 2081 16
2081 4625 14
4625 3739 7
3739 3565 5
3565 820 4
820 3979 3
3979 1043 1
1043 64 8
64 1614 3
1614 538 12
538 4644 4
4644 2878 15
2878 138 20
138 1054 20
1054 2715 17
2715 1442 3
1442 456 20
456 1393 16
1393 1901 11
1901 4349 20
4349 3224 5
3224 698 11
698 733 10
733 412 2
412 1076 19
1076 2001 4
2001 3991 4
3991 4748 20
4748 3722 5
3722 4289 14
4289 2180 15
2180 4913 2
4913 4200 13
4200 2347 15
2347 4935 9
4935 3689 11
3689 2272 15
2272 4972 11
4972 3533 2
3533 1979 4
1979 4715 7
4715 1655 7
1655 2926 14
2926 366 4
366 2046 18
2046 4454 10
4454 2903 6
2903 209 4
209 1751 15
1751 4892 2
4892 260 16
260 4631 8
4631 3685 8
3685 3416 15
3416 3994 15
3994 2907 10
2907 2843 16
2843 4555 10
4555 4544 4
4544 1550 4
1550 4368 3
4368 1141 2
1141 2380 17
2380 4039 10
4039 1512 1
1512 2238 17
2238 1112 16
1112 745 11
745 2880 13
2880 1756 15
1756 1005 4
1005 3964 2
3964 1977 19
1977 2498 7
2498 4787 19
4787 771 15
771 3805 18
3805 3531 16
3531 2036 5
2036 4574 5
4574 2688 16
2688 2646 1
2646 3526 17
3526 3729 13
3729 946 8
946 2473 16
2473 1246 3
1246 4187 12
4187 3882 6
3882 3721 20
3721 4759 18
4759 1335 3
1335 3385 10
3385 1309 11
1309 4300 6
4300 1619 14
1619 1379 12
1379 432 5
432 2222 11
2222 2751 20
2751 2332 8
2332 984 16
984 4272 4
4272 170 1
170 4996 15
4996 1996 14
1996 4746 10
4746 1866 2
1866 3088 16
3088 2223 17
2223 2221 1
2221 2174 3
2174 3174 18
3174 1033 10
1033 4995 16
4995 344 14
344 1736 20
1736 252 7
252 1805 1
1805 478 15
478 327 8
327 197 9
197 1562 7
1562 1397 18
1397 3507 18
3507 3931 15
3931 4356 2
4356 3649 3
3649 2877 20
2877 2285 7
2285 3881 4
3881 2391 2
2391 2873 2
2873 3347 6
3347 3922 7
3922 1457 3
1457 2253 11
2253 3415 19
3415 520 14
520 4728 16
4728 2475 8
2475 235 13
235 1443 6
1443 1685 17
1685 272 2
272 1053 7
1053 4941 6
4941 1150 10
1150 760 10
760 2895 9
2895 3403 4
3403 3915 5
3915 602 10
602 421 1
421 1679 17
1679 1216 3
1216 2561 19
2561 2066 3
2066 4329 5
4329 717 4
717 4849 6
4849 3192 14
3192 4331 20
4331 4062 12
4062 2579 19
2579 48 3
48 4166 6
4166 541 19
541 1854 17
1854 754 18
754 1668 8
1668 4985 16
4985 3771 3
3771 4573 10
4573 4584 19
4584 314 2
314 429 2
429 1870 7
1870 431 2
431 2390 16
2390 1423 4
1423 2821 17
2821 498 11
498 3669 1
3669 1883 10
1883 4159 10
4159 1908 13
1908 3874 6
3874 1300 9
1300 4217 5
4217 4901 12
4901 518 4
518 147 17
147 3161 8
3161 2875 15
2875 372 16
372 4452 1
4452 832 14
832 1850 19
1850 1522 15
1522 796 8
796 3754 12
3754 4089 15
4089 3615 19
3615 1601 8
1601 3025 3
3025 849 12
849 3410 11
3410 4660 12
4660 4256 16
4256 4812 5
4812 4501 1
4501 119 3
119 1032 9
1032 77 17
77 1929 11
1929 2882 19
2882 3185 18
3185 2577 19
2577 2591 19
2591 1983 4
1983 3000 14
3000 476 15
476 2432 4
2432 3461 1
3461 80 4
80 3680 5
3680 3053 5
3053 375 12
375 4984 4
4984 3660 7
3660 1881 18
1881 2636 9
2636 3061 14
3061 2632 16
2632 285 7
285 4605 9
4605 4940 10
4940 1322 13
1322 1874 16
1874 4742 12
4742 4963 11
4963 2368 16
2368 4776 18
4776 2124 1
2124 2836 16
2836 3767 11
3767 1444 7
1444 3700 3
3700 3402 2
3402 1654 8
1654 3940 2
3940 2183 3
2183 791 15
791 4477 15
4477 4669 15
4669 1894 13
1894 1346 3
1346 3661 17
3661 4121 2
4121 22 20
22 570 9
570 374 19
374 1624 4
1624 16 2
16 2809 19
2809 3568 12
3568 4656 2
4656 956 7
956 1799 2
1799 2206 6
2206 4116 5
4116 1644 15
1644 2722 8
2722 4402 10
4402 2132 1
2132 3607 1
3607 1896 3
1896 2944 11
2944 3297 10
3297 4916 10
4916 2623 18
2623 487 20
487 1932 4
1932 1559 14
1559 4426 4
4426 1247 17
1247 692 14
692 4479 14
4479 1855 9
1855 1055 10
1055 807 2
807 1116 9
1116 2312 2
2312 3577 6
3577 490 13
490 4367 20
4367 4204 17
4204 3878 14
3878 4078 5
4078 3349 16
3349 4074 13
4074 2718 16
2718 220 8
220 2141 7
2141 3219 11
3219 4733 9
4733 2333 10
2333 944 5
944 571 16
571 399 7
399 291 15
291 3690 5
3690 2624 6
2624 4353 11
4353 4819 9
4819 735 10
735 3920 7
3920 2306 17
2306 3962 20
3962 1350 1
1350 4991 15
4991 1022 14
1022 195 5
195 1757 13
1757 2425 17
2425 3262 1
3262 2868 13
2868 3643 1
3643 3625 12
3625 3257 18
3257 2995 6
2995 1747 7
1747 2758 4
2758 528 8
528 3569 2
3569 2741 1
2741 4619 4
4619 3553 10
3553 2841 1
2841 4064 6
4064 3399 18
3399 2178 1
2178 2325 7
2325 44 5
44 2048 7
2048 1605 11
1605 2059 7
2059 4676 15
4676 2738 15
2738 2041 14
2041 2407 11
2407 1946 13
1946 3769 14
3769 1502 11
1502 2686 16
2686 3621 16
3621 449 4
449 3865 10
3865 3426 17
3426 1889 16
1889 4476 6
4476 2829 1
2829 1230 13
1230 4466 10
4466 4999 9
4999 2799 10
2799 2733 9
2733 2227 14
2227 880 16
880 780 6
780 2939 3
2939 4098 20
4098 2908 5
2908 3281 4
3281 2247 8
2247 1797 2
1797 3756 12
3756 2795 2
2795 4945 13
4945 828 17
828 4362 10
4362 721 15
721 2009 3
2009 1504 10
1504 2642 18
2642 1226 18
1226 4455 11
4455 3094 15
3094 668 5
668 2933 11
2933 4275 20
4275 4628 4
4628 2268 9
2268 3148 17
3148 1059 5
1059 3323 5
3323 3200 6
3200 3221 20
3221 1785 1
1785 1021 2
1021 3990 19
3990 4831 9
4831 1760 16
1760 21 20
21 652 13
652 4082 4
4082 2491 4
2491 1146 17
1146 1316 9
1316 2936 1
2936 2931 15
2931 3389 19
3389 4228 9
4228 56 20
56 2660 10
2660 3524 3
3524 3129 16
3129 763 9
763 642 4
642 3127 3
3127 1436 14
1436 1231 5
1231 2242 13
2242 2305 11
2305 2440 6
2440 1439 2
1439 240 17
240 3579 3
3579 1429 20
1429 1433 9
1433 962 13
962 835 14
835 4885 2
4885 4844 16
4844 4393 7
4393 892 12
892 4373 10
4373 1480 3
1480 3617 19
3617 976 19
976 1013 17
1013 4646 4
4646 4869 12
4869 1555 2
1555 3484 16
3484 1604 18
1604 4528 2
4528 2367 5
2367 2940 6
2940 1164 8
1164 1400 6
1400 1339 2
1339 524 10
524 2812 18
2812 2726 20
2726 4414 2
4414 3495 8
3495 3608 12
3608 2422 16
2422 799 18
799 4178 14
4178 4993 9
4993 4047 2
4047 1846 16
1846 202 11
202 2806 20
2806 2693 12
2693 4096 5
4096 2105 7
2105 274 5
274 2542 2
2542 1462 18
1462 3093 1
3093 4150 9
4150 2485 1
2485 4041 2
4041 913 8
913 922 20
922 1133 4
1133 2410 17
2410 2811 4
2811 1717 9
1717 2678 1
2678 4443 12
4443 2501 16
2501 1277 1
1277 1096 18
1096 3877 7
3877 3730 2
3730 4260 1
4260 4110 9
4110 1463 12
1463 1935 17
1935 1511 8
1511 271 8
271 2506 8
2506 4766 20
4766 2904 19
2904 1766 18
1766 1097 8
1097 3542 15
3542 185 13
185 3736 16
3736 4691 11
4691 855 14
855 3397 15
3397 2850 20
2850 534 7
534 2402 10
2402 1633 5
1633 902 13
902 3046 5
3046 3152 4
3152 2012 20
2012 4382 3
4382 109 19
109 1656 8
1656 3021 1
3021 887 12
887 2064 6
2064 4608 9
4608 4725 17
4725 1491 2
1491 484 4
484 4072 15
4072 3826 5
3826 36 15
36 1500 17
1500 4351 12
4351 1560 7
1560 2215 3
2215 3897 18
3897 152 10
152 1438 10
1438 2703 6
2703 1432 10
1432 385 14
385 2284 3
2284 3584 13
3584 3045 18
3045 1796 19
1796 4867 12
4867 2725 5
2725 2231 9
2231 1367 9
1367 3462 6
3462 4117 13
4117 3885 19
3885 3474 6
3474 3972 18
3972 3422 12
3422 3291 3
3291 4459 4
4459 2075 6
2075 4925 14
4925 3635 13
3635 4767 14
4767 2849 4
2849 1505 12
1505 84 2
84 1839 10
1839 1401 10
1401 3989 12
3989 3035 1
3035 1906 13
1906 4 20
4 1950 3
1950 1008 9
1008 3766 15
3766 1434 14
1434 1478 11
1478 2924 15
2924 2130 13
2130 631 18
631 4268 2
4268 1841 9
1841 3085 9
3085 1030 2
1030 117 6
117 4277 14
4277 3898 5
3898 2148 20
2148 3682 17
3682 4432 6
4432 2848 14
2848 4987 20
4987 4208 13
4208 3988 18
3988 1496 13
1496 2745 3
2745 300 16
300 3870 9
3870 4355 14
4355 2986 20
2986 554 6
554 637 9
637 303 5
303 91 11
91 3393 7
3393 1635 15
1635 1972 14
1972 190 3
190 1361 6
1361 3205 2
3205 4847 18
4847 2341 1
2341 1790 9
1790 2153 20
2153 4543 12
4543 4828 9
4828 4292 15
4292 3746 1
3746 4195 15
4195 4780 9
4780 3900 17
3900 332 5
332 4219 3
4219 1359 5
1359 3512 7
3512 2529 12
2529 2676 16
2676 166 3
166 2034 1
2034 2087 16
2087 2070 15
2070 1597 19
1597 2963 10
2963 3899 8
3899 4369 20
4369 4648 16
4648 1793 3
1793 3298 1
3298 1620 17
1620 3763 2
3763 3329 3
3329 2683 14
2683 2556 9
2556 2861 16
2861 1036 9
1036 992 1
992 4435 15
4435 4008 14
4008 3001 8
3001 4790 13
4790 3789 20
3789 775 18
775 517 8
517 734 14
734 2679 10
2679 3052 20
3052 1357 1
1357 2515 19
2515 4378 4
4378 4760 3
4760 2832 3
2832 4783 17
4783 709 18
709 159 16
159 4553 14
4553 1957 14
1957 711 2
711 4372 5
4372 4609 18
4609 918 4
918 249 8
249 2968 18
2968 1219 20
1219 1959 13
1959 4503 7
4503 4534 11
4534 1755 5
1755 1909 15
1909 500 18
500 1200 4
1200 2950 4
2950 3670 1
3670 217 10
217 86 2
86 2929 3
2929 843 1
843 467 4
467 1670 18
1670 4873 2
4873 3534 4
3534 4576 9
4576 79 15
79 1563 20
1563 1352 12
1352 3951 17
3951 3548 12
3548 1018 20
1018 2159 14
2159 689 13
689 4957 15
4957 963 12
963 4843 4
4843 4846 11
4846 667 6
667 3655 6
3655 93 15
93 3076 17
3076 553 5
553 3740 19
3740 1642 8
1642 1771 7
1771 864 14
864 4859 11
4859 2711 9
2711 20 14
20 2235 11
2235 511 7
511 2139 17
2139 1381 9
1381 3847 12
3847 1292 11
1292 4980 2
4980 875 6
875 4538 13
4538 2126 19
2126 74 7
74 1473 5
1473 3190 19
3190 661 1
661 3451 16
3451 1626 15
1626 3724 13
3724 3652 12
3652 3287 12
3287 3240 12
3240 2280 15
2280 118 12
118 2970 7
2970 1744 8
1744 4033 13
4033 2428 1
2428 850 10
850 353 7
353 2266 11
2266 233 12
233 4529 16
4529 4461 8
4461 1821 16
1821 716 18
716 2647 7
2647 4516 7
4516 2871 12
2871 787 16
787 2713 10
2713 1739 10
1739 1416 8
1416 2845 5
2845 4226 18
4226 3172 13
3172 3666 4
3666 4734 7
4734 4227 6
4227 2292 19
2292 4591 10
4591 638 14
638 2331 5
2331 4087 5
4087 351 11
351 1250 2
1250 2905 2
2905 4919 17
4919 3592 13
3592 3811 6
3811 4836 14
4836 1940 19
1940 4088 14
4088 747 7
747 3391 18
3391 3010 18
3010 3520 17
3520 2684 4
2684 4911 3
4911 1196 15
1196 2854 6
2854 1859 6
1859 491 1
491 603 9
603 485 8
485 3647 9
3647 434 6
434 3686 13
3686 3911 12
3911 1460 8
1460 4282 7
4282 1813 12
1813 451 17
451 2784 8
2784 2379 11
2379 2413 13
2413 3550 17
3550 3187 14
3187 3097 8
3097 4881 17
4881 4411 18
4411 4668 1
4668 3068 7
3068 2777 1
2777 3588 7
3588 222 16
222 4872 4
4872 3640 6
3640 2538 2
2538 3930 10
3930 307 18
307 2480 13
2480 4124 11
4124 3103 4
3103 4563 16
4563 3370 5
3370 4293 7
4293 2314 4
2314 4053 7
4053 1135 4
1135 4056 6
4056 1117 1
1117 819 5
819 1391 12
1391 2393 16
2393 2114 1
2114 3873 9
3873 794 3
794 3973 5
3973 3080 12
3080 1627 13
1627 128 1
128 670 5
670 2522 8
2522 396 10
396 1628 17
1628 4533 4
4533 737 9
737 1312 12
1312 1331 9
1331 4540 1
4540 1602 12
1602 3146 3
3146 2910 19
2910 3373 8
3373 971 9
971 1715 19
1715 2057 19
2057 4345 9
4345 4281 1
4281 2128 11
2128 1297 5
1297 1598 14
1598 1689 12
1689 1536 5
1536 803 16
803 4257 8
4257 428 15
428 3544 7
3544 4547 10
4547 3809 18
3809 196 17
196 623 7
623 3469 9
3469 3135 13
3135 199 16
199 4939 1
4939 2038 2
2038 3381 9
3381 2909 8
2909 4682 2
4682 933 19
933 2037 9
2037 2245 18
2245 3816 1
3816 4153 11
4153 4380 6
4380 3737 12
3737 1695 15
1695 3425 8
3425 4386 8
4386 2780 6
2780 2189 1
2189 2599 11
2599 3134 2
3134 1220 2
1220 2205 11
2205 4649 5
4649 1486 10
1486 2802 12
2802 731 19
731 4394 11
4394 3620 6
3620 1645 2
1645 1786 13
1786 4568 19
4568 3653 14
3653 2026 11
2026 2987 6
2987 4252 12
4252 1020 10
1020 4558 12
4558 986 8
986 2482 15
2482 2040 8
2040 4506 12
4506 4151 5
4151 4709 3
4709 3280 13
3280 2523 12
2523 4497 5
4497 3073 15
3073 3796 6
3796 3478 15
3478 1101 17
1101 1253 6
1253 1128 13
1128 1213 10
1213 4578 13
4578 975 9
975 4699 7
4699 4685 5
4685 2288 8
2288 4427 11
4427 2051 15
2051 1386 11
1386 2920 11
2920 3825 13
3825 4989 13
4989 590 16
590 1019 3
1019 3552 15
3552 2068 5
2068 408 8
408 840 14
840 634 13
634 4641 12
4641 4035 14
4035 4207 9
4207 4922 2
4922 49 7
49 3363 11
3363 4977 14
4977 4007 19
4007 502 20
502 1558 15
1558 2049 16
2049 3837 1
3837 2610 13
2610 2257 18
2257 2474 20
2474 2318 9
2318 618 17
618 2949 13
2949 2520 8
2520 2431 2
2431 184 14
184 4883 10
4883 3858 17
3858 683 4
683 2580 4
2580 2716 4
2716 2525 12
2525 2727 9
2727 2805 18
2805 4410 18
4410 177 2
177 2752 2
2752 4055 20
4055 2466 8
2466 1776 4
1776 3644 9
3644 1937 2
1937 4352 18
4352 2298 3
2298 2519 9
2519 2890 10
2890 1241 5
1241 829 11
829 3528 17
3528 1067 4
1067 3288 6
3288 4779 3
4779 1287 15
1287 2078 11
2078 1970 13
1970 2047 8
2047 2489 14
2489 2500 4
2500 471 2
471 4154 12
4154 2634 5
2634 3444 10
3444 702 6
702 1306 11
1306 3597 15
3597 1993 11
1993 4863 17
4863 3751 6
3751 3325 2
3325 3921 16
3921 1545 4
1545 1010 7
1010 3695 9
3695 2416 8
2416 1474 17
1474 2095 1
2095 3525 10
3525 358 10
358 680 13
680 2388 3
2388 1878 13
1878 1046 4
1046 1542 15
1542 591 9
591 4738 4
4738 3498 14
3498 1586 7
1586 808 8
808 168 2
168 2959 4
2959 2993 14
2993 1199 10
1199 4317 15
4317 3641 2
3641 355 4
355 470 7
470 122 2
122 4908 2
4908 4694 20
4694 420 20
420 1833 14
1833 2484 13
2484 1724 12
1724 3301 16
3301 1548 20
1548 1232 9
1232 3872 17
3872 1045 4
1045 1540 18
1540 1315 7
1315 2753 9
2753 379 19
379 2322 9
2322 1234 4
1234 1238 4
1238 4791 12
4791 3515 19
3515 3423 12
3423 4342 7
4342 193 7
193 4566 15
4566 282 3
282 3622 9
3622 4950 2
4950 1083 15
1083 69 1
69 1291 16
1291 1303 12
1303 2598 20
2598 50 13
50 3527 7
3527 436 7
436 440 13
440 969 18
969 2158 18
2158 3978 15
3978 4557 4
4557 1127 3
1127 1269 19
1269 1857 19
1857 1235 14
1235 3260 14
3260 2637 9
2637 1707 12
1707 386 14
386 3943 14
3943 2618 19
2618 4420 20
4420 529 19
529 225 1
225 2604 7
2604 3886 5
3886 4943 4
4943 3050 5
3050 2629 13
2629 2152 19
2152 51 18
51 1038 4
1038 4858 15
4858 1057 10
1057 4184 18
4184 943 5
943 419 16
419 1482 12
1482 2127 10
2127 657 20
657 4560 20
4560 2465 8
2465 3454 3
3454 4486 12
4486 3717 4
3717 3072 13
3072 2560 16
2560 899 10
899 4675 13
4675 821 1
821 4769 3
4769 1731 5
1731 1919 15
1919 3834 3
3834 3071 1
3071 2171 9
2171 2705 19
2705 313 14
313 1743 14
1743 1915 5
1915 805 9
805 4736 2
4736 8 4
8 2876 20
2876 1982 14
1982 1703 2
1703 4712 20
4712 2724 5
2724 2240 15
2240 4201 7
4201 2392 15
2392 2204 16
2204 2863 7
2863 373 20
373 4800 17
4800 912 4
912 774 3
774 1836 3
1836 4532 8
4532 2144 20
2144 3326 11
3326 2779 13
2779 1801 19
1801 3436 2
3436 3202 6
3202 3712 18
3712 3306 20
3306 1583 3
1583 2029 17
2029 999 7
999 3231 3
3231 732 7
732 1780 13
1780 1525 17
1525 3074 11
3074 3114 12
3114 1192 1
1192 2092 9
2092 3477 18
3477 1418 10
1418 2552 5
2552 4303 15
4303 2597 9
2597 1665 15
1665 1843 19
1843 2956 5
2956 2348 17
2348 58 15
58 2823 1
2823 4194 15
4194 671 9
671 2187 2
2187 2177 12
2177 4498 6
4498 4938 7
4938 1431 10
1431 3530 4
3530 2098 11
2098 1189 13
1189 1569 12
1569 4865 9
4865 4138 15
4138 1710 16
1710 3310 5
3310 1294 4
1294 4768 19
4768 861 12
861 3832 6
3832 1323 20
1323 4841 2
4841 105 16
105 4679 5
4679 4611 13
4611 1403 18
1403 3140 3
3140 2214 1
2214 4678 5
4678 2558 7
2558 2540 5
2540 4398 2
4398 1182 11
1182 795 3
795 4080 18
4080 1576 4
1576 3049 10
3049 4693 5
4693 2966 16
2966 2650 14
2650 4383 13
4383 4254 16
4254 1688 18
1688 3467 2
3467 1716 4
1716 3150 16
3150 1714 4
1714 1212 5
1212 3042 5
3042 3082 10
3082 3276 20
3276 3248 1
3248 406 5
406 1266 3
1266 438 14
438 3162 9
3162 47 19
47 1121 12
1121 3968 11
3968 1240 3
1240 3244 14
3244 1009 2
1009 744 10
744 1974 6
1974 3965 15
3965 1325 9
1325 1779 5
1779 2133 15
2133 4085 7
4085 564 6
564 2403 13
2403 4250 14
4250 4451 4
4451 4870 15
4870 3067 13
3067 792 8
792 1283 3
1283 1027 7
1027 824 19
824 2797 10
2797 458 9
458 2236 14
2236 4613 3
4613 4157 14
4157 4548 1
4548 3574 20
3574 4221 10
4221 1372 16
1372 2979 9
2979 580 12
580 3120 4
3120 100 18
100 1340 2
1340 1155 1
1155 1168 10
1168 1778 19
1778 3247 14
3247 3290 6
3290 2244 11
2244 2278 19
2278 4878 7
4878 2165 3
2165 4781 3
4781 2340 20
2340 1413 12
1413 1726 4
1726 2900 13
2900 858 8
858 1832 11
1832 99 9
99 931 11
931 4915 17
4915 4556 4
4556 1368 3
1368 3342 9
3342 4638 8
4638 3727 12
3727 3446 16
3446 2067 7
2067 1448 3
1448 1578 12
1578 25 1
25 4657 19
4657 1829 6
1829 460 6
460 640 4
640 2977 16
2977 3997 19
3997 4210 12
4210 1568 8
1568 2210 5
2210 782 14
782 4874 13
4874 3908 18
3908 96 4
96 4036 6
4036 4757 19
4757 4786 10
4786 1954 19
1954 4686 15
4686 533 12
533 3594 10
3594 3566 14
3566 3171 19
3171 546 13
546 3633 14
3633 3624 19
3624 232 2
232 3923 20
3923 2628 4
2628 685 2
685 2103 11
2103 934 7
934 4313 11
4313 1898 9
1898 4003 12
4003 4562 2
4562 3787 16
3787 1455 1
1455 1110 2
1110 1364 15
1364 978 6
978 3125 4
3125 4801 11
4801 4818 4
4818 1506 1
1506 4880 4
4880 95 13
95 2851 13
2851 1698 19
1698 2886 11
2886 4674 16
4674 1621 2
1621 3292 12
3292 1265 10
1265 3982 17
3982 1735 5
1735 4467 8
4467 1895 6
1895 4637 8
4637 3909 16
3909 3779 5
3779 724 10
724 162 17
162 4930 19
4930 917 19
917 4065 2
4065 1737 18
1737 4160 5
4160 4242 2
4242 4326 19
4326 371 13
371 4593 1
4593 359 16
359 2918 18
2918 2767 19
2767 4113 11
4113 4090 4
4090 369 10
369 4348 3
4348 940 2
940 2445 8
2445 304 8
304 2689 5
2689 4143 5
4143 87 16
87 977 5
977 1100 18
1100 1308 8
1308 2069 13
2069 1824 20
1824 1304 13
1304 2330 4
2330 547 3
547 435 18
435 811 1
811 4086 13
4086 1066 1
1066 3860 7
3860 3272 4
3272 3229 16
3229 985 8
985 1528 14
1528 2545 15
2545 509 3
509 4274 13
4274 1332 5
1332 1344 1
1344 1547 18
1547 3659 14
3659 115 12
115 2996 2
2996 2360 17
2360 4894 3
4894 2858 18
2858 2198 1
2198 2744 6
2744 1233 11
1233 3466 10
3466 2896 10
2896 4697 14
4697 3523 1
3523 894 2
894 4666 17
4666 798 7
798 2893 13
2893 3330 15
3330 2695 1
2695 2481 7
2481 4586 17
4586 2118 3
2118 3412 11
3412 619 14
619 1079 6
1079 3155 20
3155 959 1
959 1420 4
1420 393 1
393 4789 1
4789 2652 20
2652 3529 17
3529 1494 3
1494 35 18
35 4973 2
4973 3797 20
3797 3095 8
3095 4392 16
4392 31 9
31 4951 6
4951 788 14
788 3491 17
3491 1103 17
1103 3875 11
3875 1704 3
1704 1228 12
1228 4979 10
4979 286 17
286 2573 18
2573 1649 16
1649 1410 12
1410 3158 4
3158 2537 3
2537 1408 2
1408 2442 9
2442 4449 14
4449 492 9
492 433 3
433 2770 5
2770 2581 4
2581 951 10
951 4988 11
4988 1864 5
1864 2408 12
2408 2396 6
2396 2785 2
2785 2357 3
2357 227 8
227 3275 14
3275 1599 14
1599 45 9
45 3440 2
3440 81 13
81 2539 9
2539 1622 6
1622 2337 20
2337 266 2
266 1187 11
1187 9 7
9 418 13
418 4512 4
4512 3987 20
3987 103 11
103 4192 17
4192 4215 19
4215 3340 10
3340 3928 11
3928 4049 4
4049 4585 14
4585 3026 13
3026 1194 20
1194 4169 6
4169 1222 5
1222 273 14
273 3099 12
3099 1616 3
1616 3612 10
3612 2023 20
2023 4838 9
4838 1708 7
1708 4667 1
4667 42 12
42 23 13
23 1876 15
1876 3549 15
3549 2509 14
2509 417 12
417 1684 6
1684 2719 12
2719 4019 15
4019 3884 1
3884 1084 7
1084 1777 9
1777 1229 15
1229 3294 8
3294 3672 2
3672 2696 10
2696 414 4
414 2261 3
2261 3910 6
3910 1186 17
1186 4602 13
4602 1111 17
1111 4473 12
4473 165 1
165 905 12
905 908 15
908 2191 14
2191 3934 18
3934 3407 10
3407 2309 20
2309 694 19
694 3243 20
3243 1145 10
1145 2085 13
2085 4044 14
4044 2639 4
2639 550 7
550 3486 5
3486 2137 17
2137 2151 10
2151 703 15
703 2250 2
2250 2405 9
2405 1050 17
1050 1579 9
1579 4396 12
4396 1662 10
1662 823 18
823 2569 2
2569 1783 20
1783 3124 15
3124 4091 7
4091 1151 6
1151 2606 5
2606 2351 3
2351 194 8
194 693 1
693 4815 14
4815 4185 18
4185 1129 17
1129 481 9
481 3101 6
3101 4338 5
4338 818 13
818 180 15
180 3027 4
3027 85 13
85 3843 5
3843 583 2
583 2264 18
2264 4155 6
4155 4290 11
4290 826 4
826 2952 15
2952 4600 18
4600 2109 8
2109 2621 2
2621 1075 3
1075 2030 19
2030 1590 15
1590 3433 10
3433 1047 5
1047 4023 10
4023 4174 1
4174 2892 11
2892 4813 18
4813 163 6
163 2870 18
2870 1997 17
1997 1197 19
1197 2680 10
2680 3510 15
3510 3424 11
3424 1156 17
1156 4823 3
4823 3147 20
3147 4727 17
4727 3447 10
3447 1390 13
1390 2279 8
2279 4360 1
4360 1962 12
1962 2350 9
2350 675 2
675 2546 15
2546 4633 7
4633 1851 6
1851 606 18
606 2027 19
2027 1610 16
1610 1646 1
1646 4542 16
4542 3675 12
3675 1275 12
1275 636 1
636 2622 6
2622 4357 18
4357 2251 16
2251 4647 8
4647 2140 2
2140 437 15
437 2471 13
2471 2093 7
2093 3006 15
3006 1740 8
1740 1224 8
1224 32 3
32 4249 12
4249 1489 19
1489 3587 18
3587 1949 18
1949 1892 7
1892 2374 9
2374 4375 7
4375 3169 20
3169 2086 16
2086 1375 12
1375 2156 20
2156 2721 15
2721 1582 12
1582 395 18
395 2 6
2 4895 13
4895 444 12
444 1718 12
1718 4146 6
4146 1320 11
1320 376 20
376 4621 4
4621 522 11
522 991 14
991 4193 14
4193 3400 12
3400 215 13
215 223 12
223 3999 2
3999 2450 8
2450 2930 20
2930 4825 1
4825 1699 1
1699 2490 9
2490 3614 18
3614 1980 15
1980 2344 9
2344 2690 18
2690 942 3
942 1172 18
1172 3378 2
3378 269 2
269 633 15
633 2619 7
2619 589 15
589 3039 11
3039 3985 14
3985 628 18
628 2496 8
2496 1838 11
1838 2372 15
2372 4173 20
4173 4683 15
4683 3646 14
3646 2270 6
2270 890 19
890 4015 14
4015 4701 13
4701 3242 16
3242 4967 4
4967 3317 6
3317 4048 6
4048 4031 6
4031 4689 15
4689 2184 16
2184 888 8
888 3861 18
3861 1723 10
1723 2201 9
2201 3815 12
3815 4301 7
4301 3355 18
3355 4122 7
4122 4325 10
4325 4319 20
4319 4496 2
4496 290 20
290 63 10
63 4296 8
4296 3322 1
3322 659 4
659 2472 16
2472 608 16
608 2583 5
2583 3473 16
3473 1007 8
1007 4223 6
4223 1278 6
1278 4233 8
4233 53 9
53 4431 20
4431 2742 13
2742 4788 4
4788 3352 13
3352 3302 20
3302 3037 6
3037 3453 4
3453 4058 1
4058 1285 17
1285 242 15
242 3863 13
3863 2609 18
2609 2631 18
2631 1184 2
1184 2179 20
2179 1244 6
1244 2327 14
2327 1211 17
1211 3841 17
3841 701 18
701 1589 5
1589 3732 15
3732 3786 7
3786 4179 17
4179 3427 5
3427 1415 18
1415 2794 7
2794 729 3
729 1328 17
1328 2163 14
2163 4806 7
4806 2487 17
2487 4890 6
4890 1178 15
1178 2859 3
2859 3496 18
3496 2844 17
2844 4517 1
4517 154 5
154 575 13
575 1088 9
1088 3634 18
3634 1239 15
1239 551 13
551 1089 19
1089 3781 3
3781 4773 11
4773 3283 3
3283 526 5
526 43 1
43 257 18
257 3573 6
3573 1947 11
1947 1853 11
1853 4135 14
4135 2123 13
2123 4816 4
4816 1666 11
1666 1487 2
1487 3431 11
3431 2957 1
2957 3255 6
3255 817 13
817 557 5
557 1385 11
1385 3823 19
3823 3445 1
3445 4902 20
4902 4448 19
4448 4610 18
4610 2168 17
2168 1031 5
1031 4152 12
4152 349 18
349 3208 7
3208 867 6
867 1848 5
1848 2917 15
2917 7 13
7 3765 18
3765 1682 1
1682 3711 8
3711 384 13
384 4005 18
4005 2999 5
2999 2955 19
2955 845 20
845 2369 11
2369 2115 14
2115 632 13
632 2218 4
2218 2045 15
2045 4868 10
4868 2567 18
2567 3337 9
3337 2596 20
2596 2121 14
2121 2295 2
2295 3613 19
3613 2761 14
2761 3513 10
3513 1544 4
1544 4582 5
4582 665 1
665 712 11
712 4876 18
4876 673 14
673 392 20
392 133 2
133 938 4
938 3104 6
3104 1585 15
1585 1286 10
1286 1024 10
1024 2016 4
2016 175 20
175 1800 3
1800 3583 14
3583 3983 8
3983 3517 15
3517 2397 7
2397 2290 6
2290 2760 20
2760 3619 15
3619 2791 13
2791 2894 6
2894 4897 16
4897 167 4
167 1356 6
1356 3955 14
3955 4926 1
4926 2762 2
2762 1313 9
1313 4387 18
4387 4404 14
4404 231 1
231 2810 7
2810 2208 1
2208 3696 4
3696 2122 2
2122 4550 14
4550 753 6
753 2942 5
2942 4487 2
4487 1459 14
1459 848 13
848 4092 13
4092 3044 14
3044 3432 20
3432 2232 6
2232 1924 14
1924 1844 20
1844 3709 20
3709 4416 14
4416 4891 2
4891 4306 2
4306 4262 2
4262 1049 19
1049 2710 2
2710 3016 20
3016 3429 1
3429 4596 14
4596 4118 15
4118 3194 11
3194 4471 18
4471 705 17
705 2119 17
2119 3757 2
3757 3543 1
3543 1115 16
1115 3800 13
3800 4186 5
4186 2287 1
2287 3156 13
3156 1392 19
1392 151 10
151 983 19
983 3286 14
3286 4364 2
4364 2759 15
2759 3948 17
3948 149 13
149 3418 5
3418 674 15
674 1663 5
1663 3715 2
3715 3665 12
3665 3266 18
3266 987 10
987 504 10
504 3708 13
3708 4253 10
4253 3316 12
3316 3449 16
3449 1923 3
1923 2973 12
2973 4440 1
4440 145 6
145 409 1
409 2022 12
2022 2704 5
2704 1458 1
1458 4499 15
4499 4163 19
4163 4447 3
4447 2659 6
2659 98 10
98 24 14
24 573 10
573 854 2
854 2615 6
2615 691 19
691 3998 18
3998 3704 3
3704 1348 20
1348 4832 9
4832 4561 5
4561 3376 9
3376 746 19
746 2394 20
2394 1863 7
1863 116 9
116 2563 15
2563 2653 11
2653 4778 13
4778 1660 10
1660 836 8
836 1223 6
1223 4029 2
4029 3938 12
3938 473 9
473 174 16
174 1347 8
1347 2110 2
2110 1596 6
1596 2459 12
2459 736 14
736 2534 20
2534 2969 3
2969 1072 19
1072 1860 3
1860 4002 14
4002 870 1
870 749 5
749 3047 17
3047 3464 6
3464 1279 10
1279 635 12
635 604 1
604 2816 5
2816 997 3
997 3814 14
3814 1001 1
1001 778 7
778 3774 11
3774 4754 3
4754 1519 15
1519 3032 5
3032 4294 12
4294 281 12
281 3600 6
3600 4784 15
4784 4745 12
4745 1516 5
1516 1719 4
1719 4129 17
4129 2594 12
2594 4964 14
4964 844 4
844 4614 7
4614 171 7
171 4983 15
4983 1071 8
1071 1068 8
1068 4077 20
4077 239 17
239 1163 8
1163 3206 12
3206 391 14
391 287 20
287 2852 18
2852 2614 18
2614 4170 2
4170 3 15
3 2865 7
2865 1942 5
1942 3470 2
3470 1501 20
1501 4508 17
4508 3516 6
3516 2860 20
2860 352 6
352 2346 17
2346 311 20
311 4460 14
4460 3343 14
3343 3056 15
3056 3128 10
3128 127 2
127 4335 2
4335 2943 10
2943 2267 3
2267 2655 9
2655 2082 1
2082 4189 16
4189 3366 20
3366 400 8
400 3209 15
3209 2018 11
2018 4327 18
4327 2460 9
2460 2541 13
2541 2750 18
2750 1098 10
1098 2237 20
2237 921 19
921 4400 7
4400 626 5
626 3733 6
3733 4707 3
4707 3406 17
3406 1301 16
1301 779 7
779 3697 17
3697 1465 19
1465 2565 12
2565 1060 6
1060 2788 19
2788 212 12
212 1370 7
1370 1063 11
1063 2050 4
2050 1023 12
1023 2107 16
2107 3803 2
3803 4126 16
4126 4842 7
4842 641 14
641 1667 14
1667 3720 19
3720 3743 19
3743 4463 19
4463 3901 2
3901 4782 8
4782 612 18
612 4312 2
4312 4291 1
4291 868 17
868 2804 20
2804 2343 19
2343 4176 5
4176 3409 20
3409 510 10
510 1638 18
1638 4101 11
4101 2417 20
2417 2941 19
2941 4073 9
4073 1975 11
1975 3676 3
3676 2084 13
2084 3060 7
3060 3142 15
3142 2479 4
2479 3299 14
3299 3802 9
3802 881 17
881 1690 14
1690 4706 2
4706 3160 4
3160 981 2
981 4752 17
4752 2310 9
2310 4882 4
4882 3246 8
3246 4978 9
4978 250 20
250 3178 6
3178 1770 2
1770 3345 17
3345 560 15
560 4128 16
4128 1425 8
1425 2275 18
2275 3212 1
3212 3514 5
3514 2039 8
2039 114 3
114 2562 14
2562 4630 5
4630 1538 6
1538 1926 16
1926 2080 4
2080 4406 7
4406 2919 12
2919 318 7
318 1173 6
1173 4125 11
4125 445 10
445 2602 3
2602 2441 12
2441 4749 13
4749 3585 20
3585 1162 1
1162 3090 1
3090 278 18
278 3855 16
3855 1652 19
1652 885 2
885 1167 16
1167 3351 13
3351 2803 10
2803 61 4
61 1680 11
1680 3335 16
3335 415 2
415 1003 11
1003 2667 11
2667 2730 17
2730 3328 9
3328 3075 8
3075 2099 16
2099 567 8
567 907 14
907 2176 14
2176 3790 11
3790 110 20
110 1124 17
1124 4229 20
4229 2831 19
2831 4439 6
4439 3887 19
3887 3137 8
3137 3225 4
3225 2289 9
2289 507 9
507 669 5
669 3051 19
3051 1426 16
1426 581 1
581 740 20
740 4961 13
4961 394 7
394 182 19
182 643 18
643 229 1
229 78 10
78 4026 6
4026 208 17
208 2209 8
2209 221 8
221 1476 14
1476 3862 18
3862 2600 13
2600 4743 15
4743 4942 2
4942 4507 7
4507 1264 8
1264 333 1
333 1034 6
1034 3081 12
3081 3777 1
3777 245 1
245 4546 2
4546 143 15
143 120 19
120 3953 18
3953 2827 12
2827 4960 17
4960 1065 5
1065 2807 10
2807 4453 6
4453 3293 5
1 2 9
2 5 3
2 8 10
2 7 5
2 3 9
2 6 1
4 10 4
4 3 7
4 8 4
5 10 8
5 9 10
5 4 9
5 11 1
5 8 10
6 3 2
6 9 7
7 6 4
8 9 7
8 13 1
8 1 3
8 12 6
9 10 1
10 7 1
10 6 9
10 17 5
12 7 8
12 14 1
14 7 7
14 15 3
15 17 10
16 23 8
16 10 8
17 18 2
17 20 3
17 11 1
17 12 8
18 12 6
18 25 1
18 15 5
18 14 8
19 20 5
19 15 5
19 26 7
19 24 2
19 18 6
20 18 5
20 15 9
20 25 4
20 13 8
21 20 6
21 25 4
21 17 5
21 27 8
21 23 1
22 20 6
22 25 2
22 17 3
23 20 10
23 26 10
23 29 9
23 25 5
24 30 4
24 27 4
25 27 2
26 30 9
27 31 5
27 32 2
27 30 2
27 28 3
27 23 1
28 22 4
28 32 9
29 36 5
30 37 7
30 23 10
30 29 9
31 25 1
31 34 2
32 34 3
32 33 2
32 38 5
32 29 9
32 36 2
33 27 3
33 37 10
33 29 10
34 30 2
34 36 9
35 34 6
35 30 8
35 36 2
35 28 5
35 42 4
36 42 9
36 43 4
37 35 1
37 42 4
37 40 8
38 35 10
38 40 5
39 38 6
40 34 7
40 41 1
40 46 1
40 47 5
40 42 2
41 39 4
41 38 10
42 39 4
42 48 8
42 49 10
42 38 9
43 42 10
43 50 7
43 40 7
44 38 6
44 49 8
44 45 3
44 37 9
45 47 2
46 47 7
46 41 8
46 52 10
46 48 9
47 48 7
47 44 8
47 52 1
47 41 5
48 53 9
48 44 8
48 51 8
48 55 4
48 41 10
49 50 3
49 55 8
49 43 7
49 45 7
50 52 6
50 55 3
51 54 7
51 53 2
51 57 3
51 47 2
52 58 1
52 48 7
53 49 9
53 55 7
53 58 8
54 48 3
54 50 1
55 59 1
55 52 10
55 61 6
55 60 10
55 51 9
56 63 7
56 51 3
56 57 2
56 55 4
57 58 6
57 62 3
57 52 8
57 59 7
57 60 3
58 60 7
58 59 5
58 65 4
59 52 5
59 60 6
59 62 1
59 66 5
60 64 2
60 67 5
60 62 5
61 67 6
61 58 3
61 66 4
62 58 7
62 69 3
62 66 5
63 70 4
66 63 6
66 70 1
66 73 7
66 69 1
66 60 1
67 70 4
67 69 7
68 61 5
68 67 2
69 63 10
69 64 3
69 74 8
69 71 3
71 77 2
71 68 10
71 66 4
71 70 10
72 79 9
72 70 10
72 67 10
72 65 8
72 77 7
73 70 7
73 67 9
73 69 1
73 80 3
74 70 1
74 71 10
74 67 9
75 81 7
76 81 8
77 73 4
81 77 3
81 84 1
81 74 9
81 78 6
82 87 2
82 85 3
83 79 9
83 86 7
83 82 2
83 81 6
83 80 1
84 89 10
84 91 1
85 86 5
85 89 8
85 90 10
85 87 4
85 80 7
86 87 3
88 92 9
88 93 3
88 91 4
89 90 3
89 95 3
89 83 8
89 93 3
89 86 2
91 85 10
91 90 1
91 89 9
91 87 2
91 94 1
92 86 4
92 98 2
92 99 7
92 91 1
92 87 1
93 94 10
94 97 6
94 100 6
94 96 5
96 92 7
96 100 2
98 93 10
99 106 7
99 101 5
99 95 4
99 100 8
99 97 1
100 104 3
100 105 2
100 97 3
100 101 4
101 96 2
101 98 9
101 104 2
101 107 9
102 109 9
102 104 7
103 110 9
103 97 4
104 109 4
104 106 8
104 108 8
104 110 1
104 107 4
105 99 10
105 102 8
105 107 5
105 109 10
105 98 9
106 100 1
106 107 9
106 112 6
106 113 5
107 102 8
108 101 2
109 114 9
110 107 2
110 114 8
110 112 5
111 116 8
111 106 7
111 114 1
111 112 5
111 115 5
112 113 7
112 115 3
113 114 6
113 111 10
113 120 10
113 118 9
113 107 5
114 115 10
114 108 6
115 109 2
115 110 9
115 121 8
115 113 10
116 112 6
116 115 5
116 113 5
116 121 5
116 120 3
117 123 2
119 113 9
119 122 5
119 124 1
119 118 8
119 125 9
121 118 2
121 125 5
121 127 8
121 117 7
122 120 3
122 116 10
123 122 1
124 127 5
124 128 1
124 131 3
124 130 10
124 122 5
125 118 3
125 130 10
125 129 10
125 128 2
125 127 9
127 128 2
128 133 8
128 129 4
129 124 5
130 137 2
130 133 7
131 127 7
132 131 6
132 127 5
132 129 7
133 136 4
133 137 8
133 138 10
133 126 3
134 130 8
134 131 4
134 139 8
135 138 6
135 140 10
135 141 9
135 128 3
136 130 7
136 134 9
136 139 10
136 129 10
137 131 3
137 140 9
137 138 10
137 132 4
137 144 1
138 131 2
138 140 5
139 142 5
139 140 5
139 144 7
140 143 5
141 145 2
141 139 9
141 144 10
142 148 3
142 138 9
142 143 9
143 147 1
143 145 7
143 148 2
143 137 5
144 138 7
144 142 2
145 150 6
145 139 6
145 138 6
145 149 9
146 147 9
146 153 9
147 149 7
147 153 5
147 145 5
148 151 3
148 150 9
148 152 3
149 150 10
152 147 10
152 156 6
154 152 8
154 160 1
154 150 1
154 156 7
155 162 7
156 159 1
156 150 2
156 153 7
156 155 10
156 151 9
157 155 5
158 156 5
158 161 2
159 157 8
159 155 3
159 161 4
160 155 8
160 163 5
160 153 1
160 157 6
160 164 3
161 164 6
161 162 8
161 167 6
161 154 2
161 155 1
162 165 4
162 157 10
162 159 10
162 158 8
162 160 1
163 157 1
163 169 3
164 163 8
164 157 10
164 165 6
164 170 4
164 158 5
165 161 3
165 167 2
166 162 2
166 159 4
166 167 3
167 169 8
167 160 4
167 170 9
167 171 7
168 175 10
168 165 8
168 166 3
168 164 9
168 170 1
169 175 4
169 171 1
169 164 10
171 172 7
172 165 3
172 175 4
172 174 5
173 167 7
174 170 6
174 171 8
174 179 2
176 182 6
177 182 3
177 179 10
177 183 7
178 182 9
178 173 4
179 181 6
179 186 9
179 184 4
180 186 7
181 187 3
181 176 10
181 180 8
182 179 6
182 189 1
182 186 5
182 184 6
182 175 5
183 185 3
184 180 5
185 179 5
186 181 1
186 191 3
186 187 10
187 192 10
187 185 4
187 189 2
187 184 6
188 187 6
188 194 7
188 186 5
188 184 7
189 196 3
189 186 2
190 184 5
190 188 3
190 194 9
190 192 4
190 189 10
191 187 8
191 185 3
191 193 3
191 197 6
192 191 4
193 196 7
193 198 4
193 192 1
194 192 5
195 191 5
196 199 9
196 195 10
196 194 8
196 198 8
197 195 10
197 192 8
197 196 1
198 199 6
198 192 1
198 197 9
200 197 5
201 203 1
201 206 1
201 208 3
202 206 10
203 196 5
203 198 4
203 209 2
204 203 4
205 206 5
205 210 3
205 200 2
205 199 10
205 208 5
206 204 10
206 212 10
206 207 7
206 203 3
207 209 9
207 204 1
207 210 5
207 213 6
207 202 2
209 214 2
209 208 10
209 202 6
210 211 7
210 206 7
210 214 9
210 213 3
210 212 3
211 213 1
211 215 6
211 218 5
214 216 3
215 221 5
215 208 1
215 210 5
215 222 9
216 209 3
216 218 2
218 212 8
218 223 5
218 225 9
218 221 3
218 217 2
219 225 8
220 226 1
220 222 2
220 213 10
220 215 6
220 227 5
221 220 9
221 226 5
222 226 4
223 229 10
223 219 9
223 221 8
223 227 2
224 217 10
224 225 5
224 230 5
224 219 8
225 226 6
225 227 10
226 219 8
226 228 1
226 229 5
226 231 6
227 221 5
227 234 7
228 225 2
228 232 2
229 225 6
230 225 1
230 227 10
230 236 5
230 233 8
230 228 7
231 235 10
231 232 1
231 225 9
231 234 6
231 238 1
232 238 2
232 233 1
234 228 8
234 232 7
234 237 3
234 230 1
235 234 9
235 236 2
235 229 3
235 237 4
237 232 8
238 239 5
239 242 3
239 245 8
239 234 10
239 244 2
240 233 7
240 241 6
240 239 7
240 244 8
242 240 9
242 246 3
243 245 4
243 238 2
243 250 1
243 249 2
243 247 2
245 250 8
245 246 8
245 247 1
246 243 2
246 251 9
246 248 10
246 250 9
246 240 7
247 246 4
247 240 2
247 249 3
247 248 8
247 254 1
248 250 3
249 245 7
249 253 6
249 256 5
250 253 6
251 255 2
251 245 3
251 256 10
253 246 6
253 251 1
253 259 9
253 256 2
253 258 9
254 249 3
254 248 6
255 257 1
255 248 6
255 260 2
256 261 10
256 257 9
256 263 4
256 260 1
256 254 4
257 264 7
257 251 3
257 250 7
258 252 4
258 255 1
258 256 4
259 252 4
259 264 3
260 266 1
260 253 3
260 254 1
260 265 9
260 259 8
261 255 6
264 265 2
264 260 5
264 261 10
264 263 5
264 258 6
265 266 4
265 268 7
265 267 9
265 263 6
268 261 4
268 267 2
268 274 8
270 268 9
270 265 8
271 276 3
271 264 6
272 278 2
272 277 3
272 265 3
272 269 6
273 272 4
273 276 1
274 271 9
274 267 7
275 271 8
275 277 2
275 270 6
275 268 7
276 279 9
276 272 5
276 277 1
276 278 5
276 283 5
278 279 7
278 285 1
278 275 8
279 286 1
279 277 10
279 274 7
279 275 6
280 281 7
280 277 2
280 282 1
280 286 1
281 286 9
281 277 2
282 287 6
282 285 2
282 284 10
282 278 9
283 288 1
283 287 6
284 285 3
284 283 10
284 287 4
284 289 4
286 293 4
286 287 8
287 281 3
287 291 1
287 294 8
287 289 1
288 293 10
288 290 1
288 294 1
288 286 5
288 292 9
289 293 6
289 296 1
289 286 9
290 294 1
290 293 8
290 285 3
290 295 10
292 298 3
292 290 2
292 299 4
292 286 2
292 287 1
293 292 2
293 296 3
293 298 4
294 297 5
294 298 8
294 289 2
294 295 6
294 296 3
295 289 7
295 297 9
295 302 1
295 296 10
296 291 2
296 298 5
296 303 3
297 300 2
297 302 8
297 299 8
297 296 1
298 302 2
298 304 6
298 297 6
298 301 5
298 303 4
300 306 2
300 296 10
300 304 10
300 294 8
303 310 3
303 307 2
303 305 3
303 299 3
303 300 3
304 302 7
304 306 2
304 305 6
307 312 1
307 304 7
307 308 6
307 313 9
308 313 8
309 305 9
310 311 9
310 317 3
310 306 6
310 315 3
311 307 2
311 316 8
312 316 10
312 313 6
313 309 4
314 312 1
315 309 8
315 316 3
315 308 3
315 321 8
315 318 6
317 323 2
317 319 10
317 324 6
317 315 1
318 311 2
319 316 3
319 321 10
319 320 1
320 316 4
320 318 2
320 326 8
320 323 4
322 320 6
322 321 6
322 315 2
323 316 5
324 325 7
324 318 2
324 328 2
324 331 9
327 321 3
327 329 5
328 335 4
328 334 9
328 321 3
328 330 4
328 329 10
329 331 4
329 322 8
331 335 4
331 336 1
332 327 2
332 336 3
332 335 6
333 330 10
333 327 6
333 335 6
333 326 1
333 337 1
334 327 8
334 338 1
334 341 10
335 341 8
335 334 6
335 342 6
335 336 5
335 329 1
336 337 8
336 329 9
337 330 6
337 338 8
337 341 9
337 331 2
338 333 9
339 345 3
341 343 9
341 338 10
341 339 5
342 343 2
342 340 10
342 337 5
342 345 9
342 346 6
343 338 1
343 344 2
344 342 3
344 338 2
344 348 10
344 347 5
344 341 5
345 352 4
345 341 7
345 338 4
346 348 2
346 353 8
346 344 6
346 343 8
347 340 8
348 352 6
348 350 1
348 343 9
348 351 9
349 354 1
349 342 8
349 355 2
349 350 9
350 353 8
351 353 9
351 349 4
351 357 6
351 344 9
351 355 5
352 355 8
352 354 9
352 353 3
352 350 7
353 356 8
353 355 9
353 347 7
354 359 9
354 361 3
354 355 9
355 357 4
355 358 8
356 362 9
356 352 9
358 351 5
358 357 9
358 365 1
358 356 1
359 361 3
359 355 10
359 352 7
361 357 7
361 355 3
361 367 8
361 366 2
363 370 9
363 365 3
364 359 10
365 361 7
365 370 4
365 369 5
366 369 3
366 363 4
366 372 6
366 367 3
367 369 5
367 362 1
367 365 4
367 373 1
367 372 4
368 363 6
368 370 7
368 375 4
370 371 3
370 376 8
370 367 7
370 375 4
370 364 5
371 375 3
371 378 6
371 369 1
371 365 6
372 374 1
372 371 4
372 379 10
372 378 8
373 375 7
373 366 1
374 380 6
374 369 10
374 377 9
374 371 7
375 378 3
375 377 5
376 377 4
376 369 6
376 373 10
376 381 4
376 375 1
378 385 5
378 377 10
378 374 4
378 376 8
378 382 9
379 386 10
379 376 8
379 375 3
379 384 6
380 379 1
380 376 4
380 373 7
380 378 4
381 388 5
381 375 6
381 385 8
381 378 8
381 382 4
382 389 5
382 384 1
383 378 5
383 385 3
383 381 6
384 377 8
384 386 10
384 389 5
384 383 3
384 388 1
386 388 5
386 383 7
386 390 5
386 393 8
386 385 7
387 385 7
387 391 2
387 384 2
388 385 9
388 394 3
388 387 3
388 393 10
388 392 4
389 387 4
389 391 10
390 384 3
390 389 5
390 396 4
391 397 10
391 398 8
391 395 7
391 384 4
391 390 8
392 390 8
392 393 9
392 386 7
392 394 7
392 396 7
393 395 5
393 389 10
394 391 9
394 393 2
394 387 7
395 394 4
395 388 6
396 397 10
396 402 7
396 389 7
397 390 6
397 393 1
397 401 7
397 394 3
398 400 9
398 404 10
400 406 10
400 394 7
400 396 6
401 403 6
401 399 2
402 397 6
402 407 8
403 409 3
403 404 1
404 406 9
404 410 7
405 403 10
406 408 7
406 410 9
406 401 10
406 413 6
407 405 3
407 403 8
407 400 6
407 412 6
407 409 5
408 403 7
408 405 1
408 414 3
408 402 7
409 413 7
409 410 8
409 406 9
409 416 7
409 408 3
410 403 2
410 407 3
410 412 4
410 417 6
412 418 3
413 411 9
414 410 3
414 416 8
414 420 6
414 417 5
415 414 9
415 413 10
415 420 2
415 412 5
416 418 6
416 411 1
416 415 3
416 412 3
417 415 1
417 411 10
417 420 9
417 416 9
418 414 6
418 422 1
423 422 9
423 418 10
423 420 6
423 419 5
423 424 7
424 421 9
424 419 9
425 432 6
425 424 6
425 426 9
425 427 1
427 420 7
427 423 1
428 422 2
429 432 3
429 431 10
430 427 10
430 436 6
432 438 5
432 426 8
432 435 9
432 433 2
433 434 10
433 431 6
433 430 8
434 437 1
435 442 1
435 428 5
435 430 10
435 433 9
436 438 8
436 433 9
437 432 10
437 431 3
437 433 2
437 440 4
437 430 1
438 437 9
440 434 6
440 443 3
440 441 9
440 447 1
441 439 1
441 438 6
442 439 1
442 440 10
443 446 7
444 437 8
444 446 5
444 449 8
444 439 9
445 443 5
446 452 10
446 448 10
446 442 9
447 453 7
447 449 6
448 447 4
448 451 2
448 441 5
448 443 4
449 450 2
449 454 5
449 442 7
449 451 7
449 445 7
450 457 8
450 455 6
450 456 6
450 452 9
450 453 9
451 455 10
451 452 2
451 458 4
453 456 2
453 457 4
453 451 7
453 454 6
453 449 2
454 456 6
454 457 9
454 448 7
455 449 1
455 461 10
455 448 8
455 457 2
455 454 6
456 461 7
457 451 7
457 464 8
458 459 1
458 453 5
458 463 1
458 457 1
458 462 4
459 466 6
462 463 6
462 455 3
462 468 2
462 457 4
462 467 1
463 456 3
463 459 6
464 469 1
464 458 4
464 468 2
464 470 9
465 470 1
466 463 3
466 468 7
466 464 7
468 467 6
468 470 7
469 463 7
469 467 6
469 468 10
469 473 6
469 472 2
470 469 4
471 464 2
474 469 7
476 472 7
476 474 5
477 471 2
478 476 9
479 486 9
483 479 10
483 487 1
483 488 4
483 481 8
484 490 10
484 487 6
484 491 3
484 488 3
485 486 3
485 484 1
485 483 8
486 492 3
486 481 8
487 481 7
488 494 7
488 485 8
488 489 3
488 481 4
488 493 10
489 486 4
489 483 6
491 490 2
491 486 9
491 495 1
491 496 1
491 488 6
492 495 7
492 487 3
492 491 3
492 485 1
493 492 5
493 498 3
493 490 6
493 495 10
493 494 10
494 498 4
494 491 9
494 489 6
494 495 9
494 499 4
495 488 8
495 499 8
495 490 2
496 497 2
496 501 9
496 494 2
496 493 7
497 490 1
498 492 10
498 497 2
498 504 6
498 502 5
498 500 9
499 497 10
499 506 7
499 503 1
500 503 7
500 502 4
500 493 3
500 496 6
501 497 9
501 502 8
501 494 9
502 509 3
502 505 3
502 497 3
502 506 4
503 507 6
503 506 4
503 497 4
503 502 6
504 507 7
504 506 3
504 500 6
504 510 10
505 510 6
505 506 2
505 499 8
505 500 6
505 508 5
506 500 7
506 509 9
506 510 2
506 513 9
507 514 8
508 515 10
509 508 7
509 513 2
509 512 3
510 508 3
510 503 5
510 513 9
510 516 6
510 517 6
512 506 7
512 515 2
514 508 1
514 512 10
514 516 7
515 518 3
515 517 8
515 510 9
515 520 7
517 524 3
517 522 7
518 512 8
518 519 2
519 520 2
519 517 5
519 523 10
519 522 1
519 512 6
520 522 5
520 523 9
520 513 1
520 514 9
520 521 8
521 515 9
521 523 2
521 514 10
521 528 4
522 516 3
522 523 10
522 527 5
523 517 7
523 529 1
523 518 7
523 527 4
523 524 10
524 530 1
525 528 5
526 525 8
526 530 7
528 527 1
528 524 2
528 532 8
528 533 6
529 530 1
529 528 3
529 522 4
529 534 6
529 535 3
530 536 2
531 530 5
531 524 5
531 534 10
531 535 8
533 537 9
533 538 5
534 540 10
534 535 7
535 536 6
535 542 8
535 530 2
535 538 7
536 541 9
536 529 10
536 540 9
537 538 2
537 530 6
538 539 7
538 545 10
538 534 9
538 542 4
539 546 3
539 533 10
539 535 8
540 545 2
540 547 9
540 542 7
540 541 10
540 535 3
541 539 10
541 546 10
542 543 7
543 537 3
543 539 6
543 547 6
543 548 6
543 550 5
544 549 4
544 541 7
544 542 6
545 543 5
545 551 2
546 547 10
546 552 7
546 542 2
547 552 4
548 544 4
549 545 2
551 546 6
551 553 5
551 549 10
551 557 8
553 555 8
553 558 1
553 548 8
553 547 10
553 559 2
554 559 10
554 557 1
554 553 10
554 556 7
554 558 1
555 551 5
555 552 7
556 555 5
557 560 8
558 564 9
558 551 5
558 562 3
559 563 5
559 552 1
559 555 10
559 565 1
560 553 9
562 564 10
562 561 6
562 566 3
562 568 7
562 559 1
563 565 1
563 561 3
564 560 3
564 559 1
564 557 2
564 565 7
564 563 7
565 567 6
565 571 6
565 562 8
566 565 6
566 564 10
566 567 6
567 560 6
567 570 9
568 565 6
569 573 5
569 564 2
569 571 1
570 571 9
570 574 1
570 563 6
570 577 3
570 575 10
572 578 9
572 569 3
572 565 1
572 568 1
572 576 2
573 577 9
573 575 8
573 578 7
573 579 3
573 568 2
575 574 5
575 582 4
575 577 9
575 581 8
576 569 6
577 572 2
577 574 10
577 584 2
577 583 8
579 585 6
580 573 3
580 578 4
580 584 1
582 580 5
582 579 2
583 584 7
585 588 9
585 590 7
585 586 7
585 584 10
586 591 3
588 582 1
589 592 9
589 586 6
589 596 1
590 589 4
590 595 9
590 597 5
590 591 4
591 596 6
592 590 8
592 586 4
592 588 1
592 595 4
593 597 8
593 589 4
593 599 10
593 594 2
594 592 6
595 600 7
595 589 5
595 591 9
595 601 9
596 600 8
597 604 10
597 598 9
597 596 7
598 599 6
599 605 10
599 603 3
599 594 5
600 606 1
600 597 10
601 607 10
601 604 1
601 599 1
601 606 4
601 605 5
602 601 3
602 607 2
602 608 2
602 606 9
603 607 9
603 602 3
603 600 4
603 597 4
604 598 10
605 602 5
605 611 1
605 609 6
605 610 3
605 608 10
606 604 2
606 607 1
606 609 2
607 613 5
607 612 7
607 611 9
607 600 10
608 612 3
609 613 9
609 610 3
609 616 10
609 607 6
609 608 1
610 603 5
610 606 10
610 616 7
610 611 10
613 618 5
613 611 9
613 610 7
614 607 2
614 617 8
614 613 5
614 618 5
615 619 5
615 617 10
615 622 6
615 608 4
616 620 2
616 614 10
616 619 9
616 615 10
617 613 1
617 611 3
617 618 2
617 620 9
617 616 2
618 620 8
618 622 5
618 624 9
619 626 5
619 622 8
619 621 8
620 614 5
621 614 5
621 628 10
621 624 4
621 627 6
622 628 8
622 629 3
623 627 5
623 619 3
623 622 10
623 624 3
624 629 1
624 620 10
625 630 5
625 619 6
626 633 4
626 629 9
626 620 6
626 625 6
628 634 4
628 624 7
628 632 6
628 635 2
628 633 3
629 632 3
629 634 8
629 633 7
629 625 5
632 627 2
633 630 1
633 639 10
633 636 5
633 637 5
633 631 8
634 630 2
634 635 7
634 638 2
634 640 5
634 637 2
635 638 2
636 641 6
636 631 4
636 639 5
637 635 4
637 631 7
638 641 3
638 631 4
638 643 7
638 644 4
639 646 7
639 644 4
639 642 6
639 635 2
639 637 10
640 636 4
641 640 3
641 635 5
642 644 2
643 642 9
643 650 2
644 648 5
644 641 9
644 640 6
644 643 6
644 649 6
647 650 10
647 651 5
648 649 9
648 642 9
648 651 1
648 647 2
649 654 1
650 646 8
650 652 7
650 655 1
651 653 9
651 650 7
652 645 7
652 655 2
652 659 1
653 660 3
653 658 5
653 646 10
653 649 6
654 655 5
655 648 1
655 660 9
655 651 8
655 658 7
656 661 4
656 654 9
656 653 1
657 663 7
657 664 9
658 656 9
660 666 6
660 661 9
660 656 2
660 657 3
660 659 4
661 667 4
661 663 5
661 659 1
661 654 2
661 665 5
662 666 6
664 663 3
664 658 9
664 669 6
665 667 2
665 672 1
666 661 9
666 663 8
666 667 2
666 664 4
666 659 5
667 669 10
667 663 2
667 664 5
667 662 4
668 671 3
668 675 8
668 673 4
668 672 10
668 674 10
669 672 4
669 662 8
669 666 5
669 665 7
670 673 9
670 667 2
670 666 9
670 671 10
670 677 8
673 675 5
673 672 1
673 674 8
673 677 10
674 679 8
674 677 7
674 678 4
674 671 6
676 671 6
676 683 3
676 674 5
676 673 8
676 672 9
677 676 4
677 683 10
677 675 3
677 684 6
677 672 7
678 679 5
678 675 9
678 672 10
679 683 5
679 673 10
680 684 8
681 676 4
682 676 9
682 678 6
683 689 8
683 684 1
684 685 8
684 688 7
684 686 10
684 682 6
685 689 3
685 680 7
685 690 8
689 690 3
690 694 4
691 696 2
691 690 6
691 688 6
691 689 5
692 695 6
692 691 8
692 687 3
693 698 1
694 687 1
694 697 2
694 701 4
695 700 4
695 697 7
696 697 2
696 698 10
697 699 4
697 704 5
697 693 3
697 701 4
700 704 10
700 706 1
701 705 7
701 700 5
701 706 2
702 707 3
702 705 7
702 704 6
702 708 8
702 699 8
703 707 10
703 710 7
703 700 6
703 705 4
704 705 10
704 701 5
704 710 2
704 698 10
705 706 10
706 711 6
706 699 7
707 701 6
707 714 5
707 713 3
708 710 1
708 705 8
708 713 6
710 715 9
710 711 8
710 705 3
710 717 6
710 709 5
711 704 10
711 716 3
711 709 8
711 705 9
711 714 10
712 716 8
712 713 5
712 708 6
713 715 6
713 720 10
713 714 6
714 717 1
714 708 7
714 719 10
715 716 10
716 721 4
716 717 1
716 710 5
717 722 5
717 713 10
717 712 9
717 718 7
717 724 10
718 722 3
719 718 8
719 717 5
719 712 1
719 724 2
719 720 3
720 725 6
720 717 3
720 722 8
720 714 2
720 721 8
721 723 8
721 726 5
721 725 10
721 724 4
722 726 2
722 724 10
722 719 6
722 716 9
722 715 7
723 717 2
723 727 2
723 720 4
723 728 2
724 725 7
724 730 7
724 723 10
724 727 3
725 730 7
725 728 4
725 727 8
726 731 7
726 720 1
727 732 9
727 733 9
727 731 5
727 734 4
727 720 7
729 731 6
729 724 2
730 736 5
730 732 9
730 733 2
730 734 7
730 737 3
731 728 4
731 732 6
731 725 6
731 734 10
731 730 6
732 737 2
732 733 2
732 725 1
732 726 1
732 739 6
733 736 3
733 734 6
733 738 1
733 731 6
734 740 8
734 736 1
734 729 10
734 738 4
734 732 1
735 729 8
736 741 8
736 740 2
736 731 2
736 729 5
737 740 7
737 731 10
740 743 5
741 746 9
741 747 5
741 738 1
741 742 2
741 744 2
743 741 6
743 747 8
744 740 9
747 745 9
747 750 10
747 742 1
747 740 10
748 749 3
748 747 7
748 744 3
749 755 9
749 742 10
749 756 6
749 753 4
750 748 1
751 744 5
751 750 7
751 757 1
751 755 1
751 756 7
752 756 3
752 746 2
752 754 9
752 748 5
754 759 4
754 750 9
754 747 7
755 753 10
755 752 1
755 760 9
756 759 10
756 762 3
756 761 9
756 760 1
757 756 2
757 754 2
757 762 10
758 762 1
758 751 7
761 758 10
762 759 6
762 761 4
764 762 5
764 769 10
764 760 6
764 758 6
766 761 10
768 775 7
769 776 1
769 767 9
769 770 3
770 771 10
770 776 4
770 763 3
770 774 7
770 777 4
771 773 5
771 764 3
771 766 10
771 768 10
772 768 7
772 776 2
773 772 9
773 766 1
773 768 3
773 779 7
775 771 9
775 776 9
775 774 9
776 783 7
776 782 1
776 779 2
776 771 9
776 781 10
777 782 2
777 784 1
777 773 6
777 781 3
778 780 6
778 779 9
778 774 10
779 774 6
780 785 3
780 787 1
780 776 5
780 783 3
781 779 6
781 784 1
781 782 8
781 785 2
782 789 4
783 784 8
786 779 1
786 784 4
786 787 3
786 790 8
787 790 9
788 795 4
788 794 4
788 790 1
788 793 7
788 789 1
789 783 10
789 793 6
789 786 8
789 785 8
790 789 7
790 785 4
790 796 8
791 793 8
792 787 4
793 786 9
793 795 9
793 800 10
793 790 8
794 801 1
794 799 4
795 800 7
795 796 9
795 789 8
795 794 4
796 797 9
796 803 5
797 792 2
797 799 3
798 793 1
799 805 9
799 806 6
799 800 9
799 798 9
799 801 8
800 801 8
800 798 1
800 805 1
801 796 9
801 802 1
801 806 9
801 805 10
801 795 1
802 797 10
802 798 1
802 803 10
803 798 4
803 804 8
803 805 9
803 800 2
804 800 4
804 808 7
804 811 6
804 806 2
804 810 6
805 806 7
805 809 7
805 807 9
806 808 3
806 807 10
806 803 6
806 800 7
806 809 1
807 808 9
807 811 4
809 810 10
810 808 3
810 803 10
810 807 6
810 805 6
810 815 7
811 813 3
811 815 5
811 818 7
811 808 3
811 812 5
812 816 4
812 818 10
814 818 7
814 807 9
814 813 3
814 808 7
814 815 1
815 822 9
818 825 6
818 819 7
818 823 2
818 824 2
819 815 2
819 824 1
819 820 2
819 825 10
820 826 8
821 818 2
821 826 8
821 820 1
822 827 4
822 817 2
822 824 7
822 828 8
822 829 6
823 821 3
824 820 7
824 829 7
825 821 8
825 826 5
825 824 9
825 820 3
826 830 7
827 832 10
828 833 6
828 831 1
829 826 5
829 832 10
831 824 10
831 827 2
831 829 8
831 826 10
831 833 9
832 838 2
832 825 9
832 837 6
832 835 9
833 827 7
833 832 2
833 835 2
834 840 2
834 835 10
834 829 9
834 831 6
835 842 5
835 831 10
835 828 10
836 830 3
839 838 7
839 833 7
839 844 9
840 841 6
841 834 3
842 836 9
842 845 2
844 845 1
844 847 10
844 841 5
844 851 4
844 842 4
846 853 7
846 840 1
846 843 1
846 849 9
846 845 4
848 855 10
849 855 9
849 845 10
849 848 4
850 855 8
850 848 3
850 857 10
851 852 8
851 857 1
851 856 10
852 845 6
852 847 5
852 859 1
852 853 8
853 858 9
853 848 9
853 851 10
853 855 10
853 856 9
854 859 7
854 851 1
855 856 3
856 854 1
856 862 7
856 852 7
856 861 9
857 853 9
857 862 3
857 854 10
857 860 9
857 852 2
858 863 6
858 861 2
858 852 4
858 854 8
859 855 4
859 860 6
859 853 8
860 864 6
861 865 1
861 866 6
861 867 8
862 863 9
862 859 10
863 856 1
863 861 5
863 857 7
863 865 5
863 868 8
864 857 3
864 862 1
864 870 8
864 859 8
864 858 6
865 862 10
865 872 3
865 867 5
866 871 7
866 870 1
866 864 2
867 869 10
867 868 9
868 875 10
868 864 9
868 869 6
868 874 4
869 863 6
869 871 8
869 876 2
869 864 10
869 865 2
870 872 3
870 873 6
871 878 6
871 873 10
872 871 8
873 868 9
873 878 10
873 880 9
873 875 7
876 877 7
876 870 1
876 883 3
876 881 1
876 879 7
877 873 8
878 875 5
878 882 9
878 880 8
879 872 8
879 873 2
879 885 7
879 884 3
879 882 7
880 887 10
880 876 7
881 882 5
881 875 4
883 880 9
883 884 9
883 887 2
883 877 2
884 889 9
884 891 2
884 888 10
884 890 10
884 878 6
885 881 1
886 883 9
889 885 9
889 886 4
889 891 10
890 892 5
890 887 9
890 896 10
890 888 1
891 893 3
891 898 3
891 885 3
891 892 6
891 894 6
892 887 1
892 886 3
892 897 9
893 892 4
893 895 5
893 886 10
893 889 7
893 896 2
894 896 7
894 888 4
894 890 7
894 898 4
894 893 5
895 894 7
895 901 7
895 890 6
895 891 1
897 891 8
897 900 3
897 896 6
899 894 10
900 894 7
900 898 10
900 904 4
900 906 7
901 900 5
901 902 8
901 897 8
901 908 5
904 911 8
904 905 7
904 910 6
904 908 8
905 910 9
906 907 4
906 903 5
907 910 10
907 914 9
908 914 4
908 907 2
908 912 2
908 911 7
909 913 2
909 910 7
909 915 4
909 914 5
912 909 7
912 911 7
912 915 8
912 906 2
912 907 1
913 910 6
913 919 2
913 915 6
913 920 1
913 917 6
914 918 3
914 912 8
915 916 3
915 918 5
915 914 7
915 922 2
915 908 10
916 909 8
916 913 1
916 914 3
916 923 7
916 912 5
917 910 6
917 912 10
917 916 8
917 918 6
918 921 7
918 911 8
918 919 6
918 920 5
918 916 9
919 917 9
919 923 10
919 921 6
919 916 5
920 926 10
920 914 8
920 923 8
920 921 2
920 925 8
921 922 9
921 928 3
921 924 7
922 916 6
922 926 8
923 928 5
923 918 1
924 929 7
924 920 1
924 925 7
926 930 5
926 925 10
926 919 1
926 932 8
928 924 10
928 929 4
928 932 8
928 933 6
929 932 7
929 923 2
929 934 3
930 935 5
931 924 5
932 934 1
932 935 2
932 927 1
933 930 9
933 934 10
933 937 5
934 939 8
935 941 10
935 928 5
935 937 4
935 936 9
936 943 7
937 930 5
937 938 2
937 941 4
939 945 1
939 935 1
939 933 5
939 932 8
939 944 8
940 942 2
940 946 4
940 938 8
940 937 9
940 945 2
941 939 6
942 938 5
942 943 2
942 947 2
945 948 6
945 941 5
947 950 9
947 952 10
948 947 8
948 942 7
948 953 10
948 943 9
949 950 6
949 953 10
949 948 8
949 952 3
949 956 3
950 953 7
950 945 4
951 954 10
952 953 6
952 945 6
952 959 2
952 958 4
952 957 3
955 962 1
955 953 10
955 958 9
956 953 10
956 954 2
956 962 9
958 965 9
958 962 4
959 957 9
959 963 6
960 965 2
960 957 1
960 958 3
961 957 8
962 959 2
962 967 1
962 966 2
962 969 4
963 970 5
964 965 1
965 969 4
965 972 6
965 963 4
965 966 7
967 961 9
967 970 2
967 963 9
968 971 8
970 977 2
971 964 6
971 972 1
971 965 3
971 967 5
971 974 6
972 975 3
973 978 10
973 968 9
974 976 4
974 978 9
974 977 10
974 979 9
975 979 9
976 981 4
976 983 1
976 980 6
977 972 10
977 975 8
977 976 2
977 984 5
978 985 10
978 984 4
978 982 4
978 971 7
978 983 6
979 978 10
979 973 8
979 977 3
979 986 8
979 980 1
980 987 6
980 978 10
980 984 1
982 976 5
982 975 1
982 985 6
982 988 8
982 980 3
984 991 7
985 988 5
985 980 5
985 984 9
986 987 6
986 990 3
986 991 1
986 982 4
987 984 1
987 989 10
987 993 4
987 983 3
989 993 9
989 994 5
989 984 3
989 988 1
990 992 8
990 993 8
990 984 8
990 991 7
994 992 6
994 1001 10
994 998 1
994 996 7
995 1001 3
995 997 10
995 999 9
996 1002 2
996 995 5
996 993 7
996 998 4
996 992 6
997 996 7
997 999 8
997 1001 4
997 1000 5
998 992 5
998 1005 2
999 998 3
999 993 2
1000 1002 10
1001 1003 6
1001 1006 10
1003 1010 2
1003 1002 7
1003 996 7
1004 997 7
1004 1005 9
1005 1008 10
1005 1002 3
1005 1006 4
1006 1007 8
1006 1012 8
1007 1010 10
1008 1003 3
1008 1002 9
1008 1009 7
1008 1007 10
1010 1015 3
1010 1011 10
1011 1006 6
1011 1013 1
1011 1017 2
1012 1011 3
1014 1015 3
1015 1012 10
1015 1013 2
1015 1019 6
1017 1024 5
1017 1022 7
1017 1018 5
1017 1021 9
1017 1023 6
1018 1022 3
1018 1021 8
1019 1016 3
1019 1014 2
1019 1021 10
1019 1018 6
1019 1012 10
1021 1024 7
1023 1022 6
1023 1019 3
1024 1025 3
1024 1019 10
1024 1026 4
1024 1020 9
1025 1020 7
1025 1027 10
1026 1028 6
1026 1032 9
1027 1028 5
1027 1020 5
1028 1035 5
1028 1034 3
1029 1025 8
1030 1027 6
1030 1029 10
1030 1036 5
1030 1035 2
1031 1027 8
1032 1027 10
1032 1036 6
1032 1035 8
1032 1037 6
1033 1039 6
1033 1035 9
1034 1040 3
1034 1036 6
1034 1039 6
1034 1038 9
1034 1030 1
1035 1041 3
1035 1042 5
1035 1040 9
1037 1031 10
1037 1030 5
1038 1045 6
1038 1036 10
1038 1031 6
1038 1040 5
1038 1043 1
1039 1036 10
1039 1038 6
1039 1042 10
1040 1042 6
1040 1047 10
1041 1039 2
1041 1045 1
1041 1043 8
1042 1043 4
1043 1036 3
1043 1045 2
1044 1040 8
1044 1049 1
1044 1051 4
1044 1043 3
1045 1047 7
1045 1044 6
1045 1046 2
1046 1042 4
1046 1048 3
1046 1040 4
1046 1052 5
1051 1053 6
1052 1056 6
1052 1057 7
1052 1050 9
1054 1058 10
1054 1057 5
1054 1055 7
1054 1051 3
1055 1062 6
1055 1060 1
1056 1060 8
1057 1055 8
1057 1062 6
1057 1060 6
1057 1063 5
1057 1061 5
1058 1061 9
1059 1060 7
1060 1064 1
1060 1061 8
1060 1058 5
1060 1066 7
1062 1068 1
1062 1060 6
1062 1063 6
1062 1066 2
1062 1064 1
1063 1069 9
1063 1064 6
1063 1056 6
1063 1067 1
1064 1069 3
1065 1064 8
1065 1072 8
1065 1066 7
1066 1064 1
1067 1068 2
1069 1072 10
1070 1077 9
1070 1063 7
1070 1065 5
1070 1076 5
1071 1069 7
1071 1078 3
1071 1074 4
1071 1067 1
1072 1076 4
1072 1068 9
1072 1079 5
1072 1066 9
1072 1077 1
1073 1069 7
1073 1075 5
1074 1076 3
1074 1080 7
1074 1077 10
1074 1081 3
1074 1075 5
1075 1070 9
1075 1082 1
1076 1083 4
1076 1069 5
1076 1082 5
1077 1075 5
1078 1075 10
1078 1072 3
1079 1077 7
1080 1079 2
1081 1075 10
1081 1079 4
1081 1088 2
1081 1084 6
1082 1080 2
1083 1087 1
1083 1082 5
1085 1090 8
1086 1082 2
1086 1081 9
1086 1087 3
1087 1088 6
1087 1089 3
1087 1080 7
1088 1093 4
1092 1091 2
1093 1099 10
1093 1091 1
1093 1098 4
1093 1096 3
1094 1101 5
1094 1089 1
1095 1089 9
1096 1089 3
1096 1091 1
1096 1102 8
1096 1099 4
1097 1102 10
1097 1095 3
1098 1105 9
1098 1096 3
1098 1104 3
1099 1103 10
1099 1092 4
1099 1097 6
1099 1098 9
1099 1106 8
1100 1103 9
1100 1095 6
1100 1094 4
1100 1106 4
1101 1100 3
1101 1106 6
1101 1098 6
1101 1104 4
1102 1105 10
1103 1105 9
1103 1102 7
1103 1106 10
1103 1104 5
1104 1097 2
1104 1099 7
1104 1102 7
1104 1110 10
1106 1107 4
1106 1113 6
1106 1112 10
1106 1108 10
1108 1110 8
1108 1104 8
1108 1105 10
1109 1115 9
1109 1105 5
1109 1113 6
1109 1112 7
1109 1111 1
1110 1117 9
1110 1113 10
1110 1114 4
1111 1105 6
1111 1114 7
1112 1108 8
1112 1110 8
1113 1115 1
1113 1108 10
1113 1116 4
1113 1107 2
1113 1120 10
1114 1121 3
1114 1118 6
1114 1120 8
1114 1109 10
1115 1116 8
1115 1114 3
1115 1117 10
1115 1108 6
1117 1121 1
1117 1118 5
1117 1124 4
1117 1123 6
1118 1121 2
1119 1114 8
1119 1124 9
1120 1115 2
1120 1117 1
1120 1119 8
1120 1126 4
1121 1119 2
1121 1124 9
1121 1126 8
1122 1128 10
1122 1121 8
1123 1122 4
1123 1127 9
1123 1128 9
1123 1129 9
1123 1121 8
1124 1126 1
1125 1132 10
1125 1124 2
1125 1119 4
1125 1121 4
1126 1119 3
1126 1131 10
1126 1133 6
1126 1129 10
1126 1122 8
1128 1127 4
1128 1134 6
1128 1130 4
1129 1124 2
1129 1127 4
1129 1132 9
1129 1136 9
1129 1122 2
1131 1130 9
1131 1128 9
1131 1134 9
1131 1137 10
1133 1140 1
1133 1137 9
1133 1136 6
1134 1132 3
1134 1130 4
1134 1136 3
1134 1138 7
1135 1130 10
1135 1128 4
1135 1139 7
1136 1143 4
1137 1141 6
1137 1132 4
1137 1140 7
1138 1137 5
1139 1146 7
1139 1145 2
1139 1138 1
1140 1139 8
1140 1145 9
1140 1142 7
1140 1144 4
1140 1146 1
1141 1140 1
1141 1143 4
1141 1136 2
1142 1147 9
1142 1144 7
1142 1136 7
1142 1149 1
1142 1141 5
1144 1139 3
1144 1138 4
1144 1143 4
1144 1141 5
1144 1137 5
1145 1143 3
1145 1142 1
1145 1151 2
1146 1153 5
1146 1149 3
1146 1151 8
1146 1142 7
1146 1141 9
1147 1151 10
1147 1150 6
1147 1141 10
1147 1154 7
1147 1146 3
1148 1141 8
1148 1152 6
1148 1146 8
1148 1151 3
1148 1154 1
1149 1156 5
1149 1145 4
1149 1147 1
1149 1153 4
1149 1151 2
1150 1149 8
1150 1151 4
1150 1145 2
1150 1155 5
1150 1148 3
1151 1157 3
1151 1144 9
1151 1153 6
1152 1146 1
1153 1150 4
1153 1147 2
1154 1153 4
1154 1151 6
1154 1156 3
1155 1152 7
1155 1153 8
1156 1158 6
1156 1152 6
1156 1161 6
1156 1150 4
1157 1163 4
1157 1153 1
1157 1155 4
1157 1162 4
1157 1160 10
1160 1156 1
1160 1162 10
1160 1154 9
1160 1164 5
1160 1158 2
1161 1163 3
1161 1157 8
1163 1165 6
1163 1170 1
1163 1162 4
1163 1168 5
1163 1164 9
1164 1162 8
1165 1159 1
1165 1170 2
1166 1172 7
1167 1164 9
1167 1173 6
1167 1166 3
1167 1171 10
1167 1162 1
1168 1171 2
1169 1167 8
1169 1165 1
1170 1171 2
1170 1169 3
1171 1175 3
1171 1172 3
1171 1166 10
1171 1177 2
1171 1169 4
1172 1173 10
1172 1169 10
1172 1175 7
1172 1176 9
1172 1170 5
1173 1166 9
1173 1168 5
1174 1176 7
1174 1171 5
1174 1175 1
1174 1178 4
1175 1179 6
1176 1178 4
1176 1169 5
1176 1180 9
1176 1181 5
1176 1179 10
1177 1176 4
1178 1179 3
1178 1185 10
1178 1172 6
1178 1175 6
1179 1181 1
1179 1177 10
1179 1173 8
1179 1183 8
1179 1172 9
1180 1185 9
1180 1178 9
1180 1186 6
1181 1186 8
1181 1185 10
1181 1187 10
1181 1188 8
1181 1174 5
1182 1183 1
1182 1189 1
1182 1186 4
1182 1184 3
1183 1176 9
1183 1184 4
1183 1187 9
1183 1181 2
1186 1188 2
1187 1180 6
1187 1182 7
1187 1188 4
1187 1184 1
1187 1191 1
1189 1183 9
1189 1196 5
1189 1185 6
1189 1194 3
1189 1188 3
1190 1185 10
1190 1186 4
1190 1187 5
1191 1198 3
1191 1189 7
1193 1197 10
1193 1195 3
1193 1188 1
1194 1195 10
1194 1190 10
1194 1198 7
1194 1200 9
1195 1199 6
1195 1200 10
1195 1196 5
1195 1191 5
1196 1192 1
1196 1190 2
1197 1198 6
1197 1204 5
1197 1199 9
1198 1205 10
1198 1192 7
1198 1199 7
1199 1201 9
1199 1193 7
1199 1203 6
1200 1196 5
1200 1198 10
1200 1205 1
1200 1203 7
1200 1207 10
1201 1206 2
1202 1200 9
1202 1199 7
1203 1198 9
1203 1207 10
1203 1204 3
1204 1210 4
1206 1205 7
1206 1212 5
1207 1205 2
1207 1211 7
1208 1215 6
1208 1210 8
1208 1207 6
1208 1213 6
1209 1216 3
1209 1215 9
1209 1203 2
1210 1203 6
1211 1206 5
1213 1218 1
1213 1217 6
1213 1207 7
1213 1209 1
1214 1221 8
1214 1219 4
1214 1207 7
1215 1212 3
1215 1221 2
1216 1213 7
1217 1219 6
1218 1219 2
1218 1220 8
1218 1221 3
1219 1221 2
1219 1213 1
1219 1215 7
1219 1220 2
1220 1225 2
1220 1216 10
1220 1213 1
1220 1215 1
1220 1221 4
1221 1217 3
1221 1216 3
1221 1224 5
1221 1225 1
1224 1225 9
1224 1223 10
1226 1221 5
1227 1229 5
1227 1225 10
1227 1231 3
1227 1222 7
1228 1235 5
1228 1224 6
1228 1234 1
1228 1230 1
1228 1225 3
1229 1226 6
1229 1232 4
1230 1227 9
1230 1224 5
1230 1237 4
1230 1232 5
1231 1226 7
1231 1238 10
1231 1228 10
1231 1230 5
1232 1231 2
1232 1235 7
1232 1239 4
1232 1234 1
1232 1226 8
1233 1232 9
1233 1237 2
1233 1235 9
1234 1231 8
1234 1240 1
1235 1229 1
1236 1233 3
1236 1230 7
1236 1238 4
1236 1241 10
1237 1236 10
1237 1239 6
1237 1232 8
1237 1243 2
1237 1238 3
1238 1239 6
1239 1243 8
1240 1241 5
1240 1242 4
1241 1238 10
1242 1248 8
1242 1245 2
1242 1243 7
1242 1235 10
1243 1245 6
1243 1236 4
1243 1241 2
1243 1240 7
1244 1237 1
1244 1239 4
1244 1238 7
1245 1238 5
1245 1241 3
1246 1250 4
1246 1239 3
1246 1253 4
1247 1249 9
1247 1242 3
1247 1244 6
1248 1253 2
1248 1244 2
1249 1246 7
1249 1253 9
1249 1255 2
1250 1257 7
1250 1248 1
1250 1247 7
1250 1243 5
1251 1256 10
1251 1257 7
1251 1250 4
1252 1253 6
1252 1257 8
1252 1256 5
1252 1248 2
1252 1245 2
1254 1249 4
1254 1261 4
1254 1258 3
1255 1258 7
1255 1254 10
1255 1260 5
1256 1255 2
1256 1250 7
1256 1253 7
1257 1261 7
1257 1264 7
1257 1254 6
1258 1256 10
1258 1264 8
1258 1251 3
1258 1257 5
1259 1266 1
1260 1266 7
1260 1259 8
1260 1265 8
1261 1267 8
1262 1256 3
1262 1257 8
1262 1263 10
1263 1257 9
1263 1266 4
1263 1258 8
1264 1267 7
1265 1258 10
1265 1259 3
1266 1269 3
1266 1270 7
1267 1270 10
1269 1271 2
1269 1265 1
1269 1272 2
1269 1264 6
1269 1262 7
1270 1271 4
1270 1274 2
1270 1277 4
1271 1273 8
1272 1276 9
1272 1267 7
1273 1276 9
1274 1278 8
1274 1279 8
1274 1269 10
1274 1277 1
1274 1272 3
1275 1269 4
1275 1272 10
1275 1279 8
1275 1280 5
1276 1280 4
1276 1274 3
1276 1281 5
1276 1282 1
1276 1270 10
1277 1271 5
1277 1272 2
1277 1276 7
1277 1283 3
1279 1272 9
1279 1273 10
1280 1274 4
1280 1277 1
1280 1286 8
1280 1273 9
1281 1278 4
1281 1280 3
1282 1289 4
1282 1279 2
1282 1284 5
1284 1277 10
1284 1288 9
1284 1281 2
1284 1285 4
1285 1292 2
1285 1279 8
1285 1291 3
1285 1288 5
1286 1290 10
1286 1292 1
1286 1283 3
1286 1287 6
1288 1289 5
1289 1295 3
1289 1291 3
1289 1286 10
1289 1290 5
1289 1287 5
1290 1288 7
1291 1296 5
1291 1290 3
1292 1298 6
1292 1293 1
1292 1289 5
1293 1291 9
1294 1299 8
1294 1300 7
1294 1298 4
1295 1293 2
1295 1302 2
1295 1292 9
1295 1299 10
1296 1295 7
1296 1299 7
1296 1292 1
1297 1290 7
1297 1295 9
1298 1299 5
1298 1303 2
1299 1297 9
1300 1307 4
1300 1298 1
1300 1303 3
1302 1299 9
1302 1308 1
1302 1296 3
1303 1310 3
1304 1310 4
1304 1297 3
1304 1299 8
1305 1300 3
1305 1309 1
1305 1303 4
1305 1307 4
1305 1310 6
1306 1305 1
1306 1309 7
1306 1303 9
1306 1310 10
1308 1312 9
1308 1314 9
1308 1311 2
1309 1313 3
1309 1303 5
1311 1306 8
1311 1316 4
1312 1318 8
1312 1317 10
1312 1311 9
1312 1319 1
1312 1314 7
1314 1318 4
1315 1318 9
1316 1322 5
1316 1319 6
1316 1313 5
1316 1310 7
1316 1321 4
1317 1316 10
1317 1324 9
1318 1319 9
1318 1316 4
1318 1322 3
1319 1315 3
1319 1320 2
1319 1321 3
1320 1315 4
1320 1326 8
1321 1326 2
1321 1325 4
1321 1318 5
1321 1328 4
1322 1329 1
1322 1321 9
1324 1326 2
1324 1325 6
1324 1322 1
1325 1326 2
1328 1329 10
1329 1325 4
1329 1336 9
1330 1323 7
1330 1336 2
1330 1328 7
1331 1330 2
1331 1332 3
1331 1326 5
1331 1338 5
1333 1336 7
1334 1331 2
1334 1333 10
1335 1334 10
1335 1339 5
1335 1340 5
1335 1341 7
1336 1343 4
1336 1338 4
1336 1337 3
1336 1339 6
1336 1331 1
1337 1335 10
1337 1332 4
1337 1331 10
1337 1338 2
1337 1343 6
1339 1338 7
1341 1345 5
1341 1339 9
1341 1336 1
1342 1345 5
1342 1346 8
1342 1337 1
1342 1343 7
1343 1339 2
1343 1347 10
1343 1345 8
1343 1350 2
1343 1340 3
1344 1338 3
1344 1350 7
1344 1346 3
1344 1351 7
1345 1349 9
1345 1351 7
1345 1339 8
1345 1352 3
1346 1350 6
1346 1352 7
1346 1353 1
1347 1342 1
1347 1345 6
1348 1353 4
1348 1352 6
1348 1344 6
1348 1345 7
1348 1350 4
1349 1350 2
1349 1346 5
1349 1348 6
1349 1356 1
1350 1357 7
1350 1347 9
1350 1353 3
1350 1355 1
1351 1347 10
1351 1349 4
1351 1350 4
1351 1353 8
1352 1357 4
1352 1350 2
1352 1349 3
1352 1353 6
1355 1356 1
1356 1353 6
1356 1359 9
1357 1353 7
1357 1355 1
1357 1361 4
1358 1351 2
1358 1363 9
1360 1366 5
1360 1356 2
1360 1358 10
1360 1357 6
1361 1366 10
1362 1369 1
1362 1355 3
1362 1358 7
1362 1365 3
1363 1362 3
1363 1366 5
1363 1367 9
1363 1365 2
1364 1370 7
1364 1366 1
1365 1371 7
1365 1372 4
1365 1358 6
1365 1359 3
1366 1372 3
1366 1365 2
1366 1359 7
1366 1370 4
1367 1372 2
1369 1370 2
1370 1376 8
1371 1374 2
1371 1372 2
1371 1377 9
1371 1370 4
1372 1378 1
1372 1370 10
1373 1370 6
1374 1372 1
1374 1370 1
1374 1368 5
1375 1371 8
1375 1382 6
1376 1380 7
1376 1378 9
1376 1379 10
1376 1377 9
1376 1382 9
1377 1370 5
1378 1377 1
1379 1374 9
1380 1379 7
1380 1384 1
1380 1387 2
1380 1377 1
1380 1373 1
1381 1386 4
1381 1375 1
1381 1384 6
1381 1379 10
1381 1387 10
1382 1389 10
1383 1389 1
1384 1383 6
1384 1377 4
1384 1390 9
1384 1391 1
1385 1380 5
1385 1378 10
1385 1384 6
1385 1392 5
1386 1380 8
1387 1384 1
1387 1383 7
1387 1393 5
1388 1392 7
1388 1384 9
1388 1386 4
1388 1385 5
1389 1392 6
1389 1391 2
1390 1395 8
1390 1391 5
1390 1385 7
1390 1392 10
1391 1388 10
1391 1398 3
1391 1396 6
1392 1394 7
1392 1391 5
1392 1399 2
1392 1393 6
1392 1397 9
1393 1388 8
1393 1396 7
1393 1386 1
1393 1395 4
1393 1399 7
1394 1395 8
1394 1396 3
1395 1388 4
1396 1395 5
1398 1393 9
1398 1396 1
1398 1405 3
1399 1403 5
1399 1394 3
1399 1396 7
1400 1406 7
1402 1401 6
1402 1399 8
1403 1407 5
1403 1401 5
1403 1397 9
1404 1406 7
1404 1409 2
1404 1410 1
1404 1402 10
1404 1411 5
1405 1412 3
1405 1401 3
1405 1404 3
1405 1399 3
1405 1406 3
1406 1408 4
1406 1401 5
1407 1414 7
1407 1405 1
1407 1411 9
1407 1408 10
1408 1412 7
1408 1401 7
1408 1410 8
1411 1417 4
1411 1416 8
1411 1406 8
1411 1409 4
1412 1419 1
1412 1410 6
1412 1413 6
1413 1410 9
1415 1414 9
1418 1412 7
1418 1411 1
1418 1420 4
1419 1420 1
1419 1422 8
1419 1415 6
1419 1423 5
1419 1425 5
1420 1417 4
1420 1416 2
1420 1414 3
1420 1415 9
1420 1423 8
1421 1414 5
1421 1419 2
1421 1423 7
1421 1426 2
1421 1418 3
1423 1422 6
1423 1426 8
1423 1425 10
1423 1417 10
1425 1427 5
1425 1431 7
1425 1430 1
1425 1422 1
1426 1424 10
1426 1420 7
1426 1432 5
1426 1425 2
1426 1430 10
1427 1424 7
1427 1428 7
1427 1421 8
1427 1431 6
1430 1428 5
1430 1437 3
1430 1423 8
1430 1432 3
1431 1429 6
1431 1430 8
1431 1424 2
1431 1437 9
1431 1435 7
1434 1437 4
1434 1431 9
1435 1437 3
1435 1436 7
1435 1439 5
1437 1433 9
1437 1443 1
1437 1441 9
1437 1432 2
1437 1439 3
1438 1433 5
1438 1436 7
1438 1443 7
1438 1440 5
1439 1442 7
1439 1440 6
1439 1443 2
1440 1437 4
1440 1442 9
1440 1445 2
1441 1448 4
1441 1442 3
1443 1446 5
1443 1444 1
1443 1448 10
1445 1444 2
1445 1443 10
1445 1451 10
1445 1438 4
1445 1447 4
1446 1449 7
1446 1440 10
1447 1454 2
1447 1444 6
1447 1441 10
1447 1446 2
1447 1440 1
1448 1454 4
1448 1455 1
1448 1450 1
1448 1446 3
1448 1444 2
1449 1451 7
1449 1456 3
1449 1445 4
1449 1448 4
1449 1455 6
1450 1449 2
1451 1456 7
1451 1452 5
1452 1445 4
1452 1447 4
1452 1446 5
1453 1451 4
1453 1448 2
1453 1456 3
1453 1450 10
1453 1455 7
1454 1460 5
1454 1453 6
1454 1450 1
1454 1452 5
1454 1459 4
1455 1456 9
1455 1461 6
1455 1452 4
1455 1450 4
1455 1460 10
1457 1453 2
1457 1462 10
1457 1464 2
1457 1450 1
1458 1463 10
1458 1451 3
1459 1460 6
1459 1453 4
1459 1458 4
1459 1464 7
1459 1466 5
1460 1458 4
1460 1467 2
1460 1453 9
1460 1465 6
1461 1454 5
1462 1468 8
1462 1467 7
1462 1458 4
1462 1459 9
1463 1466 2
1463 1468 7
1464 1466 10
1464 1467 10
1464 1470 10
1466 1471 10
1466 1460 3
1466 1469 6
1466 1472 2
1467 1463 7
1468 1461 4
1468 1474 8
1468 1465 7
1468 1467 9
1469 1465 8
1469 1472 7
1470 1474 8
1471 1470 8
1471 1464 4
1471 1473 8
1471 1476 6
1471 1469 3
1472 1471 1
1473 1469 7
1473 1478 10
1473 1477 4
1475 1481 9
1475 1482 10
1476 1469 3
1476 1480 5
1477 1484 9
1478 1474 9
1478 1471 6
1478 1485 10
1478 1483 9
1480 1475 1
1481 1480 4
1481 1483 6
1481 1488 8
1482 1489 3
1482 1486 1
1482 1478 6
1485 1484 10
1486 1492 2
1486 1484 4
1486 1487 10
1487 1489 3
1487 1483 1
1487 1491 6
1487 1485 5
1488 1495 1
1488 1491 4
1488 1484 6
1488 1493 8
1488 1487 1
1489 1490 1
1489 1484 4
1490 1486 1
1491 1489 4
1491 1484 6
1491 1492 4
1494 1492 1
1494 1490 5
1495 1490 9
1497 1503 9
1497 1502 5
1497 1496 7
1498 1495 1
1500 1493 8
1502 1505 3
1502 1501 5
1502 1509 8
1502 1504 5
1502 1503 8
1504 1507 1
1506 1507 6
1506 1510 4
1506 1512 2
1506 1509 9
1507 1500 10
1508 1515 6
1508 1512 10
1508 1509 7
1509 1503 9
1509 1511 2
1509 1505 4
1509 1516 6
1511 1505 9
1511 1504 1
1511 1515 7
1513 1517 4
1513 1518 10
1513 1506 3
1513 1520 2
1514 1520 3
1516 1515 4
1516 1511 10
1516 1523 4
1516 1522 2
1516 1510 7
1517 1512 10
1520 1522 1
1520 1521 10
1522 1526 7
1522 1517 4
1522 1529 2
1522 1527 5
1522 1518 3
1523 1522 5
1523 1524 10
1524 1517 9
1524 1522 4
1525 1527 10
1525 1526 7
1525 1522 5
1526 1528 7
1527 1526 7
1527 1523 5
1527 1521 2
1527 1530 8
1527 1533 2
1528 1527 10
1529 1530 1
1529 1525 6
1531 1532 5
1531 1536 3
1531 1530 7
1532 1530 9
1532 1527 2
1533 1532 7
1534 1537 4
1534 1539 5
1534 1531 9
1535 1536 4
1536 1543 6
1536 1533 10
1536 1532 9
1536 1538 9
1536 1530 3
1537 1531 8
1537 1542 4
1538 1531 4
1538 1535 7
1538 1541 10
1538 1537 1
1539 1532 2
1539 1537 9
1539 1545 3
1539 1543 1
1540 1534 9
1540 1537 7
1540 1542 4
1540 1544 4
1540 1536 6
1541 1535 4
1543 1546 6
1543 1545 8
1544 1551 10
1544 1545 1
1545 1540 8
1547 1550 8
1547 1553 9
1548 1549 3
1548 1551 5
1548 1555 6
1549 1543 10
1549 1542 6
1549 1554 6
1549 1556 4
1550 1545 2
1550 1543 10
1550 1549 1
1551 1558 3
1551 1554 10
1552 1559 6
1553 1555 8
1553 1558 8
1553 1546 2
1553 1556 8
1555 1556 9
1555 1554 1
1555 1558 1
1556 1552 3
1557 1559 5
1557 1561 2
1557 1556 6
1557 1563 9
1558 1559 7
1558 1561 10
1558 1562 7
1558 1552 5
1558 1564 8
1559 1565 10
1559 1562 4
1559 1554 3
1560 1563 5
1561 1559 2
1561 1568 10
1563 1570 8
1564 1561 3
1564 1557 4
1564 1571 6
1564 1566 7
1564 1567 1
1565 1572 6
1565 1563 3
1565 1567 2
1567 1574 4
1567 1563 1
1568 1566 4
1568 1575 2
1568 1569 2
1568 1567 6
1568 1565 1
1569 1570 5
1569 1576 8
1571 1575 8
1571 1567 4
1571 1573 10
1571 1570 8
1574 1575 7
1575 1577 10
1577 1579 5
1577 1580 9
1578 1580 6
1578 1572 7
1579 1576 8
1580 1586 1
1580 1575 5
1580 1581 1
1580 1579 6
1580 1587 8
1581 1579 6
1582 1580 9
1582 1585 7
1582 1575 3
1583 1585 4
1583 1590 2
1583 1589 8
1583 1580 6
1583 1582 2
1585 1578 8
1585 1591 3
1585 1584 3
1585 1590 6
1585 1581 5
1587 1584 7
1587 1594 1
1587 1591 6
1587 1586 8
1588 1589 10
1588 1587 8
1590 1588 5
1590 1591 5
1590 1593 2
1591 1584 4
1592 1596 7
1592 1588 6
1592 1595 2
1592 1599 5
1592 1591 1
1593 1588 4
1593 1586 1
1593 1598 1
1593 1592 8
1594 1599 7
1594 1597 3
1595 1591 5
1595 1588 5
1595 1596 2
1595 1597 8
1595 1589 1
1596 1590 1
1596 1589 7
1598 1600 6
1598 1599 4
1599 1604 4
1600 1601 7
1600 1603 4
1600 1595 9
1600 1605 3
1600 1594 5
1601 1599 2
1601 1602 8
1601 1598 2
1601 1608 3
1602 1608 4
1602 1606 6
1602 1599 1
1602 1597 2
1602 1598 7
1604 1609 10
1604 1608 1
1604 1605 6
1604 1600 4
1604 1602 7
1605 1608 8
1606 1605 10
1606 1612 4
1607 1609 3
1607 1603 9
1608 1606 3
1609 1613 5
1609 1608 5
1609 1610 10
1609 1612 6
1609 1606 10
1611 1612 9
1613 1620 5
1613 1616 4
1613 1612 8
1613 1619 1
1613 1610 10
1614 1610 3
1615 1620 8
1615 1621 4
1615 1618 4
1615 1619 5
1616 1619 5
1617 1624 7
1617 1623 10
1617 1615 7
1617 1620 5
1619 1618 3
1619 1620 5
1619 1623 4
1620 1627 7
1620 1624 3
1620 1616 2
1620 1625 6
1625 1627 1
1626 1619 1
1626 1632 7
1626 1622 4
1627 1624 5
1628 1627 8
1628 1623 2
1628 1632 9
1628 1633 1
1628 1635 3
1629 1631 1
1630 1623 8
1630 1632 2
1631 1627 8
1632 1627 8
1632 1625 4
1632 1634 3
1633 1630 5
1634 1636 9
1634 1633 9
1634 1628 7
1635 1642 4
1635 1632 3
1636 1639 4
1637 1642 6
1637 1643 4
1638 1633 10
1638 1641 7
1638 1640 8
1638 1642 1
1639 1632 4
1639 1638 2
1641 1643 1
1641 1644 5
1641 1637 6
1641 1648 3
1642 1645 7
1642 1643 4
1642 1646 5
1642 1640 2
1642 1641 1
1643 1638 3
1644 1640 10
1645 1649 10
1645 1646 3
1645 1648 8
1646 1651 1
1646 1641 1
1646 1647 6
1647 1644 3
1648 1643 3
1648 1654 2
1650 1657 10
1651 1656 4
1651 1654 7
1651 1650 4
1651 1644 9
1651 1648 6
1652 1651 2
1652 1647 1
1653 1656 4
1653 1648 7
1655 1648 4
1655 1659 7
1657 1655 7
1657 1659 2
1658 1663 3
1658 1656 9
1658 1665 8
1659 1660 2
1660 1658 2
1661 1665 1
1661 1666 3
1661 1663 1
1661 1657 3
1661 1656 1
1662 1668 10
1662 1664 10
1662 1667 4
1663 1662 1
1664 1659 1
1664 1658 7
1664 1663 2
1664 1665 8
1665 1667 10
1666 1659 7
1666 1669 6
1666 1665 3
1667 1669 6
1667 1668 4
1667 1661 2
1668 1666 6
1668 1673 2
1670 1665 6
1670 1668 9
1670 1669 7
1671 1677 8
1671 1669 8
1671 1673 7
1671 1675 5
1672 1677 3
1672 1679 2
1672 1673 10
1672 1669 7
1672 1670 7
1673 1666 8
1673 1674 4
1673 1680 7
1674 1669 2
1674 1680 4
1674 1676 3
1674 1678 6
1674 1667 7
1675 1673 10
1675 1668 10
1675 1672 2
1675 1670 2
1675 1681 2
1676 1673 10
1676 1671 6
1676 1679 2
1676 1681 6
1677 1673 4
1677 1683 1
1677 1681 8
1677 1678 2
1678 1685 6
1678 1683 8
1678 1682 5
1678 1684 10
1679 1682 9
1679 1678 8
1679 1684 4
1679 1685 9
1679 1677 5
1682 1687 8
1682 1683 9
1682 1676 10
1682 1677 1
1683 1689 6
1684 1688 8
1684 1689 6
1685 1690 5
1685 1681 7
1685 1683 9
1685 1684 10
1685 1688 6
1686 1692 6
1686 1685 3
1686 1681 6
1686 1687 2
1687 1680 3
1687 1689 3
1687 1694 3
1687 1690 6
1687 1691 9
1688 1683 3
1688 1691 3
1688 1689 4
1689 1682 8
1689 1691 1
1689 1692 6
1689 1685 4
1690 1692 6
1690 1691 1
1690 1696 8
1691 1697 8
1691 1684 4
1691 1694 5
1691 1698 9
1692 1698 10
1692 1695 4
1692 1688 2
1692 1693 6
1692 1685 6
1693 1698 6
1694 1696 4
1696 1702 1
1696 1701 10
1696 1695 6
1696 1698 4
1696 1692 3
1698 1700 9
1698 1703 2
1698 1705 9
1698 1704 6
1698 1702 6
1699 1693 1
1700 1706 5
1700 1702 7
1700 1693 9
1700 1694 7
1702 1699 4
1702 1703 4
1702 1709 8
1703 1699 6
1703 1701 6
1703 1710 7
1704 1700 7
1704 1706 5
1705 1700 7
1706 1699 1
1706 1701 1
1706 1708 5
1706 1703 1
1706 1711 3
1707 1700 8
1707 1714 10
1707 1709 7
1707 1708 2
1707 1711 6
1708 1704 8
1709 1703 1
1710 1716 7
1710 1711 10
1710 1709 1
1710 1705 6
1711 1718 3
1711 1715 3
1711 1709 9
1711 1716 7
1713 1720 5
1713 1717 5
1713 1707 7
1713 1715 5
1713 1718 9
1714 1717 7
1714 1711 6
1714 1718 10
1714 1710 6
1715 1708 6
1715 1719 5
1715 1717 9
1715 1722 1
1715 1712 10
1718 1724 3
1718 1719 9
1719 1722 6
1721 1728 6
1721 1725 2
1721 1726 10
1722 1725 5
1723 1719 6
1723 1718 4
1723 1730 4
1723 1727 4
1724 1720 5
1724 1728 3
1724 1731 9
1725 1730 7
1725 1724 5
1727 1734 3
1727 1730 3
1727 1724 8
1728 1732 7
1729 1722 3
1729 1733 3
1729 1736 2
1730 1735 7
1730 1726 7
1730 1732 8
1731 1736 2
1731 1734 3
1731 1735 9
1732 1731 8
1732 1725 1
1733 1726 2
1733 1735 3
1733 1728 7
1734 1730 3
1734 1736 7
1735 1738 2
1735 1740 2
1735 1732 9
1735 1736 7
1736 1737 4
1736 1739 10
1737 1742 5
1737 1740 2
1737 1735 6
1738 1745 2
1739 1733 3
1739 1734 8
1739 1740 3
1739 1746 6
1740 1744 9
1740 1742 1
1740 1745 9
1740 1736 5
1741 1736 8
1741 1738 3
1741 1737 8
1741 1745 3
1742 1744 4
1742 1746 7
1743 1750 5
1743 1749 4
1745 1750 1
1745 1749 1
1745 1752 7
1745 1744 4
1745 1743 6
1746 1745 2
1746 1747 10
1746 1744 8
1746 1751 7
1747 1754 3
1749 1753 1
1749 1756 6
1749 1755 1
1750 1753 6
1750 1755 9
1750 1756 9
1750 1744 10
1752 1751 9
1752 1753 3
1752 1754 7
1753 1746 3
1754 1758 8
1755 1762 6
1755 1759 7
1756 1754 2
1756 1753 8
1756 1759 5
1756 1757 10
1757 1759 2
1757 1760 10
1757 1752 8
1757 1751 8
1759 1752 6
1761 1754 3
1761 1766 3
1762 1768 7
1762 1767 10
1763 1759 10
1763 1770 6
1764 1771 9
1764 1770 10
1764 1768 10
1765 1768 7
1765 1772 2
1765 1758 9
1765 1761 7
1767 1774 8
1767 1761 7
1768 1767 9
1769 1765 2
1769 1776 7
1769 1773 7
1771 1776 2
1771 1773 8
1771 1765 8
1771 1772 1
1771 1777 3
1773 1772 4
1773 1779 1
1773 1774 2
1773 1775 9
1773 1770 8
1774 1771 10
1775 1781 8
1775 1768 5
1775 1777 4
1776 1774 9
1776 1781 10
1777 1770 8
1778 1784 9
1778 1774 2
1778 1783 10
1778 1777 10
1779 1782 7
1779 1777 1
1779 1775 2
1780 1775 3
1780 1776 2
1780 1784 9
1780 1782 6
1780 1785 10
1781 1779 7
1781 1774 3
1782 1785 1
1782 1783 1
1782 1777 4
1783 1788 2
1783 1781 10
1784 1789 9
1784 1782 5
1784 1787 5
1784 1777 9
1784 1791 6
1785 1786 4
1785 1790 7
1787 1780 7
1787 1792 9
1787 1781 5
1787 1786 5
1787 1789 7
1788 1782 5
1788 1789 1
1788 1784 1
1788 1795 8
1788 1786 9
1789 1785 9
1789 1786 5
1789 1782 2
1789 1793 10
1790 1795 8
1790 1797 4
1790 1786 7
1790 1787 3
1791 1796 6
1791 1790 1
1791 1785 3
1791 1786 7
1792 1796 7
1792 1794 5
1792 1799 4
1793 1798 7
1793 1788 8
1793 1790 1
1793 1786 6
1793 1795 6
1794 1795 6
1794 1793 8
1794 1788 8
1794 1801 4
1794 1796 4
1796 1790 3
1796 1800 3
1796 1802 8
1797 1793 8
1797 1801 3
1797 1791 4
1799 1800 10
1799 1806 10
1799 1794 4
1799 1795 1
1799 1803 4
1800 1806 5
1800 1797 5
1800 1794 2
1800 1798 6
1801 1807 4
1802 1804 9
1802 1806 5
1802 1797 3
1802 1800 9
1803 1800 2
1803 1809 9
1804 1799 5
1805 1801 5
1805 1798 5
1805 1799 9
1805 1800 2
1806 1809 8
1806 1801 1
1806 1804 2
1806 1810 7
1806 1812 3
1807 1805 5
1807 1813 2
1808 1809 8
1808 1804 6
1809 1813 3
1810 1816 8
1810 1809 1
1811 1818 1
1811 1810 9
1812 1815 7
1812 1817 5
1812 1810 1
1812 1808 1
1814 1820 4
1814 1807 8
1814 1818 1
1814 1809 2
1815 1811 3
1815 1821 9
1815 1814 1
1815 1816 8
1816 1809 7
1816 1819 10
1816 1812 9
1817 1818 3
1817 1810 7
1817 1813 7
1818 1813 8
1818 1821 6
1819 1812 9
1819 1815 5
1820 1819 10
1820 1827 1
1820 1823 10
1821 1824 4
1822 1827 6
1822 1828 7
1822 1815 9
1822 1818 2
1825 1832 4
1825 1822 1
1825 1828 2
1826 1819 6
1826 1827 9
1826 1828 1
1827 1831 8
1827 1825 4
1828 1832 3
1828 1827 5
1828 1830 8
1829 1832 3
1831 1829 10
1831 1838 2
1831 1824 4
1831 1825 7
1831 1835 9
1832 1835 5
1833 1831 7
1834 1839 7
1834 1840 9
1835 1842 2
1835 1837 5
1835 1828 2
1835 1829 2
1836 1835 9
1836 1834 6
1836 1843 9
1836 1829 8
1837 1842 1
1838 1843 10
1839 1843 6
1839 1841 2
1839 1840 3
1839 1842 5
1839 1844 3
1840 1838 7
1840 1842 5
1840 1833 8
1841 1835 9
1841 1843 2
1841 1847 4
1841 1838 3
1842 1843 6
1842 1848 4
1842 1849 10
1843 1849 10
1844 1850 6
1846 1852 4
1846 1844 1
1847 1853 6
1850 1853 6
1851 1844 5
1851 1848 5
1852 1850 7
1852 1845 10
1855 1858 10
1856 1852 1
1856 1853 10
1856 1860 7
1856 1858 1
1856 1861 6
1857 1862 7
1857 1855 8
1857 1854 1
1857 1853 7
1858 1859 8
1858 1861 7
1858 1860 9
1858 1865 8
1859 1862 5
1859 1856 7
1859 1866 8
1859 1852 4
1859 1863 10
1860 1862 2
1860 1853 8
1861 1868 4
1861 1863 1
1861 1866 5
1864 1857 9
1864 1871 4
1864 1869 4
1864 1868 1
1865 1862 10
1865 1867 10
1866 1860 10
1867 1870 1
1867 1874 4
1868 1869 7
1869 1863 7
1869 1870 8
1869 1872 2
1869 1866 4
1869 1871 4
1870 1866 10
1870 1864 2
1871 1874 8
1871 1865 6
1871 1875 4
1871 1870 8
1871 1876 7
1872 1867 8
1872 1874 3
1873 1874 1
1874 1877 4
1874 1869 8
1876 1880 3
1876 1879 4
1876 1869 6
1876 1877 9
1876 1883 8
1877 1872 4
1877 1883 3
1877 1878 2
1877 1884 10
1877 1873 3
1879 1886 7
1879 1885 7
1880 1886 5
1880 1883 5
1881 1886 4
1881 1874 7
1881 1885 8
1881 1888 6
1881 1880 8
1883 1884 10
1883 1887 2
1883 1886 4
1883 1881 1
1886 1892 10
1886 1889 5
1886 1888 3
1886 1893 8
1886 1887 9
1887 1888 10
1888 1885 7
1888 1892 6
1888 1884 10
1888 1891 6
1888 1882 3
1889 1887 10
1889 1893 1
1889 1882 7
1890 1895 3
1891 1885 2
1891 1896 6
1892 1894 5
1892 1891 5
1893 1895 6
1893 1887 6
1893 1894 4
1893 1892 3
1894 1887 5
1894 1895 10
1894 1898 5
1894 1901 8
1894 1890 8
1895 1902 2
1895 1891 10
1896 1895 10
1897 1892 1
1897 1904 7
1898 1895 10
1898 1893 5
1898 1892 5
1898 1896 6
1898 1905 4
1899 1904 8
1899 1900 3
1900 1904 3
1900 1906 1
1900 1905 8
1900 1903 5
1900 1907 8
1904 1902 1
1904 1898 7
1905 1906 9
1906 1911 10
1907 1913 6
1907 1904 9
1908 1901 7
1909 1914 2
1910 1907 2
1911 1914 3
1911 1918 8
1912 1905 5
1912 1917 1
1912 1913 7
1912 1909 8
1913 1918 1
1913 1919 3
1913 1914 2
1913 1915 3
1913 1908 2
1914 1916 10
1914 1907 8
1914 1912 2
1914 1910 5
1914 1919 7
1916 1921 7
1918 1924 2
1918 1923 5
1918 1922 6
1918 1919 10
1918 1914 10
1919 1926 1
1919 1922 1
1920 1926 2
1920 1913 10
1922 1923 10
1922 1929 5
1922 1915 10
1923 1920 5
1923 1925 5
1923 1917 3
1924 1928 2
1925 1922 1
1925 1931 9
1925 1928 6
1925 1924 10
1925 1920 5
1926 1931 9
1926 1925 10
1926 1924 9
1926 1932 9
1927 1922 6
1927 1933 2
1927 1921 3
1927 1931 9
1928 1931 6
1928 1929 4
1928 1934 6
1928 1926 10
1928 1927 4
1929 1933 2
1929 1923 10
1929 1924 10
1929 1927 10
1929 1931 10
1930 1936 7
1931 1935 3
1931 1938 9
1931 1932 2
1932 1928 7
1932 1927 10
1932 1939 6
1933 1930 7
1933 1928 8
1933 1932 7
1934 1941 10
1934 1930 10
1935 1940 8
1935 1930 1
1935 1942 9
1935 1939 2
1935 1933 10
1936 1932 8
1936 1942 3
1936 1933 6
1937 1930 7
1938 1939 7
1938 1937 10
1938 1932 8
1938 1945 5
1938 1933 3
1939 1937 4
1940 1939 9
1940 1947 8
1940 1936 4
1940 1943 5
1940 1933 10
1941 1945 7
1941 1936 8
1943 1950 1
1944 1938 3
1944 1950 10
1944 1940 7
1944 1951 2
1944 1943 2
1946 1943 9
1946 1952 8
1947 1951 5
1947 1945 8
1947 1949 3
1947 1952 6
1947 1948 5
1948 1949 5
1948 1941 1
1949 1951 6
1949 1946 10
1949 1945 2
1950 1945 9
1951 1952 1
1951 1958 7
1951 1953 6
1952 1953 7
1952 1950 2
1952 1955 6
1952 1945 5
1952 1957 10
1954 1955 6
1954 1959 3
1954 1950 5
1954 1957 1
1955 1951 2
1955 1950 8
1955 1959 3
1958 1960 6
1959 1957 8
1959 1962 4
1959 1961 10
1959 1965 9
1959 1964 3
1960 1963 9
1961 1960 9
1961 1968 2
1962 1960 1
1962 1965 7
1962 1963 1
1962 1967 2
1962 1966 9
1963 1964 1
1963 1968 2
1963 1957 2
1964 1958 4
1964 1957 10
1964 1966 8
1964 1968 6
1965 1970 6
1965 1964 2
1966 1970 6
1967 1968 10
1967 1972 8
1967 1961 7
1967 1973 1
1967 1960 1
1969 1967 3
1969 1973 1
1969 1962 3
1970 1971 1
1970 1973 9
1970 1972 9
1970 1975 9
1970 1976 4
1974 1976 6
1974 1972 6
1974 1968 8
1976 1983 9
1976 1981 6
1976 1977 4
1976 1975 2
1976 1980 5
1977 1980 10
1977 1973 6
1977 1979 4
1979 1978 4
1979 1982 6
1979 1986 5
1980 1975 4
1980 1984 6
1980 1979 7
1980 1978 6
1980 1974 2
1981 1978 8
1981 1980 2
1981 1982 10
1981 1984 3
1981 1979 10
1982 1976 5
1982 1984 2
1982 1989 1
1982 1987 3
1983 1982 6
1983 1977 5
1983 1990 8
1983 1988 2
1984 1985 8
1985 1986 10
1985 1992 2
1985 1989 10
1985 1979 8
1986 1980 8
1986 1984 10
1986 1989 2
1986 1993 6
1987 1985 8
1987 1994 2
1987 1989 3
1987 1986 6
1988 1984 7
1990 1991 4
1990 1986 7
1990 1997 6
1990 1994 8
1990 1988 9
1991 1988 7
1992 1996 2
1992 1997 7
1992 1993 4
1992 1988 10
1992 1998 7
1994 1993 8
1994 1989 10
1995 1988 8
1995 1997 7
1995 1993 4
1995 1990 3
1995 2002 8
1996 1989 5
1996 1994 8
1996 2003 9
1997 1998 4
1997 1994 8
1997 2001 8
1997 1991 10
1997 2002 9
1998 2001 8
1998 1996 10
2000 2005 1
2000 1996 2
2000 2007 4
2001 2007 9
2001 2004 7
2001 2006 6
2001 2005 8
2001 1996 3
2002 1999 2
2002 2007 6
2002 2000 6
2003 2002 2
2003 2008 5
2003 2005 2
2003 2000 7
2003 2007 1
2004 2000 1
2004 1999 6
2004 2009 5
2004 2007 8
2005 2008 5
2005 1999 2
2005 2002 9
2006 2003 10
2006 2000 7
2007 2014 6
2008 2011 1
2009 2013 9
2011 2013 10
2011 2017 7
2011 2009 1
2011 2007 9
2011 2004 1
2012 2007 8
2012 2017 10
2012 2016 6
2013 2012 8
2013 2010 5
2013 2017 2
2014 2017 8
2014 2010 4
2015 2010 7
2015 2008 9
2015 2009 6
2015 2022 5
2016 2021 4
2016 2019 6
2017 2019 2
2017 2021 8
2017 2022 3
2017 2023 4
2018 2021 7
2018 2012 4
2019 2013 2
2019 2014 4
2019 2018 9
2019 2021 7
2019 2023 8
2020 2024 10
2020 2026 6
2020 2013 9
2021 2024 6
2021 2022 9
2021 2028 3
2021 2014 7
2022 2028 8
2022 2018 4
2023 2027 7
2023 2029 10
2023 2028 7
2024 2028 10
2024 2027 1
2025 2026 7
2026 2027 7
2026 2032 7
2026 2023 8
2026 2030 3
2026 2029 5
2027 2028 10
2027 2025 7
2027 2033 2
2028 2031 3
2028 2026 2
2028 2030 10
2029 2035 7
2029 2022 6
2029 2031 9
2029 2036 2
2030 2032 2
2030 2036 4
2030 2029 3
2030 2033 5
2031 2032 6
2031 2035 3
2031 2025 4
2031 2024 1
2033 2028 5
2034 2031 6
2034 2029 3
2035 2028 1
2036 2039 7
2037 2032 9
2038 2039 2
2038 2031 6
2038 2041 6
2038 2037 10
2038 2032 7
2039 2043 1
2039 2045 4
2039 2033 7
2039 2040 6
2041 2048 4
2041 2044 10
2041 2045 3
2041 2047 3
2042 2036 9
2042 2047 7
2042 2046 1
2043 2050 6
2043 2037 4
2044 2040 2
2044 2039 9
2046 2052 4
2046 2050 7
2046 2043 6
2047 2050 9
2047 2045 1
2047 2052 8
2047 2046 10
2049 2043 4
2049 2044 9
2049 2050 2
2049 2045 7
2049 2047 4
2050 2045 4
2050 2053 3
2050 2056 2
2050 2048 6
2050 2054 1
2051 2050 9
2051 2057 8
2051 2054 6
2051 2046 3
2053 2060 6
2053 2057 7
2054 2061 9
2054 2048 3
2055 2053 9
2055 2062 2
2055 2061 10
2055 2054 9
2055 2058 10
2056 2060 4
2056 2055 3
2056 2051 9
2056 2053 10
2057 2060 5
2057 2054 10
2057 2062 9
2057 2050 9
2057 2052 10
2058 2063 2
2058 2061 6
2058 2059 6
2059 2052 8
2059 2054 5
2059 2056 3
2059 2066 2
2059 2060 2
2060 2055 7
2062 2066 3
2062 2060 10
2062 2056 7
2062 2064 3
2063 2065 1
2063 2070 6
2064 2063 7
2064 2068 3
2064 2060 6
2064 2057 3
2065 2064 1
2065 2067 9
2065 2070 3
2065 2062 7
2065 2061 5
2067 2070 8
2068 2070 7
2070 2064 8
2070 2077 4
2071 2064 10
2071 2066 6
2071 2070 5
2071 2065 8
2073 2080 3
2073 2078 9
2073 2077 1
2073 2069 6
2073 2074 8
2074 2079 3
2075 2076 10
2075 2082 10
2075 2081 4
2075 2078 10
2076 2080 7
2077 2076 1
2077 2075 5
2077 2082 8
2078 2081 2
2080 2082 10
2080 2078 9
2081 2084 6
2081 2087 10
2082 2086 4
2082 2079 1
2082 2076 7
2082 2085 2
2082 2084 9
2083 2088 1
2084 2078 6
2086 2084 6
2086 2093 3
2086 2091 7
2086 2092 3
2087 2088 6
2087 2082 3
2087 2093 8
2088 2095 10
2088 2090 7
2088 2093 6
2088 2091 3
2088 2086 9
2089 2091 10
2089 2082 3
2089 2093 7
2090 2095 6
2090 2089 4
2090 2084 4
2090 2087 8
2094 2090 8
2094 2087 10
2094 2098 2
2094 2093 7
2094 2089 6
2095 2096 9
2095 2091 1
2095 2097 6
2095 2099 4
2095 2101 10
2096 2097 2
2096 2092 5
2097 2093 2
2097 2098 8
2097 2103 2
2097 2100 10
2097 2104 6
2099 2105 5
2099 2100 2
2099 2101 8
2099 2092 10
2101 2097 7
2101 2094 7
2101 2100 7
2101 2107 8
2101 2098 1
2103 2099 5
2103 2108 7
2103 2096 4
2103 2110 10
2103 2104 10
2104 2101 1
2104 2111 2
2104 2108 7
2104 2106 6
2104 2098 10
2106 2108 9
2107 2104 8
2108 2115 1
2108 2102 1
2109 2106 1
2109 2102 9
2109 2111 7
2109 2104 1
2109 2115 5
2110 2107 1
2112 2109 1
2112 2105 6
2112 2117 4
2113 2117 2
2113 2111 1
2113 2114 6
2115 2118 7
2115 2116 7
2115 2114 1
2115 2121 7
2117 2118 8
2118 2121 6
2118 2122 6
2119 2112 4
2119 2116 9
2120 2116 7
2120 2126 2
2120 2119 6
2120 2124 8
2121 2123 5
2121 2117 2
2121 2120 9
2121 2116 7
2121 2122 5
2122 2117 6
2122 2120 8
2122 2116 3
2123 2116 2
2123 2128 9
2124 2119 5
2124 2130 8
2124 2129 9
2124 2118 10
2125 2126 4
2125 2127 4
2126 2131 7
2126 2119 9
2126 2123 1
2126 2130 7
2126 2124 3
2127 2120 2
2127 2122 1
2127 2126 2
2127 2124 3
2127 2129 1
2128 2134 6
2128 2125 8
2129 2125 6
2129 2133 2
2129 2134 1
2130 2133 7
2131 2136 10
2131 2127 7
2131 2133 4
2132 2128 7
2132 2126 7
2133 2128 4
2134 2140 4
2134 2135 1
2134 2139 4
2134 2136 6
2135 2137 10
2135 2133 2
2135 2140 1
2136 2135 1
2136 2137 5
2138 2134 4
2138 2131 5
2138 2140 3
2139 2141 10
2139 2144 10
2139 2133 2
2139 2142 10
2139 2138 1
2140 2146 5
2141 2142 9
2141 2136 7
2141 2146 4
2141 2148 5
2141 2138 4
2142 2140 3
2142 2148 2
2142 2137 3
2144 2147 9
2144 2140 6
2145 2140 9
2147 2148 3
2147 2143 2
2147 2150 3
2147 2141 5
2148 2154 6
2149 2155 9
2152 2145 10
2152 2159 8
2154 2151 2
2154 2159 9
2154 2161 8
2154 2155 8
2154 2150 8
2155 2152 10
2155 2153 8
2155 2156 7
2156 2162 5
2156 2152 8
2156 2154 9
2156 2151 7
2157 2160 5
2157 2153 5
2157 2163 2
2157 2154 4
2157 2161 6
2158 2163 3
2158 2151 2
2158 2154 7
2158 2155 9
2159 2161 3
2159 2164 5
2160 2162 6
2160 2158 9
2160 2153 3
2160 2163 10
2161 2156 5
2161 2167 7
2161 2168 9
2161 2158 4
2162 2161 10
2162 2157 9
2164 2171 2
2165 2159 3
2165 2158 10
2165 2166 1
2166 2159 6
2167 2171 2
2168 2166 8
2168 2172 1
2169 2166 9
2169 2173 5
2170 2164 3
2170 2165 6
2171 2174 10
2171 2175 7
2171 2168 10
2172 2165 2
2172 2175 9
2172 2167 7
2173 2180 10
2173 2167 9
2173 2166 1
2173 2178 7
2173 2172 8
2174 2168 4
2174 2176 9
2174 2173 1
2174 2178 5
2174 2181 7
2176 2177 8
2176 2181 4
2179 2182 2
2179 2172 3
2180 2179 1
2180 2181 7
2180 2186 3
2180 2187 4
2180 2184 2
2181 2178 9
2184 2178 9
2185 2182 3
2186 2184 3
2186 2188 3
2186 2182 1
2186 2181 8
2187 2194 6
2187 2184 10
2188 2195 4
2188 2193 10
2188 2182 10
2188 2181 10
2188 2190 1
2189 2184 6
2189 2196 2
2189 2182 7
2189 2183 7
2189 2195 3
2190 2189 6
2191 2186 1
2192 2194 2
2193 2192 5
2193 2191 3
2193 2198 6
2194 2190 4
2194 2198 9
2194 2195 9
2194 2189 6
2195 2193 10
2195 2201 9
2195 2196 7
2195 2202 4
2195 2199 9
2196 2200 5
2198 2191 4
2199 2201 4
2199 2197 4
2199 2204 7
2199 2194 7
2200 2205 10
2200 2202 1
2202 2201 10
2202 2207 1
2202 2199 7
2202 2209 10
2202 2198 9
2203 2198 8
2203 2202 2
2204 2207 5
2205 2206 3
2205 2202 4
2205 2203 2
2205 2207 6
2206 2207 4
2206 2212 6
2206 2213 9
2207 2203 6
2207 2200 3
2207 2211 9
2207 2208 10
2208 2206 1
2209 2215 1
2209 2210 9
2209 2203 1
2210 2217 6
2210 2212 2
2210 2213 3
2210 2214 3
2211 2209 10
2211 2204 8
2211 2208 6
2211 2212 6
2212 2219 8
2212 2215 2
2212 2208 3
2212 2218 2
2213 2214 1
2213 2217 3
2213 2212 9
2213 2208 9
2213 2218 4
2214 2208 4
2214 2209 8
2214 2216 4
2214 2218 2
2214 2211 2
2215 2216 8
2215 2222 10
2215 2220 8
2216 2219 8
2216 2213 1
2216 2217 2
2217 2221 1
2217 2223 1
2217 2211 3
2217 2215 6
2217 2222 8
2218 2215 4
2218 2223 5
2219 2220 1
2219 2224 3
2220 2217 8
2220 2225 3
2220 2214 6
2220 2223 9
2221 2228 5
2221 2222 9
2221 2225 1
2221 2227 9
2222 2225 3
2222 2229 2
2222 2219 7
2223 2229 1
2223 2226 8
2223 2228 9
2224 2218 8
2224 2226 4
2224 2231 3
2224 2222 9
2224 2225 4
2225 2230 8
2225 2227 3
2226 2233 5
2226 2228 6
2226 2219 2
2227 2232 7
2227 2231 5
2228 2230 2
2228 2222 7
2228 2224 8
2230 2231 5
2230 2235 4
2232 2231 4
2232 2236 10
2232 2238 2
2232 2239 1
2233 2231 8
2233 2239 5
2233 2235 4
2234 2227 2
2234 2240 2
2234 2228 2
2234 2233 4
2234 2239 9
2235 2229 9
2235 2237 6
2235 2231 1
2236 2242 3
2236 2233 6
2236 2231 6
2236 2229 9
2237 2242 1
2237 2230 4
2238 2231 7
2238 2235 6
2238 2233 10
2238 2236 9
2238 2242 9
2239 2245 7
2239 2243 2
2239 2246 2
2240 2244 4
2240 2245 2
2240 2237 8
2240 2243 4
2241 2235 8
2241 2239 10
2241 2245 6
2241 2243 3
2241 2240 7
2242 2243 9
2242 2247 2
2242 2246 9
2242 2241 9
2242 2235 5
2243 2236 10
2243 2246 5
2245 2249 4
2245 2250 9
2246 2241 10
2246 2244 4
2246 2240 4
2246 2253 4
2247 2253 1
2247 2254 6
2247 2243 9
2247 2245 10
2248 2255 1
2248 2249 2
2248 2245 5
2248 2243 7
2248 2250 9
2250 2253 7
2250 2249 9
2251 2257 3
2252 2247 4
2252 2253 3
2252 2245 4
2252 2256 6
2252 2255 6
2253 2251 7
2253 2259 8
2254 2260 9
2254 2261 4
2254 2259 4
2255 2261 9
2255 2253 1
2255 2250 6
2255 2257 10
2256 2261 4
2256 2251 7
2256 2257 1
2256 2249 9
2256 2259 5
2257 2258 5
2257 2252 3
2257 2260 4
2257 2250 2
2257 2264 3
2258 2254 7
2258 2253 8
2258 2263 5
2258 2252 5
2259 2255 10
2259 2263 3
2259 2252 2
2259 2265 2
2260 2261 5
2260 2258 5
2260 2256 4
2260 2259 1
2260 2265 7
2261 2267 2
2261 2265 7
2264 2267 10
2264 2260 4
2265 2263 1
2266 2271 10
2266 2265 2
2267 2265 10
2268 2271 4
2268 2275 6
2268 2273 9
2268 2262 4
2268 2270 6
2270 2273 9
2270 2263 2
2270 2274 6
2271 2273 1
2272 2278 1
2272 2270 8
2272 2265 4
2273 2274 2
2273 2269 7
2273 2267 2
2273 2272 7
2273 2280 10
2274 2267 7
2274 2281 3
2274 2272 3
2274 2269 2
2274 2271 8
2275 2269 10
2276 2272 5
2276 2269 4
2276 2273 8
2276 2281 9
2277 2275 5
2277 2273 2
2277 2278 8
2278 2282 1
2278 2275 1
2278 2285 2
2278 2283 10
2279 2275 1
2279 2286 8
2280 2281 8
2280 2282 4
2280 2277 4
2281 2288 7
2281 2287 4
2281 2284 7
2281 2279 10
2281 2278 2
2282 2276 2
2282 2289 10
2282 2275 4
2282 2287 6
2283 2279 3
2283 2276 2
2283 2281 7
2283 2280 10
2283 2288 10
2284 2291 5
2284 2283 10
2284 2277 7
2285 2291 2
2285 2289 9
2285 2279 1
2285 2290 3
2285 2286 7
2286 2289 4
2286 2288 2
2286 2292 1
2287 2289 10
2288 2294 5
2288 2293 1
2288 2285 3
2288 2284 3
2288 2290 4
2290 2297 8
2290 2289 2
2290 2295 5
2291 2294 9
2291 2287 7
2291 2295 4
2293 2292 5
2293 2291 4
2293 2286 10
2293 2297 10
2294 2296 2
2294 2293 9
2294 2295 9
2294 2300 3
2294 2301 8
2295 2297 10
2295 2296 1
2295 2292 7
2295 2300 9
2295 2301 10
2296 2293 2
2296 2301 9
2296 2297 4
2296 2303 1
2296 2289 5
2297 2294 10
2297 2303 8
2297 2298 3
2297 2304 1
2299 2297 8
2299 2305 7
2299 2294 2
2299 2304 6
2300 2307 1
2300 2297 5
2300 2302 4
2301 2297 4
2302 2306 9
2302 2295 2
2303 2310 7
2303 2309 10
2303 2305 4
2304 2301 8
2304 2308 7
2305 2300 6
2306 2310 8
2306 2309 4
2307 2304 3
2307 2303 5
2307 2302 4
2309 2310 8
2309 2302 6
2310 2312 6
2310 2316 3
2310 2307 1
2310 2305 7
2310 2311 6
2311 2312 8
2311 2316 7
2311 2313 2
2312 2314 1
2313 2318 6
2314 2310 7
2314 2311 3
2314 2316 5
2314 2307 10
2315 2314 5
2315 2310 1
2315 2311 6
2317 2314 5
2319 2324 4
2319 2322 9
2319 2318 4
2319 2316 10
2319 2312 3
2320 2314 10
2320 2315 5
2320 2325 3
2320 2323 1
2320 2327 3
2322 2315 9
2322 2318 6
2322 2320 3
2322 2324 4
2323 2324 7
2323 2321 7
2323 2326 3
2323 2317 10
2323 2318 1
2324 2317 8
2324 2329 1
2324 2331 10
2325 2322 5
2325 2323 7
2326 2322 6
2326 2320 4
2326 2324 3
2326 2329 10
2326 2333 10
2327 2333 3
2327 2328 6
2327 2322 8
2328 2335 5
2328 2321 3
2328 2334 7
2328 2332 2
2328 2326 5
2329 2335 8
2329 2333 4
2329 2325 6
2329 2331 3
2330 2334 8
2330 2332 2
2330 2323 2
2330 2328 4
2330 2335 1
2331 2328 3
2331 2332 3
2331 2337 5
2331 2326 7
2331 2330 9
2333 2331 2
2333 2334 2
2333 2340 6
2333 2338 8
2334 2337 4
2334 2336 9
2334 2335 6
2334 2340 2
2334 2341 7
2335 2339 7
2335 2337 6
2335 2332 8
2335 2338 9
2335 2340 1
2336 2335 4
2337 2338 9
2337 2333 5
2338 2336 1
2338 2332 2
2341 2337 2
2341 2336 8
2342 2340 4
2342 2336 3
2342 2343 5
2342 2338 2
2342 2349 1
2343 2345 5
2343 2349 8
2344 2340 7
2344 2342 7
2345 2338 6
2345 2339 6
2345 2348 2
2346 2341 3
2347 2354 5
2348 2350 3
2348 2353 7
2348 2341 4
2348 2347 9
2350 2346 2
2350 2345 3
2350 2354 1
2350 2347 5
2350 2356 10
2351 2348 10
2351 2350 10
2351 2352 2
2351 2349 10
2352 2350 4
2352 2356 1
2353 2359 2
2353 2356 5
2354 2348 2
2355 2358 8
2355 2351 5
2356 2362 1
2356 2349 1
2357 2362 8
2357 2353 1
2358 2356 4
2358 2360 5
2358 2365 6
2358 2352 9
2360 2355 7
2360 2367 7
2360 2359 5
2360 2357 8
2361 2362 1
2361 2355 8
2361 2364 6
2362 2367 2
2363 2368 3
2363 2366 9
2364 2362 6
2364 2367 9
2364 2357 6
2364 2358 4
2365 2369 2
2365 2370 4
2365 2367 9
2365 2359 1
2366 2369 10
2367 2366 10
2368 2374 3
2368 2369 6
2368 2375 2
2368 2364 3
2368 2372 3
2369 2370 3
2371 2378 6
2371 2370 3
2371 2372 8
2371 2367 6
2371 2365 7
2372 2366 9
2373 2371 10
2373 2372 2
2373 2367 8
2375 2370 7
2376 2369 10
2377 2384 2
2377 2379 2
2377 2375 9
2377 2382 2
2379 2383 10
2379 2386 9
2380 2378 5
2381 2379 8
2382 2381 9
2382 2388 8
2382 2375 7
2382 2376 6
2382 2380 8
2383 2380 6
2383 2384 1
2383 2389 4
2383 2377 7
2383 2390 4
2384 2387 4
2384 2388 4
2384 2390 2
2384 2382 9
2384 2381 4
2385 2388 9
2385 2378 10
2385 2380 3
2385 2381 5
2385 2382 6
2386 2393 6
2386 2388 6
2386 2383 8
2387 2390 5
2387 2394 8
2387 2389 9
2388 2394 2
2388 2393 1
2388 2391 8
2389 2385 2
2389 2391 2
2390 2389 7
2390 2395 7
2390 2392 1
2390 2394 4
2390 2393 10
2391 2393 5
2391 2396 3
2391 2395 3
2391 2385 8
2391 2398 3
2392 2387 9
2392 2396 10
2393 2387 1
2393 2398 9
2393 2399 9
2394 2391 1
2394 2399 10
2395 2398 8
2395 2389 10
2395 2394 5
2396 2394 3
2396 2400 6
2396 2402 10
2396 2399 7
2396 2398 1
2397 2399 8
2397 2394 5
2398 2403 10
2398 2397 2
2398 2405 1
2398 2399 7
2399 2402 3
2399 2403 7
2399 2404 3
2399 2401 1
2400 2398 1
2400 2397 5
2400 2406 10
2400 2407 10
2400 2401 3
2401 2395 4
2401 2402 9
2401 2403 5
2402 2409 4
2404 2400 6
2404 2401 10
2404 2410 8
2404 2407 8
2404 2406 2
2405 2402 9
2407 2401 8
2407 2402 10
2407 2403 4
2407 2414 10
2407 2412 9
2408 2409 4
2408 2407 7
2408 2413 9
2408 2411 3
2408 2412 7
2409 2404 9
2409 2412 4
2409 2403 10
2409 2413 8
2410 2412 2
2410 2411 2
2411 2415 7
2411 2406 7
2411 2414 1
2411 2418 5
2411 2409 3
2413 2407 6
2413 2406 2
2413 2417 4
2413 2415 7
2413 2411 4
2416 2414 5
2416 2420 4
2416 2411 1
2416 2413 10
2417 2412 7
2417 2423 9
2417 2419 10
2417 2411 4
2417 2418 3
2418 2416 3
2419 2421 2
2419 2414 5
2419 2424 4
2421 2422 9
2421 2418 6
2422 2418 3
2422 2429 4
2422 2416 7
2423 2428 7
2423 2426 8
2423 2427 5
2424 2421 10
2424 2417 1
2425 2427 6
2425 2431 10
2425 2424 8
2425 2418 9
2426 2419 9
2428 2426 9
2428 2435 9
2428 2431 1
2429 2424 3
2430 2425 3
2430 2431 6
2430 2427 1
2430 2423 6
2431 2436 5
2431 2437 6
2431 2429 8
2431 2432 1
2432 2429 3
2432 2427 9
2432 2430 10
2432 2439 6
2432 2426 3
2433 2430 2
2434 2436 6
2434 2432 1
2434 2431 3
2434 2429 10
2435 2433 9
2435 2439 3
2435 2430 9
2436 2430 5
2436 2429 5
2436 2435 6
2436 2439 6
2436 2438 6
2437 2436 10
2438 2435 8
2438 2443 9
2438 2432 2
2438 2431 6
2439 2438 1
2440 2445 6
2440 2434 4
2441 2442 4
2441 2443 4
2441 2448 7
2441 2445 5
2443 2448 3
2443 2437 6
2443 2446 1
2445 2446 3
2446 2444 5
2446 2450 5
2447 2443 3
2447 2441 1
2447 2449 6
2447 2453 2
2448 2442 3
2448 2445 3
2449 2445 5
2449 2452 5
2449 2446 5
2449 2455 10
2450 2452 1
2450 2444 8
2450 2451 1
2453 2450 9
2453 2451 1
2454 2458 1
2454 2455 5
2454 2448 10
2455 2453 1
2455 2460 9
2455 2458 5
2455 2450 3
2455 2451 8
2456 2458 8
2456 2457 7
2456 2450 5
2456 2449 6
2456 2462 4
2457 2458 7
2457 2464 7
2457 2460 1
2457 2451 5
2458 2461 2
2458 2453 1
2458 2459 5
2460 2464 8
2460 2466 1
2462 2469 9
2462 2455 4
2462 2458 4
2462 2463 9
2462 2464 5
2463 2458 1
2463 2460 5
2463 2470 1
2464 2467 2
2464 2471 8
2464 2466 5
2464 2468 3
2464 2463 5
2466 2472 6
2469 2467 10
2469 2475 5
2469 2470 4
2469 2472 6
2470 2475 5
2470 2471 4
2470 2477 8
2470 2464 10
2471 2465 3
2471 2468 8
2471 2477 3
2472 2479 5
2473 2480 4
2473 2472 5
2474 2471 9
2475 2480 1
2475 2482 1
2475 2479 7
2477 2472 7
2477 2483 10
2477 2481 1
2477 2479 7
2478 2485 9
2478 2482 6
2478 2476 3
2478 2477 5
2479 2480 2
2480 2474 9
2480 2476 1
2480 2482 8
2481 2478 3
2481 2488 6
2481 2483 2
2481 2480 3
2481 2482 8
2482 2479 4
2482 2485 3
2482 2477 4
2483 2480 9
2483 2476 9
2484 2479 8
2484 2490 1
2484 2487 4
2485 2487 4
2485 2491 10
2485 2490 2
2485 2492 10
2485 2479 10
2486 2488 10
2487 2482 7
2488 2482 5
2488 2487 3
2488 2492 6
2488 2483 10
2488 2495 4
2489 2483 3
2489 2492 9
2489 2496 5
2489 2495 6
2489 2490 3
2490 2487 5
2490 2492 3
2491 2490 6
2491 2492 4
2491 2484 7
2492 2496 2
2492 2487 1
2492 2499 7
2492 2494 2
2493 2489 3
2493 2486 8
2493 2497 5
2495 2493 3
2495 2494 8
2495 2497 9
2496 2493 1
2497 2501 10
2497 2494 8
2497 2496 2
2497 2499 6
2498 2493 5
2498 2505 2
2498 2499 4
2499 2494 6
2499 2493 10
2499 2503 2
2500 2504 4
2500 2495 2
2500 2503 7
2500 2493 6
2500 2499 6
2501 2499 7
2501 2502 10
2501 2506 5
2502 2503 9
2502 2496 6
2502 2498 9
2503 2498 3
2504 2503 10
2504 2506 3
2504 2511 9
2504 2507 4
2504 2501 10
2505 2508 9
2505 2503 3
2505 2500 10
2505 2502 10
2506 2510 7
2506 2503 3
2506 2511 8
2506 2507 4
2506 2509 2
2507 2513 2
2507 2505 7
2508 2509 2
2508 2502 7
2508 2512 4
2508 2514 6
2509 2504 2
2509 2513 2
2509 2510 4
2509 2502 2
2510 2508 2
2510 2515 1
2511 2515 7
2511 2514 6
2511 2518 9
2512 2516 3
2512 2507 1
2512 2505 4
2513 2519 5
2515 2522 10
2515 2521 8
2515 2512 5
2515 2508 6
2516 2519 8
2516 2515 6
2516 2511 2
2516 2509 2
2516 2523 10
2517 2518 3
2517 2515 4
2517 2521 3
2517 2511 6
2518 2525 5
2518 2515 3
2518 2513 9
2520 2522 7
2520 2526 6
2520 2517 7
2522 2528 4
2522 2524 5
2522 2523 9
2522 2525 10
2523 2526 2
2523 2525 7
2523 2529 5
2524 2520 8
2524 2529 7
2524 2530 3
2524 2525 8
2524 2526 2
2525 2521 8
2525 2527 5
2525 2531 2
2525 2529 3
2525 2528 4
2526 2531 9
2526 2525 8
2526 2533 6
2526 2527 3
2527 2531 5
2527 2520 7
2528 2524 4
2528 2531 7
2528 2523 6
2528 2530 9
2529 2531 6
2529 2536 3
2529 2535 9
2530 2531 2
2530 2533 8
2530 2536 6
2530 2527 10
2531 2536 9
2531 2535 5
2531 2538 7
2531 2532 10
2532 2534 5
2532 2539 3
2532 2537 1
2533 2536 2
2533 2538 5
2534 2539 4
2534 2538 10
2534 2536 10
2534 2531 8
2534 2535 1
2535 2536 3
2535 2538 7
2535 2530 5
2536 2542 1
2536 2543 8
2536 2537 5
2537 2533 5
2537 2544 3
2537 2539 2
2538 2540 6
2538 2544 1
2539 2542 10
2539 2538 9
2539 2545 10
2539 2546 2
2539 2541 2
2540 2547 4
2542 2548 6
2543 2541 8
2544 2543 2
2544 2546 4
2544 2542 8
2545 2544 10
2545 2538 9
2546 2550 1
2546 2540 3
2546 2553 3
2546 2552 2
2548 2541 9
2550 2549 3
2550 2544 10
2550 2543 6
2551 2549 8
2551 2556 10
2551 2544 8
2551 2550 9
2552 2557 3
2552 2545 4
2552 2550 10
2552 2558 8
2552 2555 8
2553 2557 4
2553 2554 5
2553 2558 1
2554 2547 5
2554 2552 8
2554 2561 8
2554 2556 5
2554 2551 6
2555 2556 6
2555 2561 5
2555 2549 7
2555 2557 8
2557 2556 4
2557 2550 9
2557 2564 1
2557 2558 10
2559 2563 6
2559 2555 4
2559 2566 9
2559 2562 10
2561 2557 9
2561 2568 9
2561 2565 5
2561 2567 2
2561 2564 3
2562 2566 3
2562 2557 2
2562 2564 9
2563 2567 10
2563 2558 10
2563 2569 4
2564 2563 5
2564 2558 9
2564 2567 4
2564 2569 1
2564 2570 6
2565 2568 3
2565 2569 10
2566 2564 1
2567 2571 2
2568 2564 1
2569 2562 1
2569 2571 1
2570 2577 10
2570 2567 9
2570 2563 6
2571 2572 5
2571 2576 10
2572 2576 6
2572 2566 7
2573 2579 9
2573 2576 1
2573 2570 8
2573 2566 10
2574 2572 4
2575 2569 5
2575 2581 8
2577 2576 10
2577 2572 1
2577 2579 10
2577 2581 10
2577 2571 2
2578 2573 7
2578 2571 4
2578 2574 7
2578 2577 9
2578 2575 8
2579 2583 10
2579 2580 5
2579 2584 1
2579 2576 8
2581 2584 1
2581 2580 2
2581 2579 6
2582 2581 2
2582 2580 4
2582 2587 5
2582 2576 6
2582 2575 3
2583 2585 2
2583 2582 1
2584 2585 8
2584 2583 4
2585 2587 5
2585 2586 7
2586 2581 4
2586 2591 3
2586 2579 7
2586 2583 5
2587 2586 6
2587 2590 7
2587 2584 10
2587 2588 1
2588 2590 2
2588 2589 7
2588 2585 7
2588 2591 4
2590 2592 4
2590 2596 5
2590 2584 3
2591 2593 10
2591 2587 3
2591 2590 6
2591 2584 10
2591 2596 3
2592 2589 5
2592 2588 6
2592 2587 7
2592 2591 3
2593 2587 9
2593 2589 2
2593 2594 8
2593 2600 5
2593 2596 5
2594 2601 5
2594 2590 6
2596 2600 6
2596 2597 9
2596 2599 10
2597 2590 1
2597 2594 7
2598 2599 4
2598 2596 2
2598 2600 3
2598 2603 1
2599 2605 2
2599 2606 2
2599 2604 8
2600 2597 10
2600 2599 5
2600 2603 7
2601 2602 2
2601 2608 6
2603 2609 7
2603 2610 8
2604 2606 1
2604 2610 10
2604 2598 9
2604 2601 4
2606 2611 9
2606 2601 10
2606 2610 8
2606 2612 2
2606 2609 5
2607 2606 4
2607 2608 8
2607 2601 4
2608 2610 1
2608 2615 1
2609 2615 6
2609 2604 10
2609 2611 2
2609 2616 9
2610 2614 3
2610 2613 2
2610 2617 7
2611 2613 9
2611 2617 4
2613 2620 4
2613 2609 3
2613 2614 3
2613 2612 9
2613 2608 5
2614 2616 7
2615 2622 7
2615 2612 8
2615 2618 6
2615 2619 10
2617 2623 6
2617 2624 8
2617 2620 4
2618 2623 3
2618 2617 4
2618 2624 6
2618 2621 8
2619 2613 4
2619 2612 7
2619 2620 7
2619 2624 10
2620 2624 7
2621 2615 10
2621 2626 10
2621 2617 4
2621 2624 8
2622 2623 5
2622 2620 8
2623 2629 7
2623 2620 7
2623 2624 4
2624 2626 9
2624 2628 3
2624 2627 1
2624 2629 1
2624 2630 4
2626 2620 9
2626 2629 7
2628 2622 10
2628 2632 6
2628 2630 5
2628 2629 1
2628 2631 5
2629 2634 7
2629 2630 4
2629 2622 3
2629 2633 2
2630 2634 6
2630 2631 2
2630 2625 6
2630 2637 5
2634 2628 1
2634 2635 8
2634 2632 5
2634 2640 4
2635 2632 3
2635 2630 2
2635 2639 5
2636 2640 10
2636 2641 6
2636 2633 6
2636 2634 3
2637 2635 6
2637 2634 7
2637 2642 10
2638 2634 10
2638 2631 6
2640 2633 1
2640 2641 7
2640 2639 9
2640 2638 1
2641 2639 1
2641 2635 6
2641 2645 10
2642 2641 2
2642 2636 8
2642 2639 3
2642 2643 10
2643 2644 9
2644 2651 6
2644 2647 1
2644 2650 1
2645 2642 10
2645 2638 5
2645 2646 9
2645 2652 8
2646 2651 1
2646 2642 8
2646 2650 2
2646 2652 3
2647 2650 1
2647 2651 7
2647 2649 10
2647 2643 1
2647 2641 4
2648 2644 8
2648 2649 2
2650 2654 6
2651 2650 1
2651 2657 10
2651 2654 6
2651 2645 4
2651 2658 10
2652 2655 8
2654 2653 7
2655 2662 1
2655 2659 3
2655 2657 2
2655 2656 8
2655 2654 4
2656 2652 2
2656 2658 9
2656 2662 10
2656 2653 7
2658 2655 2
2658 2659 4
2658 2664 9
2658 2663 2
2660 2654 1
2660 2658 4
2660 2659 8
2661 2657 9
2661 2667 7
2661 2665 8
2661 2660 4
2661 2659 9
2662 2663 4
2662 2667 6
2662 2657 1
2662 2659 10
2662 2669 3
2664 2669 5
2664 2667 10
2664 2657 1
2664 2662 7
2665 2672 3
2665 2670 3
2666 2668 8
2666 2663 9
2666 2667 8
2667 2669 5
2667 2674 8
2667 2671 6
2667 2672 3
2668 2667 7
2668 2664 2
2668 2671 6
2669 2673 8
2669 2674 7
2669 2671 6
2669 2668 8
2670 2667 6
2671 2674 4
2671 2664 5
2671 2676 6
2672 2675 3
2673 2675 8
2673 2671 9
2674 2672 7
2675 2670 10
2675 2669 3
2678 2673 10
2679 2683 1
2679 2675 1
2679 2685 7
2680 2687 10
2680 2684 7
2680 2679 5
2680 2686 2
2680 2674 6
2681 2687 5
2681 2679 9
2681 2675 3
2682 2685 10
2683 2688 1
2683 2687 7
2683 2678 8
2683 2681 8
2684 2677 8
2684 2683 8
2684 2681 1
2684 2679 6
2685 2684 10
2685 2678 2
2686 2690 10
2686 2688 9
2686 2693 8
2687 2686 6
2687 2693 4
2687 2694 6
2687 2682 1
2687 2691 3
2688 2684 5
2688 2694 4
2688 2692 7
2688 2690 7
2688 2681 7
2690 2697 2
2691 2688 8
2691 2698 9
2691 2696 9
2692 2687 10
2692 2695 8
2693 2691 2
2694 2696 6
2694 2698 7
2694 2700 2
2694 2701 4
2695 2689 10
2695 2697 4
2695 2694 6
2695 2690 8
2696 2692 3
2696 2703 5
2696 2701 8
2697 2699 10
2697 2701 3
2697 2692 1
2698 2696 9
2699 2702 7
2699 2705 8
2701 2703 6
2701 2706 3
2701 2699 3
2702 2709 10
2703 2700 4
2703 2710 7
2703 2709 1
2703 2698 6
2705 2712 3
2705 2703 9
2705 2698 8
2705 2708 4
2705 2711 3
2706 2702 8
2706 2713 3
2706 2708 6
2707 2711 6
2707 2714 2
2707 2702 7
2708 2713 5
2708 2712 10
2708 2703 4
2708 2711 3
2708 2710 9
2709 2713 1
2710 2712 1
2711 2717 6
2711 2710 7
2711 2704 1
2712 2706 3
2712 2716 3
2712 2717 9
2712 2709 1
2714 2710 8
2714 2715 4
2714 2718 4
2714 2708 2
2714 2713 7
2715 2722 8
2715 2720 5
2715 2711 8
2715 2713 9
2716 2711 4
2717 2710 8
2717 2722 6
2717 2716 1
2719 2722 10
2719 2716 8
2719 2717 4
2719 2714 6
2719 2726 2
2720 2719 4
2720 2726 9
2720 2716 4
2720 2727 10
2721 2719 1
2721 2724 8
2722 2721 5
2723 2725 4
2723 2726 8
2723 2729 4
2724 2730 5
2724 2727 9
2724 2717 5
2724 2725 4
2724 2726 7
2725 2731 8
2725 2732 1
2725 2726 6
2726 2732 10
2726 2731 10
2726 2730 2
2727 2729 3
2727 2726 2
2727 2731 2
2728 2725 4
2728 2732 5
2728 2722 1
2728 2733 3
2730 2733 9
2730 2737 9
2730 2736 1
2730 2734 7
2731 2738 5
2731 2729 3
2731 2733 5
2731 2724 7
2731 2730 7
2732 2734 7
2732 2737 6
2732 2738 9
2732 2727 1
2733 2739 8
2733 2727 5
2733 2734 4
2733 2740 9
2734 2727 7
2735 2731 5
2735 2734 9
2735 2733 6
2736 2740 4
2737 2731 6
2738 2740 7
2738 2743 8
2738 2737 8
2738 2744 6
2738 2745 6
2739 2735 2
2739 2734 4
2740 2734 2
2740 2743 10
2740 2739 5
2740 2742 5
2740 2737 3
2741 2735 3
2741 2739 6
2741 2734 3
2741 2742 3
2742 2747 8
2742 2746 5
2742 2749 5
2742 2745 5
2742 2738 3
2743 2750 6
2743 2747 8
2743 2736 5
2743 2742 2
2743 2745 7
2744 2739 7
2744 2748 9
2746 2741 4
2746 2748 5
2746 2739 4
2746 2751 7
2748 2755 2
2748 2747 7
2748 2742 2
2749 2745 8
2749 2752 1
2749 2751 5
2749 2743 10
2749 2747 8
2750 2751 5
2750 2755 4
2750 2746 3
2750 2744 3
2750 2749 10
2751 2753 9
2751 2745 9
2751 2752 8
2751 2747 2
2751 2755 2
2752 2750 6
2753 2747 5
2753 2760 9
2753 2750 9
2753 2749 5
2753 2756 7
2754 2761 10
2754 2748 10
2754 2760 8
2755 2760 9
2755 2753 3
2755 2762 7
2755 2752 7
2756 2758 8
2756 2751 4
2756 2754 1
2756 2763 4
2756 2749 6
2757 2753 8
2757 2755 4
2757 2762 2
2758 2752 7
2758 2759 2
2758 2763 5
2758 2764 6
2758 2757 9
2760 2757 2
2760 2762 2
2763 2767 4
2763 2762 6
2763 2760 2
2764 2763 5
2765 2770 1
2765 2758 2
2765 2763 3
2765 2768 4
2766 2773 10
2766 2764 6
2769 2764 5
2769 2772 10
2770 2766 4
2770 2768 6
2770 2767 10
2772 2779 9
2772 2766 2
2772 2776 8
2773 2775 2
2773 2779 7
2773 2780 10
2773 2770 10
2774 2771 2
2774 2767 2
2775 2779 10
2775 2768 2
2775 2771 2
2776 2769 6
2777 2772 7
2777 2770 4
2777 2776 3
2777 2783 3
2778 2774 2
2778 2772 4
2778 2785 10
2780 2785 1
2780 2777 7
2781 2785 8
2781 2782 6
2781 2787 7
2781 2776 5
2781 2775 2
2782 2787 6
2782 2785 3
2783 2778 5
2783 2785 10
2783 2790 7
2783 2786 5
2785 2792 10
2786 2791 5
2788 2789 1
2789 2785 8
2790 2788 9
2790 2787 8
2793 2790 7
2793 2789 9
2793 2788 7
2794 2796 10
2794 2789 2
2794 2793 9
2794 2801 2
2795 2802 7
2795 2798 9
2796 2797 9
2796 2795 6
2797 2792 1
2798 2800 5
2798 2802 2
2801 2799 3
2802 2805 2
2803 2808 7
2805 2807 4
2805 2801 6
2806 2807 5
2806 2811 7
2806 2809 1
2807 2813 7
2807 2808 3
2807 2800 4
2807 2810 2
2808 2811 2
2808 2802 5
2808 2806 3
2809 2808 4
2809 2813 1
2809 2803 3
2810 2803 2
2811 2809 9
2811 2812 9
2811 2807 6
2811 2804 9
2813 2810 9
2816 2814 9
2816 2813 8
2816 2822 2
2816 2819 7
2818 2817 3
2818 2815 2
2819 2812 7
2819 2820 10
2819 2818 9
2819 2813 3
2820 2826 1
2820 2817 10
2821 2825 9
2821 2820 8
2822 2828 9
2822 2817 5
2822 2825 1
2822 2820 3
2822 2818 9
2823 2824 6
2823 2822 6
2823 2826 3
2823 2816 2
2823 2829 1
2825 2819 3
2826 2831 7
2826 2821 2
2826 2827 6
2826 2832 3
2826 2833 1
2829 2826 4
2830 2829 8
2831 2825 7
2833 2838 4
2833 2837 5
2833 2831 9
2833 2836 2
2833 2840 4
2834 2832 7
2835 2831 6
2835 2838 4
2836 2829 6
2836 2841 2
2836 2831 4
2836 2843 9
2836 2837 7
2838 2836 2
2838 2832 3
2839 2836 2
2839 2845 2
2839 2834 10
2839 2844 9
2839 2837 5
2840 2836 8
2840 2837 10
2841 2835 2
2841 2837 8
2841 2838 7
2841 2845 10
2841 2846 4
2842 2838 5
2842 2845 4
2842 2846 10
2842 2841 7
2843 2846 5
2843 2845 1
2843 2842 10
2843 2839 3
2843 2841 2
2844 2847 1
2844 2845 8
2844 2851 6
2845 2838 5
2845 2846 1
2845 2849 8
2845 2851 1
2845 2847 8
2847 2854 7
2847 2846 9
2847 2841 9
2850 2846 10
2851 2852 4
2851 2850 6
2851 2857 3
2854 2852 7
2854 2856 2
2854 2859 5
2854 2857 3
2855 2853 8
2855 2861 8
2856 2862 9
2856 2849 8
2856 2863 5
2858 2853 9
2858 2861 1
2859 2853 9
2860 2863 7
2860 2854 7
2860 2853 4
2861 2862 1
2861 2868 3
2861 2859 10
2861 2863 8
2862 2858 1
2862 2866 10
2863 2870 1
2863 2868 2
2863 2866 10
2863 2858 4
2864 2862 2
2865 2861 9
2866 2867 5
2866 2872 4
2867 2871 3
2868 2867 5
2868 2869 8
2868 2871 8
2869 2865 9
2869 2875 1
2869 2872 3
2870 2869 1
2870 2875 9
2870 2873 2
2870 2876 5
2871 2865 2
2873 2880 7
2873 2876 7
2873 2869 7
2874 2868 10
2874 2867 6
2874 2873 4
2875 2873 1
2876 2871 10
2877 2879 6
2877 2870 8
2877 2880 10
2878 2874 4
2878 2879 7
2879 2872 1
2879 2876 4
2880 2874 8
2882 2878 4
2882 2875 10
2882 2876 6
2882 2877 5
2884 2887 8
2884 2889 7
2884 2888 10
2884 2880 10
2884 2890 5
2885 2886 7
2885 2881 9
2886 2883 8
2887 2889 8
2887 2885 5
2888 2889 10
2890 2892 9
2891 2896 6
2891 2892 7
2891 2897 3
2892 2895 1
2892 2887 5
2892 2888 7
2892 2894 3
2892 2886 2
2893 2887 7
2893 2891 5
2893 2894 1
2893 2895 2
2893 2890 4
2894 2900 4
2894 2888 9
2894 2901 6
2894 2896 6
2894 2890 7
2895 2888 7
2895 2899 10
2896 2899 10
2896 2892 4
2896 2900 6
2896 2903 2
2897 2896 2
2898 2891 6
2899 2893 4
2899 2904 3
2899 2906 1
2899 2897 7
2899 2901 2
2900 2907 2
2901 2907 3
2901 2902 8
2901 2895 4
2902 2905 2
2902 2906 3
2906 2913 9
2906 2910 1
2906 2911 4
2906 2912 7
2906 2903 9
2907 2904 3
2907 2905 8
2907 2913 5
2908 2907 7
2908 2903 6
2908 2906 6
2909 2911 3
2909 2915 3
2909 2907 4
2909 2912 5
2910 2917 3
2910 2913 1
2910 2914 7
2911 2913 9
2911 2917 10
2912 2910 1
2912 2911 5
2913 2919 5
2913 2920 7
2916 2915 4
2917 2918 4
2917 2921 3
2917 2912 7
2917 2922 9
2918 2923 4
2918 2925 3
2919 2924 10
2919 2920 1
2919 2923 9
2919 2918 4
2919 2912 1
2920 2923 7
2920 2915 5
2921 2916 10
2921 2914 5
2921 2919 10
2923 2925 2
2923 2930 5
2923 2927 3
2923 2924 1
2923 2921 2
2924 2925 8
2924 2922 7
2924 2927 3
2924 2930 6
2926 2932 10
2926 2923 4
2926 2928 6
2928 2923 4
2928 2933 6
2930 2928 8
2930 2933 9
2931 2924 9
2931 2935 3
2931 2932 10
2931 2926 10
2931 2928 6
2933 2937 2
2933 2927 7
2933 2938 4
2934 2930 7
2935 2932 9
2935 2937 4
2936 2943 8
2936 2937 7
2936 2939 10
2937 2931 9
2937 2934 5
2937 2942 6
2937 2941 8
2939 2940 9
2939 2944 6
2939 2937 1
2939 2945 1
2940 2944 6
2940 2942 1
2940 2936 1
2941 2945 10
2943 2949 10
2943 2937 2
2944 2945 9
2944 2943 3
2945 2942 7
2945 2949 9
2945 2946 7
2945 2940 8
2946 2950 5
2946 2943 6
2946 2947 3
2946 2949 1
2947 2943 5
2948 2947 5
2952 2954 1
2952 2957 2
2952 2956 5
2953 2951 9
2953 2959 8
2953 2955 3
2953 2954 5
2954 2961 8
2954 2948 5
2955 2951 3
2955 2948 4
2955 2958 4
2955 2961 4
2955 2954 5
2956 2955 7
2957 2951 3
2957 2962 1
2957 2959 7
2957 2954 2
2959 2965 6
2959 2960 6
2960 2954 9
2960 2964 2
2960 2958 2
2960 2963 7
2960 2966 3
2961 2966 2
2961 2965 7
2961 2968 10
2961 2960 4
2962 2958 1
2962 2968 1
2962 2965 6
2963 2970 3
2963 2958 10
2963 2968 1
2964 2962 2
2964 2969 2
2964 2966 5
2964 2971 9
2965 2960 6
2965 2966 3
2965 2968 9
2965 2958 7
2966 2967 10
2966 2968 4
2966 2962 9
2966 2971 10
2966 2963 5
2967 2973 6
2967 2972 10
2967 2965 2
2967 2964 8
2967 2971 6
2968 2972 1
2968 2975 1
2969 2971 9
2969 2968 9
2969 2967 6
2970 2971 4
2970 2966 4
2970 2976 7
2970 2975 5
2971 2976 7
2971 2972 2
2971 2973 5
2971 2977 3
2971 2965 9
2972 2977 9
2972 2973 3
2973 2978 3
2973 2968 8
2973 2980 10
2973 2979 8
2973 2966 2
2974 2967 5
2975 2977 3
2976 2978 9
2977 2979 6
2977 2970 1
2977 2978 1
2977 2974 9
2977 2976 4
2978 2974 8
2978 2979 3
2978 2985 8
2979 2986 1
2980 2979 8
2980 2983 6
2980 2976 6
2980 2984 8
2981 2982 7
2982 2977 2
2983 2988 2
2983 2977 7
2983 2985 8
2984 2990 1
2984 2991 9
2984 2985 1
2984 2988 8
2985 2988 4
2985 2992 5
2985 2982 4
2985 2989 5
2986 2988 6
2986 2982 5
2986 2991 2
2987 2986 3
2987 2988 5
2987 2992 4
2987 2985 3
2988 2992 5
2988 2995 2
2989 2988 4
2989 2994 4
2990 2993 8
2990 2996 1
2990 2989 2
2990 2987 3
2991 2987 7
2991 2990 6
2991 2998 1
2992 2986 2
2992 2991 6
2992 2990 5
2992 2996 7
2992 2997 1
2993 2989 6
2993 2997 3
2994 2987 8
2994 2991 7
2994 2998 1
2995 2989 2
2996 2997 7
2996 3000 10
2996 2998 9
2997 2990 5
2997 3004 1
2997 2991 2
2997 3000 7
2998 3001 4
2998 3002 8
2998 2999 5
2999 3006 1
2999 2995 4
2999 3004 6
2999 2992 8
3000 3001 8
3001 2999 3
3001 2995 2
3001 3007 3
3001 3005 9
3001 3004 3
3002 3003 8
3002 3006 7
3004 3008 6
3006 3010 4
3006 3012 7
3006 3013 2
3006 3003 8
3006 3011 2
3007 3009 5
3007 3014 3
3007 3010 5
3007 3013 7
3007 3000 2
3008 3003 3
3008 3007 2
3008 3012 2
3008 3014 7
3008 3006 4
3009 3016 9
3009 3012 9
3011 3007 3
3011 3008 3
3011 3016 5
3011 3014 3
3012 3017 8
3012 3019 2
3013 3015 2
3013 3010 5
3013 3014 7
3014 3016 7
3014 3015 2
3014 3010 3
3015 3010 7
3015 3016 4
3015 3017 9
3016 3020 10
3016 3023 9
3017 3023 1
3017 3021 9
3017 3018 10
3017 3019 10
3018 3016 5
3019 3026 4
3019 3025 7
3019 3014 6
3019 3022 5
3019 3018 5
3020 3022 3
3020 3024 10
3020 3018 7
3020 3013 10
3021 3027 5
3021 3020 4
3021 3014 10
3022 3025 1
3022 3027 9
3024 3017 10
3024 3022 5
3024 3018 6
3025 3031 3
3025 3027 3
3026 3025 5
3026 3032 4
3027 3028 4
3027 3029 1
3027 3024 1
3028 3032 5
3028 3021 9
3028 3034 1
3029 3030 9
3029 3034 4
3030 3034 5
3030 3032 5
3031 3032 7
3031 3033 3
3032 3029 10
3033 3038 7
3034 3040 6
3034 3027 3
3034 3037 6
3036 3037 10
3036 3043 10
3036 3033 9
3036 3031 1
3039 3034 4
3039 3046 4
3039 3035 8
3039 3045 10
3041 3043 3
3041 3040 5
3041 3046 5
3041 3035 7
3042 3039 8
3042 3045 9
3042 3046 2
3042 3040 8
3043 3045 4
3043 3049 1
3043 3046 9
3044 3041 4
3044 3047 8
3044 3040 1
3044 3048 10
3044 3050 1
3045 3044 2
3045 3052 5
3045 3040 8
3045 3048 3
3045 3047 3
3046 3047 9
3046 3050 8
3046 3048 3
3047 3051 7
3047 3052 3
3047 3042 10
3048 3052 8
3048 3043 5
3049 3052 7
3049 3051 8
3050 3053 8
3050 3045 6
3050 3052 1
3051 3048 6
3051 3045 8
3051 3058 9
3052 3057 4
3052 3051 4
3052 3058 5
3052 3053 7
3052 3046 5
3053 3057 10
3054 3055 8
3054 3047 8
3054 3060 2
3054 3059 8
3055 3052 5
3056 3062 1
3056 3049 5
3056 3063 3
3057 3059 1
3057 3064 1
3057 3058 5
3057 3051 4
3057 3060 9
3059 3056 2
3059 3064 9
3059 3065 2
3059 3055 3
3060 3056 4
3060 3061 10
3061 3059 1
3061 3054 2
3061 3064 10
3061 3056 10
3062 3066 10
3062 3065 2
3062 3057 4
3062 3069 9
3063 3059 7
3063 3060 9
3063 3066 7
3063 3068 4
3065 3066 10
3067 3074 4
3067 3060 2
3067 3073 3
3068 3074 10
3068 3070 10
3070 3073 1
3070 3076 2
3071 3073 5
3071 3067 9
3071 3066 9
3071 3064 9
3071 3065 4
3072 3079 6
3072 3069 3
3073 3076 4
3073 3075 6
3073 3068 4
3074 3079 10
3074 3069 9
3075 3069 7
3076 3079 6
3076 3082 5
3077 3074 5
3077 3070 8
3078 3081 5
3078 3071 4
3078 3085 5
3078 3083 3
3081 3086 5
3082 3086 5
3083 3079 4
3083 3089 5
3084 3082 1
3084 3080 8
3085 3079 10
3085 3080 9
3085 3087 2
3085 3082 1
3085 3086 5
3086 3089 5
3086 3080 10
3087 3081 6
3087 3094 9
3087 3089 2
3087 3080 2
3088 3082 8
3088 3094 6
3088 3091 1
3088 3089 3
3091 3084 9
3092 3085 6
3092 3094 5
3092 3088 10
3092 3087 7
3092 3095 7
3093 3091 10
3093 3100 5
3093 3096 8
3093 3090 5
3094 3093 2
3094 3091 1
3094 3090 1
3094 3095 1
3094 3089 10
3095 3096 10
3095 3100 9
3095 3093 5
3096 3102 7
3096 3094 4
3096 3092 6
3097 3090 2
3097 3101 9
3097 3099 7
3098 3097 3
3098 3099 7
3098 3105 8
3098 3101 10
3098 3100 8
3099 3104 6
3099 3106 2
3099 3101 4
3099 3102 5
3099 3092 5
3100 3104 1
3100 3105 5
3101 3100 6
3101 3107 7
3101 3103 1
3101 3108 5
3102 3104 3
3102 3108 8
3104 3111 6
3104 3097 2
3104 3098 9
3104 3101 1
3105 3109 1
3106 3109 6
3106 3110 4
3106 3101 9
3106 3105 2
3107 3110 2
3108 3104 3
3108 3114 9
3108 3110 3
3108 3103 7
3109 3111 9
3109 3113 7
3109 3107 10
3109 3103 1
3110 3112 6
3110 3105 5
3113 3116 8
3113 3118 9
3114 3119 2
3114 3115 2
3115 3119 3
3117 3121 9
3117 3113 8
3117 3118 10
3118 3123 6
3119 3120 8
3119 3126 4
3119 3124 10
3119 3122 10
3119 3123 6
3120 3115 2
3120 3116 5
3121 3120 4
3122 3127 9
3122 3115 4
3124 3117 5
3124 3128 10
3124 3129 8
3124 3118 2
3124 3122 3
3125 3128 9
3125 3121 7
3126 3129 1
3127 3124 3
3127 3120 9
3127 3123 3
3128 3132 4
3128 3129 5
3129 3123 10
3129 3125 9
3129 3130 2
3129 3136 3
3129 3127 4
3131 3134 9
3131 3128 4
3131 3127 8
3131 3126 9
3131 3132 3
3132 3134 6
3132 3138 4
3133 3136 1
3133 3126 4
3134 3129 8
3134 3141 3
3134 3128 7
3134 3133 1
3135 3142 4
3135 3139 5
3135 3137 3
3135 3130 7
3137 3130 3
3137 3134 4
3137 3136 6
3137 3141 9
3137 3143 1
3138 3133 7
3138 3141 3
3139 3134 1
3139 3132 3
3140 3147 7
3140 3143 7
3140 3133 2
3140 3142 4
3141 3139 8
3141 3135 5
3141 3136 7
3142 3147 2
3142 3146 9
3143 3136 9
3143 3138 10
3143 3139 3
3143 3150 6
3143 3148 6
3144 3150 2
3144 3143 5
3146 3140 4
3146 3150 5
3146 3151 8
3146 3153 6
3147 3153 3
3147 3150 10
3147 3145 4
3148 3146 2
3148 3154 5
3148 3151 6
3148 3149 9
3148 3142 9
3149 3154 4
3149 3145 7
3149 3155 2
3149 3143 9
3149 3156 5
3150 3153 3
3150 3157 4
3150 3152 4
3151 3152 9
3151 3156 8
3151 3153 4
3151 3144 1
3151 3154 2
3152 3149 8
3153 3152 8
3153 3160 9
3153 3149 6
3153 3157 7
3155 3160 8
3155 3158 6
3155 3159 4
3156 3161 3
3156 3157 5
3156 3159 4
3156 3152 10
3157 3162 4
3159 3161 8
3159 3166 10
3159 3163 3
3161 3154 1
3161 3168 3
3161 3157 5
3162 3169 8
3162 3165 8
3163 3168 10
3163 3156 5
3163 3166 4
3163 3167 1
3164 3165 4
3164 3170 5
3166 3173 5
3167 3171 7
3167 3160 4
3167 3161 4
3168 3166 5
3168 3170 2
3169 3173 10
3169 3163 10
3169 3166 7
3169 3175 6
3169 3172 6
3170 3177 2
3170 3176 4
3170 3175 4
3170 3169 10
3170 3167 3
3173 3167 3
3173 3177 9
3173 3170 3
3173 3175 5
3173 3180 10
3174 3175 3
3174 3172 9
3174 3170 3
3174 3169 3
3174 3177 5
3175 3179 6
3175 3172 10
3175 3177 3
3175 3176 5
3175 3171 1
3176 3180 2
3176 3172 6
3176 3183 2
3176 3179 4
3176 3169 8
3177 3181 5
3177 3180 3
3178 3185 5
3178 3177 9
3178 3179 8
3180 3184 1
3181 3180 3
3181 3178 8
3181 3188 4
3181 3175 6
3181 3179 4
3182 3181 10
3182 3185 9
3184 3187 1
3184 3179 5
3184 3178 6
3184 3177 10
3184 3188 1
3185 3181 10
3185 3189 10
3185 3183 5
3185 3192 3
3186 3182 7
3186 3189 6
3186 3187 8
3187 3191 9
3188 3190 8
3188 3195 10
3188 3183 4
3188 3191 8
3188 3189 7
3190 3185 9
3190 3197 5
3190 3184 10
3190 3196 8
3191 3194 6
3191 3189 10
3191 3190 6
3191 3186 9
3191 3193 7
3192 3191 1
3193 3189 9
3193 3198 2
3193 3195 10
3193 3190 9
3195 3191 10
3196 3203 9
3196 3199 3
3196 3195 2
3197 3200 7
3197 3192 7
3197 3202 3
3197 3199 1
3199 3192 5
3199 3193 10
3199 3194 9
3199 3195 6
3199 3204 8
3200 3207 6
3200 3203 2
3202 3209 2
3202 3198 10
3202 3207 1
3202 3204 2
3202 3208 1
3203 3199 10
3203 3204 2
3203 3202 4
3204 3210 8
3204 3197 4
3204 3209 10
3205 3203 5
3206 3212 3
3206 3203 2
3207 3212 5
3208 3201 6
3208 3203 8
3208 3215 10
3208 3204 6
3210 3215 1
3210 3216 5
3210 3217 10
3210 3208 10
3211 3215 6
3211 3206 10
3211 3218 9
3212 3214 8
3212 3216 1
3212 3219 7
3212 3209 3
3213 3217 6
3213 3206 8
3213 3209 10
3213 3216 9
3213 3211 1
3214 3207 2
3214 3221 9
3214 3210 8
3216 3222 10
3216 3215 5
3216 3223 3
3216 3211 7
3216 3220 4
3217 3223 8
3217 3224 8
3217 3218 7
3218 3219 7
3218 3222 10
3218 3225 10
3218 3213 6
3218 3216 4
3219 3226 8
3220 3223 2
3220 3215 5
3220 3222 1
3220 3225 7
3220 3226 8
3221 3228 10
3221 3227 1
3221 3222 3
3221 3224 4
3222 3227 6
3223 3222 10
3223 3229 1
3223 3218 9
3224 3231 9
3224 3219 4
3224 3230 7
3226 3225 8
3226 3231 8
3226 3224 10
3227 3228 5
3227 3225 6
3227 3230 1
3227 3234 4
3229 3228 2
3229 3233 1
3229 3231 1
3229 3235 9
3229 3234 6
3230 3232 9
3230 3235 4
3231 3237 5
3231 3233 8
3231 3225 3
3231 3230 5
3231 3228 1
3232 3236 8
3232 3231 4
3232 3238 10
3233 3232 1
3233 3239 2
3233 3238 6
3233 3227 6
3233 3228 3
3234 3233 1
3234 3240 4
3234 3231 8
3234 3237 7
3234 3236 2
3235 3236 6
3235 3228 4
3235 3238 4
3235 3232 4
3236 3233 5
3236 3231 9
3236 3237 3
3236 3239 7
3236 3229 4
3238 3231 9
3238 3242 3
3239 3235 3
3239 3237 2
3240 3238 6
3240 3241 6
3241 3236 6
3241 3248 8
3241 3246 1
3241 3242 7
3241 3244 9
3242 3248 9
3242 3237 10
3242 3239 5
3242 3240 3
3242 3245 7
3243 3238 2
3244 3250 9
3244 3249 5
3245 3238 10
3245 3239 5
3245 3251 2
3245 3252 4
3246 3251 10
3246 3250 2
3247 3242 4
3247 3250 8
3248 3252 10
3248 3244 4
3248 3251 2
3248 3246 5
3249 3250 7
3250 3248 1
3250 3255 2
3250 3256 1
3250 3257 4
3250 3251 5
3251 3257 3
3251 3258 2
3251 3244 10
3251 3255 2
3251 3253 9
3252 3255 6
3252 3249 4
3252 3253 4
3252 3251 7
3253 3248 3
3253 3256 8
3253 3258 4
3254 3256 8
3254 3251 3
3254 3249 5
3254 3259 3
3254 3252 3
3255 3248 7
3255 3258 10
3255 3254 3
3255 3257 7
3255 3253 10
3256 3261 10
3256 3260 5
3257 3254 2
3257 3264 8
3258 3257 10
3258 3252 7
3259 3261 3
3259 3256 4
3259 3260 5
3259 3262 8
3260 3264 4
3260 3267 2
3261 3265 8
3262 3265 3
3262 3264 4
3263 3269 7
3263 3264 4
3264 3266 3
3265 3272 4
3265 3263 1
3265 3268 5
3265 3258 7
3265 3267 7
3267 3262 10
3267 3266 6
3267 3261 6
3268 3274 10
3269 3273 7
3269 3264 9
3270 3269 5
3270 3266 10
3270 3263 10
3271 3273 10
3271 3267 4
3273 3277 5
3273 3272 9
3273 3275 8
3273 3267 4
3273 3268 7
3274 3277 4
3275 3270 4
3275 3268 1
3276 3270 10
3278 3280 8
3278 3271 9
3279 3282 3
3279 3283 2
3280 3276 7
3280 3279 7
3280 3287 10
3281 3282 1
3281 3279 1
3281 3276 2
3281 3285 4
3282 3283 1
3284 3282 6
3284 3287 4
3284 3278 6
3286 3292 6
3286 3279 1
3286 3282 2
3286 3290 9
3287 3291 5
3287 3294 1
3288 3281 3
3288 3291 1
3289 3287 9
3289 3290 6
3289 3292 5
3290 3296 5
3290 3295 10
3290 3292 8
3290 3283 4
3291 3296 10
3291 3286 8
3292 3297 6
3293 3298 9
3293 3292 6
3295 3292 9
3295 3296 7
3296 3293 10
3296 3294 10
3296 3297 10
3297 3300 8
3297 3299 5
3297 3301 5
3297 3294 9
3298 3301 5
3298 3291 1
3298 3304 7
3299 3300 5
3299 3301 2
3299 3303 9
3300 3298 4
3300 3306 10
3300 3293 6
3300 3305 8
3300 3294 6
3301 3294 7
3301 3296 3
3301 3304 7
3301 3308 6
3303 3307 8
3303 3301 10
3304 3297 1
3304 3308 3
3304 3303 4
3304 3309 6
3305 3309 5
3305 3311 10
3305 3304 8
3305 3308 9
3306 3312 7
3306 3307 6
3306 3302 5
3306 3301 10
3308 3309 4
3308 3313 9
3309 3306 2
3311 3309 5
3311 3318 9
3312 3318 3
3312 3316 4
3312 3308 9
3312 3313 6
3312 3311 8
3313 3309 1
3313 3311 3
3313 3319 10
3313 3315 10
3313 3310 10
3315 3308 4
3315 3319 10
3315 3318 8
3316 3309 9
3316 3310 5
3316 3315 7
3316 3318 1
3317 3319 8
3317 3318 2
3317 3314 6
3318 3319 7
3318 3314 2
3318 3323 9
3318 3313 7
3322 3320 7
3322 3319 3
3322 3324 3
3323 3322 3
3323 3328 2
3323 3324 7
3326 3320 2
3326 3321 2
3327 3322 6
3327 3329 1
3328 3332 1
3328 3322 3
3328 3331 2
3328 3329 1
3329 3334 2
3329 3333 7
3330 3325 10
3330 3331 1
3331 3333 9
3331 3335 8
3331 3334 5
3331 3324 3
3331 3332 2
3332 3330 5
3332 3336 7
3332 3339 3
3332 3338 6
3333 3328 2
3333 3340 9
3333 3330 5
3333 3338 5
3335 3339 7
3335 3332 8
3336 3333 6
3336 3341 10
3336 3338 10
3336 3342 3
3337 3331 1
3337 3344 5
3337 3341 6
3337 3336 9
3339 3334 9
3339 3333 9
3339 3346 7
3339 3337 6
3340 3335 1
3340 3343 7
3340 3334 10
3340 3336 3
3340 3342 6
3342 3348 9
3342 3343 10
3343 3349 6
3343 3346 2
3344 3349 1
3344 3338 9
3344 3350 9
3345 3344 7
3347 3354 8
3347 3351 4
3348 3351 9
3348 3354 3
3349 3355 4
3349 3351 3
3349 3348 4
3350 3349 10
3351 3346 6
3351 3345 5
3352 3356 6
3353 3346 10
3353 3359 9
3355 3357 10
3355 3352 4
3355 3358 8
3356 3363 5
3356 3353 10
3356 3351 4
3356 3358 3
3356 3354 8
3357 3363 5
3357 3359 9
3357 3358 1
3358 3361 9
3358 3359 2
3359 3355 6
3359 3360 2
3359 3362 3
3359 3363 2
3359 3361 9
3360 3367 10
3360 3363 5
3361 3363 4
3361 3368 1
3361 3364 1
3361 3357 6
3361 3362 8
3362 3363 9
3362 3355 10
3362 3367 6
3362 3364 3
3362 3369 3
3363 3368 4
3364 3366 7
3364 3358 3
3364 3357 8
3365 3363 4
3365 3358 4
3366 3363 7
3366 3373 10
3366 3362 8
3367 3374 3
3367 3371 4
3369 3364 5
3369 3371 8
3369 3375 7
3369 3367 1
3369 3365 4
3370 3376 2
3371 3378 6
3371 3377 2
3371 3370 10
3371 3373 2
3371 3366 6
3372 3373 6
3372 3374 3
3373 3369 2
3373 3378 2
3373 3377 5
3373 3380 2
3373 3367 4
3374 3380 2
3374 3377 2
3374 3369 7
3374 3379 3
3375 3372 8
3375 3370 7
3375 3379 1
3375 3368 9
3376 3381 2
3376 3383 9
3376 3374 3
3376 3377 9
3376 3382 3
3377 3370 8
3377 3380 10
3377 3378 10
3378 3376 2
3378 3382 8
3378 3372 4
3379 3377 5
3379 3386 8
3379 3382 6
3380 3382 6
3380 3383 7
3380 3376 5
3381 3377 3
3381 3380 9
3382 3386 4
3383 3385 3
3383 3384 4
3383 3388 4
3384 3377 7
3384 3381 4
3385 3382 6
3385 3381 7
3385 3378 4
3385 3384 6
3385 3388 3
3386 3384 9
3386 3387 6
3386 3393 1
3387 3381 8
3388 3390 1
3389 3382 10
3389 3393 1
3390 3386 7
3392 3385 10
3392 3391 3
3392 3390 10
3392 3387 1
3393 3387 9
3394 3393 8
3394 3389 5
3395 3388 6
3395 3396 1
3396 3389 9
3396 3397 1
3396 3401 9
3396 3394 9
3398 3403 6
3398 3402 10
3398 3393 3
3398 3396 3
3398 3391 4
3399 3393 8
3399 3392 5
3399 3401 9
3402 3407 7
3402 3400 6
3402 3404 4
3402 3403 8
3403 3407 4
3403 3410 10
3403 3409 1
3404 3403 6
3405 3404 10
3405 3403 2
3405 3408 8
3406 3400 7
3406 3404 9
3407 3409 8
3409 3408 9
3410 3416 5
3410 3417 9
3410 3413 1
3410 3409 4
3411 3418 5
3413 3408 10
3413 3419 3
3413 3406 2
3413 3407 9
3413 3415 6
3414 3411 5
3414 3417 7
3415 3422 5
3415 3414 3
3415 3418 4
3415 3412 7
3415 3419 1
3416 3409 6
3416 3419 2
3417 3412 3
3417 3413 10
3417 3424 10
3418 3421 1
3418 3417 1
3419 3422 4
3419 3418 7
3419 3414 8
3419 3412 2
3420 3421 6
3420 3423 7
3420 3418 2
3421 3423 2
3421 3415 2
3421 3417 7
3421 3428 8
3421 3425 7
3422 3424 9
3423 3427 3
3423 3429 9
3423 3418 6
3424 3431 1
3424 3421 10
3426 3431 6
3426 3422 7
3426 3420 5
3427 3433 10
3427 3425 10
3427 3432 8
3428 3431 4
3429 3435 6
3429 3432 4
3429 3427 10
3430 3433 7
3430 3425 10
3430 3432 7
3430 3434 10
3431 3434 2
3431 3437 4
3431 3438 3
3431 3427 2
3431 3430 5
3432 3431 5
3432 3435 3
3432 3425 9
3432 3433 2
3432 3428 5
3433 3431 4
3434 3428 2
3434 3440 7
3434 3432 1
3434 3439 6
3435 3433 3
3435 3431 2
3435 3437 2
3436 3434 9
3436 3430 3
3436 3440 10
3437 3433 5
3437 3443 5
3440 3439 3
3440 3438 6
3440 3446 2
3440 3445 7
3441 3442 10
3441 3444 2
3442 3448 2
3442 3445 7
3443 3440 10
3443 3436 4
3443 3441 9
3446 3452 10
3446 3449 8
3446 3451 4
3446 3447 7
3448 3447 8
3448 3444 6
3450 3454 10
3450 3456 2
3451 3453 5
3451 3447 10
3451 3449 1
3451 3444 1
3451 3445 8
3452 3448 4
3452 3445 8
3452 3453 7
3452 3449 3
3453 3448 2
3453 3456 3
3454 3448 9
3454 3460 7
3454 3458 7
3454 3459 6
3455 3449 10
3455 3461 10
3455 3458 4
3455 3448 6
3455 3453 4
3456 3460 7
3456 3451 8
3457 3461 10
3457 3453 5
3457 3452 5
3457 3455 6
3457 3451 6
3458 3459 2
3459 3461 2
3459 3452 7
3462 3457 8
3462 3463 8
3462 3467 6
3464 3468 8
3464 3460 4
3464 3461 3
3466 3469 8
3466 3459 2
3466 3465 8
3466 3470 8
3466 3472 6
3467 3461 10
3467 3465 8
3467 3471 2
3467 3469 3
3467 3474 9
3468 3462 1
3468 3474 10
3469 3463 4
3470 3463 7
3470 3476 2
3470 3473 3
3471 3472 8
3471 3465 4
3471 3476 7
3471 3466 1
3472 3474 10
3473 3476 2
3474 3479 5
3474 3470 6
3474 3477 10
3474 3475 8
3475 3480 7
3475 3472 3
3475 3473 6
3475 3476 7
3477 3484 6
3477 3473 4
3477 3483 3
3477 3480 2
3478 3477 10
3478 3482 3
3478 3484 5
3478 3481 7
3479 3476 1
3479 3483 10
3479 3485 3
3479 3477 3
3480 3473 1
3480 3478 1
3481 3487 8
3482 3485 5
3482 3483 2
3482 3486 10
3483 3486 9
3484 3485 10
3484 3483 1
3485 3481 5
3485 3491 7
3485 3489 3
3485 3488 7
3485 3487 9
3487 3491 7
3487 3486 7
3487 3482 2
3488 3487 2
3488 3495 4
3488 3490 9
3488 3483 7
3489 3490 6
3490 3486 9
3490 3487 1
3490 3496 10
3490 3494 3
3490 3491 3
3491 3494 9
3491 3492 1
3491 3493 3
3491 3495 4
3493 3494 3
3493 3498 10
3493 3499 3
3494 3497 1
3494 3495 2
3494 3496 10
3494 3500 4
3494 3489 2
3495 3489 4
3495 3501 6
3495 3502 8
3495 3500 10
3495 3493 9
3496 3502 8
3497 3503 4
3497 3501 6
3497 3495 1
3497 3498 9
3497 3496 2
3498 3505 3
3498 3496 10
3498 3491 1
3498 3495 6
3499 3498 6
3499 3505 10
3499 3503 6
3500 3497 1
3500 3506 9
3501 3502 2
3501 3498 8
3503 3510 6
3503 3506 7
3503 3496 1
3503 3498 4
3503 3505 8
3504 3498 8
3504 3499 5
3504 3497 6
3505 3510 1
3505 3506 1
3506 3507 1
3506 3501 5
3506 3513 6
3507 3500 1
3507 3505 10
3507 3504 3
3507 3514 7
3508 3504 1
3508 3509 10
3508 3506 6
3508 3513 5
3509 3502 6
3509 3507 9
3509 3504 7
3509 3510 5
3509 3505 7
3510 3516 4
3510 3511 4
3511 3505 6
3512 3507 5
3513 3518 3
3513 3520 2
3513 3511 4
3514 3508 9
3514 3521 5
3514 3517 8
3514 3511 3
3514 3518 10
3515 3508 5
3515 3510 4
3515 3520 1
3515 3516 9
3515 3509 6
3517 3516 10
3517 3520 10
3517 3518 2
3518 3512 6
3518 3520 4
3518 3515 4
3518 3524 4
3519 3526 4
3521 3523 10
3521 3527 7
3521 3528 5
3522 3526 4
3522 3516 7
3523 3522 3
3523 3529 5
3523 3519 5
3523 3528 3
3523 3530 3
3524 3523 2
3525 3528 6
3525 3530 4
3525 3529 2
3525 3532 7
3528 3529 7
3528 3524 10
3529 3530 5
3529 3527 7
3529 3534 4
3530 3526 6
3530 3536 6
3531 3528 1
3531 3533 10
3531 3525 9
3533 3539 5
3533 3534 2
3534 3539 1
3534 3541 7
3534 3531 6
3536 3534 1
3536 3531 9
3537 3530 10
3537 3532 2
3539 3535 4
3539 3543 4
3541 3535 8
3541 3545 4
3542 3544 4
3542 3541 7
3542 3546 7
3542 3545 7
3542 3535 8
3543 3542 6
3543 3547 10
3543 3537 9
3543 3550 3
3544 3537 1
3544 3549 6
3544 3541 7
3544 3547 9
3546 3543 1
3546 3544 1
3547 3546 4
3547 3541 5
3547 3553 8
3547 3545 5
3547 3552 4
3548 3552 1
3549 3548 1
3549 3547 6
3549 3553 3
3549 3556 6
3549 3543 5
3550 3553 7
3550 3552 5
3550 3544 9
3550 3548 10
3550 3554 9
3551 3556 8
3551 3546 3
3552 3545 4
3552 3549 10
3552 3551 6
3553 3552 4
3553 3557 4
3554 3551 6
3554 3556 9
3554 3555 8
3555 3560 3
3555 3550 2
3555 3556 1
3555 3552 6
3555 3553 1
3556 3558 6
3556 3557 3
3556 3561 9
3556 3553 4
3556 3552 4
3557 3560 3
3557 3554 7
3557 3551 6
3557 3552 8
3557 3564 2
3558 3559 5
3558 3561 10
3558 3555 2
3560 3564 2
3561 3557 5
3561 3554 4
3561 3567 3
3562 3560 4
3562 3557 6
3562 3561 4
3562 3567 7
3562 3564 3
3563 3558 8
3564 3565 7
3565 3563 4
3565 3567 5
3565 3571 3
3565 3560 6
3566 3561 3
3566 3569 1
3566 3570 6
3566 3572 10
3567 3564 7
3568 3567 6
3568 3569 2
3568 3571 9
3570 3563 10
3570 3565 5
3570 3577 8
3570 3576 4
3570 3575 1
3571 3576 9
3572 3565 7
3572 3570 7
3573 3572 3
3573 3571 3
3574 3579 5
3574 3567 10
3575 3574 4
3576 3569 4
3576 3579 4
3576 3573 2
3576 3582 7
3577 3579 6
3577 3584 7
3580 3579 6
3581 3587 9
3581 3586 6
3581 3576 1
3581 3580 2
3582 3585 8
3582 3579 10
3582 3587 2
3584 3582 10
3585 3583 3
3585 3591 10
3586 3584 9
3586 3590 3
3587 3586 3
3588 3585 5
3589 3594 2
3591 3587 2
3592 3591 10
3592 3586 6
3594 3596 3
3595 3590 3
3595 3601 7
3595 3598 6
3595 3602 10
3596 3593 9
3596 3603 3
3598 3597 4
3599 3603 3
3599 3597 10
3599 3594 7
3599 3604 10
3600 3595 7
3600 3596 5
3600 3606 1
3601 3594 4
3601 3603 7
3601 3608 6
3601 3598 8
3602 3600 9
3602 3605 1
3602 3604 9
3603 3598 6
3603 3609 9
3603 3610 7
3603 3600 9
3603 3605 7
3604 3597 6
3604 3611 3
3604 3608 3
3604 3606 4
3605 3606 9
3605 3598 2
3606 3612 8
3608 3603 6
3608 3605 5
3608 3610 10
3609 3612 8
3609 3615 10
3609 3614 8
3610 3607 2
3610 3609 5
3611 3617 6
3611 3614 6
3612 3608 3
3612 3613 8
3612 3614 5
3612 3607 3
3612 3618 2
3613 3615 5
3613 3609 7
3613 3608 4
3613 3610 10
3614 3610 6
3614 3620 8
3614 3619 8
3614 3608 1
3614 3616 5
3615 3621 10
3615 3610 9
3615 3616 4
3615 3614 2
3615 3611 9
3616 3620 7
3616 3612 2
3616 3621 7
3616 3609 3
3616 3618 10
3617 3619 10
3617 3622 6
3619 3621 6
3620 3618 9
3620 3621 2
3620 3624 10
3620 3626 9
3620 3617 10
3621 3623 6
3621 3622 7
3621 3626 3
3621 3618 9
3621 3627 4
3622 3623 5
3622 3619 6
3622 3618 10
3622 3626 7
3623 3630 7
3624 3619 10
3624 3630 4
3624 3627 9
3624 3625 1
3624 3622 10
3625 3619 10
3625 3623 10
3625 3632 7
3626 3632 1
3626 3619 6
3626 3623 6
3627 3630 1
3628 3621 2
3628 3623 4
3628 3624 7
3629 3634 10
3629 3635 4
3629 3633 6
3629 3623 8
3630 3625 8
3630 3635 2
3630 3633 10
3630 3636 9
3630 3631 7
3631 3624 9
3631 3637 8
3631 3632 8
3631 3626 8
3632 3628 8
3632 3636 8
3632 3629 7
3632 3633 5
3632 3635 7
3633 3639 9
3633 3640 5
3633 3627 9
3635 3642 6
3635 3628 10
3638 3645 8
3638 3632 10
3638 3631 8
3639 3635 8
3639 3645 1
3642 3640 6
3642 3641 7
3642 3639 8
3642 3643 3
3643 3649 4
3643 3639 3
3643 3650 8
3643 3637 3
3644 3647 3
3644 3638 3
3644 3651 2
3645 3644 9
3645 3647 4
3645 3648 4
3646 3642 2
3648 3650 3
3648 3652 9
3648 3651 6
3648 3644 6
3649 3644 3
3649 3651 6
3650 3645 3
3651 3650 6
3651 3652 7
3651 3658 2
3653 3659 2
3653 3658 10
3654 3657 9
3654 3650 5
3654 3659 7
3655 3653 3
3655 3657 9
3655 3658 2
3655 3649 6
3656 3659 2
3656 3662 3
3656 3650 9
3656 3649 7
3656 3651 7
3658 3652 7
3658 3664 6
3659 3663 10
3659 3652 4
3659 3660 7
3659 3664 6
3659 3662 2
3660 3664 3
3660 3657 6
3661 3665 6
3661 3667 10
3661 3657 5
3661 3663 3
3662 3666 2
3662 3658 7
3662 3660 7
3663 3669 7
3663 3658 3
3664 3663 2
3665 3658 7
3665 3660 3
3665 3666 8
3665 3669 6
3666 3661 1
3666 3669 5
3666 3667 1
3666 3672 8
3666 3660 3
3667 3672 8
3667 3670 9
3667 3660 5
3669 3675 4
3670 3677 5
3670 3664 1
3670 3672 3
3670 3674 3
3670 3665 3
3671 3673 2
3672 3665 2
3672 3669 9
3672 3677 8
3672 3668 1
3672 3673 10
3673 3680 5
3673 3668 9
3673 3677 8
3673 3676 7
3674 3678 2
3674 3675 6
3674 3667 6
3674 3679 1
3675 3679 10
3675 3676 4
3675 3677 4
3676 3674 4
3676 3680 1
3676 3681 7
3677 3679 8
3680 3679 4
3680 3687 7
3680 3682 2
3681 3685 3
3681 3677 6
3681 3683 7
3681 3688 8
3681 3686 4
3682 3679 5
3682 3688 3
3682 3683 4
3682 3689 6
3683 3685 5
3687 3692 7
3687 3686 10
3687 3690 10
3687 3688 2
3689 3688 6
3689 3686 5
3689 3687 6
3690 3694 5
3690 3686 8
3691 3697 10
3692 3699 8
3692 3685 7
3692 3690 6
3692 3695 3
3692 3691 10
3693 3687 4
3694 3687 7
3696 3699 1
3696 3698 1
3696 3695 4
3696 3690 7
3696 3701 2
3698 3705 9
3698 3694 9
3699 3706 8
3699 3698 6
3699 3695 7
3702 3695 7
3703 3708 9
3703 3702 6
3703 3706 10
3704 3707 8
3705 3709 2
3705 3700 6
3706 3711 6
3706 3709 5
3706 3705 5
3706 3712 3
3706 3713 8
3707 3700 2
3707 3702 9
3707 3708 6
3707 3711 7
3707 3713 7
3709 3703 3
3709 3715 10
3709 3708 7
3709 3712 3
3709 3710 9
3710 3704 5
3710 3714 1
3710 3711 2
3710 3712 3
3711 3715 5
3711 3704 5
3711 3716 5
3711 3705 2
3711 3717 7
3712 3719 8
3712 3716 6
3712 3713 3
3712 3705 8
3712 3707 6
3714 3716 3
3714 3707 3
3714 3711 2
3714 3708 9
3715 3713 9
3715 3722 7
3715 3717 9
3715 3714 7
3715 3720 7
3716 3709 1
3716 3717 4
3716 3718 1
3716 3721 9
3717 3722 5
3717 3712 6
3717 3710 6
3717 3719 10
3717 3718 9
3718 3724 5
3718 3715 1
3718 3723 10
3718 3721 4
3718 3711 8
3719 3720 5
3719 3716 9
3719 3724 5
3719 3723 1
3719 3715 5
3721 3724 9
3721 3715 1
3722 3723 8
3722 3718 4
3722 3729 9
3723 3727 8
3723 3724 9
3723 3717 10
3723 3729 9
3725 3729 8
3725 3724 6
3725 3722 9
3725 3718 5
3726 3733 3
3726 3725 10
3727 3720 4
3727 3726 1
3727 3732 9
3729 3734 3
3730 3737 2
3731 3729 5
3731 3736 5
3732 3734 1
3732 3733 10
3732 3737 9
3732 3726 6
3732 3729 9
3733 3739 5
3733 3738 2
3734 3730 10
3735 3739 6
3735 3732 2
3735 3728 5
3735 3740 5
3737 3735 2
3737 3743 1
3737 3734 6
3739 3732 8
3739 3744 1
3739 3746 9
3739 3738 10
3739 3742 3
3740 3742 4
3740 3733 4
3741 3745 5
3742 3741 10
3742 3747 1
3742 3744 2
3742 3743 1
3743 3748 6
3743 3736 5
3744 3746 2
3744 3750 6
3744 3751 5
3744 3745 7
3745 3750 8
3745 3747 10
3747 3740 5
3747 3748 3
3748 3749 7
3748 3745 10
3749 3750 5
3750 3748 4
3750 3754 1
3750 3743 4
3751 3752 7
3751 3756 5
3751 3758 10
3751 3753 9
3752 3759 8
3752 3754 6
3752 3749 1
3753 3759 7
3753 3756 5
3754 3747 8
3754 3751 5
3754 3748 8
3756 3755 3
3756 3752 5
3756 3757 7
3756 3760 8
3757 3755 8
3757 3758 2
3757 3753 3
3757 3761 4
3758 3753 6
3758 3754 10
3758 3759 10
3758 3765 9
3759 3765 10
3759 3761 10
3759 3755 3
3761 3767 4
3761 3765 7
3761 3763 2
3761 3768 8
3761 3760 9
3762 3760 8
3762 3766 9
3762 3763 4
3763 3756 3
3763 3757 3
3763 3767 7
3763 3770 4
3764 3765 4
3765 3770 2
3766 3765 5
3766 3760 3
3766 3759 7
3766 3761 10
3766 3768 3
3767 3765 1
3767 3768 10
3767 3760 6
3768 3765 4
3768 3772 1
3768 3775 7
3768 3773 6
3768 3771 6
3769 3770 1
3769 3766 10
3769 3762 2
3769 3768 10
3769 3764 9
3770 3768 10
3770 3764 8
3770 3771 1
3770 3767 3
3770 3774 3
3771 3772 8
3771 3773 6
3772 3776 6
3772 3774 6
3772 3765 1
3772 3773 1
3772 3778 7
3773 3767 2
3773 3779 7
3775 3773 7
3775 3782 7
3775 3772 3
3775 3774 2
3775 3778 8
3776 3778 10
3776 3777 6
3777 3773 1
3777 3782 5
3777 3780 1
3777 3783 3
3778 3785 7
3778 3779 4
3778 3774 5
3778 3782 3
3779 3772 10
3780 3775 9
3780 3787 8
3780 3773 10
3780 3781 9
3781 3778 5
3781 3779 1
3781 3787 3
3781 3782 5
3781 3784 6
3782 3788 6
3782 3780 5
3782 3785 6
3783 3787 7
3783 3790 4
3783 3789 9
3784 3777 4
3786 3785 8
3786 3784 9
3786 3792 10
3786 3781 4
3787 3784 3
3787 3786 1
3787 3790 8
3787 3792 1
3787 3789 10
3788 3790 7
3788 3786 10
3788 3784 8
3788 3781 5
3789 3795 4
3789 3794 2
3790 3796 3
3790 3795 1
3791 3797 6
3792 3795 3
3792 3788 9
3792 3796 4
3794 3798 1
3794 3790 10
3794 3797 3
3794 3801 5
3794 3793 6
3796 3799 2
3796 3795 8
3799 3801 1
3799 3792 6
3799 3797 2
3799 3795 9
3799 3804 1
3801 3807 10
3803 3802 7
3803 3805 5
3803 3810 7
3803 3798 6
3804 3807 3
3805 3802 8
3805 3807 6
3805 3812 7
3805 3798 1
3806 3805 6
3806 3807 3
3806 3799 10
3806 3812 3
3806 3809 9
3807 3813 1
3807 3809 4
3807 3808 6
3807 3810 4
3808 3811 3
3808 3804 8
3808 3814 9
3809 3811 5
3809 3802 4
3811 3810 1
3811 3812 10
3811 3817 1
3812 3817 2
3812 3810 6
3812 3819 9
3812 3818 10
3812 3807 3
3813 3819 1
3813 3812 5
3813 3811 6
3813 3817 10
3814 3816 8
3814 3809 8
3814 3812 7
3815 3812 6
3815 3817 3
3816 3815 8
3816 3811 7
3816 3819 4
3816 3820 2
3817 3822 10
3817 3810 1
3817 3818 10
3818 3825 9
3818 3813 1
3818 3824 6
3818 3819 6
3819 3826 7
3819 3825 7
3819 3822 9
3820 3818 7
3820 3819 9
3820 3823 9
3820 3826 8
3820 3815 3
3821 3820 8
3822 3829 9
3822 3818 7
3822 3823 9
3824 3823 6
3824 3825 6
3824 3827 10
3824 3817 5
3825 3823 6
3825 3820 10
3825 3827 7
3825 3829 6
3825 3830 4
3826 3828 6
3826 3829 6
3827 3831 2
3828 3830 2
3828 3835 4
3828 3829 2
3829 3823 10
3829 3835 1
3829 3824 5
3832 3830 8
3832 3826 2
3833 3830 7
3834 3839 8
3834 3827 2
3834 3830 4
3834 3831 2
3834 3837 10
3835 3832 5
3837 3843 4
3837 3835 5
3837 3831 2
3839 3836 5
3839 3833 5
3840 3846 7
3840 3836 6
3840 3845 3
3840 3842 8
3842 3835 7
3842 3838 4
3842 3846 3
3842 3849 10
3842 3844 8
3843 3836 3
3843 3840 5
3843 3838 3
3843 3839 1
3844 3838 2
3844 3849 6
3844 3839 5
3846 3847 2
3846 3852 8
3846 3845 6
3846 3839 5
3846 3841 3
3847 3850 6
3847 3845 9
3847 3852 1
3847 3848 2
3847 3851 4
3848 3853 1
3848 3852 10
3848 3841 1
3848 3854 10
3848 3849 9
3849 3850 5
3851 3852 3
3854 3856 9
3854 3847 7
3854 3858 1
3854 3857 9
3855 3854 4
3855 3857 1
3855 3849 2
3855 3848 7
3855 3851 4
3856 3862 5
3856 3853 7
3857 3861 7
3857 3864 7
3858 3864 10
3858 3859 1
3858 3855 1
3858 3857 9
3858 3863 1
3859 3865 10
3859 3863 1
3861 3866 3
3861 3859 5
3861 3858 9
3861 3868 8
3861 3862 6
3862 3864 6
3862 3867 3
3862 3869 3
3862 3868 8
3863 3861 10
3863 3860 1
3864 3870 2
3864 3865 2
3864 3866 8
3864 3869 8
3865 3866 2
3865 3867 1
3866 3873 3
3866 3859 6
3867 3861 7
3867 3864 4
3867 3871 7
3869 3870 6
3869 3863 2
3869 3867 1
3869 3866 6
3870 3873 5
3870 3877 3
3870 3871 2
3871 3873 1
3871 3878 8
3871 3866 7
3871 3877 10
3872 3869 9
3872 3874 9
3872 3866 5
3873 3879 8
3873 3869 9
3873 3877 4
3873 3867 2
3874 3867 5
3874 3881 6
3874 3877 9
3874 3880 7
3875 3871 8
3875 3882 1
3875 3879 1
3875 3869 3
3875 3881 1
3876 3869 5
3877 3872 6
3878 3872 5
3878 3879 10
3879 3876 8
3879 3885 2
3879 3884 10
3879 3877 2
3880 3883 7
3880 3885 9
3880 3887 7
3880 3879 7
3880 3882 9
3881 3886 5
3881 3882 9
3882 3885 8
3882 3887 3
3882 3883 9
3883 3886 1
3883 3877 5
3883 3889 10
3883 3887 2
3883 3884 8
3884 3878 10
3884 3885 8
3884 3888 5
3884 3881 10
3884 3891 5
3885 3889 7
3885 3887 9
3885 3891 1
3885 3883 2
3885 3888 7
3886 3892 10
3886 3885 1
3886 3880 4
3886 3893 3
3886 3891 4
3887 3881 8
3887 3890 9
3888 3891 1
3888 3894 1
3888 3889 5
3888 3883 3
3889 3884 1
3889 3896 4
3889 3893 7
3890 3885 1
3891 3895 8
3891 3887 4
3891 3890 3
3892 3895 5
3893 3894 2
3893 3892 10
3893 3899 3
3893 3896 5
3894 3889 10
3894 3898 9
3894 3895 10
3894 3899 3
3895 3902 8
3895 3900 7
3895 3901 3
3895 3890 10
3897 3902 2
3897 3894 5
3898 3903 2
3898 3899 1
3898 3900 7
3899 3901 9
3899 3902 10
3899 3900 7
3899 3905 6
3899 3896 3
3900 3905 5
3900 3896 10
3900 3907 3
3900 3904 4
3900 3894 6
3901 3904 10
3901 3896 7
3901 3906 4
3901 3908 8
3901 3898 9
3903 3906 5
3903 3897 7
3904 3911 2
3904 3899 1
3904 3908 10
3904 3898 8
3906 3902 5
3907 3903 8
3908 3909 10
3908 3906 9
3908 3913 9
3908 3912 9
3909 3903 7
3909 3907 4
3909 3915 1
3909 3902 10
3909 3904 9
3910 3908 6
3910 3904 2
3910 3916 9
3910 3911 10
3910 3917 9
3911 3916 4
3911 3915 1
3911 3918 9
3911 3909 4
3911 3905 7
3913 3918 10
3914 3909 10
3915 3919 3
3915 3917 7
3916 3920 10
3916 3915 8
3916 3918 1
3916 3909 8
3916 3921 9
3918 3924 1
3919 3914 6
3919 3926 2
3919 3923 4
3921 3922 4
3921 3914 6
3921 3928 9
3921 3924 7
3921 3920 4
3922 3920 8
3922 3928 8
3923 3930 8
3923 3918 4
3924 3931 7
3924 3922 10
3924 3920 6
3924 3925 7
3925 3919 6
3925 3928 5
3925 3918 6
3926 3931 4
3926 3932 5
3926 3925 2
3926 3924 10
3926 3923 9
3927 3924 8
3928 3929 2
3928 3930 3
3928 3935 6
3928 3923 10
3928 3931 6
3929 3925 9
3929 3924 9
3930 3926 4
3931 3927 6
3931 3930 4
3931 3932 1
3932 3935 2
3932 3927 9
3932 3928 4
3933 3936 5
3934 3939 4
3934 3932 7
3935 3936 10
3935 3929 4
3935 3930 9
3935 3939 1
3936 3937 8
3936 3931 2
3936 3932 5
3936 3943 1
3937 3933 3
3937 3932 3
3937 3940 9
3937 3943 1
3938 3942 9
3938 3935 3
3939 3946 2
3939 3941 8
3939 3932 10
3939 3938 7
3939 3942 5
3940 3936 9
3940 3942 7
3942 3941 3
3942 3944 1
3945 3943 5
3946 3951 3
3946 3952 10
3946 3949 1
3947 3951 7
3947 3940 5
3947 3950 9
3947 3949 2
3948 3953 4
3948 3950 9
3948 3951 6
3948 3949 6
3949 3944 4
3949 3951 6
3949 3955 10
3949 3942 6
3950 3949 6
3950 3955 5
3950 3952 4
3952 3956 9
3952 3954 5
3953 3951 10
3953 3952 7
3953 3957 1
3953 3946 5
3953 3959 1
3954 3955 2
3955 3957 9
3955 3962 3
3955 3956 6
3955 3958 8
3955 3948 2
3956 3958 6
3957 3956 6
3957 3954 4
3957 3959 3
3957 3950 4
3957 3963 8
3958 3957 2
3958 3960 1
3958 3962 3
3958 3953 6
3959 3966 8
3959 3958 9
3959 3960 1
3959 3955 8
3959 3963 1
3960 3961 2
3961 3954 8
3962 3956 3
3963 3960 9
3963 3966 1
3964 3961 8
3964 3965 1
3965 3963 10
3965 3959 8
3965 3968 8
3965 3958 8
3966 3960 4
3966 3970 7
3966 3972 9
3966 3961 7
3966 3971 9
3967 3973 1
3967 3969 7
3967 3961 10
3968 3969 2
3968 3967 10
3969 3971 9
3969 3962 8
3971 3965 3
3971 3967 10
3971 3973 1
3972 3976 7
3974 3971 6
3974 3972 5
3974 3968 3
3975 3972 10
3975 3982 1
3975 3977 2
3975 3974 9
3975 3971 2
3976 3983 1
3977 3978 8
3977 3974 3
3977 3981 1
3977 3973 6
3978 3971 7
3978 3975 6
3978 3983 5
3979 3984 4
3979 3975 9
3980 3978 1
3980 3975 1
3980 3984 2
3981 3987 2
3981 3984 2
3981 3978 3
3981 3976 6
3981 3974 4
3982 3980 6
3982 3979 6
3983 3980 7
3983 3989 2
3983 3987 9
3984 3988 8
3984 3991 8
3984 3977 4
3985 3984 4
3986 3990 8
3986 3981 10
3986 3983 2
3986 3979 10
3986 3982 4
3987 3985 1
3987 3994 2
3987 3984 8
3987 3989 6
3987 3986 2
3989 3986 1
3990 3989 1
3990 3995 10
3991 3992 2
3991 3987 6
3991 3995 9
3992 3995 4
3992 3986 2
3992 3998 6
3992 3988 4
3992 3985 7
3994 3998 7
3994 3991 9
3994 4001 7
3995 4001 3
3995 3996 4
3997 3996 5
3997 4001 4
3997 3992 9
3997 3990 10
3998 4003 8
3998 3991 7
3998 3996 5
3998 3995 6
3998 3997 8
3999 3997 8
4000 3997 2
4000 3998 10
4000 4007 8
4001 4005 10
4001 4006 6
4002 4000 3
4002 3995 2
4002 4004 5
4003 3997 10
4003 4004 1
4003 4010 2
4004 4005 1
4004 4007 4
4004 3997 5
4005 4011 9
4005 4010 3
4005 4002 6
4005 4003 6
4006 4012 1
4006 4002 8
4006 4000 7
4009 4013 5
4010 4006 8
4010 4017 9
4010 4016 3
4010 4004 4
4010 4013 8
4011 4015 3
4011 4007 3
4011 4004 6
4012 4010 10
4012 4017 2
4012 4018 3
4012 4015 8
4012 4019 10
4013 4020 2
4013 4008 8
4013 4007 7
4015 4010 4
4015 4017 6
4015 4019 4
4015 4013 10
4016 4022 4
4016 4017 8
4016 4019 1
4016 4021 8
4017 4022 10
4017 4011 6
4017 4014 5
4018 4019 1
4019 4026 1
4019 4024 8
4019 4023 4
4020 4016 9
4021 4015 1
4022 4024 4
4022 4020 8
4023 4017 3
4024 4017 9
4024 4027 10
4024 4029 7
4024 4025 4
4024 4018 3
4025 4018 9
4025 4022 8
4025 4031 10
4026 4025 2
4027 4031 3
4027 4028 8
4027 4023 1
4027 4033 8
4028 4030 4
4028 4033 6
4028 4025 6
4028 4026 8
4028 4021 4
4029 4028 1
4029 4026 5
4030 4029 7
4031 4028 9
4031 4036 3
4032 4035 10
4033 4029 2
4033 4037 1
4033 4036 9
4033 4039 1
4034 4041 4
4034 4031 9
4034 4027 1
4034 4038 9
4035 4029 5
4035 4038 9
4035 4033 7
4035 4028 6
4035 4039 2
4036 4042 5
4036 4032 4
4036 4043 2
4036 4030 7
4036 4039 2
4037 4030 4
4037 4034 5
4037 4032 2
4038 4037 3
4039 4032 6
4039 4044 1
4039 4037 4
4039 4043 7
4039 4046 9
4040 4037 7
4040 4043 3
4042 4038 6
4042 4048 7
4042 4040 1
4043 4042 10
4044 4038 9
4044 4040 10
4047 4053 6
4047 4045 5
4047 4042 4
4047 4041 1
4048 4052 4
4048 4047 3
4048 4044 6
4048 4050 4
4049 4045 2
4049 4048 3
4050 4053 3
4050 4057 2
4050 4046 1
4050 4055 2
4051 4058 3
4051 4053 3
4051 4054 8
4051 4048 3
4052 4056 3
4052 4050 5
4052 4058 7
4052 4047 7
4053 4058 4
4054 4050 7
4055 4056 4
4055 4059 1
4056 4060 6
4056 4051 4
4056 4061 8
4058 4061 7
4058 4059 4
4058 4054 3
4059 4054 5
4059 4057 6
4059 4056 4
4060 4066 7
4060 4061 2
4060 4054 3
4060 4067 1
4061 4064 5
4062 4059 9
4064 4057 2
4064 4067 3
4065 4071 4
4065 4059 9
4065 4067 1
4065 4061 1
4065 4070 2
4066 4069 10
4066 4062 7
4066 4059 7
4067 4061 6
4068 4065 4
4068 4067 2
4069 4065 3
4069 4068 3
4069 4071 10
4070 4076 5
4070 4068 8
4070 4077 3
4070 4071 1
4071 4076 6
4071 4066 9
4071 4073 6
4071 4077 10
4071 4064 6
4072 4067 9
4074 4077 9
4074 4073 9
4074 4070 3
4074 4075 4
4076 4072 1
4076 4075 4
4076 4069 9
4076 4078 9
4076 4074 4
4077 4080 8
4078 4085 3
4078 4083 3
4078 4075 7
4078 4071 7
4080 4073 2
4081 4080 7
4081 4076 5
4081 4077 9
4082 4087 5
4082 4088 1
4082 4077 8
4082 4084 9
4082 4075 10
4083 4080 5
4083 4088 2
4083 4090 2
4083 4086 9
4083 4089 9
4084 4090 9
4084 4081 8
4084 4085 6
4084 4080 8
4086 4084 7
4086 4090 10
4086 4089 3
4086 4088 5
4086 4085 9
4087 4081 8
4087 4090 6
4087 4083 6
4087 4085 7
4088 4094 5
4088 4084 7
4088 4085 3
4089 4084 1
4089 4090 8
4089 4094 8
4090 4096 10
4090 4085 8
4090 4097 1
4090 4093 6
4091 4097 1
4091 4098 8
4092 4094 6
4092 4091 3
4093 4099 9
4093 4100 10
4093 4087 4
4093 4098 1
4094 4090 1
4094 4095 10
4094 4100 10
4094 4091 4
4094 4099 2
4095 4090 7
4095 4088 6
4095 4101 8
4095 4102 7
4095 4098 6
4096 4100 2
4097 4100 2
4097 4092 7
4097 4101 2
4097 4099 10
4098 4104 10
4098 4103 10
4099 4095 5
4099 4103 8
4099 4106 8
4100 4102 10
4100 4105 7
4101 4096 5
4101 4107 10
4101 4105 1
4101 4106 5
4101 4102 2
4102 4105 9
4102 4096 10
4102 4106 7
4103 4096 3
4103 4105 9
4104 4109 9
4104 4101 9
4104 4100 10
4105 4099 7
4105 4106 7
4105 4112 1
4105 4110 2
4106 4103 9
4106 4110 8
4106 4104 8
4106 4112 8
4106 4107 7
4107 4105 8
4108 4114 6
4108 4101 8
4108 4107 10
4109 4105 7
4109 4106 8
4110 4104 6
4110 4112 3
4110 4108 9
4110 4116 7
4110 4103 5
4111 4105 6
4111 4112 7
4111 4115 5
4111 4106 1
4112 4116 4
4112 4118 1
4112 4117 5
4112 4115 1
4113 4118 8
4114 4111 7
4114 4107 10
4114 4110 9
4114 4112 2
4114 4120 9
4115 4122 10
4116 4113 5
4116 4117 5
4116 4115 10
4117 4122 2
4117 4119 5
4117 4110 1
4118 4120 8
4118 4119 5
4119 4124 5
4120 4121 9
4120 4126 9
4120 4116 10
4121 4119 1
4121 4118 5
4123 4117 5
4123 4127 8
4123 4126 10
4123 4130 3
4124 4125 6
4124 4127 3
4124 4131 7
4124 4123 1
4125 4128 3
4125 4119 10
4125 4123 3
4125 4122 6
4125 4121 8
4126 4129 2
4126 4125 5
4126 4119 5
4127 4131 10
4127 4121 4
4127 4130 9
4127 4132 7
4127 4129 5
4128 4135 10
4128 4126 4
4128 4123 5
4128 4124 6
4128 4122 8
4129 4136 10
4130 4131 5
4131 4137 1
4131 4125 5
4131 4135 7
4131 4129 5
4131 4128 7
4132 4137 8
4132 4126 7
4132 4134 3
4133 4127 10
4133 4137 3
4134 4127 10
4134 4131 8
4136 4131 8
4136 4138 3
4136 4140 10
4136 4133 1
4136 4132 2
4137 4135 5
4137 4142 9
4137 4143 6
4138 4145 2
4138 4141 1
4138 4132 5
4138 4142 8
4138 4131 8
4139 4135 2
4139 4144 8
4139 4133 7
4140 4133 4
4140 4145 1
4140 4137 5
4141 4135 7
4141 4137 8
4142 4148 4
4142 4146 10
4143 4141 10
4143 4138 4
4145 4143 5
4146 4145 5
4146 4149 2
4147 4140 9
4147 4146 10
4147 4151 3
4147 4149 10
4148 4145 9
4149 4148 4
4149 4152 10
4149 4144 5
4149 4153 7
4150 4148 9
4150 4143 5
4151 4155 2
4151 4148 4
4152 4146 6
4152 4158 9
4152 4153 5
4153 4157 3
4153 4151 10
4155 4161 8
4155 4154 3
4155 4156 8
4155 4159 7
4155 4162 2
4156 4153 8
4156 4157 2
4159 4157 9
4159 4165 7
4159 4154 5
4159 4160 5
4160 4162 5
4160 4161 3
4160 4165 10
4160 4153 3
4160 4157 8
4161 4166 1
4161 4163 9
4161 4157 10
4161 4154 10
4161 4162 2
4162 4156 8
4162 4163 8
4162 4167 9
4162 4169 9
4163 4164 6
4163 4156 3
4163 4159 10
4163 4158 2
4163 4166 8
4164 4169 5
4164 4171 1
4164 4165 7
4164 4166 8
4164 4159 2
4165 4163 7
4166 4172 9
4166 4169 1
4166 4168 9
4166 4165 3
4167 4165 3
4167 4171 5
4167 4166 8
4167 4160 7
4167 4170 5
4169 4171 1
4171 4176 9
4171 4174 1
4171 4177 7
4171 4172 7
4172 4165 5
4172 4177 4
4173 4166 7
4173 4174 7
4174 4179 2
4174 4181 7
4174 4170 6
4174 4180 2
4176 4170 9
4176 4183 1
4176 4174 7
4176 4173 2
4176 4172 8
4177 4183 1
4179 4183 1
4179 4180 10
4180 4187 8
4180 4176 9
4180 4184 6
4181 4175 4
4181 4182 8
4181 4187 7
4181 4179 3
4181 4178 5
4182 4186 3
4182 4183 3
4182 4176 6
4182 4180 3
4182 4178 7
4183 4178 5
4183 4181 6
4183 4180 10
4183 4187 8
4183 4184 7
4184 4181 2
4184 4186 1
4185 4178 5
4185 4191 6
4185 4182 1
4185 4190 4
4185 4181 7
4186 4192 3
4187 4193 6
4187 4189 9
4188 4192 7
4188 4184 10
4188 4181 6
4188 4194 1
4190 4183 9
4190 4194 2
4191 4196 10
4191 4198 9
4192 4195 5
4192 4185 1
4192 4189 2
4192 4198 4
4193 4194 10
4193 4198 5
4193 4191 5
4195 4193 1
4195 4189 4
4195 4197 8
4195 4200 6
4195 4196 4
4197 4202 9
4199 4192 7
4199 4194 7
4199 4195 3
4199 4201 4
4199 4204 4
4201 4200 9
4201 4194 5
4201 4203 6
4201 4196 1
4201 4197 5
4202 4206 7
4202 4208 7
4202 4199 3
4202 4198 8
4202 4200 6
4203 4206 8
4203 4209 10
4203 4199 10
4203 4198 8
4204 4210 10
4204 4202 5
4204 4201 10
4206 4209 1
4206 4204 8
4207 4203 1
4207 4212 9
4208 4211 2
4208 4206 1
4208 4207 3
4209 4210 10
4210 4215 10
4211 4215 10
4211 4218 3
4211 4213 5
4212 4218 3
4212 4216 5
4213 4215 5
4214 4212 1
4214 4211 6
4215 4209 8
4215 4222 4
4215 4212 2
4216 4211 2
4216 4219 6
4216 4223 3
4217 4218 8
4217 4210 2
4217 4222 3
4217 4212 8
4217 4214 6
4219 4213 8
4219 4222 4
4219 4212 3
4220 4224 8
4220 4227 2
4220 4226 4
4220 4223 1
4221 4224 9
4221 4219 6
4221 4220 9
4222 4227 2
4222 4229 1
4222 4223 6
4222 4228 7
4223 4226 8
4223 4229 4
4224 4222 9
4225 4229 8
4225 4222 5
4225 4226 9
4227 4224 6
4227 4226 3
4227 4229 3
4227 4234 9
4227 4233 9
4228 4232 7
4228 4225 3
4228 4224 10
4229 4234 2
4229 4232 2
4231 4227 8
4231 4224 5
4231 4238 6
4231 4232 1
4231 4225 9
4234 4230 4
4234 4241 3
4235 4231 4
4235 4229 8
4235 4236 8
4235 4233 7
4236 4237 8
4236 4229 3
4236 4234 5
4237 4243 9
4237 4231 2
4237 4235 9
4237 4230 4
4240 4246 10
4242 4246 9
4242 4236 2
4242 4244 10
4242 4240 6
4243 4245 7
4243 4238 4
4243 4246 10
4243 4247 1
4244 4239 9
4244 4241 2
4244 4250 2
4244 4240 5
4244 4245 6
4245 4246 1
4245 4252 7
4245 4251 9
4245 4250 1
4245 4240 8
4246 4244 9
4246 4253 10
4246 4252 7
4246 4241 7
4246 4249 1
4247 4251 8
4247 4252 6
4247 4244 8
4247 4240 8
4249 4248 3
4249 4254 7
4249 4255 5
4253 4258 9
4253 4249 9
4253 4251 10
4254 4261 1
4254 4250 10
4256 4261 10
4256 4251 10
4257 4250 5
4257 4264 10
4260 4263 9
4260 4264 2
4260 4262 5
4261 4260 1
4262 4255 9
4262 4257 9
4262 4267 2
4262 4269 2
4262 4268 2
4263 4267 1
4263 4261 9
4263 4268 5
4264 4268 4
4264 4270 6
4264 4271 2
4266 4259 1
4266 4265 10
4266 4263 6
4267 4272 2
4267 4266 9
4268 4267 3
4268 4273 4
4269 4268 4
4269 4264 4
4269 4276 10
4269 4267 1
4269 4266 4
4270 4276 9
4271 4273 1
4271 4266 1
4271 4265 9
4272 4268 5
4272 4278 1
4272 4275 3
4272 4269 8
4273 4269 7
4273 4274 9
4273 4278 8
4273 4280 3
4273 4277 9
4274 4268 2
4274 4271 9
4274 4279 6
4274 4269 3
4274 4270 9
4275 4278 6
4275 4281 6
4275 4280 5
4275 4269 9
4275 4268 10
4276 4277 7
4276 4275 1
4276 4282 10
4276 4274 2
4277 4271 1
4278 4282 9
4278 4279 2
4278 4284 3
4278 4281 9
4279 4284 2
4279 4273 3
4279 4283 7
4279 4285 10
4282 4283 5
4282 4277 8
4282 4289 8
4284 4288 10
4284 4277 9
4284 4286 6
4285 4292 4
4286 4293 1
4286 4281 3
4286 4292 9
4287 4290 10
4287 4291 10
4287 4282 7
4288 4281 6
4288 4291 1
4288 4283 10
4288 4287 9
4289 4296 4
4289 4285 9
4290 4292 10
4290 4294 8
4290 4291 6
4290 4296 9
4291 4295 7
4291 4297 2
4291 4292 1
4291 4284 3
4292 4299 1
4292 4295 2
4292 4288 9
4292 4296 10
4294 4291 4
4294 4300 5
4294 4293 9
4294 4299 3
4294 4295 5
4295 4298 8
4295 4301 7
4295 4302 1
4297 4300 9
4298 4300 2
4298 4302 5
4298 4296 5
4299 4305 9
4301 4298 2
4301 4308 7
4301 4303 2
4302 4299 8
4302 4309 3
4302 4306 3
4302 4301 10
4303 4308 8
4303 4298 7
4303 4296 10
4303 4302 1
4304 4299 2
4304 4310 6
4304 4298 5
4305 4308 7
4306 4300 9
4306 4311 10
4306 4299 10
4307 4312 5
4307 4302 10
4307 4301 9
4308 4312 2
4309 4306 7
4311 4307 8
4312 4305 5
4312 4314 7
4312 4317 3
4312 4310 5
4313 4309 4
4313 4319 4
4313 4310 1
4313 4307 4
4313 4308 7
4314 4321 10
4314 4318 4
4314 4309 4
4315 4313 10
4315 4318 10
4316 4319 7
4316 4318 8
4316 4309 7
4316 4320 6
4317 4320 7
4317 4323 10
4318 4321 10
4321 4319 5
4321 4317 3
4321 4315 7
4321 4326 10
4322 4327 9
4322 4318 2
4322 4315 3
4322 4328 10
4322 4320 7
4323 4316 8
4323 4327 10
4323 4318 5
4323 4330 2
4323 4321 8
4324 4331 8
4325 4323 9
4325 4320 5
4325 4324 5
4326 4333 8
4326 4329 8
4326 4331 10
4327 4328 9
4327 4333 8
4327 4329 8
4327 4326 10
4327 4334 4
4328 4326 4
4328 4333 5
4328 4325 8
4328 4332 8
4328 4331 1
4329 4331 2
4329 4324 1
4330 4324 2
4330 4325 10
4330 4336 6
4331 4334 7
4331 4327 8
4333 4335 4
4333 4329 10
4333 4340 4
4333 4331 4
4333 4339 2
4334 4336 4
4334 4339 1
4335 4337 4
4335 4330 4
4335 4340 9
4335 4341 8
4336 4343 4
4336 4342 5
4336 4338 7
4336 4329 10
4337 4342 1
4338 4343 10
4338 4332 6
4338 4340 9
4340 4334 7
4340 4339 6
4340 4342 6
4341 4340 7
4342 4343 8
4342 4338 5
4342 4345 8
4342 4347 5
4342 4341 8
4343 4346 5
4343 4341 3
4344 4350 1
4344 4338 3
4344 4347 10
4344 4341 1
4344 4340 8
4345 4349 3
4347 4352 6
4347 4340 4
4347 4348 7
4349 4343 5
4349 4353 4
4349 4354 4
4349 4356 5
4349 4344 6
4350 4343 5
4351 4357 2
4352 4350 4
4352 4351 1
4352 4354 8
4352 4356 6
4353 4358 8
4353 4355 5
4353 4360 6
4353 4346 10
4354 4359 9
4354 4357 6
4354 4360 5
4354 4355 1
4354 4356 1
4355 4359 6
4355 4349 4
4355 4361 8
4355 4362 3
4356 4351 5
4357 4361 10
4357 4359 7
4357 4362 2
4357 4355 6
4358 4361 4
4360 4358 5
4360 4362 1
4360 4356 1
4360 4367 5
4362 4366 6
4364 4358 10
4364 4360 10
4365 4367 10
4365 4370 10
4365 4363 8
4365 4362 8
4366 4372 3
4367 4368 2
4367 4370 5
4367 4366 10
4367 4372 7
4367 4374 4
4368 4362 2
4370 4372 2
4370 4363 1
4371 4369 7
4371 4368 7
4372 4373 6
4372 4377 8
4372 4374 2
4372 4371 9
4373 4370 8
4373 4371 2
4374 4379 6
4375 4371 6
4375 4370 2
4375 4378 6
4375 4376 1
4375 4372 4
4376 4372 4
4376 4378 4
4376 4381 1
4376 4383 3
4376 4370 3
4378 4381 2
4379 4377 10
4379 4375 10
4379 4382 3
4379 4380 1
4379 4378 5
4380 4373 5
4380 4376 7
4380 4375 7
4380 4385 3
4380 4387 8
4381 4377 6
4381 4388 9
4381 4384 7
4381 4382 1
4382 4377 7
4382 4386 4
4382 4375 9
4382 4385 7
4383 4378 6
4383 4380 1
4384 4389 7
4384 4391 1
4384 4377 6
4384 4386 5
4385 4379 2
4385 4384 4
4387 4393 9
4387 4383 1
4387 4381 1
4387 4390 5
4387 4391 7
4388 4387 8
4388 4389 7
4388 4392 10
4388 4391 1
4389 4396 10
4389 4393 10
4389 4395 7
4389 4382 2
4389 4386 8
4390 4393 8
4390 4383 6
4392 4389 4
4392 4393 4
4392 4385 6
4392 4396 5
4392 4394 1
4393 4391 6
4393 4399 3
4393 4398 1
4393 4395 7
4393 4400 5
4394 4388 6
4394 4396 8
4394 4389 6
4394 4395 1
4394 4393 6
4395 4388 1
4395 4400 1
4396 4399 1
4398 4401 2
4398 4402 5
4398 4392 9
4399 4392 8
4399 4398 2
4399 4395 9
4399 4400 1
4400 4401 4
4400 4406 4
4402 4401 2
4402 4395 9
4402 4404 9
4402 4400 9
4402 4409 9
4403 4396 7
4403 4409 4
4405 4409 9
4405 4407 7
4405 4400 2
4405 4402 1
4406 4404 7
4406 4408 2
4406 4409 2
4406 4411 2
4406 4405 3
4407 4402 6
4407 4411 10
4407 4404 2
4407 4406 10
4409 4411 10
4409 4412 9
4409 4416 2
4410 4405 8
4410 4408 3
4411 4414 5
4411 4408 2
4411 4417 10
4411 4418 3
4412 4416 8
4412 4406 7
4412 4408 9
4413 4408 6
4413 4415 4
4414 4412 1
4414 4421 6
4414 4407 8
4414 4419 7
4415 4422 9
4415 4409 8
4415 4412 10
4415 4410 2
4417 4410 2
4417 4423 1
4417 4412 8
4417 4413 1
4418 4425 3
4420 4423 10
4420 4419 4
4420 4418 10
4421 4424 3
4421 4422 4
4422 4429 6
4422 4416 5
4422 4426 3
4422 4428 9
4422 4423 5
4423 4424 6
4423 4419 6
4423 4425 3
4423 4426 6
4424 4428 4
4424 4420 9
4424 4425 5
4424 4422 4
4425 4428 2
4425 4419 10
4425 4432 6
4425 4429 9
4425 4431 2
4426 4419 9
4426 4433 4
4426 4431 8
4427 4434 9
4427 4433 6
4427 4421 10
4427 4424 10
4428 4434 10
4428 4427 7
4428 4421 1
4428 4432 9
4428 4423 5
4430 4427 5
4430 4423 9
4430 4432 1
4430 4437 5
4430 4436 10
4431 4438 5
4432 4426 1
4432 4435 7
4433 4439 10
4433 4434 6
4433 4429 5
4433 4437 6
4434 4431 2
4434 4430 6
4434 4439 2
4435 4430 9
4435 4442 4
4435 4431 3
4435 4440 6
4436 4432 10
4438 4439 9
4439 4443 10
4439 4444 6
4443 4445 8
4443 4448 7
4443 4437 1
4443 4447 5
4446 4441 3
4447 4442 10
4448 4445 6
4450 4448 1
4450 4452 9
4450 4444 1
4450 4443 6
4450 4451 8
4451 4456 6
4451 4444 3
4451 4455 1
4451 4448 5
4451 4453 3
4452 4451 6
4452 4448 8
4453 4447 10
4457 4452 10
4457 4460 5
4457 4451 10
4458 4464 4
4458 4459 5
4458 4463 10
4458 4456 5
4459 4463 1
4459 4466 6
4459 4453 8
4460 4461 3
4461 4468 1
4461 4459 5
4462 4460 2
4462 4469 5
4462 4465 4
4462 4455 5
4462 4468 10
4463 4460 10
4463 4468 5
4463 4470 8
4463 4462 9
4463 4469 6
4464 4469 1
4464 4457 3
4464 4463 2
4464 4468 8
4464 4467 8
4466 4470 4
4466 4467 2
4466 4464 6
4466 4468 9
4467 4468 1
4467 4461 1
4467 4474 8
4468 4471 10
4468 4472 10
4468 4470 9
4469 4470 8
4469 4467 8
4469 4466 2
4470 4476 1
4470 4477 3
4470 4471 7
4470 4465 4
4471 4474 2
4471 4467 3
4471 4466 2
4471 4477 7
4472 4467 2
4473 4471 6
4474 4479 4
4474 4473 5
4474 4468 10
4474 4469 6
4474 4472 10
4475 4482 3
4475 4468 9
4476 4477 7
4476 4479 8
4476 4473 7
4476 4472 5
4476 4480 2
4479 4472 6
4479 4484 2
4479 4486 10
4480 4484 6
4481 4485 9
4481 4475 2
4482 4480 8
4482 4484 9
4482 4479 2
4484 4485 10
4484 4490 9
4484 4488 9
4484 4491 7
4485 4489 3
4485 4479 4
4486 4492 10
4486 4488 1
4486 4489 7
4486 4481 5
4486 4487 9
4487 4491 2
4487 4484 8
4487 4490 10
4487 4481 1
4487 4480 4
4488 4493 10
4488 4485 5
4488 4495 8
4488 4482 10
4488 4481 4
4490 4486 9
4490 4497 2
4490 4495 6
4491 4497 7
4491 4492 6
4492 4493 5
4493 4496 9
4493 4499 5
4493 4490 1
4493 4500 5
4493 4495 9
4494 4495 10
4494 4491 5
4494 4500 6
4496 4495 5
4496 4489 5
4497 4492 5
4497 4501 7
4497 4500 5
4497 4504 7
4497 4499 9
4498 4500 9
4498 4499 3
4498 4494 10
4499 4502 8
4499 4500 5
4499 4495 8
4499 4494 9
4500 4507 8
4500 4501 10
4501 4502 5
4501 4503 8
4502 4500 7
4502 4503 7
4502 4506 1
4503 4496 1
4503 4500 4
4503 4507 7
4504 4501 3
4504 4500 4
4505 4501 6
4505 4508 4
4506 4512 8
4506 4503 6
4506 4511 10
4506 4509 6
4507 4505 7
4510 4512 2
4511 4504 6
4511 4510 8
4512 4518 2
4512 4514 3
4513 4511 9
4513 4519 6
4514 4510 2
4514 4517 8
4515 4519 4
4515 4509 7
4515 4516 8
4517 4511 5
4518 4519 9
4518 4520 10
4518 4517 2
4519 4517 3
4519 4512 6
4519 4516 6
4519 4522 4
4520 4526 8
4520 4527 8
4520 4517 10
4520 4516 7
4522 4529 3
4522 4520 5
4522 4517 1
4522 4524 5
4523 4519 6
4523 4529 4
4523 4518 6
4523 4528 1
4524 4531 9
4525 4532 4
4525 4522 10
4525 4518 1
4526 4528 10
4527 4522 8
4528 4529 10
4528 4530 3
4528 4535 2
4529 4527 7
4529 4532 8
4529 4531 6
4529 4530 1
4530 4527 8
4530 4537 7
4530 4523 8
4530 4535 5
4530 4532 10
4531 4537 7
4531 4536 9
4531 4530 2
4531 4525 8
4531 4528 7
4532 4533 8
4532 4537 4
4532 4531 7
4533 4527 7
4534 4530 10
4535 4532 3
4536 4533 9
4537 4544 10
4537 4540 4
4537 4535 9
4537 4533 3
4537 4539 5
4538 4535 5
4538 4531 4
4538 4537 1
4538 4536 4
4539 4540 6
4540 4546 2
4540 4538 4
4540 4547 7
4540 4544 3
4541 4536 9
4541 4545 7
4542 4546 5
4542 4544 3
4542 4547 4
4542 4535 9
4542 4543 5
4543 4536 7
4543 4539 9
4543 4541 3
4544 4547 2
4544 4548 6
4544 4549 6
4544 4541 7
4545 4539 8
4545 4543 7
4545 4552 9
4545 4551 7
4545 4547 8
4546 4545 4
4546 4548 10
4546 4551 3
4546 4541 3
4547 4552 3
4547 4541 8
4548 4555 1
4548 4547 7
4548 4549 8
4549 4546 3
4549 4547 7
4550 4552 4
4550 4549 1
4551 4547 10
4551 4557 2
4551 4550 5
4552 4555 6
4552 4556 4
4552 4558 2
4554 4560 5
4554 4559 9
4555 4561 6
4555 4549 9
4555 4558 8
4556 4559 2
4556 4561 2
4556 4563 7
4556 4554 8
4556 4555 7
4557 4552 2
4558 4557 5
4558 4564 4
4558 4562 1
4558 4565 8
4559 4565 10
4559 4553 8
4560 4564 8
4560 4567 5
4560 4559 8
4562 4564 4
4562 4566 4
4562 4555 5
4562 4567 4
4563 4559 6
4564 4568 7
4565 4564 10
4565 4563 4
4567 4572 8
4568 4573 3
4568 4567 3
4568 4570 4
4568 4574 2
4568 4561 5
4570 4566 7
4571 4574 8
4572 4566 8
4572 4577 10
4572 4565 10
4573 4580 3
4573 4579 2
4573 4567 5
4573 4566 8
4573 4574 7
4575 4576 3
4575 4578 7
4575 4579 1
4576 4578 1
4576 4569 9
4576 4574 9
4576 4573 7
4577 4573 7
4578 4573 10
4578 4585 1
4578 4579 9
4578 4582 1
4578 4572 6
4580 4582 3
4580 4583 5
4580 4575 4
4580 4584 6
4580 4577 10
4581 4582 9
4581 4580 8
4581 4578 7
4581 4588 7
4583 4585 2
4583 4579 8
4583 4577 4
4584 4587 7
4584 4577 4
4584 4585 2
4585 4579 6
4585 4581 9
4585 4587 7
4586 4583 1
4586 4592 6
4586 4591 9
4586 4589 4
4587 4582 4
4587 4593 4
4587 4588 2
4587 4592 4
4587 4589 9
4589 4594 1
4589 4595 2
4589 4588 8
4590 4595 5
4590 4597 1
4590 4592 1
4590 4594 8
4591 4590 4
4591 4592 5
4591 4593 6
4592 4589 2
4592 4593 10
4593 4588 7
4593 4596 7
4593 4595 1
4594 4597 6
4594 4599 5
4594 4595 1
4595 4602 4
4595 4597 9
4596 4592 6
4596 4597 5
4598 4595 8
4598 4592 4
4599 4592 1
4599 4606 8
4599 4603 7
4599 4596 1
4599 4593 8
4600 4606 3
4600 4605 10
4600 4593 10
4600 4604 8
4601 4598 7
4601 4604 3
4601 4603 2
4601 4595 8
4602 4607 6
4602 4601 2
4602 4605 5
4602 4606 7
4603 4597 3
4603 4596 5
4604 4606 10
4604 4599 7
4604 4609 10
4604 4598 6
4605 4607 9
4607 4609 10
4607 4604 3
4607 4613 9
4608 4611 4
4608 4610 7
4608 4603 4
4608 4601 3
4609 4606 8
4610 4607 2
4610 4609 10
4611 4616 6
4611 4607 2
4611 4613 2
4611 4615 6
4611 4606 9
4612 4607 10
4612 4611 7
4612 4606 5
4613 4609 6
4613 4616 9
4613 4610 5
4613 4615 1
4614 4616 1
4614 4613 4
4614 4615 3
4615 4618 4
4615 4622 3
4615 4610 1
4616 4615 3
4616 4609 7
4616 4619 10
4617 4613 6
4617 4620 9
4617 4621 8
4617 4622 5
4617 4614 10
4618 4625 8
4618 4619 3
4619 4615 7
4619 4617 7
4619 4622 1
4619 4612 7
4619 4626 8
4620 4622 3
4620 4616 3
4620 4613 2
4621 4623 6
4621 4614 5
4622 4618 5
4623 4616 10
4623 4628 6
4623 4622 1
4624 4626 2
4624 4617 4
4624 4623 9
4624 4630 8
4624 4625 2
4625 4622 8
4625 4626 1
4625 4629 3
4625 4621 10
4626 4629 6
4626 4620 6
4626 4633 6
4627 4634 8
4627 4633 5
4628 4630 3
4628 4625 10
4628 4631 1
4630 4627 2
4630 4634 1
4630 4625 4
4631 4638 10
4631 4633 5
4633 4637 7
4633 4635 3
4633 4630 2
4634 4629 6
4635 4641 5
4635 4632 1
4635 4638 6
4635 4630 7
4635 4640 10
4636 4629 7
4636 4642 8
4636 4634 4
4636 4631 2
4637 4643 3
4637 4642 4
4637 4644 5
4638 4637 8
4638 4639 8
4638 4633 9
4639 4646 4
4639 4640 9
4639 4632 7
4640 4633 2
4640 4636 4
4640 4644 7
4640 4634 1
4640 4647 5
4641 4647 9
4641 4639 5
4642 4646 2
4645 4652 7
4645 4644 10
4645 4638 9
4645 4639 8
4646 4650 4
4646 4640 7
4646 4641 5
4646 4647 1
4646 4648 9
4647 4652 9
4647 4654 9
4647 4650 10
4647 4644 10
4648 4644 3
4648 4655 7
4648 4653 2
4649 4650 7
4649 4652 6
4649 4644 7
4651 4648 4
4652 4654 8
4652 4655 8
4653 4647 9
4653 4656 7
4653 4660 7
4654 4658 5
4654 4648 10
4654 4655 6
4654 4649 5
4654 4657 6
4657 4656 10
4657 4651 3
4657 4664 6
4659 4656 1
4659 4664 3
4659 4655 7
4660 4662 3
4660 4654 5
4661 4659 10
4661 4663 3
4661 4658 10
4661 4667 3
4661 4655 9
4662 4669 5
4662 4668 9
4662 4659 3
4662 4665 3
4663 4670 3
4663 4662 3
4663 4657 10
4664 4669 9
4665 4663 2
4665 4672 1
4665 4659 9
4665 4666 3
4668 4667 1
4668 4675 10
4668 4663 4
4668 4669 6
4668 4666 2
4669 4674 7
4669 4665 8
4669 4671 5
4669 4675 9
4669 4667 8
4670 4667 6
4670 4669 7
4670 4665 10
4670 4666 8
4671 4666 5
4671 4667 7
4671 4676 7
4671 4675 2
4671 4670 1
4672 4670 2
4672 4669 8
4672 4679 7
4672 4666 8
4672 4677 9
4673 4680 10
4673 4677 7
4673 4671 3
4673 4675 1
4674 4676 7
4674 4670 2
4675 4679 9
4675 4672 3
4675 4678 4
4675 4674 6
4676 4681 3
4676 4673 8
4676 4680 1
4677 4674 6
4677 4681 1
4677 4671 6
4678 4672 4
4678 4681 5
4680 4682 2
4680 4678 2
4680 4675 5
4680 4677 8
4680 4684 10
4681 4683 5
4681 4687 1
4681 4675 10
4681 4682 10
4682 4677 1
4682 4675 10
4682 4678 2
4683 4676 5
4683 4677 2
4683 4689 4
4683 4679 2
4683 4687 2
4684 4683 2
4686 4682 6
4686 4680 3
4686 4693 2
4686 4688 3
4687 4688 4
4687 4686 1
4688 4692 5
4688 4694 5
4688 4693 4
4688 4689 1
4689 4692 2
4689 4693 6
4689 4690 2
4689 4696 7
4689 4685 6
4691 4687 8
4691 4684 8
4692 4698 5
4692 4697 9
4692 4690 2
4694 4692 10
4694 4695 8
4694 4701 7
4695 4698 6
4695 4701 3
4695 4693 2
4695 4689 2
4695 4697 7
4696 4700 9
4696 4693 6
4696 4702 4
4696 4698 3
4697 4699 10
4697 4693 9
4697 4703 7
4698 4700 7
4698 4704 9
4698 4697 5
4698 4705 2
4698 4694 5
4699 4706 4
4699 4692 5
4700 4693 7
4700 4705 10
4701 4700 8
4701 4697 5
4701 4708 2
4701 4696 9
4701 4699 9
4702 4707 10
4702 4695 8
4702 4706 5
4703 4705 7
4703 4698 9
4703 4709 2
4703 4696 6
4703 4704 3
4704 4702 5
4704 4705 7
4705 4699 2
4705 4701 7
4706 4701 2
4706 4711 8
4706 4700 3
4707 4703 3
4707 4706 2
4707 4704 6
4709 4704 4
4709 4710 6
4709 4713 4
4709 4716 9
4710 4715 9
4710 4716 3
4711 4713 6
4711 4716 5
4711 4708 10
4711 4710 5
4712 4714 3
4712 4716 8
4712 4705 10
4713 4706 10
4713 4708 7
4714 4721 3
4714 4711 6
4714 4713 10
4714 4719 2
4714 4718 2
4715 4719 10
4715 4714 6
4715 4717 7
4715 4712 5
4716 4713 10
4716 4720 10
4716 4723 1
4717 4714 1
4717 4718 4
4718 4725 7
4718 4719 6
4718 4711 3
4718 4723 2
4719 4717 4
4719 4713 5
4719 4722 5
4720 4713 7
4720 4715 3
4720 4717 10
4720 4722 6
4722 4717 9
4722 4725 9
4722 4715 10
4722 4716 3
4722 4729 10
4723 4729 8
4723 4726 10
4723 4725 5
4723 4722 3
4723 4728 3
4724 4731 4
4724 4723 3
4725 4728 7
4725 4731 5
4725 4729 5
4726 4724 2
4726 4722 4
4726 4731 1
4726 4727 9
4727 4722 2
4727 4724 3
4727 4720 3
4727 4731 1
4728 4724 8
4728 4727 9
4728 4726 1
4729 4733 1
4729 4734 6
4729 4727 8
4729 4735 4
4730 4724 6
4730 4734 7
4730 4725 1
4730 4729 1
4730 4726 3
4732 4738 4
4732 4725 6
4732 4736 7
4732 4733 9
4734 4733 8
4735 4730 5
4736 4733 9
4736 4734 8
4736 4740 7
4736 4737 4
4736 4738 5
4737 4741 7
4737 4740 1
4738 4734 6
4739 4733 2
4739 4740 1
4739 4737 3
4739 4746 4
4741 4744 6
4741 4743 4
4741 4748 3
4741 4742 8
4741 4747 2
4742 4749 2
4742 4746 2
4742 4737 4
4743 4742 1
4743 4745 3
4745 4748 2
4745 4752 6
4745 4749 9
4746 4740 10
4746 4744 10
4746 4745 2
4746 4752 2
4746 4741 6
4747 4744 8
4747 4748 4
4747 4740 7
4748 4746 10
4748 4742 6
4748 4749 10
4748 4754 3
4748 4743 4
4750 4749 8
4750 4752 2
4750 4748 1
4750 4744 1
4750 4754 2
4751 4749 8
4751 4755 10
4752 4749 1
4752 4759 3
4752 4756 2
4752 4757 3
4753 4756 6
4753 4757 5
4754 4751 1
4755 4759 4
4755 4761 9
4755 4753 4
4756 4749 8
4756 4751 2
4756 4754 8
4757 4756 10
4758 4756 10
4758 4753 2
4758 4754 4
4759 4758 9
4759 4760 1
4759 4763 4
4759 4761 9
4760 4754 5
4760 4758 9
4760 4755 2
4760 4764 10
4762 4757 10
4762 4760 6
4762 4765 9
4762 4758 10
4763 4764 2
4763 4758 5
4763 4760 6
4763 4766 5
4764 4770 1
4764 4769 2
4764 4768 10
4765 4758 6
4765 4770 10
4765 4768 9
4765 4772 7
4765 4760 3
4766 4767 5
4766 4773 1
4766 4771 9
4766 4760 3
4766 4761 5
4767 4760 1
4767 4769 8
4767 4761 1
4767 4774 9
4767 4771 7
4768 4762 10
4768 4775 5
4768 4766 10
4768 4771 1
4768 4761 8
4769 4766 9
4770 4763 10
4770 4766 7
4770 4776 6
4770 4769 9
4770 4767 6
4773 4777 6
4773 4779 9
4774 4780 8
4774 4776 5
4774 4768 1
4775 4772 1
4775 4770 4
4775 4774 7
4775 4782 8
4776 4781 1
4776 4769 3
4776 4777 7
4777 4781 1
4777 4770 7
4778 4782 3
4778 4784 4
4778 4781 7
4778 4783 8
4779 4785 6
4779 4782 3
4779 4777 7
4779 4772 8
4780 4787 9
4780 4783 5
4780 4785 3
4781 4784 2
4781 4786 8
4781 4775 7
4781 4787 6
4781 4788 10
4782 4788 7
4782 4785 10
4782 4786 4
4783 4776 3
4783 4790 4
4783 4786 9
4783 4788 10
4783 4781 8
4784 4788 1
4784 4780 2
4784 4777 9
4785 4784 5
4786 4788 10
4786 4793 4
4787 4794 8
4787 4790 4
4788 4794 2
4788 4789 9
4789 4782 6
4789 4792 9
4789 4786 6
4790 4791 1
4790 4786 3
4790 4792 5
4790 4794 7
4792 4787 2
4792 4793 2
4792 4786 5
4793 4790 2
4793 4787 5
4793 4798 10
4793 4797 4
4793 4795 3
4794 4801 3
4795 4802 4
4795 4788 6
4795 4801 10
4795 4797 9
4796 4795 4
4796 4797 8
4796 4799 2
4796 4803 8
4796 4790 7
4797 4802 1
4798 4800 5
4798 4792 3
4798 4805 5
4798 4795 10
4799 4792 6
4799 4803 3
4799 4806 2
4800 4803 5
4800 4802 8
4800 4797 2
4800 4801 8
4800 4804 8
4801 4806 5
4801 4797 4
4801 4799 2
4801 4802 1
4801 4804 9
4802 4796 3
4802 4799 4
4802 4806 1
4803 4798 9
4804 4798 3
4805 4812 5
4805 4807 7
4805 4802 10
4806 4803 6
4806 4804 7
4806 4811 8
4806 4808 2
4807 4813 5
4807 4806 3
4807 4810 4
4807 4808 6
4807 4809 8
4808 4812 2
4808 4805 3
4808 4809 9
4808 4802 10
4808 4811 3
4810 4816 6
4810 4811 5
4810 4806 7
4810 4815 5
4810 4809 10
4812 4816 3
4812 4811 5
4812 4809 8
4813 4810 5
4813 4806 5
4813 4814 10
4813 4809 6
4813 4816 8
4816 4822 9
4818 4811 8
4818 4817 3
4818 4820 3
4819 4814 1
4819 4821 6
4819 4812 3
4819 4815 6
4820 4825 7
4820 4827 5
4821 4816 10
4821 4826 7
4822 4827 7
4823 4824 3
4823 4826 5
4824 4827 2
4825 4827 1
4827 4821 7
4827 4833 6
4827 4831 4
4827 4826 1
4827 4830 6
4828 4834 4
4829 4824 6
4830 4823 1
4830 4836 9
4830 4833 7
4830 4837 8
4830 4828 8
4831 4833 3
4831 4824 2
4831 4836 4
4832 4830 8
4832 4834 4
4832 4827 1
4832 4833 7
4833 4840 7
4835 4840 8
4835 4839 9
4835 4838 8
4835 4829 1
4837 4842 9
4837 4831 1
4837 4835 2
4837 4836 1
4837 4833 9
4838 4840 9
4838 4842 1
4839 4837 10
4839 4840 3
4839 4846 2
4839 4833 10
4839 4841 6
4840 4842 9
4840 4847 10
4840 4846 9
4840 4845 2
4841 4848 8
4841 4845 10
4841 4847 3
4842 4841 2
4843 4842 4
4844 4838 2
4844 4849 6
4845 4850 8
4845 4847 2
4846 4847 10
4846 4851 6
4847 4844 3
4848 4842 10
4849 4846 1
4849 4842 5
4849 4851 3
4850 4851 4
4850 4852 2
4850 4846 5
4851 4853 3
4851 4845 5
4852 4856 3
4852 4857 3
4853 4859 7
4854 4851 7
4854 4858 4
4854 4855 5
4854 4861 3
4854 4850 5
4855 4853 7
4855 4859 4
4856 4855 3
4856 4859 4
4857 4859 7
4857 4858 4
4857 4863 3
4857 4853 3
4858 4853 2
4858 4861 10
4859 4861 10
4859 4864 4
4859 4862 6
4859 4863 4
4862 4858 1
4862 4860 7
4862 4866 7
4862 4861 10
4862 4863 9
4863 4864 7
4863 4860 6
4863 4869 4
4864 4857 3
4864 4871 8
4864 4858 1
4864 4862 3
4864 4869 2
4865 4859 9
4865 4869 1
4865 4864 1
4865 4860 2
4865 4871 4
4866 4868 2
4866 4861 3
4867 4866 6
4867 4872 9
4867 4864 7
4867 4873 10
4867 4869 3
4868 4871 8
4868 4869 6
4869 4876 4
4869 4875 8
4869 4862 3
4869 4870 6
4870 4871 10
4870 4867 10
4870 4865 9
4870 4863 9
4871 4875 10
4871 4876 5
4871 4873 10
4872 4873 5
4873 4877 10
4873 4875 8
4874 4872 10
4874 4869 1
4875 4870 10
4875 4874 1
4876 4874 5
4876 4882 1
4877 4872 1
4877 4876 7
4879 4886 9
4879 4884 7
4879 4883 1
4879 4877 10
4879 4882 6
4880 4874 5
4880 4885 4
4880 4882 2
4880 4878 2
4880 4884 5
4882 4887 2
4882 4877 8
4882 4881 4
4882 4875 10
4882 4884 10
4884 4888 1
4885 4891 6
4885 4892 8
4885 4882 8
4886 4888 4
4886 4892 10
4886 4893 8
4887 4891 5
4887 4881 4
4888 4883 3
4888 4890 1
4889 4891 10
4889 4884 9
4890 4895 6
4890 4887 10
4890 4891 8
4890 4889 1
4893 4887 1
4893 4899 2
4893 4894 4
4893 4897 1
4893 4895 2
4894 4888 3
4895 4902 2
4895 4898 9
4895 4897 8
4896 4892 5
4896 4889 8
4896 4890 7
4896 4901 8
4897 4899 1
4897 4894 3
4897 4904 8
4898 4901 8
4899 4905 6
4899 4901 10
4899 4906 1
4900 4899 8
4900 4902 10
4901 4902 9
4901 4904 3
4901 4894 7
4902 4907 8
4902 4905 2
4902 4908 5
4902 4904 2
4904 4905 9
4904 4909 5
4904 4910 5
4904 4911 3
4908 4911 6
4908 4904 1
4908 4909 4
4909 4902 10
4909 4903 3
4909 4915 9
4909 4910 4
4909 4912 6
4910 4917 5
4910 4908 2
4910 4912 6
4911 4906 7
4911 4912 8
4912 4917 10
4913 4916 8
4913 4917 8
4913 4919 4
4913 4915 4
4914 4918 5
4914 4917 7
4914 4913 3
4914 4921 2
4914 4919 8
4916 4919 8
4916 4915 7
4916 4923 4
4916 4921 1
4917 4922 2
4918 4917 6
4918 4911 9
4918 4915 6
4919 4912 7
4919 4923 5
4919 4917 2
4919 4915 5
4920 4919 2
4920 4913 1
4920 4923 7
4921 4923 8
4921 4924 1
4921 4925 8
4921 4918 6
4922 4920 7
4922 4925 8
4923 4927 3
4923 4930 6
4924 4931 3
4924 4923 5
4924 4917 7
4927 4921 4
4928 4927 5
4928 4932 8
4928 4926 9
4928 4934 10
4928 4930 4
4929 4932 3
4929 4933 7
4929 4931 3
4930 4936 1
4930 4927 8
4930 4932 6
4930 4937 5
4931 4935 10
4931 4932 10
4932 4927 6
4933 4927 5
4933 4926 1
4933 4936 7
4933 4937 1
4933 4928 2
4934 4930 2
4934 4933 3
4934 4937 5
4934 4941 9
4934 4936 7
4935 4929 9
4936 4941 5
4936 4942 5
4936 4929 8
4936 4931 3
4939 4933 2
4939 4938 7
4939 4943 4
4940 4938 4
4940 4934 3
4940 4933 10
4942 4947 6
4943 4945 4
4943 4936 1
4943 4946 1
4943 4942 3
4944 4951 5
4944 4949 4
4944 4937 10
4944 4950 6
4944 4945 9
4945 4949 5
4945 4952 9
4946 4939 3
4946 4952 8
4946 4949 9
4946 4950 6
4947 4953 3
4947 4949 8
4948 4949 1
4949 4943 10
4949 4954 10
4949 4951 9
4950 4956 2
4950 4952 7
4950 4943 1
4950 4953 8
4950 4948 7
4951 4953 3
4951 4948 8
4951 4958 5
4952 4955 2
4952 4951 10
4952 4957 6
4952 4959 1
4953 4959 7
4953 4955 2
4954 4955 9
4954 4961 5
4954 4948 1
4954 4959 1
4954 4952 9
4955 4960 9
4955 4951 3
4955 4956 10
4955 4958 7
4955 4957 5
4956 4962 2
4959 4962 7
4959 4956 5
4959 4957 3
4960 4962 5
4960 4966 9
4961 4965 2
4962 4958 5
4962 4961 4
4962 4957 4
4964 4959 8
4964 4966 6
4964 4970 10
4966 4959 8
4967 4960 4
4967 4974 1
4968 4970 7
4968 4964 2
4968 4965 10
4969 4974 7
4969 4971 9
4970 4976 1
4970 4969 8
4970 4972 4
4970 4966 5
4970 4965 4
4971 4970 5
4971 4966 7
4972 4965 2
4973 4975 2
4973 4980 4
4973 4968 5
4973 4979 2
4974 4980 5
4974 4973 5
4974 4981 10
4974 4975 8
4974 4979 8
4975 4968 8
4975 4977 1
4975 4981 2
4976 4982 9
4976 4975 3
4976 4973 8
4977 4971 3
4977 4982 5
4977 4974 9
4977 4973 10
4978 4983 1
4978 4973 8
4979 4975 3
4979 4985 8
4979 4983 10
4979 4980 5
4980 4978 8
4980 4976 9
4980 4983 2
4980 4977 5
4980 4981 3
4982 4986 5
4982 4987 7
4982 4975 4
4982 4981 6
4983 4987 4
4983 4982 7
4983 4976 5
4983 4986 8
4983 4977 8
4984 4988 5
4984 4983 8
4984 4982 9
4984 4980 8
4984 4986 8
4985 4978 6
4985 4987 7
4987 4986 5
4987 4990 8
4987 4994 10
4987 4993 4
4988 4995 5
4988 4992 10
4988 4990 6
4989 4996 9
4989 4994 1
4989 4993 6
4989 4991 7
4990 4985 9
4990 4989 8
4992 4993 1
4994 4991 3
4994 4999 10
4995 4993 3
4995 5000 8
4996 4998 10
4996 4993 3
4996 4991 7
4996 4990 4
4997 4992 9
4998 5000 1
4998 4997 7
4998 4991 6
4998 4994 7
4998 4995 3
4999 5000 1
4999 4997 4
4999 4995 6
5000 4996 6
5000 4993 7
5000 4997 1
5000 4994 4
